t,x_true,x_est,y_true,y_est,z_true,z_est,vx_true,vx_est,vy_true,vy_est,vz_true,vz_est,phi_true,phi_est,theta_true,theta_est,psi_true,psi_est,p_true,p_est,q_true,q_est,r_true,r_est,x_noisy,y_noisy,z_noisy,phi_noisy,theta_noisy,psi_noisy
0,4.60183,4.59672,4.96252,4.9564,0.313534,0.310929,0,-0.00133863,0,0.00123802,0,0.012783,0.0259383,-0.00724329,-0.00691345,0.000687681,0.0170917,-0.00096786,0,0.0220835,0,-0.0046901,0,-0.000585541,4.60183,4.96252,0.313534,0.0259383,-0.00691345,0.0170917
0.01,4.60183,4.59523,4.9625,4.95625,0.314015,0.311196,-0.00131245,-0.000247136,-0.00512471,0.000674874,0.0962725,0.108066,0.0268294,-0.00676586,-0.00776841,-0.000297558,0.0171605,-0.00156158,0.173505,0.208943,-0.166334,-0.169864,0.0137447,0.0133871,4.60183,4.9625,0.314015,0.0268294,-0.00776841,0.0171605
0.02,4.60181,4.59325,4.96242,4.95463,0.315459,0.312812,-0.00293741,6.50287e-05,-0.010588,8.49366e-05,0.192533,0.20392,0.0293192,-0.0041323,-0.010152,-0.00292976,0.017366,-0.0018968,0.320261,0.367483,-0.306243,-0.309462,0.027323,0.0272537,4.60181,4.96242,0.315459,0.0293192,-0.010152,0.017366
0.03,4.60177,4.59124,4.96228,4.95226,0.317866,0.315116,-0.00514096,-0.000584289,-0.0166805,-0.000851512,0.28877,0.300251,0.0331547,0.000276633,-0.0138146,-0.00694945,0.0177065,-0.00192797,0.443035,0.501217,-0.422552,-0.42546,0.0407344,0.0409753,4.60177,4.96228,0.317866,0.0331547,-0.0138146,0.0177065
0.04,4.6017,4.58899,4.96208,4.94988,0.321235,0.318209,-0.0081439,-0.00222644,-0.0236461,-0.00257784,0.384966,0.396742,0.0381084,0.00608594,-0.0185329,-0.012128,0.0181802,-0.00166675,0.544321,0.612523,-0.517796,-0.520054,0.0539786,0.0544885,4.6017,4.96208,0.321235,0.0381084,-0.0185329,0.0181802
0.05,4.6016,4.58677,4.96181,4.94787,0.325565,0.322333,-0.0121254,-0.00492506,-0.031686,-0.00539201,0.481102,0.493114,0.043977,0.0129605,-0.0241079,-0.0182131,0.0187855,-0.00117332,0.626362,0.703562,-0.594247,-0.595863,0.0670551,0.0677693,4.6016,4.96181,0.325565,0.043977,-0.0241079,0.0187855
0.06,4.60146,4.5849,4.96144,4.94626,0.330857,0.327637,-0.0172281,-0.00876887,-0.0409644,-0.00947908,0.577158,0.589266,0.0505782,0.0206354,-0.0303621,-0.0249726,0.0195207,-0.000506699,0.691182,0.776432,-0.653947,-0.655426,0.0799637,0.0808244,4.60146,4.96144,0.330857,0.0505782,-0.0303621,0.0195207
0.07,4.60125,4.58355,4.96098,4.94496,0.337108,0.33413,-0.0235612,-0.0138487,-0.0516115,-0.0149693,0.673106,0.685205,0.0577493,0.0289085,-0.0371372,-0.0322093,0.0203842,0.000290155,0.740604,0.833043,-0.698728,-0.700809,0.092704,0.0936652,4.60125,4.96098,0.337108,0.0577493,-0.0371372,0.0203842
0.08,4.60098,4.58275,4.96041,4.94389,0.344318,0.341737,-0.0312044,-0.0202498,-0.0637279,-0.0219787,0.768921,0.781049,0.0653445,0.0376268,-0.0442924,-0.0397661,0.0213742,0.0011926,0.776274,0.87509,-0.730244,-0.733586,0.105276,0.106305,4.60098,4.96041,0.344318,0.0653445,-0.0442924,0.0213742
0.09,4.60062,4.58243,4.9597,4.94292,0.352486,0.350345,-0.0402106,-0.0280573,-0.077387,-0.0306253,0.864575,0.877011,0.0732339,0.0466789,-0.0517028,-0.0475259,0.0224891,0.00219184,0.79968,0.904063,-0.749981,-0.754961,0.117679,0.118766,4.60062,4.9597,0.352486,0.0732339,-0.0517028,0.0224891
0.1,4.60017,4.58249,4.95885,4.94198,0.361609,0.359859,-0.0506094,-0.0373607,-0.0926387,-0.0410397,0.960041,0.973342,0.0813017,0.0559791,-0.0592573,-0.0554047,0.0237272,0.00329283,0.812167,0.921262,-0.759282,-0.765913,0.129913,0.131073,4.60017,4.95885,0.361609,0.0813017,-0.0592573,0.0237272
0.11,4.59961,4.58282,4.95784,4.941,0.371686,0.370213,-0.0624094,-0.0482482,-0.109511,-0.0533516,1.05529,1.07023,0.0894449,0.0654546,-0.0668577,-0.0633418,0.0250868,0.00451249,0.814951,0.927865,-0.759358,-0.767351,0.141977,0.143257,4.59961,4.95784,0.371686,0.0894449,-0.0668577,0.0250868
0.12,4.59892,4.58332,4.95666,4.93994,0.382714,0.381386,-0.0756008,-0.0607893,-0.128015,-0.0676603,1.1503,1.16763,0.0975721,0.0750276,-0.0744174,-0.0712853,0.0265662,0.00587523,0.809136,0.925036,-0.751306,-0.760259,0.153873,0.15534,4.59892,4.95666,0.382714,0.0975721,-0.0744174,0.0265662
0.13,4.59809,4.58392,4.95528,4.93876,0.394691,0.393391,-0.0901577,-0.075,-0.148142,-0.0840008,1.24505,1.2652,0.105602,0.0846065,-0.08186,-0.0791835,0.0281637,0.00740838,0.79572,0.914041,-0.736113,-0.745804,0.165599,0.167332,4.59809,4.95528,0.394691,0.105602,-0.08186,0.0281637
0.14,4.59711,4.58454,4.95369,4.93745,0.407614,0.406263,-0.10604,-0.090822,-0.169871,-0.102308,1.33952,1.3622,0.113464,0.0940829,-0.0891188,-0.0869793,0.0298776,0.00913557,0.77561,0.896301,-0.714678,-0.725347,0.177155,0.179226,4.59711,4.95369,0.407614,0.113464,-0.0891188,0.0298776
0.15,4.59596,4.58515,4.95188,4.93602,0.421481,0.420042,-0.123197,-0.108104,-0.193167,-0.122403,1.43371,1.45756,0.121095,0.103343,-0.0961355,-0.0946132,0.0317062,0.0110701,0.749627,0.873339,-0.687807,-0.700347,0.188542,0.191004,4.59596,4.95188,0.421481,0.121095,-0.0961355,0.0317062
0.16,4.59464,4.58569,4.94982,4.93447,0.436288,0.434757,-0.141544,-0.126616,-0.217953,-0.144011,1.52737,1.55005,0.128439,0.112282,-0.102859,-0.10203,0.0336479,0.0132112,0.718682,0.846632,-0.656379,-0.672176,0.19976,0.202642,4.59464,4.94982,0.436288,0.128439,-0.102859,0.0336479
0.17,4.59313,4.58611,4.94751,4.93281,0.452011,0.450419,-0.16056,-0.146077,-0.243567,-0.166808,1.6161,1.63842,0.135465,0.12082,-0.109259,-0.109183,0.0357009,0.0155449,0.686336,0.817451,-0.623606,-0.641951,0.210807,0.214118,4.59313,4.94751,0.452011,0.135465,-0.109259,0.0357009
0.18,4.59143,4.58638,4.94495,4.93101,0.468588,0.467004,-0.179942,-0.166208,-0.269642,-0.190478,1.69825,1.7217,0.142166,0.128909,-0.11533,-0.116039,0.0378635,0.018049,0.653857,0.786733,-0.590594,-0.610435,0.221686,0.225417,4.59143,4.94495,0.468588,0.142166,-0.11533,0.0378635
0.19,4.58953,4.58647,4.94212,4.92905,0.485955,0.484466,-0.199582,-0.186762,-0.296066,-0.214754,1.77407,1.7992,0.148541,0.13653,-0.12107,-0.122574,0.040134,0.020699,0.621112,0.755052,-0.557198,-0.578036,0.232395,0.236532,4.58953,4.94212,0.485955,0.148541,-0.12107,0.040134
0.2,4.58744,4.58634,4.93903,4.92687,0.504049,0.502741,-0.219385,-0.207549,-0.322748,-0.239443,1.84385,1.87062,0.154586,0.143685,-0.126472,-0.128769,0.0425108,0.0234734,0.587946,0.722661,-0.523251,-0.544891,0.242934,0.247465,4.58744,4.93903,0.504049,0.154586,-0.126472,0.0425108
0.21,4.58514,4.58599,4.93566,4.92441,0.522813,0.521754,-0.239265,-0.228438,-0.349602,-0.26442,1.90789,1.93593,0.160298,0.150387,-0.131532,-0.134606,0.0449921,0.0263561,0.554222,0.689588,-0.488606,-0.51096,0.253305,0.258222,4.58514,4.93566,0.522813,0.160298,-0.131532,0.0449921
0.22,4.58265,4.58538,4.93203,4.92165,0.542189,0.541431,-0.259146,-0.249338,-0.37655,-0.289608,1.96647,1.99532,0.165669,0.156653,-0.136242,-0.140068,0.0475763,0.0293367,0.519817,0.655712,-0.453132,-0.476111,0.263506,0.268809,4.58265,4.93203,0.542189,0.165669,-0.136242,0.0475763
0.23,4.57996,4.5845,4.92813,4.91851,0.562125,0.561697,-0.278956,-0.270194,-0.40352,-0.314961,2.01985,2.04906,0.170692,0.162498,-0.140592,-0.145134,0.0502617,0.0324091,0.484629,0.620856,-0.416715,-0.440191,0.273539,0.279232,4.57996,4.92813,0.562125,0.170692,-0.140592,0.0502617
0.24,4.57707,4.58333,4.92396,4.91499,0.582569,0.582484,-0.298631,-0.290963,-0.430447,-0.340443,2.06828,2.09748,0.175358,0.167932,-0.144573,-0.149779,0.0530466,0.0355707,0.448569,0.584834,-0.379259,-0.403061,0.283403,0.289493,4.57707,4.92396,0.582569,0.175358,-0.144573,0.0530466
0.25,4.57399,4.58187,4.91952,4.91107,0.603475,0.603728,-0.318113,-0.311608,-0.457271,-0.366015,2.11202,2.14094,0.17966,0.17296,-0.148173,-0.15398,0.0559292,0.0388201,0.411563,0.547487,-0.340679,-0.36461,0.293098,0.299591,4.57399,4.91952,0.603475,0.17966,-0.148173,0.0559292
0.26,4.57071,4.58009,4.91482,4.90675,0.624795,0.625368,-0.337349,-0.332087,-0.483936,-0.391632,2.15129,2.17975,0.183586,0.177584,-0.151382,-0.157713,0.058908,0.0421563,0.373553,0.5087,-0.300909,-0.324765,0.302626,0.309521,4.57071,4.91482,0.624795,0.183586,-0.151382,0.058908
0.27,4.56724,4.578,4.90985,4.90206,0.646486,0.647349,-0.356291,-0.35236,-0.51039,-0.417238,2.18633,2.21424,0.187127,0.181801,-0.154187,-0.160955,0.0619812,0.0455784,0.334495,0.468412,-0.259894,-0.283488,0.311985,0.319279,4.56724,4.90985,0.646486,0.187127,-0.154187,0.0619812
0.28,4.56359,4.57559,4.90461,4.89701,0.668508,0.669621,-0.374893,-0.372375,-0.536585,-0.442774,2.21734,2.24467,0.190272,0.185606,-0.156576,-0.163684,0.0651471,0.0490851,0.29436,0.42661,-0.217593,-0.240763,0.321178,0.328855,4.56359,4.90461,0.668508,0.190272,-0.156576,0.0651471
0.29,4.55975,4.57287,4.89912,4.89165,0.69082,0.692133,-0.393116,-0.392082,-0.562477,-0.468174,2.24453,2.27131,0.193011,0.188993,-0.158535,-0.165882,0.0684042,0.0526745,0.253131,0.383323,-0.173978,-0.196595,0.330203,0.338245,4.55975,4.89912,0.69082,0.193011,-0.158535,0.0684042
0.3,4.55573,4.56984,4.89336,4.88599,0.713387,0.714841,-0.410923,-0.411424,-0.588025,-0.493369,2.26811,2.29438,0.195331,0.191951,-0.160051,-0.167534,0.0717506,0.0563443,0.210805,0.338618,-0.12903,-0.151005,0.339061,0.347442,4.55573,4.89336,0.713387,0.195331,-0.160051,0.0717506
0.31,4.55153,4.56651,4.88736,4.88007,0.736171,0.737705,-0.428281,-0.430346,-0.613189,-0.518295,2.28826,2.31411,0.197223,0.194473,-0.161111,-0.168627,0.0751848,0.0600922,0.167391,0.292584,-0.0827418,-0.104017,0.347753,0.356442,4.55153,4.88736,0.736171,0.197223,-0.161111,0.0751848
0.32,4.54716,4.56289,4.8811,4.87392,0.759141,0.760688,-0.445158,-0.448791,-0.637933,-0.542886,2.30515,2.33068,0.198676,0.196545,-0.161701,-0.169151,0.0787051,0.0639157,0.122911,0.245327,-0.035114,-0.0556592,0.356279,0.365242,4.54716,4.8811,0.759141,0.198676,-0.161701,0.0787051
0.33,4.54263,4.559,4.8746,4.86755,0.782264,0.783756,-0.461526,-0.466707,-0.662223,-0.567086,2.31898,2.34426,0.199678,0.198159,-0.161809,-0.169098,0.0823099,0.0678125,0.0773994,0.19696,0.0138446,-0.00595972,0.36464,0.373842,4.54263,4.8746,0.782264,0.199678,-0.161809,0.0823099
0.34,4.53793,4.55485,4.86786,4.86099,0.805511,0.806881,-0.47736,-0.484043,-0.686027,-0.590843,2.32989,2.35501,0.20022,0.199302,-0.16142,-0.168462,0.0859974,0.0717805,0.0309004,0.147596,0.0641185,0.0450562,0.372836,0.382245,4.53793,4.86786,0.805511,0.20022,-0.16142,0.0859974
0.35,4.53308,4.55046,4.86088,4.85423,0.828853,0.830038,-0.492635,-0.500754,-0.709313,-0.614113,2.33806,2.36307,0.200293,0.199965,-0.160522,-0.167242,0.089766,0.0758182,-0.0165299,0.0973476,0.115687,0.0973662,0.380867,0.390452,4.53308,4.86088,0.828853,0.200293,-0.160522,0.089766
0.36,4.52808,4.54585,4.85367,4.84729,0.852263,0.853209,-0.50733,-0.5168,-0.732055,-0.636858,2.34363,2.36857,0.199887,0.200138,-0.159102,-0.165435,0.0936142,0.0799245,-0.0648248,0.046318,0.168526,0.150949,0.388734,0.398471,4.52808,4.85367,0.852263,0.199887,-0.159102,0.0936142
0.37,4.52294,4.54102,4.84624,4.84018,0.875717,0.876375,-0.521424,-0.532144,-0.754222,-0.659049,2.34674,2.37163,0.198994,0.199813,-0.157147,-0.163043,0.0975402,0.0840985,-0.113908,-0.00539879,0.222606,0.205788,0.396438,0.406307,4.52294,4.84624,0.875717,0.198994,-0.157147,0.0975402
0.38,4.51766,4.536,4.83859,4.83289,0.89919,0.899525,-0.534898,-0.546756,-0.775791,-0.680661,2.34755,2.37237,0.197606,0.198984,-0.154646,-0.160068,0.101542,0.0883396,-0.163693,-0.0577123,0.277896,0.261861,0.40398,0.413967,4.51766,4.83859,0.89919,0.197606,-0.154646,0.101542
0.39,4.51224,4.5308,4.83073,4.82541,0.922661,0.922648,-0.547734,-0.560615,-0.796734,-0.701673,2.34618,2.37089,0.195718,0.197645,-0.151586,-0.156514,0.105619,0.0926471,-0.214085,-0.110541,0.334367,0.319146,0.411358,0.42146,4.51224,4.83073,0.922661,0.195718,-0.151586,0.105619
0.4,4.5067,4.52543,4.82266,4.81776,0.946107,0.945736,-0.559915,-0.573699,-0.817029,-0.722071,2.34275,2.36729,0.193323,0.195797,-0.147955,-0.152386,0.109769,0.0970202,-0.264979,-0.163805,0.391985,0.37761,0.418576,0.428794,4.5067,4.82266,0.946107,0.193323,-0.147955,0.109769
0.41,4.50105,4.51992,4.81439,4.80993,0.969509,0.96878,-0.571425,-0.585997,-0.836651,-0.741844,2.3374,2.36167,0.190417,0.193439,-0.143742,-0.147694,0.11399,0.101458,-0.316265,-0.217425,0.45072,0.437212,0.425632,0.435976,4.50105,4.81439,0.969509,0.190417,-0.143742,0.11399
0.42,4.49528,4.51426,4.80593,4.80191,0.992849,0.991773,-0.582249,-0.5975,-0.855578,-0.760984,2.33023,2.35414,0.186997,0.190575,-0.138937,-0.142444,0.118281,0.105959,-0.36782,-0.27132,0.51054,0.497901,0.432528,0.443015,4.49528,4.80593,0.992849,0.186997,-0.138937,0.118281
0.43,4.4894,4.50848,4.79728,4.79371,1.01611,1.01471,-0.592371,-0.608205,-0.873788,-0.779483,2.32135,2.34479,0.18306,0.187211,-0.133528,-0.136648,0.12264,0.11052,-0.419518,-0.325399,0.571416,0.559607,0.439264,0.449917,4.4894,4.79728,1.01611,0.18306,-0.133528,0.12264
0.44,4.48343,4.50258,4.78845,4.78535,1.03927,1.03757,-0.601778,-0.61811,-0.891259,-0.797333,2.31089,2.33374,0.178606,0.183359,-0.127505,-0.130316,0.127066,0.11514,-0.471223,-0.379565,0.633321,0.62225,0.445841,0.456686,4.48343,4.78845,1.03927,0.178606,-0.127505,0.127066
0.45,4.47737,4.49658,4.77946,4.77682,1.06232,1.06036,-0.610453,-0.62722,-0.90797,-0.814532,2.29892,2.32109,0.173636,0.179029,-0.120858,-0.123457,0.131557,0.119813,-0.522793,-0.433707,0.696229,0.685739,0.452261,0.463328,4.47737,4.77946,1.06232,0.173636,-0.120858,0.131557
0.46,4.47123,4.49048,4.7703,4.76815,1.08524,1.08307,-0.618383,-0.635539,-0.9239,-0.831075,2.28556,2.30695,0.168152,0.174232,-0.113577,-0.116079,0.136111,0.124539,-0.574081,-0.487708,0.760114,0.749988,0.458522,0.469845,4.47123,4.7703,1.08524,0.168152,-0.113577,0.136111
0.47,4.46501,4.48428,4.76098,4.75935,1.10803,1.10568,-0.625552,-0.643074,-0.939028,-0.846959,2.2709,2.29145,0.162156,0.168979,-0.105653,-0.108181,0.140726,0.129312,-0.624931,-0.541436,0.824954,0.814927,0.464627,0.476238,4.46501,4.76098,1.10803,0.162156,-0.105653,0.140726
0.48,4.45872,4.47799,4.75152,4.75043,1.13066,1.12819,-0.631946,-0.64983,-0.953333,-0.862184,2.25501,2.27468,0.155655,0.163274,-0.097075,-0.0997548,0.145403,0.134135,-0.675181,-0.594752,0.890724,0.880534,0.470576,0.482504,4.45872,4.75152,1.13066,0.155655,-0.097075,0.145403
0.49,4.45237,4.47162,4.74192,4.74139,1.15312,1.15062,-0.637549,-0.655816,-0.966795,-0.87675,2.23799,2.25679,0.148655,0.157111,-0.0878351,-0.0907739,0.150137,0.139008,-0.724665,-0.647511,0.9574,0.94687,0.47637,0.488643,4.45237,4.74192,1.15312,0.148655,-0.0878351,0.150137
0.5,4.44597,4.46515,4.73219,4.73224,1.17541,1.17295,-0.642344,-0.661032,-0.979392,-0.890659,2.21992,2.23786,0.141165,0.15047,-0.077924,-0.0811892,0.154929,0.143943,-0.77321,-0.699557,1.02496,1.01412,0.482009,0.494648,4.44597,4.73219,1.17541,0.141165,-0.077924,0.154929
0.51,4.43953,4.45861,4.72233,4.72294,1.19752,1.19521,-0.646315,-0.665483,-0.991105,-0.903908,2.20087,2.21802,0.133195,0.143313,-0.0673332,-0.0709261,0.159777,0.148952,-0.820638,-0.750705,1.09336,1.08261,0.487495,0.500511,4.43953,4.72233,1.19752,0.133195,-0.0673332,0.159777
0.52,4.43305,4.45199,4.71237,4.71345,1.21943,1.2174,-0.649444,-0.66917,-1.00191,-0.916475,2.18092,2.1974,0.124756,0.13559,-0.0560542,-0.0598867,0.164679,0.154057,-0.866765,-0.800714,1.16257,1.15268,0.492829,0.506222,4.43305,4.71237,1.21943,0.124756,-0.0560542,0.164679
0.53,4.42654,4.44533,4.7023,4.70374,1.24114,1.23947,-0.651712,-0.672095,-1.01179,-0.92831,2.16013,2.17615,0.115864,0.127254,-0.0440792,-0.0479729,0.169633,0.15928,-0.911403,-0.84925,1.23255,1.22447,0.49801,0.511765,4.42654,4.7023,1.24114,0.115864,-0.0440792,0.169633
0.54,4.42001,4.43865,4.69213,4.69378,1.26263,1.26138,-0.653099,-0.674251,-1.02071,-0.939307,2.13857,2.15442,0.106534,0.118285,-0.0314007,-0.0351238,0.174639,0.164633,-0.954357,-0.895874,1.30324,1.29733,0.503041,0.517125,4.42001,4.69213,1.26263,0.106534,-0.0314007,0.174639
0.55,4.41348,4.43202,4.68189,4.68358,1.2839,1.28304,-0.653585,-0.675613,-1.02866,-0.949306,2.11631,2.13233,0.0967833,0.108713,-0.0180123,-0.0213598,0.179694,0.170119,-0.995431,-0.940116,1.37453,1.36919,0.507921,0.522298,4.41348,4.68189,1.2839,0.0967833,-0.0180123,0.179694
0.56,4.40695,4.42545,4.67156,4.67318,1.30495,1.30444,-0.653148,-0.676111,-1.03562,-0.958127,2.0934,2.10984,0.0866322,0.098605,-0.00393284,-0.00679443,0.184796,0.175724,-1.03442,-0.981651,1.43906,1.4364,0.512653,0.527295,4.40695,4.67156,1.30495,0.0866322,-0.00393284,0.184796
0.57,4.40042,4.41897,4.66118,4.66264,1.32577,1.32561,-0.651769,-0.675644,-1.04155,-0.96562,2.0699,2.08678,0.0761025,0.0880442,0.0107189,0.00839462,0.189946,0.181429,-1.07113,-1.0204,1.48888,1.49469,0.517236,0.53215,4.40042,4.66118,1.32577,0.0761025,0.0107189,0.189946
0.58,4.39391,4.41255,4.65074,4.65204,1.34635,1.3466,-0.649441,-0.674123,-1.04644,-0.971725,2.04586,2.06298,0.065218,0.0771048,0.0258006,0.0240104,0.195141,0.187211,-1.10534,-1.05644,1.52537,1.54083,0.521672,0.536891,4.39391,4.65074,1.34635,0.065218,0.0258006,0.195141
0.59,4.38743,4.40619,4.64025,4.6414,1.36669,1.36743,-0.646163,-0.671519,-1.05027,-0.976464,2.02135,2.0384,0.0540047,0.0658597,0.0411872,0.0398607,0.200379,0.193044,-1.13686,-1.0897,1.55012,1.57375,0.525962,0.54153,4.38743,4.64025,1.36669,0.0540047,0.0411872,0.200379
0.6,4.38099,4.39986,4.62974,4.63078,1.38677,1.38802,-0.641939,-0.667876,-1.05301,-0.979904,1.99639,2.01316,0.0424905,0.0543795,0.0567685,0.0557817,0.205659,0.198901,-1.16547,-1.11994,1.56455,1.59431,0.530106,0.546053,4.38099,4.62974,1.38677,0.0424905,0.0567685,0.205659
0.61,4.3746,4.39357,4.6192,4.62021,1.40661,1.40829,-0.636782,-0.663263,-1.05465,-0.982114,1.97105,1.98744,0.0307056,0.0427179,0.0724481,0.0716603,0.210981,0.204763,-1.19099,-1.14681,1.56994,1.60427,0.534107,0.550435,4.3746,4.6192,1.40661,0.0307056,0.0724481,0.210981
0.62,4.36826,4.38733,4.60865,4.60969,1.42619,1.42822,-0.630708,-0.657745,-1.05517,-0.98315,1.94536,1.96139,0.0186816,0.0309001,0.0881412,0.0874414,0.216341,0.210625,-1.21324,-1.17002,1.56746,1.60544,0.537964,0.554657,4.36826,4.60865,1.42619,0.0186816,0.0881412,0.216341
0.63,4.36199,4.38117,4.5981,4.59922,1.44552,1.4478,-0.623735,-0.651357,-1.05455,-0.983043,1.91937,1.93511,0.00645228,0.0189299,0.103774,0.103108,0.221739,0.216487,-1.23203,-1.1894,1.55813,1.59926,0.541678,0.558704,4.36199,4.5981,1.44552,0.00645228,0.103774,0.221739
0.64,4.35579,4.37511,4.58756,4.58882,1.46458,1.46703,-0.615886,-0.644109,-1.05278,-0.981809,1.89312,1.90861,-0.00594705,0.00680581,0.119284,0.118658,0.227174,0.222357,-1.24722,-1.20488,1.5429,1.58684,0.545252,0.562569,4.35579,4.58756,1.46458,-0.00594705,0.119284,0.227174
0.65,4.34967,4.36917,4.57704,4.57846,1.48338,1.48596,-0.607185,-0.636003,-1.04984,-0.979449,1.86664,1.88194,-0.0184796,-0.0054681,0.134616,0.134085,0.232644,0.228239,-1.25866,-1.21643,1.52261,1.56899,0.548685,0.566249,4.34967,4.57704,1.48338,-0.0184796,0.134616,0.232644
0.66,4.34365,4.36336,4.56657,4.56815,1.50191,1.50459,-0.597659,-0.62704,-1.04571,-0.975951,1.83997,1.8551,-0.0311073,-0.0178756,0.149722,0.149372,0.238147,0.234133,-1.26623,-1.22403,1.49801,1.54643,0.551979,0.569744,4.34365,4.56657,1.50191,-0.0311073,0.149722,0.238147
0.67,4.33772,4.35771,4.55613,4.5579,1.52018,1.52293,-0.587336,-0.617229,-1.04039,-0.971293,1.81315,1.82813,-0.0437909,-0.0303877,0.164564,0.164487,0.243683,0.240037,-1.26984,-1.22767,1.46978,1.51978,0.555136,0.573054,4.33772,4.55613,1.52018,-0.0437909,0.164564,0.243683
0.68,4.3319,4.35223,4.54576,4.54771,1.53818,1.54097,-0.576244,-0.60659,-1.03386,-0.965448,1.7862,1.80108,-0.0564905,-0.0429669,0.179108,0.179393,0.24925,0.245946,-1.26941,-1.22732,1.43852,1.48963,0.558155,0.57618,4.3319,4.54576,1.53818,-0.0564905,0.179108,0.24925
0.69,4.3262,4.34692,4.53546,4.53759,1.5559,1.5587,-0.564413,-0.595149,-1.02612,-0.958388,1.75916,1.77397,-0.0691655,-0.0555686,0.193326,0.194051,0.254846,0.251856,-1.2649,-1.22296,1.40477,1.45654,0.561038,0.579126,4.3262,4.53546,1.5559,-0.0691655,0.193326,0.254846
0.7,4.32062,4.3418,4.52524,4.52755,1.57336,1.57612,-0.551873,-0.582941,-1.01715,-0.950083,1.73204,1.74686,-0.0817749,-0.0681451,0.207196,0.208417,0.26047,0.25776,-1.2563,-1.21457,1.369,1.42103,0.563787,0.581894,4.32062,4.52524,1.57336,-0.0817749,0.207196,0.26047
0.71,4.31517,4.33687,4.51512,4.51761,1.59054,1.59321,-0.538655,-0.570004,-1.00695,-0.94051,1.70489,1.71979,-0.0942778,-0.0806459,0.220701,0.222455,0.266121,0.263655,-1.2436,-1.20216,1.33165,1.3836,0.566401,0.58449,4.31517,4.51512,1.59054,-0.0942778,0.220701,0.266121
0.72,4.30985,4.33211,4.50511,4.50778,1.60746,1.60997,-0.524788,-0.556375,-0.995509,-0.929654,1.67773,1.69278,-0.106633,-0.0930208,0.233825,0.23613,0.271798,0.269537,-1.22685,-1.18575,1.2931,1.34467,0.568884,0.586918,4.30985,4.50511,1.60746,-0.106633,0.233825,0.271798
0.73,4.30467,4.32753,4.49522,4.49809,1.6241,1.62641,-0.510305,-0.542092,-0.982835,-0.917507,1.65058,1.66587,-0.118802,-0.105219,0.24656,0.249413,0.277498,0.275403,-1.20612,-1.1654,1.25367,1.30464,0.571235,0.589187,4.30467,4.49522,1.6241,-0.118802,0.24656,0.277498
0.74,4.29964,4.32311,4.48546,4.48855,1.64047,1.64252,-0.495233,-0.527192,-0.968925,-0.904073,1.62345,1.63906,-0.130743,-0.117192,0.258897,0.262281,0.283222,0.281253,-1.18149,-1.14122,1.21366,1.26386,0.573455,0.591302,4.29964,4.48546,1.64047,-0.130743,0.258897,0.283222
0.75,4.29477,4.31884,4.47584,4.4792,1.65657,1.65832,-0.479603,-0.511707,-0.953781,-0.889362,1.59638,1.61239,-0.142419,-0.128893,0.270832,0.274718,0.288967,0.287086,-1.15309,-1.11331,1.17333,1.22262,0.575547,0.593272,4.29477,4.47584,1.65657,-0.142419,0.270832,0.288967
0.76,4.29005,4.31471,4.46639,4.47005,1.6724,1.67381,-0.463443,-0.49567,-0.937408,-0.87339,1.56939,1.58585,-0.153793,-0.140279,0.282363,0.286712,0.294732,0.292906,-1.12105,-1.08185,1.13291,1.18118,0.577511,0.595104,4.29005,4.46639,1.6724,-0.153793,0.282363,0.294732
0.77,4.2855,4.31069,4.4571,4.46112,1.68796,1.689,-0.446782,-0.479105,-0.919816,-0.856177,1.54248,1.55944,-0.164828,-0.15131,0.29349,0.29826,0.300517,0.298713,-1.08554,-1.04699,1.09259,1.13977,0.579348,0.596804,4.2855,4.4571,1.68796,-0.164828,0.29349,0.300517
0.78,4.28112,4.30679,4.44799,4.45242,1.70325,1.70392,-0.429647,-0.46204,-0.901014,-0.837747,1.51569,1.53318,-0.175492,-0.161951,0.304216,0.30936,0.306319,0.304513,-1.04674,-1.00893,1.05254,1.09857,0.581059,0.598381,4.28112,4.44799,1.70325,-0.175492,0.304216,0.306319
0.79,4.27691,4.30299,4.43908,4.44397,1.71827,1.71857,-0.412064,-0.444493,-0.881016,-0.818117,1.48902,1.50705,-0.185753,-0.17217,0.314543,0.320018,0.312138,0.310311,-1.00485,-0.967861,1.01292,1.05774,0.582646,0.599839,4.27691,4.43908,1.71827,-0.185753,0.314543,0.312138
0.8,4.27288,4.29929,4.43038,4.43578,1.73303,1.73297,-0.394058,-0.426487,-0.85984,-0.797314,1.46249,1.48106,-0.19558,-0.18194,0.324476,0.330242,0.317971,0.316113,-0.9601,-0.923995,0.97384,1.01742,0.58411,0.601182,4.27288,4.43038,1.73303,-0.19558,0.324476,0.317971
0.81,4.26903,4.29567,4.42189,4.42784,1.74752,1.74713,-0.375654,-0.40804,-0.837505,-0.775353,1.43611,1.4552,-0.204946,-0.191236,0.334022,0.340042,0.323819,0.321923,-0.912701,-0.877536,0.935416,0.977712,0.585451,0.602416,4.26903,4.42189,1.74752,-0.204946,0.334022,0.323819
0.82,4.26537,4.29215,4.41363,4.42017,1.76175,1.76105,-0.356872,-0.38917,-0.814034,-0.752261,1.40991,1.42948,-0.213826,-0.200034,0.343187,0.349431,0.32968,0.327748,-0.862896,-0.8287,0.897737,0.938718,0.586673,0.603542,4.26537,4.41363,1.76175,-0.213826,0.343187,0.32968
0.83,4.26189,4.28871,4.40561,4.41276,1.77572,1.77475,-0.337736,-0.369892,-0.789451,-0.728059,1.38388,1.4039,-0.222197,-0.208314,0.351979,0.358419,0.335552,0.333592,-0.810927,-0.777706,0.860876,0.900517,0.587774,0.604562,4.26189,4.40561,1.77572,-0.222197,0.351979,0.335552
0.84,4.25861,4.28538,4.39785,4.40561,1.78943,1.78822,-0.318264,-0.350224,-0.763785,-0.702774,1.35805,1.37847,-0.230038,-0.216056,0.360407,0.36702,0.341435,0.33946,-0.757041,-0.724776,0.824897,0.863178,0.588757,0.605476,4.25861,4.39785,1.78943,-0.230038,0.360407,0.341435
0.85,4.25553,4.28215,4.39034,4.39874,1.80288,1.80147,-0.298473,-0.330183,-0.737068,-0.676439,1.33242,1.3532,-0.237332,-0.223242,0.36848,0.375245,0.347327,0.345354,-0.701485,-0.670141,0.789848,0.826757,0.589623,0.606285,4.25553,4.39034,1.80288,-0.237332,0.36848,0.347327
0.86,4.25265,4.27903,4.38311,4.39213,1.81608,1.81449,-0.278382,-0.309786,-0.709332,-0.64909,1.307,1.3281,-0.244063,-0.229854,0.376207,0.383107,0.353227,0.351275,-0.644505,-0.614042,0.755767,0.791308,0.590374,0.606987,4.25265,4.38311,1.81608,-0.244063,0.376207,0.353227
0.87,4.24996,4.27604,4.37616,4.3858,1.82902,1.82729,-0.258005,-0.289047,-0.680613,-0.620769,1.2818,1.30319,-0.250218,-0.235879,0.383599,0.390618,0.359134,0.357225,-0.586344,-0.556717,0.722685,0.756867,0.591009,0.607581,4.24996,4.37616,1.82902,-0.250218,0.383599,0.359134
0.88,4.24749,4.27318,4.3695,4.37974,1.84171,1.83985,-0.237354,-0.267983,-0.65095,-0.591522,1.25684,1.27848,-0.255787,-0.241303,0.390664,0.397788,0.365047,0.363202,-0.527241,-0.498409,0.690621,0.723468,0.591532,0.608067,4.24749,4.3695,1.84171,-0.255787,0.390664,0.365047
0.89,4.24522,4.27047,4.36314,4.37397,1.85416,1.85217,-0.216441,-0.246606,-0.620383,-0.5614,1.23211,1.25399,-0.260761,-0.246116,0.397415,0.404631,0.370965,0.369206,-0.467424,-0.439359,0.65959,0.691135,0.591942,0.608444,4.24522,4.36314,1.85416,-0.260761,0.397415,0.370965
0.9,4.24316,4.26791,4.35709,4.36848,1.86636,1.86425,-0.195276,-0.224928,-0.588955,-0.530456,1.20763,1.22973,-0.265134,-0.25031,0.40386,0.411156,0.376886,0.375233,-0.407116,-0.379801,0.629598,0.659884,0.592242,0.60871,4.24316,4.35709,1.86636,-0.265134,0.40386,0.376886
0.91,4.24131,4.26552,4.35136,4.36328,1.87831,1.87609,-0.173867,-0.202961,-0.556711,-0.498742,1.18339,1.20572,-0.268902,-0.25388,0.41001,0.417377,0.382809,0.381281,-0.346531,-0.319958,0.600646,0.629722,0.592432,0.608865,4.24131,4.35136,1.87831,-0.268902,0.41001,0.382809
0.92,4.23968,4.2633,4.34596,4.35837,1.89003,1.88769,-0.152221,-0.180711,-0.523695,-0.466312,1.15942,1.18195,-0.272064,-0.256823,0.415876,0.423305,0.388734,0.387349,-0.285869,-0.260046,0.572732,0.600651,0.592514,0.608908,4.23968,4.34596,1.89003,-0.272064,0.415876,0.388734
0.93,4.23827,4.26127,4.34089,4.35376,1.9015,1.89904,-0.130341,-0.158186,-0.489955,-0.433218,1.13571,1.15844,-0.27462,-0.259138,0.421468,0.428951,0.394659,0.393432,-0.225321,-0.200259,0.545846,0.572666,0.592488,0.608839,4.23827,4.34089,1.9015,-0.27462,0.421468,0.394659
0.94,4.23708,4.25944,4.33616,4.34946,1.91274,1.91014,-0.108232,-0.135389,-0.455539,-0.39951,1.11226,1.13519,-0.276571,-0.260827,0.426796,0.434327,0.400583,0.399528,-0.165067,-0.140775,0.519978,0.545756,0.592357,0.608657,4.23708,4.33616,1.91274,-0.276571,0.426796,0.400583
0.95,4.2361,4.25781,4.33178,4.34546,1.92375,1.92101,-0.0858936,-0.112323,-0.420498,-0.365233,1.08909,1.11221,-0.277923,-0.261894,0.431871,0.439443,0.406506,0.405636,-0.105273,-0.0817529,0.495113,0.519906,0.592122,0.608362,4.2361,4.33178,1.92375,-0.277923,0.431871,0.406506
0.96,4.23536,4.25639,4.32776,4.34178,1.93452,1.93164,-0.063327,-0.0889874,-0.384879,-0.330434,1.06619,1.08948,-0.278679,-0.262344,0.436702,0.444311,0.412425,0.411753,-0.0460937,-0.0233389,0.471234,0.495096,0.591783,0.607954,4.23536,4.32776,1.93452,-0.278679,0.436702,0.412425
0.97,4.23484,4.2552,4.32409,4.33842,1.94507,1.94203,-0.0405303,-0.0653831,-0.348735,-0.295152,1.04357,1.06702,-0.278847,-0.262185,0.441299,0.44894,0.418341,0.417878,0.0123273,0.0343421,0.44832,0.471304,0.591343,0.607432,4.23484,4.32409,1.94507,-0.278847,0.441299,0.418341
0.98,4.23455,4.25424,4.32078,4.33539,1.9554,1.9522,-0.0175006,-0.0415061,-0.312115,-0.259429,1.02123,1.04482,-0.278435,-0.261425,0.445672,0.453339,0.424252,0.424008,0.0698593,0.0911762,0.42635,0.448505,0.590802,0.606798,4.23455,4.32078,1.9554,-0.278435,0.445672,0.424252
0.99,4.23449,4.25352,4.31785,4.33269,1.9655,1.96214,0.00576618,-0.0173539,-0.275071,-0.223306,0.999169,1.02287,-0.277453,-0.260073,0.449829,0.457518,0.430157,0.430144,0.126383,0.147063,0.405302,0.426669,0.590162,0.606049,4.23449,4.31785,1.9655,-0.277453,0.449829,0.430157
1,4.23466,4.25305,4.31528,4.33032,1.97538,1.97186,0.0292757,0.00707823,-0.237652,-0.18682,0.977399,1.00117,-0.275911,-0.258142,0.453781,0.461483,0.436055,0.436282,0.18179,0.201911,0.385152,0.40577,0.589424,0.605187,4.23466,4.31528,1.97538,-0.275911,0.453781,0.436055
1.01,4.23508,4.25283,4.3131,4.32831,1.98505,1.98136,0.0530344,0.0317968,-0.199909,-0.150013,0.955916,0.979737,-0.273821,-0.255644,0.457535,0.465243,0.441945,0.442423,0.235982,0.255639,0.365873,0.385776,0.588589,0.60421,4.23508,4.3131,1.98505,-0.273821,0.457535,0.441945
1.02,4.23573,4.25288,4.31129,4.32665,1.9945,1.99065,0.0770501,0.0568053,-0.161892,-0.11293,0.934721,0.958556,-0.271196,-0.252594,0.461101,0.468802,0.447826,0.448564,0.288873,0.308167,0.347441,0.366658,0.587659,0.603119,4.23573,4.31129,1.9945,-0.271196,0.461101,0.447826
1.03,4.23662,4.2532,4.30986,4.32535,2.00374,1.99972,0.101332,0.0821103,-0.123648,-0.0756165,0.913817,0.937633,-0.268049,-0.249008,0.464487,0.472168,0.453698,0.454704,0.340383,0.359419,0.329829,0.348385,0.586635,0.601914,4.23662,4.30986,2.00374,-0.268049,0.464487,0.453698
1.04,4.23775,4.25379,4.30881,4.32441,2.01278,2.00858,0.125888,0.107717,-0.0852271,-0.0381216,0.893202,0.916972,-0.264393,-0.244903,0.4677,0.475344,0.459559,0.46084,0.390443,0.409326,0.31301,0.330924,0.585518,0.600595,4.23775,4.30881,2.01278,-0.264393,0.4677,0.459559
1.05,4.23914,4.25466,4.30815,4.32385,2.02161,2.01723,0.150731,0.133632,-0.046675,-0.000497967,0.872879,0.896581,-0.260245,-0.240301,0.470749,0.478335,0.465408,0.46697,0.438992,0.457818,0.296958,0.314243,0.584309,0.599163,4.23914,4.30815,2.02161,-0.260245,0.470749,0.465408
1.06,4.24077,4.25582,4.30788,4.32366,2.03024,2.02567,0.17587,0.15986,-0.00803785,0.0371971,0.852846,0.876466,-0.255619,-0.235222,0.473642,0.481145,0.471244,0.47309,0.485976,0.504825,0.281645,0.298308,0.583011,0.597618,4.24077,4.30788,2.03024,-0.255619,0.473642,0.471244
1.07,4.24266,4.25725,4.30799,4.32386,2.03866,2.03389,0.201317,0.186406,0.0306399,0.0749046,0.833104,0.856634,-0.250531,-0.229691,0.476385,0.483779,0.477068,0.479198,0.531347,0.550282,0.267046,0.283085,0.581624,0.595962,4.24266,4.30799,2.03866,-0.250531,0.476385,0.477068
1.08,4.2448,4.25897,4.30849,4.32444,2.0469,2.0419,0.227086,0.213274,0.0693152,0.112564,0.813653,0.837096,-0.244997,-0.223732,0.478985,0.48624,0.482877,0.485291,0.575065,0.594126,0.253134,0.268543,0.580149,0.594196,4.2448,4.30849,2.0469,-0.244997,0.478985,0.482877
1.09,4.2472,4.26097,4.30938,4.3254,2.05494,2.0497,0.253189,0.240469,0.107946,0.150114,0.794491,0.817858,-0.239035,-0.217371,0.481449,0.488533,0.48867,0.491364,0.617094,0.636295,0.239882,0.254645,0.578588,0.592321,4.2472,4.30938,2.05494,-0.239035,0.481449,0.48867
1.1,4.24986,4.26326,4.31065,4.32675,2.06279,2.05728,0.279638,0.267995,0.146493,0.187494,0.775618,0.798927,-0.232661,-0.210635,0.483785,0.490661,0.494448,0.497414,0.657403,0.676737,0.227265,0.241359,0.576942,0.590342,4.24986,4.31065,2.06279,-0.232661,0.483785,0.494448
1.11,4.25279,4.26582,4.31231,4.32848,2.07045,2.06464,0.306448,0.295857,0.184916,0.224648,0.757034,0.780308,-0.225893,-0.203552,0.485997,0.49263,0.500209,0.503439,0.695966,0.715402,0.215257,0.228654,0.575212,0.58826,4.25279,4.31231,2.07045,-0.225893,0.485997,0.500209
1.12,4.25599,4.26866,4.31435,4.3306,2.07793,2.07179,0.333632,0.324061,0.22318,0.261522,0.738736,0.762,-0.218748,-0.196147,0.488092,0.494447,0.505952,0.509435,0.732761,0.752247,0.203834,0.216503,0.5734,0.586079,4.25599,4.31435,2.07793,-0.218748,0.488092,0.505952
1.13,4.25947,4.27177,4.31677,4.33309,2.08523,2.07873,0.361205,0.352619,0.261248,0.298072,0.720723,0.744003,-0.211243,-0.188445,0.490075,0.496119,0.511677,0.5154,0.767767,0.787242,0.192972,0.204881,0.571508,0.583804,4.25947,4.31677,2.08523,-0.211243,0.490075,0.511677
1.14,4.26322,4.27515,4.31957,4.33595,2.09235,2.08547,0.38918,0.381537,0.299088,0.334259,0.702994,0.72631,-0.203398,-0.18047,0.491953,0.497655,0.517382,0.521333,0.80097,0.820358,0.182647,0.193776,0.569535,0.581437,4.26322,4.31957,2.09235,-0.203398,0.491953,0.517382
1.15,4.26725,4.2788,4.32275,4.33918,2.09929,2.09201,0.417572,0.410834,0.336667,0.370057,0.685547,0.708911,-0.19523,-0.172242,0.49373,0.499066,0.523067,0.527234,0.832354,0.851574,0.172836,0.183183,0.567484,0.578985,4.26725,4.32275,2.09929,-0.19523,0.49373,0.523067
1.16,4.27157,4.28272,4.32631,4.34277,2.10606,2.09836,0.446394,0.440534,0.373956,0.405449,0.66838,0.69179,-0.186757,-0.163777,0.495411,0.500365,0.528731,0.533103,0.861908,0.880882,0.163517,0.173112,0.565356,0.576451,4.27157,4.32631,2.10606,-0.186757,0.495411,0.528731
1.17,4.27618,4.28691,4.33023,4.34672,2.11266,2.10454,0.475662,0.470662,0.410926,0.440431,0.651492,0.674929,-0.177998,-0.155088,0.497002,0.501569,0.534374,0.538941,0.889621,0.908272,0.154668,0.163589,0.563153,0.57384,4.27618,4.33023,2.11266,-0.177998,0.497002,0.534374
1.18,4.28109,4.29138,4.33452,4.35104,2.11909,2.11057,0.505388,0.501254,0.44755,0.47501,0.634879,0.658308,-0.168971,-0.146183,0.498506,0.502696,0.539994,0.54475,0.915485,0.933744,0.146268,0.154662,0.560874,0.571159,4.28109,4.33452,2.11909,-0.168971,0.498506,0.539994
1.19,4.28629,4.29613,4.33918,4.35573,2.12536,2.11645,0.535586,0.532346,0.483804,0.509197,0.61854,0.64191,-0.159695,-0.137069,0.499929,0.503768,0.545591,0.550531,0.939494,0.957297,0.138297,0.146396,0.558523,0.568413,4.28629,4.33918,2.12536,-0.159695,0.499929,0.545591
1.2,4.2918,4.30119,4.3442,4.36077,2.13146,2.12221,0.56627,0.563978,0.519665,0.543011,0.602473,0.625722,-0.150187,-0.12775,0.501274,0.504808,0.551164,0.556282,0.961639,0.978931,0.130735,0.138865,0.5561,0.565611,4.2918,4.3442,2.13146,-0.150187,0.501274,0.551164
1.21,4.29762,4.30657,4.34957,4.3662,2.13741,2.12787,0.597454,0.596188,0.555112,0.576464,0.586675,0.60974,-0.140468,-0.118232,0.502545,0.505841,0.556713,0.561999,0.981918,0.99865,0.123564,0.132138,0.553606,0.562762,4.29762,4.34957,2.13741,-0.140468,0.502545,0.556713
1.22,4.30375,4.31228,4.3553,4.37199,2.14319,2.13344,0.62915,0.629002,0.590125,0.609557,0.571143,0.593979,-0.130555,-0.108529,0.503746,0.50689,0.562236,0.567673,1.00032,1.01646,0.116764,0.126226,0.551043,0.559877,4.30375,4.3553,2.14319,-0.130555,0.503746,0.562236
1.23,4.3102,4.31835,4.36137,4.37816,2.14883,2.13892,0.661371,0.662431,0.624685,0.642275,0.555875,0.578469,-0.120468,-0.0986613,0.504881,0.507971,0.567734,0.573291,1.01686,1.03235,0.11032,0.121025,0.548412,0.556969,4.3102,4.36137,2.14883,-0.120468,0.504881,0.567734
1.24,4.31698,4.32479,4.36779,4.38469,2.15431,2.14433,0.694128,0.696473,0.658778,0.674586,0.540868,0.563253,-0.110224,-0.0886644,0.505954,0.509094,0.573204,0.578833,1.03151,1.04635,0.104213,0.116216,0.545714,0.554054,4.31698,4.36779,2.15431,-0.110224,0.505954,0.573204
1.25,4.32409,4.33161,4.37455,4.39157,2.15965,2.14966,0.727434,0.73112,0.692388,0.706445,0.52612,0.548377,-0.0998437,-0.0785836,0.506966,0.510248,0.578648,0.584282,1.04429,1.05844,0.0984263,0.111164,0.54295,0.551141,4.32409,4.37455,2.15965,-0.0998437,0.506966,0.578648
1.26,4.33153,4.33883,4.38164,4.39879,2.16484,2.15489,0.7613,0.76638,0.725502,0.737818,0.511627,0.533863,-0.0893448,-0.0684671,0.507923,0.511406,0.584063,0.589631,1.05519,1.06863,0.0930292,0.104855,0.540123,0.548234,4.33153,4.38164,2.16484,-0.0893448,0.507923,0.584063
1.27,4.33931,4.34646,4.38906,4.40634,2.16988,2.16004,0.795735,0.80228,0.75811,0.768695,0.497387,0.519704,-0.0787462,-0.0583561,0.508827,0.512524,0.58945,0.594881,1.06421,1.07692,0.0871929,0.0959542,0.537232,0.545328,4.33931,4.38906,2.16988,-0.0787462,0.508827,0.58945
1.28,4.34745,4.35453,4.3968,4.41421,2.17479,2.16508,0.83075,0.83887,0.790201,0.799098,0.483396,0.505852,-0.0680669,-0.0482754,0.509646,0.513535,0.594808,0.600055,1.07136,1.08328,0.0754569,0.0830048,0.53428,0.542404,4.34745,4.3968,2.17479,-0.0680669,0.509646,0.594808
1.29,4.35593,4.36305,4.40486,4.42242,2.17955,2.17002,0.866347,0.876196,0.821763,0.829068,0.469652,0.492236,-0.0573253,-0.0382273,0.510311,0.514366,0.600135,0.605181,1.07664,1.08773,0.0563924,0.0647585,0.531268,0.539439,4.35593,4.40486,2.17955,-0.0573253,0.510311,0.600135
1.3,4.36477,4.37203,4.41323,4.43095,2.18418,2.17484,0.902522,0.914259,0.852778,0.858637,0.456152,0.478796,-0.0465403,-0.0281987,0.510753,0.514938,0.605433,0.610292,1.08007,1.09027,0.0309187,0.0404895,0.528196,0.536409,4.36477,4.41323,2.18418,-0.0465403,0.510753,0.605433
1.31,4.37398,4.38145,4.42191,4.43981,2.18867,2.17952,0.939264,0.953008,0.883229,0.887807,0.442893,0.465499,-0.0357301,-0.0181682,0.510911,0.515174,0.610699,0.615415,1.08166,1.09094,-0.000123959,0.0101299,0.525067,0.533297,4.37398,4.42191,2.18867,-0.0357301,0.510911,0.610699
1.32,4.38356,4.39129,4.43089,4.44899,2.19304,2.18406,0.976556,0.992344,0.913095,0.916549,0.429871,0.452343,-0.024913,-0.00811458,0.510734,0.515006,0.615934,0.620562,1.08146,1.08978,-0.0359675,-0.025812,0.521881,0.530095,4.38356,4.43089,2.19304,-0.024913,0.510734,0.615934
1.33,4.39352,4.40153,4.44017,4.45846,2.19727,2.18845,1.01437,1.03215,0.942352,0.944806,0.417083,0.439346,-0.0141068,0.00197487,0.510178,0.514385,0.621137,0.625737,1.07948,1.08682,-0.0759118,-0.0664875,0.518639,0.526803,4.39352,4.44017,2.19727,-0.0141068,0.510178,0.621137
1.34,4.40385,4.41216,4.44974,4.46822,2.20138,2.19268,1.05269,1.07232,0.970974,0.972515,0.404527,0.426532,-0.00332915,0.0121044,0.509205,0.513272,0.626306,0.630935,1.07577,1.08211,-0.119319,-0.110955,0.515344,0.523425,4.40385,4.44974,2.20138,-0.00332915,0.509205,0.626306
1.35,4.41457,4.42315,4.45959,4.47824,2.20536,2.19676,1.09147,1.11277,0.998937,0.999617,0.392199,0.413919,0.00740292,0.0222679,0.507782,0.511646,0.631443,0.636149,1.07036,1.0757,-0.165607,-0.15836,0.511995,0.519969,4.41457,4.45959,2.20536,0.00740292,0.507782,0.631443
1.36,4.42568,4.43451,4.46972,4.48851,2.20922,2.20069,1.13069,1.15346,1.02621,1.02606,0.380096,0.401514,0.0180726,0.0324522,0.505885,0.509494,0.636546,0.641368,1.0633,1.06761,-0.214251,-0.208005,0.508595,0.516441,4.42568,4.46972,2.20922,0.0180726,0.505885,0.636546
1.37,4.43719,4.44623,4.48011,4.49902,2.21297,2.20448,1.17029,1.19436,1.05278,1.05181,0.368215,0.38932,0.0286636,0.0426368,0.503491,0.506809,0.641615,0.646583,1.05463,1.05788,-0.26477,-0.259347,0.505144,0.51285,4.43719,4.48011,2.21297,0.0286636,0.503491,0.641615
1.38,4.44909,4.45833,4.49077,4.50976,2.21659,2.20814,1.21025,1.23546,1.0786,1.07682,0.356552,0.377332,0.0391601,0.0527973,0.500584,0.503588,0.646649,0.651785,1.04441,1.04657,-0.316733,-0.311972,0.501645,0.5092,4.44909,4.49077,2.21659,0.0391601,0.500584,0.646649
1.39,4.46139,4.47081,4.50168,4.52072,2.2201,2.21169,1.25051,1.27674,1.10365,1.10106,0.345105,0.365542,0.0495467,0.0629071,0.497153,0.499828,0.651648,0.656968,1.03267,1.0337,-0.369749,-0.365546,0.498097,0.505494,4.46139,4.50168,2.2201,0.0495467,0.497153,0.651648
1.4,4.4741,4.48369,4.51284,4.53189,2.22349,2.21513,1.29103,1.3182,1.12791,1.12451,0.33387,0.353945,0.0598086,0.0729372,0.493187,0.495526,0.656611,0.662124,1.01947,1.01933,-0.423463,-0.419782,0.494502,0.501737,4.4741,4.51284,2.22349,0.0598086,0.493187,0.656611
1.41,4.48721,4.49698,4.52424,4.54326,2.22678,2.21847,1.33176,1.35981,1.15135,1.14713,0.322844,0.342537,0.0699314,0.0828605,0.488682,0.490681,0.661538,0.667248,1.00487,1.00352,-0.477558,-0.474418,0.490862,0.49793,4.48721,4.52424,2.22678,0.0699314,0.488682,0.661538
1.42,4.50074,4.51068,4.53586,4.55483,2.22995,2.22172,1.37266,1.40154,1.17394,1.16889,0.312024,0.331313,0.0799015,0.092649,0.483636,0.485291,0.666428,0.672336,0.988914,0.986322,-0.531749,-0.529204,0.487177,0.494076,4.50074,4.53586,2.22995,0.0799015,0.483636,0.666428
1.43,4.51467,4.52481,4.54771,4.56658,2.23302,2.22487,1.41367,1.44337,1.19566,1.18978,0.301406,0.320275,0.0897054,0.102278,0.478048,0.479359,0.671281,0.677383,0.971654,0.967786,-0.585777,-0.583895,0.483449,0.490177,4.51467,4.54771,2.23302,0.0897054,0.478048,0.671281
1.44,4.52901,4.53937,4.55977,4.57851,2.23598,2.22794,1.45475,1.48526,1.21649,1.20976,0.290988,0.309424,0.0993304,0.111723,0.471921,0.472885,0.676097,0.682385,0.953143,0.947971,-0.639413,-0.638264,0.47968,0.486235,4.52901,4.55977,2.23598,0.0993304,0.471921,0.676097
1.45,4.54376,4.55436,4.57204,4.59061,2.23884,2.23092,1.49584,1.52714,1.2364,1.2288,0.280766,0.298763,0.108764,0.120963,0.465261,0.465877,0.680874,0.68734,0.933432,0.926937,-0.692452,-0.692081,0.475869,0.482251,4.54376,4.57204,2.23884,0.108764,0.465261,0.680874
1.46,4.55893,4.56978,4.5845,4.60289,2.2416,2.23382,1.5369,1.56899,1.25538,1.2469,0.270738,0.288296,0.117995,0.12998,0.458075,0.45834,0.685614,0.692243,0.912573,0.904741,-0.744708,-0.745141,0.472018,0.478229,4.55893,4.5845,2.2416,0.117995,0.458075,0.685614
1.47,4.5745,4.58562,4.59714,4.61533,2.24425,2.23663,1.57787,1.61073,1.2734,1.26402,0.260899,0.278027,0.127012,0.138758,0.45037,0.450286,0.690315,0.697094,0.890617,0.881439,-0.796017,-0.797255,0.468129,0.474168,4.5745,4.59714,2.24425,0.127012,0.45037,0.690315
1.48,4.59048,4.60189,4.60996,4.62793,2.24681,2.23936,1.61872,1.65233,1.29045,1.28015,0.251248,0.267958,0.135804,0.147282,0.442158,0.441727,0.694976,0.701891,0.867613,0.857085,-0.846232,-0.84825,0.464203,0.470073,4.59048,4.60996,2.24681,0.135804,0.442158,0.694976
1.49,4.60687,4.61858,4.62295,4.64069,2.24928,2.242,1.65939,1.69373,1.30652,1.29528,0.24178,0.258092,0.144361,0.155541,0.43345,0.432674,0.699599,0.706631,0.843611,0.831735,-0.895223,-0.897978,0.460241,0.465944,4.60687,4.62295,2.24928,0.144361,0.43345,0.699599
1.5,4.62367,4.63568,4.63609,4.65359,2.25165,2.24456,1.69984,1.73488,1.32158,1.30941,0.232493,0.24843,0.152673,0.163526,0.424258,0.423145,0.704181,0.711315,0.818659,0.805441,-0.942873,-0.946304,0.456243,0.461783,4.62367,4.63609,2.25165,0.152673,0.424258,0.704181
1.51,4.64087,4.65319,4.64938,4.66664,2.25393,2.24703,1.74002,1.77573,1.33563,1.32252,0.223384,0.238972,0.160731,0.171228,0.414597,0.413154,0.708723,0.715941,0.792804,0.778253,-0.989077,-0.993118,0.452211,0.457592,4.64087,4.64938,2.25393,0.160731,0.414597,0.708723
1.52,4.65847,4.67109,4.6628,4.67984,2.25612,2.24942,1.7799,1.81625,1.34865,1.33461,0.214449,0.229716,0.168526,0.17864,0.404482,0.402719,0.713225,0.720511,0.766096,0.750222,-1.03374,-1.03832,0.448147,0.453373,4.65847,4.6628,2.25612,0.168526,0.404482,0.713225
1.53,4.67647,4.6894,4.67635,4.69316,2.25822,2.25172,1.81941,1.85639,1.36064,1.34568,0.205686,0.22066,0.17605,0.185758,0.393928,0.391858,0.717686,0.725025,0.738579,0.721395,-1.07679,-1.08183,0.444051,0.449126,4.67647,4.67635,2.25822,0.17605,0.393928,0.717686
1.54,4.69486,4.70809,4.69001,4.70661,2.26023,2.25394,1.85854,1.89611,1.37158,1.35572,0.197092,0.2118,0.183295,0.192575,0.382952,0.380589,0.722106,0.729483,0.710302,0.691819,-1.11814,-1.12359,0.439924,0.444853,4.69486,4.69001,2.26023,0.183295,0.382952,0.722106
1.55,4.71364,4.72717,4.70377,4.72018,2.26216,2.25608,1.89724,1.93538,1.38147,1.36473,0.188664,0.203133,0.190254,0.199089,0.371571,0.368931,0.726485,0.733886,0.68131,0.66154,-1.15774,-1.16351,0.435768,0.440555,4.71364,4.70377,2.26216,0.190254,0.371571,0.726485
1.56,4.7328,4.74662,4.71763,4.73386,2.26401,2.25814,1.93546,1.97415,1.39031,1.37272,0.180398,0.194653,0.196919,0.205295,0.359803,0.356902,0.730821,0.738235,0.65165,0.630604,-1.19551,-1.20157,0.431584,0.436234,4.7328,4.71763,2.26401,0.196919,0.359803,0.730821
1.57,4.75234,4.76645,4.73158,4.74764,2.26577,2.26012,1.97318,2.01241,1.39808,1.37969,0.172293,0.186354,0.203285,0.211189,0.347667,0.344522,0.735116,0.742531,0.621369,0.599058,-1.23142,-1.23771,0.427372,0.43189,4.75234,4.73158,2.26577,0.203285,0.347667,0.735116
1.58,4.77226,4.78664,4.74559,4.76151,2.26745,2.26202,2.01036,2.05009,1.40479,1.38563,0.164344,0.178231,0.209345,0.216769,0.335181,0.33181,0.739369,0.746775,0.590512,0.56695,-1.26542,-1.27189,0.423134,0.427525,4.77226,4.74559,2.26745,0.209345,0.335181,0.739369
1.59,4.79255,4.8072,4.75967,4.77546,2.26906,2.26385,2.04697,2.08719,1.41044,1.39055,0.15655,0.170276,0.215093,0.222031,0.322365,0.318785,0.743579,0.750967,0.559126,0.534324,-1.29746,-1.30408,0.41887,0.423139,4.79255,4.75967,2.26906,0.215093,0.322365,0.743579
1.6,4.8132,4.82811,4.7738,4.78948,2.27058,2.2656,2.08298,2.12367,1.41502,1.39445,0.148908,0.162485,0.220526,0.226972,0.309238,0.305467,0.747746,0.75511,0.52726,0.501232,-1.32751,-1.33425,0.414583,0.418733,4.8132,4.7738,2.27058,0.220526,0.309238,0.747746
1.61,4.83421,4.84938,4.78797,4.80355,2.27204,2.26727,2.11835,2.15948,1.41853,1.39732,0.141414,0.15485,0.225637,0.231588,0.295822,0.291876,0.75187,0.759203,0.494959,0.467721,-1.35554,-1.36238,0.410273,0.414308,4.83421,4.78797,2.27204,0.225637,0.295822,0.75187
1.62,4.85556,4.87099,4.80216,4.81767,2.27341,2.26888,2.15307,2.19461,1.42098,1.39919,0.134066,0.147364,0.230424,0.235878,0.282134,0.278032,0.755951,0.763247,0.462272,0.433846,-1.38153,-1.38844,0.40594,0.409867,4.85556,4.80216,2.27341,0.230424,0.282134,0.755951
1.63,4.87726,4.89295,4.81638,4.83181,2.27472,2.27041,2.18709,2.22903,1.42237,1.40003,0.126861,0.140022,0.234882,0.239837,0.268198,0.263952,0.759989,0.767244,0.429247,0.399653,-1.40544,-1.4124,0.401587,0.405408,4.87726,4.81638,2.27472,0.234882,0.268198,0.759989
1.64,4.8993,4.91524,4.83061,4.84597,2.27595,2.27187,2.2204,2.2627,1.4227,1.39987,0.119797,0.132818,0.239008,0.243464,0.254033,0.249659,0.763983,0.771193,0.395934,0.365198,-1.42727,-1.43426,0.397214,0.400934,4.8993,4.83061,2.27595,0.239008,0.254033,0.763983
1.65,4.92167,4.93786,4.84483,4.86013,2.27711,2.27326,2.25298,2.2956,1.42198,1.39869,0.112871,0.125746,0.242799,0.246754,0.239659,0.235171,0.767933,0.775094,0.362382,0.330536,-1.44699,-1.454,0.392822,0.396446,4.92167,4.84483,2.27711,0.242799,0.239659,0.767933
1.66,4.94436,4.9608,4.85904,4.87427,2.27821,2.27459,2.28479,2.32771,1.42021,1.39651,0.106081,0.118801,0.246255,0.249708,0.2251,0.220508,0.771839,0.778949,0.328642,0.295718,-1.4646,-1.4716,0.388412,0.391944,4.94436,4.85904,2.27821,0.246255,0.2251,0.771839
1.67,4.96736,4.98406,4.87323,4.88839,2.27924,2.27585,2.31583,2.35899,1.4174,1.39333,0.0994229,0.111979,0.249372,0.252323,0.210374,0.205688,0.775701,0.782758,0.294763,0.260802,-1.48009,-1.48706,0.383985,0.38743,4.96736,4.87323,2.27924,0.249372,0.210374,0.775701
1.68,4.99067,5.00763,4.88739,4.90247,2.2802,2.27704,2.34606,2.38944,1.41355,1.38915,0.0928954,0.105275,0.25215,0.254598,0.195505,0.190731,0.779519,0.78652,0.260797,0.22584,-1.49344,-1.50037,0.379542,0.382903,4.99067,4.88739,2.2802,0.25215,0.195505,0.779519
1.69,5.01428,5.0315,4.9015,4.91649,2.28109,2.27817,2.37547,2.41902,1.40868,1.38397,0.0864957,0.0986861,0.254588,0.256532,0.180513,0.175655,0.783292,0.790237,0.226795,0.190886,-1.50467,-1.51154,0.375084,0.378366,5.01428,4.9015,2.28109,0.254588,0.180513,0.783292
1.7,5.03818,5.05567,4.91556,4.93045,2.28193,2.27923,2.40404,2.44772,1.40278,1.37782,0.0802215,0.0922098,0.256686,0.258126,0.165419,0.16048,0.787021,0.793909,0.192809,0.155998,-1.51376,-1.52055,0.370612,0.373818,5.03818,4.91556,2.28193,0.256686,0.165419,0.787021
1.71,5.06236,5.08013,4.92955,4.94434,2.2827,2.28023,2.43176,2.47552,1.39588,1.37068,0.0740701,0.085843,0.258444,0.259381,0.150245,0.145224,0.790704,0.797535,0.158892,0.121228,-1.52072,-1.52743,0.366128,0.36926,5.06236,4.92955,2.2827,0.258444,0.150245,0.790704
1.72,5.08681,5.10487,4.94347,4.95813,2.28341,2.28117,2.45861,2.50241,1.38799,1.36257,0.0680393,0.0795845,0.259864,0.260298,0.135011,0.129904,0.794343,0.801116,0.125095,0.0866288,-1.52557,-1.53216,0.361631,0.364694,5.08681,4.94347,2.28341,0.259864,0.135011,0.794343
1.73,5.11153,5.12988,4.95731,4.97183,2.28406,2.28205,2.48457,2.52837,1.3791,1.35349,0.0621266,0.0734334,0.260946,0.260879,0.11974,0.11454,0.797937,0.804653,0.0914712,0.0522558,-1.52831,-1.53477,0.357123,0.360119,5.11153,4.95731,2.28406,0.260946,0.11974,0.797937
1.74,5.1365,5.15515,4.97105,4.98542,2.28465,2.28286,2.50963,2.55339,1.36924,1.34346,0.0563299,0.0673891,0.261694,0.261128,0.104452,0.0991495,0.801486,0.808145,0.0580715,0.01816,-1.52895,-1.53527,0.352606,0.355536,5.1365,4.97105,2.28465,0.261694,0.104452,0.801486
1.75,5.16172,5.18068,4.98469,4.99889,2.28519,2.28361,2.53377,2.57745,1.35841,1.33248,0.0506467,0.0614512,0.262109,0.261049,0.0891681,0.0837514,0.804989,0.811593,0.0249481,-0.0156055,-1.52752,-1.53367,0.348078,0.350945,5.16172,4.98469,2.28519,0.262109,0.0891681,0.804989
1.76,5.18717,5.20644,4.99822,5.01223,2.28567,2.28431,2.55699,2.60055,1.34663,1.32056,0.0450749,0.0556202,0.262194,0.260645,0.0739087,0.0683637,0.808447,0.814997,-0.00784763,-0.0489915,-1.52403,-1.52999,0.343543,0.346348,5.18717,4.99822,2.28567,0.262194,0.0739087,0.808447
1.77,5.21286,5.23244,5.01162,5.02543,2.28609,2.28494,2.57927,2.62266,1.33392,1.30771,0.0396122,0.049896,0.261953,0.259922,0.0586943,0.0530057,0.81186,0.818357,-0.0402648,-0.0819451,-1.51851,-1.52426,0.339,0.341744,5.21286,5.01162,2.28609,0.261953,0.0586943,0.81186
1.78,5.23876,5.25866,5.02489,5.03849,2.28646,2.28551,2.60061,2.64379,1.32028,1.29395,0.0342565,0.0442804,0.26139,0.258886,0.0435453,0.0376972,0.815227,0.821673,-0.0722533,-0.114417,-1.51097,-1.5165,0.334451,0.337133,5.23876,5.02489,2.28646,0.26139,0.0435453,0.815227
1.79,5.26486,5.28509,5.03802,5.05139,2.28677,2.28603,2.62099,2.66393,1.30573,1.27929,0.0290056,0.0387731,0.26051,0.257543,0.0284815,0.0224564,0.818549,0.824944,-0.103764,-0.146359,-1.50146,-1.50674,0.329897,0.332518,5.26486,5.03802,2.28677,0.26051,0.0284815,0.818549
1.8,5.29117,5.31171,5.051,5.06414,2.28704,2.28648,2.6404,2.68305,1.29029,1.26373,0.0238574,0.0333759,0.259317,0.2559,0.0135225,0.0073037,0.821825,0.828173,-0.134748,-0.177724,-1.49,-1.49501,0.325337,0.327897,5.29117,5.051,2.28704,0.259317,0.0135225,0.821825
1.81,5.31767,5.33851,5.06383,5.07671,2.28725,2.28688,2.65884,2.70117,1.27398,1.2473,0.0188098,0.0280879,0.257817,0.253964,-0.00131222,-0.00774109,0.825056,0.831357,-0.165158,-0.208462,-1.47663,-1.48135,0.320774,0.323273,5.31767,5.06383,2.28725,0.257817,-0.00131222,0.825056
1.82,5.34435,5.36549,5.07648,5.08911,2.28742,2.28722,2.6763,2.71826,1.2568,1.23001,0.0138609,0.0229097,0.256016,0.251743,-0.0160039,-0.0226589,0.828241,0.834497,-0.194949,-0.238533,-1.4614,-1.46579,0.316208,0.318644,5.34435,5.07648,2.28742,0.256016,-0.0160039,0.828241
1.83,5.37119,5.39263,5.08896,5.10132,2.28753,2.2875,2.69277,2.73433,1.23879,1.21187,0.0090085,0.0178425,0.25392,0.249244,-0.030534,-0.0374279,0.83138,0.837593,-0.224076,-0.267889,-1.44433,-1.44838,0.311639,0.314013,5.37119,5.08896,2.28753,0.25392,-0.030534,0.83138
1.84,5.3982,5.4199,5.10125,5.11334,2.2876,2.28772,2.70825,2.74936,1.21995,1.1929,0.00425077,0.0128841,0.251536,0.246475,-0.0448845,-0.0520289,0.834473,0.840646,-0.252495,-0.296489,-1.42548,-1.42917,0.30707,0.30938,5.3982,5.10125,2.2876,0.251536,-0.0448845,0.834473
1.85,5.42535,5.44731,5.11336,5.12517,2.28761,2.28789,2.72274,2.76336,1.20031,1.17313,-0.000414273,0.00803462,0.248872,0.243445,-0.0590378,-0.0664419,0.837521,0.843653,-0.280166,-0.324292,-1.40489,-1.40819,0.3025,0.304746,5.42535,5.11336,2.28761,0.248872,-0.0590378,0.837521
1.86,5.45265,5.47483,5.12526,5.1368,2.28759,2.28801,2.73622,2.77632,1.17989,1.15257,-0.00498853,0.00329241,0.245936,0.240163,-0.0729767,-0.0806469,0.840523,0.846617,-0.307048,-0.35126,-1.38262,-1.38551,0.29793,0.300112,5.45265,5.12526,2.28759,0.245936,-0.0729767,0.840523
1.87,5.48008,5.50246,5.13695,5.14821,2.28752,2.28807,2.7487,2.78824,1.15871,1.13124,-0.00947386,-0.00134411,0.242734,0.236637,-0.0866847,-0.0946241,0.84348,0.849537,-0.333103,-0.377355,-1.35871,-1.36119,0.293362,0.295478,5.48008,5.13695,2.28752,0.242734,-0.0866847,0.84348
1.88,5.50762,5.53018,5.14843,5.15941,2.2874,2.28808,2.76017,2.79911,1.13679,1.10916,-0.0138721,-0.00587738,0.239277,0.232876,-0.100146,-0.108355,0.846391,0.852411,-0.358297,-0.402543,-1.33324,-1.33527,0.288795,0.290845,5.50762,5.14843,2.2874,0.239277,-0.100146,0.846391
1.89,5.53528,5.55799,5.15968,5.17039,2.28724,2.28804,2.77064,2.80895,1.11415,1.08637,-0.0181851,-0.0103091,0.235571,0.228889,-0.113344,-0.12182,0.849256,0.855241,-0.382594,-0.426791,-1.30625,-1.30782,0.284231,0.286215,5.53528,5.15968,2.28724,0.235571,-0.113344,0.849256
1.9,5.56303,5.58586,5.17071,5.18113,2.28704,2.28794,2.7801,2.81774,1.09081,1.06287,-0.0224145,-0.0146429,0.231628,0.224685,-0.126266,-0.135002,0.852075,0.858026,-0.405964,-0.450067,-1.27781,-1.27891,0.279671,0.281588,5.56303,5.17071,2.28704,0.231628,-0.126266,0.852075
1.91,5.59087,5.61379,5.1815,5.19164,2.28679,2.2878,2.78855,2.82549,1.06681,1.03871,-0.0265622,-0.0188821,0.227455,0.220272,-0.138896,-0.147885,0.854849,0.860766,-0.428377,-0.472345,-1.24798,-1.2486,0.275116,0.276966,5.59087,5.1815,2.28679,0.227455,-0.138896,0.854849
1.92,5.6188,5.64178,5.19204,5.20191,2.2865,2.28762,2.796,2.83221,1.04216,1.01389,-0.0306299,-0.0230292,0.223063,0.215659,-0.151221,-0.160451,0.857578,0.863462,-0.449805,-0.493598,-1.21683,-1.21696,0.270565,0.272348,5.6188,5.19204,2.2865,0.223063,-0.151221,0.857578
1.93,5.64679,5.6698,5.20234,5.21193,2.28618,2.28738,2.80244,2.8379,1.01689,0.988461,-0.0346191,-0.0270887,0.218462,0.210856,-0.163228,-0.172685,0.860261,0.866111,-0.470225,-0.513802,-1.18443,-1.18407,0.26602,0.267737,5.64679,5.20234,2.28618,0.218462,-0.163228,0.860261
1.94,5.67484,5.69786,5.21238,5.2217,2.28581,2.2871,2.80789,2.84256,0.991025,0.962437,-0.0385317,-0.0310635,0.213662,0.205871,-0.174906,-0.184574,0.862898,0.868716,-0.489613,-0.532934,-1.15085,-1.15,0.261482,0.263132,5.67484,5.21238,2.28581,0.213662,-0.174906,0.862898
1.95,5.70295,5.72595,5.22216,5.2312,2.28541,2.28678,2.81234,2.84621,0.964597,0.935851,-0.0423691,-0.034958,0.208674,0.200714,-0.186242,-0.196103,0.86549,0.871275,-0.50795,-0.550977,-1.11617,-1.11482,0.256952,0.258535,5.70295,5.22216,2.28541,0.208674,-0.186242,0.86549
1.96,5.73109,5.75405,5.23167,5.24045,2.28497,2.28641,2.8158,2.84885,0.937631,0.908733,-0.0461329,-0.0387756,0.203507,0.195393,-0.197226,-0.207261,0.868037,0.873789,-0.525219,-0.567914,-1.08046,-1.07861,0.252429,0.253947,5.73109,5.23167,2.28497,0.203507,-0.197226,0.868037
1.97,5.75926,5.78216,5.24091,5.24941,2.28449,2.28601,2.81827,2.85049,0.910155,0.881111,-0.0498248,-0.042519,0.198173,0.189918,-0.207848,-0.218036,0.870539,0.876257,-0.541404,-0.58373,-1.0438,-1.04145,0.247915,0.249367,5.75926,5.24091,2.28449,0.198173,-0.207848,0.870539
1.98,5.78745,5.81027,5.24987,5.25811,2.28397,2.28556,2.81977,2.85115,0.882199,0.853017,-0.0534463,-0.0461933,0.192683,0.184297,-0.218099,-0.228418,0.872995,0.87868,-0.556493,-0.598411,-1.00626,-1.00341,0.243411,0.244798,5.78745,5.24987,2.28397,0.192683,-0.218099,0.872995
1.99,5.81565,5.83838,5.25855,5.26652,2.28342,2.28508,2.8203,2.85082,0.853793,0.82448,-0.0569987,-0.0498006,0.187047,0.178541,-0.22797,-0.238399,0.875407,0.881057,-0.570476,-0.611949,-0.967925,-0.964582,0.238916,0.240239,5.81565,5.25855,2.28342,0.187047,-0.22797,0.875407
2,5.84385,5.86649,5.26695,5.27465,2.28283,2.28455,2.81988,2.84954,0.824967,0.795532,-0.0604837,-0.0533441,0.181277,0.172659,-0.237455,-0.247969,0.877774,0.883388,-0.583346,-0.624336,-0.928876,-0.925034,0.234433,0.235692,5.84385,5.26695,2.28283,0.181277,-0.237455,0.877774
2.01,5.87204,5.89458,5.27505,5.28248,2.28221,2.28399,2.8185,2.8473,0.795752,0.766208,-0.0639027,-0.056827,0.175384,0.166659,-0.246546,-0.257122,0.880096,0.885673,-0.595098,-0.635567,-0.889192,-0.884852,0.229961,0.231157,5.87204,5.27505,2.28221,0.175384,-0.246546,0.880096
2.02,5.90022,5.92265,5.28286,5.29002,2.28155,2.2834,2.81619,2.84413,0.76618,0.736536,-0.067257,-0.0602519,0.169379,0.160553,-0.255237,-0.265852,0.882373,0.887913,-0.605728,-0.645638,-0.848955,-0.844111,0.225501,0.226635,5.90022,5.28286,2.28155,0.169379,-0.255237,0.882373
2.03,5.92837,5.95069,5.29037,5.29727,2.28086,2.28277,2.81295,2.84003,0.736283,0.70655,-0.0705481,-0.0636205,0.163273,0.15435,-0.263523,-0.274155,0.884606,0.890106,-0.615238,-0.65455,-0.808244,-0.802893,0.221055,0.222126,5.92837,5.29037,2.28086,0.163273,-0.263523,0.884606
2.04,5.95647,5.97871,5.29758,5.3042,2.28014,2.2821,2.80881,2.83503,0.706092,0.676283,-0.0737773,-0.0669358,0.157077,0.14806,-0.2714,-0.282025,0.886794,0.892254,-0.62363,-0.662305,-0.767142,-0.761276,0.216621,0.217631,5.95647,5.29758,2.28014,0.157077,-0.2714,0.886794
2.05,5.98454,6.00668,5.30449,5.31084,2.27939,2.2814,2.80377,2.82915,0.675641,0.645769,-0.0769459,-0.0701994,0.150804,0.141694,-0.278865,-0.289461,0.888938,0.894355,-0.630907,-0.668907,-0.725726,-0.719341,0.212202,0.21315,5.98454,5.30449,2.27939,0.150804,-0.278865,0.888938
2.06,6.01255,6.0346,5.3111,5.31716,2.2786,2.28067,2.79785,2.82239,0.644963,0.615041,-0.0800553,-0.0734132,0.144463,0.135262,-0.285914,-0.296459,0.891038,0.896411,-0.637076,-0.674363,-0.684078,-0.677165,0.207798,0.208686,6.01255,5.3111,2.2786,0.144463,-0.285914,0.891038
2.07,6.04049,6.06247,5.31739,5.32317,2.27779,2.27991,2.79107,2.81478,0.61409,0.584133,-0.0831067,-0.0765777,0.138066,0.128775,-0.292546,-0.303019,0.893094,0.898421,-0.642147,-0.678682,-0.642276,-0.634829,0.203409,0.204237,6.04049,5.31739,2.27779,0.138066,-0.292546,0.893094
2.08,6.06837,6.09028,5.32338,5.32888,2.27694,2.27911,2.78344,2.80634,0.583056,0.553079,-0.0861014,-0.0796949,0.131624,0.122244,-0.298759,-0.309139,0.895106,0.900384,-0.64613,-0.681875,-0.600397,-0.592408,0.199035,0.199806,6.06837,5.32338,2.27694,0.131624,-0.298759,0.895106
2.09,6.09616,6.11802,5.32905,5.33426,2.27606,2.27828,2.77499,2.7971,0.551894,0.521912,-0.0890405,-0.0827654,0.125147,0.11568,-0.304554,-0.314822,0.897075,0.902302,-0.649039,-0.683957,-0.558516,-0.549977,0.194679,0.195392,6.09616,5.32905,2.27606,0.125147,-0.304554,0.897075
2.1,6.12386,6.14569,5.33441,5.33934,2.27516,2.27742,2.76573,2.78706,0.520637,0.490668,-0.0919254,-0.08579,0.118646,0.109095,-0.30993,-0.320067,0.899,0.904173,-0.650887,-0.684944,-0.516708,-0.507617,0.190339,0.190996,6.12386,5.33441,2.27516,0.118646,-0.30993,0.899
2.11,6.15147,6.17327,5.33947,5.3441,2.27423,2.27654,2.75569,2.77626,0.489319,0.459377,-0.0947572,-0.0887695,0.112133,0.102499,-0.314889,-0.324877,0.900882,0.905999,-0.651692,-0.684852,-0.475045,-0.465394,0.186018,0.186619,6.15147,5.33947,2.27423,0.112133,-0.314889,0.900882
2.12,6.17897,6.20075,5.3442,5.34854,2.27326,2.27562,2.74489,2.76472,0.457971,0.428078,-0.097537,-0.0917037,0.105616,0.0959034,-0.319432,-0.329255,0.902721,0.907779,-0.651471,-0.683705,-0.433597,-0.42339,0.181714,0.182262,6.17897,5.3442,2.27326,0.105616,-0.319432,0.902721
2.13,6.20637,6.22814,5.34862,5.35267,2.27227,2.27467,2.73334,2.75246,0.426626,0.396799,-0.100266,-0.0945935,0.0991066,0.08932,-0.323561,-0.333205,0.904516,0.909514,-0.650245,-0.681522,-0.392432,-0.38167,0.17743,0.177925,6.20637,5.34862,2.27227,0.0991066,-0.323561,0.904516
2.14,6.23364,6.25541,5.35273,5.35649,2.27126,2.27369,2.72108,2.73951,0.395317,0.365577,-0.102945,-0.0974388,0.0926144,0.0827598,-0.327281,-0.336731,0.906269,0.911203,-0.648035,-0.678329,-0.351616,-0.340306,0.173164,0.17361,6.23364,5.35273,2.27126,0.0926144,-0.327281,0.906269
2.15,6.26079,6.28256,5.35653,5.36,2.27022,2.27268,2.70813,2.72589,0.364074,0.334443,-0.105576,-0.10024,0.0861492,0.0762339,-0.330595,-0.339838,0.90798,0.912846,-0.644862,-0.67415,-0.311212,-0.299363,0.168919,0.169316,6.26079,5.35653,2.27022,0.0861492,-0.330595,0.90798
2.16,6.2878,6.30958,5.36002,5.3632,2.26915,2.27164,2.6945,2.71163,0.33293,0.303426,-0.108159,-0.102997,0.0797203,0.0697527,-0.333507,-0.342532,0.909648,0.914445,-0.640752,-0.669012,-0.27128,-0.258904,0.164694,0.165044,6.2878,5.36002,2.26915,0.0797203,-0.333507,0.909648
2.17,6.31467,6.33646,5.36319,5.3661,2.26805,2.27058,2.68024,2.69676,0.301914,0.272559,-0.110696,-0.10571,0.0733372,0.0633269,-0.336022,-0.344818,0.911274,0.915999,-0.635729,-0.662944,-0.231878,-0.218995,0.16049,0.160796,6.31467,5.36319,2.26805,0.0733372,-0.336022,0.911274
2.18,6.3414,6.3632,5.36605,5.36869,2.26693,2.26948,2.66536,2.6813,0.271056,0.24187,-0.113187,-0.108378,0.0670087,0.0569665,-0.338147,-0.346706,0.912858,0.917508,-0.629819,-0.655976,-0.193061,-0.179691,0.156307,0.156571,6.3414,5.36605,2.26693,0.0670087,-0.338147,0.912858
2.19,6.36798,6.38979,5.36861,5.37098,2.26579,2.26836,2.64989,2.66528,0.240386,0.211389,-0.115633,-0.111002,0.0607437,0.0506815,-0.339886,-0.348202,0.9144,0.918974,-0.623048,-0.648136,-0.154881,-0.14105,0.152147,0.15237,6.36798,5.36861,2.26579,0.0607437,-0.339886,0.9144
2.2,6.3944,6.41621,5.37086,5.37298,2.26462,2.26721,2.63385,2.64873,0.20993,0.181141,-0.118036,-0.113583,0.0545505,0.044481,-0.341247,-0.349313,0.915901,0.920395,-0.615446,-0.639458,-0.117387,-0.10312,0.148008,0.148194,6.3944,5.37086,2.26462,0.0545505,-0.341247,0.915901
2.21,6.42065,6.44247,5.37281,5.37468,2.26343,2.26603,2.61728,2.63167,0.179717,0.151153,-0.120397,-0.116118,0.0484374,0.0383739,-0.342236,-0.350049,0.91736,0.921774,-0.60704,-0.629971,-0.0806261,-0.0659559,0.143893,0.144043,6.42065,5.37281,2.26343,0.0484374,-0.342236,0.91736
2.22,6.44674,6.46855,5.37446,5.37609,2.26221,2.26483,2.60021,2.61413,0.149772,0.121448,-0.122715,-0.11861,0.0424123,0.0323687,-0.342862,-0.350419,0.918778,0.923109,-0.597859,-0.619707,-0.0446415,-0.029598,0.139801,0.139917,6.44674,5.37446,2.26221,0.0424123,-0.342862,0.918778
2.23,6.47266,6.49445,5.37581,5.37722,2.26097,2.2636,2.58265,2.59614,0.120122,0.0920533,-0.124993,-0.121057,0.0364827,0.026474,-0.343132,-0.350431,0.920156,0.924402,-0.587933,-0.608701,-0.00947369,0.00590468,0.135733,0.135817,6.47266,5.37581,2.26097,0.0364827,-0.343132,0.920156
2.24,6.49839,6.52017,5.37686,5.37807,2.25971,2.26234,2.56465,2.57773,0.0907895,0.0629857,-0.127232,-0.123461,0.030656,0.0206963,-0.343054,-0.350097,0.921493,0.925653,-0.577292,-0.596985,0.0248395,0.0405207,0.131689,0.131743,6.49839,5.37686,2.25971,0.030656,-0.343054,0.921493
2.25,6.52395,6.5457,5.37762,5.37865,2.25843,2.26106,2.54622,2.55892,0.0617986,0.034269,-0.129431,-0.12582,0.0249392,0.0150433,-0.342638,-0.349426,0.92279,0.926863,-0.565967,-0.584592,0.0582633,0.0742103,0.127669,0.127695,6.52395,5.37762,2.25843,0.0249392,-0.342638,0.92279
2.26,6.54932,6.57103,5.3781,5.37895,2.25713,2.25975,2.52741,2.53975,0.0331709,0.00592059,-0.131592,-0.128136,0.0193389,0.00952115,-0.341892,-0.348427,0.924047,0.928032,-0.553988,-0.571554,0.0907656,0.106944,0.123675,0.123674,6.54932,5.3781,2.25713,0.0193389,-0.341892,0.924047
2.27,6.57449,6.59617,5.37829,5.37898,2.2558,2.25842,2.50822,2.52024,0.00492752,-0.0220413,-0.133716,-0.130408,0.0138615,0.00413632,-0.340826,-0.347113,0.925264,0.92916,-0.541387,-0.557906,0.122317,0.138689,0.119706,0.11968,6.57449,5.37829,2.2558,0.0138615,-0.340826,0.925264
2.28,6.59948,6.6211,5.3782,5.37875,2.25445,2.25707,2.48871,2.50041,-0.022912,-0.0495993,-0.135803,-0.132638,0.00851309,-0.00110608,-0.339449,-0.345493,0.926441,0.930249,-0.528196,-0.543681,0.152891,0.169425,0.115764,0.115713,6.59948,5.3782,2.25445,0.00851309,-0.339449,0.926441
2.29,6.62427,6.64583,5.37783,5.37827,2.25308,2.25569,2.46888,2.48029,-0.0503293,-0.076739,-0.137855,-0.134824,0.00329944,-0.00620065,-0.337771,-0.343579,0.927579,0.931299,-0.514444,-0.528911,0.182463,0.199126,0.111847,0.111774,6.62427,5.37783,2.25308,0.00329944,-0.337771,0.927579
2.3,6.64886,6.67035,5.37719,5.37752,2.25169,2.25429,2.44878,2.45991,-0.077307,-0.103445,-0.139872,-0.136968,-0.00177403,-0.0111426,-0.335803,-0.341381,0.928678,0.932311,-0.500164,-0.513631,0.211012,0.227773,0.107957,0.107862,6.64886,5.37719,2.25169,-0.00177403,-0.335803,0.928678
2.31,6.67324,6.69466,5.37629,5.37653,2.25029,2.25286,2.42843,2.4393,-0.103829,-0.129706,-0.141855,-0.13907,-0.00670219,-0.0159279,-0.333554,-0.338911,0.929738,0.933284,-0.485388,-0.497873,0.23852,0.255347,0.104095,0.103978,6.67324,5.37629,2.25029,-0.00670219,-0.333554,0.929738
2.32,6.69742,6.71876,5.37512,5.37529,2.24886,2.25142,2.40785,2.41848,-0.129881,-0.155507,-0.143804,-0.141131,-0.0114802,-0.0205524,-0.331036,-0.33618,0.93076,0.93422,-0.470147,-0.48167,0.264968,0.281837,0.100259,0.100122,6.69742,5.37512,2.24886,-0.0114802,-0.331036,0.93076
2.33,6.7214,6.74264,5.37369,5.37381,2.24741,2.24995,2.38709,2.39748,-0.155449,-0.18084,-0.145721,-0.143151,-0.0161037,-0.0250127,-0.328259,-0.333199,0.931743,0.93512,-0.454471,-0.465055,0.290344,0.307229,0.096452,0.0962936,6.7214,5.37369,2.24741,-0.0161037,-0.328259,0.931743
2.34,6.74517,6.76631,5.37201,5.37209,2.24594,2.24846,2.36615,2.37632,-0.180521,-0.205694,-0.147607,-0.145131,-0.0205683,-0.0293056,-0.325233,-0.32998,0.932689,0.935984,-0.438393,-0.44806,0.314634,0.331515,0.0926728,0.092494,6.74517,5.37201,2.24594,-0.0205683,-0.325233,0.932689
2.35,6.76872,6.78977,5.37008,5.37013,2.24446,2.24695,2.34508,2.35504,-0.205085,-0.230058,-0.14946,-0.147071,-0.0248703,-0.0334279,-0.32197,-0.326533,0.933597,0.936811,-0.421944,-0.430719,0.33783,0.354684,0.088922,0.0887234,6.76872,5.37008,2.24446,-0.0248703,-0.32197,0.933597
2.36,6.79207,6.813,5.36791,5.36795,2.24295,2.24542,2.32389,2.33365,-0.229133,-0.253923,-0.151284,-0.148972,-0.0290061,-0.0373771,-0.31848,-0.322871,0.934468,0.937604,-0.405154,-0.413064,0.359922,0.376733,0.0852001,0.0849819,6.79207,5.36791,2.24295,-0.0290061,-0.31848,0.934468
2.37,6.8152,6.83602,5.3655,5.36553,2.24143,2.24387,2.30262,2.31218,-0.252654,-0.277285,-0.153077,-0.150835,-0.0329724,-0.0411517,-0.314775,-0.319004,0.935301,0.938363,-0.388054,-0.395125,0.380906,0.397659,0.0815073,0.0812695,6.8152,5.3655,2.24143,-0.0329724,-0.314775,0.935301
2.38,6.83812,6.85882,5.36286,5.3629,2.23989,2.2423,2.28129,2.29066,-0.275643,-0.300134,-0.154842,-0.152661,-0.0367662,-0.0447492,-0.310865,-0.314944,0.936098,0.939088,-0.370675,-0.376934,0.400776,0.417458,0.077844,0.0775868,6.83812,5.36286,2.23989,-0.0367662,-0.310865,0.936098
2.39,6.86083,6.8814,5.35999,5.36005,2.23834,2.24072,2.25993,2.26911,-0.298092,-0.322466,-0.156578,-0.15445,-0.040385,-0.0481679,-0.306763,-0.310703,0.936858,0.939779,-0.353047,-0.358525,0.419532,0.436132,0.0742104,0.073934,6.86083,5.35999,2.23834,-0.040385,-0.306763,0.936858
2.4,6.88332,6.90376,5.3569,5.35698,2.23676,2.23911,2.23855,2.24755,-0.319997,-0.344274,-0.158286,-0.156203,-0.0438264,-0.0514066,-0.302478,-0.30629,0.937582,0.940438,-0.3352,-0.339925,0.437173,0.45368,0.0706069,0.0703116,6.88332,5.3569,2.23676,-0.0438264,-0.302478,0.937582
2.41,6.9056,6.9259,5.35359,5.3537,2.23517,2.23749,2.21719,2.22602,-0.341352,-0.365554,-0.159967,-0.157921,-0.0470884,-0.054464,-0.298023,-0.301718,0.93827,0.941064,-0.317163,-0.321168,0.453699,0.470107,0.0670338,0.0667198,6.9056,5.35359,2.23517,-0.0470884,-0.298023,0.93827
2.42,6.92766,6.94781,5.35007,5.35022,2.23356,2.23585,2.19587,2.20452,-0.362156,-0.386305,-0.161621,-0.159606,-0.0501691,-0.0573397,-0.293408,-0.296997,0.938923,0.941658,-0.298965,-0.302281,0.469114,0.48542,0.0634913,0.0631589,6.92766,5.35007,2.23356,-0.0501691,-0.293408,0.938923
2.43,6.94951,6.96951,5.34635,5.34653,2.23194,2.23419,2.17461,2.18309,-0.382407,-0.406522,-0.163249,-0.161257,-0.0530673,-0.0600329,-0.288645,-0.292139,0.93954,0.942221,-0.280636,-0.283294,0.483422,0.49962,0.0599796,0.0596292,6.94951,5.34635,2.23194,-0.0530673,-0.288645,0.93954
2.44,6.97115,6.99099,5.34243,5.34264,2.2303,2.23252,2.15343,2.16175,-0.402104,-0.426201,-0.164852,-0.162876,-0.0557815,-0.0625433,-0.283743,-0.287155,0.940123,0.942753,-0.262205,-0.264236,0.496629,0.512717,0.0564992,0.0561315,6.97115,5.34243,2.2303,-0.0557815,-0.283743,0.940123
2.45,6.99258,7.01224,5.33831,5.33856,2.22864,2.23083,2.13236,2.14053,-0.421246,-0.445345,-0.166429,-0.164464,-0.0583111,-0.064871,-0.278716,-0.282054,0.94067,0.943254,-0.243698,-0.245135,0.508742,0.52472,0.0530501,0.0526654,6.99258,5.33831,2.22864,-0.0583111,-0.278716,0.94067
2.46,7.0138,7.03328,5.33401,5.33429,2.22697,2.22913,2.11141,2.11943,-0.439835,-0.463951,-0.167982,-0.166021,-0.0606553,-0.0670161,-0.273572,-0.276848,0.941184,0.943724,-0.225145,-0.226018,0.51977,0.535638,0.0496327,0.0492319,7.0138,5.33401,2.22697,-0.0606553,-0.273572,0.941184
2.47,7.03481,7.0541,5.32952,5.32983,2.22528,2.22741,2.09061,2.09848,-0.457874,-0.482019,-0.169512,-0.16755,-0.0628139,-0.0689792,-0.268324,-0.271547,0.941663,0.944165,-0.206571,-0.206914,0.529723,0.545483,0.0462472,0.045831,7.03481,5.32952,2.22528,-0.0628139,-0.268324,0.941663
2.48,7.05561,7.07471,5.32485,5.32519,2.22358,2.22567,2.06997,2.07771,-0.475365,-0.499553,-0.171018,-0.16905,-0.0647868,-0.0707609,-0.262981,-0.266162,0.942109,0.944576,-0.188004,-0.187845,0.538611,0.554266,0.0428938,0.0424632,7.05561,5.32485,2.22358,-0.0647868,-0.262981,0.942109
2.49,7.07621,7.09509,5.32001,5.32038,2.22186,2.22393,2.04953,2.05714,-0.492311,-0.516552,-0.172501,-0.170523,-0.0665741,-0.0723621,-0.257555,-0.260702,0.942521,0.944957,-0.169471,-0.168842,0.546447,0.562,0.0395727,0.0391287,7.07621,5.32001,2.22186,-0.0665741,-0.257555,0.942521
2.5,7.09661,7.11527,5.31501,5.31539,2.22013,2.22216,2.02928,2.03677,-0.508719,-0.533019,-0.173962,-0.17197,-0.0681764,-0.0737841,-0.252056,-0.255178,0.9429,0.945309,-0.150997,-0.149924,0.553245,0.568701,0.0362842,0.0358277,7.09661,5.31501,2.22013,-0.0681764,-0.252056,0.9429
2.51,7.1168,7.13523,5.30984,5.31023,2.21838,2.22039,2.00926,2.01663,-0.524593,-0.54896,-0.175401,-0.173391,-0.0695943,-0.075028,-0.246494,-0.249599,0.943247,0.945632,-0.132607,-0.13112,0.559018,0.574383,0.0330283,0.0325606,7.1168,5.30984,2.21838,-0.0695943,-0.246494,0.943247
2.52,7.13679,7.15499,5.30452,5.3049,2.21662,2.2186,1.98947,1.99674,-0.53994,-0.564377,-0.176818,-0.174787,-0.0708289,-0.0760957,-0.240879,-0.243976,0.943561,0.945926,-0.114327,-0.112452,0.563782,0.579061,0.0298055,0.0293275,7.13679,5.30452,2.21662,-0.0708289,-0.240879,0.943561
2.53,7.15659,7.17454,5.29904,5.29942,2.21484,2.2168,1.96994,1.97712,-0.554766,-0.579277,-0.178215,-0.17616,-0.0718813,-0.0769888,-0.235221,-0.238317,0.943843,0.946192,-0.0961798,-0.0939426,0.567554,0.582752,0.0266157,0.0261286,7.15659,5.29904,2.21484,-0.0718813,-0.235221,0.943843
2.54,7.17619,7.19388,5.29342,5.29378,2.21306,2.21499,1.95068,1.95777,-0.56908,-0.593664,-0.179591,-0.177509,-0.072753,-0.0777092,-0.229531,-0.232632,0.944093,0.946429,-0.0781898,-0.0756135,0.570351,0.585477,0.0234592,0.0229644,7.17619,5.29342,2.21306,-0.072753,-0.229531,0.944093
2.55,7.1956,7.21302,5.28766,5.28799,2.21125,2.21316,1.93171,1.93872,-0.58289,-0.607546,-0.180948,-0.178837,-0.0734457,-0.0782594,-0.223817,-0.22693,0.944312,0.946638,-0.0603799,-0.0574877,0.572191,0.587249,0.0203362,0.0198352,7.1956,5.28766,2.21125,-0.0734457,-0.223817,0.944312
2.56,7.21483,7.23197,5.28177,5.28206,2.20944,2.21133,1.91303,1.91997,-0.596205,-0.62093,-0.182284,-0.180144,-0.0739613,-0.0786413,-0.21809,-0.221219,0.9445,0.946819,-0.0427726,-0.0395839,0.573092,0.588091,0.0172467,0.0167403,7.21483,5.28177,2.20944,-0.0739613,-0.21809,0.9445
2.57,7.23386,7.25072,5.27574,5.27598,2.20761,2.20948,1.89467,1.90155,-0.609035,-0.633824,-0.183602,-0.18143,-0.0743019,-0.0788579,-0.212359,-0.215509,0.944657,0.946971,-0.0253897,-0.0219241,0.573076,0.588023,0.0141911,0.0136805,7.23386,5.27574,2.20761,-0.0743019,-0.212359,0.944657
2.58,7.25272,7.26928,5.26959,5.26977,2.20577,2.20762,1.87663,1.88346,-0.62139,-0.646239,-0.184901,-0.182696,-0.0744699,-0.0789116,-0.206632,-0.209808,0.944784,0.947096,-0.00825234,-0.00452832,0.572162,0.587062,0.0111693,0.0106561,7.25272,5.26959,2.20577,-0.0744699,-0.206632,0.944784
2.59,7.2714,7.28766,5.26331,5.26343,2.20391,2.20575,1.85893,1.86572,-0.633282,-0.65818,-0.186181,-0.183943,-0.0744679,-0.0788051,-0.200918,-0.204124,0.944881,0.947192,0.00861891,0.0125854,0.570371,0.585233,0.00818162,0.0076666,7.2714,5.26331,2.20391,-0.0744679,-0.200918,0.944881
2.6,7.2899,7.30584,5.25692,5.25696,2.20204,2.20388,1.84158,1.84833,-0.644721,-0.669661,-0.187444,-0.185171,-0.0742985,-0.0785419,-0.195227,-0.198465,0.944948,0.947261,0.0252043,0.029399,0.567725,0.582556,0.00522809,0.0047123,7.2899,5.25692,2.20204,-0.0742985,-0.195227,0.944948
2.61,7.30823,7.32386,5.25042,5.25037,2.20016,2.20199,1.82459,1.83131,-0.655719,-0.680692,-0.188689,-0.186382,-0.0739648,-0.078125,-0.189567,-0.192839,0.944986,0.947302,0.0414846,0.0458941,0.564248,0.579054,0.00230886,0.00179337,7.30823,5.25042,2.20016,-0.0739648,-0.189567,0.944986
2.62,7.32639,7.3417,5.24381,5.24366,2.19827,2.20009,1.80796,1.81467,-0.666289,-0.691284,-0.189917,-0.187575,-0.0734699,-0.0775574,-0.183945,-0.187254,0.944994,0.947315,0.0574415,0.0620526,0.559961,0.574747,-0.000575967,-0.0010902,7.32639,5.24381,2.19827,-0.0734699,-0.183945,0.944994
2.63,7.34439,7.35936,5.2371,5.23684,2.19636,2.19818,1.79172,1.79841,-0.676444,-0.701451,-0.191128,-0.188752,-0.0728171,-0.0768429,-0.17837,-0.181716,0.944974,0.947301,0.0730572,0.0778589,0.554889,0.569661,-0.00342628,-0.00393878,7.34439,5.2371,2.19636,-0.0728171,-0.17837,0.944974
2.64,7.36223,7.37687,5.23028,5.22991,2.19445,2.19626,1.77586,1.78255,-0.686197,-0.711203,-0.192322,-0.189912,-0.0720099,-0.075985,-0.17285,-0.176233,0.944926,0.947259,0.0883148,0.093298,0.549055,0.563818,-0.00624198,-0.00675218,7.36223,5.23028,2.19445,-0.0720099,-0.17285,0.944926
2.65,7.37991,7.39421,5.22337,5.22288,2.19252,2.19434,1.76039,1.76709,-0.695561,-0.720554,-0.193501,-0.191057,-0.0710521,-0.0749872,-0.167391,-0.170812,0.944849,0.947188,0.103198,0.108352,0.542485,0.557245,-0.00902297,-0.00953031,7.37991,5.22337,2.19252,-0.0710521,-0.167391,0.944849
2.66,7.39744,7.4114,5.21637,5.21576,2.19058,2.1924,1.74533,1.75204,-0.70455,-0.729518,-0.194664,-0.192186,-0.0699473,-0.0738534,-0.162002,-0.16546,0.944745,0.947091,0.117692,0.123008,0.535203,0.549963,-0.0117692,-0.0122731,7.39744,5.21637,2.19058,-0.0699473,-0.162002,0.944745
2.67,7.41482,7.42844,5.20928,5.20853,2.18862,2.19046,1.73067,1.7374,-0.713179,-0.738109,-0.195811,-0.193299,-0.0686996,-0.0725877,-0.15669,-0.160183,0.944614,0.946965,0.131781,0.137251,0.527235,0.541999,-0.0144805,-0.0149809,7.41482,5.20928,2.18862,-0.0686996,-0.15669,0.944614
2.68,7.43205,7.44533,5.20211,5.20122,2.18666,2.1885,1.71643,1.72317,-0.721462,-0.746341,-0.196943,-0.194398,-0.067313,-0.0711938,-0.15146,-0.154988,0.944456,0.946813,0.145452,0.151068,0.518606,0.533376,-0.0171569,-0.0176537,7.43205,5.20211,2.18666,-0.067313,-0.15146,0.944456
2.69,7.44915,7.46209,5.19485,5.19383,2.18468,2.18654,1.70261,1.70937,-0.729414,-0.75423,-0.198061,-0.195483,-0.0657919,-0.0696759,-0.14632,-0.14988,0.944271,0.946632,0.158692,0.164448,0.509342,0.524122,-0.0197984,-0.0202917,7.44915,5.19485,2.18468,-0.0657919,-0.14632,0.944271
2.7,7.46611,7.47871,5.18752,5.18635,2.1827,2.18457,1.68921,1.69599,-0.73705,-0.76179,-0.199164,-0.196554,-0.0641407,-0.0680384,-0.141275,-0.144866,0.94406,0.946424,0.171489,0.177375,0.499471,0.514261,-0.0224047,-0.0228948,7.46611,5.18752,2.1827,-0.0641407,-0.141275,0.94406
2.71,7.48293,7.4952,5.18011,5.1788,2.1807,2.18259,1.67623,1.68305,-0.744385,-0.769038,-0.200252,-0.197611,-0.0623637,-0.066285,-0.136332,-0.139951,0.943823,0.946188,0.18383,0.18984,0.489018,0.503819,-0.024976,-0.0254633,7.48293,5.18011,2.1807,-0.0623637,-0.136332,0.943823
2.72,7.49963,7.51157,5.17264,5.17117,2.17869,2.18061,1.66369,1.67053,-0.751435,-0.775989,-0.201327,-0.198655,-0.0604656,-0.0644207,-0.131497,-0.13514,0.943561,0.945925,0.195706,0.201833,0.478011,0.492824,-0.0275121,-0.0279973,7.49963,5.17264,2.17869,-0.0604656,-0.131497,0.943561
2.73,7.51621,7.52782,5.16509,5.16347,2.17667,2.17861,1.65157,1.65845,-0.758216,-0.78266,-0.202389,-0.199685,-0.0584511,-0.0624494,-0.126774,-0.13044,0.943273,0.945634,0.207107,0.213342,0.466476,0.4813,-0.0300131,-0.0304967,7.51621,5.16509,2.17667,-0.0584511,-0.126774,0.943273
2.74,7.53267,7.54396,5.15747,5.15571,2.17465,2.17661,1.63989,1.6468,-0.764743,-0.789065,-0.203437,-0.200703,-0.0563251,-0.0603758,-0.122169,-0.125854,0.942961,0.945317,0.218024,0.224359,0.454441,0.469275,-0.0324788,-0.0329618,7.53267,5.15747,2.17465,-0.0563251,-0.122169,0.942961
2.75,7.54901,7.55999,5.14979,5.14789,2.17261,2.17459,1.62865,1.63559,-0.771033,-0.795224,-0.204472,-0.201708,-0.0540923,-0.0582042,-0.117686,-0.121387,0.942624,0.944971,0.228448,0.234875,0.441934,0.456775,-0.0349094,-0.0353928,7.54901,5.14979,2.17261,-0.0540923,-0.117686,0.942624
2.76,7.56524,7.57592,5.14205,5.14001,2.17056,2.17257,1.61784,1.62481,-0.7771,-0.801151,-0.205494,-0.202701,-0.0517578,-0.0559392,-0.113332,-0.117045,0.942263,0.944599,0.238372,0.244882,0.428981,0.443827,-0.0373047,-0.0377897,7.56524,5.14205,2.17056,-0.0517578,-0.113332,0.942263
2.77,7.58137,7.59175,5.13425,5.13207,2.1685,2.17054,1.60747,1.61446,-0.782962,-0.806864,-0.206504,-0.203682,-0.0493266,-0.0535855,-0.109108,-0.112831,0.941878,0.9442,0.247791,0.254374,0.41561,0.430458,-0.0396647,-0.0401527,7.58137,5.13425,2.1685,-0.0493266,-0.109108,0.941878
2.78,7.59739,7.60749,5.12639,5.12407,2.16643,2.1685,1.59753,1.60454,-0.788635,-0.81238,-0.207501,-0.204651,-0.0468037,-0.0511474,-0.105021,-0.10875,0.941469,0.943774,0.256697,0.263344,0.401849,0.416695,-0.0419895,-0.0424818,7.59739,5.12639,2.16643,-0.0468037,-0.105021,0.941469
2.79,7.61332,7.62314,5.11848,5.11603,2.16435,2.16645,1.58802,1.59506,-0.794134,-0.817714,-0.208487,-0.205609,-0.0441943,-0.04863,-0.101072,-0.104805,0.941038,0.943322,0.265087,0.271787,0.387726,0.402565,-0.0442791,-0.0447771,7.61332,5.11848,2.16435,-0.0441943,-0.101072,0.941038
2.8,7.62915,7.63871,5.11051,5.10794,2.16226,2.16439,1.57895,1.586,-0.799476,-0.822886,-0.209461,-0.206556,-0.0415037,-0.0460377,-0.0972672,-0.100999,0.940584,0.942842,0.272957,0.279698,0.373267,0.388095,-0.0465334,-0.047039,7.62915,5.11051,2.16226,-0.0415037,-0.0972672,0.940584
2.81,7.6449,7.65421,5.10249,5.0998,2.16016,2.16232,1.5703,1.57737,-0.804677,-0.827912,-0.210423,-0.207492,-0.0387369,-0.0433751,-0.0936081,-0.0973373,0.940107,0.942337,0.280302,0.287074,0.358502,0.373311,-0.0487525,-0.0492674,7.6449,5.10249,2.16016,-0.0387369,-0.0936081,0.940107
2.82,7.66056,7.66963,5.09442,5.09161,2.15805,2.16024,1.56208,1.56916,-0.809752,-0.832806,-0.211374,-0.208417,-0.0358994,-0.0406471,-0.0900981,-0.0938218,0.939609,0.941806,0.287122,0.293911,0.343456,0.35824,-0.0509364,-0.0514624,7.66056,5.09442,2.15805,-0.0358994,-0.0900981,0.939609
2.83,7.67614,7.68499,5.0863,5.08338,2.15593,2.15815,1.55428,1.56136,-0.814719,-0.837588,-0.212314,-0.209331,-0.0329963,-0.0378582,-0.0867399,-0.0904554,0.939089,0.94125,0.293414,0.300208,0.328157,0.342911,-0.0530851,-0.053624,7.67614,5.0863,2.15593,-0.0329963,-0.0867399,0.939089
2.84,7.69165,7.70028,5.07812,5.07511,2.1538,2.15606,1.5469,1.55398,-0.819593,-0.842274,-0.213243,-0.210236,-0.0300329,-0.0350133,-0.0835357,-0.0872407,0.938547,0.940668,0.299178,0.305964,0.312633,0.327348,-0.0551988,-0.0557525,7.69165,5.07812,2.1538,-0.0300329,-0.0835357,0.938547
2.85,7.70708,7.71551,5.0699,5.0668,2.15166,2.15395,1.53994,1.547,-0.82439,-0.84688,-0.214162,-0.211131,-0.0270145,-0.0321172,-0.0804879,-0.0841804,0.937985,0.940061,0.304414,0.311177,0.296911,0.31158,-0.0572773,-0.0578478,7.70708,5.0699,2.15166,-0.0270145,-0.0804879,0.937985
2.86,7.72245,7.73069,5.06164,5.05844,2.14952,2.15183,1.53338,1.54043,-0.829125,-0.851422,-0.21507,-0.212015,-0.0239463,-0.0291741,-0.0775981,-0.0812764,0.937402,0.93943,0.309122,0.31585,0.281017,0.295632,-0.0593208,-0.0599101,7.72245,5.06164,2.14952,-0.0239463,-0.0775981,0.937402
2.87,7.73775,7.74582,5.05332,5.05005,2.14736,2.1497,1.52723,1.53425,-0.833814,-0.855917,-0.215968,-0.212891,-0.0208338,-0.0261893,-0.074868,-0.0785306,0.936799,0.938774,0.313304,0.319982,0.264978,0.27953,-0.0613293,-0.0619393,7.73775,5.05332,2.14736,-0.0208338,-0.074868,0.936799
2.88,7.75299,7.76091,5.04496,5.04162,2.1452,2.14755,1.52147,1.52846,-0.838472,-0.86038,-0.216856,-0.213757,-0.017682,-0.0231673,-0.0722989,-0.0759442,0.936175,0.938095,0.316962,0.323577,0.24882,0.263299,-0.0633028,-0.0639358,7.75299,5.04496,2.1452,-0.017682,-0.0722989,0.936175
2.89,7.76818,7.77595,5.03655,5.03314,2.14303,2.1454,1.5161,1.52305,-0.843115,-0.864828,-0.217734,-0.214616,-0.0144963,-0.0201127,-0.0698919,-0.0735188,0.935533,0.937392,0.3201,0.326637,0.232569,0.246969,-0.0652415,-0.0658993,7.76818,5.03655,2.14303,-0.0144963,-0.0698919,0.935533
2.9,7.78332,7.79095,5.0281,5.02463,2.14084,2.14324,1.51111,1.51801,-0.847757,-0.869275,-0.218602,-0.215465,-0.0112817,-0.0170305,-0.0676478,-0.0712555,0.934871,0.936667,0.322722,0.329167,0.216252,0.230562,-0.0671454,-0.0678299,7.78332,5.0281,2.14084,-0.0112817,-0.0676478,0.934871
2.91,7.7984,7.80591,5.0196,5.01608,2.13865,2.14106,1.5065,1.51335,-0.852414,-0.873738,-0.219461,-0.216306,-0.00804354,-0.0139249,-0.065567,-0.0691549,0.93419,0.93592,0.324831,0.331171,0.199893,0.214103,-0.0690146,-0.0697276,7.7984,5.0196,2.13865,-0.00804354,-0.065567,0.93419
2.92,7.81345,7.82085,5.01105,5.00749,2.13646,2.13887,1.50226,1.50903,-0.857099,-0.87823,-0.220311,-0.217139,-0.00478681,-0.0108009,-0.06365,-0.0672177,0.933491,0.935151,0.326433,0.332655,0.183518,0.197619,-0.0708492,-0.0715925,7.81345,5.01105,2.13646,-0.00478681,-0.06365,0.933491
2.93,7.82845,7.83575,5.00246,4.99885,2.13425,2.13667,1.49837,1.50507,-0.861827,-0.882767,-0.221152,-0.217964,-0.00151656,-0.00766287,-0.0618966,-0.0654439,0.932773,0.934362,0.327533,0.333625,0.167151,0.181135,-0.0726491,-0.0734247,7.82845,5.00246,2.13425,-0.00151656,-0.0618966,0.932773
2.94,7.84342,7.85063,4.99381,4.99017,2.13203,2.13446,1.49484,1.50145,-0.866612,-0.887361,-0.221984,-0.218782,0.00176221,-0.00451586,-0.0603068,-0.0638337,0.932038,0.933551,0.328139,0.334089,0.150817,0.164672,-0.0744146,-0.0752239,7.84342,4.99381,2.13203,0.00176221,-0.0603068,0.932038
2.95,7.85835,7.86548,4.98512,4.98146,2.12981,2.13224,1.49164,1.49816,-0.871467,-0.892028,-0.222807,-0.219591,0.00504459,-0.0013639,-0.0588801,-0.0623867,0.931285,0.932722,0.328257,0.334053,0.134538,0.148258,-0.0761458,-0.0769906,7.85835,4.98512,2.12981,0.00504459,-0.0588801,0.931285
2.96,7.87325,7.88031,4.97638,4.97269,2.12758,2.13001,1.48878,1.49518,-0.876406,-0.896779,-0.223621,-0.220394,0.00832575,0.00178828,-0.0576158,-0.0611021,0.930515,0.931873,0.327895,0.333527,0.11834,0.131912,-0.0778426,-0.0787241,7.87325,4.97638,2.12758,0.00832575,-0.0576158,0.930515
2.97,7.88812,7.89513,4.96759,4.96388,2.12534,2.12776,1.48623,1.49252,-0.881441,-0.90163,-0.224427,-0.221189,0.0116009,0.00493615,-0.056513,-0.0599797,0.929728,0.931005,0.327062,0.332521,0.102244,0.115662,-0.0795053,-0.0804249,7.88812,4.96759,2.12534,0.0116009,-0.056513,0.929728
2.98,7.90298,7.90993,4.95875,4.95503,2.12309,2.12551,1.484,1.49016,-0.886585,-0.906591,-0.225225,-0.221978,0.0148655,0.00807555,-0.0555705,-0.0590177,0.928925,0.93012,0.325766,0.331044,0.0862728,0.0995269,-0.081134,-0.0820928,7.90298,4.95875,2.12309,0.0148655,-0.0555705,0.928925
2.99,7.91781,7.92471,4.94986,4.94612,2.12083,2.12324,1.48207,1.48808,-0.891851,-0.911675,-0.226014,-0.222759,0.0181147,0.0112017,-0.054787,-0.0582153,0.928106,0.929218,0.324016,0.329107,0.0704482,0.0835306,-0.0827286,-0.0837279,7.91781,4.94986,2.12083,0.0181147,-0.054787,0.928106
3,7.93262,7.93948,4.94092,4.93717,2.11857,2.12096,1.48043,1.48629,-0.89725,-0.916894,-0.226796,-0.223534,0.0213443,0.0143105,-0.054161,-0.0575708,0.92727,0.928299,0.321823,0.326721,0.0547916,0.0676938,-0.0842895,-0.0853301,7.93262,4.94092,2.11857,0.0213443,-0.054161,0.92727
3.01,7.94742,7.95424,4.93192,4.92816,2.1163,2.11867,1.47906,1.48476,-0.902794,-0.922258,-0.22757,-0.224303,0.0245498,0.017398,-0.0536906,-0.0570826,0.92642,0.927365,0.319197,0.323898,0.0393235,0.052039,-0.0858167,-0.086899,7.94742,4.93192,2.1163,0.0245498,-0.0536906,0.92642
3.02,7.9622,7.96898,4.92286,4.9191,2.11402,2.11637,1.47797,1.48348,-0.908493,-0.92778,-0.228336,-0.225064,0.0277268,0.0204596,-0.0533738,-0.0567484,0.925554,0.926416,0.316149,0.32065,0.024064,0.0365859,-0.0873103,-0.0884351,7.9622,4.92286,2.11402,0.0277268,-0.0533738,0.925554
3.03,7.97698,7.98372,4.91375,4.90998,2.11173,2.11406,1.47712,1.48244,-0.914358,-0.933468,-0.229095,-0.22582,0.0308714,0.0234916,-0.0532085,-0.0565663,0.924674,0.925453,0.31269,0.316989,0.00903253,0.0213546,-0.0887704,-0.0899382,7.97698,4.91375,2.11173,0.0308714,-0.0532085,0.924674
3.04,7.99174,7.99846,4.90457,4.9008,2.10943,2.11173,1.47653,1.48164,-0.9204,-0.939333,-0.229846,-0.226569,0.0339793,0.0264899,-0.0531923,-0.0565337,0.923779,0.924476,0.308832,0.312931,-0.00575213,0.00636291,-0.0901973,-0.0914081,7.99174,4.90457,2.10943,0.0339793,-0.0531923,0.923779
3.05,8.00651,8.01319,4.89534,4.89156,2.10713,2.1094,1.47616,1.48105,-0.926628,-0.945383,-0.23059,-0.227311,0.0370467,0.0294503,-0.0533227,-0.056648,0.92287,0.923487,0.304587,0.308486,-0.0202719,-0.00836527,-0.091591,-0.092845,8.00651,4.89534,2.10713,0.0370467,-0.0533227,0.92287
3.06,8.02127,8.02792,4.88604,4.88226,2.10482,2.10706,1.47601,1.48067,-0.933051,-0.951628,-0.231326,-0.228048,0.0400698,0.0323696,-0.0535968,-0.0569062,0.921947,0.922485,0.299968,0.303671,-0.0345092,-0.0228169,-0.0929517,-0.0942488,8.02127,4.88604,2.10482,0.0400698,-0.0535968,0.921947
3.07,8.03603,8.04264,4.87668,4.8729,2.10251,2.10471,1.47607,1.48048,-0.939679,-0.958076,-0.232056,-0.228778,0.0430449,0.0352437,-0.0540119,-0.0573058,0.921011,0.921472,0.294987,0.298499,-0.0484474,-0.0369739,-0.0942795,-0.0956193,8.03603,4.87668,2.10251,0.0430449,-0.0540119,0.921011
3.08,8.05079,8.05736,4.86725,4.86347,2.10018,2.10235,1.47633,1.48047,-0.94652,-0.964736,-0.232779,-0.229502,0.0459684,0.0380695,-0.0545647,-0.0578432,0.920062,0.920448,0.289658,0.292984,-0.0620705,-0.050818,-0.0955746,-0.0969568,8.05079,4.86725,2.10018,0.0459684,-0.0545647,0.920062
3.09,8.06555,8.07208,4.85774,4.85397,2.09785,2.09999,1.47676,1.48063,-0.953581,-0.971612,-0.233495,-0.23022,0.0488369,0.0408433,-0.0552522,-0.0585151,0.9191,0.919415,0.283994,0.287142,-0.0753631,-0.0643335,-0.0968372,-0.0982611,8.06555,4.85774,2.09785,0.0488369,-0.0552522,0.9191
3.1,8.08033,8.0868,4.84817,4.84439,2.09551,2.09761,1.47737,1.48095,-0.96087,-0.978715,-0.234204,-0.230932,0.0516472,0.0435618,-0.0560708,-0.0593183,0.918125,0.918372,0.278009,0.280986,-0.0883106,-0.0775052,-0.0980674,-0.0995321,8.08033,4.84817,2.09551,0.0516472,-0.0560708,0.918125
3.11,8.0951,8.10152,4.83853,4.83474,2.09317,2.09523,1.47813,1.48141,-0.968394,-0.986048,-0.234906,-0.231638,0.0543961,0.0462222,-0.0570172,-0.0602487,0.917138,0.917319,0.271717,0.274532,-0.100899,-0.0903184,-0.0992653,-0.10077,8.0951,4.83853,2.09317,0.0543961,-0.0570172,0.917138
3.12,8.10989,8.11624,4.8288,4.82502,2.09081,2.09284,1.47904,1.48199,-0.97616,-0.993618,-0.235603,-0.232338,0.0570806,0.0488212,-0.0580876,-0.061303,0.91614,0.91626,0.265132,0.267797,-0.113116,-0.10276,-0.100431,-0.101975,8.10989,4.8288,2.09081,0.0570806,-0.0580876,0.91614
3.13,8.12468,8.13096,4.819,4.81521,2.08845,2.09045,1.48007,1.48269,-0.984173,-1.00143,-0.236292,-0.233032,0.0596978,0.0513562,-0.0592782,-0.0624768,0.91513,0.915192,0.258268,0.260794,-0.124949,-0.114817,-0.101565,-0.103147,8.12468,4.819,2.08845,0.0596978,-0.0592782,0.91513
3.14,8.13949,8.14568,4.80912,4.80533,2.08609,2.08805,1.48123,1.4835,-0.992438,-1.00949,-0.236976,-0.233721,0.062245,0.0538245,-0.0605852,-0.0637666,0.914109,0.914117,0.25114,0.253538,-0.136385,-0.126474,-0.102668,-0.104286,8.13949,4.80912,2.08609,0.062245,-0.0605852,0.914109
3.15,8.15431,8.16041,4.79915,4.79536,2.08371,2.08564,1.48249,1.4844,-1.00096,-1.0178,-0.237653,-0.234403,0.0647198,0.0562235,-0.0620046,-0.0651678,0.913077,0.913036,0.243763,0.246048,-0.147416,-0.137724,-0.103738,-0.105391,8.15431,4.79915,2.08371,0.0647198,-0.0620046,0.913077
3.16,8.16914,8.17514,4.7891,4.7853,2.08133,2.08323,1.48384,1.48538,-1.00975,-1.02637,-0.238325,-0.23508,0.0671195,0.058551,-0.0635322,-0.0666765,0.912034,0.911948,0.236151,0.238334,-0.15803,-0.148555,-0.104778,-0.106464,8.16914,4.7891,2.08133,0.0671195,-0.0635322,0.912034
3.17,8.18399,8.18986,4.77896,4.77515,2.07895,2.08081,1.48528,1.48643,-1.0188,-1.0352,-0.23899,-0.235751,0.069442,0.0608048,-0.0651638,-0.0682881,0.910981,0.910855,0.228319,0.230414,-0.168218,-0.158958,-0.105786,-0.107504,8.18399,4.77896,2.07895,0.069442,-0.0651638,0.910981
3.18,8.19885,8.2046,4.76872,4.76491,2.07655,2.07839,1.48678,1.48753,-1.02812,-1.04429,-0.239649,-0.236417,0.0716852,0.0629828,-0.0668951,-0.0699984,0.909918,0.909757,0.220282,0.222304,-0.177973,-0.168922,-0.106764,-0.108511,8.19885,4.76872,2.07655,0.0716852,-0.0668951,0.909918
3.19,8.21372,8.21933,4.75839,4.75458,2.07415,2.07597,1.48833,1.48867,-1.03772,-1.05364,-0.240303,-0.237077,0.073847,0.0650836,-0.0687217,-0.071803,0.908846,0.908655,0.212055,0.214017,-0.187287,-0.178442,-0.10771,-0.109487,8.21372,4.75839,2.07415,0.073847,-0.0687217,0.908846
3.2,8.22861,8.23407,4.74797,4.74415,2.07175,2.07354,1.48993,1.48985,-1.04759,-1.06326,-0.240951,-0.237732,0.0759257,0.0671054,-0.0706393,-0.0736972,0.907764,0.907547,0.203653,0.205568,-0.196152,-0.187509,-0.108626,-0.110429,8.22861,4.74797,2.07175,0.0759257,-0.0706393,0.907764
3.21,8.24352,8.24881,4.73744,4.73362,2.06934,2.07111,1.49155,1.49104,-1.05774,-1.07315,-0.241593,-0.238381,0.0779196,0.0690463,-0.0726433,-0.0756763,0.906674,0.906436,0.195091,0.196974,-0.204563,-0.196117,-0.109512,-0.111339,8.24352,4.73744,2.06934,0.0779196,-0.0726433,0.906674
3.22,8.25844,8.26356,4.72681,4.72299,2.06692,2.06868,1.4932,1.49224,-1.06816,-1.0833,-0.24223,-0.239025,0.079827,0.0709053,-0.074729,-0.0777358,0.905574,0.905322,0.186383,0.188247,-0.212515,-0.204261,-0.110368,-0.112217,8.25844,4.72681,2.06692,0.079827,-0.074729,0.905574
3.23,8.27338,8.27831,4.71608,4.71226,2.06449,2.06624,1.49484,1.49344,-1.07887,-1.09373,-0.242861,-0.239664,0.0816468,0.0726816,-0.076892,-0.0798712,0.904466,0.904204,0.177545,0.179402,-0.220004,-0.211938,-0.111193,-0.113064,8.27338,4.71608,2.06449,0.0816468,-0.076892,0.904466
3.24,8.28834,8.29306,4.70523,4.70141,2.06206,2.0638,1.49649,1.49463,-1.08986,-1.10443,-0.243487,-0.240298,0.0833776,0.0743739,-0.0791276,-0.0820777,0.90335,0.903082,0.168591,0.170453,-0.227026,-0.219141,-0.111989,-0.113879,8.28834,4.70523,2.06206,0.0833776,-0.0791276,0.90335
3.25,8.30331,8.30782,4.69428,4.69046,2.05962,2.06136,1.49811,1.49579,-1.10113,-1.1154,-0.244108,-0.240926,0.0850183,0.0759815,-0.081431,-0.0843503,0.902227,0.901958,0.159535,0.161415,-0.233578,-0.225871,-0.112755,-0.114662,8.30331,4.69428,2.05962,0.0850183,-0.081431,0.902227
3.26,8.3183,8.32258,4.68321,4.6794,2.05718,2.05892,1.4997,1.49691,-1.11268,-1.12664,-0.244723,-0.24155,0.086568,0.0775038,-0.0837976,-0.0866846,0.901095,0.900831,0.150393,0.152299,-0.239658,-0.232124,-0.113492,-0.115414,8.3183,4.68321,2.05718,0.086568,-0.0837976,0.901095
3.27,8.33331,8.33734,4.67202,4.66822,2.05473,2.05648,1.50125,1.49799,-1.12451,-1.13815,-0.245334,-0.242169,0.0880259,0.0789402,-0.0862226,-0.0890755,0.899957,0.899702,0.141178,0.143122,-0.245265,-0.237899,-0.1142,-0.116136,8.33331,4.67202,2.05473,0.0880259,-0.0862226,0.899957
3.28,8.34833,8.35211,4.66072,4.65692,2.05227,2.05404,1.50275,1.49902,-1.13662,-1.14993,-0.245939,-0.242782,0.0893913,0.0802904,-0.0887013,-0.0915187,0.898812,0.89857,0.131905,0.133895,-0.250399,-0.243197,-0.114879,-0.116826,8.34833,4.66072,2.05227,0.0893913,-0.0887013,0.898812
3.29,8.36336,8.36688,4.64929,4.64551,2.04981,2.05159,1.50418,1.49997,-1.149,-1.16197,-0.246539,-0.243392,0.0906638,0.0815544,-0.091229,-0.0940093,0.897659,0.897436,0.122587,0.124631,-0.255059,-0.248018,-0.11553,-0.117487,8.36336,4.64929,2.04981,0.0906638,-0.091229,0.897659
3.3,8.37841,8.38165,4.63774,4.63397,2.04734,2.04915,1.50554,1.50086,-1.16166,-1.17428,-0.247134,-0.243995,0.091843,0.0827319,-0.0938009,-0.0965421,0.896501,0.8963,0.113238,0.115343,-0.259247,-0.252362,-0.116151,-0.118118,8.37841,4.63774,2.04734,0.091843,-0.0938009,0.896501
3.31,8.39347,8.39643,4.62606,4.62231,2.04487,2.0467,1.50682,1.50166,-1.1746,-1.18685,-0.247724,-0.244594,0.0929285,0.0838234,-0.0964123,-0.0991133,0.895337,0.895161,0.103873,0.106043,-0.262964,-0.256233,-0.116745,-0.118719,8.39347,4.62606,2.04487,0.0929285,-0.0964123,0.895337
3.32,8.40855,8.4112,4.61424,4.61052,2.04239,2.04425,1.508,1.50237,-1.1878,-1.19969,-0.24831,-0.245188,0.0939204,0.0848284,-0.0990586,-0.101717,0.894166,0.894021,0.0945031,0.0967436,-0.266214,-0.259632,-0.117311,-0.11929,8.40855,4.61424,2.04239,0.0939204,-0.0990586,0.894166
3.33,8.42363,8.42598,4.6023,4.59861,2.0399,2.0418,1.50907,1.50297,-1.20127,-1.21277,-0.248891,-0.245777,0.0948186,0.0857481,-0.101735,-0.10435,0.89299,0.892878,0.0851424,0.0874566,-0.268998,-0.262563,-0.117849,-0.119833,8.42363,4.6023,2.0399,0.0948186,-0.101735,0.89299
3.34,8.43873,8.44076,4.59022,4.58656,2.03741,2.03935,1.51003,1.50347,-1.215,-1.22612,-0.249467,-0.24636,0.0956233,0.0865823,-0.104437,-0.107006,0.891809,0.891734,0.0758035,0.0781933,-0.27132,-0.265032,-0.11836,-0.120347,8.43873,4.59022,2.03741,0.0956233,-0.104437,0.891809
3.35,8.45383,8.45554,4.578,4.57437,2.03491,2.0369,1.51087,1.50385,-1.22899,-1.23971,-0.250038,-0.246939,0.0963348,0.0873318,-0.10716,-0.109682,0.890623,0.890587,0.0664988,0.0689651,-0.273186,-0.267042,-0.118843,-0.120833,8.45383,4.578,2.03491,0.0963348,-0.10716,0.890623
3.36,8.46895,8.47033,4.56564,4.56206,2.03241,2.03444,1.51157,1.50411,-1.24324,-1.25355,-0.250605,-0.247512,0.0969535,0.0879973,-0.109899,-0.112373,0.889433,0.889439,0.0572403,0.0597827,-0.274599,-0.2686,-0.119299,-0.12129,8.46895,4.56564,2.03241,0.0969535,-0.109899,0.889433
3.37,8.48406,8.48511,4.55313,4.5496,2.0299,2.03199,1.51213,1.50423,-1.25773,-1.26764,-0.251167,-0.248079,0.0974798,0.0885796,-0.11265,-0.115073,0.888237,0.888288,0.04804,0.0506564,-0.275566,-0.269709,-0.119728,-0.121721,8.48406,4.55313,2.0299,0.0974798,-0.11265,0.888237
3.38,8.49919,8.49989,4.54048,4.537,2.02738,2.02953,1.51255,1.50422,-1.27247,-1.28196,-0.251725,-0.248641,0.0979145,0.0890793,-0.115409,-0.11778,0.887038,0.887135,0.0389092,0.0415982,-0.276093,-0.270378,-0.120131,-0.122124,8.49919,4.54048,2.02738,0.0979145,-0.115409,0.887038
3.39,8.51431,8.51467,4.52768,4.52426,2.02486,2.02707,1.5128,1.50406,-1.28745,-1.29651,-0.252278,-0.249197,0.0982583,0.0894975,-0.118171,-0.120488,0.885835,0.885979,0.0298591,0.0326159,-0.276186,-0.270614,-0.120508,-0.122501,8.51431,4.52768,2.02486,0.0982583,-0.118171,0.885835
3.4,8.52944,8.52944,4.51473,4.51138,2.02234,2.02461,1.51289,1.50375,-1.30266,-1.3113,-0.252827,-0.249748,0.098512,0.089835,-0.120931,-0.123193,0.884628,0.884821,0.0209004,0.0237222,-0.275853,-0.270426,-0.120859,-0.122851,8.52944,4.51473,2.02234,0.098512,-0.120931,0.884628
3.41,8.54457,8.54422,4.50163,4.49835,2.01981,2.02215,1.5128,1.50328,-1.3181,-1.3263,-0.253372,-0.250292,0.0986766,0.0900932,-0.123687,-0.125891,0.883418,0.883661,0.0120437,0.0149248,-0.275102,-0.269819,-0.121183,-0.123175,8.54457,4.50163,2.01981,0.0986766,-0.123687,0.883418
3.42,8.5597,8.55898,4.48837,4.48517,2.01727,2.01968,1.51254,1.50264,-1.33376,-1.34153,-0.253912,-0.25083,0.0987532,0.0902732,-0.126432,-0.128578,0.882204,0.882499,0.00329893,0.00623322,-0.273941,-0.268805,-0.121482,-0.123473,8.5597,4.48837,2.01727,0.0987532,-0.126432,0.882204
3.43,8.57482,8.57374,4.47495,4.47184,2.01473,2.01721,1.51209,1.50184,-1.34963,-1.35696,-0.254448,-0.251361,0.098743,0.090376,-0.129164,-0.13125,0.880988,0.881333,-0.00532422,-0.00234292,-0.272378,-0.267391,-0.121756,-0.123747,8.57482,4.47495,2.01473,0.098743,-0.129164,0.880988
3.44,8.58994,8.5885,4.46138,4.45836,2.01218,2.01474,1.51144,1.50086,-1.36571,-1.37261,-0.25498,-0.251885,0.0986472,0.0904029,-0.131878,-0.133902,0.879769,0.880165,-0.0138165,-0.010796,-0.270423,-0.265587,-0.122005,-0.123995,8.58994,4.46138,2.01218,0.0986472,-0.131878,0.879769
3.45,8.60505,8.60325,4.44764,4.44472,2.00963,2.01226,1.5106,1.49971,-1.38199,-1.38845,-0.255508,-0.252402,0.0984671,0.0903554,-0.134571,-0.13653,0.878548,0.878994,-0.0221689,-0.0191171,-0.268085,-0.263404,-0.122229,-0.12422,8.60505,4.44764,2.00963,0.0984671,-0.134571,0.878548
3.46,8.62015,8.61799,4.43374,4.43093,2.00707,2.00979,1.50955,1.49836,-1.39846,-1.40449,-0.256032,-0.252912,0.0982043,0.0902346,-0.137239,-0.139132,0.877325,0.87782,-0.030373,-0.0272975,-0.265375,-0.260851,-0.122429,-0.12442,8.62015,4.43374,2.00707,0.0982043,-0.137239,0.877325
3.47,8.63524,8.63272,4.41967,4.41698,2.00451,2.0073,1.5083,1.49683,-1.41512,-1.42071,-0.256552,-0.253415,0.0978602,0.0900418,-0.139877,-0.141702,0.8761,0.876643,-0.0384206,-0.0353295,-0.262303,-0.257938,-0.122604,-0.124597,8.63524,4.41967,2.00451,0.0978602,-0.139877,0.8761
3.48,8.65032,8.64743,4.40543,4.40287,2.00194,2.00481,1.50683,1.49511,-1.43196,-1.43712,-0.257067,-0.25391,0.0974364,0.0897788,-0.142484,-0.144238,0.874873,0.875463,-0.0463041,-0.0432074,-0.25888,-0.254679,-0.122755,-0.12475,8.65032,4.40543,2.00194,0.0974364,-0.142484,0.874873
3.49,8.66538,8.66213,4.39103,4.38859,1.99937,2.00232,1.50514,1.49319,-1.44896,-1.4537,-0.257579,-0.254397,0.0969347,0.0894469,-0.145054,-0.146736,0.873645,0.87428,-0.0540162,-0.050921,-0.255117,-0.251082,-0.122882,-0.12488,8.66538,4.39103,1.99937,0.0969347,-0.145054,0.873645
3.5,8.68042,8.67682,4.37645,4.37416,1.99679,1.99983,1.50323,1.49107,-1.46613,-1.47044,-0.258087,-0.254876,0.0963567,0.0890475,-0.147585,-0.149193,0.872415,0.873093,-0.0615499,-0.0584658,-0.251025,-0.24716,-0.122986,-0.124988,8.68042,4.37645,1.99679,0.0963567,-0.147585,0.872415
3.51,8.69544,8.69149,4.36171,4.35955,1.99421,1.99732,1.50109,1.48875,-1.48345,-1.48734,-0.258591,-0.255347,0.0957043,0.0885822,-0.150073,-0.151605,0.871185,0.871903,-0.0688987,-0.0658352,-0.246615,-0.242923,-0.123067,-0.125074,8.69544,4.36171,1.99421,0.0957043,-0.150073,0.871185
3.52,8.71044,8.70614,4.34678,4.34479,1.99162,1.99482,1.49872,1.48622,-1.50091,-1.5044,-0.259091,-0.255809,0.0949794,0.0880524,-0.152516,-0.153968,0.869954,0.87071,-0.0760567,-0.0730201,-0.241901,-0.238385,-0.123125,-0.125138,8.71044,4.34678,1.99162,0.0949794,-0.152516,0.869954
3.53,8.72541,8.72077,4.33169,4.32985,1.98902,1.9923,1.49612,1.48348,-1.51851,-1.5216,-0.259587,-0.256263,0.0941838,0.08746,-0.15491,-0.156281,0.868723,0.869513,-0.0830181,-0.0800178,-0.236893,-0.233557,-0.12316,-0.12518,8.72541,4.33169,1.98902,0.0941838,-0.15491,0.868723
3.54,8.74036,8.73538,4.31641,4.31475,1.98643,1.98979,1.49328,1.48053,-1.53624,-1.53893,-0.260079,-0.256709,0.0933197,0.0868061,-0.157253,-0.158541,0.867491,0.868312,-0.0897777,-0.0868211,-0.231604,-0.22845,-0.123172,-0.125201,8.74036,4.31641,1.98643,0.0933197,-0.157253,0.867491
3.55,8.75528,8.74997,4.30096,4.29948,1.98382,1.98726,1.49021,1.47737,-1.55408,-1.55639,-0.260568,-0.257145,0.092389,0.0860926,-0.159542,-0.160743,0.866259,0.867108,-0.0963306,-0.0934264,-0.226047,-0.223078,-0.123163,-0.125201,8.75528,4.30096,1.98382,0.092389,-0.159542,0.866259
3.56,8.77016,8.76453,4.28533,4.28403,1.98121,1.98473,1.48689,1.474,-1.57203,-1.57398,-0.261053,-0.257574,0.0913938,0.0853213,-0.161773,-0.162886,0.865028,0.865901,-0.102672,-0.0998269,-0.220234,-0.217453,-0.123131,-0.125181,8.77016,4.28533,1.98121,0.0913938,-0.161773,0.865028
3.57,8.78502,8.77906,4.26952,4.26842,1.9786,1.98219,1.48334,1.47041,-1.59009,-1.59167,-0.261534,-0.257993,0.0903362,0.0844932,-0.163945,-0.164968,0.863797,0.86469,-0.108799,-0.106019,-0.214179,-0.211586,-0.123078,-0.125141,8.78502,4.26952,1.9786,0.0903362,-0.163945,0.863797
3.58,8.79983,8.79356,4.25353,4.25263,1.97598,1.97965,1.47954,1.4666,-1.60823,-1.60947,-0.262012,-0.258404,0.0892185,0.0836102,-0.166056,-0.166986,0.862566,0.863475,-0.114706,-0.111998,-0.207893,-0.20549,-0.123003,-0.12508,8.79983,4.25353,1.97598,0.0892185,-0.166056,0.862566
3.59,8.81461,8.80803,4.23736,4.23666,1.97336,1.9771,1.4755,1.46257,-1.62646,-1.62737,-0.262486,-0.258807,0.0880428,0.0826742,-0.168103,-0.168938,0.861337,0.862257,-0.120392,-0.11776,-0.20139,-0.199179,-0.122907,-0.125,8.81461,4.23736,1.97336,0.0880428,-0.168103,0.861337
3.6,8.82934,8.82246,4.221,4.22052,1.97073,1.97454,1.47122,1.45833,-1.64476,-1.64535,-0.262956,-0.259201,0.0868114,0.0816868,-0.170083,-0.170821,0.860108,0.861036,-0.125853,-0.123302,-0.194683,-0.192663,-0.122791,-0.1249,8.82934,4.221,1.97073,0.0868114,-0.170083,0.860108
3.61,8.84403,8.83686,4.20446,4.2042,1.9681,1.97198,1.46669,1.45387,-1.66312,-1.66341,-0.263423,-0.259587,0.0855265,0.0806493,-0.171996,-0.172635,0.858881,0.859811,-0.131086,-0.128622,-0.187785,-0.185956,-0.122653,-0.124781,8.84403,4.20446,1.9681,0.0855265,-0.171996,0.858881
3.62,8.85867,8.85122,4.18774,4.18771,1.96547,1.96941,1.46192,1.44919,-1.68154,-1.68154,-0.263886,-0.259966,0.0841905,0.0795636,-0.173838,-0.174377,0.857655,0.858583,-0.136089,-0.133716,-0.180708,-0.17907,-0.122496,-0.124642,8.85867,4.18774,1.96547,0.0841905,-0.173838,0.857655
3.63,8.87327,8.86553,4.17083,4.17103,1.96282,1.96683,1.45691,1.4443,-1.7,-1.69973,-0.264346,-0.260336,0.0828055,0.0784312,-0.175609,-0.176045,0.856431,0.857352,-0.140861,-0.138581,-0.173467,-0.172016,-0.122318,-0.124485,8.87327,4.17083,1.96282,0.0828055,-0.175609,0.856431
3.64,8.88781,8.8798,4.15374,4.15418,1.96018,1.96425,1.45166,1.43919,-1.7185,-1.71797,-0.264802,-0.260699,0.081374,0.077254,-0.177307,-0.17764,0.855209,0.856118,-0.145401,-0.143216,-0.166073,-0.164809,-0.122121,-0.12431,8.88781,4.15374,1.96018,0.081374,-0.177307,0.855209
3.65,8.9023,8.89404,4.13646,4.13716,1.95753,1.96166,1.44617,1.43386,-1.73702,-1.73625,-0.265254,-0.261055,0.0798983,0.0760336,-0.17893,-0.179158,0.853989,0.854881,-0.149706,-0.147619,-0.158541,-0.157461,-0.121904,-0.124115,8.9023,4.13646,1.95753,0.0798983,-0.17893,0.853989
3.66,8.91673,8.90821,4.119,4.11995,1.95487,1.95906,1.44044,1.42832,-1.75556,-1.75457,-0.265704,-0.261404,0.0783807,0.0747712,-0.180477,-0.1806,0.852771,0.853642,-0.153778,-0.151789,-0.150882,-0.149981,-0.121668,-0.123903,8.91673,4.119,1.95487,0.0783807,-0.180477,0.852771
3.67,8.93111,8.92234,4.10135,4.10256,1.95221,1.95645,1.43447,1.42257,-1.77411,-1.77292,-0.26615,-0.261748,0.0768235,0.0734693,-0.181948,-0.181964,0.851555,0.8524,-0.157614,-0.155726,-0.14311,-0.142385,-0.121413,-0.123672,8.93111,4.10135,1.95221,0.0768235,-0.181948,0.851555
3.68,8.94542,8.93642,4.08351,4.08499,1.94955,1.95384,1.42826,1.4166,-1.79266,-1.79128,-0.266592,-0.262084,0.0752292,0.0721288,-0.183339,-0.183249,0.850343,0.851156,-0.161216,-0.159427,-0.135236,-0.134683,-0.12114,-0.123423,8.94542,4.08351,1.94955,0.0752292,-0.183339,0.850343
3.69,8.95967,8.95044,4.0655,4.06724,1.94688,1.95122,1.42183,1.41043,-1.81121,-1.80965,-0.267031,-0.262416,0.0736,0.0707518,-0.184652,-0.184455,0.849133,0.84991,-0.164583,-0.162894,-0.127275,-0.126887,-0.120848,-0.123157,8.95967,4.0655,1.94688,0.0736,-0.184652,0.849133
3.7,8.97386,8.96441,4.04729,4.04931,1.94421,1.94859,1.41516,1.40405,-1.82973,-1.82802,-0.267467,-0.262743,0.0719383,0.0693399,-0.185885,-0.185582,0.847926,0.848662,-0.167717,-0.166127,-0.119238,-0.119008,-0.120537,-0.122872,8.97386,4.04729,1.94421,0.0719383,-0.185885,0.847926
3.71,8.98797,8.97831,4.0289,4.03121,1.94153,1.94596,1.40827,1.39747,-1.84822,-1.84638,-0.267899,-0.263066,0.0702464,0.0678949,-0.187037,-0.186628,0.846722,0.847412,-0.170618,-0.169126,-0.111138,-0.11106,-0.120209,-0.12257,8.98797,4.0289,1.94153,0.0702464,-0.187037,0.846722
3.72,9.00202,8.99215,4.01033,4.01292,1.93885,1.94332,1.40115,1.39069,-1.86669,-1.86472,-0.268328,-0.263385,0.0685267,0.0664182,-0.188107,-0.187595,0.845522,0.846161,-0.173288,-0.171892,-0.102986,-0.103053,-0.119864,-0.122251,9.00202,4.01033,1.93885,0.0685267,-0.188107,0.845522
3.73,9.016,9.00593,3.99157,3.99445,1.93617,1.94067,1.39382,1.38371,-1.8851,-1.88303,-0.268754,-0.2637,0.0667814,0.0649116,-0.189096,-0.188482,0.844325,0.844909,-0.175727,-0.174426,-0.0947951,-0.0949984,-0.119501,-0.121914,9.016,3.99157,1.93617,0.0667814,-0.189096,0.844325
3.74,9.0299,9.01964,3.97262,3.9758,1.93348,1.93802,1.38626,1.37654,-1.90347,-1.90131,-0.269177,-0.264013,0.0650129,0.0633771,-0.190003,-0.189288,0.843132,0.843656,-0.177939,-0.176731,-0.0865763,-0.0869073,-0.119121,-0.12156,9.0299,3.97262,1.93348,0.0650129,-0.190003,0.843132
3.75,9.04372,9.03328,3.9535,3.95698,1.93078,1.93536,1.3785,1.36917,-1.92177,-1.91954,-0.269596,-0.264323,0.0632234,0.0618159,-0.190828,-0.190014,0.841942,0.842403,-0.179925,-0.178807,-0.0783413,-0.0787916,-0.118724,-0.121188,9.04372,3.9535,1.93078,0.0632234,-0.190828,0.841942
3.76,9.05747,9.04685,3.93419,3.93798,1.92808,1.93269,1.37053,1.36162,-1.94,-1.93771,-0.270012,-0.264633,0.0614152,0.06023,-0.19157,-0.190661,0.840757,0.841149,-0.181687,-0.180658,-0.0701014,-0.0706618,-0.11831,-0.120799,9.05747,3.93419,1.92808,0.0614152,-0.19157,0.840757
3.77,9.07113,9.06034,3.9147,3.91879,1.92538,1.93002,1.36235,1.35389,-1.95816,-1.95582,-0.270425,-0.264941,0.0595904,0.058621,-0.19223,-0.191228,0.839576,0.839896,-0.183228,-0.182285,-0.0618677,-0.0625277,-0.117881,-0.120393,9.07113,3.9147,1.92538,0.0595904,-0.19223,0.839576
3.78,9.08471,9.07377,3.89503,3.89944,1.92268,1.92735,1.35397,1.34597,-1.97624,-1.97386,-0.270835,-0.265249,0.0577513,0.0569905,-0.192807,-0.191717,0.8384,0.838643,-0.184551,-0.183693,-0.0536511,-0.0544013,-0.117435,-0.119971,9.08471,3.89503,1.92268,0.0577513,-0.192807,0.8384
3.79,9.09821,9.08711,3.87517,3.8799,1.91997,1.92466,1.3454,1.33788,-1.99422,-1.99182,-0.271241,-0.265557,0.0559001,0.0553405,-0.193303,-0.192127,0.837228,0.83739,-0.185659,-0.184883,-0.045462,-0.046292,-0.116974,-0.119531,9.09821,3.87517,1.91997,0.0559001,-0.193303,0.837228
3.8,9.11162,9.10037,3.85514,3.86019,1.91725,1.92198,1.33664,1.32963,-2.0121,-2.00969,-0.271644,-0.265864,0.0540389,0.0536726,-0.193717,-0.192461,0.83606,0.836139,-0.186555,-0.18586,-0.0373109,-0.0382115,-0.116497,-0.119075,9.11162,3.85514,1.91725,0.0540389,-0.193717,0.83606
3.81,9.12494,9.11355,3.83493,3.8403,1.91453,1.91928,1.3277,1.3212,-2.02988,-2.02747,-0.272044,-0.266174,0.0521697,0.0519883,-0.194049,-0.192717,0.834898,0.834889,-0.187243,-0.186626,-0.0292077,-0.0301672,-0.116006,-0.118602,9.12494,3.83493,1.91453,0.0521697,-0.194049,0.834898
3.82,9.13817,9.12665,3.81454,3.82024,1.91181,1.91658,1.31858,1.31261,-2.04755,-2.04514,-0.272441,-0.266485,0.0502947,0.0502895,-0.194301,-0.192897,0.83374,0.833641,-0.187728,-0.187187,-0.0211622,-0.022171,-0.115499,-0.118113,9.13817,3.81454,1.91181,0.0502947,-0.194301,0.83374
3.83,9.15131,9.13966,3.79398,3.80001,1.90908,1.91388,1.30928,1.30387,-2.06509,-2.0627,-0.272835,-0.266798,0.0484158,0.0485775,-0.194473,-0.193003,0.832588,0.832395,-0.188011,-0.187545,-0.013184,-0.0142308,-0.114978,-0.117607,9.15131,3.79398,1.90908,0.0484158,-0.194473,0.832588
3.84,9.16436,9.15258,3.77324,3.7796,1.90635,1.91117,1.29981,1.29498,-2.08251,-2.08014,-0.273226,-0.267112,0.0465351,0.0468548,-0.194565,-0.193036,0.831441,0.831151,-0.188099,-0.187706,-0.00528204,-0.00635766,-0.114442,-0.117085,9.16436,3.77324,1.90635,0.0465351,-0.194565,0.831441
3.85,9.17731,9.16541,3.75233,3.75903,1.90362,1.90846,1.29019,1.28593,-2.09979,-2.09745,-0.273614,-0.26743,0.0446545,0.0451222,-0.194579,-0.192995,0.830299,0.82991,-0.187994,-0.187674,0.00253462,0.00144088,-0.113892,-0.116547,9.17731,3.75233,1.90362,0.0446545,-0.194579,0.830299
3.86,9.19016,9.17815,3.73125,3.73828,1.90088,1.90575,1.2804,1.27675,-2.11694,-2.11463,-0.273998,-0.267751,0.0427759,0.0433819,-0.194514,-0.192883,0.829163,0.828672,-0.187702,-0.187455,0.0102575,0.00915562,-0.113329,-0.115993,9.19016,3.73125,1.90088,0.0427759,-0.194514,0.829163
3.87,9.20292,9.1908,3.70999,3.71737,1.89814,1.90303,1.27047,1.26742,-2.13394,-2.13167,-0.27438,-0.268075,0.0409011,0.0416352,-0.194374,-0.1927,0.828032,0.827438,-0.187227,-0.187052,0.0178782,0.0167773,-0.112751,-0.115423,9.20292,3.70999,1.89814,0.0409011,-0.194374,0.828032
3.88,9.21557,9.20335,3.68857,3.69629,1.89539,1.9003,1.26039,1.25797,-2.15079,-2.14857,-0.274758,-0.268402,0.0390319,0.0398839,-0.194157,-0.192449,0.826908,0.826208,-0.186574,-0.186472,0.0253888,0.0243,-0.112161,-0.114837,9.21557,3.68857,1.89539,0.0390319,-0.194157,0.826908
3.89,9.22812,9.2158,3.66698,3.67504,1.89264,1.89757,1.25017,1.24838,-2.16748,-2.1653,-0.275133,-0.268734,0.0371702,0.03813,-0.193866,-0.19213,0.825789,0.824982,-0.185748,-0.185718,0.0327817,0.0317136,-0.111558,-0.114236,9.22812,3.66698,1.89264,0.0371702,-0.193866,0.825789
3.9,9.24057,9.22815,3.64522,3.65362,1.88989,1.89484,1.23982,1.23868,-2.18402,-2.18188,-0.275506,-0.269068,0.0353175,0.0363746,-0.193502,-0.191745,0.824677,0.82376,-0.184754,-0.184798,0.0400496,0.0390108,-0.110941,-0.11362,9.24057,3.64522,1.88989,0.0353175,-0.193502,0.824677
3.91,9.25292,9.24041,3.6233,3.63205,1.88713,1.89211,1.22934,1.22885,-2.20039,-2.1983,-0.275875,-0.269407,0.0334756,0.0346196,-0.193066,-0.191295,0.82357,0.822544,-0.183597,-0.183717,0.0471854,0.0461856,-0.110313,-0.112989,9.25292,3.6233,1.88713,0.0334756,-0.193066,0.82357
3.92,9.26516,9.25256,3.60121,3.61031,1.88437,1.88937,1.21874,1.21892,-2.21658,-2.21454,-0.276241,-0.26975,0.0316461,0.0328665,-0.192559,-0.190781,0.822471,0.821333,-0.182283,-0.182479,0.0541824,0.0532299,-0.109672,-0.112343,9.26516,3.60121,1.88437,0.0316461,-0.192559,0.822471
3.93,9.27729,9.26461,3.57897,3.5884,1.88161,1.88663,1.20803,1.20888,-2.2326,-2.23061,-0.276605,-0.270097,0.0298305,0.0311167,-0.191983,-0.190206,0.821377,0.820128,-0.180815,-0.181092,0.0610344,0.0601362,-0.109019,-0.111683,9.27729,3.57897,1.88161,0.0298305,-0.191983,0.821377
3.94,9.28932,9.27656,3.55656,3.56634,1.87884,1.88388,1.19721,1.19873,-2.24844,-2.2465,-0.276965,-0.270448,0.0280303,0.029372,-0.191339,-0.189571,0.82029,0.818929,-0.179201,-0.17956,0.0677352,0.0669011,-0.108354,-0.111009,9.28932,3.55656,1.87884,0.0280303,-0.191339,0.82029
3.95,9.30124,9.28841,3.534,3.54412,1.87607,1.88113,1.18629,1.18849,-2.2641,-2.26221,-0.277323,-0.270802,0.0262469,0.0276338,-0.190628,-0.188877,0.81921,0.817737,-0.177446,-0.17789,0.0742791,0.0735148,-0.107678,-0.11032,9.30124,3.534,1.87607,0.0262469,-0.190628,0.81921
3.96,9.31305,9.30014,3.51128,3.52175,1.8733,1.87838,1.17527,1.17816,-2.27957,-2.27772,-0.277677,-0.27116,0.0244818,0.0259035,-0.189854,-0.188126,0.818137,0.816551,-0.175555,-0.176088,0.0806607,0.0799747,-0.106991,-0.109619,9.31305,3.51128,1.8733,0.0244818,-0.189854,0.818137
3.97,9.32474,9.31177,3.48841,3.49921,1.87052,1.87563,1.16417,1.16774,-2.29485,-2.29305,-0.278028,-0.271522,0.0227362,0.0241828,-0.189016,-0.18732,0.81707,0.815373,-0.173534,-0.174158,0.0868751,0.0862728,-0.106292,-0.108903,9.32474,3.48841,1.87052,0.0227362,-0.189016,0.81707
3.98,9.33633,9.3233,3.46538,3.47652,1.86773,1.87287,1.15298,1.15724,-2.30994,-2.30818,-0.278377,-0.271888,0.0210115,0.0224729,-0.188117,-0.186461,0.816011,0.814202,-0.171388,-0.17211,0.0929174,0.092406,-0.105583,-0.108175,9.33633,3.46538,1.86773,0.0210115,-0.188117,0.816011
3.99,9.3478,9.33471,3.44221,3.45368,1.86495,1.87011,1.14172,1.14666,-2.32483,-2.32311,-0.278722,-0.272256,0.0193089,0.0207752,-0.187158,-0.185549,0.814959,0.81304,-0.169124,-0.169945,0.0987832,0.0983693,-0.104864,-0.107434,9.3478,3.44221,1.86495,0.0193089,-0.187158,0.814959
4,9.35916,9.34602,3.41889,3.43069,1.86216,1.86735,1.13039,1.13601,-2.33952,-2.33784,-0.279065,-0.272627,0.0176294,0.0190913,-0.186142,-0.184588,0.813914,0.811886,-0.166747,-0.167673,0.104468,0.104158,-0.104134,-0.106681,9.35916,3.41889,1.86216,0.0176294,-0.186142,0.813914
4.01,9.37041,9.35721,3.39542,3.40755,1.85937,1.86458,1.11899,1.12529,-2.354,-2.35237,-0.279405,-0.273001,0.0159743,0.0174223,-0.185069,-0.183578,0.812876,0.810741,-0.164263,-0.165299,0.109969,0.109767,-0.103395,-0.105916,9.37041,3.39542,1.85937,0.0159743,-0.185069,0.812876
4.02,9.38154,9.3683,3.37181,3.38426,1.85657,1.86181,1.10753,1.11452,-2.36829,-2.36669,-0.279741,-0.273378,0.0143445,0.0157694,-0.183943,-0.182521,0.811846,0.809606,-0.161678,-0.162827,0.115282,0.115194,-0.102646,-0.105139,9.38154,3.37181,1.85657,0.0143445,-0.183943,0.811846
4.03,9.39256,9.37928,3.34806,3.36082,1.85377,1.85904,1.09603,1.10368,-2.38236,-2.3808,-0.280075,-0.273756,0.0127411,0.0141339,-0.182764,-0.181421,0.810823,0.808479,-0.158998,-0.160265,0.120405,0.120435,-0.101887,-0.104352,9.39256,3.34806,1.85377,0.0127411,-0.182764,0.810823
4.04,9.40346,9.39014,3.32416,3.33724,1.85097,1.85627,1.08447,1.0928,-2.39623,-2.39471,-0.280406,-0.274136,0.0111649,0.0125175,-0.181535,-0.180277,0.809808,0.807363,-0.156228,-0.157619,0.125333,0.125487,-0.101119,-0.103553,9.40346,3.32416,1.85097,0.0111649,-0.181535,0.809808
4.05,9.41425,9.4009,3.30013,3.31351,1.84816,1.85349,1.07288,1.08187,-2.40988,-2.4084,-0.280734,-0.274517,0.00961677,0.0109205,-0.180258,-0.179092,0.808801,0.806257,-0.153375,-0.154893,0.130065,0.130348,-0.100343,-0.102744,9.41425,3.30013,1.84816,0.00961677,-0.180258,0.808801
4.06,9.42492,9.41154,3.27597,3.28964,1.84536,1.85071,1.06126,1.07089,-2.42333,-2.42189,-0.281059,-0.274899,0.00809761,0.00934468,-0.178935,-0.177867,0.807801,0.805161,-0.150444,-0.152094,0.134598,0.135013,-0.0995573,-0.101925,9.42492,3.27597,1.84536,0.00809761,-0.178935,0.807801
4.07,9.43547,9.42208,3.25167,3.26563,1.84254,1.84793,1.0496,1.05988,-2.43656,-2.43516,-0.281382,-0.275282,0.00660813,0.00779071,-0.177567,-0.176606,0.80681,0.804077,-0.147442,-0.149227,0.138932,0.139484,-0.0987635,-0.101096,9.43547,3.25167,1.84254,0.00660813,-0.177567,0.80681
4.08,9.44591,9.4325,3.22724,3.24149,1.83973,1.84515,1.03793,1.04884,-2.44958,-2.44822,-0.281701,-0.275665,0.005149,0.00625984,-0.176157,-0.175308,0.805826,0.803003,-0.144373,-0.146299,0.143063,0.143755,-0.0979614,-0.100258,9.44591,3.22724,1.83973,0.005149,-0.176157,0.805826
4.09,9.45623,9.44281,3.20268,3.2172,1.83691,1.84236,1.02624,1.03777,-2.46238,-2.46106,-0.282018,-0.276048,0.00372087,0.00475333,-0.174706,-0.173977,0.80485,0.801941,-0.141245,-0.143313,0.14699,0.147827,-0.0971514,-0.0994117,9.45623,3.20268,1.83691,0.00372087,-0.174706,0.80485
4.1,9.46644,9.45301,3.17799,3.19278,1.83409,1.83958,1.01453,1.02668,-2.47497,-2.47369,-0.282331,-0.27643,0.00232429,0.00327127,-0.173218,-0.172614,0.803883,0.800891,-0.138062,-0.140277,0.150713,0.151699,-0.0963337,-0.0985565,9.46644,3.17799,1.83409,0.00232429,-0.173218,0.803883
4.11,9.47652,9.4631,3.15318,3.16823,1.83126,1.83679,1.00283,1.01557,-2.48734,-2.48611,-0.282642,-0.27681,0.000959794,0.00181535,-0.171693,-0.171221,0.802924,0.799852,-0.13483,-0.137195,0.154232,0.155368,-0.0955085,-0.0976935,9.47652,3.15318,1.83126,0.000959794,-0.171693,0.802924
4.12,9.48649,9.47308,3.12824,3.14355,1.82844,1.83399,0.991117,1.00445,-2.4995,-2.49832,-0.28295,-0.27719,-0.000372171,0.000386134,-0.170134,-0.169799,0.801973,0.798826,-0.131556,-0.134073,0.157544,0.158834,-0.094676,-0.0968228,9.48649,3.12824,1.82844,-0.000372171,-0.170134,0.801973
4.13,9.49635,9.48295,3.10319,3.11874,1.8256,1.8312,0.979412,0.993317,-2.51144,-2.51031,-0.283255,-0.277567,-0.0016712,-0.00101605,-0.168543,-0.168351,0.80103,0.797812,-0.128244,-0.130915,0.160651,0.162099,-0.0938366,-0.0959451,9.49635,3.10319,1.8256,-0.0016712,-0.168543,0.80103
4.14,9.50608,9.4927,3.07801,3.0938,1.82277,1.8284,0.967717,0.98218,-2.52316,-2.52209,-0.283558,-0.277943,-0.00293695,-0.00238977,-0.166921,-0.166879,0.800096,0.796811,-0.124901,-0.127727,0.163551,0.16516,-0.0929903,-0.0950605,9.50608,3.07801,1.82277,-0.00293695,-0.166921,0.800096
4.15,9.5157,9.50235,3.05272,3.06874,1.81993,1.8256,0.956037,0.971043,-2.53468,-2.53366,-0.283857,-0.278317,-0.00416913,-0.00373499,-0.165272,-0.165383,0.79917,0.795823,-0.121531,-0.124514,0.166247,0.168019,-0.0921375,-0.0941695,9.5157,3.05272,1.81993,-0.00416913,-0.165272,0.79917
4.16,9.5252,9.51188,3.02732,3.04356,1.81709,1.82279,0.944376,0.959911,-2.54597,-2.54502,-0.284154,-0.278687,-0.0053675,-0.00505053,-0.163597,-0.163866,0.798253,0.794847,-0.118141,-0.12128,0.168737,0.170675,-0.0912784,-0.0932727,9.5252,3.02732,1.81709,-0.0053675,-0.163597,0.798253
4.17,9.53459,9.52131,3.00181,3.01826,1.81425,1.81999,0.93274,0.948785,-2.55706,-2.55617,-0.284447,-0.279053,-0.00653189,-0.00633606,-0.161898,-0.162329,0.797345,0.793885,-0.114735,-0.11803,0.171024,0.17313,-0.0904133,-0.0923701,9.53459,3.00181,1.81425,-0.00653189,-0.161898,0.797345
4.18,9.54386,9.53063,2.97618,2.99284,1.8114,1.81718,0.921131,0.937673,-2.56793,-2.56712,-0.284738,-0.279418,-0.00766217,-0.00759151,-0.160177,-0.160775,0.796445,0.792936,-0.111319,-0.114769,0.173108,0.175384,-0.0895422,-0.0914624,9.54386,2.97618,1.8114,-0.00766217,-0.160177,0.796445
4.19,9.55301,9.53984,2.95045,2.9673,1.80856,1.81437,0.909556,0.926576,-2.57859,-2.57786,-0.285027,-0.279778,-0.00875826,-0.00881604,-0.158437,-0.159205,0.795554,0.792,-0.107898,-0.111503,0.17499,0.177438,-0.0886655,-0.0905497,9.55301,2.95045,1.80856,-0.00875826,-0.158437,0.795554
4.2,9.56205,9.54893,2.92461,2.94165,1.8057,1.81156,0.898017,0.915499,-2.58904,-2.58839,-0.285312,-0.280133,-0.00982014,-0.0100092,-0.156678,-0.15762,0.794672,0.791078,-0.104477,-0.108233,0.176672,0.179295,-0.0877835,-0.0896327,9.56205,2.92461,1.8057,-0.00982014,-0.156678,0.794672
4.21,9.57097,9.55793,2.89867,2.91589,1.80285,1.80874,0.88652,0.904446,-2.59928,-2.59872,-0.285594,-0.280485,-0.0108478,-0.0111708,-0.154904,-0.156022,0.793799,0.790169,-0.101062,-0.104966,0.178156,0.180956,-0.0868962,-0.0887114,9.57097,2.89867,1.80285,-0.0108478,-0.154904,0.793799
4.22,9.57978,9.56681,2.87262,2.89003,1.79999,1.80592,0.875067,0.893421,-2.60932,-2.60884,-0.285874,-0.280833,-0.0118414,-0.0123004,-0.153116,-0.154414,0.792934,0.789273,-0.0976564,-0.101706,0.179444,0.182422,-0.086004,-0.0877865,9.57978,2.87262,1.79999,-0.0118414,-0.153116,0.792934
4.23,9.58847,9.57558,2.84648,2.86405,1.79713,1.8031,0.863663,0.882426,-2.61915,-2.61877,-0.286151,-0.281175,-0.012801,-0.0133983,-0.151316,-0.152795,0.792078,0.788391,-0.0942657,-0.0984563,0.180539,0.183696,-0.085107,-0.0868577,9.58847,2.84648,1.79713,-0.012801,-0.151316,0.792078
4.24,9.59705,9.58425,2.82024,2.83798,1.79427,1.80028,0.852312,0.871466,-2.62877,-2.6285,-0.286425,-0.281512,-0.0137268,-0.0144638,-0.149506,-0.151169,0.791232,0.787522,-0.0908946,-0.0952222,0.181441,0.184779,-0.0842055,-0.085926,9.59705,2.82024,1.79427,-0.0137268,-0.149506,0.791232
4.25,9.60552,9.59282,2.79391,2.8118,1.7914,1.79745,0.841015,0.860543,-2.6382,-2.63803,-0.286696,-0.281844,-0.014619,-0.0154971,-0.147687,-0.149536,0.790394,0.786667,-0.0875476,-0.0920063,0.182155,0.185674,-0.0832997,-0.0849915,9.60552,2.79391,1.7914,-0.014619,-0.147687,0.790394
4.26,9.61387,9.60127,2.76748,2.78552,1.78853,1.79462,0.829778,0.84966,-2.64742,-2.64737,-0.286965,-0.282171,-0.0154778,-0.0164981,-0.145863,-0.147897,0.789566,0.785825,-0.0842292,-0.0888128,0.182683,0.186385,-0.0823898,-0.0840542,9.61387,2.76748,1.78853,-0.0154778,-0.145863,0.789566
4.27,9.62212,9.60962,2.74096,2.75915,1.78566,1.79179,0.818602,0.838821,-2.65645,-2.65652,-0.287231,-0.282492,-0.0163037,-0.0174664,-0.144034,-0.146256,0.788747,0.784997,-0.0809437,-0.0856463,0.183028,0.186914,-0.081476,-0.0831147,9.62212,2.74096,1.78566,-0.0163037,-0.144034,0.788747
4.28,9.63025,9.61787,2.71435,2.73268,1.78279,1.78895,0.807491,0.828029,-2.66529,-2.66548,-0.287494,-0.282808,-0.0170968,-0.0184027,-0.142203,-0.144612,0.787936,0.784181,-0.0776954,-0.0825097,0.183193,0.187263,-0.0805585,-0.0821731,9.63025,2.71435,1.78279,-0.0170968,-0.142203,0.787936
4.29,9.63826,9.62601,2.68765,2.70612,1.77991,1.78611,0.796448,0.817286,-2.67393,-2.67425,-0.287754,-0.283118,-0.0178577,-0.0193067,-0.140371,-0.142967,0.787135,0.783379,-0.0744883,-0.0794066,0.183182,0.187437,-0.0796376,-0.0812297,9.63826,2.68765,1.77991,-0.0178577,-0.140371,0.787135
4.3,9.64617,9.63405,2.66087,2.67947,1.77703,1.78327,0.785474,0.806593,-2.68238,-2.68284,-0.288011,-0.283422,-0.0185867,-0.0201788,-0.13854,-0.141322,0.786344,0.78259,-0.0713264,-0.0763414,0.182999,0.187438,-0.0787133,-0.0802847,9.64617,2.66087,1.77703,-0.0185867,-0.13854,0.786344
4.31,9.65397,9.64198,2.63401,2.65273,1.77415,1.78042,0.774574,0.795955,-2.69065,-2.69124,-0.288266,-0.28372,-0.0192844,-0.0210189,-0.136712,-0.13968,0.785561,0.781813,-0.0682135,-0.0733167,0.182646,0.187269,-0.0777861,-0.0793386,9.65397,2.63401,1.77415,-0.0192844,-0.136712,0.785561
4.32,9.66167,9.64982,2.60706,2.62591,1.77127,1.77758,0.763747,0.785373,-2.69873,-2.69947,-0.288518,-0.284012,-0.0199512,-0.0218278,-0.134888,-0.13804,0.784788,0.781049,-0.0651533,-0.0703365,0.182128,0.186935,-0.0768559,-0.078391,9.66167,2.60706,1.77127,-0.0199512,-0.134888,0.784788
4.33,9.66925,9.65755,2.58003,2.59901,1.76838,1.77472,0.752998,0.774849,-2.70663,-2.70751,-0.288767,-0.284297,-0.0205877,-0.0226052,-0.13307,-0.136405,0.784024,0.780298,-0.0621495,-0.0674032,0.181449,0.186439,-0.0759232,-0.0774427,9.66925,2.58003,1.76838,-0.0205877,-0.13307,0.784024
4.34,9.67673,9.66517,2.55293,2.57202,1.76549,1.77187,0.742327,0.764385,-2.71435,-2.71539,-0.289013,-0.284577,-0.0211944,-0.0233521,-0.131259,-0.134775,0.783269,0.779558,-0.0592053,-0.0645206,0.180613,0.185785,-0.0749879,-0.0764936,9.67673,2.55293,1.76549,-0.0211944,-0.131259,0.783269
4.35,9.6841,9.6727,2.52575,2.54495,1.7626,1.76901,0.731737,0.753983,-2.7219,-2.72309,-0.289257,-0.284851,-0.021772,-0.0240684,-0.129458,-0.133151,0.782524,0.778831,-0.056324,-0.0616917,0.179625,0.184978,-0.0740504,-0.0755437,9.6841,2.52575,1.7626,-0.021772,-0.129458,0.782524
4.36,9.69136,9.68013,2.49849,2.51781,1.75971,1.76615,0.721229,0.743644,-2.72927,-2.73062,-0.289498,-0.285117,-0.0223211,-0.0247543,-0.127667,-0.131536,0.781788,0.778115,-0.0535089,-0.0589195,0.178488,0.184021,-0.0731108,-0.0745936,9.69136,2.49849,1.75971,-0.0223211,-0.127667,0.781788
4.37,9.69852,9.68745,2.47116,2.49059,1.75681,1.76328,0.710805,0.733371,-2.73647,-2.73798,-0.289736,-0.285378,-0.0228424,-0.0254111,-0.125889,-0.129929,0.781062,0.777411,-0.0507629,-0.056206,0.177207,0.182919,-0.0721694,-0.0736433,9.69852,2.47116,1.75681,-0.0228424,-0.125889,0.781062
4.38,9.70558,9.69468,2.44376,2.46329,1.75391,1.76041,0.700465,0.723162,-2.74351,-2.74518,-0.289971,-0.285634,-0.0233366,-0.0260386,-0.124124,-0.128331,0.780345,0.776719,-0.0480888,-0.0535556,0.175787,0.181675,-0.0712263,-0.0726926,9.70558,2.44376,1.75391,-0.0233366,-0.124124,0.780345
4.39,9.71253,9.70181,2.41629,2.43592,1.75101,1.75754,0.690211,0.713022,-2.75038,-2.75222,-0.290203,-0.285882,-0.0238044,-0.0266379,-0.122373,-0.126745,0.779638,0.776037,-0.0454893,-0.0509699,0.174233,0.180296,-0.0702817,-0.071742,9.71253,2.41629,1.75101,-0.0238044,-0.122373,0.779638
4.4,9.71938,9.70884,2.38876,2.40849,1.74811,1.75466,0.680044,0.702949,-2.75709,-2.7591,-0.290433,-0.286124,-0.0242466,-0.0272092,-0.120639,-0.125169,0.778939,0.775367,-0.042967,-0.0484517,0.172549,0.178784,-0.0693357,-0.0707916,9.71938,2.38876,1.74811,-0.0242466,-0.120639,0.778939
4.41,9.72613,9.71577,2.36115,2.38098,1.7452,1.75178,0.669965,0.692946,-2.76365,-2.76582,-0.29066,-0.286361,-0.024664,-0.0277534,-0.118923,-0.123607,0.778251,0.774707,-0.0405242,-0.0460028,0.17074,0.177145,-0.0683887,-0.0698412,9.72613,2.36115,1.7452,-0.024664,-0.118923,0.778251
4.42,9.73278,9.72261,2.33348,2.35341,1.7423,1.7489,0.659974,0.683013,-2.77005,-2.77239,-0.290884,-0.286591,-0.0250574,-0.0282709,-0.117225,-0.122058,0.777572,0.774057,-0.0381633,-0.0436273,0.168812,0.175383,-0.0674407,-0.0688911,9.73278,2.33348,1.7423,-0.0250574,-0.117225,0.777572
4.43,9.73933,9.72935,2.30575,2.32577,1.73939,1.74601,0.650071,0.67315,-2.7763,-2.77881,-0.291106,-0.286816,-0.0254276,-0.0287623,-0.115547,-0.120524,0.776902,0.773417,-0.0358862,-0.0413263,0.166769,0.173504,-0.0664919,-0.0679414,9.73933,2.30575,1.73939,-0.0254276,-0.115547,0.776902
4.44,9.74578,9.73599,2.27796,2.29807,1.73648,1.74312,0.640258,0.663359,-2.78241,-2.78509,-0.291325,-0.287034,-0.0257754,-0.0292287,-0.11389,-0.119004,0.776242,0.772787,-0.033695,-0.039102,0.164616,0.171512,-0.0655426,-0.0669923,9.74578,2.27796,1.73648,-0.0257754,-0.11389,0.776242
4.45,9.75214,9.74254,2.2501,2.2703,1.73356,1.74022,0.630534,0.653637,-2.78837,-2.79122,-0.291541,-0.287248,-0.0261018,-0.0296712,-0.112255,-0.117501,0.775591,0.772166,-0.0315914,-0.0369564,0.162359,0.169412,-0.0645929,-0.0660436,9.75214,2.2501,1.73356,-0.0261018,-0.112255,0.775591
4.46,9.75839,9.74899,2.22219,2.24247,1.73064,1.73732,0.620899,0.643988,-2.79419,-2.79721,-0.291754,-0.287455,-0.0264075,-0.0300897,-0.110643,-0.116014,0.77495,0.771555,-0.0295771,-0.0348919,0.160003,0.16721,-0.0636429,-0.0650956,9.75839,2.22219,1.73064,-0.0264075,-0.110643,0.77495
4.47,9.76456,9.75535,2.19422,2.21458,1.72773,1.73441,0.611354,0.634409,-2.79987,-2.80306,-0.291964,-0.287657,-0.0266936,-0.0304854,-0.109055,-0.114545,0.774318,0.770953,-0.0276536,-0.0329102,0.157553,0.16491,-0.0626929,-0.0641482,9.76456,2.19422,1.72773,-0.0266936,-0.109055,0.774318
4.48,9.77062,9.76162,2.16619,2.18664,1.7248,1.7315,0.601898,0.624902,-2.80542,-2.80877,-0.292172,-0.287853,-0.0269609,-0.0308591,-0.107492,-0.113093,0.773696,0.770359,-0.0258222,-0.0310125,0.155014,0.162517,-0.061743,-0.0632015,9.77062,2.16619,1.7248,-0.0269609,-0.107492,0.773696
4.49,9.77659,9.76779,2.13811,2.15863,1.72188,1.72859,0.59253,0.615468,-2.81084,-2.81436,-0.292377,-0.288044,-0.0272104,-0.0312116,-0.105955,-0.111661,0.773083,0.769774,-0.024084,-0.0292012,0.152391,0.160037,-0.0607934,-0.0622558,9.77659,2.13811,1.72188,-0.0272104,-0.105955,0.773083
4.5,9.78247,9.77387,2.10998,2.13057,1.71896,1.72567,0.583251,0.606104,-2.81613,-2.81981,-0.29258,-0.288231,-0.0274429,-0.0315442,-0.104445,-0.110248,0.77248,0.769197,-0.0224402,-0.0274768,0.149691,0.157474,-0.0598442,-0.0613109,9.78247,2.10998,1.71896,-0.0274429,-0.104445,0.77248
4.51,9.78826,9.77986,2.08179,2.10245,1.71603,1.72275,0.574059,0.59681,-2.82129,-2.82514,-0.292779,-0.288413,-0.0276595,-0.0318573,-0.102962,-0.108854,0.771887,0.768628,-0.0208917,-0.025841,0.146918,0.154835,-0.0588957,-0.0603666,9.78826,2.08179,1.71603,-0.0276595,-0.102962,0.771887
4.52,9.79395,9.78575,2.05355,2.07428,1.7131,1.71982,0.564954,0.587587,-2.82634,-2.83034,-0.292976,-0.288589,-0.027861,-0.0321518,-0.101507,-0.107481,0.771302,0.768067,-0.0194391,-0.0242953,0.144078,0.152124,-0.0579479,-0.0594236,9.79395,2.05355,1.7131,-0.027861,-0.101507,0.771302
4.53,9.79956,9.79156,2.02526,2.04606,1.71017,1.71689,0.555935,0.578433,-2.83126,-2.83543,-0.29317,-0.288762,-0.0280486,-0.0324291,-0.10008,-0.10613,0.770728,0.767514,-0.0180831,-0.0228394,0.141175,0.149346,-0.0570011,-0.0584814,9.79956,2.02526,1.71017,-0.0280486,-0.10008,0.770728
4.54,9.80507,9.79728,1.99693,2.01778,1.70724,1.71396,0.547001,0.569349,-2.83607,-2.84039,-0.293361,-0.28893,-0.028223,-0.0326894,-0.0986833,-0.1048,0.770162,0.766968,-0.0168242,-0.0214761,0.138216,0.146508,-0.0560553,-0.0575404,9.80507,1.99693,1.70724,-0.028223,-0.0986833,0.770162
4.55,9.8105,9.8029,1.96854,1.98945,1.7043,1.71102,0.538151,0.560332,-2.84077,-2.84524,-0.29355,-0.289093,-0.0283854,-0.0329343,-0.0973162,-0.103491,0.769606,0.766429,-0.0156626,-0.0202046,0.135205,0.143613,-0.0551108,-0.0566004,9.8105,1.96854,1.7043,-0.0283854,-0.0973162,0.769606
4.56,9.81584,9.80844,1.94011,1.96107,1.70137,1.70808,0.529383,0.551383,-2.84537,-2.84998,-0.293736,-0.289253,-0.0285366,-0.0331646,-0.0959794,-0.102206,0.76906,0.765897,-0.0145986,-0.0190263,0.132148,0.140669,-0.0541678,-0.0556615,9.81584,1.94011,1.70137,-0.0285366,-0.0959794,0.76906
4.57,9.82109,9.81389,1.91164,1.93265,1.69843,1.70513,0.520697,0.542502,-2.84985,-2.85461,-0.293919,-0.28941,-0.0286777,-0.0333809,-0.0946734,-0.100943,0.768523,0.765372,-0.0136322,-0.0179409,0.12905,0.137678,-0.0532262,-0.054724,9.82109,1.91164,1.69843,-0.0286777,-0.0946734,0.768523
4.58,9.82625,9.81925,1.88311,1.90417,1.69549,1.70218,0.512091,0.533685,-2.85424,-2.85914,-0.294099,-0.289562,-0.0288096,-0.0335847,-0.0933985,-0.0997036,0.767996,0.764854,-0.0127633,-0.0169495,0.125917,0.134648,-0.0522864,-0.0537875,9.82625,1.88311,1.69549,-0.0288096,-0.0933985,0.767996
4.59,9.83133,9.82452,1.85455,1.87564,1.69255,1.69922,0.503563,0.524934,-2.85852,-2.86356,-0.294277,-0.289712,-0.0289333,-0.0337764,-0.0921551,-0.0984882,0.767477,0.764342,-0.0119916,-0.0160516,0.122753,0.131582,-0.0513484,-0.0528526,9.83133,1.85455,1.69255,-0.0289333,-0.0921551,0.767477
4.6,9.83632,9.82971,1.82594,1.84707,1.6896,1.69626,0.495112,0.516247,-2.86271,-2.86788,-0.294452,-0.289859,-0.0290497,-0.0339574,-0.0909435,-0.0972968,0.766969,0.763837,-0.0113169,-0.015247,0.119563,0.128488,-0.0504125,-0.051919,9.83632,1.82594,1.6896,-0.0290497,-0.0909435,0.766969
4.61,9.84123,9.83481,1.7973,1.81845,1.68666,1.6933,0.486737,0.507621,-2.8668,-2.8721,-0.294624,-0.290003,-0.0291599,-0.0341287,-0.0897639,-0.0961298,0.766469,0.763338,-0.0107386,-0.0145361,0.116353,0.125369,-0.0494787,-0.0509865,9.84123,1.7973,1.68666,-0.0291599,-0.0897639,0.766469
4.62,9.84606,9.83982,1.76861,1.78979,1.68371,1.69033,0.478435,0.499058,-2.8708,-2.87623,-0.294794,-0.290145,-0.0292648,-0.0342912,-0.0886165,-0.0949876,0.765979,0.762845,-0.010256,-0.0139184,0.113128,0.12223,-0.0485471,-0.0500558,9.84606,1.76861,1.68371,-0.0292648,-0.0886165,0.765979
4.63,9.8508,9.84475,1.73988,1.76109,1.68076,1.68736,0.470204,0.490554,-2.87472,-2.88027,-0.29496,-0.290284,-0.0293654,-0.0344455,-0.0875014,-0.0938702,0.765498,0.762359,-0.00986863,-0.0133927,0.109892,0.119076,-0.047618,-0.0491267,9.8508,1.73988,1.68076,-0.0293654,-0.0875014,0.765498
4.64,9.85546,9.84959,1.71111,1.73233,1.67781,1.68439,0.462043,0.482109,-2.87855,-2.88422,-0.295124,-0.290421,-0.0294625,-0.0345934,-0.0864187,-0.0927782,0.765027,0.761879,-0.00957544,-0.0129585,0.106651,0.115914,-0.0466915,-0.0481993,9.85546,1.71111,1.67781,-0.0294625,-0.0864187,0.765027
4.65,9.86004,9.85435,1.68231,1.70354,1.67486,1.68141,0.453949,0.473721,-2.88229,-2.88808,-0.295286,-0.290556,-0.0295572,-0.034735,-0.0853684,-0.0917117,0.764564,0.761405,-0.0093755,-0.0126159,0.103409,0.112747,-0.0457676,-0.0472735,9.86004,1.68231,1.67486,-0.0295572,-0.0853684,0.764564
4.66,9.86454,9.85902,1.65347,1.67471,1.67191,1.67842,0.445921,0.465389,-2.88596,-2.89185,-0.295444,-0.29069,-0.0296503,-0.0348721,-0.0843505,-0.090671,0.764111,0.760937,-0.00926772,-0.0123637,0.100171,0.10958,-0.0448466,-0.0463497,9.86454,1.65347,1.67191,-0.0296503,-0.0843505,0.764111
4.67,9.86896,9.86361,1.62459,1.64583,1.66895,1.67544,0.437956,0.457112,-2.88954,-2.89555,-0.2956,-0.290822,-0.0297428,-0.0350051,-0.0833649,-0.089656,0.763667,0.760475,-0.00925093,-0.0122006,0.0969409,0.106419,-0.0439286,-0.0454275,9.86896,1.62459,1.66895,-0.0297428,-0.0833649,0.763667
4.68,9.8733,9.86812,1.59568,1.61691,1.66599,1.67245,0.430053,0.448888,-2.89305,-2.89916,-0.295753,-0.290954,-0.0298356,-0.0351349,-0.0824116,-0.0886671,0.763233,0.760019,-0.0093238,-0.0121243,0.0937243,0.103268,-0.0430136,-0.0445078,9.8733,1.59568,1.66599,-0.0298356,-0.0824116,0.763233
4.69,9.87756,9.87254,1.56673,1.58795,1.66304,1.66945,0.422208,0.440714,-2.89649,-2.9027,-0.295904,-0.291084,-0.0299296,-0.035263,-0.0814904,-0.0877043,0.762807,0.759569,-0.00948494,-0.0121347,0.0905251,0.10013,-0.0421018,-0.04359,9.87756,1.56673,1.66304,-0.0299296,-0.0814904,0.762807
4.7,9.88174,9.87689,1.53775,1.55895,1.66008,1.66646,0.41442,0.432592,-2.89985,-2.90616,-0.296051,-0.291213,-0.0300256,-0.0353898,-0.0806011,-0.0867678,0.762391,0.759126,-0.00973284,-0.0122301,0.0873477,0.0970127,-0.0411934,-0.0426745,9.88174,1.53775,1.66008,-0.0300256,-0.0806011,0.762391
4.71,9.88585,9.88115,1.50873,1.52992,1.65711,1.66346,0.406686,0.424516,-2.90315,-2.90955,-0.296196,-0.291342,-0.0301246,-0.0355167,-0.0797434,-0.0858574,0.761983,0.758689,-0.0100659,-0.0124095,0.0841963,0.0939183,-0.0402885,-0.0417611,9.88585,1.50873,1.65711,-0.0301246,-0.0797434,0.761983
4.72,9.88988,9.88533,1.47969,1.50084,1.65415,1.66046,0.399004,0.416487,-2.90638,-2.91288,-0.296338,-0.291471,-0.0302272,-0.0356443,-0.078917,-0.0849734,0.761585,0.758258,-0.0104824,-0.0126696,0.081075,0.0908516,-0.0393872,-0.0408503,9.88988,1.47969,1.65415,-0.0302272,-0.078917,0.761585
4.73,9.89383,9.88943,1.45061,1.47173,1.65119,1.65745,0.391371,0.408503,-2.90954,-2.91613,-0.296478,-0.291599,-0.0303345,-0.0357731,-0.0781217,-0.0841155,0.761195,0.757834,-0.0109806,-0.0130098,0.0779879,0.0878162,-0.0384895,-0.0399423,9.89383,1.45061,1.65119,-0.0303345,-0.0781217,0.761195
4.74,9.89771,9.89345,1.4215,1.44259,1.64822,1.65444,0.383786,0.400562,-2.91264,-2.91932,-0.296615,-0.291727,-0.0304471,-0.0359052,-0.0773571,-0.083284,0.760815,0.757416,-0.0115586,-0.0134279,0.0749388,0.0848173,-0.0375957,-0.0390369,9.89771,1.4215,1.64822,-0.0304471,-0.0773571,0.760815
4.75,9.90151,9.89739,1.39235,1.4134,1.64526,1.65143,0.376244,0.392661,-2.91568,-2.92244,-0.296749,-0.291855,-0.0305659,-0.0360403,-0.0766228,-0.0824786,0.760444,0.757004,-0.0122144,-0.0139223,0.0719314,0.081858,-0.0367058,-0.0381341,9.90151,1.39235,1.64526,-0.0305659,-0.0766228,0.760444
4.76,9.90523,9.90125,1.36318,1.38418,1.64229,1.64841,0.368745,0.384799,-2.91866,-2.9255,-0.29688,-0.291984,-0.0306916,-0.0361803,-0.0759184,-0.0816992,0.760081,0.7566,-0.0129461,-0.0144894,0.0689695,0.0789429,-0.03582,-0.0372344,9.90523,1.36318,1.64229,-0.0306916,-0.0759184,0.760081
4.77,9.90888,9.90503,1.33398,1.35493,1.63932,1.6454,0.361284,0.376976,-2.92157,-2.9285,-0.297008,-0.292112,-0.0308251,-0.0363251,-0.0752433,-0.080946,0.759727,0.756202,-0.0137515,-0.0151285,0.0660565,0.076075,-0.0349383,-0.0363378,9.90888,1.33398,1.63932,-0.0308251,-0.0752433,0.759727
4.78,9.91246,9.90873,1.30475,1.32564,1.63635,1.64238,0.353861,0.369187,-2.92444,-2.93144,-0.297134,-0.292241,-0.0309669,-0.036476,-0.0745971,-0.0802183,0.759382,0.755811,-0.0146285,-0.0158369,0.0631958,0.0732581,-0.0340608,-0.0354447,9.91246,1.30475,1.63635,-0.0309669,-0.0745971,0.759382
4.79,9.91596,9.91235,1.27549,1.29632,1.63338,1.63936,0.346472,0.361432,-2.92724,-2.93432,-0.297257,-0.29237,-0.0311179,-0.0366334,-0.0739792,-0.0795163,0.759046,0.755427,-0.0155747,-0.016612,0.0603907,0.0704953,-0.0331878,-0.0345549,9.91596,1.27549,1.63338,-0.0311179,-0.0739792,0.759046
4.8,9.91939,9.9159,1.24621,1.26697,1.6304,1.63633,0.339114,0.353709,-2.92999,-2.93715,-0.297378,-0.292499,-0.0312786,-0.0367986,-0.073389,-0.0788395,0.758718,0.755051,-0.016588,-0.0174518,0.0576443,0.0677893,-0.0323192,-0.0336685,9.91939,1.24621,1.6304,-0.0312786,-0.073389,0.758718
4.81,9.92274,9.91937,1.21689,1.23759,1.62743,1.63331,0.331786,0.346015,-2.93269,-2.93992,-0.297496,-0.29263,-0.0314499,-0.0369721,-0.0728261,-0.0781878,0.7584,0.754681,-0.0176659,-0.0183538,0.0549596,0.0651444,-0.0314552,-0.0327859,9.92274,1.21689,1.62743,-0.0314499,-0.0728261,0.7584
4.82,9.92602,9.92276,1.18755,1.20817,1.62445,1.63028,0.324483,0.338348,-2.93534,-2.94264,-0.29761,-0.29276,-0.0316322,-0.0371547,-0.0722896,-0.0775608,0.758089,0.754319,-0.0188061,-0.0193149,0.0523395,0.0625634,-0.0305959,-0.0319071,9.92602,1.18755,1.62445,-0.0316322,-0.0722896,0.758089
4.83,9.92923,9.92607,1.15819,1.17873,1.62148,1.62725,0.317205,0.330708,-2.93794,-2.94531,-0.297723,-0.292891,-0.0318262,-0.0373473,-0.0717791,-0.0769582,0.757788,0.753965,-0.0200061,-0.0203328,0.0497867,0.0600488,-0.0297414,-0.0310323,9.92923,1.15819,1.62148,-0.0318262,-0.0717791,0.757788
4.84,9.93237,9.92931,1.12879,1.14926,1.6185,1.62422,0.309948,0.32309,-2.94048,-2.94792,-0.297832,-0.293021,-0.0320325,-0.03755,-0.0712937,-0.0763795,0.757494,0.753619,-0.0212633,-0.0214067,0.0473038,0.0576027,-0.0288917,-0.0301617,9.93237,1.12879,1.6185,-0.0320325,-0.0712937,0.757494
4.85,9.93543,9.93247,1.09938,1.11976,1.61552,1.62119,0.302709,0.315494,-2.94298,-2.95049,-0.297939,-0.293153,-0.0322516,-0.037764,-0.0708328,-0.0758245,0.75721,0.75328,-0.0225753,-0.0225308,0.0448931,0.0552281,-0.028047,-0.0292954,9.93543,1.09938,1.61552,-0.0322516,-0.0708328,0.75721
4.86,9.93842,9.93555,1.06993,1.09024,1.61254,1.61816,0.295486,0.307917,-2.94543,-2.95301,-0.298043,-0.293284,-0.0324842,-0.0379896,-0.0703956,-0.0752926,0.756933,0.75295,-0.0239394,-0.0237052,0.042557,0.0529274,-0.0272074,-0.0284335,9.93842,1.06993,1.61254,-0.0324842,-0.0703956,0.756933
4.87,9.94134,9.93856,1.04047,1.06069,1.60956,1.61512,0.288277,0.300358,-2.94783,-2.95547,-0.298144,-0.293415,-0.0327306,-0.0382278,-0.0699814,-0.0747833,0.756666,0.752628,-0.0253531,-0.0249259,0.0402977,0.0507022,-0.0263729,-0.0275765,9.94134,1.04047,1.60956,-0.0327306,-0.0699814,0.756666
4.88,9.94419,9.9415,1.01098,1.03111,1.60658,1.61209,0.281079,0.292814,-2.95018,-2.95789,-0.298243,-0.293547,-0.0329914,-0.0384786,-0.0695893,-0.0742961,0.756406,0.752314,-0.0268136,-0.0261911,0.0381172,0.0485547,-0.0255436,-0.0267241,9.94419,1.01098,1.60658,-0.0329914,-0.0695893,0.756406
4.89,9.94696,9.94436,0.981465,1.00151,1.60359,1.60905,0.27389,0.285283,-2.95249,-2.96026,-0.298339,-0.293678,-0.033267,-0.0387432,-0.0692187,-0.0738304,0.756155,0.752009,-0.0283183,-0.0274979,0.0360173,0.0464867,-0.0247197,-0.0258767,9.94696,0.981465,1.60359,-0.033267,-0.0692187,0.756155
4.9,9.94966,9.94714,0.951929,0.971888,1.60061,1.60601,0.266706,0.277763,-2.95475,-2.96258,-0.298432,-0.293809,-0.0335579,-0.0390215,-0.0688687,-0.0733858,0.755912,0.751712,-0.0298646,-0.0288438,0.0339998,0.0445009,-0.0239011,-0.0250342,9.94966,0.951929,1.60061,-0.0335579,-0.0688687,0.755912
4.91,9.9523,9.94985,0.92237,0.942245,1.59762,1.60298,0.259526,0.270252,-2.95696,-2.96486,-0.298523,-0.293939,-0.0338644,-0.0393143,-0.0685385,-0.0729613,0.755677,0.751424,-0.0314497,-0.0302257,0.0320663,0.0425964,-0.0230881,-0.0241972,9.9523,0.92237,1.59762,-0.0338644,-0.0685385,0.755677
4.92,9.95485,9.95248,0.89279,0.91258,1.59464,1.59994,0.252347,0.262749,-2.95913,-2.96709,-0.29861,-0.294068,-0.034187,-0.039622,-0.0682271,-0.0725568,0.75545,0.751144,-0.0330708,-0.0316415,0.0302181,0.0407767,-0.0222806,-0.0233656,9.95485,0.89279,1.59464,-0.034187,-0.0682271,0.75545
4.93,9.95734,9.95504,0.863188,0.882893,1.59165,1.5969,0.245167,0.25525,-2.96126,-2.96927,-0.298695,-0.294197,-0.0345259,-0.0399454,-0.0679338,-0.072171,0.755231,0.750874,-0.0347253,-0.0330888,0.0284566,0.0390418,-0.0214788,-0.0225394,9.95734,0.863188,1.59165,-0.0345259,-0.0679338,0.755231
4.94,9.95976,9.95753,0.833565,0.853187,1.58867,1.59387,0.237983,0.247754,-2.96333,-2.9714,-0.298778,-0.294324,-0.0348816,-0.0402839,-0.0676577,-0.0718036,0.75502,0.750612,-0.0364104,-0.0345648,0.026783,0.0373934,-0.0206826,-0.0217189,9.95976,0.833565,1.58867,-0.0348816,-0.0676577,0.75502
4.95,9.9621,9.95993,0.803921,0.823464,1.58568,1.59083,0.230793,0.24026,-2.96537,-2.97349,-0.298857,-0.29445,-0.0352542,-0.0406388,-0.0673979,-0.0714538,0.754817,0.75036,-0.0381234,-0.036068,0.0251983,0.0358315,-0.0198923,-0.0209043,9.9621,0.803921,1.58568,-0.0352542,-0.0673979,0.754817
4.96,9.96437,9.96227,0.774258,0.793725,1.58269,1.58779,0.223595,0.232764,-2.96735,-2.97552,-0.298934,-0.294575,-0.0356442,-0.0410101,-0.0671534,-0.0711207,0.754622,0.750117,-0.0398615,-0.0375942,0.0237032,0.0343578,-0.0191079,-0.0200956,9.96437,0.774258,1.58269,-0.0356442,-0.0671534,0.754622
4.97,9.96657,9.96453,0.744574,0.763967,1.5797,1.58476,0.216387,0.225264,-2.96929,-2.97751,-0.299008,-0.294698,-0.0360515,-0.0413978,-0.0669235,-0.0708035,0.754435,0.749883,-0.041622,-0.0391423,0.0222987,0.0329714,-0.0183294,-0.019293,9.96657,0.744574,1.5797,-0.0360515,-0.0669235,0.754435
4.98,9.9687,9.96672,0.714872,0.734195,1.57671,1.58172,0.209166,0.217761,-2.97119,-2.97945,-0.29908,-0.294819,-0.0364767,-0.0418026,-0.0667071,-0.0705015,0.754256,0.749658,-0.0434021,-0.04071,0.0209853,0.0316738,-0.0175569,-0.0184966,9.9687,0.714872,1.57671,-0.0364767,-0.0667071,0.754256
4.99,9.97076,9.96883,0.685151,0.704408,1.57372,1.57869,0.201931,0.21025,-2.97304,-2.98134,-0.299148,-0.294938,-0.0369196,-0.0422245,-0.0665035,-0.0702138,0.754084,0.749442,-0.0451993,-0.0422949,0.0197633,0.0304651,-0.0167904,-0.0177065,9.97076,0.685151,1.57372,-0.0369196,-0.0665035,0.754084
5,9.97274,9.97087,0.655411,0.674605,1.57073,1.57565,0.194678,0.20273,-2.97484,-2.98318,-0.299214,-0.295054,-0.0373807,-0.0426636,-0.0663116,-0.0699397,0.75392,0.749236,-0.0470106,-0.0438936,0.0186333,0.0293448,-0.0160301,-0.0169229,9.97274,0.655411,1.57073,-0.0373807,-0.0663116,0.75392
5.01,9.97465,9.97283,0.625654,0.64479,1.56773,1.57262,0.187407,0.195199,-2.97659,-2.98497,-0.299278,-0.295168,-0.0378599,-0.0431207,-0.0661305,-0.0696782,0.753763,0.74904,-0.0488335,-0.0455056,0.0175953,0.0283138,-0.015276,-0.0161458,9.97465,0.625654,1.56773,-0.0378599,-0.0661305,0.753763
5.02,9.97649,9.97473,0.59588,0.614963,1.56474,1.56959,0.180116,0.187655,-2.9783,-2.98671,-0.299338,-0.295279,-0.0383574,-0.0435951,-0.0659594,-0.0694283,0.753614,0.748852,-0.0506654,-0.0471276,0.0166494,0.0273706,-0.0145282,-0.0153754,9.97649,0.59588,1.56474,-0.0383574,-0.0659594,0.753614
5.03,9.97825,9.97655,0.566088,0.585125,1.56175,1.56655,0.172801,0.180099,-2.97995,-2.9884,-0.299396,-0.295387,-0.0388732,-0.0440873,-0.0657972,-0.0691892,0.753473,0.748674,-0.0525035,-0.0487572,0.0157956,0.026516,-0.0137867,-0.0146117,9.97825,0.566088,1.56175,-0.0388732,-0.0657972,0.753473
5.04,9.97994,9.97829,0.536281,0.555276,1.55875,1.56352,0.165463,0.172525,-2.98156,-2.99003,-0.299451,-0.295492,-0.0394075,-0.0445971,-0.0656431,-0.0689602,0.753339,0.748505,-0.0543453,-0.0503931,0.0150337,0.0257487,-0.0130516,-0.0138549,9.97994,0.536281,1.55875,-0.0394075,-0.0656431,0.753339
5.05,9.98156,9.97995,0.506457,0.525416,1.55576,1.56049,0.158098,0.164934,-2.98312,-2.99161,-0.299503,-0.295593,-0.0399601,-0.0451249,-0.0654962,-0.0687401,0.753212,0.748346,-0.0561882,-0.0520334,0.0143633,0.0250685,-0.0123229,-0.013105,9.98156,0.506457,1.55576,-0.0399601,-0.0654962,0.753212
5.06,9.98311,9.98155,0.476619,0.495544,1.55276,1.55747,0.150705,0.157323,-2.98463,-2.99313,-0.299553,-0.295691,-0.0405312,-0.0456706,-0.0653556,-0.0685281,0.753092,0.748196,-0.0580297,-0.0536757,0.013784,0.0244752,-0.0116007,-0.0123622,9.98311,0.476619,1.55276,-0.0405312,-0.0653556,0.753092
5.07,9.98458,9.98307,0.446765,0.465662,1.54977,1.55444,0.143283,0.14969,-2.98608,-2.99459,-0.2996,-0.295785,-0.0411207,-0.0462341,-0.0652203,-0.0683232,0.75298,0.748055,-0.0598673,-0.055318,0.0132953,0.0239668,-0.010885,-0.0116264,9.98458,0.446765,1.54977,-0.0411207,-0.0652203,0.75298
5.08,9.98597,9.98452,0.416897,0.435773,1.54677,1.55141,0.13583,0.142035,-2.98749,-2.996,-0.299644,-0.295875,-0.0417286,-0.0468157,-0.0650894,-0.0681247,0.752874,0.747924,-0.0616984,-0.0569577,0.0128965,0.0235439,-0.0101759,-0.0108979,9.98597,0.416897,1.54677,-0.0417286,-0.0650894,0.752874
5.09,9.98729,9.98589,0.387016,0.405873,1.54377,1.54839,0.128344,0.134355,-2.98884,-2.99735,-0.299686,-0.295962,-0.0423547,-0.0474146,-0.064962,-0.0679314,0.752776,0.747801,-0.0635208,-0.058594,0.0125867,0.0232048,-0.00947347,-0.0101764,9.98729,0.387016,1.54377,-0.0423547,-0.064962,0.752776
5.1,9.98854,9.98718,0.357121,0.375967,1.54078,1.54537,0.120824,0.126651,-2.99013,-2.99864,-0.299725,-0.296044,-0.0429989,-0.0480314,-0.0648373,-0.0677425,0.752685,0.747688,-0.065332,-0.0602248,0.0123651,0.0229473,-0.00877771,-0.00946237,9.98854,0.357121,1.54078,-0.0429989,-0.0648373,0.752685
5.11,9.98971,9.98841,0.327213,0.346049,1.53778,1.54234,0.113269,0.118917,-2.99137,-2.99987,-0.299761,-0.296122,-0.0436613,-0.0486661,-0.0647144,-0.067557,0.752601,0.747584,-0.0671296,-0.0618479,0.0122307,0.0227719,-0.00808867,-0.00875553,9.98971,0.327213,1.53778,-0.0436613,-0.0647144,0.752601
5.12,9.9908,9.98955,0.297293,0.316125,1.53478,1.53932,0.105677,0.111156,-2.99255,-3.00103,-0.299794,-0.296195,-0.0443415,-0.0493178,-0.0645924,-0.0673741,0.752523,0.747489,-0.0689115,-0.0634622,0.0121824,0.0226768,-0.00740641,-0.00805621,9.9908,0.297293,1.53478,-0.0443415,-0.0645924,0.752523
5.13,9.99182,9.99062,0.267362,0.286191,1.53178,1.5363,0.0980469,0.103363,-2.99367,-3.00214,-0.299825,-0.296264,-0.0450394,-0.0499872,-0.0644705,-0.0671927,0.752452,0.747403,-0.0706754,-0.0650647,0.0122189,0.0226599,-0.00673096,-0.00736424,9.99182,0.267362,1.53178,-0.0450394,-0.0644705,0.752452
5.14,9.99276,9.99162,0.23742,0.256252,1.52878,1.53328,0.090378,0.0955404,-2.99474,-3.00317,-0.299853,-0.296328,-0.0457549,-0.0506735,-0.0643478,-0.0670121,0.752388,0.747325,-0.0724192,-0.0666546,0.012339,0.0227204,-0.00606237,-0.00667989,9.99276,0.23742,1.52878,-0.0457549,-0.0643478,0.752388
5.15,9.99363,9.99254,0.207468,0.226303,1.52579,1.53027,0.0826691,0.0876842,-2.99574,-3.00414,-0.299878,-0.296388,-0.0464877,-0.0513767,-0.0642234,-0.0668315,0.752331,0.747256,-0.0741407,-0.0682303,0.0125411,0.0228564,-0.00540067,-0.00600302,9.99363,0.207468,1.52579,-0.0464877,-0.0642234,0.752331
5.16,9.99442,9.99338,0.177506,0.196347,1.52279,1.52725,0.074919,0.0797938,-2.99668,-3.00504,-0.2999,-0.296443,-0.0472376,-0.0520963,-0.0640967,-0.0666497,0.75228,0.747196,-0.0758378,-0.0697899,0.012824,0.0230664,-0.00474589,-0.00533345,9.99442,0.177506,1.52279,-0.0472376,-0.0640967,0.75228
5.17,9.99513,9.99415,0.147534,0.166382,1.51979,1.52423,0.0671269,0.0718684,-2.99756,-3.00587,-0.29992,-0.296494,-0.0480044,-0.0528328,-0.0639667,-0.0664662,0.752236,0.747144,-0.0775086,-0.0713311,0.0131858,0.0233493,-0.00409807,-0.0046716,9.99513,0.147534,1.51979,-0.0480044,-0.0639667,0.752236
5.18,9.99576,9.99483,0.117555,0.136411,1.51679,1.52122,0.0592919,0.0639069,-2.99837,-3.00664,-0.299937,-0.29654,-0.0487877,-0.0535854,-0.0638327,-0.0662797,0.752198,0.747101,-0.0791512,-0.0728529,0.013625,0.023703,-0.00345725,-0.00401732,9.99576,0.117555,1.51679,-0.0487877,-0.0638327,0.752198
5.19,9.99631,9.99545,0.0875672,0.106431,1.51379,1.5182,0.0514132,0.0559079,-2.99912,-3.00733,-0.299951,-0.296582,-0.0495873,-0.054354,-0.063694,-0.0660899,0.752167,0.747066,-0.0807637,-0.074354,0.0141399,0.0241254,-0.00282345,-0.00337055,9.99631,0.0875672,1.51379,-0.0495873,-0.063694,0.752167
5.2,9.99679,9.99598,0.0575726,0.0764435,1.51079,1.51519,0.0434901,0.0478709,-2.99979,-3.00794,-0.299963,-0.296618,-0.0504029,-0.055138,-0.0635497,-0.0658956,0.752142,0.747039,-0.0823442,-0.0758325,0.0147285,0.0246151,-0.00219671,-0.00273158,9.99679,0.0575726,1.51079,-0.0504029,-0.0635497,0.752142
5.21,9.99718,9.99644,0.0275716,0.0464483,1.50779,1.51217,0.0355219,0.0397943,-3.0004,-3.00849,-0.299972,-0.296651,-0.0512341,-0.0559374,-0.0633991,-0.0656962,0.752123,0.74702,-0.0838911,-0.0772861,0.015389,0.0251699,-0.00157705,-0.00210014,9.99718,0.0275716,1.50779,-0.0512341,-0.0633991,0.752123
5.22,9.9975,9.99682,-0.00243522,0.016449,1.50479,1.50916,0.0275082,0.0316788,-3.00094,-3.00895,-0.299978,-0.296678,-0.0520806,-0.0567518,-0.0632417,-0.0654908,0.75211,0.74701,-0.0854027,-0.0787137,0.0161193,0.025788,-0.0009645,-0.00147635,9.9975,-0.00243522,1.50479,-0.0520806,-0.0632417,0.75211
5.23,9.99773,9.99712,-0.032447,-0.0135596,1.50179,1.50615,0.0194483,0.0235218,-3.00141,-3.00934,-0.299982,-0.296702,-0.052942,-0.0575809,-0.0630765,-0.0652788,0.752104,0.747006,-0.0868774,-0.0801142,0.0169176,0.026467,-0.000359084,-0.00086011,9.99773,-0.032447,1.50179,-0.052942,-0.0630765,0.752104
5.24,9.99789,9.99734,-0.0624631,-0.0435741,1.49879,1.50313,0.011342,0.0153244,-3.0018,-3.00965,-0.299982,-0.296721,-0.053818,-0.0584244,-0.0629031,-0.0650595,0.752103,0.747011,-0.0883136,-0.0814857,0.0177816,0.027205,0.000239175,-0.000251636,9.99789,-0.0624631,1.49879,-0.053818,-0.0629031,0.752103
5.25,9.99796,9.99748,-0.0924828,-0.0735952,1.49579,1.50012,0.00318872,0.00708435,-3.00212,-3.00988,-0.29998,-0.296735,-0.0547082,-0.0592818,-0.0627207,-0.064832,0.752109,0.747023,-0.08971,-0.0828272,0.0187092,0.0280002,0.000830254,0.000349343,9.99796,-0.0924828,1.49579,-0.0547082,-0.0627207,0.752109
5.26,9.99795,9.99754,-0.122505,-0.103624,1.49279,1.49711,-0.00501165,-0.00119743,-3.00236,-3.01003,-0.299976,-0.296745,-0.0556121,-0.0601528,-0.0625287,-0.0645958,0.75212,0.747042,-0.091065,-0.0841364,0.0196982,0.0288509,0.00141413,0.000942662,9.99795,-0.122505,1.49279,-0.0556121,-0.0625287,0.75212
5.27,9.99786,9.99752,-0.15253,-0.133655,1.48979,1.49409,-0.0132594,-0.00952184,-3.00252,-3.01009,-0.299968,-0.296752,-0.0565293,-0.0610367,-0.0623265,-0.0643502,0.752137,0.747069,-0.0923775,-0.0854129,0.0207463,0.0297534,0.0019908,0.00152814,9.99786,-0.15253,1.48979,-0.0565293,-0.0623265,0.752137
5.28,9.99769,9.99743,-0.182555,-0.163694,1.48679,1.49108,-0.0215546,-0.0178907,-3.0026,-3.01007,-0.299958,-0.296754,-0.0574595,-0.0619338,-0.0621136,-0.0640945,0.75216,0.747103,-0.0936461,-0.0866544,0.0218511,0.0307075,0.00256023,0.0021061,9.99769,-0.182555,1.48679,-0.0574595,-0.0621136,0.75216
5.29,9.99743,9.99724,-0.212581,-0.193733,1.48379,1.48806,-0.0298974,-0.0263,-3.0026,-3.00997,-0.299946,-0.296752,-0.0584021,-0.062843,-0.0618893,-0.0638284,0.752188,0.747143,-0.0948698,-0.0878601,0.0230105,0.0317092,0.0031224,0.00267644,9.99743,-0.212581,1.48379,-0.0584021,-0.0618893,0.752188
5.3,9.99709,9.99698,-0.242607,-0.223777,1.48079,1.48505,-0.0382877,-0.0347542,-3.00251,-3.00978,-0.29993,-0.296746,-0.0593567,-0.0637638,-0.0616532,-0.063551,0.752222,0.747191,-0.0960474,-0.0890279,0.0242218,0.0327566,0.00367732,0.00323913,9.99709,-0.242607,1.48079,-0.0593567,-0.0616532,0.752222
5.31,9.99666,9.99664,-0.272631,-0.253825,1.47779,1.48203,-0.0467255,-0.043252,-3.00234,-3.0095,-0.299912,-0.296737,-0.0603229,-0.0646965,-0.0614047,-0.0632619,0.752262,0.747245,-0.0971778,-0.0901577,0.0254828,0.033848,0.00422495,0.0037941,9.99666,-0.272631,1.47779,-0.0603229,-0.0614047,0.752262
5.32,9.99615,9.99621,-0.302653,-0.283873,1.47479,1.47902,-0.0552107,-0.0517927,-3.00208,-3.00913,-0.299891,-0.296724,-0.0613001,-0.06564,-0.0611434,-0.0629606,0.752306,0.747305,-0.0982602,-0.0912469,0.0267909,0.0349809,0.0047653,0.0043415,9.99615,-0.302653,1.47479,-0.0613001,-0.0611434,0.752306
5.33,9.99556,9.9957,-0.332673,-0.313922,1.4718,1.476,-0.0637431,-0.0603766,-3.00174,-3.00867,-0.299867,-0.296707,-0.0622879,-0.0665939,-0.0608688,-0.0626468,0.752357,0.747372,-0.0992938,-0.0922959,0.0281436,0.036153,0.00529835,0.00488131,9.99556,-0.332673,1.4718,-0.0622879,-0.0608688,0.752357
5.34,9.99488,9.9951,-0.362688,-0.343971,1.4688,1.47298,-0.0723223,-0.0690039,-3.0013,-3.00811,-0.299841,-0.296688,-0.0632858,-0.0675581,-0.0605804,-0.0623197,0.752412,0.747445,-0.100278,-0.0933026,0.0295385,0.0373619,0.00582409,0.00541358,9.99488,-0.362688,1.4688,-0.0632858,-0.0605804,0.752412
5.35,9.99411,9.99442,-0.392698,-0.374016,1.4658,1.46996,-0.0809482,-0.0776733,-3.00078,-3.00747,-0.299812,-0.296665,-0.0642933,-0.0685316,-0.0602779,-0.0619792,0.752473,0.747524,-0.101211,-0.0942653,0.030973,0.0386045,0.00634252,0.00593822,9.99411,-0.392698,1.4658,-0.0642933,-0.0602779,0.752473
5.36,9.99326,9.99366,-0.422703,-0.404059,1.4628,1.46694,-0.0896202,-0.0863849,-3.00016,-3.00672,-0.29978,-0.296639,-0.0653099,-0.0695141,-0.0599608,-0.0616248,0.752539,0.747609,-0.102093,-0.0951843,0.0324445,0.0398795,0.00685363,0.00645511,9.99326,-0.422703,1.4628,-0.0653099,-0.0599608,0.752539
5.37,9.99232,9.99281,-0.452701,-0.434096,1.4598,1.46392,-0.098338,-0.0951376,-2.99944,-3.00589,-0.299746,-0.29661,-0.066335,-0.0705052,-0.0596288,-0.0612561,0.75261,0.7477,-0.102924,-0.0960579,0.0339505,0.0411835,0.00735742,0.00696453,9.99232,-0.452701,1.4598,-0.066335,-0.0596288,0.75261
5.38,9.99129,9.99187,-0.482692,-0.464129,1.45681,1.4609,-0.107101,-0.103933,-2.99863,-3.00495,-0.299708,-0.296577,-0.0673682,-0.0715044,-0.0592817,-0.0608729,0.752686,0.747796,-0.103703,-0.0968855,0.0354884,0.042515,0.00785388,0.00746644,9.99129,-0.482692,1.45681,-0.0673682,-0.0592817,0.752686
5.39,9.99018,9.99085,-0.512674,-0.494152,1.45381,1.45788,-0.115909,-0.112768,-2.99772,-3.00392,-0.299668,-0.296543,-0.0684089,-0.072511,-0.058919,-0.0604748,0.752767,0.747898,-0.104429,-0.0976664,0.0370557,0.0438712,0.00834302,0.00796078,9.99018,-0.512674,1.45381,-0.0684089,-0.058919,0.752767
5.4,9.98897,9.98974,-0.542646,-0.524167,1.45081,1.45486,-0.124761,-0.121644,-2.99672,-3.00279,-0.299626,-0.296505,-0.0694566,-0.0735248,-0.0585405,-0.0600617,0.752853,0.748005,-0.105102,-0.0983988,0.0386496,0.0452494,0.00882483,0.00844763,9.98897,-0.542646,1.45081,-0.0694566,-0.0585405,0.752853
5.41,9.98768,9.98854,-0.572608,-0.554169,1.44782,1.45184,-0.133656,-0.130558,-2.99561,-3.00156,-0.299581,-0.296465,-0.0705107,-0.0745449,-0.0581459,-0.0596332,0.752944,0.748117,-0.105722,-0.0990831,0.0402678,0.0466477,0.00929931,0.00892688,9.98768,-0.572608,1.44782,-0.0705107,-0.0581459,0.752944
5.42,9.9863,9.98726,-0.602558,-0.584161,1.44482,1.44882,-0.142594,-0.139511,-2.9944,-3.00022,-0.299533,-0.296422,-0.0715708,-0.0755709,-0.057735,-0.0591892,0.753039,0.748234,-0.106289,-0.0997186,0.0419075,0.0480639,0.00976647,0.00939877,9.9863,-0.602558,1.44482,-0.0715708,-0.057735,0.753039
5.43,9.98483,9.98589,-0.632495,-0.614136,1.44183,1.44579,-0.151574,-0.148501,-2.99308,-2.99879,-0.299482,-0.296377,-0.0726363,-0.0766023,-0.0573077,-0.0587296,0.753139,0.748356,-0.106802,-0.100304,0.0435662,0.049495,0.0102263,0.00986305,9.98483,-0.632495,1.44183,-0.0726363,-0.0573077,0.753139
5.44,9.98327,9.98443,-0.662419,-0.644098,1.43883,1.44277,-0.160595,-0.157528,-2.99166,-2.99725,-0.299428,-0.296329,-0.0737067,-0.0776386,-0.0568637,-0.0582542,0.753244,0.748483,-0.107261,-0.100841,0.0452413,0.0509385,0.0106788,0.01032,9.98327,-0.662419,1.43883,-0.0737067,-0.0568637,0.753244
5.45,9.98162,9.98288,-0.692328,-0.674041,1.43584,1.43975,-0.169657,-0.166591,-2.99013,-2.99561,-0.299372,-0.296279,-0.0747814,-0.0786791,-0.0564028,-0.0577627,0.753353,0.748614,-0.107667,-0.101327,0.0469304,0.0523935,0.011124,0.0107693,9.98162,-0.692328,1.43584,-0.0747814,-0.0564028,0.753353
5.46,9.97987,9.98124,-0.722221,-0.703967,1.43284,1.43672,-0.178758,-0.17569,-2.9885,-2.99386,-0.299313,-0.296227,-0.0758599,-0.0797235,-0.055925,-0.0572553,0.753466,0.748749,-0.10802,-0.101762,0.0486309,0.0538564,0.011562,0.0112112,9.97987,-0.722221,1.43284,-0.0758599,-0.055925,0.753466
5.47,9.97804,9.97951,-0.752098,-0.733869,1.42985,1.4337,-0.187897,-0.184821,-2.98675,-2.992,-0.299252,-0.296173,-0.0769416,-0.0807712,-0.0554302,-0.0567318,0.753584,0.748889,-0.108319,-0.102147,0.0503402,0.0553256,0.0119926,0.011646,9.97804,-0.752098,1.42985,-0.0769416,-0.0554302,0.753584
5.48,9.97612,9.97769,-0.781956,-0.76375,1.42686,1.43068,-0.197074,-0.193985,-2.9849,-2.99004,-0.299188,-0.296116,-0.0780261,-0.0818214,-0.0549182,-0.0561923,0.753706,0.749033,-0.108565,-0.102481,0.052056,0.0567981,0.0124159,0.0120729,9.97612,-0.781956,1.42686,-0.0780261,-0.0549182,0.753706
5.49,9.9741,9.97578,-0.811795,-0.793606,1.42387,1.42765,-0.206287,-0.20318,-2.98293,-2.98797,-0.299121,-0.296058,-0.0791127,-0.0828737,-0.054389,-0.0556367,0.753832,0.749181,-0.108759,-0.102765,0.0537757,0.0582725,0.012832,0.0124928,9.9741,-0.811795,1.42387,-0.0791127,-0.054389,0.753832
5.5,9.97199,9.97378,-0.841614,-0.823437,1.42088,1.42463,-0.215536,-0.212406,-2.98085,-2.98579,-0.299051,-0.295997,-0.0802011,-0.0839282,-0.0538427,-0.055065,0.753963,0.749333,-0.108899,-0.102998,0.0554969,0.0597464,0.0132408,0.0129052,9.97199,-0.841614,1.42088,-0.0802011,-0.0538427,0.753963
5.51,9.96979,9.97169,-0.871412,-0.853243,1.41789,1.42161,-0.224819,-0.221662,-2.97865,-2.9835,-0.298979,-0.295934,-0.0812906,-0.0849833,-0.0532791,-0.0544773,0.754097,0.749488,-0.108988,-0.103181,0.0572173,0.0612177,0.0136424,0.0133105,9.96979,-0.871412,1.41789,-0.0812906,-0.0532791,0.754097
5.52,9.96749,9.9695,-0.901187,-0.88302,1.4149,1.41859,-0.234135,-0.230946,-2.97634,-2.9811,-0.298904,-0.295869,-0.0823807,-0.0860395,-0.0526983,-0.0538736,0.754235,0.749647,-0.109025,-0.103313,0.0589345,0.0626854,0.0140367,0.0137084,9.96749,-0.901187,1.4149,-0.0823807,-0.0526983,0.754235
5.53,9.96511,9.96722,-0.930938,-0.912767,1.41191,1.41557,-0.243483,-0.240257,-2.97391,-2.97859,-0.298826,-0.295802,-0.0834709,-0.0870956,-0.0521004,-0.0532541,0.754378,0.74981,-0.109011,-0.103396,0.0606461,0.0641452,0.0144238,0.0140989,9.96511,-0.930938,1.41191,-0.0834709,-0.0521004,0.754378
5.54,9.96262,9.96485,-0.960664,-0.942482,1.40892,1.41255,-0.252862,-0.249594,-2.97136,-2.97596,-0.298746,-0.295733,-0.0845607,-0.0881514,-0.0514854,-0.0526188,0.754524,0.749976,-0.108946,-0.10343,0.06235,0.0655974,0.0148037,0.0144822,9.96262,-0.960664,1.40892,-0.0845607,-0.0514854,0.754524
5.55,9.96005,9.96238,-0.990365,-0.972169,1.40593,1.40953,-0.262271,-0.258957,-2.9687,-2.97323,-0.298663,-0.295663,-0.0856496,-0.0892064,-0.0508535,-0.0519678,0.754674,0.750145,-0.108831,-0.103415,0.0640438,0.0670392,0.0151765,0.0148585,9.96005,-0.990365,1.40593,-0.0856496,-0.0508535,0.754674
5.56,9.95738,9.95982,-1.02004,-1.00182,1.40295,1.40651,-0.271708,-0.268343,-2.96591,-2.97038,-0.298577,-0.29559,-0.0867372,-0.0902601,-0.0502046,-0.0513013,0.754827,0.750317,-0.108667,-0.103352,0.0657254,0.0684683,0.0155421,0.0152273,9.95738,-1.02004,1.40295,-0.0867372,-0.0502046,0.754827
5.57,9.95461,9.95717,-1.04968,-1.03144,1.39996,1.4035,-0.281172,-0.277752,-2.963,-2.96741,-0.298488,-0.295515,-0.0878228,-0.0913118,-0.049539,-0.0506195,0.754985,0.750493,-0.108455,-0.103241,0.0673927,0.0698841,0.0159005,0.0155891,9.95461,-1.04968,1.39996,-0.0878228,-0.049539,0.754985
5.58,9.95176,9.95442,-1.0793,-1.06102,1.39698,1.40048,-0.290662,-0.287183,-2.95998,-2.96433,-0.298397,-0.295438,-0.0889061,-0.0923613,-0.0488568,-0.0499224,0.755145,0.750672,-0.108194,-0.103084,0.0690435,0.0712845,0.0162518,0.0159438,9.95176,-1.0793,1.39698,-0.0889061,-0.0488568,0.755145
5.59,9.9488,9.95158,-1.10888,-1.09057,1.39399,1.39747,-0.300177,-0.296635,-2.95682,-2.96113,-0.298303,-0.295359,-0.0899865,-0.0934081,-0.0481582,-0.0492104,0.75531,0.750853,-0.107887,-0.102881,0.0706758,0.0726676,0.016596,0.0162914,9.9488,-1.10888,1.39399,-0.0899865,-0.0481582,0.75531
5.6,9.94575,9.94864,-1.13843,-1.12008,1.39101,1.39446,-0.309714,-0.306106,-2.95355,-2.95782,-0.298207,-0.295278,-0.0910637,-0.0944518,-0.0474434,-0.0484835,0.755477,0.751037,-0.107534,-0.102632,0.0722877,0.0740313,0.0169332,0.0166317,9.94575,-1.13843,1.39101,-0.0910637,-0.0474434,0.755477
5.61,9.94261,9.9456,-1.16795,-1.14956,1.38803,1.39145,-0.319274,-0.315596,-2.95015,-2.95439,-0.298107,-0.295196,-0.0921371,-0.0954922,-0.0467125,-0.0477421,0.755648,0.751224,-0.107135,-0.10234,0.0738772,0.0753751,0.0172633,0.0169651,9.94261,-1.16795,1.38803,-0.0921371,-0.0467125,0.755648
5.62,9.93937,9.94247,-1.19744,-1.17899,1.38505,1.38844,-0.328855,-0.325103,-2.94662,-2.95084,-0.298005,-0.295111,-0.0932062,-0.0965282,-0.0459659,-0.0469863,0.755822,0.751414,-0.106693,-0.102004,0.0754424,0.0766974,0.0175863,0.0172913,9.93937,-1.19744,1.38505,-0.0932062,-0.0459659,0.755822
5.63,9.93603,9.93924,-1.22688,-1.20839,1.38207,1.38544,-0.338454,-0.334627,-2.94297,-2.94717,-0.297901,-0.295025,-0.0942708,-0.0975597,-0.0452038,-0.0462164,0.756,0.751606,-0.106207,-0.101625,0.0769816,0.0779965,0.0179024,0.0176107,9.93603,-1.22688,1.38207,-0.0942708,-0.0452038,0.756
5.64,9.9326,9.93591,-1.2563,-1.23775,1.37909,1.38243,-0.348071,-0.344166,-2.93919,-2.94338,-0.297794,-0.294937,-0.0953302,-0.0985867,-0.0444264,-0.0454328,0.75618,0.751801,-0.105679,-0.101206,0.078493,0.0792704,0.0182115,0.0179232,9.9326,-1.2563,1.37909,-0.0953302,-0.0444264,0.75618
5.65,9.92907,9.93249,-1.28567,-1.26708,1.37611,1.37943,-0.357705,-0.35372,-2.93528,-2.93947,-0.297684,-0.294846,-0.0963842,-0.0996083,-0.043634,-0.0446354,0.756364,0.751998,-0.10511,-0.100746,0.0799749,0.080519,0.0185136,0.0182285,9.92907,-1.28567,1.37611,-0.0963842,-0.043634,0.756364
5.66,9.92544,9.92897,-1.315,-1.29636,1.37314,1.37643,-0.367354,-0.363286,-2.93125,-2.93544,-0.297571,-0.294755,-0.0974323,-0.100624,-0.042827,-0.0438247,0.756551,0.752198,-0.104502,-0.100248,0.0814256,0.0817403,0.0188088,0.018527,9.92544,-1.315,1.37314,-0.0974323,-0.042827,0.756551
5.67,9.92172,9.92534,-1.34429,-1.3256,1.37016,1.37344,-0.377017,-0.372865,-2.92709,-2.93129,-0.297455,-0.294661,-0.0984741,-0.101634,-0.0420056,-0.043001,0.75674,0.7524,-0.103854,-0.099711,0.0828437,0.0829335,0.0190972,0.0188185,9.92172,-1.34429,1.37016,-0.0984741,-0.0420056,0.75674
5.68,9.9179,9.92162,-1.37354,-1.3548,1.36719,1.37044,-0.386692,-0.382455,-2.92279,-2.92702,-0.297337,-0.294565,-0.0995093,-0.102638,-0.0411702,-0.0421646,0.756933,0.752604,-0.103169,-0.0991367,0.0842277,0.084097,0.0193787,0.0191033,9.9179,-1.37354,1.36719,-0.0995093,-0.0411702,0.756933
5.69,9.91399,9.9178,-1.40275,-1.38396,1.36422,1.36745,-0.396378,-0.392056,-2.91837,-2.92262,-0.297217,-0.294468,-0.100537,-0.103635,-0.0403212,-0.0413158,0.757128,0.752811,-0.102448,-0.0985277,0.085576,0.0852306,0.0196533,0.0193811,9.91399,-1.40275,1.36422,-0.100537,-0.0403212,0.757128
5.7,9.90998,9.91388,-1.43191,-1.41307,1.36124,1.36446,-0.406074,-0.401665,-2.91382,-2.9181,-0.297093,-0.294368,-0.101558,-0.104626,-0.0394588,-0.0404549,0.757326,0.753019,-0.101692,-0.0978835,0.0868874,0.0863324,0.0199212,0.0196522,9.90998,-1.43191,1.36124,-0.101558,-0.0394588,0.757326
5.71,9.90587,9.90986,-1.46102,-1.44215,1.35827,1.36147,-0.415777,-0.411283,-2.90914,-2.91345,-0.296967,-0.294267,-0.102571,-0.105609,-0.0385835,-0.0395822,0.757526,0.75323,-0.100901,-0.0972064,0.0881606,0.0874017,0.0201823,0.0199165,9.90587,-1.46102,1.35827,-0.102571,-0.0385835,0.757526
5.72,9.90166,9.90574,-1.49009,-1.47118,1.3553,1.35849,-0.425488,-0.420906,-2.90433,-2.90868,-0.296838,-0.294165,-0.103576,-0.106584,-0.0376957,-0.0386982,0.757729,0.753443,-0.100078,-0.0964966,0.0893944,0.0884374,0.0204367,0.020174,9.90166,-1.49009,1.3553,-0.103576,-0.0376957,0.757729
5.73,9.89736,9.90152,-1.51911,-1.50017,1.35234,1.3555,-0.435204,-0.430537,-2.89939,-2.90379,-0.296707,-0.29406,-0.104573,-0.107551,-0.0367958,-0.037803,0.757935,0.753658,-0.0992243,-0.0957562,0.0905875,0.0894392,0.0206844,0.0204247,9.89736,-1.51911,1.35234,-0.104573,-0.0367958,0.757935
5.74,9.89296,9.8972,-1.54808,-1.52911,1.34937,1.35252,-0.444924,-0.440171,-2.89432,-2.89877,-0.296573,-0.293955,-0.10556,-0.10851,-0.0358841,-0.0368973,0.758143,0.753875,-0.0983403,-0.0949855,0.091739,0.0904058,0.0209254,0.0206689,9.89296,-1.54808,1.34937,-0.10556,-0.0358841,0.758143
5.75,9.88846,9.89277,-1.577,-1.55801,1.34641,1.34954,-0.454648,-0.449811,-2.88911,-2.89362,-0.296436,-0.293847,-0.106539,-0.10946,-0.0349611,-0.0359811,0.758353,0.754094,-0.0974277,-0.094188,0.0928478,0.0913366,0.0211598,0.0209062,9.88846,-1.577,1.34641,-0.106539,-0.0349611,0.758353
5.76,9.88386,9.88825,-1.60586,-1.58686,1.34344,1.34657,-0.464372,-0.459451,-2.88378,-2.88834,-0.296297,-0.293738,-0.107509,-0.110402,-0.0340273,-0.0350551,0.758566,0.754315,-0.0964878,-0.0933618,0.0939129,0.0922304,0.0213877,0.021137,9.88386,-1.60586,1.34344,-0.107509,-0.0340273,0.758566
5.77,9.87917,9.88362,-1.63467,-1.61566,1.34048,1.34359,-0.474097,-0.469093,-2.87831,-2.88294,-0.296155,-0.293628,-0.108469,-0.111335,-0.033083,-0.0341197,0.758781,0.754537,-0.0955222,-0.0925098,0.0949336,0.0930873,0.021609,0.021361,9.87917,-1.63467,1.34048,-0.108469,-0.033083,0.758781
5.78,9.87438,9.87889,-1.66343,-1.64441,1.33752,1.34062,-0.48382,-0.478736,-2.87272,-2.87741,-0.29601,-0.293516,-0.109419,-0.112258,-0.0321288,-0.0331752,0.758998,0.754762,-0.094532,-0.0916338,0.0959091,0.0939063,0.0218238,0.0215786,9.87438,-1.66343,1.33752,-0.109419,-0.0321288,0.758998
5.79,9.86949,9.87407,-1.69212,-1.67311,1.33456,1.33765,-0.493541,-0.488377,-2.86699,-2.87175,-0.295862,-0.293402,-0.11036,-0.113171,-0.031165,-0.0322219,0.759218,0.754988,-0.0935187,-0.0907339,0.0968385,0.0946864,0.0220321,0.0217894,9.86949,-1.69212,1.33456,-0.11036,-0.031165,0.759218
5.8,9.86451,9.86913,-1.72077,-1.70176,1.3316,1.33469,-0.503259,-0.498017,-2.86113,-2.86597,-0.295712,-0.293288,-0.11129,-0.114076,-0.0301922,-0.0312605,0.759439,0.755216,-0.0924838,-0.0898118,0.0977213,0.095428,0.022234,0.0219937,9.86451,-1.72077,1.3316,-0.11129,-0.0301922,0.759439
5.81,9.85943,9.8641,-1.74935,-1.73036,1.32864,1.33172,-0.512971,-0.507653,-2.85514,-2.86006,-0.295559,-0.293171,-0.112209,-0.11497,-0.0292107,-0.0302912,0.759662,0.755445,-0.0914285,-0.0888683,0.0985569,0.0961293,0.0224295,0.0221918,9.85943,-1.74935,1.32864,-0.112209,-0.0292107,0.759662
5.82,9.85425,9.85897,-1.77787,-1.7589,1.32569,1.32876,-0.522678,-0.517283,-2.84903,-2.85402,-0.295404,-0.293054,-0.113118,-0.115853,-0.0282212,-0.0293147,0.759888,0.755676,-0.0903544,-0.0879052,0.0993448,0.0967909,0.0226186,0.0223832,9.85425,-1.77787,1.32569,-0.113118,-0.0282212,0.759888
5.83,9.84898,9.85373,-1.80633,-1.78739,1.32274,1.3258,-0.532376,-0.526909,-2.84278,-2.84785,-0.295246,-0.292935,-0.114016,-0.116727,-0.027224,-0.0283313,0.760115,0.755908,-0.0892627,-0.0869235,0.100085,0.0974126,0.0228015,0.0225682,9.84898,-1.80633,1.32274,-0.114016,-0.027224,0.760115
5.84,9.8436,9.84839,-1.83472,-1.81581,1.31979,1.32284,-0.542067,-0.536527,-2.8364,-2.84155,-0.295085,-0.292814,-0.114903,-0.11759,-0.0262197,-0.0273415,0.760343,0.756142,-0.0881549,-0.0859249,0.100776,0.0979934,0.0229781,0.0227469,9.8436,-1.83472,1.31979,-0.114903,-0.0262197,0.760343
5.85,9.83813,9.84295,-1.86305,-1.84419,1.31684,1.31989,-0.551747,-0.546138,-2.82989,-2.83512,-0.294922,-0.292693,-0.115779,-0.118442,-0.0252087,-0.0263457,0.760574,0.756378,-0.0870325,-0.0849096,0.101418,0.0985332,0.0231485,0.0229191,9.83813,-1.86305,1.31684,-0.115779,-0.0252087,0.760574
5.86,9.83257,9.83742,-1.89132,-1.87249,1.31389,1.31694,-0.561417,-0.555739,-2.82325,-2.82857,-0.294756,-0.292569,-0.116644,-0.119284,-0.0241915,-0.0253446,0.760806,0.756615,-0.0858967,-0.0838795,0.102011,0.0990316,0.0233127,0.023085,9.83257,-1.89132,1.31389,-0.116644,-0.0241915,0.760806
5.87,9.82691,9.83178,-1.91952,-1.90074,1.31094,1.31399,-0.571074,-0.56533,-2.81648,-2.82189,-0.294587,-0.292445,-0.117497,-0.120114,-0.0231686,-0.0243383,0.76104,0.756853,-0.084749,-0.0828358,0.102555,0.0994891,0.0234707,0.0232444,9.82691,-1.91952,1.31094,-0.117497,-0.0231686,0.76104
5.88,9.82115,9.82603,-1.94765,-1.92892,1.308,1.31104,-0.580719,-0.57491,-2.80959,-2.81508,-0.294415,-0.292319,-0.118339,-0.120933,-0.0221405,-0.0233275,0.761276,0.757092,-0.0835908,-0.0817792,0.10305,0.0999039,0.0236227,0.0233977,9.82115,-1.94765,1.308,-0.118339,-0.0221405,0.761276
5.89,9.81529,9.82019,-1.97571,-1.95704,1.30505,1.30809,-0.590349,-0.584477,-2.80256,-2.80815,-0.294241,-0.292191,-0.119169,-0.121742,-0.0211078,-0.0223128,0.761513,0.757333,-0.0824233,-0.0807111,0.103496,0.100278,0.0237687,0.023545,9.81529,-1.97571,1.30505,-0.119169,-0.0211078,0.761513
5.9,9.80934,9.81425,-2.0037,-1.98509,1.30211,1.30515,-0.599964,-0.59403,-2.79541,-2.80109,-0.294065,-0.292062,-0.119987,-0.122539,-0.0200708,-0.0212946,0.761751,0.757574,-0.081248,-0.079633,0.103892,0.10061,0.0239086,0.0236858,9.80934,-2.0037,1.30211,-0.119987,-0.0200708,0.761751
5.91,9.80329,9.80822,-2.03162,-2.01306,1.29917,1.3022,-0.609564,-0.603569,-2.78813,-2.7939,-0.293885,-0.291931,-0.120794,-0.123325,-0.0190301,-0.0202733,0.761991,0.757817,-0.0800663,-0.0785463,0.104239,0.1009,0.0240426,0.0238207,9.80329,-2.03162,1.29917,-0.120794,-0.0190301,0.761991
5.92,9.79715,9.80208,-2.05946,-2.04097,1.29623,1.29927,-0.619145,-0.613091,-2.78073,-2.78659,-0.293703,-0.291799,-0.121589,-0.1241,-0.0179862,-0.0192493,0.762232,0.75806,-0.0788793,-0.0774506,0.104537,0.101149,0.0241708,0.0239494,9.79715,-2.05946,1.29623,-0.121589,-0.0179862,0.762232
5.93,9.79091,9.79584,-2.08723,-2.0688,1.2933,1.29633,-0.628709,-0.622598,-2.7732,-2.77915,-0.293519,-0.291665,-0.122371,-0.124863,-0.0169395,-0.0182232,0.762474,0.758305,-0.0776885,-0.0763483,0.104786,0.101356,0.024293,0.0240719,9.79091,-2.08723,1.2933,-0.122371,-0.0169395,0.762474
5.94,9.78457,9.78951,-2.11493,-2.09656,1.29036,1.29339,-0.638254,-0.632086,-2.76555,-2.77159,-0.293331,-0.29153,-0.123142,-0.125615,-0.0158906,-0.0171955,0.762718,0.75855,-0.0764951,-0.0752402,0.104987,0.101522,0.0244095,0.0241886,9.78457,-2.11493,1.29036,-0.123142,-0.0158906,0.762718
5.95,9.77814,9.78308,-2.14254,-2.12424,1.28743,1.29046,-0.647779,-0.641556,-2.75777,-2.7639,-0.293141,-0.291392,-0.123901,-0.126356,-0.0148399,-0.0161665,0.762963,0.758797,-0.0753004,-0.0741276,0.105139,0.101647,0.0245202,0.0242992,9.77814,-2.14254,1.28743,-0.123901,-0.0148399,0.762963
5.96,9.77162,9.77655,-2.17008,-2.15184,1.2845,1.28753,-0.657283,-0.651007,-2.74987,-2.7561,-0.292949,-0.291252,-0.124648,-0.127085,-0.013788,-0.0151369,0.763208,0.759044,-0.0741056,-0.0730116,0.105244,0.101731,0.0246251,0.024404,9.77162,-2.17008,1.2845,-0.124648,-0.013788,0.763208
5.97,9.765,9.76993,-2.19754,-2.17937,1.28157,1.2846,-0.666766,-0.660437,-2.74184,-2.74817,-0.292754,-0.291111,-0.125383,-0.127804,-0.0127352,-0.0141069,0.763455,0.759291,-0.0729119,-0.071893,0.105301,0.101774,0.0247245,0.0245029,9.765,-2.19754,1.28157,-0.125383,-0.0127352,0.763455
5.98,9.75828,9.7632,-2.22492,-2.20681,1.27864,1.28167,-0.676226,-0.669846,-2.73369,-2.74011,-0.292556,-0.290968,-0.126107,-0.128511,-0.0116821,-0.013077,0.763703,0.759539,-0.0717206,-0.0707729,0.105312,0.101777,0.0248182,0.0245958,9.75828,-2.22492,1.27864,-0.126107,-0.0116821,0.763703
5.99,9.75147,9.75639,-2.25221,-2.23417,1.27572,1.27874,-0.685664,-0.679234,-2.72543,-2.73195,-0.292355,-0.290822,-0.126818,-0.129207,-0.0106291,-0.0120478,0.763951,0.759788,-0.0705329,-0.0696526,0.105276,0.101741,0.0249063,0.0246831,9.75147,-2.25221,1.27572,-0.126818,-0.0106291,0.763951
6,9.74457,9.74948,-2.27943,-2.26145,1.2728,1.27582,-0.695077,-0.688599,-2.71704,-2.72365,-0.292152,-0.290673,-0.127517,-0.129892,-0.00957675,-0.0110194,0.764201,0.760038,-0.0693498,-0.068532,0.105195,0.101665,0.024989,0.0247646,9.74457,-2.27943,1.2728,-0.127517,-0.00957675,0.764201
6.01,9.73757,9.74248,-2.30655,-2.28864,1.26988,1.2729,-0.704466,-0.697942,-2.70853,-2.71525,-0.291947,-0.290523,-0.128205,-0.130566,-0.00852539,-0.00999243,0.764451,0.760287,-0.0681724,-0.0674136,0.105068,0.10155,0.0250662,0.0248405,9.73757,-2.30655,1.26988,-0.128205,-0.00852539,0.764451
6.02,9.73048,9.73539,-2.3336,-2.31574,1.26696,1.26998,-0.71383,-0.707261,-2.6999,-2.70672,-0.291738,-0.29037,-0.128881,-0.131229,-0.00747552,-0.00896735,0.764702,0.760538,-0.067002,-0.0662976,0.104898,0.101397,0.025138,0.0249108,9.73048,-2.3336,1.26696,-0.128881,-0.00747552,0.764702
6.03,9.7233,9.7282,-2.36055,-2.34276,1.26404,1.26706,-0.723169,-0.716555,-2.69116,-2.69808,-0.291527,-0.290214,-0.129545,-0.131881,-0.00642758,-0.00794436,0.764954,0.760788,-0.0658395,-0.0651854,0.104684,0.101206,0.0252044,0.0249754,9.7233,-2.36055,1.26404,-0.129545,-0.00642758,0.764954
6.04,9.71602,9.72092,-2.38742,-2.36968,1.26113,1.26414,-0.732481,-0.725825,-2.6823,-2.68932,-0.291314,-0.290055,-0.130198,-0.132522,-0.00538198,-0.00692382,0.765206,0.761039,-0.0646859,-0.0640774,0.104428,0.100978,0.0252656,0.0250345,9.71602,-2.38742,1.26113,-0.130198,-0.00538198,0.765206
6.05,9.70865,9.71354,-2.4142,-2.39652,1.25822,1.26122,-0.741766,-0.73507,-2.67332,-2.68045,-0.291097,-0.289894,-0.130839,-0.133154,-0.00433917,-0.00590622,0.765459,0.76129,-0.0635424,-0.0629747,0.104129,0.100713,0.0253214,0.0250881,9.70865,-2.4142,1.25822,-0.130839,-0.00433917,0.765459
6.06,9.70118,9.70608,-2.44088,-2.42326,1.25531,1.25831,-0.751024,-0.74429,-2.66423,-2.67147,-0.290878,-0.289729,-0.131468,-0.133775,-0.00329954,-0.00489185,0.765713,0.761541,-0.0624097,-0.061878,0.10379,0.100413,0.0253721,0.0251362,9.70118,-2.44088,1.25531,-0.131468,-0.00329954,0.765713
6.07,9.69363,9.69853,-2.46748,-2.44992,1.2524,1.25539,-0.760255,-0.753485,-2.65503,-2.66237,-0.290657,-0.289561,-0.132087,-0.134386,-0.00226351,-0.00388099,0.765967,0.761792,-0.0612889,-0.0607893,0.10341,0.100077,0.0254177,0.0251791,9.69363,-2.46748,1.2524,-0.132087,-0.00226351,0.765967
6.08,9.68598,9.69089,-2.49398,-2.47648,1.24949,1.25248,-0.769457,-0.762653,-2.64571,-2.65316,-0.290433,-0.28939,-0.132694,-0.134986,-0.00123146,-0.00287396,0.766221,0.762043,-0.0601809,-0.0597085,0.102992,0.0997087,0.0254581,0.0252165,9.68598,-2.49398,1.24949,-0.132694,-0.00123146,0.766221
6.09,9.67824,9.68316,-2.5204,-2.50294,1.24659,1.24957,-0.77863,-0.771796,-2.63628,-2.64384,-0.290206,-0.289216,-0.133291,-0.135577,-0.000203791,-0.00187105,0.766476,0.762294,-0.0590864,-0.058636,0.102536,0.0993053,0.0254935,0.0252487,9.67824,-2.5204,1.24659,-0.133291,-0.000203791,0.766476
6.1,9.67041,9.67533,-2.54671,-2.52931,1.24369,1.24666,-0.787775,-0.780911,-2.62674,-2.63441,-0.289977,-0.289038,-0.133876,-0.136158,0.000819129,-0.000872709,0.766731,0.762546,-0.0580064,-0.0575733,0.102042,0.0988695,0.025524,0.0252756,9.67041,-2.54671,1.24369,-0.133876,0.000819129,0.766731
6.11,9.66248,9.66742,-2.57293,-2.55559,1.24079,1.24375,-0.79689,-0.790001,-2.6171,-2.62487,-0.289745,-0.288856,-0.134451,-0.136729,0.00183693,0.000121038,0.766986,0.762797,-0.0569417,-0.0565207,0.101513,0.0984021,0.0255495,0.0252974,9.66248,-2.57293,1.24079,-0.134451,0.00183693,0.766986
6.12,9.65447,9.65942,-2.59905,-2.58177,1.23789,1.24084,-0.805976,-0.799064,-2.60734,-2.61523,-0.28951,-0.288671,-0.135015,-0.137292,0.00284927,0.00110979,0.767242,0.763048,-0.0558929,-0.0554803,0.100949,0.0979035,0.0255701,0.0253141,9.65447,-2.59905,1.23789,-0.135015,0.00284927,0.767242
6.13,9.64636,9.65133,-2.62508,-2.60786,1.235,1.23794,-0.815032,-0.808101,-2.59748,-2.60547,-0.289273,-0.288481,-0.135569,-0.137845,0.00385579,0.00209332,0.767498,0.763299,-0.0548608,-0.0544511,0.100351,0.0973752,0.0255859,0.0253256,9.64636,-2.62508,1.235,-0.135569,0.00385579,0.767498
6.14,9.63817,9.64316,-2.651,-2.63384,1.23211,1.23503,-0.824058,-0.81711,-2.58751,-2.59562,-0.289033,-0.288288,-0.136112,-0.138389,0.00485617,0.00307139,0.767753,0.763549,-0.053846,-0.0534349,0.09972,0.0968172,0.0255969,0.0253322,9.63817,-2.651,1.23211,-0.136112,0.00485617,0.767753
6.15,9.62988,9.63489,-2.67683,-2.65973,1.22922,1.23213,-0.833054,-0.826093,-2.57743,-2.58565,-0.288791,-0.28809,-0.136646,-0.138925,0.00585009,0.00404383,0.768009,0.7638,-0.0528493,-0.052432,0.099058,0.0962312,0.0256033,0.0253336,9.62988,-2.67683,1.22922,-0.136646,0.00585009,0.768009
6.16,9.62151,9.62654,-2.70255,-2.68552,1.22633,1.22922,-0.842019,-0.835049,-2.56726,-2.57559,-0.288546,-0.287889,-0.137169,-0.139452,0.00683723,0.00501035,0.768266,0.76405,-0.0518712,-0.0514431,0.0983657,0.0956181,0.0256049,0.0253302,9.62151,-2.70255,1.22633,-0.137169,0.00683723,0.768266
6.17,9.61304,9.61811,-2.72817,-2.71122,1.22345,1.22632,-0.850954,-0.843979,-2.55697,-2.56542,-0.288298,-0.287682,-0.137683,-0.13997,0.0078173,0.00597082,0.768522,0.7643,-0.0509122,-0.0504696,0.0976443,0.094979,0.025602,0.0253221,9.61304,-2.72817,1.22345,-0.137683,0.0078173,0.768522
6.18,9.60449,9.60958,-2.75369,-2.73681,1.22057,1.22342,-0.859858,-0.852882,-2.54659,-2.55515,-0.288048,-0.287472,-0.138188,-0.140481,0.00879002,0.006925,0.768778,0.764549,-0.049973,-0.0495104,0.0968952,0.0943142,0.0255945,0.025309,9.60449,-2.75369,1.22057,-0.138188,0.00879002,0.768778
6.19,9.59584,9.60097,-2.7791,-2.76231,1.21769,1.22052,-0.868731,-0.861759,-2.53611,-2.54478,-0.287796,-0.287256,-0.138683,-0.140984,0.00975512,0.00787274,0.769033,0.764799,-0.0490539,-0.048568,0.0961194,0.093625,0.0255826,0.0252914,9.59584,-2.7791,1.21769,-0.138683,0.00975512,0.769033
6.2,9.58711,9.59228,-2.80441,-2.7877,1.21481,1.21762,-0.877574,-0.870609,-2.52553,-2.53431,-0.28754,-0.287037,-0.139169,-0.141479,0.0107123,0.00881375,0.769289,0.765047,-0.0481555,-0.0476416,0.0953183,0.0929133,0.0255662,0.0252687,9.58711,-2.80441,1.21481,-0.139169,0.0107123,0.769289
6.21,9.57829,9.5835,-2.82961,-2.81299,1.21194,1.21472,-0.886386,-0.879434,-2.51485,-2.52374,-0.287282,-0.286812,-0.139646,-0.141966,0.0116614,0.0097482,0.769545,0.765296,-0.0472781,-0.0467324,0.094493,0.092179,0.0255454,0.0252416,9.57829,-2.82961,1.21194,-0.139646,0.0116614,0.769545
6.22,9.56938,9.57463,-2.85471,-2.83818,1.20906,1.21182,-0.895167,-0.888232,-2.50407,-2.51307,-0.287022,-0.286583,-0.140114,-0.142446,0.0126021,0.0106756,0.7698,0.765543,-0.0464222,-0.0458409,0.093645,0.0914236,0.0255203,0.0252099,9.56938,-2.85471,1.20906,-0.140114,0.0126021,0.7698
6.23,9.56039,9.56568,-2.87969,-2.86327,1.2062,1.20892,-0.903918,-0.897005,-2.4932,-2.5023,-0.286759,-0.286348,-0.140574,-0.142919,0.0135342,0.0115959,0.770055,0.765791,-0.0455879,-0.044967,0.0927754,0.090648,0.0254909,0.0251736,9.56039,-2.87969,1.2062,-0.140574,0.0135342,0.770055
6.24,9.55131,9.55664,-2.90457,-2.88826,1.20333,1.20603,-0.912638,-0.905751,-2.48223,-2.49144,-0.286493,-0.286109,-0.141026,-0.143386,0.0144576,0.012509,0.77031,0.766038,-0.0447757,-0.0441118,0.0918855,0.0898538,0.0254573,0.025133,9.55131,-2.90457,1.20333,-0.141026,0.0144576,0.77031
6.25,9.54214,9.54751,-2.92934,-2.91314,1.20047,1.20313,-0.921328,-0.914473,-2.47117,-2.48049,-0.286225,-0.285865,-0.14147,-0.143845,0.0153719,0.0134149,0.770564,0.766284,-0.0439858,-0.0432758,0.0909766,0.0890414,0.0254196,0.0250879,9.54214,-2.92934,1.20047,-0.14147,0.0153719,0.770564
6.26,9.53288,9.5383,-2.95399,-2.93792,1.19761,1.20024,-0.929987,-0.923168,-2.46002,-2.46943,-0.285954,-0.285616,-0.141906,-0.144298,0.016277,0.0143131,0.770818,0.76653,-0.0432184,-0.0424588,0.09005,0.0882121,0.0253778,0.0250385,9.53288,-2.95399,1.19761,-0.141906,0.016277,0.770818
6.27,9.52354,9.529,-2.97854,-2.96259,1.19475,1.19734,-0.938617,-0.93184,-2.44877,-2.45829,-0.28568,-0.285362,-0.142334,-0.144745,0.0171728,0.015204,0.771072,0.766775,-0.0424737,-0.0416611,0.089107,0.0873673,0.0253319,0.0249847,9.52354,-2.97854,1.19475,-0.142334,0.0171728,0.771072
6.28,9.51411,9.51962,-3.00297,-2.98716,1.19189,1.19445,-0.947216,-0.940485,-2.43744,-2.44705,-0.285405,-0.285102,-0.142755,-0.145186,0.0180591,0.0160871,0.771325,0.76702,-0.0417517,-0.0408835,0.0881488,0.0865077,0.025282,0.0249269,9.51411,-3.00297,1.19189,-0.142755,0.0180591,0.771325
6.29,9.50459,9.51016,-3.02729,-3.01163,1.18904,1.19156,-0.955786,-0.949107,-2.42602,-2.43572,-0.285126,-0.284838,-0.143169,-0.14562,0.0189358,0.0169624,0.771577,0.767264,-0.0410528,-0.040126,0.0871767,0.0856345,0.0252283,0.0248649,9.50459,-3.02729,1.18904,-0.143169,0.0189358,0.771577
6.3,9.49499,9.50061,-3.05149,-3.03598,1.18619,1.18867,-0.964326,-0.957703,-2.41451,-2.42429,-0.284845,-0.284568,-0.143577,-0.146049,0.0198026,0.0178299,0.771829,0.767507,-0.0403768,-0.0393894,0.0861919,0.084749,0.0251706,0.0247988,9.49499,-3.05149,1.18619,-0.143577,0.0198026,0.771829
6.31,9.48531,9.49098,-3.07558,-3.06023,1.18334,1.18578,-0.972837,-0.966276,-2.40291,-2.41278,-0.284561,-0.284293,-0.143977,-0.146473,0.0206596,0.0186894,0.772081,0.76775,-0.0397238,-0.0386735,0.0851959,0.0838522,0.0251091,0.0247288,9.48531,-3.07558,1.18334,-0.143977,0.0206596,0.772081
6.32,9.47554,9.48125,-3.09955,-3.08437,1.1805,1.18289,-0.981319,-0.974823,-2.39123,-2.40118,-0.284275,-0.284014,-0.144371,-0.146891,0.0215065,0.0195409,0.772332,0.767992,-0.0390939,-0.0379782,0.0841897,0.0829454,0.0250439,0.0246548,9.47554,-3.09955,1.1805,-0.144371,0.0215065,0.772332
6.33,9.46568,9.47145,-3.1234,-3.1084,1.17766,1.18,-0.989772,-0.983348,-2.37946,-2.38949,-0.283986,-0.283729,-0.144759,-0.147304,0.0223433,0.0203842,0.772582,0.768233,-0.038487,-0.0373046,0.0831747,0.082029,0.0249749,0.0245771,9.46568,-3.1234,1.17766,-0.144759,0.0223433,0.772582
6.34,9.45574,9.46156,-3.14714,-3.13231,1.17482,1.17712,-0.998198,-0.991849,-2.36761,-2.37771,-0.283695,-0.283439,-0.145141,-0.147711,0.02317,0.0212193,0.772831,0.768474,-0.037903,-0.0366512,0.082152,0.0811045,0.0249024,0.0244955,9.45574,-3.14714,1.17482,-0.145141,0.02317,0.772831
6.35,9.44572,9.45159,-3.17075,-3.15612,1.17198,1.17424,-1.0066,-1.00033,-2.35568,-2.36585,-0.283401,-0.283144,-0.145517,-0.148114,0.0239863,0.0220462,0.77308,0.768714,-0.0373418,-0.0360198,0.0811229,0.0801733,0.0248262,0.0244104,9.44572,-3.17075,1.17198,-0.145517,0.0239863,0.77308
6.36,9.43561,9.44153,-3.19425,-3.17981,1.16915,1.17135,-1.01496,-1.00878,-2.34366,-2.35389,-0.283104,-0.282844,-0.145888,-0.148513,0.0247924,0.0228649,0.773328,0.768953,-0.0368033,-0.0354097,0.0800885,0.0792363,0.0247465,0.0243215,9.43561,-3.19425,1.16915,-0.145888,0.0247924,0.773328
6.37,9.42542,9.43139,-3.21763,-3.20339,1.16632,1.16847,-1.02331,-1.01721,-2.33157,-2.34186,-0.282805,-0.282539,-0.146253,-0.148906,0.0255881,0.023675,0.773575,0.769191,-0.0362873,-0.0348205,0.0790501,0.0782941,0.0246633,0.0242292,9.42542,-3.21763,1.16632,-0.146253,0.0255881,0.773575
6.38,9.41514,9.42115,-3.24088,-3.22686,1.16349,1.1656,-1.03162,-1.02562,-2.3194,-2.32974,-0.282504,-0.282229,-0.146614,-0.149296,0.0263734,0.0244767,0.773821,0.769429,-0.0357936,-0.0342528,0.0780088,0.0773488,0.0245767,0.0241335,9.41514,-3.24088,1.16349,-0.146614,0.0263734,0.773821
6.39,9.40478,9.41084,-3.26401,-3.2502,1.16067,1.16272,-1.03991,-1.034,-2.30715,-2.31753,-0.2822,-0.281915,-0.146969,-0.149681,0.0271483,0.0252699,0.774066,0.769666,-0.035322,-0.0337069,0.0769658,0.0763998,0.0244867,0.0240346,9.40478,-3.26401,1.16067,-0.146969,0.0271483,0.774066
6.4,9.39434,9.40045,-3.28702,-3.27343,1.15785,1.15985,-1.04818,-1.04237,-2.29482,-2.30525,-0.281893,-0.281596,-0.14732,-0.150062,0.0279127,0.0260546,0.774311,0.769902,-0.0348722,-0.0331814,0.0759222,0.0754499,0.0243934,0.0239324,9.39434,-3.28702,1.15785,-0.14732,0.0279127,0.774311
6.41,9.38382,9.38996,-3.30991,-3.29654,1.15503,1.15698,-1.05641,-1.05071,-2.28242,-2.29288,-0.281584,-0.281272,-0.147667,-0.150439,0.0286667,0.0268307,0.774554,0.770137,-0.0344439,-0.0326772,0.074879,0.0744992,0.0242969,0.0238271,9.38382,-3.30991,1.15503,-0.147667,0.0286667,0.774554
6.42,9.37322,9.3794,-3.33267,-3.31953,1.15222,1.15411,-1.06463,-1.05903,-2.26994,-2.28043,-0.281272,-0.280944,-0.148009,-0.150813,0.0294103,0.0275982,0.774797,0.770372,-0.0340369,-0.0321943,0.0738374,0.0735488,0.0241972,0.0237186,9.37322,-3.33267,1.15222,-0.148009,0.0294103,0.774797
6.43,9.36253,9.36875,-3.35531,-3.3424,1.14941,1.15124,-1.07282,-1.06733,-2.25739,-2.2679,-0.280958,-0.280611,-0.148348,-0.151182,0.0301435,0.0283571,0.775038,0.770605,-0.0336507,-0.0317316,0.0727983,0.0726001,0.0240943,0.0236074,9.36253,-3.35531,1.14941,-0.148348,0.0301435,0.775038
6.44,9.35176,9.35802,-3.37782,-3.36514,1.1466,1.14838,-1.08098,-1.0756,-2.24476,-2.2553,-0.280641,-0.280274,-0.148682,-0.151548,0.0308663,0.0291073,0.775278,0.770838,-0.033285,-0.0312896,0.0717629,0.0716534,0.0239884,0.0234932,9.35176,-3.37782,1.1466,-0.148682,0.0308663,0.775278
6.45,9.34091,9.3472,-3.4002,-3.38777,1.14379,1.14552,-1.08912,-1.08386,-2.23207,-2.24261,-0.280322,-0.279933,-0.149013,-0.151911,0.0315787,0.0298488,0.775518,0.77107,-0.0329394,-0.0308678,0.0707322,0.0707101,0.0238794,0.0233763,9.34091,-3.4002,1.14379,-0.149013,0.0315787,0.775518
6.46,9.32998,9.3363,-3.42246,-3.41026,1.14099,1.14267,-1.09724,-1.09209,-2.2193,-2.22985,-0.28,-0.279587,-0.149341,-0.15227,0.0322809,0.0305816,0.775756,0.771301,-0.0326136,-0.0304658,0.069707,0.0697712,0.0237674,0.0232566,9.32998,-3.42246,1.14099,-0.149341,0.0322809,0.775756
6.47,9.31896,9.32532,-3.44459,-3.43263,1.13819,1.13982,-1.10533,-1.1003,-2.20646,-2.21702,-0.279676,-0.279238,-0.149666,-0.152627,0.0329729,0.0313057,0.775993,0.771531,-0.0323069,-0.030084,0.0686884,0.0688376,0.0236526,0.0231345,9.31896,-3.44459,1.13819,-0.149666,0.0329729,0.775993
6.48,9.30787,9.31425,-3.46659,-3.45487,1.1354,1.13697,-1.11341,-1.1085,-2.19355,-2.2041,-0.279349,-0.278884,-0.149987,-0.15298,0.0336547,0.0320211,0.776229,0.77176,-0.0320191,-0.0297214,0.0676773,0.0679095,0.0235349,0.0230101,9.30787,-3.46659,1.1354,-0.149987,0.0336547,0.776229
6.49,9.2967,9.3031,-3.48846,-3.47698,1.13261,1.13412,-1.12146,-1.11667,-2.18058,-2.19112,-0.279019,-0.278527,-0.150306,-0.153329,0.0343265,0.0327277,0.776464,0.771988,-0.0317496,-0.0293775,0.0666745,0.0669891,0.0234143,0.0228831,9.2967,-3.48846,1.13261,-0.150306,0.0343265,0.776464
6.5,9.28544,9.29187,-3.5102,-3.49896,1.12982,1.13128,-1.12949,-1.12482,-2.16754,-2.17806,-0.278687,-0.278167,-0.150622,-0.153677,0.0349882,0.0334257,0.776697,0.772215,-0.0314978,-0.0290519,0.0656809,0.0660762,0.023291,0.0227539,9.28544,-3.5102,1.12982,-0.150622,0.0349882,0.776697
6.51,9.27411,9.28056,-3.53181,-3.52081,1.12703,1.12844,-1.1375,-1.13295,-2.15443,-2.16492,-0.278353,-0.277803,-0.150936,-0.154021,0.0356401,0.0341149,0.77693,0.772442,-0.0312634,-0.0287447,0.0646973,0.0651719,0.023165,0.0226225,9.27411,-3.53181,1.12703,-0.150936,0.0356401,0.77693
6.52,9.26269,9.26916,-3.55329,-3.54253,1.12425,1.12561,-1.14549,-1.14107,-2.14125,-2.15172,-0.278016,-0.277436,-0.151248,-0.154363,0.0362822,0.0347955,0.777161,0.772667,-0.0310457,-0.0284552,0.0637246,0.0642774,0.0230364,0.0224892,9.26269,-3.55329,1.12425,-0.151248,0.0362822,0.777161
6.53,9.2512,9.25768,-3.57463,-3.56411,1.12147,1.12278,-1.15346,-1.14916,-2.12801,-2.13845,-0.277677,-0.277065,-0.151557,-0.154702,0.0369147,0.0354674,0.77739,0.772892,-0.0308441,-0.0281831,0.0627634,0.0633926,0.0229052,0.0223538,9.2512,-3.57463,1.12147,-0.151557,0.0369147,0.77739
6.54,9.23962,9.24612,-3.59585,-3.58555,1.1187,1.11996,-1.16141,-1.15724,-2.1147,-2.12511,-0.277335,-0.276692,-0.151865,-0.155038,0.0375375,0.0361306,0.777619,0.773115,-0.0306582,-0.0279271,0.0618146,0.0625191,0.0227715,0.0222168,9.23962,-3.59585,1.1187,-0.151865,0.0375375,0.777619
6.55,9.22797,9.23448,-3.61693,-3.60686,1.11593,1.11714,-1.16935,-1.16529,-2.10134,-2.11169,-0.27699,-0.276315,-0.15217,-0.155373,0.038151,0.0367852,0.777846,0.773337,-0.0304873,-0.0276875,0.0608787,0.061657,0.0226352,0.0220778,9.22797,-3.61693,1.11593,-0.15217,0.038151,0.777846
6.56,9.21624,9.22276,-3.63787,-3.62804,1.11316,1.11432,-1.17726,-1.17333,-2.0879,-2.09821,-0.276643,-0.275936,-0.152474,-0.155704,0.0387552,0.0374312,0.778071,0.773559,-0.0303308,-0.0274636,0.0599565,0.0608074,0.0224966,0.0219374,9.21624,-3.63787,1.11316,-0.152474,0.0387552,0.778071
6.57,9.20442,9.21095,-3.65869,-3.64907,1.11039,1.11151,-1.18516,-1.18135,-2.07441,-2.08467,-0.276294,-0.275554,-0.152777,-0.156034,0.0393502,0.0380687,0.778296,0.773779,-0.0301882,-0.0272548,0.0590486,0.0599708,0.0223556,0.0217952,9.20442,-3.65869,1.11039,-0.152777,0.0393502,0.778296
6.58,9.19253,9.19906,-3.67936,-3.66996,1.10763,1.10871,-1.19305,-1.18936,-2.06085,-2.07105,-0.275942,-0.27517,-0.153078,-0.156361,0.0399362,0.0386977,0.778518,0.773999,-0.0300587,-0.0270606,0.0581555,0.0591481,0.0222122,0.0216515,9.19253,-3.67936,1.10763,-0.153078,0.0399362,0.778518
6.59,9.18056,9.1871,-3.6999,-3.69071,1.10488,1.10591,-1.20091,-1.19734,-2.04724,-2.05737,-0.275588,-0.274783,-0.153378,-0.156686,0.0405133,0.0393182,0.77874,0.774217,-0.0299418,-0.0268802,0.0572779,0.0583391,0.0220666,0.0215065,9.18056,-3.6999,1.10488,-0.153378,0.0405133,0.77874
6.6,9.16851,9.17505,-3.72031,-3.71132,1.10212,1.10311,-1.20876,-1.20531,-2.03356,-2.04363,-0.275231,-0.274394,-0.153677,-0.157009,0.0410818,0.0399305,0.77896,0.774434,-0.0298368,-0.0267129,0.0564163,0.0575458,0.0219188,0.0213601,9.16851,-3.72031,1.10212,-0.153677,0.0410818,0.77896
6.61,9.15639,9.16292,-3.74057,-3.73179,1.09937,1.10032,-1.2166,-1.21327,-2.01983,-2.02983,-0.274872,-0.274003,-0.153975,-0.15733,0.0416417,0.0405344,0.779178,0.77465,-0.029743,-0.0265585,0.0555711,0.0567669,0.0217688,0.0212125,9.15639,-3.74057,1.09937,-0.153975,0.0416417,0.779178
6.62,9.14418,9.15072,-3.7607,-3.75211,1.09662,1.09754,-1.22442,-1.2212,-2.00603,-2.01596,-0.27451,-0.27361,-0.154272,-0.157649,0.0421933,0.0411301,0.779395,0.774866,-0.0296599,-0.0264157,0.0547427,0.0560042,0.0216168,0.0210638,9.14418,-3.7607,1.09662,-0.154272,0.0421933,0.779395
6.63,9.1319,9.13843,-3.78069,-3.77229,1.09388,1.09476,-1.23223,-1.22913,-1.99218,-2.00203,-0.274146,-0.273216,-0.154568,-0.157966,0.0427366,0.0417176,0.779611,0.77508,-0.0295867,-0.0262846,0.0539317,0.0552577,0.0214626,0.0209141,9.1319,-3.78069,1.09388,-0.154568,0.0427366,0.779611
6.64,9.11954,9.12606,-3.80055,-3.79232,1.09114,1.09199,-1.24002,-1.23703,-1.97827,-1.98803,-0.273779,-0.272819,-0.154864,-0.158281,0.043272,0.042297,0.779824,0.775293,-0.0295228,-0.0261642,0.0531384,0.0545276,0.0213065,0.0207632,9.11954,-3.80055,1.09114,-0.154864,0.043272,0.779824
6.65,9.1071,9.11362,-3.82026,-3.81221,1.0884,1.08922,-1.2478,-1.24493,-1.9643,-1.97398,-0.27341,-0.272421,-0.155159,-0.158595,0.0437995,0.0428684,0.780037,0.775504,-0.0294675,-0.0260538,0.0523631,0.053815,0.0211484,0.0206113,9.1071,-3.82026,1.0884,-0.155159,0.0437995,0.780037
6.66,9.09458,9.10109,-3.83983,-3.83195,1.08567,1.08646,-1.25557,-1.2528,-1.95028,-1.95987,-0.273038,-0.272021,-0.155453,-0.158906,0.0443193,0.0434319,0.780247,0.775715,-0.0294201,-0.0259523,0.0516062,0.0531195,0.0209884,0.0204586,9.09458,-3.83983,1.08567,-0.155453,0.0443193,0.780247
6.67,9.08199,9.08848,-3.85927,-3.85155,1.08294,1.08371,-1.26333,-1.26067,-1.9362,-1.94569,-0.272664,-0.27162,-0.155747,-0.159216,0.0448316,0.0439877,0.780456,0.775925,-0.02938,-0.0258602,0.0508679,0.0524419,0.0208266,0.0203052,9.08199,-3.85927,1.08294,-0.155747,0.0448316,0.780456
6.68,9.06931,9.0758,-3.87856,-3.87099,1.08022,1.08096,-1.27108,-1.26852,-1.92207,-1.93146,-0.272287,-0.271218,-0.156041,-0.159524,0.0453367,0.0445357,0.780664,0.776133,-0.0293465,-0.0257758,0.0501484,0.0517827,0.020663,0.0201508,9.06931,-3.87856,1.08022,-0.156041,0.0453367,0.780664
6.69,9.05657,9.06304,-3.89771,-3.89029,1.0775,1.07822,-1.27881,-1.27635,-1.90788,-1.91717,-0.271908,-0.270814,-0.156334,-0.15983,0.0458347,0.045076,0.78087,0.77634,-0.0293188,-0.0256992,0.0494481,0.0511414,0.0204976,0.0199958,9.05657,-3.89771,1.0775,-0.156334,0.0458347,0.78087
6.7,9.04374,9.0502,-3.91671,-3.90944,1.07478,1.07548,-1.28653,-1.28418,-1.89363,-1.90283,-0.271527,-0.270409,-0.156627,-0.160135,0.0463257,0.0456089,0.781074,0.776547,-0.0292965,-0.0256288,0.048767,0.0505185,0.0203305,0.0198401,9.04374,-3.91671,1.07478,-0.156627,0.0463257,0.781074
6.71,9.03084,9.03728,-3.93558,-3.92844,1.07207,1.07275,-1.29425,-1.29199,-1.87934,-1.88842,-0.271143,-0.270004,-0.15692,-0.160438,0.0468101,0.0461344,0.781276,0.776752,-0.0292786,-0.0255645,0.0481054,0.0499143,0.0201618,0.0196837,9.03084,-3.93558,1.07207,-0.15692,0.0468101,0.781276
6.72,9.01785,9.02428,-3.9543,-3.94728,1.06936,1.07003,-1.30195,-1.29979,-1.86498,-1.87396,-0.270757,-0.269597,-0.157213,-0.16074,0.0472879,0.0466526,0.781477,0.776955,-0.0292647,-0.0255049,0.0474632,0.0493286,0.0199915,0.0195267,9.01785,-3.9543,1.06936,-0.157213,0.0472879,0.781477
6.73,9.0048,9.0112,-3.97288,-3.96598,1.06665,1.06731,-1.30965,-1.30758,-1.85058,-1.85945,-0.270368,-0.269189,-0.157505,-0.16104,0.0477594,0.0471637,0.781676,0.777158,-0.029254,-0.0254509,0.0468407,0.0487622,0.0198197,0.019369,9.0048,-3.97288,1.06665,-0.157505,0.0477594,0.781676
6.74,8.99166,8.99805,-3.99131,-3.98453,1.06395,1.06459,-1.31734,-1.31536,-1.83612,-1.84488,-0.269977,-0.26878,-0.157798,-0.161339,0.0482248,0.0476678,0.781874,0.77736,-0.0292459,-0.0254006,0.0462378,0.0482152,0.0196463,0.0192109,8.99166,-3.99131,1.06395,-0.157798,0.0482248,0.781874
6.75,8.97845,8.98482,-4.0096,-4.00293,1.06125,1.06189,-1.32501,-1.32313,-1.82161,-1.83025,-0.269583,-0.26837,-0.15809,-0.161635,0.0486842,0.0481648,0.782069,0.77756,-0.0292397,-0.0253527,0.0456545,0.0476867,0.0194715,0.0190519,8.97845,-4.0096,1.06125,-0.15809,0.0486842,0.782069
6.76,8.96516,8.97151,-4.02774,-4.02118,1.05856,1.05919,-1.33268,-1.3309,-1.80705,-1.81557,-0.269187,-0.26796,-0.158383,-0.161931,0.0491379,0.0486553,0.782263,0.777759,-0.0292348,-0.025308,0.0450909,0.0471776,0.0192953,0.0188926,8.96516,-4.02774,1.05856,-0.158383,0.0491379,0.782263
6.77,8.9518,8.95812,-4.04574,-4.03927,1.05587,1.05649,-1.34035,-1.33865,-1.79244,-1.80084,-0.268788,-0.267549,-0.158675,-0.162225,0.0495861,0.049139,0.782455,0.777957,-0.0292305,-0.0252651,0.0445469,0.0466876,0.0191178,0.0187326,8.9518,-4.04574,1.05587,-0.158675,0.0495861,0.782455
6.78,8.93835,8.94466,-4.06359,-4.05722,1.05318,1.0538,-1.348,-1.34639,-1.77778,-1.78605,-0.268387,-0.267137,-0.158967,-0.162518,0.0500289,0.0496162,0.782645,0.778153,-0.0292262,-0.0252238,0.0440224,0.0462158,0.0189389,0.0185722,8.93835,-4.06359,1.05318,-0.158967,0.0500289,0.782645
6.79,8.92484,8.93112,-4.0813,-4.07501,1.0505,1.05112,-1.35565,-1.35412,-1.76306,-1.77121,-0.267984,-0.266724,-0.159259,-0.162809,0.0504666,0.050087,0.782834,0.778349,-0.0292213,-0.0251828,0.0435173,0.0457639,0.0187588,0.0184111,8.92484,-4.0813,1.0505,-0.159259,0.0504666,0.782834
6.8,8.91124,8.9175,-4.09885,-4.09265,1.04782,1.04844,-1.3633,-1.36185,-1.7483,-1.75632,-0.267578,-0.266311,-0.159552,-0.163099,0.0508993,0.0505515,0.78302,0.778543,-0.0292152,-0.0251415,0.0430315,0.0453299,0.0185775,0.0182495,8.91124,-4.09885,1.04782,-0.159552,0.0508993,0.78302
6.81,8.89757,8.9038,-4.11626,-4.11014,1.04515,1.04577,-1.37093,-1.36957,-1.73348,-1.74137,-0.26717,-0.265897,-0.159844,-0.163387,0.0513273,0.0510101,0.783205,0.778736,-0.0292073,-0.0251005,0.0425648,0.0449155,0.0183951,0.0180874,8.89757,-4.11626,1.04515,-0.159844,0.0513273,0.783205
6.82,8.88382,8.89003,-4.13352,-4.12747,1.04248,1.04311,-1.37856,-1.37729,-1.71862,-1.72638,-0.26676,-0.265482,-0.160136,-0.163674,0.0517507,0.0514627,0.783388,0.778928,-0.029197,-0.0250579,0.0421171,0.0445191,0.0182115,0.0179246,8.88382,-4.13352,1.04248,-0.160136,0.0517507,0.783388
6.83,8.87,8.87617,-4.15064,-4.14466,1.03981,1.04045,-1.38619,-1.38499,-1.7037,-1.71133,-0.266347,-0.265066,-0.160428,-0.163959,0.0521697,0.0519094,0.78357,0.779118,-0.0291837,-0.0250136,0.0416881,0.0441409,0.0180268,0.0177611,8.87,-4.15064,1.03981,-0.160428,0.0521697,0.78357
6.84,8.8561,8.86224,-4.1676,-4.16169,1.03715,1.03779,-1.39381,-1.3927,-1.68874,-1.69623,-0.265931,-0.26465,-0.160719,-0.164243,0.0525845,0.0523505,0.783749,0.779307,-0.0291669,-0.0249667,0.0412775,0.0437805,0.0178411,0.0175972,8.8561,-4.1676,1.03715,-0.160719,0.0525845,0.783749
6.85,8.84212,8.84824,-4.18441,-4.17856,1.0345,1.03515,-1.40142,-1.40039,-1.67373,-1.68108,-0.265514,-0.264233,-0.161011,-0.164526,0.0529953,0.0527862,0.783926,0.779495,-0.029146,-0.0249171,0.0408852,0.0434384,0.0176545,0.0174325,8.84212,-4.18441,1.0345,-0.161011,0.0529953,0.783926
6.86,8.82807,8.83416,-4.20107,-4.19529,1.03184,1.0325,-1.40904,-1.40808,-1.65867,-1.66588,-0.265093,-0.263815,-0.161302,-0.164807,0.0534023,0.0532165,0.784102,0.779682,-0.0291204,-0.024864,0.0405108,0.0431132,0.0174669,0.0172671,8.82807,-4.20107,1.03184,-0.161302,0.0534023,0.784102
6.87,8.81394,8.81999,-4.21758,-4.21186,1.02919,1.02987,-1.41664,-1.41577,-1.64356,-1.65063,-0.264671,-0.263396,-0.161593,-0.165087,0.0538056,0.0536415,0.784276,0.779867,-0.0290898,-0.0248074,0.040154,0.0428049,0.0172784,0.0171009,8.81394,-4.21758,1.02919,-0.161593,0.0538056,0.784276
6.88,8.79974,8.80576,-4.23394,-4.22827,1.02655,1.02723,-1.42424,-1.42346,-1.6284,-1.63533,-0.264246,-0.262977,-0.161884,-0.165365,0.0542054,0.0540615,0.784448,0.780051,-0.0290534,-0.0247457,0.0398146,0.0425142,0.0170891,0.0169339,8.79974,-4.23394,1.02655,-0.161884,0.0542054,0.784448
6.89,8.78546,8.79144,-4.25015,-4.24454,1.02391,1.02461,-1.43184,-1.43113,-1.61319,-1.61998,-0.263819,-0.262556,-0.162174,-0.165642,0.054602,0.0544767,0.784617,0.780234,-0.029011,-0.024679,0.039492,0.0422391,0.016899,0.0167663,8.78546,-4.25015,1.02391,-0.162174,0.054602,0.784617
6.9,8.7711,8.77705,-4.26621,-4.26065,1.02127,1.02199,-1.43944,-1.43881,-1.59794,-1.60458,-0.263389,-0.262135,-0.162464,-0.165916,0.0549953,0.0548872,0.784786,0.780415,-0.0289619,-0.0246073,0.039186,0.0419806,0.0167081,0.0165977,8.7711,-4.26621,1.02127,-0.162464,0.0549953,0.784786
6.91,8.75667,8.76258,-4.28211,-4.2766,1.01864,1.01937,-1.44703,-1.44648,-1.58264,-1.58914,-0.262957,-0.261713,-0.162754,-0.16619,0.0553857,0.055293,0.784952,0.780595,-0.0289058,-0.0245295,0.0388962,0.0417373,0.0165165,0.0164281,8.75667,-4.28211,1.01864,-0.162754,0.0553857,0.784952
6.92,8.74216,8.74803,-4.29786,-4.2924,1.01601,1.01676,-1.45461,-1.45416,-1.56729,-1.57364,-0.262523,-0.26129,-0.163042,-0.166462,0.0557733,0.0556945,0.785116,0.780774,-0.0288422,-0.0244456,0.0386222,0.0415087,0.0163243,0.0162578,8.74216,-4.29786,1.01601,-0.163042,0.0557733,0.785116
6.93,8.72758,8.73341,-4.31346,-4.30804,1.01339,1.01415,-1.4622,-1.46182,-1.55189,-1.5581,-0.262086,-0.260865,-0.16333,-0.166732,0.0561582,0.0560917,0.785278,0.780951,-0.0287707,-0.024355,0.0383634,0.041295,0.0161314,0.0160865,8.72758,-4.31346,1.01339,-0.16333,0.0561582,0.785278
6.94,8.71292,8.71871,-4.3289,-4.32354,1.01077,1.01155,-1.46978,-1.46949,-1.53645,-1.54251,-0.261647,-0.260439,-0.163618,-0.167001,0.0565406,0.0564848,0.785438,0.781127,-0.0286908,-0.024257,0.0381196,0.0410954,0.0159379,0.015914,8.71292,-4.3289,1.01077,-0.163618,0.0565406,0.785438
6.95,8.69818,8.70393,-4.34418,-4.33887,1.00816,1.00896,-1.47735,-1.47715,-1.52096,-1.52688,-0.261205,-0.260013,-0.163904,-0.167268,0.0569207,0.056874,0.785597,0.781302,-0.0286023,-0.0241518,0.0378902,0.040909,0.0157439,0.0157406,8.69818,-4.34418,1.00816,-0.163904,0.0569207,0.785597
6.96,8.68337,8.68908,-4.35932,-4.35405,1.00555,1.00636,-1.48493,-1.48482,-1.50543,-1.5112,-0.260761,-0.259584,-0.16419,-0.167533,0.0572985,0.0572594,0.785753,0.781475,-0.0285046,-0.0240389,0.0376747,0.0407357,0.0155494,0.015566,8.68337,-4.35932,1.00555,-0.16419,0.0572985,0.785753
6.97,8.66848,8.67415,-4.37429,-4.36907,1.00294,1.00378,-1.4925,-1.49248,-1.48985,-1.49547,-0.260315,-0.259155,-0.164474,-0.167797,0.0576742,0.0576411,0.785908,0.781647,-0.0283976,-0.0239169,0.0374727,0.0405749,0.0153544,0.0153904,8.66848,-4.37429,1.00294,-0.164474,0.0576742,0.785908
6.98,8.65352,8.65914,-4.38911,-4.38394,1.00034,1.0012,-1.50007,-1.50014,-1.47422,-1.4797,-0.259867,-0.258725,-0.164758,-0.168058,0.058048,0.0580195,0.78606,0.781818,-0.0282808,-0.0237864,0.0372837,0.0404258,0.015159,0.0152135,8.65352,-4.38911,1.00034,-0.164758,0.058048,0.78606
6.99,8.63848,8.64406,-4.40378,-4.39865,0.997746,0.99862,-1.50763,-1.5078,-1.45855,-1.46388,-0.259416,-0.258293,-0.16504,-0.168318,0.0584199,0.0583945,0.786211,0.781986,-0.0281539,-0.0236481,0.0371071,0.0402876,0.0149632,0.0150353,8.63848,-4.40378,0.997746,-0.16504,0.0584199,0.786211
7,8.62337,8.6289,-4.41828,-4.4132,0.995154,0.996047,-1.51519,-1.51545,-1.44283,-1.44801,-0.258963,-0.257859,-0.165321,-0.168576,0.0587902,0.0587665,0.78636,0.782154,-0.0280167,-0.0235006,0.0369425,0.0401601,0.0147671,0.014856,8.62337,-4.41828,0.995154,-0.165321,0.0587902,0.78636
7.01,8.60818,8.61367,-4.43263,-4.42759,0.992567,0.993479,-1.52275,-1.52311,-1.42706,-1.43211,-0.258507,-0.257424,-0.1656,-0.168831,0.0591588,0.0591352,0.786506,0.78232,-0.0278688,-0.0233434,0.0367892,0.0400425,0.0145707,0.0146755,8.60818,-4.43263,0.992567,-0.1656,0.0591588,0.786506
7.02,8.59291,8.59836,-4.44682,-4.44183,0.989984,0.990917,-1.53031,-1.53076,-1.41125,-1.41616,-0.258049,-0.256988,-0.165878,-0.169085,0.059526,0.0595014,0.786651,0.782485,-0.0277101,-0.0231763,0.0366468,0.0399341,0.014374,0.0144933,8.59291,-4.44682,0.989984,-0.165878,0.059526,0.786651
7.03,8.57757,8.58297,-4.46086,-4.45591,0.987406,0.988358,-1.53786,-1.53841,-1.3954,-1.40017,-0.257589,-0.256549,-0.166154,-0.169337,0.0598918,0.0598648,0.786794,0.782648,-0.0275402,-0.0230005,0.0365147,0.0398337,0.0141771,0.0143099,8.57757,-4.46086,0.987406,-0.166154,0.0598918,0.786794
7.04,8.56215,8.56751,-4.47473,-4.46983,0.984832,0.985804,-1.54541,-1.54607,-1.3795,-1.38413,-0.257127,-0.256109,-0.166429,-0.169586,0.0602563,0.0602257,0.786935,0.782809,-0.0273591,-0.0228133,0.0363923,0.0397419,0.01398,0.0141251,8.56215,-4.47473,0.984832,-0.166429,0.0602563,0.786935
7.05,8.54666,8.55198,-4.48845,-4.48359,0.982263,0.983254,-1.55296,-1.55371,-1.36356,-1.36805,-0.256662,-0.255667,-0.166702,-0.169833,0.0606197,0.0605843,0.787073,0.782969,-0.0271664,-0.022617,0.0362792,0.0396566,0.0137827,0.013939,8.54666,-4.48845,0.982263,-0.166702,0.0606197,0.787073
7.06,8.53109,8.53636,-4.502,-4.49719,0.979699,0.980709,-1.5605,-1.56136,-1.34757,-1.35193,-0.256195,-0.255224,-0.166972,-0.170078,0.0609819,0.0609408,0.78721,0.783127,-0.026962,-0.0224104,0.0361746,0.0395779,0.0135854,0.0137513,8.53109,-4.502,0.979699,-0.166972,0.0609819,0.78721
7.07,8.51545,8.52068,-4.5154,-4.51063,0.977139,0.978168,-1.56804,-1.56901,-1.33153,-1.33578,-0.255725,-0.254779,-0.167241,-0.17032,0.0613432,0.0612951,0.787345,0.783284,-0.0267457,-0.0221935,0.0360781,0.0395055,0.0133879,0.0135622,8.51545,-4.5154,0.977139,-0.167241,0.0613432,0.787345
7.08,8.49973,8.50492,-4.52863,-4.52391,0.974584,0.975632,-1.57558,-1.57665,-1.31546,-1.31958,-0.255254,-0.254331,-0.167507,-0.17056,0.0617035,0.0616476,0.787478,0.783439,-0.0265175,-0.0219655,0.035989,0.0394377,0.0131904,0.0133716,8.49973,-4.52863,0.974584,-0.167507,0.0617035,0.787478
7.09,8.48394,8.48909,-4.54171,-4.53703,0.972034,0.973099,-1.58312,-1.58429,-1.29934,-1.30334,-0.25478,-0.253882,-0.167771,-0.170797,0.062063,0.0619984,0.787609,0.783592,-0.0262772,-0.0217272,0.0359069,0.0393741,0.012993,0.0131796,8.48394,-4.54171,0.972034,-0.167771,0.062063,0.787609
7.1,8.46807,8.47318,-4.55462,-4.54998,0.969489,0.970572,-1.59065,-1.59193,-1.28317,-1.28706,-0.254303,-0.25343,-0.168033,-0.171032,0.0624217,0.0623475,0.787738,0.783744,-0.0260246,-0.0214786,0.035831,0.0393145,0.0127955,0.0129861,8.46807,-4.55462,0.969489,-0.168033,0.0624217,0.787738
7.11,8.45213,8.4572,-4.56737,-4.56278,0.966948,0.968048,-1.59817,-1.59957,-1.26696,-1.27074,-0.253825,-0.252977,-0.168291,-0.171264,0.0627796,0.0626954,0.787865,0.783894,-0.0257598,-0.0212184,0.035761,0.0392572,0.0125981,0.012791,8.45213,-4.56737,0.966948,-0.168291,0.0627796,0.787865
7.12,8.43611,8.44114,-4.57996,-4.57541,0.964412,0.965528,-1.6057,-1.6072,-1.25071,-1.25438,-0.253344,-0.252521,-0.168548,-0.171493,0.0631369,0.0630416,0.78799,0.784042,-0.0254826,-0.0209482,0.035696,0.0392024,0.0124008,0.0125946,8.43611,-4.57996,0.964412,-0.168548,0.0631369,0.78799
7.13,8.42001,8.42501,-4.59239,-4.58788,0.961881,0.963013,-1.61321,-1.61483,-1.23442,-1.23799,-0.252861,-0.252063,-0.168801,-0.171719,0.0634935,0.0633869,0.788113,0.784188,-0.025193,-0.0206665,0.0356357,0.0391491,0.0122037,0.0123966,8.42001,-4.59239,0.961881,-0.168801,0.0634935,0.788113
7.14,8.40384,8.40881,-4.60465,-4.60019,0.959355,0.960503,-1.62073,-1.62246,-1.21808,-1.22156,-0.252375,-0.251603,-0.169052,-0.171942,0.0638496,0.0637312,0.788234,0.784333,-0.0248911,-0.0203741,0.0355793,0.039097,0.0120067,0.0121971,8.40384,-4.60465,0.959355,-0.169052,0.0638496,0.788234
7.15,8.3876,8.39253,-4.61675,-4.61234,0.956834,0.957996,-1.62824,-1.63008,-1.2017,-1.20509,-0.251887,-0.251141,-0.169299,-0.172162,0.0642051,0.0640748,0.788353,0.784475,-0.0245767,-0.0200711,0.0355264,0.0390448,0.0118099,0.0119962,8.3876,-4.61675,0.956834,-0.169299,0.0642051,0.788353
7.16,8.37128,8.37618,-4.62868,-4.62431,0.954317,0.955493,-1.63574,-1.6377,-1.18528,-1.18858,-0.251397,-0.250676,-0.169543,-0.172378,0.0645602,0.0644174,0.78847,0.784616,-0.0242499,-0.0197571,0.0354764,0.0389926,0.0116133,0.0117939,8.37128,-4.62868,0.954317,-0.169543,0.0645602,0.78847
7.17,8.35488,8.35976,-4.64045,-4.63613,0.951806,0.952995,-1.64324,-1.64532,-1.16881,-1.17204,-0.250905,-0.250209,-0.169784,-0.172591,0.0649147,0.0647595,0.788585,0.784755,-0.0239107,-0.019432,0.0354286,0.0389385,0.0114171,0.0115903,8.35488,-4.64045,0.951806,-0.169784,0.0649147,0.788585
7.18,8.33841,8.34326,-4.65206,-4.64778,0.949299,0.950501,-1.65074,-1.65293,-1.15231,-1.15546,-0.250411,-0.24974,-0.170021,-0.172801,0.0652687,0.0651012,0.788698,0.784892,-0.0235592,-0.0190966,0.0353826,0.0388833,0.0112211,0.0113851,8.33841,-4.65206,0.949299,-0.170021,0.0652687,0.788698
7.19,8.32187,8.32669,-4.6635,-4.65926,0.946797,0.948011,-1.65823,-1.66053,-1.13576,-1.13885,-0.249914,-0.249267,-0.170255,-0.173008,0.0656223,0.0654425,0.78881,0.785027,-0.0231954,-0.0187501,0.0353378,0.0388257,0.0110254,0.0111787,8.32187,-4.6635,0.946797,-0.170255,0.0656223,0.78881
7.2,8.30525,8.31005,-4.67477,-4.67059,0.944301,0.945525,-1.66571,-1.66813,-1.11917,-1.1222,-0.249415,-0.248793,-0.170485,-0.17321,0.0659755,0.0657835,0.788919,0.78516,-0.0228195,-0.0183935,0.0352937,0.0387653,0.0108301,0.0109711,8.30525,-4.67477,0.944301,-0.170485,0.0659755,0.788919
7.21,8.28856,8.29334,-4.68588,-4.68174,0.941809,0.943043,-1.67319,-1.67572,-1.10254,-1.10551,-0.248914,-0.248316,-0.170711,-0.173409,0.0663282,0.0661246,0.789026,0.785291,-0.0224314,-0.0180254,0.0352497,0.038701,0.0106352,0.0107622,8.28856,-4.68588,0.941809,-0.170711,0.0663282,0.789026
7.22,8.27179,8.27655,-4.69682,-4.69273,0.939323,0.940566,-1.68066,-1.68331,-1.08587,-1.08879,-0.24841,-0.247837,-0.170934,-0.173604,0.0666805,0.0664654,0.789132,0.785419,-0.0220314,-0.0176474,0.0352052,0.0386328,0.0104407,0.0105521,8.27179,-4.69682,0.939323,-0.170934,0.0666805,0.789132
7.23,8.25494,8.25969,-4.7076,-4.70355,0.936841,0.938093,-1.68813,-1.69089,-1.06916,-1.07204,-0.247905,-0.247355,-0.171152,-0.173795,0.0670323,0.0668066,0.789235,0.785546,-0.0216195,-0.0172597,0.0351598,0.0385609,0.0102467,0.0103409,8.25494,-4.7076,0.936841,-0.171152,0.0670323,0.789235
7.24,8.23802,8.24275,-4.71821,-4.7142,0.934364,0.935624,-1.69558,-1.69846,-1.05241,-1.05525,-0.247397,-0.246871,-0.171366,-0.173982,0.0673837,0.0671478,0.789337,0.785671,-0.0211959,-0.0168599,0.035113,0.0384833,0.0100532,0.0101288,8.23802,-4.71821,0.934364,-0.171366,0.0673837,0.789337
7.25,8.22103,8.22574,-4.72865,-4.72469,0.931893,0.933158,-1.70304,-1.70602,-1.03562,-1.03842,-0.246886,-0.246384,-0.171576,-0.174165,0.0677346,0.0674893,0.789436,0.785793,-0.0207608,-0.0164515,0.0350642,0.0384004,0.00986013,0.00991541,8.22103,-4.72865,0.931893,-0.171576,0.0677346,0.789436
7.26,8.20396,8.20866,-4.73892,-4.735,0.929427,0.930698,-1.71048,-1.71358,-1.01879,-1.02156,-0.246374,-0.245894,-0.171781,-0.174344,0.068085,0.0678314,0.789534,0.785913,-0.0203142,-0.0160323,0.035013,0.0383123,0.00966763,0.0097014,8.20396,-4.73892,0.929427,-0.171781,0.068085,0.789534
7.27,8.18682,8.19151,-4.74902,-4.74515,0.926966,0.928241,-1.71792,-1.72113,-1.00192,-1.00467,-0.245859,-0.245402,-0.171982,-0.174517,0.0684348,0.0681737,0.78963,0.786031,-0.0198564,-0.0156039,0.0349588,0.0382171,0.0094757,0.00948638,8.18682,-4.74902,0.926966,-0.171982,0.0684348,0.78963
7.28,8.1696,8.17427,-4.75896,-4.75514,0.92451,0.92579,-1.72535,-1.72866,-0.98501,-0.987742,-0.245343,-0.244907,-0.172178,-0.174687,0.0687841,0.0685167,0.789723,0.786146,-0.0193877,-0.0151649,0.0349013,0.0381156,0.00928436,0.00927085,8.1696,-4.75896,0.92451,-0.172178,0.0687841,0.789723
7.29,8.15231,8.15697,-4.76872,-4.76495,0.922059,0.923341,-1.73277,-1.73619,-0.968063,-0.970781,-0.244823,-0.244409,-0.17237,-0.174852,0.0691328,0.0688602,0.789815,0.786259,-0.0189081,-0.0147167,0.0348399,0.0380073,0.00909364,0.0090545,8.15231,-4.76872,0.922059,-0.17237,0.0691328,0.789815
7.3,8.13495,8.13959,-4.77832,-4.77459,0.919613,0.920898,-1.74018,-1.74371,-0.951079,-0.953782,-0.244302,-0.243908,-0.172556,-0.175012,0.0694809,0.0692043,0.789905,0.78637,-0.0184179,-0.014259,0.0347742,0.0378913,0.00890357,0.0088376,8.13495,-4.77832,0.919613,-0.172556,0.0694809,0.789905
7.31,8.11751,8.12214,-4.78774,-4.78407,0.917173,0.918458,-1.74758,-1.75122,-0.934056,-0.936751,-0.243779,-0.243405,-0.172738,-0.175167,0.0698283,0.0695492,0.789993,0.786479,-0.0179174,-0.0137919,0.0347038,0.0377682,0.00871417,0.00862029,8.11751,-4.78774,0.917173,-0.172738,0.0698283,0.789993
7.32,8.1,8.10461,-4.797,-4.79337,0.914738,0.916023,-1.75497,-1.75872,-0.916996,-0.919682,-0.243253,-0.2429,-0.172915,-0.175317,0.070175,0.0698948,0.79008,0.786584,-0.0174068,-0.0133156,0.0346282,0.0376374,0.00852548,0.00840251,8.1,-4.797,0.914738,-0.172915,0.070175,0.79008
7.33,8.08241,8.08701,-4.80608,-4.80251,0.912308,0.913593,-1.76236,-1.76621,-0.8999,-0.902581,-0.242725,-0.242391,-0.173086,-0.175463,0.0705208,0.0702412,0.790164,0.786688,-0.0168863,-0.0128306,0.0345471,0.037498,0.00833751,0.00818457,8.08241,-4.80608,0.912308,-0.173086,0.0705208,0.790164
7.34,8.06475,8.06933,-4.815,-4.81147,0.909883,0.911167,-1.76973,-1.77369,-0.882766,-0.885442,-0.242195,-0.24188,-0.173252,-0.175603,0.0708659,0.0705885,0.790246,0.786789,-0.0163562,-0.0123365,0.0344601,0.0373508,0.00815029,0.00796658,8.06475,-4.815,0.909883,-0.173252,0.0708659,0.790246
7.35,8.04702,8.05158,-4.82374,-4.82026,0.907464,0.908745,-1.7771,-1.78116,-0.865597,-0.868271,-0.241663,-0.241365,-0.173413,-0.175737,0.07121,0.0709364,0.790327,0.786887,-0.0158168,-0.0118336,0.0343668,0.0371951,0.00796384,0.00774841,8.04702,-4.82374,0.907464,-0.173413,0.07121,0.790327
7.36,8.02921,8.03374,-4.83231,-4.82888,0.90505,0.906328,-1.78445,-1.78861,-0.848392,-0.851063,-0.241129,-0.240848,-0.173569,-0.175866,0.0715532,0.0712852,0.790406,0.786983,-0.0152683,-0.0113227,0.0342668,0.0370306,0.0077782,0.00753026,8.02921,-4.83231,0.90505,-0.173569,0.0715532,0.790406
7.37,8.01133,8.01583,-4.84071,-4.83733,0.902641,0.903916,-1.79179,-1.79605,-0.831152,-0.833821,-0.240592,-0.240329,-0.173719,-0.17599,0.0718953,0.0716349,0.790482,0.787077,-0.0147111,-0.0108037,0.0341598,0.0368575,0.00759338,0.00731248,8.01133,-4.84071,0.902641,-0.173719,0.0718953,0.790482
7.38,7.99337,7.99785,-4.84893,-4.84561,0.900238,0.901508,-1.79912,-1.80348,-0.813877,-0.816543,-0.240053,-0.239806,-0.173863,-0.176108,0.0722364,0.0719852,0.790557,0.787167,-0.0141454,-0.0102766,0.0340454,0.036676,0.0074094,0.00709496,7.99337,-4.84893,0.900238,-0.173863,0.0722364,0.790557
7.39,7.97535,7.97979,-4.85698,-4.85372,0.89784,0.899105,-1.80644,-1.8109,-0.796568,-0.799231,-0.239513,-0.23928,-0.174002,-0.17622,0.0725762,0.0723363,0.790631,0.787255,-0.0135715,-0.00974121,0.0339234,0.0364854,0.00722629,0.00687779,7.97535,-4.85698,0.89784,-0.174002,0.0725762,0.790631
7.4,7.95724,7.96165,-4.86486,-4.86165,0.895448,0.896707,-1.81375,-1.8183,-0.779225,-0.781882,-0.23897,-0.238752,-0.174134,-0.176327,0.0729148,0.0726882,0.790702,0.78734,-0.0129898,-0.00919866,0.0337934,0.0362859,0.00704407,0.00666128,7.95724,-4.86486,0.895448,-0.174134,0.0729148,0.790702
7.41,7.93907,7.94344,-4.87257,-4.86941,0.893061,0.894314,-1.82104,-1.82569,-0.761849,-0.764499,-0.238424,-0.238221,-0.174261,-0.176428,0.0732521,0.0730407,0.790771,0.787423,-0.0124005,-0.00864866,0.0336553,0.0360773,0.00686277,0.00644529,7.93907,-4.87257,0.893061,-0.174261,0.0732521,0.790771
7.42,7.92082,7.92514,-4.8801,-4.87699,0.890679,0.891926,-1.82832,-1.83306,-0.74444,-0.74708,-0.237877,-0.237686,-0.174382,-0.176522,0.0735879,0.0733937,0.790839,0.787503,-0.011804,-0.00809152,0.0335086,0.0358602,0.0066824,0.00623013,7.92082,-4.8801,0.890679,-0.174382,0.0735879,0.790839
7.43,7.9025,7.90677,-4.88746,-4.8844,0.888303,0.889543,-1.83559,-1.84042,-0.726998,-0.729627,-0.237328,-0.237149,-0.174497,-0.176611,0.0739222,0.0737473,0.790905,0.78758,-0.0112007,-0.00752767,0.0333531,0.0356338,0.00650299,0.00601599,7.9025,-4.88746,0.888303,-0.174497,0.0739222,0.790905
7.44,7.88411,7.88833,-4.89464,-4.89164,0.885933,0.887165,-1.84284,-1.84776,-0.709525,-0.712139,-0.236776,-0.236609,-0.174606,-0.176694,0.0742549,0.0741012,0.790969,0.787654,-0.0105907,-0.00695698,0.0331887,0.0353985,0.00632455,0.00580277,7.88411,-4.89464,0.885933,-0.174606,0.0742549,0.790969
7.45,7.86565,7.8698,-4.90165,-4.8987,0.883568,0.884792,-1.85008,-1.85508,-0.692021,-0.694617,-0.236222,-0.236066,-0.174709,-0.17677,0.0745859,0.0744556,0.791032,0.787726,-0.00997453,-0.00638017,0.0330151,0.0351544,0.00614711,0.00559077,7.86565,-4.90165,0.883568,-0.174709,0.0745859,0.791032
7.46,7.84711,7.8512,-4.90848,-4.90559,0.881208,0.882424,-1.85731,-1.8624,-0.674486,-0.677059,-0.235666,-0.23552,-0.174806,-0.17684,0.0749152,0.0748101,0.791092,0.787795,-0.00935245,-0.00579649,0.0328321,0.0349016,0.00597069,0.00537993,7.84711,-4.90848,0.881208,-0.174806,0.0749152,0.791092
7.47,7.8285,7.83253,-4.91514,-4.9123,0.878854,0.880063,-1.86452,-1.86969,-0.656921,-0.659469,-0.235109,-0.23497,-0.174896,-0.176904,0.0752426,0.0751648,0.791151,0.78786,-0.00872481,-0.00520755,0.0326395,0.0346398,0.0057953,0.0051707,7.8285,-4.91514,0.878854,-0.174896,0.0752426,0.791151
7.48,7.80982,7.81376,-4.92162,-4.91883,0.876506,0.877706,-1.87172,-1.87696,-0.639326,-0.641843,-0.234548,-0.234418,-0.17498,-0.176961,0.0755679,0.0755194,0.791208,0.787923,-0.00809194,-0.00461227,0.0324372,0.0343695,0.00562097,0.00496279,7.80982,-4.92162,0.876506,-0.17498,0.0755679,0.791208
7.49,7.79107,7.79494,-4.92792,-4.92519,0.874163,0.875355,-1.8789,-1.88422,-0.621703,-0.624185,-0.233986,-0.233863,-0.175058,-0.177012,0.0758913,0.0758739,0.791263,0.787983,-0.00745421,-0.00401223,0.0322249,0.0340906,0.00544771,0.00475647,7.79107,-4.92792,0.874163,-0.175058,0.0758913,0.791263
7.5,7.77224,7.77603,-4.93405,-4.93136,0.871826,0.87301,-1.88607,-1.89146,-0.604051,-0.606494,-0.233422,-0.233304,-0.175129,-0.177056,0.0762124,0.0762279,0.791317,0.788041,-0.00681192,-0.00340675,0.0320026,0.0338034,0.00527554,0.00455195,7.77224,-4.93405,0.871826,-0.175129,0.0762124,0.791317
7.51,7.75335,7.75704,-4.94,-4.93737,0.869495,0.870671,-1.89322,-1.89868,-0.586371,-0.58877,-0.232856,-0.232743,-0.175194,-0.177094,0.0765313,0.0765816,0.791369,0.788095,-0.00616545,-0.00279599,0.0317702,0.0335073,0.00510449,0.00434928,7.75335,-4.94,0.869495,-0.175194,0.0765313,0.791369
7.52,7.73438,7.73798,-4.94578,-4.94319,0.867169,0.868338,-1.90035,-1.90588,-0.568664,-0.571016,-0.232287,-0.232178,-0.175253,-0.177126,0.0768478,0.0769346,0.791419,0.788146,-0.00551513,-0.00218078,0.0315275,0.0332033,0.00493456,0.00414857,7.73438,-4.94578,0.867169,-0.175253,0.0768478,0.791419
7.53,7.71534,7.71884,-4.95138,-4.94883,0.864849,0.866011,-1.90747,-1.91306,-0.55093,-0.553231,-0.231716,-0.231611,-0.175304,-0.17715,0.0771618,0.0772867,0.791468,0.788195,-0.0048613,-0.00156137,0.0312745,0.0328911,0.00476577,0.00394978,7.71534,-4.95138,0.864849,-0.175304,0.0771618,0.791468
7.54,7.69623,7.69963,-4.9568,-4.9543,0.862535,0.86369,-1.91457,-1.92023,-0.533171,-0.535415,-0.231144,-0.23104,-0.17535,-0.177169,0.0774732,0.0776377,0.791515,0.788241,-0.0042043,-0.000938348,0.0310111,0.0325711,0.00459815,0.00375326,7.69623,-4.9568,0.862535,-0.17535,0.0774732,0.791515
7.55,7.67705,7.68034,-4.96204,-4.95958,0.860226,0.861375,-1.92165,-1.92737,-0.515386,-0.517568,-0.230569,-0.230465,-0.175389,-0.177181,0.077782,0.0779875,0.79156,0.788284,-0.00354449,-0.000310831,0.0307372,0.0322427,0.0044317,0.00355886,7.67705,-4.96204,0.860226,-0.175389,0.077782,0.79156
7.56,7.6578,7.66098,-4.96711,-4.96468,0.857924,0.859067,-1.92871,-1.93449,-0.497577,-0.499694,-0.229992,-0.229888,-0.175421,-0.177186,0.0780879,0.0783357,0.791603,0.788324,-0.00288217,0.000319548,0.0304528,0.0319067,0.00426644,0.00336672,7.6578,-4.96711,0.857924,-0.175421,0.0780879,0.791603
7.57,7.63847,7.64155,-4.97199,-4.96961,0.855627,0.856765,-1.93576,-1.94158,-0.479744,-0.481791,-0.229413,-0.229308,-0.175446,-0.177185,0.078391,0.0786826,0.791645,0.788361,-0.00221772,0.000954002,0.0301579,0.0315634,0.0041024,0.00317712,7.63847,-4.97199,0.855627,-0.175446,0.078391,0.791645
7.58,7.61908,7.62204,-4.9767,-4.97435,0.853335,0.854469,-1.94279,-1.94866,-0.461887,-0.463862,-0.228832,-0.228724,-0.175465,-0.177177,0.0786911,0.0790274,0.791685,0.788395,-0.00155143,0.00159041,0.0298525,0.0312127,0.00393957,0.0029899,7.61908,-4.9767,0.853335,-0.175465,0.0786911,0.791685
7.59,7.59962,7.60246,-4.98123,-4.97891,0.85105,0.85218,-1.9498,-1.95571,-0.444008,-0.445905,-0.228249,-0.228138,-0.175477,-0.177163,0.078988,0.07937,0.791724,0.788426,-0.000883671,0.00223002,0.0295365,0.0308541,0.00377799,0.00280519,7.59962,-4.98123,0.85105,-0.175477,0.078988,0.791724
7.6,7.58008,7.58281,-4.98558,-4.98329,0.84877,0.849898,-1.95679,-1.96274,-0.426107,-0.427924,-0.227664,-0.227547,-0.175483,-0.177143,0.0792818,0.0797103,0.791761,0.788455,-0.000214733,0.00287169,0.02921,0.0304886,0.00361765,0.00262317,7.58008,-4.98558,0.84877,-0.175483,0.0792818,0.791761
7.61,7.56048,7.56309,-4.98975,-4.98749,0.846497,0.847622,-1.96376,-1.96975,-0.408185,-0.409919,-0.227077,-0.226955,-0.175482,-0.177116,0.0795722,0.0800481,0.791796,0.788481,0.000455034,0.00351524,0.0288731,0.0301162,0.00345858,0.00244382,7.56048,-4.98975,0.846497,-0.175482,0.0795722,0.791796
7.62,7.54081,7.54329,-4.99374,-4.9915,0.844229,0.845353,-1.97072,-1.97673,-0.390242,-0.391891,-0.226488,-0.226358,-0.175474,-0.177083,0.0798592,0.080383,0.79183,0.788504,0.00112534,0.00416027,0.0285258,0.0297365,0.00330079,0.00226709,7.54081,-4.99374,0.844229,-0.175474,0.0798592,0.79183
7.63,7.52107,7.52343,-4.99756,-4.99534,0.841967,0.843091,-1.97765,-1.98369,-0.37228,-0.37384,-0.225897,-0.225759,-0.175459,-0.177044,0.0801427,0.0807149,0.791862,0.788525,0.00179584,0.00480638,0.0281681,0.0293502,0.00314429,0.00209324,7.52107,-4.99756,0.841967,-0.175459,0.0801427,0.791862
7.64,7.50126,7.5035,-5.00119,-4.99899,0.839711,0.840836,-1.98456,-1.99062,-0.354299,-0.355768,-0.225303,-0.225157,-0.175438,-0.176998,0.0804225,0.0810434,0.791893,0.788543,0.00246626,0.0054543,0.0278001,0.028957,0.00298909,0.00192218,7.50126,-5.00119,0.839711,-0.175438,0.0804225,0.791893
7.65,7.48138,7.4835,-5.00464,-5.00245,0.837461,0.838588,-1.99146,-1.99753,-0.336299,-0.337675,-0.224708,-0.224551,-0.17541,-0.176947,0.0806986,0.0813684,0.791922,0.788558,0.00313627,0.00610285,0.027422,0.0285574,0.00283521,0.00175391,7.48138,-5.00464,0.837461,-0.17541,0.0806986,0.791922
7.66,7.46143,7.46343,-5.00792,-5.00574,0.835217,0.836346,-1.99833,-2.00441,-0.318281,-0.319564,-0.224111,-0.223943,-0.175375,-0.176889,0.0809709,0.0816896,0.79195,0.788571,0.0038056,0.0067515,0.0270337,0.0281512,0.00268266,0.00158855,7.46143,-5.00792,0.835217,-0.175375,0.0809709,0.79195
7.67,7.44141,7.44329,-5.01101,-5.00884,0.832979,0.834112,-2.00518,-2.01127,-0.300247,-0.301434,-0.223512,-0.223331,-0.175334,-0.176826,0.0812393,0.0820067,0.791976,0.788581,0.00447394,0.00740049,0.0266356,0.0277388,0.00253145,0.00142625,7.44141,-5.01101,0.832979,-0.175334,0.0812393,0.791976
7.68,7.42132,7.42309,-5.01392,-5.01175,0.830746,0.831884,-2.01201,-2.0181,-0.282197,-0.283287,-0.22291,-0.222717,-0.175286,-0.176757,0.0815036,0.0823195,0.792,0.788589,0.00514103,0.00804948,0.0262275,0.0273202,0.00238159,0.00126678,7.42132,-5.01392,0.830746,-0.175286,0.0815036,0.792
7.69,7.40117,7.40282,-5.01665,-5.01449,0.82852,0.829663,-2.01882,-2.02491,-0.264131,-0.265124,-0.222307,-0.222099,-0.175231,-0.176681,0.0817638,0.0826277,0.792023,0.788595,0.00580656,0.00869757,0.0258098,0.0268954,0.00223309,0.00111035,7.40117,-5.01665,0.82852,-0.175231,0.0817638,0.792023
7.7,7.38095,7.38248,-5.0192,-5.01704,0.8263,0.827449,-2.02561,-2.03169,-0.246051,-0.246945,-0.221702,-0.221479,-0.175169,-0.176601,0.0820198,0.0829311,0.792045,0.788598,0.0064703,0.00934531,0.0253826,0.0264649,0.00208596,0.000956863,7.38095,-5.0192,0.8263,-0.175169,0.0820198,0.792045
7.71,7.36066,7.36208,-5.02157,-5.0194,0.824086,0.825242,-2.03237,-2.03844,-0.227957,-0.228753,-0.221094,-0.220856,-0.175101,-0.176515,0.0822714,0.0832295,0.792065,0.788599,0.00713196,0.00999217,0.024946,0.0260283,0.00194021,0.000806391,7.36066,-5.02157,0.824086,-0.175101,0.0822714,0.792065
7.72,7.3403,7.34162,-5.02376,-5.02158,0.821878,0.823042,-2.03912,-2.04517,-0.20985,-0.210547,-0.220485,-0.22023,-0.175027,-0.176423,0.0825187,0.0835224,0.792084,0.788598,0.00779131,0.0106377,0.0245002,0.0255857,0.00179586,0.000658959,7.3403,-5.02376,0.821878,-0.175027,0.0825187,0.792084
7.73,7.31987,7.32109,-5.02577,-5.02358,0.819677,0.820848,-2.04584,-2.05187,-0.191731,-0.192329,-0.219874,-0.219601,-0.174946,-0.176326,0.0827614,0.0838102,0.792101,0.788595,0.00844807,0.0112807,0.0240454,0.0251381,0.0016529,0.000514433,7.31987,-5.02577,0.819677,-0.174946,0.0827614,0.792101
7.74,7.29938,7.3005,-5.0276,-5.02539,0.817481,0.818661,-2.05254,-2.05854,-0.1736,-0.174099,-0.21926,-0.21897,-0.174858,-0.176224,0.0829995,0.0840919,0.792117,0.78859,0.00910205,0.0119232,0.0235817,0.0246847,0.00151136,0.000372902,7.29938,-5.0276,0.817481,-0.174858,0.0829995,0.792117
7.75,7.27882,7.27984,-5.02924,-5.02702,0.815291,0.816481,-2.05922,-2.06519,-0.155458,-0.155858,-0.218645,-0.218337,-0.174764,-0.176116,0.083233,0.084368,0.792131,0.788583,0.00975297,0.012563,0.0231094,0.0242256,0.00137123,0.000234425,7.27882,-5.02924,0.815291,-0.174764,0.083233,0.792131
7.76,7.2582,7.25912,-5.03071,-5.02846,0.813108,0.814307,-2.06587,-2.07182,-0.137307,-0.137607,-0.218028,-0.2177,-0.174663,-0.176004,0.0834617,0.0846377,0.792144,0.788574,0.0104007,0.0132001,0.0226287,0.023762,0.00123253,9.89437e-05,7.2582,-5.03071,0.813108,-0.174663,0.0834617,0.792144
7.77,7.23751,7.23833,-5.03199,-5.02972,0.810931,0.812141,-2.07251,-2.07841,-0.119147,-0.119349,-0.217409,-0.217062,-0.174556,-0.175886,0.0836855,0.0849011,0.792156,0.788563,0.0110449,0.0138353,0.0221398,0.0232924,0.00109527,-3.35127e-05,7.23751,-5.03199,0.810931,-0.174556,0.0836855,0.792156
7.78,7.21675,7.21749,-5.03309,-5.0308,0.80876,0.80998,-2.07912,-2.08498,-0.100978,-0.101081,-0.216788,-0.216421,-0.174442,-0.175764,0.0839045,0.0851579,0.792166,0.788551,0.0116854,0.0144667,0.021643,0.0228176,0.000959441,-0.000163123,7.21675,-5.03309,0.80876,-0.174442,0.0839045,0.792166
7.79,7.19592,7.19658,-5.03401,-5.03169,0.806595,0.807826,-2.0857,-2.09152,-0.0828023,-0.0828063,-0.216164,-0.215779,-0.174322,-0.175637,0.0841184,0.085408,0.792175,0.788537,0.0123221,0.0150956,0.0211384,0.0223382,0.000825064,-0.000289679,7.19592,-5.03401,0.806595,-0.174322,0.0841184,0.792175
7.8,7.17503,7.1756,-5.03475,-5.0324,0.804437,0.805678,-2.09227,-2.09804,-0.0646197,-0.0645234,-0.215539,-0.215134,-0.174195,-0.175505,0.0843272,0.085651,0.792183,0.788522,0.0129547,0.0157215,0.0206263,0.0218536,0.000692143,-0.000413477,7.17503,-5.03475,0.804437,-0.174195,0.0843272,0.792183
7.81,7.15408,7.15457,-5.0353,-5.03292,0.802284,0.803536,-2.09881,-2.10453,-0.0464312,-0.0462363,-0.214912,-0.214488,-0.174063,-0.175368,0.0845309,0.0858871,0.792189,0.788505,0.0135831,0.0163431,0.020107,0.0213651,0.000560683,-0.000534356,7.15408,-5.0353,0.802284,-0.174063,0.0845309,0.792189
7.82,7.13306,7.13347,-5.03567,-5.03326,0.800138,0.8014,-2.10532,-2.111,-0.0282377,-0.0279413,-0.214284,-0.213839,-0.173924,-0.175227,0.0847293,0.0861157,0.792194,0.788487,0.0142071,0.0169621,0.0195808,0.0208707,0.000430691,-0.000652388,7.13306,-5.03567,0.800138,-0.173924,0.0847293,0.792194
7.83,7.11197,7.11231,-5.03587,-5.03341,0.797999,0.799271,-2.11181,-2.11744,-0.01004,-0.00964412,-0.213653,-0.213189,-0.173779,-0.175081,0.0849225,0.0863368,0.792197,0.788468,0.0148265,0.0175765,0.0190478,0.0203724,0.000302172,-0.000767514,7.11197,-5.03587,0.797999,-0.173779,0.0849225,0.792197
7.84,7.09082,7.09109,-5.03587,-5.03338,0.795865,0.797148,-2.11828,-2.12385,0.00816113,0.00865942,-0.21302,-0.212537,-0.173627,-0.174931,0.0851103,0.0865504,0.7922,0.788448,0.0154412,0.0181874,0.0185083,0.0198694,0.000175133,-0.000879914,7.09082,-5.03587,0.795865,-0.173627,0.0851103,0.7922
7.85,7.06961,7.0698,-5.0357,-5.03317,0.793738,0.79503,-2.12473,-2.13024,0.0263648,0.0269653,-0.212385,-0.211884,-0.17347,-0.174776,0.0852926,0.0867562,0.792201,0.788427,0.0160511,0.0187938,0.0179626,0.019362,4.95775e-05,-0.000989631,7.06961,-5.0357,0.793738,-0.17347,0.0852926,0.792201
7.86,7.04833,7.04845,-5.03535,-5.03278,0.791618,0.792918,-2.13115,-2.13661,0.0445702,0.0452749,-0.211749,-0.211229,-0.173306,-0.174616,0.0854695,0.0869542,0.792201,0.788405,0.016656,0.0193955,0.0174111,0.0188503,-7.44892e-05,-0.00109653,7.04833,-5.03535,0.791618,-0.173306,0.0854695,0.792201
7.87,7.02698,7.02703,-5.03481,-5.0322,0.789503,0.790812,-2.13755,-2.14295,0.0627765,0.0635866,-0.21111,-0.210573,-0.173137,-0.174453,0.0856408,0.0871441,0.792199,0.788382,0.0172559,0.019993,0.0168539,0.0183347,-0.000197063,-0.00120084,7.02698,-5.03481,0.789503,-0.173137,0.0856408,0.792199
7.88,7.00558,7.00556,-5.03409,-5.03144,0.787395,0.788711,-2.14392,-2.14927,0.0809829,0.0819014,-0.21047,-0.209915,-0.172961,-0.174285,0.0858066,0.0873259,0.792197,0.788359,0.0178505,0.0205855,0.0162914,0.0178147,-0.000318139,-0.00130264,7.00558,-5.03409,0.787395,-0.172961,0.0858066,0.792197
7.89,6.98411,6.98402,-5.03319,-5.0305,0.785294,0.786616,-2.15027,-2.15556,0.0991886,0.100216,-0.209827,-0.209257,-0.17278,-0.174112,0.0859666,0.0874996,0.792193,0.788334,0.0184398,0.0211741,0.0157238,0.0172906,-0.000437714,-0.00140168,6.98411,-5.03319,0.785294,-0.17278,0.0859666,0.792193
7.9,6.96257,6.96241,-5.03211,-5.02937,0.783199,0.784527,-2.15659,-2.16183,0.117393,0.118532,-0.209183,-0.208597,-0.172592,-0.173935,0.086121,0.0876649,0.792188,0.788309,0.0190238,0.0217576,0.0151514,0.016763,-0.000555784,-0.00149837,6.96257,-5.03211,0.783199,-0.172592,0.086121,0.792188
7.91,6.94097,6.94074,-5.03084,-5.02806,0.78111,0.782442,-2.1629,-2.16808,0.135594,0.136847,-0.208537,-0.207936,-0.172399,-0.173754,0.0862696,0.0878216,0.792182,0.788284,0.0196022,0.022336,0.0145745,0.0162312,-0.000672347,-0.00159264,6.94097,-5.03084,0.78111,-0.172399,0.0862696,0.792182
7.92,6.91931,6.91901,-5.0294,-5.02657,0.779028,0.780364,-2.16917,-2.17431,0.153793,0.155162,-0.207889,-0.207275,-0.1722,-0.173568,0.0864125,0.0879701,0.792175,0.788258,0.0201751,0.0229097,0.0139935,0.0156964,-0.000787398,-0.00168437,6.91931,-5.0294,0.779028,-0.1722,0.0864125,0.792175
7.93,6.89759,6.89722,-5.02777,-5.02489,0.776953,0.77829,-2.17542,-2.18051,0.171988,0.173475,-0.20724,-0.206613,-0.171996,-0.173377,0.0865495,0.0881099,0.792166,0.788232,0.0207424,0.023478,0.0134086,0.0151573,-0.000900937,-0.00177392,6.89759,-5.02777,0.776953,-0.171996,0.0865495,0.792166
7.94,6.87581,6.87536,-5.02596,-5.02303,0.774883,0.776222,-2.18165,-2.18669,0.190177,0.191785,-0.206588,-0.20595,-0.171786,-0.173182,0.0866807,0.0882413,0.792157,0.788206,0.021304,0.0240416,0.01282,0.014615,-0.00101296,-0.00186117,6.87581,-5.02596,0.774883,-0.171786,0.0866807,0.792157
7.95,6.85396,6.85343,-5.02396,-5.021,0.772821,0.774159,-2.18786,-2.19286,0.208361,0.210094,-0.205934,-0.205286,-0.17157,-0.172983,0.0868059,0.0883639,0.792146,0.788179,0.0218599,0.0245997,0.0122282,0.0140697,-0.00112347,-0.00194629,6.85396,-5.02396,0.772821,-0.17157,0.0868059,0.792146
7.96,6.83205,6.83144,-5.02179,-5.01877,0.770765,0.772101,-2.19404,-2.199,0.226539,0.228399,-0.205279,-0.204622,-0.171348,-0.172778,0.0869252,0.0884779,0.792134,0.788153,0.02241,0.0251526,0.0116333,0.0135205,-0.00123245,-0.00202926,6.83205,-5.02179,0.770765,-0.171348,0.0869252,0.792134
7.97,6.81008,6.80939,-5.01943,-5.01637,0.768715,0.770048,-2.20019,-2.20511,0.244709,0.246698,-0.204622,-0.203957,-0.171122,-0.172569,0.0870385,0.0885832,0.792121,0.788126,0.0229544,0.0257007,0.0110357,0.0129681,-0.00133992,-0.00211005,6.81008,-5.01943,0.768715,-0.171122,0.0870385,0.792121
7.98,6.78804,6.78727,-5.0169,-5.01379,0.766672,0.768001,-2.20632,-2.21121,0.262871,0.264992,-0.203963,-0.203291,-0.170889,-0.172355,0.0871459,0.0886799,0.792107,0.7881,0.0234929,0.0262433,0.0104357,0.0124133,-0.00144586,-0.00218901,6.78804,-5.0169,0.766672,-0.170889,0.0871459,0.792107
7.99,6.76595,6.76509,-5.01418,-5.01102,0.764636,0.765958,-2.21243,-2.21729,0.281025,0.28328,-0.203302,-0.202625,-0.170652,-0.172135,0.0872473,0.0887678,0.792092,0.788073,0.0240256,0.0267807,0.00983355,0.0118552,-0.00155028,-0.00226618,6.76595,-5.01418,0.764636,-0.170652,0.0872473,0.792092
8,6.7438,6.74285,-5.01127,-5.00807,0.762606,0.763922,-2.21851,-2.22335,0.299168,0.30156,-0.202639,-0.201958,-0.170409,-0.171911,0.0873426,0.0888472,0.792076,0.788046,0.0245525,0.0273129,0.00922957,0.0112948,-0.00165318,-0.0023413,6.7438,-5.01127,0.762606,-0.170409,0.0873426,0.792076
8.01,6.72158,6.72053,-5.00819,-5.00495,0.760583,0.76189,-2.22456,-2.22938,0.317301,0.319832,-0.201974,-0.201292,-0.170161,-0.171682,0.0874318,0.088918,0.792059,0.78802,0.0250736,0.0278397,0.00862405,0.0107314,-0.00175456,-0.00241482,6.72158,-5.00819,0.760583,-0.170161,0.0874318,0.792059
8.02,6.69931,6.69816,-5.00493,-5.00164,0.758567,0.759863,-2.2306,-2.2354,0.335423,0.338095,-0.201308,-0.200624,-0.169907,-0.171447,0.087515,0.0889801,0.792041,0.787995,0.0255889,0.0283611,0.00801725,0.0101653,-0.00185441,-0.00248677,6.69931,-5.00493,0.758567,-0.169907,0.087515,0.792041
8.03,6.67697,6.67573,-5.00148,-4.99815,0.756557,0.757842,-2.23661,-2.2414,0.353532,0.356346,-0.20064,-0.199956,-0.169649,-0.171206,0.0875922,0.0890337,0.792022,0.787969,0.0260984,0.0288776,0.00740949,0.00959723,-0.00195274,-0.00255711,6.67697,-5.00148,0.756557,-0.169649,0.0875922,0.792022
8.04,6.65457,6.65322,-4.99786,-4.99448,0.754554,0.755827,-2.24259,-2.24738,0.371629,0.374585,-0.19997,-0.199287,-0.169385,-0.17096,0.0876632,0.0890788,0.792002,0.787944,0.0266022,0.0293887,0.00680102,0.00902665,-0.00204955,-0.00262605,6.65457,-4.99786,0.754554,-0.169385,0.0876632,0.792002
8.05,6.63212,6.63066,-4.99405,-4.99063,0.752558,0.753817,-2.24855,-2.25334,0.389712,0.392812,-0.199298,-0.198618,-0.169117,-0.170709,0.0877282,0.0891157,0.791981,0.787919,0.0271002,0.0298951,0.00619215,0.00845448,-0.00214483,-0.00269368,6.63212,-4.99405,0.752558,-0.169117,0.0877282,0.791981
8.06,6.6096,6.60804,-4.99006,-4.98659,0.750568,0.751812,-2.25449,-2.25928,0.40778,0.411026,-0.198624,-0.197948,-0.168843,-0.170451,0.0877871,0.0891441,0.791959,0.787894,0.0275925,0.0303962,0.00558313,0.00787995,-0.0022386,-0.00275998,6.6096,-4.99006,0.750568,-0.168843,0.0877871,0.791959
8.07,6.58703,6.58535,-4.9859,-4.98238,0.748585,0.749814,-2.2604,-2.2652,0.425833,0.429221,-0.197949,-0.197277,-0.168565,-0.170188,0.0878399,0.0891645,0.791937,0.78787,0.0280793,0.0308918,0.00497425,0.00730434,-0.00233085,-0.00282502,6.58703,-4.9859,0.748585,-0.168565,0.0878399,0.791937
8.08,6.56439,6.5626,-4.98155,-4.97799,0.746609,0.747821,-2.26628,-2.2711,0.44387,0.447402,-0.197272,-0.196606,-0.168282,-0.169918,0.0878866,0.0891768,0.791913,0.787847,0.0285604,0.0313825,0.00436577,0.00672678,-0.00242157,-0.00288916,6.56439,-4.98155,0.746609,-0.168282,0.0878866,0.791913
8.09,6.5417,6.53979,-4.97702,-4.97342,0.74464,0.745834,-2.27215,-2.27698,0.46189,0.465565,-0.196593,-0.195935,-0.167994,-0.169642,0.0879272,0.0891811,0.791888,0.787824,0.0290361,0.0318685,0.00375795,0.00614811,-0.00251079,-0.0029522,6.5417,-4.97702,0.74464,-0.167994,0.0879272,0.791888
8.1,6.51895,6.51692,-4.97231,-4.96866,0.742677,0.743854,-2.27799,-2.28285,0.479893,0.483709,-0.195912,-0.195262,-0.167701,-0.16936,0.0879617,0.0891778,0.791863,0.787801,0.0295063,0.0323491,0.00315105,0.00556829,-0.00259849,-0.00301453,6.51895,-4.97231,0.742677,-0.167701,0.0879617,0.791863
8.11,6.49614,6.49399,-4.96742,-4.96373,0.740722,0.741879,-2.2838,-2.2887,0.497877,0.50183,-0.19523,-0.194589,-0.167404,-0.169072,0.0879902,0.089167,0.791836,0.787779,0.0299712,0.032825,0.00254534,0.00498765,-0.00268468,-0.00307597,6.49614,-4.96742,0.740722,-0.167404,0.0879902,0.791836
8.12,6.47328,6.47099,-4.96235,-4.95862,0.738773,0.739911,-2.28959,-2.29452,0.515842,0.519931,-0.194546,-0.193915,-0.167102,-0.168776,0.0880126,0.0891486,0.791809,0.787758,0.0304308,0.0332958,0.00194104,0.00440665,-0.00276936,-0.00313686,6.47328,-4.96235,0.738773,-0.167102,0.0880126,0.791809
8.13,6.45035,6.44794,-4.9571,-4.95333,0.736831,0.73795,-2.29536,-2.30033,0.533787,0.53801,-0.19386,-0.193239,-0.166795,-0.168475,0.088029,0.0891231,0.791781,0.787737,0.0308852,0.033762,0.00133843,0.00382534,-0.00285253,-0.00319721,6.45035,-4.9571,0.736831,-0.166795,0.088029,0.791781
8.14,6.42737,6.42483,-4.95168,-4.94786,0.734895,0.735995,-2.3011,-2.30612,0.551711,0.556063,-0.193172,-0.192563,-0.166484,-0.168166,0.0880394,0.0890904,0.791752,0.787717,0.0313345,0.0342234,0.000737712,0.00324392,-0.00293421,-0.00325689,6.42737,-4.95168,0.734895,-0.166484,0.0880394,0.791752
8.15,6.40433,6.40166,-4.94607,-4.9422,0.732967,0.734048,-2.30682,-2.31189,0.569614,0.57409,-0.192482,-0.191886,-0.166168,-0.16785,0.0880438,0.0890509,0.791722,0.787697,0.0317788,0.0346798,0.000139143,0.00266337,-0.00301438,-0.00331621,6.40433,-4.94607,0.732967,-0.166168,0.0880438,0.791722
8.16,6.38123,6.37843,-4.94028,-4.93637,0.731046,0.732107,-2.31252,-2.31764,0.587494,0.592092,-0.191791,-0.191207,-0.165848,-0.167527,0.0880422,0.0890049,0.791692,0.787678,0.0322182,0.0351323,-0.000457063,0.00208286,-0.00309306,-0.00337538,6.38123,-4.94028,0.731046,-0.165848,0.0880422,0.791692
8.17,6.35808,6.35515,-4.93432,-4.93036,0.729131,0.730173,-2.31819,-2.32337,0.605352,0.610066,-0.191098,-0.190528,-0.165524,-0.167198,0.0880347,0.0889526,0.79166,0.78766,0.0326529,0.0355795,-0.00105068,0.00150337,-0.00317024,-0.00343426,6.35808,-4.93432,0.729131,-0.165524,0.0880347,0.79166
8.18,6.33487,6.3318,-4.92818,-4.92417,0.727224,0.728247,-2.32384,-2.32908,0.623186,0.62801,-0.190404,-0.189847,-0.165195,-0.166861,0.0880212,0.0888939,0.791628,0.787642,0.0330828,0.0360225,-0.00164149,0.000925705,-0.00324594,-0.00349298,6.33487,-4.92818,0.727224,-0.165195,0.0880212,0.791628
8.19,6.3116,6.30841,-4.92186,-4.9178,0.725323,0.726329,-2.32947,-2.33477,0.640996,0.645924,-0.189707,-0.189164,-0.164862,-0.166517,0.0880018,0.0888294,0.791595,0.787625,0.0335082,0.0364609,-0.0022293,0.000349395,-0.00332016,-0.00355168,6.3116,-4.92186,0.725323,-0.164862,0.0880018,0.791595
8.2,6.28828,6.28495,-4.91536,-4.91125,0.72343,0.724419,-2.33507,-2.34044,0.658781,0.663807,-0.189009,-0.18848,-0.164525,-0.166166,0.0879766,0.0887594,0.791562,0.787608,0.0339292,0.0368952,-0.00281389,-0.000224523,-0.00339289,-0.00361048,6.28828,-4.91536,0.72343,-0.164525,0.0879766,0.791562
8.21,6.2649,6.26144,-4.90868,-4.90452,0.721543,0.722516,-2.34065,-2.34609,0.676539,0.681659,-0.188309,-0.187794,-0.164184,-0.165808,0.0879456,0.0886839,0.791527,0.787592,0.0343458,0.0373251,-0.00339508,-0.000796296,-0.00346415,-0.00366911,6.2649,-4.90868,0.721543,-0.164184,0.0879456,0.791527
8.22,6.24147,6.23786,-4.90183,-4.89761,0.719664,0.720622,-2.34621,-2.35172,0.694272,0.699478,-0.187608,-0.187108,-0.163838,-0.165443,0.0879087,0.0886035,0.791492,0.787576,0.0347583,0.0377503,-0.00397268,-0.00136486,-0.00353394,-0.00372808,6.24147,-4.90183,0.719664,-0.163838,0.0879087,0.791492
8.23,6.21798,6.21424,-4.8948,-4.89051,0.717791,0.718736,-2.35174,-2.35733,0.711976,0.717261,-0.186905,-0.186419,-0.163489,-0.165071,0.0878661,0.0885184,0.791457,0.787561,0.0351667,0.0381716,-0.00454651,-0.00193016,-0.00360227,-0.00378715,6.21798,-4.8948,0.717791,-0.163489,0.0878661,0.791457
8.24,6.19443,6.19056,-4.88759,-4.88324,0.715925,0.716858,-2.35725,-2.36292,0.729653,0.735011,-0.1862,-0.185728,-0.163135,-0.164692,0.0878178,0.0884285,0.79142,0.787546,0.0355712,0.0385887,-0.0051164,-0.002492,-0.00366913,-0.00384653,6.19443,-4.88759,0.715925,-0.163135,0.0878178,0.79142
8.25,6.17083,6.16682,-4.8802,-4.87579,0.714067,0.714989,-2.36274,-2.36849,0.747302,0.752727,-0.185493,-0.185035,-0.162777,-0.164305,0.0877638,0.0883344,0.791383,0.787531,0.0359719,0.0390026,-0.00568217,-0.00304925,-0.00373455,-0.00390603,6.17083,-4.8802,0.714067,-0.162777,0.0877638,0.791383
8.26,6.14718,6.14303,-4.87264,-4.86816,0.712216,0.713129,-2.36821,-2.37403,0.764921,0.770407,-0.184785,-0.18434,-0.162416,-0.163912,0.0877042,0.0882364,0.791346,0.787517,0.0363689,0.039412,-0.00624367,-0.0036018,-0.00379851,-0.00396585,6.14718,-4.87264,0.712216,-0.162416,0.0877042,0.791346
8.27,6.12347,6.11919,-4.8649,-4.86035,0.710371,0.711278,-2.37365,-2.37955,0.78251,0.788051,-0.184075,-0.183643,-0.16205,-0.163512,0.087639,0.0881347,0.791307,0.787503,0.0367624,0.0398172,-0.00680076,-0.00414919,-0.00386103,-0.00402606,6.12347,-4.8649,0.710371,-0.16205,0.087639,0.791307
8.28,6.0997,6.09529,-4.85699,-4.85236,0.708534,0.709436,-2.37907,-2.38506,0.800068,0.805656,-0.183364,-0.182944,-0.16168,-0.163106,0.0875682,0.0880295,0.791269,0.787489,0.0371526,0.0402195,-0.00735328,-0.00469106,-0.00392211,-0.0040863,6.0997,-4.85699,0.708534,-0.16168,0.0875682,0.791269
8.29,6.07589,6.07133,-4.8489,-4.84418,0.706704,0.707603,-2.38447,-2.39053,0.817595,0.823226,-0.182651,-0.182243,-0.161307,-0.162693,0.0874919,0.0879212,0.791229,0.787475,0.0375395,0.0406174,-0.0079011,-0.00522672,-0.00398177,-0.00414693,6.07589,-4.8489,0.706704,-0.161307,0.0874919,0.791229
8.3,6.05201,6.04732,-4.84064,-4.83583,0.704881,0.705779,-2.38984,-2.39599,0.83509,0.840759,-0.181936,-0.181539,-0.16093,-0.162273,0.0874102,0.0878101,0.791189,0.787461,0.0379233,0.0410116,-0.00844409,-0.00575612,-0.00404,-0.0042078,6.05201,-4.84064,0.704881,-0.16093,0.0874102,0.791189
8.31,6.02809,6.02325,-4.8322,-4.8273,0.703065,0.703965,-2.3952,-2.40142,0.852552,0.858254,-0.18122,-0.180832,-0.160548,-0.161848,0.087323,0.0876961,0.791148,0.787447,0.0383042,0.0414025,-0.00898213,-0.00627886,-0.00409681,-0.0042689,6.02809,-4.8322,0.703065,-0.160548,0.087323,0.791148
8.32,6.00411,5.99913,-4.82359,-4.81858,0.701257,0.70216,-2.40053,-2.40683,0.869981,0.875708,-0.180502,-0.180123,-0.160164,-0.161417,0.0872306,0.0875797,0.791107,0.787433,0.0386824,0.0417906,-0.00951511,-0.00679391,-0.00415221,-0.00433022,6.00411,-4.82359,0.701257,-0.160164,0.0872306,0.791107
8.33,5.98008,5.97496,-4.8148,-4.80969,0.699455,0.700364,-2.40584,-2.41221,0.887376,0.893129,-0.179782,-0.179412,-0.159775,-0.16098,0.0871328,0.0874613,0.791065,0.787418,0.0390578,0.0421747,-0.0100429,-0.00730166,-0.00420621,-0.00439163,5.98008,-4.8148,0.699455,-0.159775,0.0871328,0.791065
8.34,5.95599,5.95073,-4.80584,-4.80062,0.697661,0.698578,-2.41112,-2.41757,0.904736,0.910508,-0.179061,-0.178698,-0.159382,-0.160537,0.0870297,0.0873409,0.791023,0.787403,0.0394308,0.0425557,-0.0105655,-0.00780175,-0.00425881,-0.00445315,5.95599,-4.80584,0.697661,-0.159382,0.0870297,0.791023
8.35,5.93186,5.92644,-4.79671,-4.79136,0.695874,0.696801,-2.41639,-2.42291,0.922061,0.927854,-0.178338,-0.177981,-0.158986,-0.160089,0.0869215,0.0872187,0.79098,0.787388,0.0398014,0.0429343,-0.0110826,-0.008293,-0.00431002,-0.00451472,5.93186,-4.79671,0.695874,-0.158986,0.0869215,0.79098
8.36,5.90767,5.9021,-4.7874,-4.78193,0.694094,0.695035,-2.42163,-2.42822,0.93935,0.945157,-0.177613,-0.177261,-0.158586,-0.159637,0.0868081,0.087095,0.790937,0.787372,0.0401698,0.0433089,-0.0115944,-0.00877533,-0.00435985,-0.00457612,5.90767,-4.7874,0.694094,-0.158586,0.0868081,0.790937
8.37,5.88342,5.8777,-4.77792,-4.77232,0.692322,0.693277,-2.42685,-2.43351,0.956603,0.962424,-0.176887,-0.176538,-0.158183,-0.159179,0.0866896,0.0869699,0.790893,0.787355,0.0405362,0.043681,-0.0121006,-0.00924906,-0.00440831,-0.00463741,5.88342,-4.77792,0.692322,-0.158183,0.0866896,0.790893
8.38,5.85913,5.85325,-4.76827,-4.76253,0.690557,0.691529,-2.43205,-2.43877,0.973818,0.979652,-0.176159,-0.175812,-0.157776,-0.158718,0.0865661,0.0868433,0.790848,0.787338,0.0409006,0.0440501,-0.0126012,-0.00971375,-0.0044554,-0.00469851,5.85913,-4.76827,0.690557,-0.157776,0.0865661,0.790848
8.39,5.83478,5.82873,-4.75844,-4.75256,0.688799,0.68979,-2.43723,-2.44401,0.990996,0.996843,-0.17543,-0.175083,-0.157365,-0.158252,0.0864376,0.0867158,0.790804,0.78732,0.0412633,0.0444166,-0.0130962,-0.0101689,-0.00450113,-0.00475921,5.83478,-4.75844,0.688799,-0.157365,0.0864376,0.790804
8.4,5.81038,5.80417,-4.74845,-4.74241,0.687048,0.688061,-2.44239,-2.44922,1.00813,1.01399,-0.174699,-0.174351,-0.15695,-0.157783,0.0863042,0.0865873,0.790758,0.7873,0.0416243,0.0447799,-0.0135855,-0.0106144,-0.00454551,-0.00481938,5.81038,-4.74845,0.687048,-0.15695,0.0863042,0.790758
8.41,5.78593,5.77956,-4.73828,-4.73208,0.685305,0.686341,-2.44752,-2.4544,1.02523,1.03111,-0.173967,-0.173616,-0.156532,-0.15731,0.0861659,0.0864579,0.790713,0.787279,0.0419838,0.0451413,-0.014069,-0.0110509,-0.00458854,-0.00487906,5.78593,-4.73828,0.685305,-0.156532,0.0861659,0.790713
8.42,5.76143,5.75488,-4.72794,-4.72158,0.683569,0.68463,-2.45264,-2.45956,1.0423,1.04818,-0.173233,-0.172877,-0.156111,-0.156834,0.0860228,0.0863277,0.790667,0.787257,0.042342,0.0454999,-0.0145468,-0.0114774,-0.00463025,-0.00493783,5.76143,-4.72794,0.683569,-0.156111,0.0860228,0.790667
8.43,5.73688,5.73015,-4.71744,-4.7109,0.68184,0.682928,-2.45773,-2.46469,1.05932,1.06522,-0.172497,-0.172135,-0.155686,-0.156355,0.085875,0.0861968,0.79062,0.787234,0.042699,0.0458563,-0.0150187,-0.0118944,-0.00467062,-0.0049959,5.73688,-4.71744,0.68184,-0.155686,0.085875,0.79062
8.44,5.71228,5.70537,-4.70676,-4.70004,0.680119,0.681235,-2.4628,-2.4698,1.07629,1.08222,-0.17176,-0.171391,-0.155257,-0.155874,0.0857225,0.0860651,0.790573,0.787209,0.0430549,0.0462102,-0.0154848,-0.0123008,-0.00470968,-0.0050528,5.71228,-4.70676,0.680119,-0.155257,0.0857225,0.790573
8.45,5.68763,5.68053,-4.69591,-4.68901,0.678405,0.679551,-2.46785,-2.47488,1.09323,1.09918,-0.171021,-0.170642,-0.154824,-0.15539,0.0855653,0.0859326,0.790526,0.787182,0.0434099,0.0465613,-0.015945,-0.0126991,-0.00474743,-0.00510876,5.68763,-4.69591,0.678405,-0.154824,0.0855653,0.790526
8.46,5.66292,5.65563,-4.68489,-4.6778,0.676698,0.677874,-2.47288,-2.47993,1.11013,1.1161,-0.170281,-0.169891,-0.154389,-0.154905,0.0854036,0.0857996,0.790478,0.787153,0.0437641,0.0469108,-0.0163993,-0.0130876,-0.00478388,-0.0051633,5.66292,-4.68489,0.676698,-0.154389,0.0854036,0.790478
8.47,5.63817,5.63068,-4.67371,-4.66642,0.674999,0.676206,-2.47789,-2.48496,1.12698,1.13299,-0.169539,-0.169135,-0.153949,-0.154418,0.0852373,0.0856656,0.79043,0.787122,0.0441176,0.0472582,-0.0168477,-0.013467,-0.00481904,-0.00521646,5.63817,-4.67371,0.674999,-0.153949,0.0852373,0.79043
8.48,5.61336,5.60568,-4.66235,-4.65487,0.673307,0.674547,-2.48288,-2.48995,1.14379,1.14983,-0.168796,-0.168377,-0.153506,-0.15393,0.0850667,0.0855311,0.790382,0.787089,0.0444706,0.047603,-0.0172903,-0.0138371,-0.00485292,-0.0052679,5.61336,-4.66235,0.673307,-0.153506,0.0850667,0.790382
8.49,5.58851,5.58062,-4.65083,-4.64315,0.671623,0.672895,-2.48785,-2.49493,1.16056,1.16664,-0.168051,-0.167616,-0.15306,-0.15344,0.0848916,0.0853955,0.790333,0.787054,0.0448231,0.0479463,-0.017727,-0.0141988,-0.00488553,-0.00531772,5.58851,-4.65083,0.671623,-0.15306,0.0848916,0.790333
8.5,5.56361,5.55551,-4.63914,-4.63125,0.669946,0.671251,-2.49279,-2.49987,1.17728,1.1834,-0.167305,-0.166852,-0.15261,-0.15295,0.0847121,0.0852591,0.790284,0.787017,0.0451753,0.0482875,-0.0181578,-0.0145526,-0.00491687,-0.00536548,5.56361,-4.63914,0.669946,-0.15261,0.0847121,0.790284
8.51,5.53866,5.53034,-4.62729,-4.61918,0.668277,0.669614,-2.49772,-2.50479,1.19396,1.20013,-0.166557,-0.166084,-0.152156,-0.152459,0.0845284,0.0851218,0.790235,0.786977,0.0455274,0.0486265,-0.0185828,-0.0148983,-0.00494696,-0.00541127,5.53866,-4.62729,0.668277,-0.152156,0.0845284,0.790235
8.52,5.51365,5.50512,-4.61526,-4.60694,0.666615,0.667985,-2.50262,-2.50968,1.21059,1.21681,-0.165808,-0.165314,-0.151699,-0.151968,0.0843405,0.0849831,0.790185,0.786934,0.0458794,0.0489641,-0.019002,-0.0152371,-0.0049758,-0.00545485,5.51365,-4.61526,0.666615,-0.151699,0.0843405,0.790185
8.53,5.4886,5.47985,-4.60307,-4.59454,0.664961,0.666362,-2.50751,-2.51454,1.22718,1.23346,-0.165057,-0.164541,-0.151239,-0.151476,0.0841484,0.0848433,0.790135,0.786889,0.0462314,0.0492997,-0.0194153,-0.015568,-0.00500342,-0.00549611,5.4886,-4.60307,0.664961,-0.151239,0.0841484,0.790135
8.54,5.4635,5.45453,-4.59072,-4.58196,0.663314,0.664746,-2.51237,-2.51937,1.24372,1.25006,-0.164305,-0.163766,-0.150775,-0.150984,0.0839522,0.084702,0.790085,0.78684,0.0465836,0.0496339,-0.019823,-0.0158936,-0.0050298,-0.00553483,5.4635,-4.59072,0.663314,-0.150775,0.0839522,0.790085
8.55,5.43836,5.42916,-4.5782,-4.56923,0.661675,0.663137,-2.51721,-2.52418,1.26021,1.26661,-0.163551,-0.162987,-0.150307,-0.150492,0.083752,0.0845593,0.790035,0.786789,0.046936,0.0499661,-0.0202249,-0.0162131,-0.00505497,-0.00557098,5.43836,-4.5782,0.661675,-0.150307,0.083752,0.790035
8.56,5.41316,5.40373,-4.56552,-4.55633,0.660043,0.661533,-2.52203,-2.52896,1.27666,1.28313,-0.162796,-0.162206,-0.149836,-0.150001,0.0835477,0.0844147,0.789984,0.786735,0.0472888,0.0502969,-0.0206212,-0.0165272,-0.00507894,-0.00560415,5.41316,-4.56552,0.660043,-0.149836,0.0835477,0.789984
8.57,5.38791,5.37826,-4.55267,-4.54326,0.658419,0.659937,-2.52683,-2.53372,1.29306,1.2996,-0.162039,-0.161424,-0.149361,-0.149509,0.0833396,0.0842682,0.789933,0.786678,0.047642,0.050626,-0.0210118,-0.0168369,-0.00510171,-0.00563461,5.38791,-4.55267,0.658419,-0.149361,0.0833396,0.789933
8.58,5.36262,5.35274,-4.53965,-4.53003,0.656802,0.658345,-2.53161,-2.53844,1.3094,1.31602,-0.161281,-0.160639,-0.148883,-0.149017,0.0831275,0.0841197,0.789882,0.786618,0.0479958,0.0509539,-0.021397,-0.0171423,-0.0051233,-0.00566195,5.36262,-4.53965,0.656802,-0.148883,0.0831275,0.789882
8.59,5.33728,5.32717,-4.52648,-4.51664,0.655193,0.65676,-2.53637,-2.54314,1.3257,1.3324,-0.160522,-0.159853,-0.148401,-0.148525,0.0829116,0.0839688,0.789831,0.786555,0.0483503,0.0512807,-0.0217766,-0.0174444,-0.00514371,-0.00568624,5.33728,-4.52648,0.655193,-0.148401,0.0829116,0.789831
8.6,5.3119,5.30155,-4.51314,-4.50309,0.653592,0.655179,-2.54111,-2.54782,1.34195,1.34873,-0.15976,-0.159065,-0.147916,-0.148033,0.082692,0.0838154,0.789779,0.786489,0.0487054,0.0516058,-0.0221508,-0.0177433,-0.00516296,-0.00570731,5.3119,-4.51314,0.653592,-0.147916,0.082692,0.789779
8.61,5.28646,5.27588,-4.49964,-4.48938,0.651998,0.653604,-2.54583,-2.55246,1.35816,1.36502,-0.158998,-0.158276,-0.147427,-0.147542,0.0824686,0.0836592,0.789728,0.786419,0.0490614,0.0519304,-0.0225197,-0.0180409,-0.00518106,-0.00572503,5.28646,-4.49964,0.651998,-0.147427,0.0824686,0.789728
8.62,5.26098,5.25017,-4.48598,-4.47551,0.650412,0.652035,-2.55053,-2.55708,1.3743,1.38125,-0.158234,-0.157486,-0.146935,-0.147049,0.0822416,0.0835001,0.789676,0.786347,0.0494182,0.0522532,-0.0228833,-0.0183366,-0.00519801,-0.00573939,5.26098,-4.48598,0.650412,-0.146935,0.0822416,0.789676
8.63,5.23545,5.22441,-4.47215,-4.46149,0.648834,0.65047,-2.55521,-2.56167,1.3904,1.39743,-0.157469,-0.156695,-0.146439,-0.146557,0.082011,0.0833376,0.789624,0.786272,0.049776,0.0525757,-0.0232417,-0.0186313,-0.00521383,-0.00575048,5.23545,-4.47215,0.648834,-0.146439,0.082011,0.789624
8.64,5.20987,5.1986,-4.45817,-4.44731,0.647263,0.648911,-2.55987,-2.56624,1.40645,1.41357,-0.156702,-0.155903,-0.145939,-0.146064,0.0817768,0.0831719,0.789571,0.786194,0.0501348,0.052897,-0.023595,-0.018925,-0.00522853,-0.00575791,5.20987,-4.45817,0.647263,-0.145939,0.0817768,0.789571
8.65,5.18425,5.17276,-4.44403,-4.43297,0.645699,0.647356,-2.5645,-2.57078,1.42244,1.42965,-0.155934,-0.155112,-0.145436,-0.14557,0.0815391,0.0830024,0.789519,0.786113,0.0504947,0.0532178,-0.0239433,-0.0192192,-0.00524212,-0.00576195,5.18425,-4.44403,0.645699,-0.145436,0.0815391,0.789519
8.66,5.15858,5.14686,-4.42972,-4.41848,0.644144,0.645807,-2.56912,-2.5753,1.43839,1.44568,-0.155164,-0.15432,-0.144929,-0.145074,0.081298,0.0828289,0.789467,0.786029,0.0508557,0.0535377,-0.0242866,-0.0195134,-0.00525461,-0.00576256,5.15858,-4.42972,0.644144,-0.144929,0.081298,0.789467
8.67,5.13287,5.12092,-4.41526,-4.40383,0.642596,0.644262,-2.57372,-2.57978,1.45427,1.46165,-0.154393,-0.153529,-0.144419,-0.144578,0.0810534,0.0826512,0.789414,0.785943,0.0512179,0.0538568,-0.0246251,-0.0198088,-0.00526601,-0.0057597,5.13287,-4.41526,0.642596,-0.144419,0.0810534,0.789414
8.68,5.10711,5.09494,-4.40064,-4.38903,0.641056,0.642722,-2.57829,-2.58425,1.47011,1.47758,-0.153621,-0.152737,-0.143905,-0.14408,0.0808055,0.0824691,0.789361,0.785855,0.0515814,0.0541767,-0.0249589,-0.0201059,-0.00527633,-0.00575337,5.10711,-4.40064,0.641056,-0.143905,0.0808055,0.789361
8.69,5.0813,5.06892,-4.38586,-4.37408,0.639524,0.641188,-2.58285,-2.58868,1.48589,1.49344,-0.152847,-0.151947,-0.143387,-0.14358,0.0805542,0.0822821,0.789308,0.785765,0.0519461,0.0544952,-0.0252881,-0.0204045,-0.00528559,-0.0057437,5.0813,-4.38586,0.639524,-0.143387,0.0805542,0.789308
8.7,5.05545,5.04285,-4.37092,-4.35898,0.637999,0.639658,-2.58738,-2.59309,1.50162,1.50925,-0.152072,-0.151157,-0.142866,-0.143078,0.0802997,0.0820903,0.789255,0.785672,0.0523123,0.0548142,-0.0256127,-0.020705,-0.00529379,-0.00573072,5.05545,-4.37092,0.637999,-0.142866,0.0802997,0.789255
8.71,5.02956,5.01674,-4.35582,-4.34372,0.636482,0.638134,-2.59189,-2.59748,1.51729,1.52501,-0.151296,-0.150368,-0.142341,-0.142573,0.080042,0.0818933,0.789203,0.785579,0.0526797,0.0551331,-0.0259328,-0.021008,-0.00530094,-0.00571454,5.02956,-4.35582,0.636482,-0.142341,0.080042,0.789203
8.72,5.00362,4.99059,-4.34057,-4.32831,0.634973,0.636615,-2.59639,-2.60184,1.5329,1.54071,-0.150518,-0.149581,-0.141812,-0.142066,0.0797811,0.0816907,0.78915,0.785484,0.0530486,0.0554526,-0.0262487,-0.021313,-0.00530706,-0.00569519,5.00362,-4.34057,0.634973,-0.141812,0.0797811,0.78915
8.73,4.97763,4.9644,-4.32517,-4.31274,0.633472,0.635103,-2.60086,-2.60617,1.54846,1.55635,-0.149739,-0.148794,-0.14128,-0.141555,0.079517,0.0814824,0.789096,0.785388,0.0534189,0.0557723,-0.0265603,-0.0216213,-0.00531216,-0.00567283,4.97763,-4.32517,0.633472,-0.14128,0.079517,0.789096
8.74,4.9516,4.93816,-4.3096,-4.29703,0.631979,0.633596,-2.60531,-2.61048,1.56396,1.57193,-0.148958,-0.148009,-0.140744,-0.141041,0.0792499,0.0812682,0.789043,0.785291,0.0537907,0.0560923,-0.0268678,-0.0219318,-0.00531624,-0.00564772,4.9516,-4.3096,0.631979,-0.140744,0.0792499,0.789043
8.75,4.92552,4.91188,-4.29389,-4.28116,0.630493,0.632095,-2.60974,-2.61477,1.57941,1.58746,-0.148176,-0.147226,-0.140204,-0.140522,0.0789797,0.081048,0.78899,0.785194,0.0541639,0.0564135,-0.0271713,-0.022245,-0.00531933,-0.00561981,4.92552,-4.29389,0.630493,-0.140204,0.0789797,0.78899
8.76,4.8994,4.88556,-4.27802,-4.26514,0.629015,0.630601,-2.61415,-2.61903,1.5948,1.60293,-0.147393,-0.146443,-0.139661,-0.14,0.0787065,0.0808213,0.788937,0.785098,0.0545386,0.0567354,-0.0274709,-0.022561,-0.00532142,-0.0055895,4.8994,-4.27802,0.629015,-0.139661,0.0787065,0.788937
8.77,4.87324,4.85921,-4.26199,-4.24897,0.627545,0.629113,-2.61854,-2.62326,1.61013,1.61834,-0.146608,-0.145663,-0.139114,-0.139473,0.0784303,0.0805879,0.788884,0.785001,0.0549149,0.0570581,-0.0277668,-0.0228797,-0.00532254,-0.00555672,4.87324,-4.26199,0.627545,-0.139114,0.0784303,0.788884
8.78,4.84703,4.83281,-4.24581,-4.23265,0.626083,0.627633,-2.62291,-2.62748,1.6254,1.63369,-0.145822,-0.144884,-0.138563,-0.138942,0.0781512,0.0803481,0.78883,0.784906,0.0552926,0.0573823,-0.028059,-0.0232004,-0.0053227,-0.00552182,4.84703,-4.24581,0.626083,-0.138563,0.0781512,0.78883
8.79,4.82078,4.80636,-4.22948,-4.21617,0.624629,0.62616,-2.62726,-2.63166,1.64061,1.64898,-0.145035,-0.144106,-0.138008,-0.138405,0.0778691,0.0801014,0.788777,0.784812,0.0556718,0.0577079,-0.0283477,-0.0235234,-0.0053219,-0.00548498,4.82078,-4.22948,0.624629,-0.138008,0.0778691,0.788777
8.8,4.79449,4.77988,-4.213,-4.19954,0.623182,0.624694,-2.63158,-2.63583,1.65576,1.66421,-0.144247,-0.143329,-0.137449,-0.137863,0.0775842,0.0798476,0.788724,0.784719,0.0560526,0.0580347,-0.028633,-0.023848,-0.00532016,-0.00544645,4.79449,-4.213,0.623182,-0.137449,0.0775842,0.788724
8.81,4.76815,4.75336,-4.19637,-4.18275,0.621744,0.623237,-2.63589,-2.63997,1.67086,1.67938,-0.143457,-0.142554,-0.136887,-0.137316,0.0772965,0.0795867,0.788671,0.784628,0.0564348,0.0583634,-0.028915,-0.0241749,-0.00531748,-0.00540654,4.76815,-4.19637,0.621744,-0.136887,0.0772965,0.788671
8.82,4.74177,4.72679,-4.17958,-4.16582,0.620313,0.621789,-2.64017,-2.64409,1.68589,1.6945,-0.142666,-0.141781,-0.13632,-0.136762,0.0770059,0.0793186,0.788618,0.78454,0.0568186,0.0586938,-0.0291938,-0.0245025,-0.00531389,-0.00536506,4.74177,-4.17958,0.620313,-0.13632,0.0770059,0.788618
8.83,4.71535,4.70018,-4.16265,-4.14873,0.61889,0.620349,-2.64443,-2.64818,1.70086,1.70955,-0.141874,-0.141008,-0.13575,-0.136203,0.0767126,0.0790434,0.788565,0.784454,0.0572038,0.0590259,-0.0294695,-0.0248313,-0.00530939,-0.00532269,4.71535,-4.16265,0.61889,-0.13575,0.0767126,0.788565
8.84,4.68888,4.67354,-4.14557,-4.13149,0.617476,0.618918,-2.64867,-2.65225,1.71577,1.72455,-0.14108,-0.140236,-0.135176,-0.135638,0.0764165,0.0787608,0.788511,0.784371,0.0575904,0.0593602,-0.0297423,-0.0251608,-0.00530399,-0.00527954,4.68888,-4.14557,0.617476,-0.135176,0.0764165,0.788511
8.85,4.66237,4.64685,-4.12834,-4.11409,0.616069,0.617497,-2.65289,-2.6563,1.73062,1.73948,-0.140285,-0.139465,-0.134598,-0.135066,0.0761178,0.0784708,0.788458,0.784292,0.0579785,0.0596964,-0.0300122,-0.0254899,-0.00529771,-0.00523584,4.66237,-4.12834,0.616069,-0.134598,0.0761178,0.788458
8.86,4.63582,4.62012,-4.11096,-4.09654,0.61467,0.616085,-2.65709,-2.66032,1.74541,1.75435,-0.139489,-0.138694,-0.134017,-0.134489,0.0758163,0.0781739,0.788406,0.784216,0.058368,0.0600352,-0.0302795,-0.0258184,-0.00529056,-0.00519176,4.63582,-4.11096,0.61467,-0.134017,0.0758163,0.788406
8.87,4.60923,4.59335,-4.09343,-4.07884,0.613279,0.614684,-2.66127,-2.66433,1.76013,1.76917,-0.138691,-0.137924,-0.133431,-0.133904,0.0755122,0.0778695,0.788353,0.784145,0.0587589,0.0603754,-0.0305441,-0.0261471,-0.00528254,-0.00514758,4.60923,-4.09343,0.613279,-0.133431,0.0755122,0.788353
8.88,4.5826,4.56654,-4.07575,-4.06098,0.611896,0.613293,-2.66543,-2.66831,1.77479,1.78392,-0.137893,-0.137154,-0.132842,-0.133314,0.0752054,0.0775581,0.7883,0.784077,0.0591511,0.0607178,-0.0308063,-0.0264742,-0.00527367,-0.00510351,4.5826,-4.07575,0.611896,-0.132842,0.0752054,0.7883
8.89,4.55592,4.53968,-4.05793,-4.04297,0.610521,0.611912,-2.66956,-2.67227,1.78939,1.79861,-0.137093,-0.136383,-0.132248,-0.132717,0.0748961,0.0772396,0.788247,0.784014,0.0595446,0.0610629,-0.0310662,-0.0267997,-0.00526397,-0.00505979,4.55592,-4.05793,0.610521,-0.132248,0.0748961,0.788247
8.9,4.52921,4.51279,-4.03997,-4.02481,0.609154,0.610543,-2.67367,-2.6762,1.80392,1.81324,-0.136292,-0.135613,-0.131651,-0.132113,0.0745841,0.0769142,0.788195,0.783956,0.0599394,0.0614094,-0.0313237,-0.0271227,-0.00525344,-0.00501657,4.52921,-4.03997,0.609154,-0.131651,0.0745841,0.788195
8.91,4.50245,4.48586,-4.02185,-4.0065,0.607795,0.609185,-2.67776,-2.68012,1.81839,1.82781,-0.135489,-0.134842,-0.131049,-0.131503,0.0742696,0.0765822,0.788142,0.783903,0.0603353,0.0617587,-0.0315792,-0.0274428,-0.0052421,-0.00497404,4.50245,-4.02185,0.607795,-0.131049,0.0742696,0.788142
8.92,4.47565,4.45889,-4.0036,-3.98803,0.606444,0.607838,-2.68183,-2.68401,1.83279,1.84231,-0.134686,-0.13407,-0.130444,-0.130887,0.0739525,0.0762434,0.78809,0.783854,0.0607325,0.0621103,-0.0318326,-0.0277608,-0.00522995,-0.00493242,4.47565,-4.0036,0.606444,-0.130444,0.0739525,0.78809
8.93,4.44881,4.43188,-3.9852,-3.96942,0.605102,0.606502,-2.68588,-2.68789,1.84713,1.85675,-0.133881,-0.133297,-0.129835,-0.130265,0.0736329,0.0758984,0.788038,0.78381,0.0611307,0.062463,-0.0320842,-0.0280749,-0.00521701,-0.00489187,4.44881,-3.9852,0.605102,-0.129835,0.0736329,0.788038
8.94,4.42193,4.40483,-3.96666,-3.95065,0.603767,0.605178,-2.6899,-2.69174,1.8614,1.87112,-0.133075,-0.132523,-0.129221,-0.129636,0.0733109,0.075547,0.787985,0.783772,0.0615301,0.0628179,-0.0323339,-0.0283855,-0.0052033,-0.00485255,4.42193,-3.96666,0.603767,-0.129221,0.0733109,0.787985
8.95,4.39502,4.37774,-3.94797,-3.93174,0.60244,0.603866,-2.6939,-2.69557,1.87561,1.88543,-0.132268,-0.131747,-0.128604,-0.129002,0.0729863,0.07519,0.787933,0.783739,0.0619304,0.0631741,-0.032582,-0.0286922,-0.00518881,-0.00481452,4.39502,-3.94797,0.60244,-0.128604,0.0729863,0.787933
8.96,4.36806,4.35061,-3.92914,-3.91267,0.601121,0.602565,-2.69788,-2.69938,1.88974,1.89968,-0.131459,-0.13097,-0.127983,-0.128361,0.0726592,0.0748269,0.787882,0.783711,0.0623317,0.0635322,-0.0328284,-0.0289947,-0.00517357,-0.00477795,4.36806,-3.92914,0.601121,-0.127983,0.0726592,0.787882
8.97,4.34106,4.32344,-3.91018,-3.89347,0.599811,0.601277,-2.70184,-2.70317,1.90382,1.91385,-0.13065,-0.130191,-0.127357,-0.127715,0.0723297,0.0744587,0.78783,0.783688,0.0627338,0.063891,-0.0330734,-0.0292928,-0.00515759,-0.00474276,4.34106,-3.91018,0.599811,-0.127357,0.0723297,0.78783
8.98,4.31402,4.29624,-3.89107,-3.87411,0.598508,0.6,-2.70577,-2.70694,1.91782,1.92796,-0.129839,-0.129409,-0.126728,-0.127063,0.0719978,0.0740851,0.787778,0.78367,0.0631368,0.064251,-0.033317,-0.0295853,-0.00514088,-0.00470932,4.31402,-3.89107,0.598508,-0.126728,0.0719978,0.787778
8.99,4.28694,4.269,-3.87182,-3.85461,0.597214,0.598734,-2.70969,-2.71069,1.93175,1.942,-0.129027,-0.128626,-0.126095,-0.126406,0.0716634,0.0737068,0.787727,0.783656,0.0635405,0.0646119,-0.0335593,-0.0298733,-0.00512344,-0.0046778,4.28694,-3.87182,0.597214,-0.126095,0.0716634,0.787727
9,4.25983,4.24172,-3.85243,-3.83497,0.595928,0.59748,-2.71358,-2.71442,1.94562,1.95597,-0.128214,-0.12784,-0.125457,-0.125743,0.0713266,0.0733238,0.787676,0.783648,0.0639449,0.0649731,-0.0338004,-0.0301568,-0.00510529,-0.00464775,4.25983,-3.85243,0.595928,-0.125457,0.0713266,0.787676
9.01,4.23267,4.2144,-3.83291,-3.81518,0.59465,0.596238,-2.71744,-2.71813,1.95942,1.96987,-0.1274,-0.127052,-0.124816,-0.125074,0.0709874,0.0729365,0.787625,0.783643,0.0643499,0.0653345,-0.0340405,-0.0304346,-0.00508645,-0.00461963,4.23267,-3.83291,0.59465,-0.124816,0.0709874,0.787625
9.02,4.20548,4.18705,-3.81324,-3.79526,0.59338,0.595008,-2.72129,-2.72182,1.97315,1.98369,-0.126584,-0.126261,-0.12417,-0.124401,0.0706458,0.0725452,0.787574,0.783643,0.0647555,0.0656954,-0.0342795,-0.030708,-0.00506693,-0.00459301,4.20548,-3.81324,0.59338,-0.12417,0.0706458,0.787574
9.03,4.17825,4.15966,-3.79344,-3.7752,0.592118,0.593788,-2.72511,-2.72549,1.9868,1.99744,-0.125768,-0.125467,-0.123521,-0.123723,0.0703018,0.0721501,0.787524,0.783647,0.0651615,0.0660563,-0.0345176,-0.0309758,-0.00504673,-0.00456831,4.17825,-3.79344,0.592118,-0.123521,0.0703018,0.787524
9.04,4.15098,4.13224,-3.77351,-3.75499,0.590865,0.59258,-2.7289,-2.72914,2.00039,2.01112,-0.12495,-0.124671,-0.122867,-0.12304,0.0699554,0.0717517,0.787473,0.783655,0.0655679,0.0664167,-0.0347549,-0.0312383,-0.00502586,-0.00454517,4.15098,-3.77351,0.590865,-0.122867,0.0699554,0.787473
9.05,4.12367,4.10478,-3.75344,-3.73466,0.589619,0.591382,-2.73268,-2.73278,2.01391,2.02472,-0.124131,-0.123872,-0.122209,-0.122353,0.0696067,0.07135,0.787423,0.783666,0.0659745,0.0667759,-0.0349915,-0.0314975,-0.00500435,-0.00452363,4.12367,-3.75344,0.589619,-0.122209,0.0696067,0.787423
9.06,4.09632,4.07728,-3.73323,-3.71418,0.588382,0.590195,-2.73643,-2.73639,2.02735,2.03824,-0.123311,-0.123069,-0.121547,-0.121661,0.0692556,0.0709455,0.787373,0.78368,0.0663814,0.0671329,-0.0352274,-0.0317515,-0.0049822,-0.00450373,4.09632,-3.73323,0.588382,-0.121547,0.0692556,0.787373
9.07,4.06894,4.04976,-3.71289,-3.69358,0.587153,0.589019,-2.74016,-2.73998,2.04073,2.05169,-0.12249,-0.122264,-0.120882,-0.120964,0.0689021,0.0705384,0.787324,0.783697,0.0667884,0.0674888,-0.0354627,-0.0320008,-0.00495942,-0.00448525,4.06894,-3.71289,0.587153,-0.120882,0.0689021,0.787324
9.08,4.04152,4.02219,-3.69242,-3.67285,0.585932,0.587852,-2.74386,-2.74355,2.05403,2.06506,-0.121668,-0.121457,-0.120212,-0.120263,0.0685463,0.070129,0.787274,0.783716,0.0671955,0.0678424,-0.0356976,-0.0322471,-0.00493603,-0.00446823,4.04152,-3.69242,0.585932,-0.120212,0.0685463,0.787274
9.09,4.01406,3.9946,-3.67181,-3.65198,0.58472,0.586696,-2.74754,-2.7471,2.06726,2.07834,-0.120845,-0.120645,-0.119538,-0.119558,0.0681882,0.0697175,0.787225,0.783737,0.0676025,0.0681936,-0.0359319,-0.0324886,-0.00491203,-0.0044522,4.01406,-3.67181,0.58472,-0.119538,0.0681882,0.787225
9.1,3.98657,3.96696,-3.65107,-3.63099,0.583515,0.585549,-2.7512,-2.75064,2.08041,2.09155,-0.120021,-0.119831,-0.11886,-0.118849,0.0678277,0.0693042,0.787176,0.783759,0.0680094,0.068542,-0.036166,-0.0327276,-0.00488743,-0.00443763,3.98657,-3.65107,0.583515,-0.11886,0.0678277,0.787176
9.11,3.95904,3.9393,-3.6302,-3.60987,0.582319,0.584411,-2.75483,-2.75415,2.09349,2.10467,-0.119195,-0.119015,-0.118178,-0.118135,0.0674649,0.0688892,0.787127,0.783783,0.068416,0.0688874,-0.0363997,-0.0329638,-0.00486226,-0.00442396,3.95904,-3.6302,0.582319,-0.118178,0.0674649,0.787127
9.12,3.93147,3.9116,-3.6092,-3.58862,0.581131,0.583282,-2.75844,-2.75764,2.1065,2.11771,-0.118369,-0.118195,-0.117491,-0.117417,0.0670997,0.0684729,0.787079,0.783807,0.0688224,0.0692302,-0.0366332,-0.0331966,-0.00483652,-0.004411,3.93147,-3.6092,0.581131,-0.117491,0.0670997,0.787079
9.13,3.90387,3.88387,-3.58807,-3.56725,0.579952,0.582162,-2.76202,-2.76112,2.11943,2.13067,-0.117542,-0.117372,-0.116801,-0.116696,0.0667322,0.0680554,0.78703,0.783832,0.0692283,0.0695686,-0.0368665,-0.0334282,-0.00481022,-0.00439857,3.90387,-3.58807,0.579952,-0.116801,0.0667322,0.78703
9.14,3.87623,3.8561,-3.56681,-3.54576,0.57878,0.58105,-2.76558,-2.76457,2.13229,2.14355,-0.116713,-0.116547,-0.116107,-0.11597,0.0663624,0.0676371,0.786982,0.783856,0.0696338,0.0699039,-0.0370997,-0.0336572,-0.00478337,-0.00438666,3.87623,-3.56681,0.57878,-0.116107,0.0663624,0.786982
9.15,3.84856,3.8283,-3.54543,-3.52414,0.577617,0.579947,-2.76912,-2.768,2.14507,2.15634,-0.115883,-0.115719,-0.115408,-0.11524,0.0659902,0.0672179,0.786935,0.78388,0.0700387,0.0702346,-0.0373328,-0.0338858,-0.00475599,-0.00437512,3.84856,-3.54543,0.577617,-0.115408,0.0659902,0.786935
9.16,3.82085,3.80047,-3.52391,-3.50241,0.576463,0.578851,-2.77263,-2.77141,2.15778,2.16904,-0.115053,-0.114889,-0.114706,-0.114507,0.0656157,0.066798,0.786887,0.783903,0.0704429,0.0705615,-0.0375659,-0.0341135,-0.00472808,-0.00436352,3.82085,-3.52391,0.576463,-0.114706,0.0656157,0.786887
9.17,3.79311,3.7726,-3.50227,-3.48055,0.575316,0.577762,-2.77611,-2.7748,2.17041,2.18167,-0.114221,-0.114056,-0.114,-0.113769,0.0652389,0.0663777,0.78684,0.783925,0.0708463,0.0708846,-0.037799,-0.034342,-0.00469966,-0.00435185,3.79311,-3.50227,0.575316,-0.114,0.0652389,0.78684
9.18,3.76533,3.7447,-3.4805,-3.45858,0.574178,0.576681,-2.77958,-2.77816,2.18296,2.1942,-0.113388,-0.11322,-0.113289,-0.113028,0.0648597,0.0659571,0.786793,0.783945,0.0712489,0.0712035,-0.0380322,-0.0345706,-0.00467074,-0.00434008,3.76533,-3.4805,0.574178,-0.113289,0.0648597,0.786793
9.19,3.73751,3.71676,-3.45861,-3.43649,0.573049,0.575607,-2.78301,-2.78151,2.19544,2.20665,-0.112554,-0.112383,-0.112575,-0.112282,0.0644783,0.0655364,0.786747,0.783963,0.0716506,0.0715174,-0.0382655,-0.0347991,-0.00464133,-0.0043276,3.73751,-3.45861,0.573049,-0.112575,0.0644783,0.786747
9.2,3.70967,3.68879,-3.4366,-3.41429,0.571927,0.574539,-2.78643,-2.78483,2.20784,2.21901,-0.11172,-0.111543,-0.111856,-0.111532,0.0640944,0.0651153,0.7867,0.783979,0.0720511,0.071827,-0.038499,-0.0350299,-0.00461143,-0.0043146,3.70967,-3.4366,0.571927,-0.111856,0.0640944,0.7867
9.21,3.68179,3.66079,-3.41446,-3.39197,0.570814,0.573478,-2.78981,-2.78813,2.22016,2.23129,-0.110884,-0.110701,-0.111134,-0.110779,0.0637083,0.0646945,0.786655,0.783992,0.0724506,0.0721324,-0.0387326,-0.0352625,-0.00458107,-0.00430074,3.68179,-3.41446,0.570814,-0.111134,0.0637083,0.786655
9.22,3.65387,3.63275,-3.39219,-3.36953,0.56971,0.572423,-2.79318,-2.79141,2.2324,2.24348,-0.110047,-0.109856,-0.110407,-0.110021,0.0633198,0.0642737,0.786609,0.784002,0.0728488,0.0724332,-0.0389664,-0.0354973,-0.00455025,-0.00428569,3.65387,-3.39219,0.56971,-0.110407,0.0633198,0.786609
9.23,3.62592,3.60468,-3.36981,-3.34698,0.568613,0.571374,-2.79651,-2.79467,2.24456,2.25559,-0.109209,-0.109011,-0.109677,-0.10926,0.0629289,0.0638531,0.786564,0.784009,0.0732457,0.0727297,-0.0392005,-0.0357344,-0.00451899,-0.00426953,3.62592,-3.36981,0.568613,-0.109677,0.0629289,0.786564
9.24,3.59794,3.57657,-3.3473,-3.32432,0.567525,0.570331,-2.79983,-2.7979,2.25665,2.2676,-0.108371,-0.108163,-0.108942,-0.108495,0.0625358,0.0634325,0.786518,0.784012,0.0736412,0.0730212,-0.0394348,-0.035974,-0.00448729,-0.00425199,3.59794,-3.3473,0.567525,-0.108942,0.0625358,0.786518
9.25,3.56993,3.54843,-3.32468,-3.30154,0.566446,0.569293,-2.80311,-2.80111,2.26865,2.27954,-0.107531,-0.107313,-0.108204,-0.107725,0.0621402,0.0630124,0.786474,0.784011,0.0740351,0.0733099,-0.0396694,-0.0362181,-0.00445516,-0.00423276,3.56993,-3.32468,0.566446,-0.108204,0.0621402,0.786474
9.26,3.54188,3.52026,-3.30193,-3.27865,0.565375,0.568261,-2.80638,-2.80429,2.28058,2.29138,-0.10669,-0.106461,-0.107461,-0.106952,0.0617424,0.0625926,0.786429,0.784007,0.0744275,0.0735938,-0.0399043,-0.0364649,-0.00442262,-0.00421187,3.54188,-3.30193,0.565375,-0.107461,0.0617424,0.786429
9.27,3.5138,3.49205,-3.27906,-3.25565,0.564312,0.567234,-2.80961,-2.80745,2.29242,2.30314,-0.105849,-0.105609,-0.106715,-0.106174,0.0613422,0.0621729,0.786385,0.783999,0.0748182,0.0738746,-0.0401394,-0.0367159,-0.00438968,-0.00418916,3.5138,-3.27906,0.564312,-0.106715,0.0613422,0.786385
9.28,3.48569,3.46381,-3.25608,-3.23254,0.563258,0.566213,-2.81282,-2.81059,2.30418,2.31482,-0.105006,-0.104754,-0.105965,-0.105393,0.0609396,0.0617537,0.786342,0.783986,0.0752071,0.0741512,-0.0403749,-0.0369715,-0.00435635,-0.00416446,3.48569,-3.25608,0.563258,-0.105965,0.0609396,0.786342
9.29,3.45754,3.43553,-3.23298,-3.20931,0.562212,0.565197,-2.81601,-2.8137,2.31586,2.32641,-0.104163,-0.103898,-0.105211,-0.104608,0.0605347,0.0613346,0.786298,0.783969,0.0755941,0.0744252,-0.0406107,-0.0372313,-0.00432263,-0.00413764,3.45754,-3.23298,0.562212,-0.105211,0.0605347,0.786298
9.3,3.42937,3.40722,-3.20976,-3.18598,0.561175,0.564185,-2.81917,-2.81678,2.32746,2.33791,-0.103318,-0.103041,-0.104453,-0.103819,0.0601274,0.0609159,0.786255,0.783947,0.0759792,0.0746957,-0.0408468,-0.0374962,-0.00428854,-0.00410874,3.42937,-3.20976,0.561175,-0.104453,0.0601274,0.786255
9.31,3.40116,3.37888,-3.18643,-3.16253,0.560146,0.56318,-2.8223,-2.81984,2.33898,2.34933,-0.102473,-0.102182,-0.103692,-0.103025,0.0597177,0.0604972,0.786212,0.783922,0.0763623,0.0749637,-0.0410832,-0.037765,-0.00425409,-0.00407749,3.40116,-3.18643,0.560146,-0.103692,0.0597177,0.786212
9.32,3.37292,3.3505,-3.16298,-3.13898,0.559125,0.562179,-2.82541,-2.82288,2.35041,2.36066,-0.101626,-0.101322,-0.102926,-0.102229,0.0593057,0.0600791,0.78617,0.783891,0.0767432,0.0752292,-0.0413199,-0.0380387,-0.00421929,-0.00404389,3.37292,-3.16298,0.559125,-0.102926,0.0593057,0.78617
9.33,3.34465,3.32209,-3.13942,-3.11531,0.558113,0.561183,-2.82849,-2.82588,2.36176,2.37191,-0.100779,-0.100461,-0.102157,-0.101428,0.0588913,0.0596608,0.786128,0.783856,0.0771219,0.0754926,-0.0415569,-0.0383176,-0.00418416,-0.00400789,3.34465,-3.13942,0.558113,-0.102157,0.0588913,0.786128
9.34,3.31635,3.29365,-3.11575,-3.09154,0.55711,0.560193,-2.83154,-2.82887,2.37302,2.38308,-0.0999309,-0.0995983,-0.101384,-0.100624,0.0584746,0.0592428,0.786086,0.783817,0.0774983,0.0757546,-0.0417942,-0.0386007,-0.00414869,-0.00396948,3.31635,-3.11575,0.55711,-0.101384,0.0584746,0.786086
9.35,3.28802,3.26518,-3.09196,-3.06765,0.556114,0.559208,-2.83457,-2.83182,2.38421,2.39416,-0.0990819,-0.0987346,-0.100607,-0.099816,0.0580554,0.0588247,0.786045,0.783774,0.0778723,0.0760138,-0.0420318,-0.0388885,-0.0041129,-0.00392863,3.28802,-3.09196,0.556114,-0.100607,0.0580554,0.786045
9.36,3.25966,3.23667,-3.06807,-3.04366,0.555128,0.558228,-2.83757,-2.83475,2.3953,2.40515,-0.0982319,-0.0978703,-0.0998261,-0.0990046,0.0576339,0.0584065,0.786004,0.783726,0.0782439,0.0762732,-0.0422697,-0.0391802,-0.0040768,-0.0038854,3.25966,-3.06807,0.555128,-0.0998261,0.0576339,0.786004
9.37,3.23127,3.20813,-3.04406,-3.01955,0.55415,0.557254,-2.84055,-2.83765,2.40632,2.41607,-0.0973811,-0.0970045,-0.0990418,-0.0981898,0.05721,0.0579881,0.785964,0.783674,0.0786129,0.0765318,-0.0425078,-0.0394766,-0.00404041,-0.00383967,3.23127,-3.04406,0.55415,-0.0990418,0.05721,0.785964
9.38,3.20285,3.17956,-3.01994,-2.99534,0.55318,0.556285,-2.8435,-2.84052,2.41724,2.4269,-0.0965294,-0.0961374,-0.0982539,-0.0973716,0.0567838,0.0575693,0.785923,0.783619,0.0789793,0.0767898,-0.0427461,-0.0397762,-0.00400372,-0.00379172,3.20285,-3.01994,0.55318,-0.0982539,0.0567838,0.785923
9.39,3.1744,3.15096,-2.99571,-2.97102,0.552219,0.555322,-2.84642,-2.84337,2.42808,2.43764,-0.0956768,-0.0952695,-0.0974622,-0.0965503,0.0563551,0.0571501,0.785883,0.78356,0.0793431,0.0770478,-0.0429846,-0.0400802,-0.00396676,-0.00374131,3.1744,-2.99571,0.552219,-0.0974622,0.0563551,0.785883
9.4,3.14592,3.12233,-2.97138,-2.94659,0.551267,0.554365,-2.84932,-2.84618,2.43884,2.4483,-0.0948234,-0.0944002,-0.096667,-0.0957258,0.0559241,0.0567304,0.785844,0.783497,0.079704,0.0773056,-0.0432233,-0.0403873,-0.00392953,-0.0036889,3.14592,-2.97138,0.551267,-0.096667,0.0559241,0.785844
9.41,3.11741,3.09367,-2.94694,-2.92206,0.550323,0.553415,-2.85219,-2.84897,2.44951,2.45888,-0.0939691,-0.0935303,-0.0958682,-0.0948985,0.0554907,0.05631,0.785805,0.783432,0.0800622,0.0775639,-0.0434621,-0.0406974,-0.00389204,-0.00363417,3.11741,-2.94694,0.550323,-0.0958682,0.0554907,0.785805
9.42,3.08888,3.06499,-2.92239,-2.89741,0.549387,0.552471,-2.85503,-2.85173,2.46009,2.46937,-0.093114,-0.0926589,-0.0950658,-0.0940682,0.0550548,0.0558887,0.785766,0.783363,0.0804174,0.0778225,-0.0437011,-0.04101,-0.0038543,-0.00357737,3.08888,-2.92239,0.549387,-0.0950658,0.0550548,0.785766
9.43,3.06031,3.03627,-2.89774,-2.87266,0.548461,0.551533,-2.85785,-2.85447,2.47058,2.47978,-0.092258,-0.091787,-0.0942598,-0.0932349,0.0546166,0.0554665,0.785728,0.783292,0.0807697,0.0780822,-0.0439401,-0.0413249,-0.00381632,-0.00351875,3.06031,-2.89774,0.548461,-0.0942598,0.0546166,0.785728
9.44,3.03172,3.00753,-2.87298,-2.84781,0.547542,0.550602,-2.86064,-2.85717,2.48099,2.4901,-0.0914012,-0.0909139,-0.0934504,-0.0923994,0.054176,0.0550431,0.78569,0.783219,0.0811189,0.078343,-0.0441792,-0.0416419,-0.00377811,-0.00345857,3.03172,-2.87298,0.547542,-0.0934504,0.054176,0.78569
9.45,3.0031,2.97876,-2.84812,-2.82285,0.546633,0.549678,-2.8634,-2.85985,2.4913,2.50034,-0.0905436,-0.0900397,-0.0926375,-0.0915612,0.0537331,0.0546185,0.785652,0.783144,0.081465,0.078605,-0.0444182,-0.0419603,-0.00373968,-0.00339667,3.0031,-2.84812,0.546633,-0.0926375,0.0537331,0.785652
9.46,2.97445,2.94997,-2.82315,-2.79778,0.545731,0.548762,-2.86614,-2.86249,2.50153,2.51049,-0.0896851,-0.0891648,-0.0918211,-0.0907209,0.0532877,0.0541923,0.785615,0.783068,0.0818079,0.07887,-0.0446572,-0.042279,-0.00370104,-0.00333345,2.97445,-2.82315,0.545731,-0.0918211,0.0532877,0.785615
9.47,2.94578,2.92115,-2.79809,-2.77261,0.544839,0.547853,-2.86885,-2.86511,2.51167,2.52056,-0.0888259,-0.0882889,-0.0910013,-0.0898782,0.0528399,0.0537645,0.785578,0.78299,0.0821476,0.0791352,-0.0448961,-0.0425984,-0.0036622,-0.003269,2.94578,-2.79809,0.544839,-0.0910013,0.0528399,0.785578
9.48,2.91707,2.89231,-2.77292,-2.74734,0.543955,0.546953,-2.87153,-2.8677,2.52172,2.53054,-0.0879659,-0.0874116,-0.0901782,-0.0890335,0.0523898,0.0533349,0.785542,0.782912,0.082484,0.0794027,-0.0451349,-0.0429187,-0.00362317,-0.0032036,2.91707,-2.77292,0.543955,-0.0901782,0.0523898,0.785542
9.49,2.88835,2.86344,-2.74765,-2.72196,0.543079,0.54606,-2.87418,-2.87026,2.53168,2.54044,-0.087105,-0.0865339,-0.0893516,-0.0881868,0.0519372,0.0529034,0.785506,0.782833,0.0828171,0.0796711,-0.0453735,-0.0432375,-0.00358395,-0.00313725,2.88835,-2.74765,0.543079,-0.0893516,0.0519372,0.785506
9.5,2.85959,2.83455,-2.72229,-2.69648,0.542213,0.545175,-2.87681,-2.87279,2.54155,2.55025,-0.0862434,-0.0856549,-0.0885218,-0.0873381,0.0514823,0.0524697,0.78547,0.782755,0.0831468,0.0799426,-0.0456119,-0.0435553,-0.00354456,-0.00307041,2.85959,-2.72229,0.542213,-0.0885218,0.0514823,0.78547
9.51,2.83081,2.80564,-2.69682,-2.6709,0.541355,0.544299,-2.87941,-2.8753,2.55133,2.55997,-0.085381,-0.0847754,-0.0876887,-0.0864878,0.051025,0.0520336,0.785435,0.782677,0.083473,0.0802148,-0.04585,-0.0438721,-0.00350501,-0.00300308,2.83081,-2.69682,0.541355,-0.0876887,0.051025,0.785435
9.52,2.802,2.77671,-2.67126,-2.64522,0.540505,0.543432,-2.88198,-2.87777,2.56102,2.56961,-0.0845178,-0.0838944,-0.0868524,-0.0856358,0.0505653,0.0515949,0.7854,0.782599,0.0837957,0.0804895,-0.0460878,-0.0441857,-0.0034653,-0.00293557,2.802,-2.67126,0.540505,-0.0868524,0.0505653,0.7854
9.53,2.77317,2.74776,-2.6456,-2.61944,0.539664,0.542574,-2.88453,-2.88022,2.57062,2.57915,-0.0836539,-0.0830129,-0.0860128,-0.0847824,0.0501032,0.0511537,0.785366,0.782524,0.0841148,0.0807652,-0.0463252,-0.0444979,-0.00342544,-0.00286798,2.77317,-2.6456,0.539664,-0.0860128,0.0501032,0.785366
9.54,2.74431,2.71878,-2.61985,-2.59356,0.538832,0.541726,-2.88705,-2.88263,2.58012,2.58861,-0.0827892,-0.0821307,-0.0851701,-0.0839274,0.0496388,0.0507096,0.785331,0.782449,0.0844303,0.0810437,-0.0465621,-0.0448077,-0.00338545,-0.00280073,2.74431,-2.61985,0.538832,-0.0851701,0.0496388,0.785331
9.55,2.71543,2.68979,-2.594,-2.56759,0.538009,0.540887,-2.88954,-2.88502,2.58953,2.59797,-0.0819238,-0.0812478,-0.0843242,-0.083071,0.049172,0.0502624,0.785298,0.782377,0.0847422,0.0813218,-0.0467985,-0.0451137,-0.00334533,-0.00273404,2.71543,-2.594,0.538009,-0.0843242,0.049172,0.785298
9.56,2.68652,2.66078,-2.56806,-2.54152,0.537194,0.540057,-2.892,-2.88738,2.59885,2.60725,-0.0810577,-0.0803638,-0.0834753,-0.0822132,0.0487028,0.0498121,0.785265,0.782308,0.0850504,0.0816017,-0.0470344,-0.0454167,-0.00330509,-0.00266801,2.68652,-2.56806,0.537194,-0.0834753,0.0487028,0.785265
9.57,2.65759,2.63175,-2.54202,-2.51536,0.536387,0.539238,-2.89444,-2.88971,2.60808,2.61644,-0.0801908,-0.0794794,-0.0826232,-0.0813542,0.0482313,0.0493587,0.785232,0.782241,0.0853549,0.0818831,-0.0472697,-0.0457158,-0.00326473,-0.00260255,2.65759,-2.54202,0.536387,-0.0826232,0.0482313,0.785232
9.58,2.62863,2.6027,-2.5159,-2.48911,0.53559,0.538429,-2.89685,-2.89201,2.61721,2.62553,-0.0793232,-0.0785945,-0.0817682,-0.0804941,0.0477574,0.0489017,0.785199,0.782177,0.0856556,0.0821647,-0.0475042,-0.0460109,-0.00322428,-0.00253838,2.62863,-2.5159,0.53559,-0.0817682,0.0477574,0.785199
9.59,2.59965,2.57363,-2.48968,-2.46276,0.534801,0.53763,-2.89923,-2.89428,2.62625,2.63453,-0.0784548,-0.0777086,-0.0809101,-0.0796326,0.0472812,0.0484411,0.785167,0.782116,0.0859524,0.0824464,-0.0477381,-0.046302,-0.00318373,-0.0024754,2.59965,-2.48968,0.534801,-0.0809101,0.0472812,0.785167
9.6,2.57065,2.54454,-2.46337,-2.43632,0.534021,0.536841,-2.90158,-2.89652,2.6352,2.64344,-0.0775858,-0.0768226,-0.0800491,-0.07877,0.0468027,0.0479767,0.785136,0.78206,0.0862455,0.082729,-0.0479711,-0.0465883,-0.00314309,-0.00241365,2.57065,-2.46337,0.534021,-0.0800491,0.0468027,0.785136
9.61,2.54162,2.51544,-2.43697,-2.4098,0.533249,0.536063,-2.90391,-2.89874,2.64405,2.65225,-0.0767161,-0.0759361,-0.0791852,-0.077906,0.0463218,0.0475087,0.785104,0.782007,0.0865347,0.0830108,-0.0482032,-0.0468692,-0.00310238,-0.00235349,2.54162,-2.43697,0.533249,-0.0791852,0.0463218,0.785104
9.62,2.51257,2.48632,-2.41049,-2.38319,0.532486,0.535296,-2.90621,-2.90092,2.65281,2.66097,-0.0758457,-0.0750487,-0.0783185,-0.0770409,0.0458386,0.0470367,0.785074,0.781959,0.0868199,0.0832923,-0.0484344,-0.0471469,-0.0030616,-0.00229493,2.51257,-2.41049,0.532486,-0.0783185,0.0458386,0.785074
9.63,2.4835,2.45718,-2.38392,-2.35649,0.531732,0.534539,-2.90848,-2.90308,2.66147,2.6696,-0.0749746,-0.0741616,-0.0774489,-0.0761745,0.0453531,0.0465607,0.785043,0.781915,0.0871012,0.0835723,-0.0486647,-0.047418,-0.00302075,-0.00223814,2.4835,-2.38392,0.531732,-0.0774489,0.0453531,0.785043
9.64,2.4544,2.42802,-2.35726,-2.32972,0.530987,0.533793,-2.91072,-2.90521,2.67003,2.67813,-0.0741028,-0.0732738,-0.0765764,-0.0753068,0.0448653,0.0460807,0.785013,0.781876,0.0873786,0.083851,-0.0488938,-0.0476861,-0.00297985,-0.00218326,2.4544,-2.35726,0.530987,-0.0765764,0.0448653,0.785013
9.65,2.42528,2.39885,-2.33052,-2.30286,0.53025,0.533058,-2.91294,-2.90731,2.6785,2.68656,-0.0732303,-0.0723859,-0.0757013,-0.074438,0.0443752,0.0455966,0.784984,0.781841,0.087652,0.0841273,-0.0491218,-0.0479481,-0.00293891,-0.00213008,2.42528,-2.33052,0.53025,-0.0757013,0.0443752,0.784984
9.66,2.39614,2.36965,-2.30369,-2.27591,0.529522,0.532333,-2.91513,-2.90939,2.68688,2.6949,-0.0723572,-0.071498,-0.0748234,-0.0735676,0.0438829,0.0451081,0.784954,0.781811,0.0879214,0.0844029,-0.0493486,-0.0482053,-0.00289793,-0.00207891,2.39614,-2.30369,0.529522,-0.0748234,0.0438829,0.784954
9.67,2.36698,2.34044,-2.27678,-2.24889,0.528803,0.531619,-2.91729,-2.91143,2.69515,2.70314,-0.0714835,-0.0706101,-0.0739429,-0.0726957,0.0433883,0.0446158,0.784926,0.781787,0.0881867,0.0846746,-0.0495742,-0.048458,-0.00285692,-0.00202985,2.36698,-2.27678,0.528803,-0.0739429,0.0433883,0.784926
9.68,2.3378,2.31121,-2.24979,-2.2218,0.528093,0.530915,-2.91942,-2.91345,2.70333,2.71128,-0.0706091,-0.0697224,-0.0730597,-0.0718222,0.0428914,0.0441193,0.784897,0.781767,0.0884481,0.0849438,-0.0497984,-0.0487056,-0.00281589,-0.00198257,2.3378,-2.24979,0.528093,-0.0730597,0.0428914,0.784897
9.69,2.30859,2.28196,-2.22271,-2.19462,0.527391,0.530223,-2.92153,-2.91544,2.71142,2.71932,-0.069734,-0.0688345,-0.0721739,-0.0709471,0.0423923,0.0436183,0.784869,0.781752,0.0887053,0.085209,-0.0500212,-0.0489491,-0.00277484,-0.0019373,2.30859,-2.22271,0.527391,-0.0721739,0.0423923,0.784869
9.7,2.27937,2.2527,-2.19556,-2.16737,0.526698,0.52954,-2.9236,-2.91741,2.7194,2.72727,-0.0688584,-0.0679468,-0.0712856,-0.0700704,0.041891,0.0431135,0.784842,0.781742,0.0889585,0.0854708,-0.0502425,-0.0491882,-0.00273379,-0.00189395,2.27937,-2.19556,0.526698,-0.0712856,0.041891,0.784842
9.71,2.25012,2.22342,-2.16833,-2.14006,0.526014,0.528868,-2.92565,-2.91934,2.72729,2.73511,-0.0679821,-0.0670598,-0.0703948,-0.0691918,0.0413875,0.0426045,0.784815,0.781738,0.0892076,0.0857281,-0.0504623,-0.0494227,-0.00269274,-0.00185259,2.25012,-2.16833,0.526014,-0.0703948,0.0413875,0.784815
9.72,2.22085,2.19411,-2.14101,-2.11266,0.525338,0.528206,-2.92768,-2.92125,2.73508,2.74286,-0.0671052,-0.0661724,-0.0695015,-0.068311,0.0408817,0.0420914,0.784788,0.781737,0.0894526,0.0859807,-0.0506805,-0.0496528,-0.00265169,-0.00181298,2.22085,-2.14101,0.525338,-0.0695015,0.0408817,0.784788
9.73,2.19157,2.16479,-2.11363,-2.0852,0.524672,0.527554,-2.92967,-2.92314,2.74277,2.7505,-0.0662277,-0.0652861,-0.0686057,-0.0674285,0.0403739,0.0415743,0.784762,0.781742,0.0896935,0.086228,-0.050897,-0.0498806,-0.00261066,-0.00177495,2.19157,-2.11363,0.524672,-0.0686057,0.0403739,0.784762
9.74,2.16226,2.13545,-2.08616,-2.05767,0.524014,0.526911,-2.93164,-2.92499,2.75036,2.75805,-0.0653496,-0.0644,-0.0677076,-0.0665438,0.0398638,0.0410533,0.784736,0.781751,0.0899303,0.0864704,-0.0511118,-0.0501035,-0.00256965,-0.00173841,2.16226,-2.08616,0.524014,-0.0677076,0.0398638,0.784736
9.75,2.13293,2.10609,-2.05862,-2.03007,0.523365,0.526278,-2.93358,-2.92683,2.75785,2.76549,-0.0644709,-0.0635143,-0.0668071,-0.0656567,0.0393516,0.0405285,0.78471,0.781764,0.090163,0.086706,-0.0513247,-0.0503236,-0.00252868,-0.00170323,2.13293,-2.05862,0.523365,-0.0668071,0.0393516,0.78471
9.76,2.10359,2.07671,-2.031,-2.0024,0.522724,0.525655,-2.93549,-2.92863,2.76525,2.77284,-0.0635917,-0.0626298,-0.0659044,-0.0647672,0.0388373,0.0400001,0.784685,0.781781,0.0903916,0.0869362,-0.0515358,-0.0505407,-0.00248773,-0.00166951,2.10359,-2.031,0.522724,-0.0659044,0.0388373,0.784685
9.77,2.07422,2.04731,-2.00331,-1.97467,0.522093,0.52504,-2.93737,-2.93041,2.77254,2.78008,-0.0627118,-0.0617453,-0.0649993,-0.0638752,0.0383209,0.0394679,0.78466,0.781802,0.090616,0.0871591,-0.051745,-0.0507543,-0.00244684,-0.00163697,2.07422,-2.00331,0.522093,-0.0649993,0.0383209,0.78466
9.78,2.04484,2.0179,-1.97555,-1.94688,0.52147,0.524435,-2.93923,-2.93217,2.77974,2.78722,-0.0618315,-0.060862,-0.0640921,-0.0629805,0.0378024,0.0389324,0.784636,0.781826,0.0908363,0.0873758,-0.0519521,-0.0509664,-0.00240599,-0.00160515,2.04484,-1.97555,0.52147,-0.0640921,0.0378024,0.784636
9.79,2.01544,1.98846,-1.94772,-1.91902,0.520856,0.523838,-2.94106,-2.9339,2.78683,2.79426,-0.0609505,-0.0599791,-0.0631826,-0.0620831,0.0372819,0.0383933,0.784612,0.781854,0.0910525,0.0875857,-0.0521572,-0.051175,-0.0023652,-0.00157413,2.01544,-1.94772,0.520856,-0.0631826,0.0372819,0.784612
9.8,1.98602,1.959,-1.91982,-1.8911,0.520251,0.523249,-2.94286,-2.9356,2.79382,2.8012,-0.060069,-0.0590966,-0.062271,-0.0611829,0.0367593,0.0378513,0.784589,0.781884,0.0912646,0.0877884,-0.0523601,-0.051381,-0.00232447,-0.00154369,1.98602,-1.91982,0.520251,-0.062271,0.0367593,0.784589
9.81,1.95658,1.92953,-1.89184,-1.86311,0.519655,0.522668,-2.94463,-2.93728,2.80071,2.80803,-0.059187,-0.0582155,-0.0613573,-0.0602797,0.0362347,0.0373061,0.784566,0.781916,0.0914726,0.0879835,-0.0525609,-0.0515862,-0.00228381,-0.00151366,1.95658,-1.89184,0.519655,-0.0613573,0.0362347,0.784566
9.82,1.92713,1.90003,-1.8638,-1.83507,0.519067,0.522096,-2.94638,-2.93894,2.8075,2.81477,-0.0583044,-0.0573349,-0.0604416,-0.0593734,0.0357081,0.0367581,0.784543,0.781951,0.0916765,0.0881716,-0.0527593,-0.0517886,-0.00224323,-0.00148375,1.92713,-1.8638,0.519067,-0.0604416,0.0357081,0.784543
9.83,1.89766,1.87052,-1.83569,-1.80696,0.518489,0.521531,-2.9481,-2.94057,2.81419,2.82139,-0.0574213,-0.0564556,-0.0595238,-0.0584643,0.0351795,0.0362073,0.784521,0.781988,0.0918762,0.0883511,-0.0529555,-0.0519902,-0.00220273,-0.00145377,1.89766,-1.83569,0.518489,-0.0595238,0.0351795,0.784521
9.84,1.86817,1.84099,-1.80752,-1.77879,0.517919,0.520973,-2.94979,-2.94218,2.82078,2.82792,-0.0565377,-0.0555761,-0.0586041,-0.0575518,0.034649,0.035654,0.784499,0.782025,0.0920719,0.088523,-0.0531493,-0.0521901,-0.00216232,-0.0014234,1.86817,-1.80752,0.517919,-0.0586041,0.034649,0.784499
9.85,1.83866,1.81144,-1.77928,-1.75057,0.517358,0.520423,-2.95145,-2.94377,2.82727,2.83434,-0.0556535,-0.0546982,-0.0576824,-0.0566362,0.0341165,0.0350982,0.784478,0.782064,0.0922635,0.0886881,-0.0533406,-0.0523881,-0.002122,-0.00139289,1.83866,-1.77928,0.517358,-0.0576824,0.0341165,0.784478
9.86,1.80914,1.78187,-1.75097,-1.72229,0.516806,0.519879,-2.95309,-2.94533,2.83365,2.84066,-0.0547689,-0.053821,-0.0567588,-0.0557175,0.0335822,0.0345403,0.784457,0.782103,0.0924511,0.0888447,-0.0535294,-0.0525857,-0.00208179,-0.00136165,1.80914,-1.75097,0.516806,-0.0567588,0.0335822,0.784457
9.87,1.7796,1.75229,-1.72261,-1.69394,0.516263,0.519343,-2.9547,-2.94687,2.83993,2.84688,-0.0538838,-0.0529445,-0.0558334,-0.0547954,0.0330459,0.0339801,0.784436,0.782143,0.0926346,0.0889933,-0.0537157,-0.0527815,-0.00204168,-0.00132965,1.7796,-1.72261,0.516263,-0.0558334,0.0330459,0.784436
9.88,1.75004,1.72268,-1.69418,-1.66554,0.515728,0.518813,-2.95628,-2.94839,2.84611,2.85299,-0.0529982,-0.0520685,-0.0549061,-0.05387,0.0325079,0.033418,0.784416,0.782182,0.092814,0.0891342,-0.0538993,-0.052976,-0.00200169,-0.0012968,1.75004,-1.69418,0.515728,-0.0549061,0.0325079,0.784416
9.89,1.72047,1.69306,-1.66568,-1.63708,0.515203,0.51829,-2.95783,-2.94988,2.85218,2.859,-0.0521121,-0.0511932,-0.0539771,-0.0529416,0.031968,0.0328544,0.784396,0.782221,0.0929895,0.0892683,-0.0540803,-0.053169,-0.00196181,-0.00126272,1.72047,-1.66568,0.515203,-0.0539771,0.031968,0.784396
9.9,1.69089,1.66343,-1.63713,-1.60857,0.514686,0.517773,-2.95935,-2.95135,2.85816,2.8649,-0.0512256,-0.0503187,-0.0530464,-0.05201,0.0314263,0.032289,0.784377,0.782259,0.0931609,0.0893936,-0.0542586,-0.0533613,-0.00192206,-0.00122766,1.69089,-1.63713,0.514686,-0.0530464,0.0314263,0.784377
9.91,1.66129,1.63378,-1.60852,-1.58,0.514178,0.517263,-2.96085,-2.9528,2.86402,2.87069,-0.0503385,-0.0494446,-0.0521139,-0.0510752,0.0308828,0.0317222,0.784358,0.782296,0.0933283,0.0895131,-0.0544341,-0.0535519,-0.00188244,-0.00119089,1.66129,-1.60852,0.514178,-0.0521139,0.0308828,0.784358
9.92,1.63167,1.60411,-1.57985,-1.55137,0.513679,0.516759,-2.96232,-2.95423,2.86979,2.87638,-0.0494511,-0.0485708,-0.0511798,-0.0501372,0.0303376,0.0311541,0.784339,0.782331,0.0934917,0.089624,-0.0546067,-0.0537419,-0.00184296,-0.00115298,1.63167,-1.57985,0.513679,-0.0511798,0.0303376,0.784339
9.93,1.60204,1.57443,-1.55113,-1.52269,0.513189,0.516261,-2.96377,-2.95563,2.87545,2.88197,-0.0485632,-0.0476971,-0.0502441,-0.0491962,0.0297907,0.030585,0.784321,0.782365,0.0936512,0.0897284,-0.0547765,-0.0539296,-0.00180362,-0.00111356,1.60204,-1.55113,0.513189,-0.0502441,0.0297907,0.784321
9.94,1.57239,1.54474,-1.52234,-1.49395,0.512708,0.51577,-2.96518,-2.95702,2.88101,2.88745,-0.0476748,-0.0468242,-0.0493068,-0.0482526,0.0292421,0.0300149,0.784303,0.782397,0.0938068,0.0898259,-0.0549433,-0.0541157,-0.00176442,-0.00107242,1.57239,-1.52234,0.512708,-0.0493068,0.0292421,0.784303
9.95,1.54274,1.51504,-1.49351,-1.46516,0.512236,0.515285,-2.96657,-2.95838,2.88646,2.89282,-0.046786,-0.0459508,-0.048368,-0.0473059,0.0286918,0.029444,0.784285,0.782426,0.0939585,0.0899176,-0.0551072,-0.0543004,-0.00172538,-0.00102974,1.54274,-1.49351,0.512236,-0.048368,0.0286918,0.784285
9.96,1.51306,1.48532,-1.46461,-1.43631,0.511772,0.514806,-2.96793,-2.95972,2.89181,2.89809,-0.0458968,-0.0450778,-0.0474276,-0.0463567,0.0281399,0.0288723,0.784268,0.782454,0.0941062,0.0900025,-0.0552681,-0.0544826,-0.00168649,-0.000985444,1.51306,-1.46461,0.511772,-0.0474276,0.0281399,0.784268
9.97,1.48338,1.45559,-1.43567,-1.40741,0.511318,0.514334,-2.96927,-2.96103,2.89705,2.90325,-0.0450072,-0.0442044,-0.0464859,-0.0454049,0.0275865,0.0283,0.784252,0.782478,0.0942501,0.0900818,-0.0554259,-0.0546642,-0.00164777,-0.000939503,1.48338,-1.43567,0.511318,-0.0464859,0.0275865,0.784252
9.98,1.45368,1.42585,-1.40667,-1.37846,0.510872,0.513869,-2.97057,-2.96233,2.90219,2.9083,-0.0441172,-0.0433308,-0.0455426,-0.0444509,0.0270314,0.0277274,0.784235,0.7825,0.0943901,0.090155,-0.0555806,-0.0548424,-0.00160921,-0.000891894,1.45368,-1.40667,0.510872,-0.0455426,0.0270314,0.784235
9.99,1.42397,1.3961,-1.37763,-1.34945,0.510435,0.513411,-2.97185,-2.9636,2.90722,2.91325,-0.0432268,-0.0424571,-0.0445981,-0.0434948,0.0264749,0.027154,0.78422,0.782519,0.0945264,0.0902231,-0.0557322,-0.0550179,-0.00157082,-0.000842795,1.42397,-1.37763,0.510435,-0.0445981,0.0264749,0.78422
10,1.39424,1.36634,-1.34853,-1.32039,0.510008,0.51296,-2.9731,-2.96484,2.91215,2.91808,-0.042336,-0.0415822,-0.0436521,-0.0425364,0.0259168,0.0265809,0.784204,0.782536,0.0946588,0.0902867,-0.0558806,-0.0551916,-0.00153261,-0.000792071,1.39424,-1.34853,0.510008,-0.0436521,0.0259168,0.784204
10.01,1.3645,1.33657,-1.31938,-1.29129,0.509589,0.512515,-2.97433,-2.96607,2.91697,2.92281,-0.0414448,-0.0407071,-0.0427049,-0.0415763,0.0253573,0.0260075,0.784189,0.782549,0.0947874,0.0903463,-0.0560257,-0.0553624,-0.00149458,-0.000739962,1.3645,-1.31938,0.509589,-0.0427049,0.0253573,0.784189
10.02,1.33475,1.3068,-1.29019,-1.26213,0.509179,0.512079,-2.97552,-2.96727,2.92169,2.92743,-0.0405533,-0.0398307,-0.0417564,-0.0406143,0.0247963,0.0254338,0.784174,0.782559,0.0949123,0.0904012,-0.0561676,-0.0555296,-0.00145674,-0.000686452,1.33475,-1.29019,0.509179,-0.0417564,0.0247963,0.784174
10.03,1.30499,1.27702,-1.26095,-1.23293,0.508778,0.51165,-2.9767,-2.96845,2.9263,2.93195,-0.0396613,-0.0389538,-0.0408067,-0.0396512,0.0242339,0.0248604,0.78416,0.782567,0.0950334,0.0904528,-0.0563062,-0.0556938,-0.00141909,-0.00063166,1.30499,-1.26095,0.508778,-0.0408067,0.0242339,0.78416
10.04,1.27522,1.24722,-1.23167,-1.20367,0.508385,0.51123,-2.97784,-2.9696,2.9308,2.93635,-0.0387691,-0.0380752,-0.0398557,-0.0386868,0.0236702,0.024287,0.784146,0.782572,0.0951509,0.0905015,-0.0564415,-0.0558549,-0.00138164,-0.000575766,1.27522,-1.23167,0.508385,-0.0398557,0.0236702,0.784146
10.05,1.24544,1.21742,-1.20234,-1.17437,0.508002,0.510817,-2.97895,-2.97073,2.9352,2.94064,-0.0378764,-0.0371954,-0.0389037,-0.0377211,0.0231051,0.0237138,0.784132,0.782573,0.0952647,0.0905467,-0.0565735,-0.0560127,-0.00134438,-0.000518724,1.24544,-1.20234,0.508002,-0.0389037,0.0231051,0.784132
10.06,1.21564,1.18762,-1.17296,-1.14503,0.507628,0.510413,-2.98004,-2.97184,2.93949,2.94483,-0.0369835,-0.036314,-0.0379505,-0.0367546,0.0225387,0.0231409,0.784119,0.782572,0.0953748,0.0905898,-0.056702,-0.0561661,-0.00130733,-0.000460878,1.21564,-1.17296,0.507628,-0.0379505,0.0225387,0.784119
10.07,1.18584,1.15781,-1.14355,-1.11564,0.507262,0.510018,-2.9811,-2.97292,2.94367,2.9489,-0.0360902,-0.035431,-0.0369962,-0.0357877,0.0219711,0.0225681,0.784106,0.782569,0.0954813,0.0906307,-0.0568272,-0.0563164,-0.00127048,-0.000402078,1.18584,-1.14355,0.507262,-0.0369962,0.0219711,0.784106
10.08,1.15602,1.12799,-1.11409,-1.08621,0.506906,0.509632,-2.98214,-2.97397,2.94775,2.95287,-0.0351966,-0.0345463,-0.0360408,-0.03482,0.0214022,0.0219957,0.784093,0.782563,0.0955843,0.09067,-0.0569489,-0.056461,-0.00123385,-0.000342906,1.15602,-1.11409,0.506906,-0.0360408,0.0214022,0.784093
10.09,1.12619,1.09817,-1.08459,-1.05673,0.506559,0.509256,-2.98315,-2.975,2.95172,2.95672,-0.0343026,-0.0336594,-0.0350845,-0.033852,0.0208321,0.0214235,0.784081,0.782554,0.0956836,0.0907077,-0.0570672,-0.0566029,-0.00119744,-0.000283122,1.12619,-1.08459,0.506559,-0.0350845,0.0208321,0.784081
10.1,1.09636,1.06834,-1.05505,-1.02722,0.50622,0.50889,-2.98413,-2.976,2.95558,2.96047,-0.0334084,-0.032771,-0.0341272,-0.0328839,0.0202609,0.0208518,0.784069,0.782544,0.0957794,0.0907455,-0.057182,-0.0567393,-0.00116124,-0.000223011,1.09636,-1.05505,0.50622,-0.0341272,0.0202609,0.784069
10.11,1.06651,1.0385,-1.02548,-0.997662,0.50589,0.508533,-2.98508,-2.97698,2.95934,2.96411,-0.0325138,-0.03188,-0.0331689,-0.0319159,0.0196885,0.0202805,0.784058,0.782531,0.0958717,0.0907809,-0.0572932,-0.0568724,-0.00112527,-0.000162631,1.06651,-1.02548,0.50589,-0.0331689,0.0196885,0.784058
10.12,1.03666,1.00866,-0.995868,-0.968067,0.50557,0.508187,-2.98601,-2.97793,2.96299,2.96763,-0.031619,-0.0309873,-0.0322098,-0.0309479,0.019115,0.0197095,0.784047,0.782516,0.0959605,0.0908174,-0.057401,-0.0570003,-0.00108953,-0.000102386,1.03666,-0.995868,0.50557,-0.0322098,0.019115,0.784047
10.13,1.00679,0.978814,-0.96622,-0.938436,0.505258,0.507852,-2.9869,-2.97885,2.96653,2.97105,-0.0307238,-0.0300916,-0.0312497,-0.0299802,0.0185405,0.0191387,0.784036,0.7825,0.0960458,0.0908536,-0.0575052,-0.0571238,-0.00105401,-4.19766e-05,1.00679,-0.96622,0.505258,-0.0312497,0.0185405,0.784036
10.14,0.976917,0.948961,-0.936538,-0.908771,0.504955,0.507528,-2.98778,-2.97974,2.96996,2.97436,-0.0298284,-0.0291938,-0.0302889,-0.0290131,0.0179649,0.0185686,0.784026,0.782482,0.0961277,0.0908906,-0.0576059,-0.0572429,-0.00101874,1.80304e-05,0.976917,-0.936538,0.504955,-0.0302889,0.0179649,0.784026
10.15,0.947035,0.919104,-0.906821,-0.879071,0.504661,0.507214,-2.98862,-2.98061,2.97329,2.97755,-0.0289328,-0.0282934,-0.0293272,-0.0280464,0.0173884,0.0179983,0.784016,0.782463,0.0962062,0.0909267,-0.057703,-0.0573573,-0.000983697,7.77692e-05,0.947035,-0.906821,0.504661,-0.0293272,0.0173884,0.784016
10.16,0.917145,0.889239,-0.877072,-0.849339,0.504377,0.506913,-2.98944,-2.98144,2.97651,2.98064,-0.0280368,-0.0273909,-0.0283647,-0.0270803,0.0168109,0.0174285,0.784006,0.782443,0.0962814,0.0909643,-0.0577966,-0.0574663,-0.0009489,0.000137031,0.917145,-0.877072,0.504377,-0.0283647,0.0168109,0.784006
10.17,0.887247,0.859368,-0.847292,-0.819574,0.504101,0.506622,-2.99023,-2.98225,2.97962,2.98362,-0.0271406,-0.0264859,-0.0274016,-0.0261148,0.0162325,0.0168592,0.783997,0.782422,0.0963531,0.0910034,-0.0578865,-0.0575715,-0.000914348,0.000195563,0.887247,-0.847292,0.504101,-0.0274016,0.0162325,0.783997
10.18,0.85734,0.82949,-0.81748,-0.789779,0.503834,0.506344,-2.991,-2.98303,2.98262,2.98648,-0.0262442,-0.0255783,-0.0264377,-0.0251504,0.0156532,0.0162897,0.783988,0.7824,0.0964216,0.0910423,-0.0579729,-0.0576724,-0.000880045,0.000253588,0.85734,-0.81748,0.503834,-0.0264377,0.0156532,0.783988
10.19,0.827427,0.799607,-0.78764,-0.759957,0.503576,0.506078,-2.99174,-2.98377,2.98552,2.98924,-0.0253475,-0.0246678,-0.0254732,-0.0241865,0.015073,0.0157206,0.783979,0.782378,0.0964867,0.0910828,-0.0580557,-0.0577684,-0.000845994,0.000310943,0.827427,-0.78764,0.503576,-0.0254732,0.015073,0.783979
10.2,0.797506,0.769716,-0.75777,-0.730106,0.503327,0.505823,-2.99245,-2.98449,2.9883,2.99189,-0.0244506,-0.0237552,-0.024508,-0.0232238,0.0144921,0.0151514,0.783971,0.782355,0.0965485,0.0911245,-0.0581348,-0.05786,-0.000812197,0.000367343,0.797506,-0.75777,0.503327,-0.024508,0.0144921,0.783971
10.21,0.767578,0.739816,-0.727874,-0.700226,0.503087,0.505581,-2.99313,-2.98518,2.99098,2.99443,-0.0235535,-0.0228411,-0.0235422,-0.0222617,0.0139103,0.0145823,0.783963,0.782333,0.0966071,0.0911677,-0.0582104,-0.0579465,-0.000778658,0.000422865,0.767578,-0.727874,0.503087,-0.0235422,0.0139103,0.783963
10.22,0.737643,0.709909,-0.697951,-0.670323,0.502856,0.505351,-2.99379,-2.98583,2.99355,2.99686,-0.0226562,-0.0219232,-0.0225758,-0.0213004,0.0133279,0.0140131,0.783955,0.78231,0.0966625,0.0912115,-0.0582823,-0.0580292,-0.00074538,0.000477478,0.737643,-0.697951,0.502856,-0.0225758,0.0133279,0.783955
10.23,0.707702,0.679996,-0.668003,-0.640398,0.502634,0.505134,-2.99442,-2.98646,2.99601,2.99918,-0.0217587,-0.0210035,-0.021609,-0.0203402,0.0127447,0.013444,0.783948,0.782287,0.0967146,0.0912561,-0.0583506,-0.0581075,-0.000712366,0.000531018,0.707702,-0.668003,0.502634,-0.021609,0.0127447,0.783948
10.24,0.677755,0.650073,-0.638031,-0.610447,0.502421,0.504929,-2.99502,-2.98705,2.99836,3.00139,-0.0208609,-0.0200821,-0.0206416,-0.0193806,0.0121609,0.0128745,0.783941,0.782265,0.0967636,0.0913032,-0.0584153,-0.0581823,-0.000679618,0.000583455,0.677755,-0.638031,0.502421,-0.0206416,0.0121609,0.783941
10.25,0.647802,0.620143,-0.608036,-0.580476,0.502216,0.504736,-2.9956,-2.98762,3.0006,3.00349,-0.019963,-0.0191583,-0.0196737,-0.018422,0.0115764,0.0123048,0.783935,0.782243,0.0968094,0.09135,-0.0584764,-0.0582522,-0.000647139,0.000634998,0.647802,-0.608036,0.502216,-0.0196737,0.0115764,0.783935
10.26,0.617843,0.590204,-0.57802,-0.550484,0.502021,0.504556,-2.99615,-2.98815,3.00274,3.00548,-0.0190649,-0.018233,-0.0187054,-0.0174641,0.0109913,0.0117347,0.783928,0.782222,0.0968521,0.0913986,-0.0585339,-0.058319,-0.000614932,0.000685394,0.617843,-0.57802,0.502021,-0.0187054,0.0109913,0.783928
10.27,0.587879,0.560256,-0.547982,-0.520474,0.501835,0.504387,-2.99667,-2.98865,3.00476,3.00736,-0.0181667,-0.0173062,-0.0177367,-0.0165069,0.0104057,0.0111642,0.783922,0.782202,0.0968917,0.0914471,-0.0585878,-0.0583821,-0.000582998,0.000734657,0.587879,-0.547982,0.501835,-0.0177367,0.0104057,0.783922
10.28,0.55791,0.530304,-0.517925,-0.490449,0.501658,0.504231,-2.99717,-2.98912,3.00668,3.00914,-0.0172682,-0.0163771,-0.0167676,-0.0155505,0.0098196,0.0105935,0.783917,0.782182,0.0969282,0.0914954,-0.0586381,-0.0584402,-0.000551342,0.000782967,0.55791,-0.517925,0.501658,-0.0167676,0.0098196,0.783917
10.29,0.527936,0.500337,-0.487849,-0.460401,0.50149,0.504087,-2.99764,-2.98956,3.00849,3.0108,-0.0163697,-0.015447,-0.0157981,-0.0145944,0.00923298,0.0100218,0.783911,0.782164,0.0969616,0.0915451,-0.0586848,-0.0584961,-0.000519964,0.000830188,0.527936,-0.487849,0.50149,-0.0157981,0.00923298,0.783911
10.3,0.497957,0.470366,-0.457755,-0.430341,0.501331,0.503955,-2.99809,-2.98997,3.01019,3.01236,-0.0154709,-0.0145152,-0.0148283,-0.0136387,0.00864592,0.00944972,0.783906,0.782146,0.096992,0.0915925,-0.0587279,-0.0585474,-0.000488867,0.000876233,0.497957,-0.457755,0.501331,-0.0148283,0.00864592,0.783906
10.31,0.467974,0.440384,-0.427645,-0.400265,0.50118,0.503835,-2.9985,-2.99034,3.01178,3.01381,-0.0145721,-0.0135829,-0.0138583,-0.0126835,0.00805844,0.00887701,0.783901,0.78213,0.0970193,0.0916421,-0.0587674,-0.0585958,-0.000458055,0.000921354,0.467974,-0.427645,0.50118,-0.0138583,0.00805844,0.783901
10.32,0.437987,0.410395,-0.39752,-0.370177,0.501039,0.503726,-2.99889,-2.99069,3.01326,3.01515,-0.0136731,-0.0126502,-0.012888,-0.0117286,0.00747058,0.00830352,0.783897,0.782115,0.0970436,0.09169,-0.0588034,-0.0586414,-0.000427527,0.000965431,0.437987,-0.39752,0.501039,-0.012888,0.00747058,0.783897
10.33,0.407996,0.380395,-0.367381,-0.340073,0.500907,0.503629,-2.99926,-2.99101,3.01463,3.01638,-0.0127739,-0.0117166,-0.0119174,-0.0107738,0.00688238,0.0077292,0.783893,0.782101,0.097065,0.0917361,-0.0588359,-0.0586832,-0.000397287,0.00100838,0.407996,-0.367381,0.500907,-0.0119174,0.00688238,0.783893
10.34,0.378002,0.350388,-0.337228,-0.309959,0.500784,0.503543,-2.99959,-2.99129,3.01589,3.01751,-0.0118747,-0.0107824,-0.0109467,-0.00981908,0.00629387,0.00715413,0.783889,0.782089,0.0970834,0.0917817,-0.0588648,-0.0587223,-0.000367337,0.00105047,0.378002,-0.337228,0.500784,-0.0109467,0.00629387,0.783889
10.35,0.348004,0.320372,-0.307063,-0.279833,0.500669,0.503468,-2.99991,-2.99155,3.01704,3.01853,-0.0109753,-0.00984837,-0.00997575,-0.00886434,0.00570509,0.00657805,0.783886,0.782077,0.0970988,0.0918247,-0.0588902,-0.0587585,-0.000337679,0.0010917,0.348004,-0.307063,0.500669,-0.00997575,0.00570509,0.783886
10.36,0.318004,0.290351,-0.276888,-0.2497,0.500564,0.503404,-3.00019,-2.99178,3.01809,3.01943,-0.0100759,-0.00891495,-0.0090047,-0.00790962,0.00511608,0.00600128,0.783882,0.782068,0.0971113,0.0918665,-0.0589121,-0.0587919,-0.000308313,0.00113185,0.318004,-0.276888,0.500564,-0.0090047,0.00511608,0.783882
10.37,0.288001,0.260319,-0.246702,-0.219554,0.500468,0.50335,-3.00045,-2.99198,3.01902,3.02023,-0.00917636,-0.00798209,-0.00803354,-0.00695446,0.00452686,0.00542336,0.783879,0.78206,0.0971209,0.0919052,-0.0589305,-0.0588211,-0.000279243,0.00117114,0.288001,-0.246702,0.500468,-0.00803354,0.00452686,0.783879
10.38,0.257995,0.230281,-0.216508,-0.189401,0.500381,0.503306,-3.00068,-2.99215,3.01985,3.02093,-0.00827675,-0.00704942,-0.00706229,-0.00599908,0.00393748,0.0048448,0.783877,0.782053,0.0971275,0.0919413,-0.0589455,-0.0588485,-0.00025047,0.00120951,0.257995,-0.216508,0.500381,-0.00706229,0.00393748,0.783877
10.39,0.227987,0.200233,-0.186305,-0.159239,0.500302,0.503272,-3.00088,-2.9923,3.02056,3.02151,-0.00737705,-0.00611804,-0.006091,-0.00504317,0.00334797,0.00426496,0.783874,0.782048,0.0971313,0.0919731,-0.058957,-0.0588728,-0.000221995,0.00124715,0.227987,-0.186305,0.500302,-0.006091,0.00334797,0.783874
10.4,0.197977,0.170184,-0.156097,-0.129075,0.500233,0.503248,-3.00106,-2.99241,3.02117,3.02199,-0.00647729,-0.00518769,-0.00511968,-0.00408699,0.00275835,0.00368458,0.783872,0.782044,0.0971322,0.0920026,-0.0589651,-0.0588947,-0.00019382,0.00128375,0.197977,-0.156097,0.500233,-0.00511968,0.00275835,0.783872
10.41,0.167966,0.140126,-0.125882,-0.0989006,0.500173,0.503234,-3.00121,-2.9925,3.02166,3.02236,-0.00557747,-0.00425921,-0.00414836,-0.00313012,0.00216867,0.00310311,0.783871,0.782043,0.0971303,0.0920281,-0.0589698,-0.0589139,-0.000165946,0.00131962,0.167966,-0.125882,0.500173,-0.00414836,0.00216867,0.783871
10.42,0.137953,0.110062,-0.0956638,-0.068721,0.500122,0.503228,-3.00134,-2.99256,3.02205,3.02262,-0.00467761,-0.00333223,-0.00317708,-0.00217254,0.00157897,0.00252081,0.783869,0.782042,0.0971255,0.0920493,-0.0589711,-0.0589305,-0.000138376,0.00135458,0.137953,-0.0956638,0.500122,-0.00317708,0.00157897,0.783869
10.43,0.107939,0.0799915,-0.0654418,-0.038536,0.500079,0.503232,-3.00143,-2.9926,3.02233,3.02277,-0.0037777,-0.00240724,-0.00220586,-0.00121418,0.000989263,0.00193766,0.783868,0.782044,0.0971178,0.0920663,-0.0589691,-0.0589438,-0.000111109,0.00138868,0.107939,-0.0654418,0.500079,-0.00220586,0.000989263,0.783868
10.44,0.0779247,0.0499194,-0.0352175,-0.0083506,0.500046,0.503244,-3.0015,-2.99261,3.0225,3.02282,-0.00287775,-0.00148477,-0.00123474,-0.000255272,0.000399596,0.00135402,0.783867,0.782047,0.0971074,0.0920791,-0.0589637,-0.0589552,-8.41476e-05,0.00142205,0.0779247,-0.0352175,0.500046,-0.00123474,0.000399596,0.783867
10.45,0.0479094,0.0198413,-0.00499214,0.021841,0.500022,0.503265,-3.00155,-2.9926,3.02256,3.02275,-0.00197778,-0.000564307,-0.000263726,0.000704743,-0.00019,0.000769533,0.783866,0.782051,0.0970941,0.0920866,-0.058955,-0.0589628,-5.74928e-05,0.00145435,0.0479094,-0.00499214,0.500022,-0.000263726,-0.00019,0.783866
10.46,0.0178938,-0.0102419,0.0252333,0.0520348,0.500006,0.503295,-3.00157,-2.99256,3.02251,3.02258,-0.00107779,0.000352696,0.000707138,0.00166552,-0.000779493,0.000184447,0.783866,0.782058,0.0970781,0.0920903,-0.058943,-0.0589691,-3.11457e-05,0.00148603,0.0178938,0.0252333,0.500006,0.000707138,-0.000779493,0.783866
10.47,-0.0121219,-0.040326,0.0554577,0.0822299,0.5,0.503332,-3.00156,-2.9925,3.02235,3.02231,-0.000177796,0.00126748,0.00167783,0.00262728,-0.00136885,-0.000401277,0.783865,0.782066,0.0970592,0.0920878,-0.0589278,-0.0589715,-5.10732e-06,0.00151679,-0.0121219,0.0554577,0.5,0.00167783,-0.00136885,0.783865
10.48,-0.0421373,-0.0704117,0.08568,0.112425,0.500003,0.503377,-3.00153,-2.99242,3.02208,3.02192,0.000722203,0.00217868,0.00264831,0.00358979,-0.00195804,-0.000987154,0.783866,0.782076,0.0970376,0.0920807,-0.0589093,-0.0589726,2.06214e-05,0.00154659,-0.0421373,0.08568,0.500003,0.00264831,-0.00195804,0.783866
10.49,-0.0721523,-0.100501,0.115899,0.142622,0.500015,0.503431,-3.00146,-2.99231,3.02171,3.02143,0.0016222,0.00308727,0.00361857,0.0045535,-0.00254703,-0.00157356,0.783866,0.782088,0.0970132,0.0920687,-0.0588876,-0.0589698,4.60396e-05,0.00157565,-0.0721523,0.115899,0.500015,0.00361857,-0.00254703,0.783866
10.5,-0.102167,-0.130591,0.146114,0.172819,0.500035,0.503491,-3.00138,-2.99218,3.02122,3.02083,0.00252217,0.00399192,0.00458857,0.005518,-0.00313578,-0.0021602,0.783866,0.782101,0.096986,0.0920513,-0.0588628,-0.058965,7.11463e-05,0.00160366,-0.102167,0.146114,0.500035,0.00458857,-0.00313578,0.783866
10.51,-0.13218,-0.160682,0.176323,0.203014,0.500065,0.50356,-3.00126,-2.99203,3.02062,3.02012,0.00342213,0.00489298,0.00555828,0.00648352,-0.00372427,-0.00274689,0.783867,0.782116,0.0969561,0.0920283,-0.0588347,-0.0589571,9.59408e-05,0.00163075,-0.13218,0.176323,0.500065,0.00555828,-0.00372427,0.783867
10.52,-0.162192,-0.190773,0.206526,0.233208,0.500104,0.503636,-3.00112,-2.99185,3.01992,3.01931,0.00432205,0.00579037,0.00652768,0.00744976,-0.00431246,-0.00333373,0.783868,0.782133,0.0969235,0.0920006,-0.0588036,-0.0589454,0.000120422,0.00165688,-0.162192,0.206526,0.500104,0.00652768,-0.00431246,0.783868
10.53,-0.192202,-0.22086,0.236721,0.263396,0.500152,0.50372,-3.00096,-2.99165,3.01911,3.01839,0.00522194,0.0066832,0.00749674,0.00841715,-0.00490033,-0.00392025,0.78387,0.782152,0.096888,0.0919685,-0.0587693,-0.0589326,0.00014459,0.00168206,-0.192202,0.236721,0.500152,0.00749674,-0.00490033,0.78387
10.54,-0.222211,-0.250947,0.266908,0.293582,0.500208,0.503811,-3.00076,-2.99143,3.01818,3.01736,0.00612178,0.00757274,0.00846543,0.00938532,-0.00548784,-0.00450654,0.783871,0.782173,0.0968499,0.0919311,-0.058732,-0.0589167,0.000168444,0.00170633,-0.222211,0.266908,0.500208,0.00846543,-0.00548784,0.783871
10.55,-0.252217,-0.281033,0.297084,0.323765,0.500274,0.503909,-3.00054,-2.99119,3.01715,3.01622,0.00702156,0.00845821,0.00943373,0.0103543,-0.00607496,-0.00509246,0.783873,0.782195,0.096809,0.0918882,-0.0586917,-0.0588969,0.000191983,0.00172947,-0.252217,0.297084,0.500274,0.00943373,-0.00607496,0.783873
10.56,-0.282221,-0.311115,0.32725,0.35394,0.500349,0.504015,-3.00029,-2.99092,3.01601,3.01498,0.00792128,0.00933972,0.0104016,0.0113239,-0.00666166,-0.00567802,0.783875,0.782219,0.0967654,0.0918424,-0.0586483,-0.0588759,0.000215207,0.00175171,-0.282221,0.32725,0.500349,0.0104016,-0.00666166,0.783875
10.57,-0.312223,-0.341192,0.357404,0.384108,0.500432,0.504128,-3.00002,-2.99063,3.01476,3.01363,0.00882093,0.0102166,0.011369,0.0122943,-0.00724792,-0.00626285,0.783877,0.782245,0.096719,0.091791,-0.0586019,-0.0588512,0.000238116,0.00177275,-0.312223,0.357404,0.500432,0.011369,-0.00724792,0.783877
10.58,-0.342222,-0.371265,0.387545,0.414268,0.500525,0.504249,-2.99972,-2.99032,3.0134,3.01217,0.0097205,0.0110897,0.012336,0.0132652,-0.00783369,-0.00684691,0.78388,0.782273,0.09667,0.0917372,-0.0585526,-0.0588245,0.000260709,0.00179292,-0.342222,0.387545,0.500525,0.012336,-0.00783369,0.78388
10.59,-0.372217,-0.401335,0.417672,0.444422,0.500627,0.504377,-2.99939,-2.98999,3.01194,3.01061,0.01062,0.0119583,0.0133024,0.0142367,-0.00841896,-0.00743052,0.783883,0.782303,0.0966182,0.0916785,-0.0585004,-0.0587937,0.000282985,0.00181198,-0.372217,0.417672,0.500627,0.0133024,-0.00841896,0.783883
10.6,-0.40221,-0.431399,0.447784,0.474563,0.500737,0.504512,-2.99904,-2.98964,3.01036,3.00893,0.0115194,0.0128233,0.0142683,0.0152085,-0.00900369,-0.00801295,0.783885,0.782334,0.0965637,0.0916163,-0.0584452,-0.058761,0.000304945,0.00183,-0.40221,0.447784,0.500737,0.0142683,-0.00900369,0.783885
10.61,-0.432198,-0.461454,0.477879,0.504693,0.500857,0.504655,-2.99866,-2.98926,3.00868,3.00716,0.0124187,0.013684,0.0152337,0.0161807,-0.00958786,-0.00859443,0.783889,0.782368,0.0965064,0.0915518,-0.0583872,-0.0587256,0.000326589,0.00184686,-0.432198,0.477879,0.500857,0.0152337,-0.00958786,0.783889
10.62,-0.462183,-0.491505,0.507957,0.534811,0.500986,0.504806,-2.99826,-2.98886,3.00689,3.00527,0.0133178,0.0145413,0.0161984,0.0171532,-0.0101714,-0.00917492,0.783892,0.782403,0.0964465,0.0914837,-0.0583264,-0.0586869,0.000347916,0.00186282,-0.462183,0.507957,0.500986,0.0161984,-0.0101714,0.783892
10.63,-0.492163,-0.521546,0.538016,0.564913,0.501124,0.504965,-2.99782,-2.98844,3.00498,3.00328,0.0142169,0.0153943,0.0171626,0.0181258,-0.0107544,-0.0097542,0.783896,0.782439,0.0963838,0.0914138,-0.0582627,-0.0586465,0.000368926,0.00187752,-0.492163,0.538016,0.501124,0.0171626,-0.0107544,0.783896
10.64,-0.522139,-0.551582,0.568056,0.595002,0.50127,0.505132,-2.99736,-2.98799,3.00297,3.00119,0.0151158,0.0162442,0.0181261,0.0190982,-0.0113367,-0.0103322,0.783899,0.782478,0.0963184,0.0913414,-0.0581963,-0.0586025,0.00038962,0.00189127,-0.522139,0.568056,0.50127,0.0181261,-0.0113367,0.783899
10.65,-0.55211,-0.581605,0.598075,0.62507,0.501426,0.505306,-2.99688,-2.98752,3.00086,2.99898,0.0160146,0.0170904,0.019089,0.0200704,-0.0119183,-0.0109091,0.783903,0.782518,0.0962503,0.0912668,-0.0581271,-0.0585564,0.000409997,0.00190388,-0.55211,0.598075,0.501426,0.019089,-0.0119183,0.783903
10.66,-0.582077,-0.611623,0.628073,0.655123,0.50159,0.505489,-2.99637,-2.98703,2.99863,2.99667,0.0169132,0.0179328,0.0200511,0.0210425,-0.0124992,-0.0114847,0.783908,0.782559,0.0961795,0.0911904,-0.0580552,-0.0585077,0.000430058,0.00191548,-0.582077,0.628073,0.50159,0.0200511,-0.0124992,0.783908
10.67,-0.612038,-0.641634,0.658048,0.685159,0.501764,0.50568,-2.99583,-2.98651,2.9963,2.99426,0.0178117,0.0187725,0.0210125,0.0220143,-0.0130794,-0.0120589,0.783912,0.782603,0.0961059,0.091113,-0.0579806,-0.0584561,0.000449803,0.00192599,-0.612038,0.658048,0.501764,0.0210125,-0.0130794,0.783912
10.68,-0.641993,-0.671631,0.687998,0.715168,0.501947,0.505879,-2.99526,-2.98596,2.99386,2.99174,0.0187101,0.0196094,0.0219732,0.0229853,-0.0136588,-0.0126316,0.783917,0.782647,0.0960296,0.0910339,-0.0579034,-0.0584023,0.000469231,0.00193559,-0.641993,0.687998,0.501947,0.0219732,-0.0136588,0.783917
10.69,-0.671943,-0.701619,0.717924,0.745158,0.502138,0.506087,-2.99467,-2.98539,2.99131,2.98911,0.0196082,0.0204436,0.0229331,0.0239559,-0.0142374,-0.0132032,0.783921,0.782694,0.0959506,0.0909545,-0.0578235,-0.0583453,0.000488344,0.00194392,-0.671943,0.717924,0.502138,0.0229331,-0.0142374,0.783921
10.7,-0.701886,-0.731601,0.747824,0.775125,0.502339,0.506303,-2.99405,-2.98479,2.98865,2.98638,0.0205062,0.0212751,0.0238922,0.0249257,-0.0148153,-0.0137734,0.783926,0.782741,0.0958689,0.0908742,-0.057741,-0.0582855,0.000507142,0.00195144,-0.701886,0.747824,0.502339,0.0238922,-0.0148153,0.783926
10.71,-0.731824,-0.761574,0.777697,0.805067,0.502548,0.506528,-2.99341,-2.98417,2.98588,2.98355,0.021404,0.0221047,0.0248505,0.0258946,-0.0153923,-0.0143422,0.783931,0.78279,0.0957844,0.0907934,-0.0576559,-0.0582243,0.000525624,0.00195792,-0.731824,0.777697,0.502548,0.0248505,-0.0153923,0.783931
10.72,-0.761755,-0.791536,0.807542,0.834982,0.502767,0.506762,-2.99274,-2.98352,2.98301,2.98061,0.0223016,0.022932,0.0258079,0.0268626,-0.0159684,-0.0149097,0.783937,0.782841,0.0956972,0.0907129,-0.0575683,-0.0581601,0.000543792,0.00196344,-0.761755,0.807542,0.502767,0.0258079,-0.0159684,0.783937
10.73,-0.791678,-0.821486,0.837357,0.864866,0.502994,0.507004,-2.99204,-2.98284,2.98003,2.97756,0.023199,0.0237578,0.0267644,0.0278293,-0.0165436,-0.0154759,0.783942,0.782892,0.0956072,0.0906316,-0.0574781,-0.0580933,0.000561646,0.00196786,-0.791678,0.837357,0.502994,0.0267644,-0.0165436,0.783942
10.74,-0.821595,-0.851431,0.867142,0.894724,0.503231,0.507255,-2.99131,-2.98214,2.97695,2.97441,0.0240962,0.0245822,0.02772,0.0287949,-0.0171179,-0.0160409,0.783948,0.782945,0.0955145,0.0905513,-0.0573854,-0.058025,0.000579187,0.00197154,-0.821595,0.867142,0.503231,0.02772,-0.0171179,0.783948
10.75,-0.851505,-0.881366,0.896895,0.924551,0.503476,0.507515,-2.99056,-2.9814,2.97375,2.97115,0.0249932,0.0254055,0.0286747,0.0297594,-0.0176913,-0.0166047,0.783954,0.782999,0.095419,0.0904702,-0.0572903,-0.0579533,0.000596415,0.00197431,-0.851505,0.896895,0.503476,0.0286747,-0.0176913,0.783954
10.76,-0.881406,-0.911291,0.926616,0.954346,0.503731,0.507784,-2.98978,-2.98064,2.97045,2.96779,0.02589,0.0262278,0.0296284,0.0307223,-0.0182637,-0.0171673,0.78396,0.783054,0.0953208,0.0903905,-0.0571927,-0.0578797,0.00061333,0.00197601,-0.881406,0.926616,0.503731,0.0296284,-0.0182637,0.78396
10.77,-0.9113,-0.94121,0.956304,0.984109,0.503994,0.508062,-2.98898,-2.97985,2.96704,2.96432,0.0267865,0.0270496,0.0305811,0.031684,-0.0188352,-0.017729,0.783966,0.78311,0.0952199,0.0903102,-0.0570927,-0.0578034,0.000629934,0.00197707,-0.9113,0.956304,0.503994,0.0305811,-0.0188352,0.783966
10.78,-0.941186,-0.971118,0.985957,1.01383,0.504267,0.508349,-2.98815,-2.97903,2.96353,2.96075,0.0276828,0.0278704,0.0315328,0.0326438,-0.0194056,-0.0182894,0.783973,0.783166,0.0951161,0.0902319,-0.0569903,-0.0577255,0.000646227,0.00197719,-0.941186,0.985957,0.504267,0.0315328,-0.0194056,0.783973
10.79,-0.971063,-1.00102,1.01557,1.04352,0.504548,0.508645,-2.98729,-2.97818,2.9599,2.95707,0.0285788,0.0286918,0.0324834,0.0336024,-0.019975,-0.018849,0.783979,0.783224,0.0950096,0.0901524,-0.0568855,-0.0576443,0.000662211,0.00197643,-0.971063,1.01557,0.504548,0.0324834,-0.019975,0.783979
10.8,-1.00093,-1.03091,1.04515,1.07318,0.504838,0.50895,-2.9864,-2.9773,2.95618,2.95329,0.0294746,0.029513,0.033433,0.0345593,-0.0205433,-0.0194076,0.783986,0.783282,0.0949003,0.0900744,-0.0567784,-0.0575623,0.000677885,0.00197501,-1.00093,1.04515,0.504838,0.033433,-0.0205433,0.783986
10.81,-1.03079,-1.0608,1.0747,1.1028,0.505137,0.509263,-2.98549,-2.97639,2.95234,2.94941,0.0303701,0.0303344,0.0343814,0.0355145,-0.0211105,-0.0199655,0.783993,0.783341,0.0947883,0.089997,-0.056669,-0.057477,0.000693251,0.0019729,-1.03079,1.0747,0.505137,0.0343814,-0.0211105,0.783993
10.82,-1.06064,-1.09068,1.1042,1.13237,0.505445,0.509586,-2.98455,-2.97545,2.9484,2.94542,0.0312653,0.031156,0.0353287,0.0364679,-0.0216767,-0.0205225,0.784,0.7834,0.0946734,0.0899193,-0.0565572,-0.0573904,0.000708309,0.00196992,-1.06064,1.1042,0.505445,0.0353287,-0.0216767,0.784
10.83,-1.09048,-1.12056,1.13367,1.1619,0.505763,0.509917,-2.98359,-2.97448,2.94436,2.94132,0.0321603,0.0319786,0.0362749,0.0374197,-0.0222417,-0.0210789,0.784007,0.783459,0.0945558,0.0898421,-0.0564432,-0.0573014,0.000723061,0.00196649,-1.09048,1.13367,0.505763,0.0362749,-0.0222417,0.784007
10.84,-1.12031,-1.15042,1.16309,1.1914,0.506089,0.510257,-2.9826,-2.97348,2.9402,2.93712,0.033055,0.0328022,0.0372198,0.0383698,-0.0228055,-0.0216347,0.784014,0.783519,0.0944353,0.0897648,-0.0563269,-0.0572099,0.000737508,0.0019623,-1.12031,1.16309,0.506089,0.0372198,-0.0228055,0.784014
10.85,-1.15013,-1.18029,1.19247,1.22085,0.506424,0.510606,-2.98158,-2.97245,2.93594,2.93281,0.0339493,0.0336264,0.0381636,0.0393182,-0.0233682,-0.0221899,0.784022,0.783579,0.0943121,0.0896888,-0.0562084,-0.0571171,0.000751651,0.00195758,-1.15013,1.19247,0.506424,0.0381636,-0.0233682,0.784022
10.86,-1.17994,-1.21014,1.22181,1.25025,0.506768,0.510963,-2.98053,-2.97139,2.93158,2.9284,0.0348434,0.034452,0.0391061,0.0402647,-0.0239297,-0.0227443,0.784029,0.783639,0.094186,0.0896118,-0.0560876,-0.0570225,0.00076549,0.00195247,-1.17994,1.22181,0.506768,0.0391061,-0.0239297,0.784029
10.87,-1.20974,-1.23999,1.2511,1.27961,0.507121,0.511329,-2.97946,-2.9703,2.92711,2.92388,0.0357371,0.0352788,0.0400473,0.0412098,-0.0244899,-0.0232986,0.784037,0.7837,0.0940571,0.0895352,-0.0559647,-0.0569247,0.000779027,0.00194661,-1.20974,1.2511,0.507121,0.0400473,-0.0244899,0.784037
10.88,-1.23953,-1.26984,1.28035,1.30892,0.507482,0.511704,-2.97836,-2.96918,2.92254,2.91926,0.0366306,0.0361066,0.0409872,0.0421531,-0.025049,-0.0238523,0.784045,0.78376,0.0939254,0.0894583,-0.0558395,-0.0568267,0.000792264,0.00194067,-1.23953,1.28035,0.507482,0.0409872,-0.025049,0.784045
10.89,-1.26931,-1.29968,1.30955,1.33818,0.507853,0.512086,-2.97724,-2.96803,2.91786,2.91453,0.0375237,0.0369365,0.0419258,0.0430948,-0.0256067,-0.0244058,0.784053,0.78382,0.0937909,0.0893815,-0.0557122,-0.0567259,0.000805201,0.00193414,-1.26931,1.30955,0.507853,0.0419258,-0.0256067,0.784053
10.9,-1.29908,-1.32951,1.33871,1.36738,0.508233,0.512478,-2.97609,-2.96685,2.91307,2.9097,0.0384164,0.0377673,0.042863,0.0440349,-0.0261632,-0.024959,0.784061,0.78388,0.0936535,0.0893036,-0.0555828,-0.0566232,0.000817839,0.00192729,-1.29908,1.33871,0.508233,0.042863,-0.0261632,0.784061
10.91,-1.32883,-1.35933,1.36781,1.39654,0.508622,0.512877,-2.97491,-2.96563,2.90819,2.90476,0.0393088,0.0386,0.0437989,0.0449733,-0.0267184,-0.0255118,0.784069,0.78394,0.0935133,0.089224,-0.0554512,-0.0565198,0.00083018,0.00192036,-1.32883,1.36781,0.508622,0.0437989,-0.0267184,0.784069
10.92,-1.35858,-1.38915,1.39687,1.42565,0.509019,0.513284,-2.97371,-2.96439,2.90319,2.89971,0.0402009,0.0394339,0.0447333,0.0459104,-0.0272722,-0.0260644,0.784078,0.784,0.0933703,0.0891437,-0.0553175,-0.0564134,0.000842226,0.00191313,-1.35858,1.39687,0.509019,0.0447333,-0.0272722,0.784078
10.93,-1.38831,-1.41897,1.42588,1.4547,0.509426,0.5137,-2.97247,-2.96312,2.89809,2.89456,0.0410926,0.0402697,0.0456662,0.046846,-0.0278247,-0.0266169,0.784086,0.784059,0.0932244,0.0890627,-0.0551818,-0.0563056,0.000853977,0.0019058,-1.38831,1.42588,0.509426,0.0456662,-0.0278247,0.784086
10.94,-1.41803,-1.44877,1.45483,1.48369,0.509841,0.514123,-2.97122,-2.96182,2.89289,2.88931,0.0419839,0.041107,0.0465978,0.0477801,-0.0283758,-0.0271692,0.784095,0.784117,0.0930756,0.0889793,-0.0550439,-0.0561957,0.000865436,0.00189848,-1.41803,1.45483,0.509841,0.0465978,-0.0283758,0.784095
10.95,-1.44773,-1.47857,1.48373,1.51262,0.510265,0.514554,-2.96993,-2.96049,2.88759,2.88394,0.0428749,0.0419458,0.0475278,0.0487129,-0.0289256,-0.0277214,0.784103,0.784176,0.092924,0.0888948,-0.054904,-0.0560847,0.000876602,0.00189117,-1.44773,1.48373,0.510265,0.0475278,-0.0289256,0.784103
10.96,-1.47742,-1.50836,1.51258,1.5415,0.510698,0.514993,-2.96862,-2.95914,2.88218,2.87847,0.0437655,0.0427862,0.0484562,0.0496443,-0.0294739,-0.0282732,0.784112,0.784233,0.0927695,0.0888076,-0.054762,-0.0559716,0.000887479,0.00188392,-1.47742,1.51258,0.510698,0.0484562,-0.0294739,0.784112
10.97,-1.5071,-1.53813,1.54138,1.57032,0.511141,0.51544,-2.96728,-2.95775,2.87666,2.8729,0.0446556,0.0436279,0.0493831,0.0505747,-0.0300208,-0.0288252,0.784121,0.78429,0.0926121,0.0887185,-0.054618,-0.0558564,0.000898067,0.00187682,-1.5071,1.54138,0.511141,0.0493831,-0.0300208,0.784121
10.98,-1.53677,-1.5679,1.57011,1.59907,0.511592,0.515894,-2.96591,-2.95634,2.87105,2.86722,0.0455454,0.0444716,0.0503085,0.0515037,-0.0305663,-0.029377,0.78413,0.784347,0.0924519,0.0886266,-0.054472,-0.0557397,0.000908368,0.00187004,-1.53677,1.57011,0.511592,0.0503085,-0.0305663,0.78413
10.99,-1.56642,-1.59766,1.5988,1.62776,0.512051,0.516356,-2.96452,-2.95489,2.86533,2.86143,0.0464348,0.0453157,0.0512322,0.0524316,-0.0311102,-0.0299287,0.784139,0.784403,0.0922888,0.0885314,-0.0543239,-0.0556213,0.000918384,0.00186355,-1.56642,1.5988,0.512051,0.0512322,-0.0311102,0.784139
11,-1.59606,-1.6274,1.62742,1.65638,0.51252,0.516826,-2.9631,-2.95342,2.85951,2.85554,0.0473237,0.0461618,0.0521542,0.0533584,-0.0316527,-0.0304801,0.784148,0.784458,0.0921228,0.0884337,-0.0541738,-0.0555013,0.000928116,0.00185743,-1.59606,1.62742,0.51252,0.0521542,-0.0316527,0.784148
11.01,-1.62568,-1.65713,1.65599,1.68494,0.512998,0.517303,-2.96166,-2.95193,2.85358,2.84954,0.0482122,0.0470085,0.0530746,0.0542842,-0.0321937,-0.0310316,0.784158,0.784512,0.0919539,0.0883328,-0.0540218,-0.055379,0.000937566,0.00185171,-1.62568,1.65599,0.512998,0.0530746,-0.0321937,0.784158
11.02,-1.65529,-1.68685,1.68449,1.71343,0.513484,0.517788,-2.96019,-2.9504,2.84755,2.84343,0.0491003,0.047857,0.0539933,0.055209,-0.0327332,-0.0315829,0.784167,0.784566,0.0917822,0.0882272,-0.0538677,-0.0552544,0.000946735,0.0018464,-1.65529,1.68449,0.513484,0.0539933,-0.0327332,0.784167
11.03,-1.68489,-1.71655,1.71294,1.74185,0.51398,0.51828,-2.95869,-2.94885,2.84142,2.83722,0.0499879,0.048706,0.0549102,0.0561327,-0.0332711,-0.0321339,0.784177,0.784618,0.0916075,0.0881181,-0.0537117,-0.0551295,0.000955626,0.00184183,-1.68489,1.71294,0.51398,0.0549102,-0.0332711,0.784177
11.04,-1.71447,-1.74623,1.74132,1.7702,0.514484,0.518779,-2.95716,-2.94727,2.83519,2.8309,0.0508751,0.0495558,0.0558254,0.0570553,-0.0338074,-0.032685,0.784186,0.78467,0.09143,0.0880048,-0.0535537,-0.055001,0.00096424,0.00183769,-1.71447,1.74132,0.514484,0.0558254,-0.0338074,0.784186
11.05,-1.74403,-1.7759,1.76964,1.79848,0.514997,0.519287,-2.95561,-2.94567,2.82886,2.82448,0.0517619,0.0504069,0.0567388,0.0579773,-0.0343421,-0.0332359,0.784196,0.784721,0.0912495,0.087886,-0.0533938,-0.054871,0.000972578,0.00183441,-1.74403,1.76964,0.514997,0.0567388,-0.0343421,0.784196
11.06,-1.77358,-1.80555,1.7979,1.82669,0.515519,0.519801,-2.95403,-2.94404,2.82242,2.81796,0.0526481,0.0512584,0.0576504,0.0588982,-0.0348753,-0.0337865,0.784206,0.784771,0.0910662,0.0877644,-0.0532319,-0.0547389,0.000980643,0.0018317,-1.77358,1.7979,0.515519,0.0576504,-0.0348753,0.784206
11.07,-1.80311,-1.83518,1.82609,1.85483,0.51605,0.520324,-2.95242,-2.94238,2.81589,2.81132,0.0535339,0.0521107,0.0585601,0.0598181,-0.0354068,-0.0343369,0.784216,0.784821,0.0908799,0.0876356,-0.053068,-0.0546053,0.000988436,0.00182983,-1.80311,1.82609,0.51605,0.0585601,-0.0354068,0.784216
11.08,-1.83263,-1.8648,1.85421,1.88289,0.51659,0.520853,-2.95079,-2.9407,2.80925,2.80459,0.0544193,0.0529637,0.059468,0.0607372,-0.0359366,-0.034887,0.784226,0.784869,0.0906908,0.0875028,-0.0529022,-0.0544681,0.000995959,0.00182864,-1.83263,1.85421,0.51659,0.059468,-0.0359366,0.784226
11.09,-1.86213,-1.89439,1.88227,1.91088,0.517139,0.521391,-2.94913,-2.939,2.80251,2.79775,0.0553041,0.0538169,0.060374,0.0616552,-0.0364648,-0.0354368,0.784236,0.784916,0.0904987,0.0873648,-0.0527345,-0.0543303,0.00100321,0.00182834,-1.86213,1.88227,0.517139,0.060374,-0.0364648,0.784236
11.1,-1.89161,-1.92396,1.91026,1.93879,0.517696,0.521937,-2.94745,-2.93727,2.79567,2.7908,0.0561884,0.0546708,0.061278,0.0625723,-0.0369913,-0.0359864,0.784246,0.784963,0.0903038,0.0872211,-0.0525649,-0.0541892,0.0010102,0.00182873,-1.89161,1.91026,0.517696,0.061278,-0.0369913,0.784246
11.11,-1.92108,-1.95351,1.93819,1.96662,0.518263,0.52249,-2.94573,-2.93551,2.78873,2.78375,0.0570722,0.0555245,0.06218,0.0634884,-0.0375161,-0.0365353,0.784256,0.785008,0.0901059,0.0870719,-0.0523933,-0.0540468,0.00101693,0.00183015,-1.92108,1.93819,0.518263,0.06218,-0.0375161,0.784256
11.12,-1.95052,-1.98303,1.96604,1.99438,0.518838,0.523051,-2.944,-2.93373,2.78169,2.7766,0.0579555,0.0563793,0.0630801,0.0644035,-0.0380392,-0.037084,0.784266,0.785052,0.0899051,0.0869165,-0.0522198,-0.053901,0.00102339,0.00183219,-1.95052,1.96604,0.518838,0.0630801,-0.0380392,0.784266
11.13,-1.97996,-2.01254,1.99382,2.02206,0.519422,0.52362,-2.94223,-2.93192,2.77455,2.76934,0.0588383,0.0572337,0.0639781,0.0653175,-0.0385605,-0.0376321,0.784276,0.785096,0.0897015,0.0867552,-0.0520444,-0.0537538,0.0010296,0.00183521,-1.97996,1.99382,0.519422,0.0639781,-0.0385605,0.784276
11.14,-2.00937,-2.04202,2.02153,2.04966,0.520014,0.524198,-2.94044,-2.93009,2.76731,2.76198,0.0597206,0.0580886,0.0648741,0.0662303,-0.03908,-0.0381796,0.784286,0.785138,0.0894949,0.0865878,-0.051867,-0.0536039,0.00103554,0.001839,-2.00937,2.02153,0.520014,0.0648741,-0.03908,0.784286
11.15,-2.03876,-2.07147,2.04917,2.07718,0.520616,0.524783,-2.93862,-2.92824,2.75997,2.75452,0.0606023,0.0589432,0.065768,0.067142,-0.0395978,-0.0387264,0.784297,0.785179,0.0892855,0.0864138,-0.0516878,-0.0534515,0.00104123,0.00184366,-2.03876,2.04917,0.520616,0.065768,-0.0395978,0.784297
11.16,-2.06814,-2.1009,2.07673,2.10463,0.521226,0.525376,-2.93677,-2.92636,2.75253,2.74696,0.0614835,0.0597979,0.0666598,0.0680524,-0.0401138,-0.0392725,0.784307,0.78522,0.0890731,0.0862345,-0.0515066,-0.053297,0.00104666,0.00184897,-2.06814,2.07673,0.521226,0.0666598,-0.0401138,0.784307
11.17,-2.0975,-2.13031,2.10422,2.132,0.521846,0.525978,-2.9349,-2.92446,2.745,2.73929,0.0623641,0.0606528,0.0675495,0.0689615,-0.0406279,-0.0398179,0.784318,0.785259,0.0888579,0.0860485,-0.0513236,-0.0531398,0.00105185,0.00185499,-2.0975,2.10422,0.521846,0.0675495,-0.0406279,0.784318
11.18,-2.12684,-2.1597,2.13163,2.15929,0.522474,0.526589,-2.933,-2.92253,2.73736,2.73152,0.0632441,0.0615076,0.0684369,0.0698693,-0.0411403,-0.0403623,0.784328,0.785297,0.0886398,0.0858571,-0.0511386,-0.0529803,0.00105678,0.00186175,-2.12684,2.13163,0.522474,0.0684369,-0.0411403,0.784328
11.19,-2.15616,-2.18905,2.15896,2.18649,0.523111,0.527207,-2.93108,-2.92058,2.72963,2.72365,0.0641236,0.0623623,0.0693222,0.0707753,-0.0416507,-0.0409055,0.784339,0.785334,0.0884187,0.0856592,-0.0509517,-0.0528184,0.00106146,0.00186907,-2.15616,2.15896,0.523111,0.0693222,-0.0416507,0.784339
11.2,-2.18546,-2.21839,2.18622,2.21362,0.523756,0.527835,-2.92912,-2.91861,2.7218,2.71568,0.0650025,0.0632164,0.0702053,0.07168,-0.0421593,-0.0414478,0.78435,0.78537,0.0881948,0.0854549,-0.0507629,-0.0526544,0.0010659,0.00187695,-2.18546,2.18622,0.523756,0.0702053,-0.0421593,0.78435
11.21,-2.21474,-2.2477,2.2134,2.24067,0.524411,0.528471,-2.92715,-2.91661,2.71387,2.70761,0.0658808,0.0640706,0.0710861,0.0725831,-0.042666,-0.0419887,0.78436,0.785405,0.0879681,0.0852448,-0.0505722,-0.0524878,0.0010701,0.00188531,-2.21474,2.2134,0.524411,0.0710861,-0.042666,0.78436
11.22,-2.244,-2.27699,2.2405,2.26764,0.525074,0.529116,-2.92514,-2.91459,2.70584,2.69944,0.0667586,0.0649246,0.0719647,0.0734844,-0.0431707,-0.0425284,0.784371,0.785438,0.0877384,0.0850285,-0.0503795,-0.0523192,0.00107405,0.00189406,-2.244,2.2405,0.525074,0.0719647,-0.0431707,0.784371
11.23,-2.27324,-2.30624,2.26751,2.29452,0.525746,0.52977,-2.92311,-2.91254,2.69772,2.69116,0.0676357,0.0657779,0.0728409,0.0743837,-0.0436735,-0.0430664,0.784382,0.785471,0.0875059,0.0848073,-0.050185,-0.0521489,0.00107776,0.0019031,-2.27324,2.26751,0.525746,0.0728409,-0.0436735,0.784382
11.24,-2.30247,-2.33548,2.29445,2.32132,0.526427,0.530432,-2.92105,-2.91047,2.6895,2.68279,0.0685122,0.0666309,0.0737148,0.0752812,-0.0441744,-0.0436029,0.784393,0.785502,0.0872706,0.0845792,-0.0499885,-0.0519755,0.00108124,0.00191246,-2.30247,2.29445,0.526427,0.0737148,-0.0441744,0.784393
11.25,-2.33167,-2.3647,2.3213,2.34805,0.527116,0.531104,-2.91897,-2.90838,2.68118,2.67432,0.0693881,0.0674834,0.0745863,0.0761765,-0.0446733,-0.0441376,0.784403,0.785532,0.0870324,0.0843465,-0.0497901,-0.0518004,0.00108448,0.0019218,-2.33167,2.3213,0.527116,0.0745863,-0.0446733,0.784403
11.26,-2.36084,-2.39389,2.34807,2.37469,0.527814,0.531785,-2.91685,-2.90626,2.67277,2.66575,0.0702634,0.0683354,0.0754554,0.0770697,-0.0451702,-0.0446705,0.784414,0.785561,0.0867913,0.0841084,-0.0495899,-0.0516223,0.00108749,0.00193131,-2.36084,2.34807,0.527814,0.0754554,-0.0451702,0.784414
11.27,-2.39,-2.42306,2.37476,2.40125,0.528521,0.532474,-2.91472,-2.90411,2.66426,2.65708,0.0711381,0.0691869,0.0763221,0.0779606,-0.0456651,-0.0452012,0.784425,0.785589,0.0865474,0.0838646,-0.0493876,-0.0514429,0.00109027,0.00194064,-2.39,2.37476,0.528521,0.0763221,-0.0456651,0.784425
11.28,-2.41914,-2.4522,2.40136,2.42773,0.529237,0.533173,-2.91255,-2.90195,2.65565,2.64831,0.0720121,0.0700371,0.0771863,0.0788491,-0.0461579,-0.0457297,0.784436,0.785616,0.0863007,0.0836162,-0.0491835,-0.0512617,0.00109282,0.0019498,-2.41914,2.40136,0.529237,0.0771863,-0.0461579,0.784436
11.29,-2.44825,-2.48133,2.42787,2.45412,0.529962,0.533882,-2.91036,-2.89976,2.64695,2.63945,0.0728854,0.0708869,0.0780481,0.0797351,-0.0466488,-0.0462558,0.784447,0.785642,0.0860512,0.0833627,-0.0489774,-0.051078,0.00109514,0.00195874,-2.44825,2.42787,0.529962,0.0780481,-0.0466488,0.784447
11.3,-2.47735,-2.51043,2.4543,2.48044,0.530695,0.534599,-2.90814,-2.89754,2.63815,2.63049,0.0737581,0.0717362,0.0789074,0.0806185,-0.0471375,-0.0467797,0.784458,0.785666,0.0857989,0.0831046,-0.0487694,-0.0508925,0.00109725,0.0019673,-2.47735,2.4543,0.530695,0.0789074,-0.0471375,0.784458
11.31,-2.50642,-2.53951,2.48063,2.50667,0.531437,0.535326,-2.9059,-2.8953,2.62926,2.62142,0.0746302,0.0725846,0.0797641,0.0814992,-0.0476241,-0.0473007,0.784469,0.78569,0.0855437,0.0828419,-0.0485595,-0.0507051,0.00109913,0.00197524,-2.50642,2.48063,0.531437,0.0797641,-0.0476241,0.784469
11.32,-2.53546,-2.56857,2.50688,2.53281,0.532187,0.536062,-2.90363,-2.89304,2.62028,2.61227,0.0755016,0.0734319,0.0806182,0.082377,-0.0481087,-0.047819,0.78448,0.785712,0.0852858,0.0825747,-0.0483476,-0.0505154,0.00110079,0.00198281,-2.53546,2.50688,0.532187,0.0806182,-0.0481087,0.78448
11.33,-2.56449,-2.59761,2.53304,2.55887,0.532947,0.536807,-2.90134,-2.89075,2.6112,2.60301,0.0763723,0.0742786,0.0814698,0.0832519,-0.0485911,-0.0483344,0.784491,0.785733,0.0850251,0.0823036,-0.0481338,-0.0503233,0.00110223,0.0019896,-2.56449,2.53304,0.532947,0.0814698,-0.0485911,0.784491
11.34,-2.59349,-2.62664,2.55911,2.58485,0.533715,0.537562,-2.89901,-2.88843,2.60203,2.59366,0.0772423,0.0751239,0.0823187,0.0841238,-0.0490713,-0.0488466,0.784502,0.785753,0.0847617,0.0820287,-0.0479181,-0.0501299,0.00110346,0.00199567,-2.59349,2.55911,0.533715,0.0823187,-0.0490713,0.784502
11.35,-2.62247,-2.65564,2.58508,2.61074,0.534492,0.538327,-2.89666,-2.88609,2.59276,2.58421,0.0781116,0.0759684,0.083165,0.0849924,-0.0495494,-0.0493555,0.784513,0.785772,0.0844954,0.0817494,-0.0477004,-0.0499348,0.00110448,0.00200075,-2.62247,2.58508,0.534492,0.083165,-0.0495494,0.784513
11.36,-2.65142,-2.68462,2.61096,2.63654,0.535277,0.539101,-2.89429,-2.88373,2.5834,2.57467,0.0789802,0.0768116,0.0840086,0.0858577,-0.0500253,-0.0498611,0.784524,0.78579,0.0842265,0.0814672,-0.0474807,-0.0497369,0.00110528,0.00200492,-2.65142,2.61096,0.535277,0.0840086,-0.0500253,0.784524
11.37,-2.68035,-2.71359,2.63675,2.66226,0.536071,0.539884,-2.89189,-2.88134,2.57395,2.56502,0.0798481,0.0776537,0.0848495,0.0867198,-0.050499,-0.050363,0.784535,0.785807,0.0839548,0.0811814,-0.0472591,-0.0495368,0.00110588,0.00200807,-2.68035,2.63675,0.536071,0.0848495,-0.050499,0.784535
11.38,-2.70926,-2.74254,2.66244,2.68789,0.536874,0.540677,-2.88946,-2.87892,2.5644,2.55529,0.0807152,0.0784945,0.0856877,0.0875782,-0.0509705,-0.0508613,0.784546,0.785823,0.0836804,0.080892,-0.0470356,-0.0493359,0.00110628,0.00201008,-2.70926,2.66244,0.536874,0.0856877,-0.0509705,0.784546
11.39,-2.73814,-2.77147,2.68804,2.71343,0.537686,0.54148,-2.88701,-2.87648,2.55476,2.54545,0.0815817,0.0793342,0.0865231,0.0884333,-0.0514398,-0.0513558,0.784557,0.785838,0.0834033,0.0805993,-0.04681,-0.049132,0.00110647,0.00201097,-2.73814,2.68804,0.537686,0.0865231,-0.0514398,0.784557
11.4,-2.767,-2.80037,2.71354,2.73888,0.538506,0.542293,-2.88453,-2.87401,2.54504,2.53553,0.0824474,0.080173,0.0873558,0.0892843,-0.0519067,-0.0518464,0.784568,0.785852,0.0831236,0.0803036,-0.0465825,-0.0489264,0.00110646,0.00201066,-2.767,2.71354,0.538506,0.0873558,-0.0519067,0.784568
11.41,-2.79583,-2.82927,2.73894,2.76423,0.539334,0.543115,-2.88202,-2.87152,2.53522,2.5255,0.0833124,0.0810101,0.0881856,0.0901319,-0.0523714,-0.0523329,0.784579,0.785866,0.0828411,0.0800058,-0.0463531,-0.0487177,0.00110626,0.00200894,-2.79583,2.73894,0.539334,0.0881856,-0.0523714,0.784579
11.42,-2.82464,-2.85814,2.76424,2.7895,0.540172,0.543946,-2.87949,-2.869,2.5253,2.51539,0.0841766,0.0818464,0.0890126,0.0909756,-0.0528338,-0.0528154,0.78459,0.785878,0.082556,0.0797042,-0.0461216,-0.0485083,0.00110586,0.00200599,-2.82464,2.76424,0.540172,0.0890126,-0.0528338,0.78459
11.43,-2.85342,-2.887,2.78944,2.81468,0.541018,0.544788,-2.87693,-2.86645,2.5153,2.50517,0.0850401,0.0826816,0.0898367,0.0918153,-0.0532938,-0.0532935,0.784602,0.785889,0.0822683,0.0794002,-0.0458882,-0.0482961,0.00110526,0.00200166,-2.85342,2.78944,0.541018,0.0898367,-0.0532938,0.784602
11.44,-2.88218,-2.91584,2.81454,2.83976,0.541873,0.545639,-2.87434,-2.86387,2.50521,2.49487,0.0859028,0.0835155,0.0906579,0.0926509,-0.0537515,-0.0537673,0.784613,0.7859,0.081978,0.0790938,-0.0456528,-0.0480814,0.00110448,0.00199595,-2.88218,2.81454,0.541873,0.0906579,-0.0537515,0.784613
11.45,-2.91091,-2.94466,2.83955,2.86475,0.542736,0.546501,-2.87173,-2.86127,2.49503,2.48447,0.0867647,0.084349,0.0914763,0.0934825,-0.0542069,-0.0542368,0.784624,0.78591,0.081685,0.0787847,-0.0454154,-0.0478638,0.0011035,0.00198896,-2.91091,2.83955,0.542736,0.0914763,-0.0542069,0.784624
11.46,-2.93962,-2.97346,2.86444,2.88964,0.543608,0.547372,-2.8691,-2.85864,2.48475,2.47397,0.0876258,0.0851808,0.0922916,0.0943101,-0.0546598,-0.0547018,0.784635,0.785919,0.0813895,0.0784731,-0.045176,-0.0476442,0.00110234,0.00198035,-2.93962,2.86444,0.543608,0.0922916,-0.0546598,0.784635
11.47,-2.96829,-3.00225,2.88924,2.91444,0.544489,0.548253,-2.86643,-2.85598,2.47439,2.46339,0.0884862,0.0860118,0.093104,0.0951333,-0.0551104,-0.0551622,0.784646,0.785927,0.0810914,0.078159,-0.0449346,-0.0474222,0.001101,0.00197054,-2.96829,2.88924,0.544489,0.093104,-0.0551104,0.784646
11.48,-2.99694,-3.03101,2.91393,2.93913,0.545378,0.549143,-2.86374,-2.85329,2.46394,2.45271,0.0893458,0.0868424,0.0939134,0.0959521,-0.0555585,-0.055618,0.784657,0.785935,0.0807907,0.0778428,-0.0446912,-0.0471973,0.00109948,0.00195926,-2.99694,2.91393,0.545378,0.0939134,-0.0555585,0.784657
11.49,-3.02557,-3.05975,2.93852,2.96373,0.546275,0.550044,-2.86103,-2.85058,2.4534,2.44194,0.0902045,0.0876721,0.0947198,0.0967666,-0.0560042,-0.0560694,0.784668,0.785942,0.0804875,0.0775224,-0.0444459,-0.0469696,0.00109778,0.00194658,-3.02557,2.93852,0.546275,0.0947198,-0.0560042,0.784668
11.5,-3.05416,-3.08847,2.963,2.98822,0.547182,0.550955,-2.85829,-2.84784,2.44278,2.43108,0.0910625,0.0885013,0.0955232,0.097577,-0.0564474,-0.0565161,0.784679,0.785948,0.0801818,0.0772015,-0.0441985,-0.0467394,0.0010959,0.00193277,-3.05416,2.963,0.547182,0.0955232,-0.0564474,0.784679
11.51,-3.08273,-3.11718,2.98737,3.01262,0.548097,0.551876,-2.85552,-2.84506,2.43206,2.42012,0.0919196,0.0893303,0.0963235,0.0983828,-0.0568882,-0.0569583,0.78469,0.785954,0.0798736,0.0768775,-0.0439491,-0.0465061,0.00109385,0.00191772,-3.08273,2.98737,0.548097,0.0963235,-0.0568882,0.78469
11.52,-3.11127,-3.14586,3.01164,3.03691,0.54902,0.552806,-2.85273,-2.84226,2.42126,2.40908,0.0927759,0.0901588,0.0971207,0.0991843,-0.0573264,-0.0573958,0.7847,0.78596,0.0795629,0.0765513,-0.0436977,-0.0462694,0.00109162,0.00190133,-3.11127,3.01164,0.54902,0.0971207,-0.0573264,0.7847
11.53,-3.13979,-3.17451,3.0358,3.06109,0.549952,0.553747,-2.84991,-2.83943,2.41037,2.39794,0.0936313,0.0909873,0.0979147,0.0999809,-0.0577621,-0.0578287,0.784711,0.785965,0.0792497,0.0762223,-0.0434443,-0.0460298,0.00108923,0.00188392,-3.13979,3.0358,0.549952,0.0979147,-0.0577621,0.784711
11.54,-3.16827,-3.20314,3.05985,3.08517,0.550893,0.554697,-2.84707,-2.83657,2.39939,2.38672,0.094486,0.0918157,0.0987056,0.100774,-0.0581953,-0.0582571,0.784722,0.78597,0.0789341,0.0758906,-0.0431889,-0.0457875,0.00108667,0.00186545,-3.16827,3.05985,0.550893,0.0987056,-0.0581953,0.784722
11.55,-3.19673,-3.23175,3.08379,3.10914,0.551842,0.555657,-2.8442,-2.83367,2.38833,2.3754,0.0953397,0.0926444,0.0994934,0.101561,-0.0586259,-0.058681,0.784733,0.785974,0.0786161,0.0755571,-0.0429314,-0.045541,0.00108395,0.00184594,-3.19673,3.08379,0.551842,0.0994934,-0.0586259,0.784733
11.56,-3.22516,-3.26033,3.10761,3.133,0.5528,0.556628,-2.8413,-2.83075,2.37718,2.364,0.0961926,0.0934733,0.100278,0.102345,-0.0590539,-0.0591004,0.784744,0.785978,0.0782958,0.0752212,-0.042672,-0.0452925,0.00108107,0.00182553,-3.22516,3.10761,0.5528,0.100278,-0.0590539,0.784744
11.57,-3.25356,-3.28889,3.13133,3.15675,0.553766,0.557608,-2.83838,-2.8278,2.36595,2.35251,0.0970447,0.0943027,0.101059,0.103124,-0.0594793,-0.0595156,0.784755,0.785982,0.077973,0.0748821,-0.0424105,-0.0450395,0.00107803,0.00180435,-3.25356,3.13133,0.553766,0.101059,-0.0594793,0.784755
11.58,-3.28192,-3.31741,3.15493,3.18038,0.55474,0.558598,-2.83544,-2.82482,2.35463,2.34094,0.0978959,0.0951329,0.101837,0.103898,-0.0599021,-0.0599264,0.784765,0.785987,0.0776479,0.0745407,-0.042147,-0.0447835,0.00107483,0.00178242,-3.28192,3.15493,0.55474,0.101837,-0.0599021,0.784765
11.59,-3.31026,-3.34591,3.17842,3.20391,0.555724,0.559597,-2.83246,-2.8218,2.34323,2.32928,0.0987462,0.0959644,0.102612,0.104668,-0.0603223,-0.0603331,0.784776,0.785991,0.0773204,0.0741961,-0.0418815,-0.0445238,0.00107147,0.0017601,-3.31026,3.17842,0.555724,0.102612,-0.0603223,0.784776
11.6,-3.33857,-3.37438,3.2018,3.22732,0.556715,0.560606,-2.82947,-2.81876,2.33174,2.31753,0.0995956,0.0967963,0.103384,0.105433,-0.0607397,-0.0607355,0.784787,0.785995,0.0769906,0.0738498,-0.0416139,-0.0442606,0.00106797,0.00173713,-3.33857,3.2018,0.556715,0.103384,-0.0607397,0.784787
11.61,-3.36685,-3.40281,3.22506,3.25061,0.557716,0.561626,-2.82644,-2.81568,2.32017,2.30569,0.100444,0.0976295,0.104152,0.106194,-0.0611545,-0.0611339,0.784798,0.785999,0.0766586,0.073501,-0.0413444,-0.0439935,0.00106431,0.00171384,-3.36685,3.22506,0.557716,0.104152,-0.0611545,0.784798
11.62,-3.3951,-3.43122,3.2482,3.27378,0.558724,0.562654,-2.82339,-2.81258,2.30851,2.29378,0.101292,0.0984646,0.104917,0.106951,-0.0615666,-0.0615285,0.784808,0.786004,0.0763243,0.0731489,-0.0410728,-0.043723,0.00106051,0.00169037,-3.3951,3.2482,0.558724,0.104917,-0.0615666,0.784808
11.63,-3.42332,-3.45959,3.27123,3.29684,0.559741,0.563692,-2.82032,-2.80944,2.29677,2.28178,0.102138,0.0993008,0.105679,0.107703,-0.061976,-0.0619192,0.784819,0.786008,0.0759877,0.0727943,-0.0407992,-0.0434492,0.00105657,0.00166668,-3.42332,3.27123,0.559741,0.105679,-0.061976,0.784819
11.64,-3.45151,-3.48793,3.29414,3.31977,0.560767,0.564739,-2.81722,-2.80628,2.28495,2.26969,0.102984,0.100138,0.106437,0.10845,-0.0623826,-0.0623062,0.784829,0.786014,0.0756489,0.0724379,-0.0405236,-0.0431721,0.00105248,0.001643,-3.45151,3.29414,0.560767,0.106437,-0.0623826,0.784829
11.65,-3.47967,-3.51624,3.31693,3.34259,0.561801,0.565796,-2.81409,-2.80308,2.27305,2.25753,0.103829,0.100978,0.107192,0.109194,-0.0627864,-0.0626897,0.78484,0.786019,0.075308,0.0720773,-0.040246,-0.0428908,0.00104825,0.00161965,-3.47967,3.31693,0.561801,0.107192,-0.0627864,0.78484
11.66,-3.50779,-3.54451,3.3396,3.36528,0.562844,0.566861,-2.81094,-2.79985,2.26107,2.24529,0.104673,0.10182,0.107943,0.109933,-0.0631875,-0.0630698,0.78485,0.786026,0.0749648,0.0717156,-0.0399663,-0.042606,0.00104389,0.00159651,-3.50779,3.3396,0.562844,0.107943,-0.0631875,0.78485
11.67,-3.53588,-3.57275,3.36215,3.38785,0.563895,0.567936,-2.80777,-2.7966,2.249,2.23296,0.105516,0.102664,0.108691,0.110668,-0.0635858,-0.0634465,0.784861,0.786032,0.0746195,0.0713501,-0.0396847,-0.0423179,0.00103939,0.00157361,-3.53588,3.36215,0.563895,0.108691,-0.0635858,0.784861
11.68,-3.56395,-3.60094,3.38458,3.41029,0.564954,0.56902,-2.80457,-2.79331,2.23685,2.22056,0.106358,0.103509,0.109435,0.111398,-0.0639812,-0.0638201,0.784871,0.78604,0.0742721,0.0709822,-0.039401,-0.0420248,0.00103476,0.00155139,-3.56395,3.38458,0.564954,0.109435,-0.0639812,0.784871
11.69,-3.59197,-3.62911,3.40688,3.4326,0.566022,0.570112,-2.80134,-2.78999,2.22463,2.20807,0.107199,0.104357,0.110176,0.112125,-0.0643738,-0.0641906,0.784881,0.786048,0.0739225,0.0706119,-0.0391154,-0.0417293,0.00103,0.0015296,-3.59197,3.40688,0.566022,0.110176,-0.0643738,0.784881
11.7,-3.61997,-3.65723,3.42907,3.45479,0.567098,0.571213,-2.79809,-2.78665,2.21232,2.19551,0.108039,0.105208,0.110914,0.112847,-0.0647635,-0.0645583,0.784892,0.786057,0.0735709,0.0702392,-0.0388277,-0.0414299,0.00102511,0.00150877,-3.61997,3.42907,0.567098,0.110914,-0.0647635,0.784892
11.71,-3.64794,-3.68532,3.45113,3.47685,0.568182,0.572323,-2.79481,-2.78328,2.19993,2.18287,0.108878,0.106061,0.111648,0.113566,-0.0651503,-0.0649231,0.784902,0.786067,0.0732172,0.0698635,-0.038538,-0.0411271,0.00102009,0.00148879,-3.64794,3.45113,0.568182,0.111648,-0.0651503,0.784902
11.72,-3.67587,-3.71337,3.47307,3.49878,0.569275,0.573441,-2.79151,-2.77987,2.18747,2.17016,0.109716,0.106916,0.112378,0.11428,-0.0655342,-0.0652853,0.784912,0.786078,0.0728615,0.0694854,-0.0382464,-0.0408212,0.00101496,0.00146964,-3.67587,3.47307,0.569275,0.112378,-0.0655342,0.784912
11.73,-3.70377,-3.74138,3.49488,3.52058,0.570377,0.574567,-2.78818,-2.77644,2.17492,2.15737,0.110553,0.107774,0.113105,0.11499,-0.0659152,-0.065645,0.784922,0.786089,0.0725038,0.0691045,-0.0379527,-0.0405114,0.0010097,0.00145169,-3.70377,3.49488,0.570377,0.113105,-0.0659152,0.784922
11.74,-3.73163,-3.76935,3.51657,3.54225,0.571487,0.575701,-2.78483,-2.77298,2.1623,2.1445,0.11139,0.108634,0.113828,0.115697,-0.0662933,-0.0660021,0.784932,0.786102,0.072144,0.0687217,-0.0376571,-0.0401994,0.00100433,0.00143497,-3.73163,3.51657,0.571487,0.113828,-0.0662933,0.784932
11.75,-3.75946,-3.79728,3.53813,3.56378,0.572605,0.576844,-2.78145,-2.7695,2.1496,2.13156,0.112225,0.109496,0.114548,0.1164,-0.0666684,-0.0663571,0.784942,0.786116,0.0717824,0.0683367,-0.0373594,-0.0398832,0.000998836,0.00141941,-3.75946,3.53813,0.572605,0.114548,-0.0666684,0.784942
11.76,-3.78726,-3.82518,3.55956,3.58519,0.573731,0.577994,-2.77805,-2.76599,2.13682,2.11855,0.113059,0.110361,0.115264,0.117099,-0.0670405,-0.0667099,0.784952,0.786131,0.0714187,0.0679489,-0.0370598,-0.0395648,0.000993232,0.00140528,-3.78726,3.55956,0.573731,0.115264,-0.0670405,0.784952
11.77,-3.81502,-3.85303,3.58086,3.60646,0.574866,0.579153,-2.77462,-2.76245,2.12397,2.10546,0.113892,0.111229,0.115976,0.117794,-0.0674096,-0.0670606,0.784962,0.786148,0.0710532,0.0675589,-0.0367583,-0.0392425,0.000987518,0.00139269,-3.81502,3.58086,0.574866,0.115976,-0.0674096,0.784962
11.78,-3.84275,-3.88085,3.60204,3.62759,0.576009,0.580318,-2.77117,-2.75888,2.11104,2.0923,0.114724,0.112098,0.116685,0.118486,-0.0677756,-0.0674092,0.784972,0.786165,0.0706857,0.0671657,-0.0364548,-0.0389184,0.000981695,0.00138158,-3.84275,3.60204,0.576009,0.116685,-0.0677756,0.784972
11.79,-3.87045,-3.90863,3.62308,3.6486,0.57716,0.581492,-2.76769,-2.75529,2.09803,2.07906,0.115555,0.11297,0.11739,0.119174,-0.0681387,-0.0677558,0.784982,0.786183,0.0703164,0.0667717,-0.0361493,-0.0385915,0.000975766,0.00137201,-3.87045,3.62308,0.57716,0.11739,-0.0681387,0.784982
11.8,-3.89811,-3.93637,3.644,3.66947,0.57832,0.582672,-2.76419,-2.75167,2.08495,2.06576,0.116385,0.113844,0.118091,0.119858,-0.0684986,-0.0681008,0.784992,0.786203,0.0699453,0.0663744,-0.0358419,-0.0382612,0.000969733,0.00136416,-3.89811,3.644,0.57832,0.118091,-0.0684986,0.784992
11.81,-3.92573,-3.96408,3.66478,3.6902,0.579488,0.583861,-2.76066,-2.74803,2.07179,2.05238,0.117214,0.114719,0.118789,0.120539,-0.0688555,-0.0684439,0.785001,0.786224,0.0695723,0.0659757,-0.0355325,-0.0379293,0.000963598,0.00135803,-3.92573,3.66478,0.579488,0.118789,-0.0688555,0.785001
11.82,-3.95332,-3.99174,3.68543,3.71079,0.580664,0.585056,-2.75711,-2.74436,2.05856,2.03893,0.118042,0.115597,0.119483,0.121216,-0.0692093,-0.0687855,0.785011,0.786246,0.0691975,0.0655744,-0.0352212,-0.0375949,0.000957365,0.00135355,-3.95332,3.68543,0.580664,0.119483,-0.0692093,0.785011
11.83,-3.98087,-4.01937,3.70595,3.73125,0.581849,0.586258,-2.75353,-2.74067,2.04525,2.02541,0.118869,0.116476,0.120173,0.12189,-0.0695599,-0.0691253,0.78502,0.786269,0.068821,0.0651712,-0.034908,-0.0372586,0.000951034,0.00135088,-3.98087,3.70595,0.581849,0.120173,-0.0695599,0.78502
11.84,-4.00839,-4.04696,3.72634,3.75157,0.583042,0.587468,-2.74993,-2.73696,2.03188,2.01182,0.119695,0.117357,0.120859,0.12256,-0.0699074,-0.0694636,0.78503,0.786294,0.0684427,0.0647656,-0.0345929,-0.0369198,0.000944609,0.00134996,-4.00839,3.72634,0.583042,0.120859,-0.0699074,0.78503
11.85,-4.03587,-4.07452,3.74659,3.77176,0.584243,0.588685,-2.74631,-2.73322,2.01842,1.99817,0.12052,0.118239,0.121542,0.123227,-0.0702518,-0.0698003,0.785039,0.786319,0.0680626,0.0643583,-0.0342759,-0.0365797,0.000938091,0.00135095,-4.03587,3.74659,0.584243,0.121542,-0.0702518,0.785039
11.86,-4.06332,-4.10204,3.76671,3.7918,0.585452,0.589908,-2.74266,-2.72946,2.0049,1.98444,0.121343,0.119122,0.12222,0.123891,-0.0705929,-0.0701355,0.785049,0.786345,0.0676809,0.0639487,-0.033957,-0.0362377,0.000931483,0.00135367,-4.06332,3.76671,0.585452,0.12222,-0.0705929,0.785049
11.87,-4.09072,-4.12952,3.78669,3.81171,0.58667,0.591139,-2.73898,-2.72567,1.9913,1.97064,0.122166,0.120006,0.122895,0.124551,-0.0709309,-0.0704693,0.785058,0.786372,0.0672975,0.0635373,-0.0336362,-0.0358939,0.000924787,0.00135811,-4.09072,3.78669,0.58667,0.122895,-0.0709309,0.785058
11.88,-4.1181,-4.15697,3.80653,3.83148,0.587895,0.592377,-2.73528,-2.72186,1.97763,1.95677,0.122987,0.120891,0.123566,0.125208,-0.0712656,-0.0708017,0.785067,0.7864,0.0669124,0.0631233,-0.0333135,-0.0355485,0.000918006,0.00136431,-4.1181,3.80653,0.587895,0.123566,-0.0712656,0.785067
11.89,-4.14543,-4.18439,3.82624,3.85111,0.589129,0.593621,-2.73156,-2.71803,1.96389,1.94284,0.123808,0.121776,0.124233,0.125861,-0.0715972,-0.0711324,0.785076,0.786429,0.0665257,0.0627078,-0.032989,-0.0352022,0.000911141,0.00137225,-4.14543,3.82624,0.589129,0.124233,-0.0715972,0.785076
11.9,-4.17273,-4.21176,3.84581,3.87059,0.590371,0.594872,-2.72781,-2.71418,1.95008,1.92884,0.124627,0.122661,0.124897,0.126511,-0.0719254,-0.0714616,0.785085,0.786459,0.0661374,0.0622909,-0.0326627,-0.034855,0.000904196,0.00138192,-4.17273,3.84581,0.590371,0.124897,-0.0719254,0.785085
11.91,-4.19999,-4.23911,3.86524,3.88994,0.591622,0.596131,-2.72404,-2.71031,1.9362,1.91476,0.125445,0.123546,0.125556,0.127158,-0.0722504,-0.0717895,0.785094,0.786489,0.0657475,0.0618717,-0.0323345,-0.0345065,0.000897171,0.00139323,-4.19999,3.86524,0.591622,0.125556,-0.0722504,0.785094
11.92,-4.22721,-4.26642,3.88453,3.90915,0.59288,0.597396,-2.72024,-2.70641,1.92225,1.90063,0.126262,0.124431,0.126212,0.127801,-0.0725721,-0.0721158,0.785103,0.786519,0.065356,0.0614506,-0.0320045,-0.0341564,0.00089007,0.00140592,-4.22721,3.88453,0.59288,0.126212,-0.0725721,0.785103
11.93,-4.25439,-4.29369,3.90369,3.92822,0.594147,0.598668,-2.71642,-2.70249,1.90823,1.88642,0.127078,0.125317,0.126863,0.128441,-0.0728905,-0.0724406,0.785112,0.78655,0.0649629,0.0610277,-0.0316727,-0.0338068,0.000882894,0.00142016,-4.25439,3.90369,0.594147,0.126863,-0.0728905,0.785112
11.94,-4.28154,-4.32093,3.9227,3.94714,0.595422,0.599946,-2.71257,-2.69855,1.89415,1.87215,0.127892,0.126201,0.127511,0.129077,-0.0732055,-0.072764,0.785121,0.786581,0.0645684,0.060603,-0.031339,-0.0334554,0.000875645,0.0014358,-4.28154,3.9227,0.595422,0.127511,-0.0732055,0.785121
11.95,-4.30864,-4.34814,3.94157,3.96593,0.596705,0.601232,-2.7087,-2.69459,1.87999,1.85781,0.128706,0.127084,0.128155,0.12971,-0.0735173,-0.0730855,0.78513,0.786612,0.0641723,0.0601761,-0.0310037,-0.0331039,0.000868327,0.00145268,-4.30864,3.94157,0.596705,0.128155,-0.0735173,0.78513
11.96,-4.33571,-4.37532,3.9603,3.98457,0.597996,0.602525,-2.70481,-2.69061,1.86577,1.8434,0.129518,0.127965,0.128794,0.130339,-0.0738256,-0.0734055,0.785138,0.786643,0.0637747,0.0597475,-0.0306665,-0.0327516,0.00086094,0.00147073,-4.33571,3.9603,0.597996,0.128794,-0.0738256,0.785138
11.97,-4.36274,-4.40246,3.97888,4.00307,0.599295,0.603824,-2.70089,-2.68661,1.85148,1.82893,0.13033,0.128846,0.12943,0.130964,-0.0741306,-0.0737236,0.785147,0.786674,0.0633757,0.0593174,-0.0303276,-0.0323989,0.000853488,0.00148988,-4.36274,3.97888,0.599295,0.12943,-0.0741306,0.785147
11.98,-4.38973,-4.42956,3.99733,4.02142,0.600603,0.60513,-2.69695,-2.68258,1.83712,1.81439,0.13114,0.129724,0.130062,0.131586,-0.0744322,-0.0740402,0.785155,0.786704,0.0629753,0.0588857,-0.0299869,-0.0320456,0.000845971,0.00150993,-4.38973,3.99733,0.600603,0.130062,-0.0744322,0.785155
11.99,-4.41668,-4.45663,4.01562,4.03964,0.601918,0.606444,-2.69298,-2.67854,1.8227,1.79979,0.131948,0.130601,0.13069,0.132205,-0.0747303,-0.0743548,0.785164,0.786734,0.0625734,0.0584515,-0.0296446,-0.031692,0.000838393,0.00153074,-4.41668,4.01562,0.601918,0.13069,-0.0747303,0.785164
12,-4.44359,-4.48366,4.03378,4.0577,0.603242,0.607764,-2.68899,-2.67447,1.80821,1.78512,0.132756,0.131475,0.131313,0.13282,-0.075025,-0.0746675,0.785172,0.786763,0.0621702,0.0580167,-0.0293005,-0.0313378,0.000830756,0.00155228,-4.44359,4.03378,0.603242,0.131313,-0.075025,0.785172
12.01,-4.47046,-4.51066,4.05179,4.07563,0.604573,0.609092,-2.68498,-2.67038,1.79366,1.77039,0.133563,0.132348,0.131933,0.13343,-0.0753163,-0.0749781,0.78518,0.786791,0.0617655,0.0575796,-0.0289547,-0.0309832,0.00082306,0.00157434,-4.47046,4.05179,0.604573,0.131933,-0.0753163,0.78518
12.02,-4.49729,-4.53763,4.06965,4.09341,0.605913,0.610426,-2.68094,-2.66627,1.77904,1.75559,0.134368,0.133217,0.132549,0.134037,-0.0756041,-0.0752868,0.785189,0.786818,0.0613595,0.0571412,-0.0286073,-0.0306286,0.00081531,0.00159678,-4.49729,4.06965,0.605913,0.132549,-0.0756041,0.785189
12.03,-4.52408,-4.56455,4.08737,4.11104,0.607261,0.611768,-2.67687,-2.66214,1.76436,1.74073,0.135172,0.134084,0.13316,0.13464,-0.0758885,-0.0755932,0.785197,0.786844,0.0609522,0.0567019,-0.0282582,-0.0302734,0.000807506,0.0016194,-4.52408,4.08737,0.607261,0.13316,-0.0758885,0.785197
12.04,-4.55082,-4.59144,4.10494,4.12852,0.608616,0.613118,-2.67279,-2.65799,1.74961,1.72581,0.135975,0.134948,0.133768,0.13524,-0.0761693,-0.0758973,0.785205,0.786868,0.0605435,0.0562603,-0.0279075,-0.0299178,0.00079965,0.00164217,-4.55082,4.10494,0.608616,0.133768,-0.0761693,0.785205
12.05,-4.57753,-4.6183,4.12236,4.14586,0.60998,0.614474,-2.66868,-2.65382,1.73481,1.71082,0.136776,0.135808,0.134371,0.135835,-0.0764466,-0.0761992,0.785213,0.786891,0.0601336,0.0558184,-0.0275551,-0.0295619,0.000791745,0.00166473,-4.57753,4.12236,0.60998,0.134371,-0.0764466,0.785213
12.06,-4.6042,-4.64511,4.13964,4.16305,0.611352,0.615838,-2.66454,-2.64962,1.71993,1.69578,0.137577,0.136666,0.13497,0.136426,-0.0767204,-0.0764986,0.785221,0.786912,0.0597223,0.0553744,-0.0272011,-0.0292055,0.000783793,0.00168712,-4.6042,4.13964,0.611352,0.13497,-0.0767204,0.785221
12.07,-4.63082,-4.67189,4.15676,4.18009,0.612732,0.617209,-2.66039,-2.64541,1.705,1.68067,0.138376,0.13752,0.135565,0.137013,-0.0769906,-0.0767954,0.785228,0.786932,0.0593098,0.0549301,-0.0268456,-0.0288479,0.000775795,0.00170921,-4.63082,4.15676,0.612732,0.135565,-0.0769906,0.785228
12.08,-4.65741,-4.69863,4.17374,4.19698,0.614119,0.618587,-2.6562,-2.64117,1.69001,1.6655,0.139174,0.13837,0.136156,0.137596,-0.0772573,-0.0770895,0.785236,0.786949,0.0588961,0.0544851,-0.0264884,-0.0284902,0.000767754,0.00173058,-4.65741,4.17374,0.614119,0.136156,-0.0772573,0.785236
12.09,-4.68395,-4.72533,4.19056,4.21373,0.615515,0.619973,-2.652,-2.63691,1.67496,1.65027,0.139971,0.139217,0.136743,0.138174,-0.0775204,-0.0773812,0.785244,0.786965,0.0584812,0.0540386,-0.0261298,-0.0281305,0.000759672,0.00175141,-4.68395,4.19056,0.615515,0.136743,-0.0775204,0.785244
12.1,-4.71045,-4.75199,4.20723,4.23032,0.616919,0.621367,-2.64777,-2.63263,1.65984,1.63497,0.140766,0.140059,0.137326,0.138749,-0.0777799,-0.0776699,0.785251,0.786978,0.058065,0.0535916,-0.0257695,-0.0277715,0.00075155,0.00177133,-4.71045,4.20723,0.616919,0.137326,-0.0777799,0.785251
12.11,-4.7369,-4.7786,4.22376,4.24676,0.61833,0.622769,-2.64352,-2.62833,1.64467,1.61962,0.14156,0.140899,0.137905,0.139318,-0.0780358,-0.0779556,0.785259,0.786988,0.0576476,0.053145,-0.0254078,-0.0274107,0.00074339,0.0017903,-4.7369,4.22376,0.61833,0.137905,-0.0780358,0.785259
12.12,-4.76332,-4.80518,4.24013,4.26305,0.61975,0.624178,-2.63924,-2.62401,1.62944,1.60421,0.142353,0.141734,0.138479,0.139884,-0.078288,-0.0782384,0.785266,0.786997,0.0572291,0.0526973,-0.0250446,-0.0270482,0.000735195,0.00180808,-4.76332,4.24013,0.61975,0.138479,-0.078288,0.785266
12.13,-4.78969,-4.83171,4.25635,4.27919,0.621177,0.625594,-2.63494,-2.61967,1.61414,1.58875,0.143145,0.142566,0.139049,0.140445,-0.0785367,-0.0785179,0.785273,0.787003,0.0568095,0.05225,-0.0246799,-0.0266853,0.000726966,0.00182472,-4.78969,4.25635,0.621177,0.139049,-0.0785367,0.785273
12.14,-4.81601,-4.8582,4.27241,4.29517,0.622613,0.627019,-2.63062,-2.6153,1.5988,1.57322,0.143935,0.143393,0.139615,0.141002,-0.0787816,-0.0787944,0.785281,0.787006,0.0563886,0.0518026,-0.0243137,-0.0263204,0.000718705,0.00183992,-4.81601,4.27241,0.622613,0.139615,-0.0787816,0.785281
12.15,-4.8423,-4.88464,4.28832,4.311,0.624056,0.628452,-2.62627,-2.61091,1.58339,1.55764,0.144724,0.144217,0.140177,0.141554,-0.0790229,-0.0790676,0.785288,0.787007,0.0559667,0.0513554,-0.0239461,-0.0259538,0.000710414,0.00185369,-4.8423,4.28832,0.624056,0.140177,-0.0790229,0.785288
12.16,-4.86854,-4.91104,4.30408,4.32667,0.625507,0.629892,-2.6219,-2.6065,1.56793,1.542,0.145512,0.145037,0.140735,0.142101,-0.0792605,-0.0793373,0.785295,0.787005,0.0555437,0.0509089,-0.023577,-0.0255854,0.000702095,0.00186579,-4.86854,4.30408,0.625507,0.140735,-0.0792605,0.785295
12.17,-4.89474,-4.93739,4.31968,4.34219,0.626966,0.631341,-2.61751,-2.60207,1.55241,1.5263,0.146298,0.145854,0.141288,0.142644,-0.0794945,-0.0796037,0.785302,0.787,0.0551196,0.0504625,-0.0232066,-0.0252155,0.000693749,0.00187631,-4.89474,4.31968,0.626966,0.141288,-0.0794945,0.785302
12.18,-4.92089,-4.9637,4.33513,4.35755,0.628433,0.632798,-2.61309,-2.59762,1.53683,1.51055,0.147083,0.146666,0.141837,0.143182,-0.0797247,-0.0798663,0.785309,0.786993,0.0546944,0.0500171,-0.0228347,-0.0248433,0.000685379,0.00188498,-4.92089,4.33513,0.628433,0.141837,-0.0797247,0.785309
12.19,-4.947,-4.98995,4.35042,4.37275,0.629908,0.634263,-2.60865,-2.59315,1.5212,1.49474,0.147867,0.147475,0.142382,0.143716,-0.0799512,-0.0801255,0.785316,0.786983,0.0542682,0.049573,-0.0224616,-0.0244692,0.000676986,0.00189191,-4.947,4.35042,0.629908,0.142382,-0.0799512,0.785316
12.2,-4.97306,-5.01616,4.36555,4.38779,0.631391,0.635736,-2.60419,-2.58865,1.50551,1.47888,0.148649,0.14828,0.142922,0.144245,-0.0801739,-0.0803808,0.785322,0.78697,0.0538409,0.0491291,-0.022087,-0.0240921,0.000668572,0.00189692,-4.97306,4.36555,0.631391,0.142922,-0.0801739,0.785322
12.21,-4.99908,-5.04233,4.38053,4.40268,0.632881,0.637217,-2.5997,-2.58413,1.48978,1.46297,0.14943,0.149083,0.143459,0.144769,-0.0803929,-0.0806324,0.785329,0.786955,0.0534126,0.0486874,-0.0217112,-0.023713,0.000660139,0.00190011,-4.99908,4.38053,0.632881,0.143459,-0.0803929,0.785329
12.22,-5.02506,-5.06844,4.39534,4.4174,0.634379,0.638707,-2.59519,-2.57959,1.47398,1.447,0.15021,0.149882,0.143991,0.145288,-0.0806081,-0.08088,0.785335,0.786937,0.0529832,0.0482463,-0.021334,-0.023331,0.000651688,0.00190119,-5.02506,4.39534,0.634379,0.143991,-0.0806081,0.785335
12.23,-5.05099,-5.09449,4.41001,4.43196,0.635885,0.640205,-2.59066,-2.57503,1.45814,1.43098,0.150988,0.150678,0.144518,0.145803,-0.0808196,-0.0811237,0.785342,0.786917,0.0525529,0.0478067,-0.0209556,-0.022946,0.000643221,0.0019003,-5.05099,4.41001,0.635885,0.144518,-0.0808196,0.785342
12.24,-5.07687,-5.12051,4.42451,4.44637,0.637399,0.641713,-2.5861,-2.57044,1.44224,1.41491,0.151765,0.151471,0.145042,0.146313,-0.0810272,-0.0813633,0.785348,0.786895,0.0521216,0.0473691,-0.0205758,-0.0225587,0.000634741,0.00189739,-5.07687,4.42451,0.637399,0.145042,-0.0810272,0.785348
12.25,-5.10271,-5.14647,4.43885,4.4606,0.63892,0.643228,-2.58152,-2.56584,1.42629,1.39878,0.152541,0.152262,0.145561,0.146818,-0.0812311,-0.0815988,0.785355,0.78687,0.0516894,0.0469332,-0.0201949,-0.0221681,0.000626248,0.0018926,-5.10271,4.43885,0.63892,0.145561,-0.0812311,0.785355
12.26,-5.1285,-5.17238,4.45303,4.47468,0.64045,0.644753,-2.57692,-2.56121,1.41029,1.38261,0.153315,0.15305,0.146075,0.147318,-0.0814311,-0.0818301,0.785361,0.786843,0.0512562,0.0464987,-0.0198127,-0.0217748,0.000617744,0.00188579,-5.1285,4.45303,0.64045,0.146075,-0.0814311,0.785361
12.27,-5.15425,-5.19823,4.46706,4.48859,0.641987,0.646286,-2.57229,-2.55656,1.39424,1.36638,0.154088,0.153836,0.146586,0.147814,-0.0816273,-0.0820573,0.785367,0.786815,0.050822,0.0460654,-0.0194293,-0.0213782,0.000609231,0.00187705,-5.15425,4.46706,0.641987,0.146586,-0.0816273,0.785367
12.28,-5.17995,-5.22404,4.48092,4.50234,0.643532,0.647828,-2.56764,-2.55188,1.37814,1.3501,0.15486,0.15462,0.147092,0.148305,-0.0818197,-0.0822799,0.785373,0.786784,0.0503869,0.045635,-0.0190447,-0.0209786,0.000600711,0.00186637,-5.17995,4.48092,0.643532,0.147092,-0.0818197,0.785373
12.29,-5.2056,-5.24979,4.49462,4.51592,0.645084,0.649379,-2.56297,-2.54719,1.36198,1.33377,0.15563,0.155403,0.147594,0.148791,-0.0820082,-0.0824983,0.785379,0.786752,0.0499509,0.0452055,-0.018659,-0.0205757,0.000592185,0.00185385,-5.2056,4.49462,0.645084,0.147594,-0.0820082,0.785379
12.3,-5.2312,-5.2755,4.50816,4.52933,0.646644,0.650939,-2.55828,-2.54247,1.34579,1.3174,0.156399,0.156184,0.148091,0.149273,-0.0821929,-0.0827123,0.785385,0.786719,0.049514,0.0447774,-0.0182721,-0.0201694,0.000583654,0.00183949,-5.2312,4.50816,0.646644,0.148091,-0.0821929,0.785385
12.31,-5.25676,-5.30115,4.52153,4.54258,0.648212,0.652508,-2.55356,-2.53773,1.32954,1.30097,0.157166,0.156962,0.148584,0.149749,-0.0823737,-0.0829217,0.785391,0.786684,0.0490762,0.0443521,-0.0178842,-0.019761,0.000575121,0.00182346,-5.25676,4.52153,0.648212,0.148584,-0.0823737,0.785391
12.32,-5.28228,-5.32674,4.53475,4.55566,0.649787,0.654086,-2.54882,-2.53297,1.31324,1.2845,0.157932,0.157741,0.149072,0.150221,-0.0825506,-0.0831265,0.785396,0.786648,0.0486376,0.0439271,-0.0174951,-0.0193489,0.000566587,0.00180581,-5.28228,4.53475,0.649787,0.149072,-0.0825506,0.785396
12.33,-5.30774,-5.35229,4.5478,4.56858,0.651371,0.655674,-2.54406,-2.52819,1.2969,1.26797,0.158696,0.158518,0.149557,0.150689,-0.0827236,-0.0833266,0.785402,0.786612,0.048198,0.0435043,-0.0171049,-0.0189337,0.000558053,0.00178666,-5.30774,4.5478,0.651371,0.149557,-0.0827236,0.785402
12.34,-5.33316,-5.37779,4.56069,4.58132,0.652961,0.657271,-2.53928,-2.52338,1.28051,1.2514,0.159459,0.159295,0.150036,0.151151,-0.0828926,-0.083522,0.785408,0.786575,0.0477576,0.0430812,-0.0167136,-0.018515,0.000549521,0.00176601,-5.33316,4.56069,0.652961,0.150036,-0.0828926,0.785408
12.35,-5.35853,-5.40323,4.57341,4.5939,0.65456,0.658877,-2.53447,-2.51855,1.26407,1.23479,0.160221,0.160072,0.150512,0.151609,-0.0830578,-0.0837127,0.785413,0.786538,0.0473164,0.0426606,-0.0163214,-0.0180946,0.000540993,0.00174402,-5.35853,4.57341,0.65456,0.150512,-0.0830578,0.785413
12.36,-5.38385,-5.42863,4.58597,4.60631,0.656166,0.660492,-2.52964,-2.5137,1.24759,1.21812,0.160981,0.160848,0.150983,0.152063,-0.0832191,-0.0838985,0.785418,0.7865,0.0468743,0.0422401,-0.0159281,-0.0176707,0.000532469,0.00172088,-5.38385,4.58597,0.656166,0.150983,-0.0832191,0.785418
12.37,-5.40912,-5.45397,4.59836,4.61855,0.657779,0.662118,-2.52478,-2.50883,1.23107,1.20141,0.16174,0.161624,0.151449,0.152512,-0.0833764,-0.0840793,0.785424,0.786463,0.0464314,0.0418208,-0.0155338,-0.0172444,0.000523952,0.00169663,-5.40912,4.59836,0.657779,0.151449,-0.0833764,0.785424
12.38,-5.43434,-5.47926,4.61059,4.63061,0.659401,0.663752,-2.51991,-2.50393,1.2145,1.18465,0.162497,0.1624,0.151911,0.152956,-0.0835297,-0.0842554,0.785429,0.786426,0.0459877,0.0414014,-0.0151385,-0.016815,0.000515443,0.00167139,-5.43434,4.61059,0.659401,0.151911,-0.0835297,0.785429
12.39,-5.45952,-5.5045,4.62265,4.64251,0.661029,0.665396,-2.51501,-2.49901,1.19789,1.16785,0.163253,0.163177,0.152369,0.153395,-0.0836791,-0.0844262,0.785434,0.786389,0.0455432,0.0409819,-0.0147423,-0.0163834,0.000506943,0.00164537,-5.45952,4.62265,0.661029,0.152369,-0.0836791,0.785434
12.4,-5.48464,-5.52969,4.63455,4.65424,0.662666,0.66705,-2.51009,-2.49407,1.18123,1.151,0.164007,0.163954,0.152822,0.15383,-0.0838246,-0.0845921,0.785439,0.786353,0.0450979,0.0405628,-0.0143451,-0.0159497,0.000498454,0.00161868,-5.48464,4.63455,0.662666,0.152822,-0.0838246,0.785439
12.41,-5.50972,-5.55483,4.64627,4.66579,0.664309,0.668712,-2.50515,-2.4891,1.16453,1.13411,0.16476,0.164732,0.153271,0.154261,-0.083966,-0.0847528,0.785444,0.786319,0.0446519,0.0401432,-0.013947,-0.015514,0.000489976,0.0015914,-5.50972,4.64627,0.664309,0.153271,-0.083966,0.785444
12.42,-5.53475,-5.57992,4.65784,4.67717,0.665961,0.670384,-2.50018,-2.48412,1.14779,1.11717,0.165512,0.16551,0.153715,0.154687,-0.0841035,-0.0849083,0.785449,0.786285,0.044205,0.0397221,-0.013548,-0.0150762,0.000481513,0.00156367,-5.53475,4.65784,0.665961,0.153715,-0.0841035,0.785449
12.43,-5.55972,-5.60497,4.66923,4.68839,0.66762,0.672066,-2.49519,-2.47911,1.13101,1.10019,0.166261,0.166289,0.154155,0.155108,-0.084237,-0.0850586,0.785454,0.786253,0.0437574,0.0393006,-0.0131481,-0.0146364,0.000473064,0.00153583,-5.55972,4.66923,0.66762,0.154155,-0.084237,0.785454
12.44,-5.58465,-5.62996,4.68046,4.69942,0.669286,0.673756,-2.49018,-2.47408,1.11419,1.08317,0.16701,0.167069,0.15459,0.155525,-0.0843665,-0.0852035,0.785458,0.786223,0.043309,0.0388779,-0.0127474,-0.0141959,0.000464631,0.00150777,-5.58465,4.68046,0.669286,0.15459,-0.0843665,0.785458
12.45,-5.60953,-5.65491,4.69151,4.71029,0.67096,0.675456,-2.48515,-2.46902,1.09733,1.0661,0.167757,0.16785,0.155021,0.155937,-0.0844919,-0.0853429,0.785463,0.786193,0.04286,0.0384536,-0.0123458,-0.0137525,0.000456215,0.00147977,-5.60953,4.69151,0.67096,0.155021,-0.0844919,0.785463
12.46,-5.63435,-5.67981,4.7024,4.72098,0.672641,0.677165,-2.4801,-2.46394,1.08043,1.049,0.168502,0.168632,0.155448,0.156345,-0.0846134,-0.0854771,0.785467,0.786167,0.0424101,0.0380274,-0.0119434,-0.013309,0.000447819,0.00145195,-5.63435,4.7024,0.672641,0.155448,-0.0846134,0.785467
12.47,-5.65913,-5.70466,4.71312,4.7315,0.67433,0.678883,-2.47502,-2.45884,1.06349,1.03185,0.169246,0.169414,0.155869,0.156748,-0.0847308,-0.0856057,0.785472,0.786142,0.0419596,0.0375989,-0.0115402,-0.0128647,0.000439442,0.00142455,-5.65913,4.71312,0.67433,0.155869,-0.0847308,0.785472
12.48,-5.68385,-5.72945,4.72367,4.74185,0.676026,0.68061,-2.46992,-2.45372,1.04651,1.01466,0.169988,0.170198,0.156287,0.157147,-0.0848442,-0.0857287,0.785476,0.786119,0.0415083,0.0371683,-0.0111362,-0.0124191,0.000431087,0.00139748,-5.68385,4.72367,0.676026,0.156287,-0.0848442,0.785476
12.49,-5.70853,-5.75421,4.73405,4.75202,0.67773,0.682345,-2.4648,-2.44858,1.0295,0.997433,0.170729,0.170982,0.1567,0.157541,-0.0849535,-0.0858462,0.78548,0.786099,0.0410563,0.0367347,-0.0107315,-0.011973,0.000422754,0.00137107,-5.70853,4.73405,0.67773,0.1567,-0.0849535,0.78548
12.5,-5.73315,-5.77891,4.74426,4.76202,0.679441,0.684089,-2.45966,-2.44341,1.01244,0.980167,0.171468,0.171767,0.157108,0.157931,-0.0850588,-0.0859582,0.785485,0.786081,0.0406037,0.0362988,-0.010326,-0.0115269,0.000414445,0.00134532,-5.73315,4.74426,0.679441,0.157108,-0.0850588,0.785485
12.51,-5.75772,-5.80357,4.7543,4.77184,0.681159,0.685842,-2.45449,-2.43822,0.995356,0.962864,0.172206,0.172553,0.157512,0.158316,-0.0851601,-0.0860645,0.785489,0.786065,0.0401503,0.0358591,-0.00991976,-0.0110797,0.000406161,0.0013206,-5.75772,4.7543,0.681159,0.157512,-0.0851601,0.785489
12.52,-5.78224,-5.82818,4.76417,4.78149,0.682885,0.687602,-2.44931,-2.433,0.978232,0.945525,0.172942,0.173339,0.157911,0.158696,-0.0852572,-0.086165,0.785493,0.786052,0.0396963,0.0354166,-0.00951283,-0.0106331,0.000397903,0.00129671,-5.78224,4.76417,0.682885,0.157911,-0.0852572,0.785493
12.53,-5.80671,-5.85274,4.77387,4.79096,0.684618,0.689371,-2.4441,-2.42777,0.961073,0.92815,0.173677,0.174126,0.158306,0.159072,-0.0853503,-0.0862599,0.785497,0.786042,0.0392415,0.0349701,-0.00910521,-0.0101861,0.000389673,0.00127397,-5.80671,4.77387,0.684618,0.158306,-0.0853503,0.785497
12.54,-5.83112,-5.87725,4.78339,4.80026,0.686358,0.691148,-2.43887,-2.42251,0.94388,0.910739,0.17441,0.174913,0.158696,0.159444,-0.0854393,-0.086349,0.785501,0.786034,0.0387862,0.0345214,-0.00869692,-0.00974026,0.000381471,0.00125249,-5.83112,4.78339,0.686358,0.158696,-0.0854393,0.785501
12.55,-5.85548,-5.90172,4.79274,4.80938,0.688106,0.692932,-2.43361,-2.41722,0.926652,0.893295,0.175141,0.175699,0.159081,0.15981,-0.0855242,-0.0864324,0.785504,0.786029,0.0383301,0.0340681,-0.00828798,-0.00929434,0.000373298,0.00123224,-5.85548,4.79274,0.688106,0.159081,-0.0855242,0.785504
12.56,-5.87979,-5.92613,4.80192,4.81833,0.689861,0.694724,-2.42834,-2.41192,0.909392,0.875819,0.175871,0.176486,0.159462,0.160173,-0.0856051,-0.08651,0.785508,0.786026,0.0378734,0.0336108,-0.00787841,-0.00884823,0.000365156,0.00121348,-5.87979,4.80192,0.689861,0.159462,-0.0856051,0.785508
12.57,-5.90405,-5.9505,4.81093,4.82709,0.691623,0.696522,-2.42304,-2.40659,0.892099,0.858313,0.1766,0.177273,0.159839,0.16053,-0.0856818,-0.0865818,0.785512,0.786026,0.0374161,0.0331504,-0.00746822,-0.00840378,0.000357046,0.00119618,-5.90405,4.81093,0.691623,0.159839,-0.0856818,0.785512
12.58,-5.92825,-5.97481,4.81977,4.83569,0.693393,0.698328,-2.41773,-2.40124,0.874774,0.840774,0.177326,0.178059,0.160211,0.160883,-0.0857544,-0.0866479,0.785515,0.786028,0.0369582,0.0326855,-0.00705743,-0.00796033,0.000348969,0.00118041,-5.92825,4.81977,0.693393,0.160211,-0.0857544,0.785515
12.59,-5.9524,-5.99908,4.82843,4.8441,0.69517,0.700141,-2.41239,-2.39587,0.857418,0.823208,0.178052,0.178843,0.160578,0.161232,-0.085823,-0.0867083,0.785519,0.786033,0.0364996,0.0322169,-0.00664606,-0.00751737,0.000340926,0.0011663,-5.9524,4.82843,0.69517,0.160578,-0.085823,0.785519
12.6,-5.9765,-6.02329,4.83691,4.85234,0.696954,0.701961,-2.40702,-2.39047,0.840031,0.805611,0.178775,0.179627,0.160941,0.161576,-0.0858874,-0.086763,0.785522,0.78604,0.0360404,0.0317446,-0.00623412,-0.00707563,0.000332918,0.00115389,-5.9765,4.83691,0.696954,0.160941,-0.0858874,0.785522
12.61,-6.00054,-6.04745,4.84523,4.86039,0.698745,0.703786,-2.40164,-2.38505,0.822614,0.78799,0.179497,0.18041,0.161299,0.161915,-0.0859476,-0.086812,0.785525,0.786049,0.0355806,0.0312688,-0.00582164,-0.00663456,0.000324945,0.00114331,-6.00054,4.84523,0.698745,0.161299,-0.0859476,0.785525
12.62,-6.02453,-6.07156,4.85337,4.86827,0.700544,0.705618,-2.39624,-2.37961,0.805167,0.770343,0.180217,0.181192,0.161652,0.16225,-0.0860038,-0.0868553,0.785528,0.78606,0.0351202,0.0307894,-0.00540863,-0.0061954,0.00031701,0.00113444,-6.02453,4.85337,0.700544,0.161652,-0.0860038,0.785528
12.63,-6.04847,-6.09561,4.86133,4.87597,0.70235,0.707456,-2.39081,-2.37415,0.787692,0.75267,0.180936,0.181971,0.162001,0.16258,-0.0860558,-0.086893,0.785532,0.786074,0.0346592,0.0303063,-0.00499511,-0.00575694,0.000309112,0.00112732,-6.04847,4.86133,0.70235,0.162001,-0.0860558,0.785532
12.64,-6.07235,-6.11961,4.86912,4.88349,0.704163,0.709299,-2.38536,-2.36866,0.770188,0.734973,0.181653,0.182749,0.162345,0.162905,-0.0861037,-0.0869252,0.785535,0.786089,0.0341976,0.02982,-0.00458109,-0.00532023,0.000301254,0.00112209,-6.07235,4.86912,0.704163,0.162345,-0.0861037,0.785535
12.65,-6.09618,-6.14356,4.87673,4.89083,0.705983,0.711148,-2.3799,-2.36315,0.752657,0.717256,0.182369,0.183524,0.162685,0.163226,-0.0861474,-0.0869518,0.785538,0.786106,0.0337354,0.0293307,-0.0041666,-0.00488463,0.000293435,0.00111872,-6.09618,4.87673,0.705983,0.162685,-0.0861474,0.785538
12.66,-6.11995,-6.16745,4.88417,4.89799,0.70781,0.713003,-2.37441,-2.35762,0.735099,0.699516,0.183082,0.184297,0.16302,0.163542,-0.086187,-0.0869728,0.785541,0.786125,0.0332727,0.0288383,-0.00375163,-0.00445029,0.000285657,0.00111714,-6.11995,4.88417,0.70781,0.16302,-0.086187,0.785541
12.67,-6.14366,-6.19128,4.89144,4.90497,0.709645,0.714862,-2.36889,-2.35207,0.717515,0.681755,0.183795,0.185067,0.16335,0.163854,-0.0862225,-0.0869886,0.785543,0.786145,0.0328093,0.0283431,-0.00333623,-0.00401762,0.000277921,0.00111727,-6.14366,4.89144,0.709645,0.16335,-0.0862225,0.785543
12.68,-6.16733,-6.21506,4.89852,4.91177,0.711486,0.716728,-2.36336,-2.34649,0.699904,0.663977,0.184505,0.185834,0.163676,0.164161,-0.0862537,-0.086999,0.785546,0.786167,0.0323455,0.0278455,-0.00292039,-0.00358677,0.000270227,0.00111929,-6.16733,4.89852,0.711486,0.163676,-0.0862537,0.785546
12.69,-6.19093,-6.23878,4.90543,4.91839,0.713335,0.718597,-2.35781,-2.34089,0.682269,0.646182,0.185214,0.186598,0.163997,0.164463,-0.0862809,-0.0870042,0.785549,0.78619,0.0318811,0.0273459,-0.00250415,-0.00315693,0.000262576,0.00112307,-6.19093,4.90543,0.713335,0.163997,-0.0862809,0.785549
12.7,-6.21448,-6.26243,4.91217,4.92482,0.71519,0.720472,-2.35223,-2.33527,0.664609,0.628367,0.185921,0.187359,0.164314,0.164761,-0.0863038,-0.0870043,0.785551,0.786213,0.0314161,0.0268439,-0.0020875,-0.0027285,0.00025497,0.00112848,-6.21448,4.91217,0.71519,0.164314,-0.0863038,0.785551
12.71,-6.23798,-6.28603,4.91873,4.93108,0.717053,0.722352,-2.34664,-2.32963,0.646926,0.610537,0.186627,0.188117,0.164626,0.165055,-0.0863226,-0.0869992,0.785554,0.786237,0.0309506,0.0263403,-0.00167047,-0.00230169,0.000247409,0.00113556,-6.23798,4.91873,0.717053,0.164626,-0.0863226,0.785554
12.72,-6.26141,-6.30957,4.92511,4.93715,0.718923,0.724236,-2.34102,-2.32396,0.629219,0.592692,0.18733,0.188871,0.164933,0.165344,-0.0863372,-0.0869892,0.785556,0.786263,0.0304846,0.0258357,-0.00125307,-0.0018767,0.000239894,0.00114423,-6.26141,4.92511,0.718923,0.164933,-0.0863372,0.785556
12.73,-6.2848,-6.33304,4.93131,4.94304,0.7208,0.726124,-2.33538,-2.31827,0.61149,0.574834,0.188032,0.189621,0.165235,0.165628,-0.0863477,-0.0869742,0.785559,0.786288,0.030018,0.0253293,-0.000835326,-0.00145298,0.000232426,0.00115436,-6.2848,4.93131,0.7208,0.165235,-0.0863477,0.785559
12.74,-6.30812,-6.35645,4.93734,4.94875,0.722683,0.728018,-2.32972,-2.31256,0.593739,0.556962,0.188733,0.190367,0.165533,0.165908,-0.0863539,-0.0869544,0.785561,0.786314,0.029551,0.0248225,-0.000417238,-0.00103042,0.000225005,0.00116594,-6.30812,4.93734,0.722683,0.165533,-0.0863539,0.785561
12.75,-6.33139,-6.3798,4.94318,4.95427,0.724574,0.729916,-2.32404,-2.30683,0.575967,0.539077,0.189432,0.19111,0.165826,0.166184,-0.086356,-0.08693,0.785563,0.78634,0.0290834,0.024315,1.16431e-06,-0.000609607,0.000217633,0.00117885,-6.33139,4.94318,0.724574,0.165826,-0.086356,0.785563
12.76,-6.3546,-6.40308,4.94886,4.95962,0.726472,0.731818,-2.31834,-2.30107,0.558173,0.52118,0.190129,0.191849,0.166115,0.166456,-0.0863539,-0.0869009,0.785565,0.786366,0.0286153,0.0238076,0.00041988,-0.000189848,0.000210309,0.00119293,-6.3546,4.94886,0.726472,0.166115,-0.0863539,0.785565
12.77,-6.37776,-6.42631,4.95435,4.96477,0.728377,0.733725,-2.31262,-2.29529,0.54036,0.503271,0.190824,0.192583,0.166399,0.166723,-0.0863476,-0.0868673,0.785567,0.786391,0.0281468,0.0233001,0.000838881,0.000228412,0.000203035,0.00120831,-6.37776,4.95435,0.728377,0.166399,-0.0863476,0.785567
12.78,-6.40085,-6.44946,4.95966,4.96975,0.730289,0.735637,-2.30687,-2.28949,0.522528,0.485355,0.191518,0.193313,0.166678,0.166986,-0.0863371,-0.0868293,0.785569,0.786417,0.0276778,0.0227931,0.00125816,0.000644945,0.000195812,0.00122459,-6.40085,4.95966,0.730289,0.166678,-0.0863371,0.785569
12.79,-6.42389,-6.47254,4.9648,4.97454,0.732207,0.737553,-2.30111,-2.28367,0.504677,0.467426,0.192209,0.194039,0.166952,0.167245,-0.0863225,-0.0867869,0.785571,0.786441,0.0272083,0.0222862,0.00167771,0.00106053,0.00018864,0.00124179,-6.42389,4.9648,0.732207,0.166952,-0.0863225,0.785571
12.8,-6.44688,-6.49556,4.96976,4.97915,0.734133,0.739474,-2.29533,-2.27782,0.486808,0.449488,0.1929,0.194761,0.167222,0.1675,-0.0863036,-0.0867404,0.785573,0.786466,0.0267383,0.0217811,0.0020975,0.00147487,0.000181519,0.00125971,-6.44688,4.96976,0.734133,0.167222,-0.0863036,0.785573
12.81,-6.4698,-6.51852,4.97453,4.98357,0.736065,0.741399,-2.28952,-2.27196,0.468921,0.43154,0.193588,0.195479,0.167487,0.167751,-0.0862805,-0.0866893,0.785575,0.786489,0.0262678,0.0212765,0.00251752,0.00188767,0.000174451,0.00127843,-6.4698,4.97453,0.736065,0.167487,-0.0862805,0.785575
12.82,-6.49267,-6.5414,4.97913,4.98781,0.738005,0.743329,-2.28369,-2.26607,0.451017,0.413587,0.194275,0.196193,0.167747,0.167998,-0.0862532,-0.0866346,0.785577,0.786512,0.0257969,0.0207734,0.00293777,0.0023,0.000167436,0.00129758,-6.49267,4.97913,0.738005,0.167747,-0.0862532,0.785577
12.83,-6.51547,-6.56422,4.98356,4.99187,0.739951,0.745265,-2.27785,-2.26015,0.433098,0.395623,0.19496,0.196902,0.168003,0.16824,-0.0862217,-0.0865757,0.785578,0.786534,0.0253256,0.0202718,0.00335822,0.00271051,0.000160475,0.0013172,-6.51547,4.98356,0.739951,0.168003,-0.0862217,0.785578
12.84,-6.53822,-6.58697,4.9878,4.99574,0.741904,0.747205,-2.27198,-2.25422,0.415162,0.377651,0.195643,0.197607,0.168254,0.168479,-0.0861861,-0.0865127,0.78558,0.786555,0.0248538,0.0197722,0.00377887,0.00312053,0.000153568,0.00133714,-6.53822,4.9878,0.741904,0.168254,-0.0861861,0.78558
12.85,-6.56091,-6.60966,4.99186,4.99943,0.743864,0.749151,-2.26609,-2.24826,0.397212,0.359672,0.196324,0.198309,0.1685,0.168715,-0.0861462,-0.0864459,0.785581,0.786575,0.0243817,0.0192744,0.00419969,0.00352904,0.000146716,0.0013573,-6.56091,4.99186,0.743864,0.1685,-0.0861462,0.785581
12.86,-6.58355,-6.63227,4.99574,5.00294,0.74583,0.751102,-2.26019,-2.24229,0.379248,0.341687,0.197004,0.199006,0.168742,0.168946,-0.0861021,-0.0863754,0.785583,0.786593,0.023909,0.0187787,0.00462069,0.00393606,0.00013992,0.00137734,-6.58355,4.99574,0.74583,0.168742,-0.0861021,0.785583
12.87,-6.60612,-6.65482,4.99944,5.00626,0.747804,0.753058,-2.25426,-2.23629,0.36127,0.323692,0.197682,0.1997,0.168978,0.169174,-0.0860538,-0.0863011,0.785584,0.786611,0.023436,0.0182857,0.00504182,0.00434305,0.000133179,0.0013974,-6.60612,4.99944,0.747804,0.168978,-0.0860538,0.785584
12.88,-6.62863,-6.67729,5.00297,5.0094,0.749784,0.75502,-2.24831,-2.23026,0.343279,0.305694,0.198358,0.20039,0.16921,0.169398,-0.0860012,-0.0862233,0.785585,0.786627,0.0229626,0.017795,0.00546311,0.00474825,0.000126495,0.00141729,-6.62863,5.00297,0.749784,0.16921,-0.0860012,0.785585
12.89,-6.65108,-6.6997,5.00631,5.01235,0.751771,0.756988,-2.24234,-2.22422,0.325276,0.287684,0.199032,0.201076,0.169437,0.169618,-0.0859445,-0.0861417,0.785587,0.786642,0.0224888,0.0173065,0.00588451,0.00515332,0.000119869,0.0014367,-6.65108,5.00631,0.751771,0.169437,-0.0859445,0.785587
12.9,-6.67348,-6.72204,5.00947,5.01513,0.753764,0.758961,-2.23635,-2.21815,0.307261,0.269671,0.199705,0.201759,0.16966,0.169834,-0.0858835,-0.0860565,0.785588,0.786655,0.0220145,0.016821,0.00630603,0.00555716,0.000113299,0.00145583,-6.67348,5.00947,0.753764,0.16966,-0.0858835,0.785588
12.91,-6.69581,-6.74431,5.01245,5.01771,0.755765,0.760941,-2.23034,-2.21207,0.289235,0.251649,0.200375,0.202439,0.169878,0.170047,-0.0858184,-0.085968,0.785589,0.786667,0.02154,0.0163383,0.00672764,0.00595992,0.000106788,0.00147429,-6.69581,5.01245,0.755765,0.169878,-0.0858184,0.785589
12.92,-6.71808,-6.76652,5.01526,5.02012,0.757772,0.762927,-2.22431,-2.20596,0.271198,0.233622,0.201044,0.203115,0.170091,0.170257,-0.085749,-0.0858757,0.78559,0.786678,0.021065,0.0158578,0.00714935,0.00636194,0.000100336,0.00149204,-6.71808,5.01526,0.757772,0.170091,-0.085749,0.78559
12.93,-6.7403,-6.78865,5.01788,5.02235,0.759786,0.764919,-2.21826,-2.19982,0.253152,0.215589,0.201711,0.203788,0.170299,0.170463,-0.0856754,-0.08578,0.785591,0.786687,0.0205897,0.0153803,0.00757112,0.00676339,9.39423e-05,0.00150904,-6.7403,5.01788,0.759786,0.170299,-0.0856754,0.785591
12.94,-6.76245,-6.81072,5.02032,5.02438,0.761806,0.766918,-2.2122,-2.19367,0.235097,0.197551,0.202377,0.204458,0.170503,0.170665,-0.0855976,-0.085681,0.785592,0.786695,0.020114,0.0149056,0.00799296,0.0071641,8.76082e-05,0.00152516,-6.76245,5.02032,0.761806,0.170503,-0.0855976,0.785592
12.95,-6.78454,-6.83272,5.02258,5.02624,0.763833,0.768924,-2.20611,-2.18749,0.217033,0.179503,0.20304,0.205125,0.170701,0.170864,-0.0855155,-0.0855786,0.785593,0.786701,0.019638,0.0144333,0.00841484,0.00756387,8.13341e-05,0.00154021,-6.78454,5.02258,0.763833,0.170701,-0.0855155,0.785593
12.96,-6.80657,-6.85465,5.02466,5.02792,0.765867,0.770936,-2.2,-2.1813,0.198961,0.161451,0.203702,0.205789,0.170895,0.171059,-0.0854293,-0.0854727,0.785593,0.786707,0.0191617,0.0139645,0.00883677,0.00796292,7.51202e-05,0.00155434,-6.80657,5.02466,0.765867,0.170895,-0.0854293,0.785593
12.97,-6.82854,-6.87652,5.02656,5.02941,0.767907,0.772956,-2.19387,-2.17508,0.180882,0.143391,0.204361,0.206451,0.171085,0.171251,-0.0853388,-0.0853634,0.785594,0.78671,0.018685,0.0134976,0.00925871,0.00836124,6.8967e-05,0.00156714,-6.82854,5.02656,0.767907,0.171085,-0.0853388,0.785594
12.98,-6.85045,-6.89832,5.02828,5.03072,0.769954,0.774983,-2.18772,-2.16884,0.162797,0.125328,0.205019,0.20711,0.171269,0.171439,-0.0852441,-0.0852509,0.785595,0.786713,0.018208,0.013034,0.00968066,0.00875949,6.28748e-05,0.00157879,-6.85045,5.02828,0.769954,0.171269,-0.0852441,0.785595
12.99,-6.8723,-6.92006,5.02981,5.03185,0.772008,0.777018,-2.18155,-2.16258,0.144706,0.107258,0.205676,0.207767,0.171449,0.171624,-0.0851452,-0.085135,0.785595,0.786714,0.0177308,0.0125718,0.0101026,0.00915714,5.68441e-05,0.0015891,-6.8723,5.02981,0.772008,0.171449,-0.0851452,0.785595
13,-6.89408,-6.94173,5.03117,5.03279,0.774068,0.77906,-2.17536,-2.1563,0.12661,0.0891807,0.20633,0.208421,0.171624,0.171805,-0.085042,-0.0850158,0.785596,0.786714,0.0172532,0.0121125,0.0105246,0.00955369,5.08751e-05,0.00159806,-6.89408,5.03117,0.774068,0.171624,-0.085042,0.785596
13.01,-6.9158,-6.96333,5.03235,5.03356,0.776134,0.781109,-2.16915,-2.14999,0.108508,0.0710987,0.206982,0.209074,0.171794,0.171983,-0.0849347,-0.0848933,0.785596,0.786713,0.0167753,0.0116554,0.0109465,0.00995047,4.49682e-05,0.00160556,-6.9158,5.03235,0.776134,0.171794,-0.0849347,0.785596
13.02,-6.93746,-6.98487,5.03334,5.03414,0.778207,0.783167,-2.16293,-2.14366,0.0904035,0.0530104,0.207633,0.209724,0.171959,0.172157,-0.0848231,-0.0847674,0.785597,0.786711,0.0162972,0.0112004,0.0113683,0.0103469,3.91238e-05,0.00161162,-6.93746,5.03334,0.778207,0.171959,-0.0848231,0.785597
13.03,-6.95906,-7.00634,5.03416,5.03454,0.780287,0.785232,-2.15668,-2.13732,0.0722952,0.0349202,0.208281,0.210372,0.17212,0.172327,-0.0847073,-0.0846382,0.785597,0.786708,0.0158188,0.0107472,0.0117902,0.0107417,3.3342e-05,0.00161609,-6.95906,5.03416,0.780287,0.17212,-0.0847073,0.785597
13.04,-6.9806,-7.02775,5.03479,5.03476,0.782373,0.787306,-2.15041,-2.13095,0.0541842,0.0168217,0.208928,0.211019,0.172276,0.172493,-0.0845873,-0.0845055,0.785598,0.786704,0.0153402,0.0102957,0.0122119,0.0111372,2.76233e-05,0.00161903,-6.9806,5.03479,0.782373,0.172276,-0.0845873,0.785598
13.05,-7.00207,-7.04909,5.03524,5.0348,0.784465,0.789388,-2.14413,-2.12457,0.0360713,-0.00127882,0.209573,0.211663,0.172427,0.172656,-0.0844631,-0.0843698,0.785598,0.786699,0.0148613,0.00984596,0.0126336,0.011532,2.19678e-05,0.00162044,-7.00207,5.03524,0.784465,0.172427,-0.0844631,0.785598
13.06,-7.02348,-7.07037,5.03551,5.03466,0.786564,0.791477,-2.13782,-2.11816,0.017957,-0.0193845,0.210216,0.212306,0.172573,0.172814,-0.0843346,-0.0842303,0.785598,0.786693,0.0143821,0.00939747,0.0130552,0.0119272,1.63759e-05,0.00162023,-7.02348,5.03551,0.786564,0.172573,-0.0843346,0.785598
13.07,-7.04483,-7.09158,5.0356,5.03433,0.78867,0.793576,-2.1315,-2.11173,-0.000158081,-0.0374933,0.210857,0.212948,0.172714,0.172969,-0.084202,-0.0840879,0.785598,0.786687,0.0139028,0.00895025,0.0134767,0.0123206,1.08477e-05,0.00161842,-7.04483,5.0356,0.78867,0.172714,-0.084202,0.785598
13.08,-7.06611,-7.11274,5.03551,5.03383,0.790782,0.795682,-2.12515,-2.10528,-0.0182732,-0.0556061,0.211497,0.213588,0.172851,0.173119,-0.0840651,-0.0839418,0.785598,0.78668,0.0134232,0.00850423,0.0138981,0.0127146,5.38352e-06,0.00161502,-7.06611,5.03551,0.790782,0.172851,-0.0840651,0.785598
13.09,-7.08733,-7.13382,5.03523,5.03314,0.7929,0.797798,-2.11879,-2.09881,-0.0363877,-0.073721,0.212134,0.214226,0.172983,0.173266,-0.083924,-0.0837927,0.785598,0.786672,0.0129435,0.00805837,0.0143193,0.0131085,-1.64311e-08,0.00160995,-7.08733,5.03523,0.7929,0.172983,-0.083924,0.785598
13.1,-7.10848,-7.15485,5.03478,5.03227,0.795024,0.799921,-2.11241,-2.09232,-0.054501,-0.0918384,0.212769,0.214863,0.17311,0.173408,-0.0837787,-0.08364,0.785598,0.786665,0.0124635,0.00761373,0.0147405,0.0135021,-5.35197e-06,0.00160334,-7.10848,5.03478,0.795024,0.17311,-0.0837787,0.785598
13.11,-7.12958,-7.17581,5.03414,5.03122,0.797155,0.802053,-2.10601,-2.08582,-0.0726125,-0.109957,0.213403,0.215498,0.173232,0.173546,-0.0836292,-0.0834839,0.785598,0.786656,0.0119834,0.00716915,0.0151614,0.0138953,-1.06229e-05,0.00159517,-7.12958,5.03414,0.797155,0.173232,-0.0836292,0.785598
13.12,-7.1506,-7.1967,5.03333,5.02999,0.799292,0.804194,-2.09959,-2.07929,-0.0907214,-0.128077,0.214035,0.216132,0.173349,0.173679,-0.0834755,-0.0833243,0.785598,0.786648,0.0115031,0.0067246,0.0155823,0.0142891,-1.58291e-05,0.00158541,-7.1506,5.03333,0.799292,0.173349,-0.0834755,0.785598
13.13,-7.17157,-7.21754,5.03233,5.02858,0.801436,0.806343,-2.09315,-2.07275,-0.108827,-0.146198,0.214664,0.216765,0.173462,0.173808,-0.0833176,-0.0831616,0.785598,0.786639,0.0110226,0.00627956,0.0160029,0.0146826,-2.09703e-05,0.00157416,-7.17157,5.03233,0.801436,0.173462,-0.0833176,0.785598
13.14,-7.19247,-7.23831,5.03115,5.02699,0.803586,0.808501,-2.08669,-2.06618,-0.126929,-0.164317,0.215292,0.217396,0.17357,0.173932,-0.0831554,-0.082995,0.785598,0.78663,0.010542,0.00583483,0.0164234,0.0150766,-2.60465e-05,0.00156148,-7.19247,5.03115,0.803586,0.17357,-0.0831554,0.785598
13.15,-7.2133,-7.25901,5.02979,5.02522,0.805742,0.810667,-2.08021,-2.0596,-0.145027,-0.182435,0.215918,0.218026,0.173673,0.174052,-0.0829891,-0.0828254,0.785597,0.786621,0.0100613,0.00538963,0.0168437,0.0154698,-3.10574e-05,0.00154726,-7.2133,5.02979,0.805742,0.173673,-0.0829891,0.785597
13.16,-7.23407,-7.27966,5.02825,5.02327,0.807904,0.812842,-2.07372,-2.053,-0.163119,-0.200551,0.216542,0.218654,0.173771,0.174166,-0.0828186,-0.0826521,0.785597,0.786612,0.00958037,0.00494268,0.0172637,0.0158634,-3.6003e-05,0.00153175,-7.23407,5.02825,0.807904,0.173771,-0.0828186,0.785597
13.17,-7.25478,-7.30023,5.02653,5.02113,0.810072,0.815025,-2.0672,-2.04638,-0.181206,-0.218665,0.217164,0.219282,0.173864,0.174276,-0.0826438,-0.0824753,0.785597,0.786603,0.0090994,0.00449562,0.0176836,0.0162578,-4.08832e-05,0.00151488,-7.25478,5.02653,0.810072,0.173864,-0.0826438,0.785597
13.18,-7.27542,-7.32075,5.02462,5.01881,0.812247,0.817217,-2.06067,-2.03974,-0.199286,-0.236775,0.217783,0.219907,0.173953,0.17438,-0.0824649,-0.0822951,0.785596,0.786595,0.00861831,0.00404698,0.0181032,0.0166511,-4.56978e-05,0.00149679,-7.27542,5.02462,0.812247,0.173953,-0.0824649,0.785596
13.19,-7.29599,-7.3412,5.02254,5.01632,0.814428,0.819416,-2.05412,-2.03309,-0.217359,-0.254879,0.218401,0.220532,0.174037,0.17448,-0.0822818,-0.0821113,0.785596,0.786587,0.00813714,0.00359672,0.0185225,0.0170454,-5.04469e-05,0.00147747,-7.29599,5.02254,0.814428,0.174037,-0.0822818,0.785596
13.2,-7.3165,-7.36159,5.02028,5.01364,0.816615,0.821624,-2.04755,-2.02642,-0.235424,-0.272979,0.219018,0.221155,0.174116,0.174574,-0.0820944,-0.0819238,0.785595,0.786579,0.00765589,0.00314544,0.0189417,0.0174396,-5.51303e-05,0.00145696,-7.3165,5.02028,0.816615,0.174116,-0.0820944,0.785595
13.21,-7.33694,-7.38191,5.01783,5.01078,0.818808,0.823841,-2.04096,-2.01973,-0.253482,-0.291071,0.219632,0.221777,0.17419,0.174662,-0.0819029,-0.0817329,0.785595,0.786571,0.00717458,0.00269193,0.0193605,0.0178341,-5.97479e-05,0.00143544,-7.33694,5.01783,0.818808,0.17419,-0.0819029,0.785595
13.22,-7.35732,-7.40216,5.01521,5.00775,0.821008,0.826065,-2.03435,-2.01303,-0.27153,-0.309157,0.220244,0.222397,0.174259,0.174746,-0.0817072,-0.0815383,0.785594,0.786564,0.0066932,0.00223698,0.0197791,0.0182291,-6.42998e-05,0.00141291,-7.35732,5.01521,0.821008,0.174259,-0.0817072,0.785594
13.23,-7.37763,-7.42235,5.0124,5.00453,0.823213,0.828297,-2.02772,-2.00631,-0.289568,-0.32723,0.220854,0.223015,0.174324,0.174823,-0.0815073,-0.0813401,0.785593,0.786558,0.0062118,0.00177975,0.0201973,0.0186243,-6.87859e-05,0.00138949,-7.37763,5.0124,0.823213,0.174324,-0.0815073,0.785593
13.24,-7.39787,-7.44248,5.00942,5.00113,0.825425,0.830537,-2.02108,-1.99957,-0.307597,-0.345296,0.221462,0.223632,0.174384,0.174895,-0.0813033,-0.0811383,0.785593,0.786552,0.00573036,0.00132031,0.0206153,0.01902,-7.32061e-05,0.00136524,-7.39787,5.00942,0.825425,0.174384,-0.0813033,0.785593
13.25,-7.41805,-7.46253,5.00625,4.99755,0.827643,0.832785,-2.01442,-1.99282,-0.325614,-0.363352,0.222068,0.224247,0.174438,0.174962,-0.081095,-0.0809328,0.785592,0.786547,0.00524891,0.000858553,0.0210329,0.0194167,-7.75605e-05,0.0013403,-7.41805,5.00625,0.827643,0.174438,-0.081095,0.785592
13.26,-7.43816,-7.48253,5.0029,4.99378,0.829866,0.83504,-2.00774,-1.98605,-0.34362,-0.381395,0.222672,0.224861,0.174488,0.175022,-0.0808826,-0.0807235,0.785591,0.786542,0.00476745,0.00039392,0.0214503,0.0198135,-8.18492e-05,0.00131463,-7.43816,5.0029,0.829866,0.174488,-0.0808826,0.785591
13.27,-7.4582,-7.50245,4.99938,4.98984,0.832096,0.837303,-2.00104,-1.97927,-0.361613,-0.399425,0.223274,0.225473,0.174534,0.175077,-0.080666,-0.0805105,0.78559,0.786538,0.00428601,-7.28592e-05,0.0218672,0.0202108,-8.6072e-05,0.00128835,-7.4582,4.99938,0.832096,0.174534,-0.080666,0.78559
13.28,-7.47818,-7.5223,4.99567,4.98572,0.834332,0.839573,-1.99432,-1.97247,-0.379594,-0.417439,0.223874,0.226083,0.174574,0.175126,-0.0804453,-0.0802937,0.785589,0.786535,0.00380458,-0.000542678,0.0222839,0.0206086,-9.0229e-05,0.00126159,-7.47818,4.99567,0.834332,0.174574,-0.0804453,0.785589
13.29,-7.49809,-7.54209,4.99179,4.98142,0.836573,0.841849,-1.98759,-1.96566,-0.397561,-0.43544,0.224472,0.226691,0.17461,0.175168,-0.0802204,-0.0800731,0.785588,0.786533,0.0033232,-0.00101461,0.0227001,0.0210071,-9.43203e-05,0.00123444,-7.49809,4.99179,0.836573,0.17461,-0.0802204,0.785588
13.3,-7.51793,-7.56181,4.98772,4.97693,0.838821,0.844133,-1.98083,-1.95883,-0.415514,-0.453423,0.225068,0.227297,0.174641,0.175205,-0.0799913,-0.0798486,0.785587,0.786532,0.00284185,-0.00148969,0.023116,0.0214055,-9.83459e-05,0.00120689,-7.51793,4.98772,0.838821,0.174641,-0.0799913,0.785587
13.31,-7.53771,-7.58146,4.98348,4.97227,0.841075,0.846424,-1.97406,-1.95199,-0.433453,-0.47139,0.225663,0.227901,0.174667,0.175235,-0.079758,-0.0796202,0.785586,0.786531,0.00236058,-0.00196756,0.0235315,0.0218055,-0.000102306,0.00117917,-7.53771,4.98348,0.841075,0.174667,-0.079758,0.785586
13.32,-7.55741,-7.60104,4.97905,4.96743,0.843334,0.848721,-1.96727,-1.94514,-0.451376,-0.489335,0.226255,0.228504,0.174688,0.17526,-0.0795207,-0.0793878,0.785585,0.786532,0.00187936,-0.00244815,0.0239466,0.0222053,-0.0001062,0.00115131,-7.55741,4.97905,0.843334,0.174688,-0.0795207,0.785585
13.33,-7.57705,-7.62055,4.97445,4.9624,0.8456,0.851025,-1.96047,-1.93827,-0.469283,-0.507264,0.226845,0.229104,0.174704,0.175278,-0.0792791,-0.0791515,0.785584,0.786533,0.00139825,-0.00293159,0.0243612,0.0226063,-0.000110029,0.00112337,-7.57705,4.97445,0.8456,0.174704,-0.0792791,0.785584
13.34,-7.59662,-7.63999,4.96967,4.9572,0.847871,0.853335,-1.95364,-1.93139,-0.487173,-0.52517,0.227432,0.229702,0.174716,0.17529,-0.0790334,-0.0789112,0.785583,0.786535,0.000917221,-0.0034184,0.0247755,0.0230078,-0.000113793,0.00109538,-7.59662,4.96967,0.847871,0.174716,-0.0790334,0.785583
13.35,-7.61613,-7.65936,4.9647,4.95182,0.850149,0.855652,-1.9468,-1.9245,-0.505046,-0.543056,0.228018,0.230297,0.174723,0.175296,-0.0787836,-0.0786667,0.785582,0.786538,0.000436319,-0.00390755,0.0251892,0.0234103,-0.000117492,0.00106743,-7.61613,4.9647,0.850149,0.174723,-0.0787836,0.785582
13.36,-7.63556,-7.67866,4.95957,4.94626,0.852432,0.857974,-1.93994,-1.91759,-0.5229,-0.560918,0.228602,0.230891,0.174725,0.175295,-0.0785296,-0.0784182,0.785581,0.786542,-4.44698e-05,-0.00439975,0.0256026,0.0238135,-0.000121125,0.00103974,-7.63556,4.95957,0.852432,0.174725,-0.0785296,0.785581
13.37,-7.65492,-7.69788,4.95425,4.94052,0.854721,0.860302,-1.93307,-1.91067,-0.540737,-0.578757,0.229184,0.231482,0.174722,0.175289,-0.0782716,-0.0781655,0.78558,0.786547,-0.000525107,-0.00489461,0.0260154,0.0242169,-0.000124693,0.00101218,-7.65492,4.95425,0.854721,0.174722,-0.0782716,0.78558
13.38,-7.67422,-7.71704,4.94875,4.9346,0.857015,0.862636,-1.92617,-1.90374,-0.558554,-0.596571,0.229764,0.232071,0.174714,0.175276,-0.0780093,-0.0779084,0.785578,0.786553,-0.0010056,-0.00539206,0.0264278,0.0246216,-0.000128196,0.000984997,-7.67422,4.94875,0.857015,0.174714,-0.0780093,0.785578
13.39,-7.69345,-7.73612,4.94308,4.9285,0.859316,0.864976,-1.91926,-1.8968,-0.576351,-0.614361,0.230341,0.232656,0.174702,0.175257,-0.077743,-0.0776473,0.785577,0.786559,-0.00148592,-0.00589238,0.0268397,0.0250266,-0.000131635,0.00095816,-7.69345,4.94308,0.859316,0.174702,-0.077743,0.785577
13.4,-7.7126,-7.75513,4.93722,4.92223,0.861622,0.86732,-1.91233,-1.88984,-0.594127,-0.632121,0.230917,0.23324,0.174684,0.175232,-0.0774725,-0.0773817,0.785576,0.786567,-0.00196607,-0.00639503,0.0272511,0.0254327,-0.000135009,0.00093168,-7.7126,4.93722,0.861622,0.174684,-0.0774725,0.785576
13.41,-7.73169,-7.77406,4.93119,4.91577,0.863934,0.86967,-1.90538,-1.88287,-0.611882,-0.649856,0.23149,0.233822,0.174662,0.175201,-0.077198,-0.0771119,0.785574,0.786575,-0.00244602,-0.00689986,0.0276619,0.0258389,-0.000138319,0.000905678,-7.73169,4.93119,0.863934,0.174662,-0.077198,0.785574
13.42,-7.75071,-7.79293,4.92499,4.90914,0.866252,0.872025,-1.89842,-1.87589,-0.629616,-0.667563,0.232062,0.2344,0.174635,0.175163,-0.0769193,-0.0768376,0.785573,0.786585,-0.00292576,-0.007407,0.0280722,0.0262466,-0.000141564,0.000880256,-7.75071,4.92499,0.866252,0.174635,-0.0769193,0.785573
13.43,-7.76966,-7.81172,4.9186,4.90233,0.868575,0.874386,-1.89144,-1.8689,-0.647327,-0.685242,0.232631,0.234976,0.174604,0.17512,-0.0766365,-0.0765587,0.785571,0.786595,-0.00340528,-0.00791646,0.028482,0.0266542,-0.000144746,0.000855505,-7.76966,4.9186,0.868575,0.174604,-0.0766365,0.785571
13.44,-7.78854,-7.83043,4.91204,4.89534,0.870905,0.87675,-1.88444,-1.8619,-0.665015,-0.702889,0.233198,0.235549,0.174567,0.17507,-0.0763497,-0.0762754,0.78557,0.786605,-0.00388458,-0.00842776,0.0288912,0.0270632,-0.000147863,0.00083138,-7.78854,4.91204,0.870905,0.174567,-0.0763497,0.78557
13.45,-7.80735,-7.84907,4.9053,4.88817,0.873239,0.87912,-1.87743,-1.85488,-0.682679,-0.720506,0.233764,0.236119,0.174526,0.175015,-0.0760587,-0.0759875,0.785569,0.786617,-0.00436361,-0.00894126,0.0292998,0.0274722,-0.000150917,0.000807926,-7.80735,4.9053,0.873239,0.174526,-0.0760587,0.785569
13.46,-7.82609,-7.86763,4.89839,4.88083,0.87558,0.881494,-1.8704,-1.84785,-0.700319,-0.738093,0.234327,0.236687,0.17448,0.174954,-0.0757637,-0.0756949,0.785567,0.78663,-0.00484239,-0.00945593,0.0297078,0.0278823,-0.000153908,0.000785202,-7.82609,4.89839,0.87558,0.17448,-0.0757637,0.785567
13.47,-7.84476,-7.88612,4.89129,4.87331,0.877926,0.883872,-1.86335,-1.84081,-0.717934,-0.755648,0.234888,0.237252,0.174429,0.174888,-0.0754646,-0.0753977,0.785565,0.786643,-0.00532089,-0.00997185,0.0301153,0.0282926,-0.000156835,0.000763118,-7.84476,4.89129,0.877926,0.174429,-0.0754646,0.785565
13.48,-7.86336,-7.90454,4.88403,4.86562,0.880278,0.886255,-1.85628,-1.83376,-0.735523,-0.77317,0.235446,0.237814,0.174374,0.174815,-0.0751614,-0.0750957,0.785564,0.786657,-0.00579911,-0.0104892,0.0305221,0.0287037,-0.000159699,0.000742182,-7.86336,4.88403,0.880278,0.174374,-0.0751614,0.785564
13.49,-7.88188,-7.92288,4.87658,4.85775,0.882635,0.888643,-1.8492,-1.8267,-0.753086,-0.790659,0.236003,0.238373,0.174313,0.174737,-0.0748541,-0.0747891,0.785562,0.786671,-0.00627701,-0.0110074,0.0309282,0.0291154,-0.000162501,0.000721872,-7.88188,4.87658,0.882635,0.174313,-0.0748541,0.785562
13.5,-7.90034,-7.94115,4.86897,4.8497,0.884998,0.891034,-1.8421,-1.81963,-0.770623,-0.808118,0.236558,0.23893,0.174248,0.174653,-0.0745428,-0.0744774,0.785561,0.786686,-0.00675461,-0.0115269,0.0313338,0.0295278,-0.00016524,0.00070253,-7.90034,4.86897,0.884998,0.174248,-0.0745428,0.785561
13.51,-7.91873,-7.95934,4.86117,4.84148,0.887366,0.89343,-1.83499,-1.81254,-0.788131,-0.82554,0.23711,0.239483,0.174178,0.174565,-0.0742275,-0.0741609,0.785559,0.786702,-0.00723186,-0.0120472,0.0317386,0.0299405,-0.000167917,0.000684053,-7.91873,4.86117,0.887366,0.174178,-0.0742275,0.785559
13.52,-7.93704,-7.97746,4.8532,4.83309,0.88974,0.895829,-1.82785,-1.80544,-0.805612,-0.842927,0.23766,0.240033,0.174103,0.17447,-0.073908,-0.0738396,0.785557,0.786718,-0.00770878,-0.0125676,0.0321428,0.0303536,-0.000170532,0.000666514,-7.93704,4.8532,0.88974,0.174103,-0.073908,0.785557
13.53,-7.95528,-7.9955,4.84506,4.82452,0.892119,0.898232,-1.8207,-1.79833,-0.823063,-0.86028,0.238208,0.240581,0.174024,0.174371,-0.0735846,-0.0735133,0.785556,0.786735,-0.00818533,-0.0130883,0.0325463,0.0307664,-0.000173085,0.000650018,-7.95528,4.84506,0.892119,0.174024,-0.0735846,0.785556
13.54,-7.97345,-8.01346,4.83674,4.81577,0.894504,0.90064,-1.81354,-1.79121,-0.840486,-0.877598,0.238754,0.241126,0.17394,0.174266,-0.0732571,-0.073182,0.785554,0.786753,-0.00866152,-0.0136092,0.0329491,0.0311807,-0.000175577,0.000634462,-7.97345,4.83674,0.894504,0.17394,-0.0732571,0.785554
13.55,-7.99155,-8.03135,4.82825,4.80685,0.896894,0.903051,-1.80636,-1.78407,-0.857878,-0.89488,0.239298,0.241667,0.173851,0.174156,-0.0729256,-0.0728456,0.785552,0.78677,-0.0091373,-0.014129,0.0333511,0.0315946,-0.000178007,0.000619784,-7.99155,4.82825,0.896894,0.173851,-0.0729256,0.785552
13.56,-8.00958,-8.04917,4.81958,4.79776,0.89929,0.905465,-1.79916,-1.77693,-0.87524,-0.912125,0.23984,0.242206,0.173757,0.174041,-0.0725901,-0.0725043,0.78555,0.786788,-0.0096127,-0.014649,0.0337525,0.0320091,-0.000180377,0.000606298,-8.00958,4.81958,0.89929,0.173757,-0.0725901,0.78555
13.57,-8.02754,-8.06691,4.81075,4.7885,0.901691,0.907884,-1.79195,-1.76977,-0.89257,-0.929333,0.24038,0.242741,0.173659,0.173921,-0.0722506,-0.072158,0.785548,0.786807,-0.0100877,-0.0151681,0.0341531,0.0324231,-0.000182686,0.000593647,-8.02754,4.81075,0.901691,0.173659,-0.0722506,0.785548
13.58,-8.04542,-8.08457,4.80173,4.77907,0.904097,0.910306,-1.78472,-1.76259,-0.909869,-0.946505,0.240917,0.243273,0.173555,0.173797,-0.071907,-0.0718064,0.785547,0.786826,-0.0105622,-0.0156867,0.0345529,0.0328377,-0.000184935,0.000582069,-8.04542,4.80173,0.904097,0.173555,-0.071907,0.785547
13.59,-8.06323,-8.10217,4.79255,4.76946,0.906509,0.912731,-1.77747,-1.75541,-0.927135,-0.96364,0.241452,0.243803,0.173447,0.173668,-0.0715595,-0.0714498,0.785545,0.786845,-0.0110363,-0.0162035,0.0349519,0.0332523,-0.000187124,0.000571579,-8.06323,4.79255,0.906509,0.173447,-0.0715595,0.785545
13.6,-8.08097,-8.11968,4.78319,4.75968,0.908927,0.91516,-1.77021,-1.74821,-0.944368,-0.980737,0.241985,0.24433,0.173335,0.173534,-0.071208,-0.071088,0.785543,0.786864,-0.01151,-0.0167192,0.0353502,0.0336664,-0.000189254,0.000562057,-8.08097,4.78319,0.908927,0.173335,-0.071208,0.785543
13.61,-8.09864,-8.13712,4.77366,4.74973,0.911349,0.917593,-1.76293,-1.741,-0.961567,-0.997794,0.242516,0.244853,0.173217,0.173396,-0.0708525,-0.070721,0.785541,0.786884,-0.0119831,-0.0172332,0.0357476,0.0340805,-0.000191324,0.000553623,-8.09864,4.77366,0.911349,0.173217,-0.0708525,0.785541
13.62,-8.11623,-8.15448,4.76396,4.73961,0.913777,0.920029,-1.75564,-1.73378,-0.978732,-1.01481,0.243045,0.245374,0.173095,0.173253,-0.0704931,-0.070349,0.785539,0.786904,-0.0124558,-0.0177458,0.0361442,0.0344943,-0.000193335,0.000546157,-8.11623,4.76396,0.913777,0.173095,-0.0704931,0.785539
13.63,-8.13375,-8.17178,4.75409,4.72932,0.91621,0.922469,-1.74833,-1.72654,-0.995862,-1.0318,0.243571,0.245891,0.172968,0.173106,-0.0701296,-0.0699718,0.785537,0.786923,-0.012928,-0.0182563,0.03654,0.0349081,-0.000195288,0.000539735,-8.13375,4.75409,0.91621,0.172968,-0.0701296,0.785537
13.64,-8.15119,-8.18899,4.74404,4.71886,0.918648,0.924911,-1.741,-1.71929,-1.01296,-1.04874,0.244096,0.246405,0.172836,0.172955,-0.0697623,-0.0695896,0.785535,0.786943,-0.0133997,-0.0187647,0.0369349,0.0353219,-0.000197182,0.000534326,-8.15119,4.74404,0.918648,0.172836,-0.0697623,0.785535
13.65,-8.16857,-8.20613,4.73383,4.70823,0.921092,0.927358,-1.73366,-1.71202,-1.03001,-1.06564,0.244618,0.246917,0.1727,0.1728,-0.0693909,-0.0692022,0.785533,0.786963,-0.0138708,-0.0192708,0.0373289,0.0357341,-0.000199019,0.000529915,-8.16857,4.73383,0.921092,0.1727,-0.0693909,0.785533
13.66,-8.18587,-8.22319,4.72344,4.69744,0.923541,0.929808,-1.7263,-1.70475,-1.04703,-1.0825,0.245138,0.247426,0.172559,0.17264,-0.0690157,-0.0688096,0.785531,0.786983,-0.0143414,-0.0197736,0.0377221,0.036147,-0.000200798,0.000526562,-8.18587,4.72344,0.923541,0.172559,-0.0690157,0.785531
13.67,-8.20309,-8.24018,4.71289,4.68647,0.925995,0.932261,-1.71893,-1.69745,-1.06402,-1.09932,0.245655,0.247931,0.172413,0.172477,-0.0686365,-0.0684119,0.785529,0.787003,-0.0148114,-0.0202744,0.0381144,0.0365587,-0.00020252,0.000524163,-8.20309,4.71289,0.925995,0.172413,-0.0686365,0.785529
13.68,-8.22025,-8.25709,4.70216,4.67534,0.928454,0.934718,-1.71154,-1.69015,-1.08096,-1.1161,0.246171,0.248433,0.172263,0.172309,-0.0682534,-0.0680092,0.785527,0.787022,-0.0152809,-0.0207719,0.0385057,0.0369698,-0.000204185,0.000522658,-8.22025,4.70216,0.928454,0.172263,-0.0682534,0.785527
13.69,-8.23732,-8.27393,4.69127,4.66405,0.930918,0.937178,-1.70414,-1.68283,-1.09787,-1.13284,0.246684,0.248933,0.172108,0.172138,-0.0678664,-0.0676015,0.785525,0.787042,-0.0157498,-0.0212669,0.0388961,0.0373796,-0.000205794,0.000522286,-8.23732,4.69127,0.930918,0.172108,-0.0678664,0.785525
13.7,-8.25433,-8.2907,4.6802,4.65258,0.933387,0.939642,-1.69672,-1.67549,-1.11474,-1.14953,0.247195,0.249429,0.171948,0.171963,-0.0674755,-0.0671887,0.785523,0.787062,-0.016218,-0.0217584,0.0392856,0.0377894,-0.000207347,0.000522763,-8.25433,4.6802,0.933387,0.171948,-0.0674755,0.785523
13.71,-8.27126,-8.30739,4.66897,4.64095,0.935862,0.942109,-1.68928,-1.66814,-1.13157,-1.16619,0.247704,0.249923,0.171783,0.171784,-0.0670807,-0.066771,0.785521,0.787081,-0.0166857,-0.0222465,0.0396741,0.0381975,-0.000208844,0.000524148,-8.27126,4.66897,0.935862,0.171783,-0.0670807,0.785521
13.72,-8.28811,-8.324,4.65757,4.62916,0.938341,0.94458,-1.68183,-1.66077,-1.14835,-1.1828,0.248211,0.250413,0.171614,0.171601,-0.066682,-0.0663484,0.785519,0.7871,-0.0171527,-0.0227314,0.0400616,0.0386046,-0.000210286,0.000526577,-8.28811,4.65757,0.938341,0.171614,-0.066682,0.785519
13.73,-8.3049,-8.34053,4.64601,4.6172,0.940826,0.947054,-1.67437,-1.65339,-1.1651,-1.19937,0.248715,0.250901,0.17144,0.171415,-0.0662795,-0.065921,0.785517,0.787119,-0.0176191,-0.0232125,0.0404481,0.0390111,-0.000211673,0.000529826,-8.3049,4.64601,0.940826,0.17144,-0.0662795,0.785517
13.74,-8.3216,-8.357,4.63427,4.60508,0.943316,0.949532,-1.66689,-1.646,-1.1818,-1.21589,0.249217,0.251386,0.171262,0.171225,-0.065873,-0.0654887,0.785515,0.787137,-0.0180849,-0.0236897,0.0408336,0.0394163,-0.000213005,0.000534013,-8.3216,4.63427,0.943316,0.171262,-0.065873,0.785515
13.75,-8.33823,-8.37338,4.62237,4.5928,0.94581,0.952013,-1.65939,-1.63859,-1.19847,-1.23237,0.249717,0.251868,0.171078,0.171031,-0.0654628,-0.0650517,0.785512,0.787155,-0.0185499,-0.0241636,0.0412181,0.0398195,-0.000214284,0.000539139,-8.33823,4.62237,0.94581,0.171078,-0.0654628,0.785512
13.76,-8.35479,-8.38969,4.6103,4.58035,0.94831,0.954499,-1.65188,-1.63116,-1.21509,-1.24881,0.250215,0.252347,0.170891,0.170834,-0.0650487,-0.06461,0.78551,0.787172,-0.0190143,-0.0246331,0.0416015,0.0402218,-0.000215509,0.000545114,-8.35479,4.6103,0.94831,0.170891,-0.0650487,0.78551
13.77,-8.37127,-8.40593,4.59807,4.56774,0.950815,0.956987,-1.64436,-1.62372,-1.23166,-1.2652,0.25071,0.252823,0.170698,0.170634,-0.0646308,-0.0641637,0.785508,0.78719,-0.019478,-0.0250995,0.0419839,0.0406224,-0.000216681,0.000551805,-8.37127,4.59807,0.950815,0.170698,-0.0646308,0.785508
13.78,-8.38768,-8.42209,4.58567,4.55498,0.953324,0.959479,-1.63682,-1.61627,-1.24819,-1.28154,0.251203,0.253296,0.170501,0.17043,-0.064209,-0.063713,0.785506,0.787206,-0.019941,-0.0255614,0.0423652,0.041022,-0.0002178,0.000559404,-8.38768,4.58567,0.953324,0.170501,-0.064209,0.785506
13.79,-8.40401,-8.43817,4.57311,4.54205,0.955839,0.961975,-1.62926,-1.60879,-1.26468,-1.29784,0.251694,0.253767,0.170299,0.170222,-0.0637835,-0.0632577,0.785504,0.787222,-0.0204032,-0.0260195,0.0427454,0.0414201,-0.000218867,0.000567809,-8.40401,4.57311,0.955839,0.170299,-0.0637835,0.785504
13.8,-8.42026,-8.45417,4.56038,4.52896,0.958358,0.964474,-1.6217,-1.60131,-1.28112,-1.31409,0.252183,0.254234,0.170093,0.170011,-0.0633541,-0.0627979,0.785502,0.787238,-0.0208647,-0.0264738,0.0431245,0.0418157,-0.000219882,0.000576958,-8.42026,4.56038,0.958358,0.170093,-0.0633541,0.785502
13.81,-8.43644,-8.4701,4.54748,4.51572,0.960882,0.966978,-1.61411,-1.5938,-1.29752,-1.3303,0.252669,0.254699,0.169882,0.169797,-0.062921,-0.062334,0.785499,0.787253,-0.0213254,-0.026924,0.0435024,0.0422101,-0.000220845,0.000586823,-8.43644,4.54748,0.960882,0.169882,-0.062921,0.785499
13.82,-8.45254,-8.48595,4.53443,4.50232,0.963412,0.969484,-1.60651,-1.58628,-1.31387,-1.34645,0.253153,0.255161,0.169666,0.169579,-0.0624841,-0.0618659,0.785497,0.787267,-0.0217854,-0.0273702,0.0438793,0.042602,-0.000221758,0.000597611,-8.45254,4.53443,0.963412,0.169666,-0.0624841,0.785497
13.83,-8.46857,-8.50172,4.52121,4.48876,0.965946,0.971995,-1.5989,-1.57875,-1.33017,-1.36256,0.253635,0.25562,0.169446,0.169358,-0.0620434,-0.0613936,0.785495,0.787281,-0.0222446,-0.0278125,0.0442549,0.0429926,-0.00022262,0.000608981,-8.46857,4.52121,0.965946,0.169446,-0.0620434,0.785495
13.84,-8.48452,-8.51742,4.50782,4.47504,0.968484,0.974509,-1.59127,-1.5712,-1.34643,-1.37862,0.254115,0.256077,0.169222,0.169134,-0.061599,-0.0609171,0.785493,0.787294,-0.0227029,-0.0282504,0.0446294,0.0433807,-0.000223432,0.000621051,-8.48452,4.50782,0.968484,0.169222,-0.061599,0.785493
13.85,-8.5004,-8.53304,4.49428,4.46117,0.971028,0.977028,-1.58363,-1.56363,-1.36263,-1.39462,0.254592,0.25653,0.168992,0.168906,-0.0611508,-0.0604368,0.78549,0.787306,-0.0231605,-0.0286849,0.0450027,0.0437674,-0.000224194,0.000633761,-8.5004,4.49428,0.971028,0.168992,-0.0611508,0.78549
13.86,-8.5162,-8.54858,4.48057,4.44715,0.973576,0.97955,-1.57598,-1.55605,-1.37879,-1.41058,0.255067,0.256981,0.168758,0.168675,-0.0606989,-0.0599526,0.785488,0.787318,-0.0236172,-0.0291148,0.0453748,0.044151,-0.000224907,0.000647157,-8.5162,4.48057,0.973576,0.168758,-0.0606989,0.785488
13.87,-8.53192,-8.56404,4.4667,4.43297,0.976129,0.982076,-1.56831,-1.54845,-1.3949,-1.42648,0.255539,0.25743,0.16852,0.16844,-0.0602433,-0.0594647,0.785486,0.787329,-0.0240731,-0.0295417,0.0457457,0.044533,-0.000225571,0.000661254,-8.53192,4.4667,0.976129,0.16852,-0.0602433,0.785486
13.88,-8.54756,-8.57943,4.45267,4.41864,0.978687,0.984606,-1.56062,-1.54084,-1.41096,-1.44234,0.25601,0.257876,0.168277,0.168202,-0.059784,-0.0589732,0.785484,0.787338,-0.0245282,-0.0299644,0.0461153,0.0449127,-0.000226187,0.000675842,-8.54756,4.45267,0.978687,0.168277,-0.059784,0.785484
13.89,-8.56313,-8.59473,4.43848,4.40415,0.981249,0.987141,-1.55292,-1.53321,-1.42696,-1.45814,0.256478,0.258319,0.168029,0.167961,-0.059321,-0.0584779,0.785481,0.787348,-0.0249824,-0.0303831,0.0464837,0.0452903,-0.000226755,0.000690922,-8.56313,4.43848,0.981249,0.168029,-0.059321,0.785481
13.9,-8.57862,-8.60996,4.42413,4.38952,0.983816,0.989679,-1.54521,-1.52557,-1.44292,-1.47389,0.256943,0.258759,0.167777,0.167716,-0.0588543,-0.0579793,0.785479,0.787356,-0.0254357,-0.0307984,0.0468508,0.0456652,-0.000227276,0.000706792,-8.57862,4.42413,0.983816,0.167777,-0.0588543,0.785479
13.91,-8.59403,-8.62511,4.40962,4.37473,0.986388,0.992221,-1.53748,-1.51791,-1.45883,-1.48958,0.257407,0.259196,0.167521,0.167468,-0.058384,-0.0574773,0.785477,0.787364,-0.025888,-0.0312102,0.0472166,0.0460382,-0.00022775,0.000723034,-8.59403,4.40962,0.986388,0.167521,-0.058384,0.785477
13.92,-8.60937,-8.64018,4.39496,4.35979,0.988965,0.994768,-1.52974,-1.51023,-1.47468,-1.50522,0.257868,0.259632,0.167259,0.167216,-0.05791,-0.0569719,0.785475,0.787371,-0.0263395,-0.0316182,0.0475811,0.046408,-0.000228177,0.000739798,-8.60937,4.39496,0.988965,0.167259,-0.05791,0.785475
13.93,-8.62463,-8.65516,4.38013,4.34471,0.991546,0.997319,-1.52199,-1.50254,-1.49048,-1.5208,0.258327,0.260064,0.166994,0.166961,-0.0574324,-0.0564633,0.785472,0.787376,-0.0267901,-0.032024,0.0479443,0.0467763,-0.000228559,0.000756949,-8.62463,4.38013,0.991546,0.166994,-0.0574324,0.785472
13.94,-8.63981,-8.67007,4.36515,4.32947,0.994131,0.999874,-1.51422,-1.49484,-1.50622,-1.53633,0.258783,0.260494,0.166724,0.166703,-0.0569511,-0.0559517,0.78547,0.787381,-0.0272397,-0.0324258,0.0483061,0.0471412,-0.000228895,0.000774577,-8.63981,4.36515,0.994131,0.166724,-0.0569511,0.78547
13.95,-8.65491,-8.6849,4.35001,4.31409,0.996721,1.00243,-1.50644,-1.48712,-1.52192,-1.5518,0.259237,0.260921,0.166449,0.16644,-0.0564663,-0.055437,0.785468,0.787385,-0.0276883,-0.0328237,0.0486666,0.047504,-0.000229186,0.000792563,-8.65491,4.35001,0.996721,0.166449,-0.0564663,0.785468
13.96,-8.66994,-8.69965,4.33471,4.29856,0.999316,1.005,-1.49864,-1.47938,-1.53755,-1.56722,0.259689,0.261347,0.16617,0.166175,-0.0559778,-0.0549193,0.785465,0.787389,-0.028136,-0.0332196,0.0490257,0.0478643,-0.000229432,0.000810981,-8.66994,4.33471,0.999316,0.16617,-0.0559778,0.785465
13.97,-8.68489,-8.71432,4.31926,4.28289,1.00191,1.00757,-1.49084,-1.47163,-1.55314,-1.58258,0.260138,0.261769,0.165886,0.165906,-0.0554858,-0.0543989,0.785463,0.787391,-0.0285827,-0.0336127,0.0493834,0.0482221,-0.000229635,0.000829652,-8.68489,4.31926,1.00191,0.165886,-0.0554858,0.785463
13.98,-8.69975,-8.7289,4.30365,4.26706,1.00452,1.01014,-1.48301,-1.46386,-1.56866,-1.59788,0.260586,0.262189,0.165598,0.165633,-0.0549901,-0.0538758,0.785461,0.787392,-0.0290284,-0.0340026,0.0497397,0.0485775,-0.000229794,0.000848711,-8.69975,4.30365,1.00452,0.165598,-0.0549901,0.785461
13.99,-8.71455,-8.74341,4.28788,4.25109,1.00713,1.01272,-1.47518,-1.45608,-1.58413,-1.61312,0.26103,0.262606,0.165306,0.165357,-0.054491,-0.0533497,0.785459,0.787393,-0.0294731,-0.0343904,0.0500946,0.04893,-0.00022991,0.000868037,-8.71455,4.28788,1.00713,0.165306,-0.054491,0.785459
14,-8.72926,-8.75784,4.27196,4.23498,1.00974,1.0153,-1.46733,-1.44828,-1.59955,-1.6283,0.261473,0.263021,0.165009,0.165077,-0.0539883,-0.0528211,0.785456,0.787392,-0.0299168,-0.0347758,0.0504481,0.04928,-0.000229984,0.000887483,-8.72926,4.27196,1.00974,0.165009,-0.0539883,0.785456
14.01,-8.74389,-8.77219,4.25589,4.21873,1.01236,1.01789,-1.45947,-1.44047,-1.6149,-1.64343,0.261913,0.263433,0.164707,0.164793,-0.053482,-0.0522898,0.785454,0.787391,-0.0303594,-0.0351582,0.0508001,0.0496276,-0.000230016,0.000907138,-8.74389,4.25589,1.01236,0.164707,-0.053482,0.785454
14.02,-8.75845,-8.78645,4.23967,4.20233,1.01498,1.02048,-1.45159,-1.43265,-1.6302,-1.65849,0.26235,0.263843,0.164402,0.164506,-0.0529723,-0.0517562,0.785452,0.787388,-0.030801,-0.0355391,0.0511506,0.0499722,-0.000230006,0.000927031,-8.75845,4.23967,1.01498,0.164402,-0.0529723,0.785452
14.03,-8.77292,-8.80064,4.22329,4.18578,1.0176,1.02308,-1.4437,-1.42481,-1.64544,-1.6735,0.262786,0.26425,0.164091,0.164215,-0.052459,-0.0512201,0.785449,0.787385,-0.0312415,-0.0359181,0.0514996,0.0503145,-0.000229955,0.000946894,-8.77292,4.22329,1.0176,0.164091,-0.052459,0.785449
14.04,-8.78732,-8.81474,4.20676,4.16909,1.02023,1.02568,-1.4358,-1.41695,-1.66062,-1.68844,0.263219,0.264655,0.163777,0.16392,-0.0519423,-0.0506815,0.785447,0.787381,-0.031681,-0.0362945,0.0518471,0.0506542,-0.000229863,0.000966862,-8.78732,4.20676,1.02023,0.163777,-0.0519423,0.785447
14.05,-8.80164,-8.82877,4.19008,4.15226,1.02287,1.02828,-1.42789,-1.40909,-1.67574,-1.70332,0.263649,0.265058,0.163458,0.163622,-0.0514221,-0.0501408,0.785445,0.787376,-0.0321193,-0.0366696,0.0521932,0.0509913,-0.000229732,0.000986889,-8.80164,4.19008,1.02287,0.163458,-0.0514221,0.785445
14.06,-8.81588,-8.84271,4.17324,4.13529,1.02551,1.0309,-1.41996,-1.4012,-1.69081,-1.71815,0.264078,0.265458,0.163134,0.16332,-0.0508984,-0.0495976,0.785442,0.78737,-0.0325565,-0.0370434,0.0525376,0.0513258,-0.000229561,0.00100698,-8.81588,4.17324,1.02551,0.163134,-0.0508984,0.785442
14.07,-8.83004,-8.85657,4.15626,4.11818,1.02815,1.03351,-1.41202,-1.39331,-1.70581,-1.73291,0.264504,0.265856,0.162807,0.163013,-0.0503713,-0.0490524,0.78544,0.787364,-0.0329926,-0.0374145,0.0528805,0.0516585,-0.000229351,0.00102679,-8.83004,4.15626,1.02815,0.162807,-0.0503713,0.78544
14.08,-8.84412,-8.87035,4.13913,4.10092,1.0308,1.03614,-1.40407,-1.3854,-1.72075,-1.74761,0.264927,0.266251,0.162475,0.162703,-0.0498408,-0.0485048,0.785438,0.787356,-0.0334276,-0.0377856,0.0532219,0.051988,-0.000229102,0.00104661,-8.84412,4.13913,1.0308,0.162475,-0.0498408,0.785438
14.09,-8.85812,-8.88406,4.12185,4.08353,1.03345,1.03876,-1.3961,-1.37747,-1.73562,-1.76224,0.265348,0.266644,0.162138,0.162389,-0.0493069,-0.0479551,0.785436,0.787348,-0.0338614,-0.0381544,0.0535616,0.0523154,-0.000228815,0.00106634,-8.85812,4.12185,1.03345,0.162138,-0.0493069,0.785436
14.1,-8.87204,-8.89768,4.10441,4.06599,1.0361,1.0414,-1.38812,-1.36953,-1.75044,-1.77682,0.265767,0.267034,0.161797,0.162071,-0.0487696,-0.0474031,0.785433,0.787339,-0.034294,-0.038523,0.0538998,0.0526404,-0.000228491,0.00108588,-8.87204,4.10441,1.0361,0.161797,-0.0487696,0.785433
14.11,-8.88588,-8.91122,4.08684,4.04831,1.03876,1.04403,-1.38013,-1.36158,-1.76519,-1.79133,0.266183,0.267422,0.161452,0.161749,-0.0482289,-0.0468492,0.785431,0.787329,-0.0347255,-0.0388913,0.0542363,0.0529625,-0.00022813,0.00110503,-8.88588,4.08684,1.03876,0.161452,-0.0482289,0.785431
14.12,-8.89964,-8.92468,4.06911,4.03049,1.04143,1.04668,-1.37213,-1.35361,-1.77988,-1.80577,0.266597,0.267808,0.161103,0.161423,-0.0476849,-0.046293,0.785429,0.787318,-0.0351557,-0.0392575,0.0545712,0.0532829,-0.000227732,0.00112389,-8.89964,4.06911,1.04143,0.161103,-0.0476849,0.785429
14.13,-8.91332,-8.93806,4.05124,4.01254,1.04409,1.04933,-1.36411,-1.34563,-1.79451,-1.82016,0.267009,0.268191,0.160749,0.161093,-0.0471375,-0.0457348,0.785426,0.787307,-0.0355848,-0.0396238,0.0549044,0.0536009,-0.000227299,0.00114244,-8.91332,4.05124,1.04409,0.160749,-0.0471375,0.785426
14.14,-8.92693,-8.95136,4.03322,3.99444,1.04677,1.05198,-1.35609,-1.33764,-1.80907,-1.83448,0.267418,0.268572,0.160391,0.160759,-0.0465868,-0.0451745,0.785424,0.787295,-0.0360126,-0.039989,0.055236,0.0539163,-0.000226829,0.0011605,-8.92693,4.03322,1.04677,0.160391,-0.0465868,0.785424
14.15,-8.94045,-8.96458,4.01506,3.9762,1.04944,1.05464,-1.34805,-1.32963,-1.82356,-1.84874,0.267824,0.26895,0.160029,0.16042,-0.0460328,-0.044612,0.785422,0.787282,-0.0364392,-0.0403539,0.0555659,0.0542298,-0.000226325,0.00117825,-8.94045,4.01506,1.04944,0.160029,-0.0460328,0.785422
14.16,-8.95389,-8.97772,3.99675,3.95782,1.05212,1.05731,-1.33999,-1.32161,-1.83799,-1.86293,0.268229,0.269327,0.159662,0.160077,-0.0454755,-0.0440476,0.78542,0.787269,-0.0368645,-0.0407188,0.0558941,0.0545412,-0.000225786,0.00119545,-8.95389,3.99675,1.05212,0.159662,-0.0454755,0.78542
14.17,-8.96725,-8.99078,3.9783,3.9393,1.05481,1.05998,-1.33193,-1.31357,-1.85236,-1.87706,0.268631,0.2697,0.159292,0.159731,-0.0449149,-0.043481,0.785417,0.787255,-0.0372886,-0.0410827,0.0562206,0.0548508,-0.000225214,0.00121199,-8.96725,3.9783,1.05481,0.159292,-0.0449149,0.785417
14.18,-8.98053,-9.00376,3.9597,3.92064,1.0575,1.06266,-1.32385,-1.30552,-1.86665,-1.89113,0.26903,0.270071,0.158917,0.15938,-0.0443511,-0.0429123,0.785415,0.78724,-0.0377114,-0.0414474,0.0565453,0.0551579,-0.000224608,0.00122802,-8.98053,3.9597,1.0575,0.158917,-0.0443511,0.785415
14.19,-8.99372,-9.01667,3.94097,3.90185,1.06019,1.06534,-1.31576,-1.29746,-1.88088,-1.90513,0.269427,0.27044,0.158537,0.159024,-0.043784,-0.0423415,0.785413,0.787226,-0.0381329,-0.0418109,0.0568683,0.0554633,-0.000223969,0.00124332,-8.99372,3.94097,1.06019,0.158537,-0.043784,0.785413
14.2,-9.00684,-9.02949,3.92209,3.88291,1.06288,1.06803,-1.30766,-1.28939,-1.89505,-1.91906,0.269822,0.270807,0.158154,0.158665,-0.0432137,-0.0417684,0.785411,0.78721,-0.038553,-0.0421746,0.0571895,0.0557664,-0.000223297,0.00125797,-9.00684,3.92209,1.06288,0.158154,-0.0432137,0.785411
14.21,-9.01988,-9.04224,3.90307,3.86384,1.06558,1.07073,-1.29955,-1.2813,-1.90914,-1.93294,0.270214,0.271171,0.157766,0.158301,-0.0426402,-0.0411932,0.785408,0.787194,-0.0389719,-0.0425388,0.057509,0.0560676,-0.000222594,0.00127174,-9.01988,3.90307,1.06558,0.157766,-0.0426402,0.785408
14.22,-9.03283,-9.0549,3.8839,3.84462,1.06829,1.07343,-1.29143,-1.27319,-1.92317,-1.94674,0.270604,0.271533,0.157375,0.157933,-0.0420635,-0.0406157,0.785406,0.787178,-0.0393894,-0.042903,0.0578266,0.0563668,-0.000221859,0.00128473,-9.03283,3.8839,1.06829,0.157375,-0.0420635,0.785406
14.23,-9.0457,-9.06748,3.8646,3.82527,1.071,1.07614,-1.28329,-1.26508,-1.93713,-1.96048,0.270991,0.271892,0.156979,0.15756,-0.0414837,-0.0400361,0.785404,0.787161,-0.0398055,-0.0432677,0.0581425,0.0566642,-0.000221093,0.00129685,-9.0457,3.8646,1.071,0.156979,-0.0414837,0.785404
14.24,-9.0585,-9.07999,3.84516,3.80577,1.07371,1.07885,-1.27514,-1.25695,-1.95101,-1.97416,0.271376,0.272248,0.156578,0.157183,-0.0409007,-0.0394541,0.785402,0.787144,-0.0402203,-0.043632,0.0584565,0.0569601,-0.000220297,0.00130802,-9.0585,3.84516,1.07371,0.156578,-0.0409007,0.785402
14.25,-9.07121,-9.09242,3.82558,3.78614,1.07642,1.08157,-1.26698,-1.24881,-1.96483,-1.98777,0.271758,0.272602,0.156174,0.156801,-0.0403145,-0.0388698,0.7854,0.787127,-0.0406337,-0.0439973,0.0587687,0.0572544,-0.000219471,0.00131822,-9.07121,3.82558,1.07642,0.156174,-0.0403145,0.7854
14.26,-9.08384,-9.10477,3.80586,3.76637,1.07914,1.08429,-1.25881,-1.24065,-1.97858,-2.00131,0.272138,0.272954,0.155766,0.156415,-0.0397253,-0.0382833,0.785397,0.787109,-0.0410457,-0.0443623,0.059079,0.0575467,-0.000218615,0.00132732,-9.08384,3.80586,1.07914,0.155766,-0.0397253,0.785397
14.27,-9.09638,-9.11704,3.78601,3.74646,1.08187,1.08702,-1.25063,-1.23248,-1.99226,-2.01479,0.272516,0.273304,0.155353,0.156024,-0.039133,-0.0376941,0.785395,0.787092,-0.0414563,-0.0447283,0.0593874,0.057838,-0.00021773,0.00133534,-9.09638,3.78601,1.08187,0.155353,-0.039133,0.785395
14.28,-9.10885,-9.12924,3.76602,3.72641,1.08459,1.08976,-1.24244,-1.2243,-2.00586,-2.0282,0.272891,0.273651,0.154937,0.155629,-0.0385376,-0.0371027,0.785393,0.787074,-0.0418655,-0.0450945,0.059694,0.0581267,-0.000216818,0.0013423,-9.10885,3.76602,1.08459,0.154937,-0.0385376,0.785393
14.29,-9.12123,-9.14135,3.74589,3.70623,1.08732,1.0925,-1.23423,-1.21611,-2.01939,-2.04154,0.273263,0.273995,0.154516,0.155229,-0.0379391,-0.0365086,0.785391,0.787056,-0.0422732,-0.04546,0.0599986,0.0584147,-0.000215877,0.00134802,-9.12123,3.74589,1.08732,0.154516,-0.0379391,0.785391
14.3,-9.13353,-9.15339,3.72563,3.6859,1.09006,1.09525,-1.22602,-1.2079,-2.03285,-2.05482,0.273634,0.274337,0.154091,0.154825,-0.0373376,-0.0359121,0.785389,0.787038,-0.0426795,-0.045827,0.0603014,0.0587008,-0.000214909,0.00135241,-9.13353,3.72563,1.09006,0.154091,-0.0373376,0.785389
14.31,-9.14575,-9.16535,3.70524,3.66544,1.0928,1.098,-1.21779,-1.19968,-2.04624,-2.06802,0.274001,0.274677,0.153662,0.154416,-0.0367331,-0.0353128,0.785387,0.78702,-0.0430843,-0.0461943,0.0606022,0.0589847,-0.000213913,0.00135562,-9.14575,3.70524,1.0928,0.153662,-0.0367331,0.785387
14.32,-9.15789,-9.17723,3.68471,3.64485,1.09554,1.10076,-1.20955,-1.19144,-2.05955,-2.08116,0.274367,0.275014,0.15323,0.154002,-0.0361256,-0.0347109,0.785384,0.787002,-0.0434876,-0.0465613,0.060901,0.0592683,-0.000212892,0.00135756,-9.15789,3.68471,1.09554,0.15323,-0.0361256,0.785384
14.33,-9.16994,-9.18903,3.66405,3.62411,1.09828,1.10353,-1.2013,-1.1832,-2.07279,-2.09424,0.274729,0.275348,0.152793,0.153584,-0.0355151,-0.0341062,0.785382,0.786984,-0.0438894,-0.0469303,0.0611979,0.0595495,-0.000211845,0.00135806,-9.16994,3.66405,1.09828,0.152793,-0.0355151,0.785382
14.34,-9.18192,-9.20075,3.64325,3.60324,1.10103,1.1063,-1.19304,-1.17494,-2.08596,-2.10724,0.27509,0.27568,0.152352,0.153161,-0.0349016,-0.0334988,0.78538,0.786966,-0.0442897,-0.0472977,0.0614928,0.0598301,-0.000210772,0.00135721,-9.18192,3.64325,1.10103,0.152352,-0.0349016,0.78538
14.35,-9.1938,-9.21239,3.62233,3.58223,1.10379,1.10907,-1.18477,-1.16667,-2.09905,-2.12017,0.275448,0.27601,0.151907,0.152734,-0.0342852,-0.0328885,0.785378,0.786949,-0.0446884,-0.0476673,0.0617858,0.0601092,-0.000209674,0.00135492,-9.1938,3.62233,1.10379,0.151907,-0.0342852,0.785378
14.36,-9.20561,-9.22395,3.60127,3.56109,1.10654,1.11186,-1.17649,-1.15838,-2.11206,-2.13303,0.275803,0.276337,0.151458,0.152301,-0.0336659,-0.0322754,0.785376,0.786931,-0.0450856,-0.0480367,0.0620767,0.0603869,-0.000208552,0.00135103,-9.20561,3.60127,1.10654,0.151458,-0.0336659,0.785376
14.37,-9.21733,-9.23544,3.58009,3.53981,1.1093,1.11464,-1.1682,-1.15008,-2.125,-2.14583,0.276156,0.276661,0.151005,0.151864,-0.0330437,-0.0316593,0.785374,0.786914,-0.0454813,-0.048406,0.0623656,0.0606626,-0.000207406,0.00134574,-9.21733,3.58009,1.1093,0.151005,-0.0330437,0.785374
14.38,-9.22898,-9.24685,3.55877,3.5184,1.11207,1.11743,-1.1599,-1.14177,-2.13786,-2.15855,0.276506,0.276983,0.150548,0.151423,-0.0324186,-0.0310402,0.785372,0.786897,-0.0458754,-0.0487755,0.0626524,0.0609375,-0.000206236,0.00133893,-9.22898,3.55877,1.11207,0.150548,-0.0324186,0.785372
14.39,-9.24053,-9.25817,3.53733,3.49685,1.11483,1.12023,-1.15158,-1.13345,-2.15065,-2.1712,0.276854,0.277302,0.150088,0.150976,-0.0317906,-0.0304179,0.78537,0.786881,-0.0462679,-0.0491454,0.0629372,0.0612109,-0.000205044,0.0013306,-9.24053,3.53733,1.11483,0.150088,-0.0317906,0.78537
14.4,-9.25201,-9.26942,3.51576,3.47517,1.1176,1.12303,-1.14326,-1.12512,-2.16335,-2.18378,0.277199,0.277619,0.149623,0.150525,-0.0311599,-0.0297926,0.785368,0.786865,-0.0466587,-0.0495149,0.06322,0.0614827,-0.000203829,0.0013206,-9.25201,3.51576,1.1176,0.149623,-0.0311599,0.785368
14.41,-9.2634,-9.28058,3.49406,3.45336,1.12038,1.12583,-1.13493,-1.11677,-2.17598,-2.19629,0.277542,0.277934,0.149154,0.15007,-0.0305263,-0.029164,0.785366,0.786849,-0.047048,-0.0498858,0.0635006,0.0617533,-0.000202592,0.00130917,-9.2634,3.49406,1.12038,0.149154,-0.0305263,0.785366
14.42,-9.2747,-9.29167,3.47224,3.43142,1.12315,1.12864,-1.12658,-1.10842,-2.18853,-2.20872,0.277883,0.278245,0.148682,0.149609,-0.0298899,-0.0285323,0.785364,0.786834,-0.0474356,-0.0502561,0.0637792,0.0620225,-0.000201334,0.00129609,-9.2747,3.47224,1.12315,0.148682,-0.0298899,0.785364
14.43,-9.28593,-9.30268,3.45029,3.40934,1.12593,1.13146,-1.11823,-1.10005,-2.20101,-2.22108,0.278221,0.278554,0.148206,0.149144,-0.0292507,-0.0278972,0.785362,0.78682,-0.0478216,-0.0506266,0.0640557,0.0622907,-0.000200054,0.00128128,-9.28593,3.45029,1.12593,0.148206,-0.0292507,0.785362
14.44,-9.29707,-9.3136,3.42822,3.38714,1.12872,1.13427,-1.10986,-1.09167,-2.2134,-2.23336,0.278556,0.278861,0.147726,0.148674,-0.0286087,-0.0272589,0.78536,0.786805,-0.0482059,-0.0509964,0.06433,0.0625569,-0.000198754,0.001265,-9.29707,3.42822,1.12872,0.147726,-0.0286087,0.78536
14.45,-9.30813,-9.32445,3.40602,3.36481,1.13151,1.1371,-1.10149,-1.08328,-2.22572,-2.24557,0.278889,0.279165,0.147242,0.148199,-0.0279641,-0.0266172,0.785358,0.786792,-0.0485885,-0.0513666,0.0646022,0.0628222,-0.000197434,0.00124697,-9.30813,3.40602,1.13151,0.147242,-0.0279641,0.785358
14.46,-9.3191,-9.33521,3.38371,3.34235,1.1343,1.13992,-1.0931,-1.07487,-2.23795,-2.25771,0.279219,0.279467,0.146754,0.14772,-0.0273167,-0.0259719,0.785356,0.786779,-0.0489695,-0.0517367,0.0648723,0.0630861,-0.000196095,0.00122742,-9.3191,3.38371,1.1343,0.146754,-0.0273167,0.785356
14.47,-9.32999,-9.3459,3.36127,3.31977,1.13709,1.14275,-1.08471,-1.06646,-2.2501,-2.26976,0.279547,0.279765,0.146262,0.147236,-0.0266666,-0.0253234,0.785354,0.786767,-0.0493487,-0.0521067,0.0651402,0.0633481,-0.000194736,0.00120622,-9.32999,3.36127,1.13709,0.146262,-0.0266666,0.785354
14.48,-9.34079,-9.3565,3.3387,3.29706,1.13989,1.14558,-1.07631,-1.05804,-2.26218,-2.28174,0.279873,0.280061,0.145767,0.146747,-0.0260139,-0.0246714,0.785352,0.786755,-0.0497262,-0.0524763,0.0654059,0.0636089,-0.000193359,0.00118349,-9.34079,3.3387,1.13989,0.145767,-0.0260139,0.785352
14.49,-9.35151,-9.36701,3.31602,3.27423,1.14269,1.14842,-1.06789,-1.0496,-2.27417,-2.29364,0.280195,0.280355,0.145268,0.146254,-0.0253585,-0.0240156,0.78535,0.786744,-0.0501019,-0.0528454,0.0656694,0.0638674,-0.000191963,0.00115919,-9.35151,3.31602,1.14269,0.145268,-0.0253585,0.78535
14.5,-9.36215,-9.37745,3.29322,3.25127,1.14549,1.15125,-1.05947,-1.04116,-2.28608,-2.30547,0.280516,0.280646,0.144765,0.145756,-0.0247005,-0.0233564,0.785348,0.786734,-0.0504759,-0.0532143,0.0659307,0.0641255,-0.00019055,0.00113326,-9.36215,3.29322,1.14549,0.144765,-0.0247005,0.785348
14.51,-9.3727,-9.3878,3.2703,3.22819,1.1483,1.1541,-1.05103,-1.0327,-2.2979,-2.31721,0.280834,0.280935,0.144258,0.145254,-0.0240399,-0.0226936,0.785346,0.786724,-0.0508481,-0.0535822,0.0661899,0.0643806,-0.000189119,0.00110596,-9.3727,3.2703,1.1483,0.144258,-0.0240399,0.785346
14.52,-9.38317,-9.39807,3.24726,3.20499,1.15111,1.15694,-1.04259,-1.02424,-2.30965,-2.32887,0.281149,0.281221,0.143748,0.144747,-0.0233767,-0.0220273,0.785344,0.786715,-0.0512186,-0.0539505,0.0664467,0.064635,-0.000187672,0.00107712,-9.38317,3.24726,1.15111,0.143748,-0.0233767,0.785344
14.53,-9.39356,-9.40826,3.22411,3.18167,1.15392,1.15978,-1.03414,-1.01576,-2.32131,-2.34045,0.281462,0.281504,0.143234,0.144235,-0.022711,-0.0213574,0.785342,0.786707,-0.0515872,-0.0543172,0.0667014,0.0648877,-0.000186209,0.00104681,-9.39356,3.22411,1.15392,0.143234,-0.022711,0.785342
14.54,-9.40386,-9.41836,3.20084,3.15824,1.15674,1.16263,-1.02568,-1.00728,-2.33289,-2.35196,0.281772,0.281785,0.142716,0.143719,-0.0220427,-0.0206836,0.785341,0.786699,-0.051954,-0.0546832,0.0669538,0.0651384,-0.000184729,0.00101508,-9.40386,3.20084,1.15674,0.142716,-0.0220427,0.785341
14.55,-9.41407,-9.42838,3.17745,3.13469,1.15956,1.16548,-1.01721,-0.998783,-2.34438,-2.36337,0.282079,0.282064,0.142195,0.143198,-0.0213719,-0.0200064,0.785339,0.786693,-0.052319,-0.0550491,0.0672039,0.0653875,-0.000183234,0.000982031,-9.41407,3.17745,1.15956,0.142195,-0.0213719,0.785339
14.56,-9.4242,-9.43832,3.15395,3.11102,1.16238,1.16833,-1.00872,-0.99028,-2.35579,-2.37471,0.282385,0.282339,0.14167,0.142673,-0.0206987,-0.0193254,0.785337,0.786687,-0.0526821,-0.0554135,0.0674518,0.0656345,-0.000181725,0.00094752,-9.4242,3.15395,1.16238,0.14167,-0.0206987,0.785337
14.57,-9.43424,-9.44817,3.13034,3.08724,1.1652,1.17119,-1.00024,-0.981768,-2.36712,-2.38596,0.282687,0.282613,0.141141,0.142143,-0.0200229,-0.0186408,0.785335,0.786682,-0.0530434,-0.0557766,0.0676973,0.0658793,-0.0001802,0.000911921,-9.43424,3.13034,1.1652,0.141141,-0.0200229,0.785335
14.58,-9.4442,-9.45794,3.10661,3.06334,1.16803,1.17404,-0.991736,-0.973246,-2.37836,-2.39713,0.282987,0.282883,0.140609,0.141608,-0.0193447,-0.0179525,0.785333,0.786678,-0.0534028,-0.0561392,0.0679405,0.0661225,-0.000178662,0.00087522,-9.4442,3.10661,1.16803,0.140609,-0.0193447,0.785333
14.59,-9.45408,-9.46762,3.08277,3.03934,1.17086,1.1769,-0.983228,-0.964716,-2.38951,-2.40821,0.283285,0.283151,0.140073,0.14107,-0.0186641,-0.0172605,0.785331,0.786674,-0.0537603,-0.0565002,0.0681815,0.0663629,-0.00017711,0.000837207,-9.45408,3.08277,1.17086,0.140073,-0.0186641,0.785331
14.6,-9.46387,-9.47722,3.05882,3.01522,1.1737,1.17975,-0.974712,-0.956177,-2.40058,-2.4192,0.28358,0.283417,0.139534,0.140527,-0.0179811,-0.0165649,0.78533,0.786671,-0.0541158,-0.0568611,0.0684201,0.0666023,-0.000175545,0.000798106,-9.46387,3.05882,1.1737,0.139534,-0.0179811,0.78533
14.61,-9.47357,-9.48673,3.03476,2.991,1.17654,1.18261,-0.966186,-0.94763,-2.41156,-2.43011,0.283872,0.28368,0.138991,0.13998,-0.0172957,-0.0158656,0.785328,0.786669,-0.0544695,-0.0572201,0.0686563,0.0668381,-0.000173967,0.000758156,-9.47357,3.03476,1.17654,0.138991,-0.0172957,0.785328
14.62,-9.48319,-9.49615,3.01059,2.96667,1.17938,1.18547,-0.957652,-0.939074,-2.42245,-2.44093,0.284162,0.28394,0.138444,0.139428,-0.016608,-0.0151625,0.785326,0.786668,-0.0548212,-0.0575773,0.0688903,0.067073,-0.000172377,0.000717267,-9.48319,3.01059,1.17938,0.138444,-0.016608,0.785326
14.63,-9.49273,-9.5055,2.98631,2.94223,1.18222,1.18833,-0.949109,-0.93051,-2.43326,-2.45167,0.284449,0.284198,0.137894,0.138872,-0.0159179,-0.0144559,0.785325,0.786667,-0.0551709,-0.057934,0.0691218,0.0673052,-0.000170775,0.00067547,-9.49273,2.98631,1.18222,0.137894,-0.0159179,0.785325
14.64,-9.50217,-9.51475,2.96192,2.91768,1.18506,1.19119,-0.940557,-0.921936,-2.44398,-2.46231,0.284734,0.284454,0.137341,0.138311,-0.0152255,-0.0137457,0.785323,0.786667,-0.0555187,-0.0582886,0.069351,0.0675345,-0.000169162,0.000632927,-9.50217,2.96192,1.18506,0.137341,-0.0152255,0.785323
14.65,-9.51154,-9.52393,2.93743,2.89304,1.18791,1.19405,-0.931997,-0.913357,-2.45461,-2.47287,0.285016,0.284707,0.136784,0.137747,-0.0145309,-0.013032,0.785321,0.786668,-0.0558645,-0.0586415,0.0695777,0.067762,-0.000167537,0.000589833,-9.51154,2.93743,1.18791,0.136784,-0.0145309,0.785321
14.66,-9.52081,-9.53301,2.91283,2.86829,1.19076,1.19691,-0.923428,-0.904768,-2.46516,-2.48334,0.285296,0.284957,0.136224,0.137178,-0.013834,-0.0123148,0.785319,0.78667,-0.0562083,-0.0589935,0.0698021,0.0679861,-0.000165902,0.000546113,-9.52081,2.91283,1.19076,0.136224,-0.013834,0.785319
14.67,-9.53001,-9.54201,2.88813,2.84344,1.19362,1.19977,-0.914851,-0.896171,-2.47561,-2.49372,0.285573,0.285205,0.13566,0.136605,-0.0131349,-0.0115939,0.785318,0.786672,-0.0565501,-0.0593431,0.0700241,0.0682082,-0.000164257,0.000501856,-9.53001,2.88813,1.19362,0.13566,-0.0131349,0.785318
14.68,-9.53911,-9.55093,2.86332,2.81848,1.19648,1.20264,-0.906265,-0.887567,-2.48598,-2.50401,0.285847,0.28545,0.135093,0.136028,-0.0124335,-0.0108695,0.785316,0.786675,-0.0568898,-0.0596914,0.0702436,0.0684278,-0.000162602,0.000457257,-9.53911,2.86332,1.19648,0.135093,-0.0124335,0.785316
14.69,-9.54813,-9.55975,2.83841,2.79343,1.19934,1.2055,-0.897671,-0.878954,-2.49625,-2.5142,0.286119,0.285693,0.134522,0.135447,-0.01173,-0.0101418,0.785315,0.786678,-0.0572275,-0.0600378,0.0704607,0.0686442,-0.000160937,0.000412345,-9.54813,2.83841,1.19934,0.134522,-0.01173,0.785315
14.7,-9.55706,-9.5685,2.81339,2.76828,1.2022,1.20836,-0.889069,-0.870335,-2.50644,-2.52431,0.286388,0.285933,0.133948,0.134862,-0.0110243,-0.00941071,0.785313,0.786682,-0.0575631,-0.0603826,0.0706754,0.0688582,-0.000159264,0.000367358,-9.55706,2.81339,1.2022,0.133948,-0.0110243,0.785313
14.71,-9.56591,-9.57716,2.78828,2.74303,1.20506,1.21123,-0.880459,-0.861706,-2.51654,-2.53432,0.286655,0.286171,0.133371,0.134273,-0.0103165,-0.008676,0.785311,0.786686,-0.0578966,-0.060725,0.0708876,0.0690692,-0.000157582,0.000322148,-9.56591,2.78828,1.20506,0.133371,-0.0103165,0.785311
14.72,-9.57467,-9.58573,2.76306,2.71768,1.20793,1.21409,-0.871841,-0.853069,-2.52654,-2.54425,0.286919,0.286407,0.13279,0.133679,-0.00960658,-0.00793821,0.78531,0.786691,-0.058228,-0.0610655,0.0710973,0.0692777,-0.000155892,0.000276968,-9.57467,2.76306,1.20793,0.13279,-0.00960658,0.78531
14.73,-9.58335,-9.59422,2.73775,2.69224,1.2108,1.21695,-0.863216,-0.844426,-2.53646,-2.55407,0.287181,0.286639,0.132206,0.133082,-0.00889457,-0.00719719,0.785308,0.786697,-0.0585574,-0.0614046,0.0713046,0.0694837,-0.000154194,0.000231937,-9.58335,2.73775,1.2108,0.132206,-0.00889457,0.785308
14.74,-9.59194,-9.60262,2.71233,2.66671,1.21368,1.21982,-0.854582,-0.835775,-2.54628,-2.56381,0.28744,0.28687,0.131619,0.132481,-0.0081805,-0.00645294,0.785307,0.786702,-0.0588846,-0.0617412,0.0715093,0.0696859,-0.000152489,0.000187159,-9.59194,2.71233,1.21368,0.131619,-0.0081805,0.785307
14.75,-9.60044,-9.61094,2.68682,2.64107,1.21655,1.22268,-0.84594,-0.827117,-2.55601,-2.57345,0.287696,0.287097,0.131029,0.131876,-0.00746439,-0.00570544,0.785305,0.786708,-0.0592096,-0.0620754,0.0717116,0.069885,-0.000150777,0.000142634,-9.60044,2.68682,1.21655,0.131029,-0.00746439,0.785305
14.76,-9.60886,-9.61918,2.66121,2.61535,1.21943,1.22555,-0.837291,-0.818448,-2.56565,-2.583,0.28795,0.287323,0.130435,0.131267,-0.00674627,-0.00495489,0.785304,0.786715,-0.0595325,-0.0624081,0.0719113,0.0700819,-0.000149059,9.85712e-05,-9.60886,2.66121,1.21943,0.130435,-0.00674627,0.785304
14.77,-9.61719,-9.62732,2.63551,2.58953,1.22231,1.22841,-0.828634,-0.809773,-2.5752,-2.59246,0.288201,0.287545,0.129838,0.130654,-0.00602617,-0.00420143,0.785302,0.786721,-0.0598532,-0.0627378,0.0721086,0.0702755,-0.000147334,5.51492e-05,-9.61719,2.63551,1.22231,0.129838,-0.00602617,0.785302
14.78,-9.62543,-9.63539,2.60971,2.56362,1.22519,1.23128,-0.819969,-0.801091,-2.58465,-2.60182,0.28845,0.287765,0.129238,0.130038,-0.00530411,-0.00344516,0.785301,0.786728,-0.0601717,-0.0630658,0.0723033,0.0704659,-0.000145604,1.23978e-05,-9.62543,2.60971,1.22519,0.129238,-0.00530411,0.785301
14.79,-9.63359,-9.64337,2.58382,2.53761,1.22808,1.23415,-0.811298,-0.7924,-2.59401,-2.61108,0.288696,0.287983,0.128634,0.129417,-0.00458011,-0.00268578,0.785299,0.786736,-0.0604881,-0.0633918,0.0724954,0.0706534,-0.000143868,-2.97725e-05,-9.63359,2.58382,1.22808,0.128634,-0.00458011,0.785299
14.8,-9.64165,-9.65126,2.55783,2.51152,1.23097,1.23701,-0.802618,-0.783701,-2.60328,-2.62025,0.288939,0.288198,0.128028,0.128793,-0.00385421,-0.00192373,0.785298,0.786743,-0.0608022,-0.0637149,0.072685,0.0708379,-0.000142127,-7.09742e-05,-9.64165,2.55783,1.23097,0.128028,-0.00385421,0.785298
14.81,-9.64964,-9.65907,2.53175,2.48534,1.23386,1.23988,-0.793932,-0.774995,-2.61245,-2.62933,0.28918,0.28841,0.127418,0.128165,-0.00312642,-0.001159,0.785296,0.78675,-0.061114,-0.0640362,0.0728721,0.0710192,-0.000140381,-0.000111148,-9.64964,2.53175,1.23386,0.127418,-0.00312642,0.785296
14.82,-9.65753,-9.6668,2.50558,2.45906,1.23675,1.24275,-0.785238,-0.76628,-2.62153,-2.63831,0.289418,0.28862,0.126806,0.127534,-0.00239678,-0.000391651,0.785295,0.786758,-0.0614236,-0.0643546,0.0730566,0.0711973,-0.000138631,-0.000150472,-9.65753,2.50558,1.23675,0.126806,-0.00239678,0.785295
14.83,-9.66534,-9.67444,2.47932,2.4327,1.23965,1.24562,-0.776537,-0.757557,-2.63052,-2.64719,0.289654,0.288827,0.12619,0.126899,-0.0016653,0.000378437,0.785294,0.786765,-0.061731,-0.0646709,0.0732385,0.0713722,-0.000136877,-0.000188455,-9.66534,2.47932,1.23965,0.12619,-0.0016653,0.785294
14.84,-9.67306,-9.682,2.45297,2.40625,1.24254,1.24849,-0.767829,-0.748827,-2.63941,-2.65598,0.289887,0.289032,0.125571,0.12626,-0.000932016,0.00115071,0.785292,0.786773,-0.0620361,-0.0649846,0.0734178,0.0715442,-0.00013512,-0.000225112,-9.67306,2.45297,1.24254,0.125571,-0.000932016,0.785292
14.85,-9.6807,-9.68947,2.42653,2.3797,1.24544,1.25136,-0.759114,-0.740087,-2.6482,-2.66467,0.290117,0.289234,0.124949,0.125618,-0.000196953,0.00192551,0.785291,0.78678,-0.0623388,-0.0652956,0.0735945,0.0717132,-0.000133359,-0.000260621,-9.6807,2.42653,1.24544,0.124949,-0.000196953,0.785291
14.86,-9.68825,-9.69686,2.40001,2.35308,1.24835,1.25424,-0.750392,-0.731341,-2.6569,-2.67326,0.290345,0.289433,0.124324,0.124972,0.000539865,0.00270239,0.78529,0.786788,-0.0626393,-0.0656042,0.0737685,0.071879,-0.000131596,-0.000294492,-9.68825,2.40001,1.24835,0.124324,0.000539865,0.78529
14.87,-9.69571,-9.70417,2.3734,2.32636,1.25125,1.25711,-0.741663,-0.722585,-2.66551,-2.68176,0.29057,0.28963,0.123696,0.124323,0.00127841,0.00348154,0.785288,0.786795,-0.0629374,-0.0659107,0.07394,0.0720418,-0.00012983,-0.000326827,-9.69571,2.3734,1.25125,0.123696,0.00127841,0.785288
14.88,-9.70308,-9.71139,2.3467,2.29956,1.25416,1.25999,-0.732928,-0.713822,-2.67402,-2.69016,0.290793,0.289824,0.123066,0.12367,0.00201866,0.00426282,0.785287,0.786802,-0.0632332,-0.066214,0.0741089,0.072202,-0.000128061,-0.000357464,-9.70308,2.3467,1.25416,0.123066,0.00201866,0.785287
14.89,-9.71037,-9.71853,2.31992,2.27267,1.25707,1.26287,-0.724186,-0.705051,-2.68243,-2.69846,0.291013,0.290015,0.122432,0.123015,0.00276058,0.00504599,0.785286,0.786809,-0.0635267,-0.0665146,0.0742751,0.0723583,-0.000126291,-0.000386626,-9.71037,2.31992,1.25707,0.122432,0.00276058,0.785286
14.9,-9.71756,-9.72558,2.29305,2.24571,1.25998,1.26575,-0.715437,-0.696274,-2.69074,-2.70666,0.29123,0.290203,0.121795,0.122355,0.00350415,0.00583078,0.785285,0.786815,-0.0638177,-0.066813,0.0744386,0.0725126,-0.00012452,-0.000413775,-9.71756,2.29305,1.25998,0.121795,0.00350415,0.785285
14.91,-9.72467,-9.73255,2.2661,2.21865,1.26289,1.26863,-0.706682,-0.687486,-2.69896,-2.71476,0.291445,0.290389,0.121155,0.121693,0.00424934,0.00661775,0.785283,0.786821,-0.0641064,-0.0671089,0.0745995,0.0726634,-0.000122747,-0.000439107,-9.72467,2.2661,1.26289,0.121155,0.00424934,0.785283
14.92,-9.7317,-9.73944,2.23907,2.19151,1.26581,1.27151,-0.69792,-0.678692,-2.70708,-2.72277,0.291657,0.290572,0.120513,0.121027,0.00499613,0.00740615,0.785282,0.786827,-0.0643927,-0.0674017,0.0747578,0.0728116,-0.000120974,-0.000462532,-9.7317,2.23907,1.26581,0.120513,0.00499613,0.785282
14.93,-9.73863,-9.74624,2.21196,2.16429,1.26872,1.2744,-0.689152,-0.66989,-2.71511,-2.73067,0.291866,0.290752,0.119868,0.120358,0.00574449,0.0081962,0.785281,0.786833,-0.0646765,-0.067692,0.0749133,0.0729573,-0.0001192,-0.000483975,-9.73863,2.21196,1.26872,0.119868,0.00574449,0.785281
14.94,-9.74548,-9.75296,2.18477,2.13699,1.27164,1.27728,-0.680377,-0.661081,-2.72303,-2.73847,0.292073,0.290929,0.119219,0.119687,0.00649439,0.00898761,0.78528,0.786838,-0.064958,-0.0679795,0.0750662,0.073099,-0.000117426,-0.000503197,-9.74548,2.18477,1.27164,0.119219,0.00649439,0.78528
14.95,-9.75224,-9.7596,2.1575,2.10961,1.27457,1.28017,-0.671597,-0.652264,-2.73086,-2.74618,0.292277,0.291103,0.118568,0.119012,0.0072458,0.00978022,0.785279,0.786842,-0.065237,-0.0682643,0.0752164,0.0732392,-0.000115652,-0.000520349,-9.75224,2.1575,1.27457,0.118568,0.0072458,0.785279
14.96,-9.75891,-9.76615,2.13015,2.08214,1.27749,1.28307,-0.66281,-0.643439,-2.73859,-2.75378,0.292479,0.291275,0.117915,0.118334,0.00799871,0.0105742,0.785277,0.786846,-0.0655135,-0.0685459,0.0753639,0.0733765,-0.000113878,-0.000535294,-9.75891,2.13015,1.27749,0.117915,0.00799871,0.785277
14.97,-9.7655,-9.77261,2.10273,2.0546,1.28042,1.28596,-0.654018,-0.634606,-2.74622,-2.76129,0.292678,0.291443,0.117258,0.117653,0.00875307,0.0113693,0.785276,0.786849,-0.0657875,-0.068825,0.0755087,0.0735105,-0.000112106,-0.00054805,-9.7655,2.10273,1.28042,0.117258,0.00875307,0.785276
14.98,-9.77199,-9.77899,2.07523,2.02698,1.28334,1.28886,-0.645219,-0.625767,-2.75375,-2.76869,0.292874,0.291609,0.116599,0.11697,0.00950887,0.0121651,0.785275,0.786852,-0.0660591,-0.0691014,0.0756508,0.0736429,-0.000110334,-0.00055854,-9.77199,2.07523,1.28334,0.116599,0.00950887,0.785275
14.99,-9.7784,-9.78529,2.04765,1.99928,1.28627,1.29176,-0.636415,-0.61692,-2.76118,-2.77599,0.293068,0.291771,0.115937,0.116284,0.0102661,0.0129622,0.785274,0.786854,-0.0663282,-0.0693748,0.0757901,0.0737726,-0.000108564,-0.00056681,-9.7784,2.04765,1.28627,0.115937,0.0102661,0.785274
15,-9.78472,-9.7915,2.02,1.97151,1.2892,1.29466,-0.627604,-0.608067,-2.76851,-2.78318,0.293259,0.291931,0.115272,0.115595,0.0110247,0.0137599,0.785273,0.786856,-0.0665947,-0.0696455,0.0759268,0.0738995,-0.000106795,-0.000572696,-9.78472,2.02,1.2892,0.115272,0.0110247,0.785273
15.01,-9.79095,-9.79763,1.99228,1.94366,1.29214,1.29757,-0.618789,-0.599206,-2.77575,-2.79028,0.293447,0.292087,0.114605,0.114903,0.0117846,0.0145583,0.785272,0.786857,-0.0668587,-0.0699131,0.0760607,0.0740246,-0.000105029,-0.000576302,-9.79095,1.99228,1.29214,0.114605,0.0117846,0.785272
15.02,-9.7971,-9.80367,1.96449,1.91574,1.29507,1.30048,-0.609967,-0.590339,-2.78288,-2.79727,0.293633,0.292241,0.113935,0.11421,0.0125459,0.0153573,0.785271,0.786857,-0.0671202,-0.0701786,0.0761918,0.0741463,-0.000103265,-0.000577465,-9.7971,1.96449,1.29507,0.113935,0.0125459,0.785271
15.03,-9.80315,-9.80962,1.93663,1.88775,1.29801,1.30339,-0.60114,-0.581467,-2.78991,-2.80416,0.293816,0.292392,0.113263,0.113513,0.0133084,0.0161567,0.78527,0.786857,-0.0673791,-0.0704402,0.0763202,0.0742664,-0.000101503,-0.000576213,-9.80315,1.93663,1.29801,0.113263,0.0133084,0.78527
15.04,-9.80912,-9.81549,1.90869,1.85969,1.30095,1.30631,-0.592307,-0.572588,-2.79684,-2.81095,0.293997,0.292539,0.112588,0.112815,0.0140723,0.0169565,0.785269,0.786856,-0.0676355,-0.0706987,0.0764458,0.0743847,-9.9744e-05,-0.000572667,-9.80912,1.90869,1.30095,0.112588,0.0140723,0.785269
15.05,-9.815,-9.82127,1.88069,1.83156,1.30389,1.30922,-0.583469,-0.563702,-2.80367,-2.81763,0.294175,0.292683,0.11191,0.112114,0.0148373,0.0177565,0.785268,0.786854,-0.0678893,-0.0709554,0.0765687,0.0745007,-9.79883e-05,-0.00056681,-9.815,1.88069,1.30389,0.11191,0.0148373,0.785268
15.06,-9.82079,-9.82697,1.85262,1.80336,1.30683,1.31215,-0.574626,-0.554811,-2.8104,-2.82421,0.29435,0.292825,0.11123,0.111411,0.0156036,0.0185568,0.785267,0.786851,-0.0681404,-0.0712092,0.0766888,0.0746143,-9.6236e-05,-0.000558615,-9.82079,1.85262,1.30683,0.11123,0.0156036,0.785267
15.07,-9.82649,-9.83258,1.82448,1.77509,1.30978,1.31507,-0.565778,-0.545914,-2.81703,-2.83069,0.294522,0.292963,0.110547,0.110706,0.0163711,0.0193572,0.785266,0.786848,-0.068389,-0.071459,0.0768061,0.0747262,-9.44874e-05,-0.000548005,-9.82649,1.82448,1.30978,0.110547,0.0163711,0.785266
15.08,-9.8321,-9.8381,1.79628,1.74676,1.31272,1.318,-0.556924,-0.537012,-2.82356,-2.83706,0.294692,0.293099,0.109862,0.109999,0.0171397,0.0201574,0.785265,0.786843,-0.0686349,-0.0717077,0.0769207,0.0748362,-9.27427e-05,-0.00053516,-9.8321,1.79628,1.31272,0.109862,0.0171397,0.785265
15.09,-9.83763,-9.84354,1.76801,1.71836,1.31567,1.32093,-0.548065,-0.528104,-2.82998,-2.84333,0.294859,0.293232,0.109175,0.10929,0.0179095,0.0209578,0.785264,0.786838,-0.0688782,-0.071952,0.0770324,0.0749449,-9.10023e-05,-0.000520036,-9.83763,1.76801,1.31567,0.109175,0.0179095,0.785264
15.1,-9.84307,-9.84888,1.73968,1.6899,1.31862,1.32386,-0.539202,-0.519191,-2.83631,-2.84949,0.295024,0.293361,0.108485,0.108579,0.0186804,0.0217579,0.785263,0.786832,-0.0691188,-0.0721942,0.0771413,0.0750509,-8.92663e-05,-0.00050272,-9.84307,1.73968,1.31862,0.108485,0.0186804,0.785263
15.11,-9.84841,-9.85414,1.71129,1.66137,1.32157,1.3268,-0.530333,-0.510273,-2.84253,-2.85555,0.295186,0.293487,0.107792,0.107867,0.0194523,0.0225577,0.785262,0.786826,-0.0693568,-0.0724337,0.0772474,0.0751554,-8.75351e-05,-0.0004832,-9.84841,1.71129,1.32157,0.107792,0.0194523,0.785262
15.12,-9.85367,-9.85931,1.68283,1.63279,1.32452,1.32974,-0.52146,-0.501351,-2.84865,-2.8615,0.295345,0.293611,0.107097,0.107153,0.0202253,0.0233573,0.785261,0.786818,-0.0695921,-0.07267,0.0773508,0.0752574,-8.58088e-05,-0.000461593,-9.85367,1.68283,1.32452,0.107097,0.0202253,0.785261
15.13,-9.85884,-9.86439,1.65431,1.60415,1.32748,1.33268,-0.512582,-0.492424,-2.85466,-2.86735,0.295502,0.293731,0.1064,0.106438,0.0209993,0.0241565,0.785261,0.78681,-0.0698247,-0.072904,0.0774513,0.0753586,-8.40878e-05,-0.000437886,-9.85884,1.65431,1.32748,0.1064,0.0209993,0.785261
15.14,-9.86392,-9.86938,1.62574,1.57545,1.33043,1.33563,-0.503699,-0.483492,-2.86057,-2.87309,0.295656,0.293849,0.105701,0.105721,0.0217743,0.0249552,0.78526,0.786801,-0.0700546,-0.0731352,0.0775489,0.0754579,-8.23723e-05,-0.00041227,-9.86392,1.62574,1.33043,0.105701,0.0217743,0.78526
15.15,-9.86892,-9.87429,1.5971,1.5467,1.33339,1.33858,-0.494812,-0.474557,-2.86638,-2.87872,0.295807,0.293963,0.104999,0.105002,0.0225503,0.0257534,0.785259,0.786791,-0.0702818,-0.0733632,0.0776438,0.0755557,-8.06625e-05,-0.000384599,-9.86892,1.5971,1.33339,0.104999,0.0225503,0.785259
15.16,-9.87382,-9.8791,1.56841,1.51789,1.33635,1.34153,-0.48592,-0.465617,-2.87209,-2.88425,0.295956,0.294075,0.104295,0.104283,0.0233272,0.026551,0.785258,0.78678,-0.0705062,-0.073589,0.0777357,0.0756517,-7.89587e-05,-0.000355065,-9.87382,1.56841,1.33635,0.104295,0.0233272,0.785258
15.17,-9.87863,-9.88383,1.53966,1.48903,1.33931,1.34449,-0.477024,-0.456673,-2.87769,-2.88968,0.296102,0.294184,0.103589,0.103562,0.024105,0.0273482,0.785257,0.786769,-0.0707279,-0.0738119,0.0778249,0.0757463,-7.7261e-05,-0.000323892,-9.87863,1.53966,1.33931,0.103589,0.024105,0.785257
15.18,-9.88336,-9.88846,1.51086,1.46011,1.34227,1.34745,-0.468123,-0.447725,-2.88319,-2.89499,0.296245,0.29429,0.102881,0.10284,0.0248837,0.0281447,0.785257,0.786757,-0.0709469,-0.0740328,0.0779112,0.0758393,-7.55698e-05,-0.000291005,-9.88336,1.51086,1.34227,0.102881,0.0248837,0.785257
15.19,-9.888,-9.89299,1.482,1.43115,1.34524,1.35041,-0.459219,-0.438775,-2.88859,-2.90021,0.296385,0.294394,0.10217,0.102117,0.0256632,0.0289405,0.785256,0.786744,-0.0711631,-0.0742505,0.0779947,0.0759308,-7.38852e-05,-0.000256643,-9.888,1.482,1.34524,0.10217,0.0256632,0.785256
15.2,-9.89254,-9.89745,1.45308,1.40214,1.3482,1.35338,-0.45031,-0.42982,-2.89388,-2.90531,0.296523,0.294494,0.101458,0.101394,0.0264436,0.0297356,0.785255,0.78673,-0.0713765,-0.0744653,0.0780753,0.0760202,-7.22076e-05,-0.000220597,-9.89254,1.45308,1.3482,0.101458,0.0264436,0.785255
15.21,-9.897,-9.90181,1.42412,1.37308,1.35117,1.35635,-0.441397,-0.420862,-2.89906,-2.91031,0.296659,0.294592,0.100743,0.100669,0.0272247,0.0305301,0.785254,0.786716,-0.0715872,-0.0746781,0.078153,0.076108,-7.0537e-05,-0.000183225,-9.897,1.42412,1.35117,0.100743,0.0272247,0.785254
15.22,-9.90137,-9.90608,1.3951,1.34397,1.35413,1.35932,-0.43248,-0.4119,-2.90414,-2.91521,0.296791,0.294688,0.100026,0.0999434,0.0280066,0.0313238,0.785254,0.786701,-0.071795,-0.0748893,0.0782278,0.0761945,-6.88737e-05,-0.00014475,-9.90137,1.3951,1.35413,0.100026,0.0280066,0.785254
15.23,-9.90565,-9.91026,1.36604,1.31482,1.3571,1.36229,-0.423559,-0.402935,-2.90912,-2.91999,0.296921,0.294781,0.0993068,0.0992172,0.0287893,0.0321166,0.785253,0.786685,-0.0720001,-0.0750968,0.0782998,0.0762789,-6.72179e-05,-0.000105113,-9.90565,1.36604,1.3571,0.0993068,0.0287893,0.785253
15.24,-9.90984,-9.91434,1.33692,1.28562,1.36007,1.36527,-0.414634,-0.393968,-2.91399,-2.92467,0.297048,0.294872,0.0985858,0.0984903,0.0295726,0.0329089,0.785252,0.786669,-0.0722023,-0.0753028,0.0783689,0.0763614,-6.55699e-05,-6.42836e-05,-9.90984,1.33692,1.36007,0.0985858,0.0295726,0.785252
15.25,-9.91395,-9.91833,1.30776,1.25638,1.36304,1.36825,-0.405706,-0.384996,-2.91876,-2.92925,0.297173,0.29496,0.0978628,0.0977627,0.0303566,0.0337002,0.785252,0.786652,-0.0724017,-0.0755059,0.0784352,0.0764425,-6.39297e-05,-2.25455e-05,-9.91395,1.30776,1.36304,0.0978628,0.0303566,0.785252
15.26,-9.91796,-9.92224,1.27855,1.2271,1.36602,1.37123,-0.396774,-0.376021,-2.92342,-2.93372,0.297295,0.295046,0.0971378,0.0970343,0.0311413,0.0344911,0.785251,0.786635,-0.0725982,-0.0757068,0.0784985,0.0765214,-6.22977e-05,1.99527e-05,-9.91796,1.27855,1.36602,0.0971378,0.0311413,0.785251
15.27,-9.92188,-9.92604,1.24929,1.19778,1.36899,1.37421,-0.387838,-0.367044,-2.92798,-2.93808,0.297414,0.29513,0.0964108,0.0963056,0.0319266,0.0352811,0.78525,0.786617,-0.0727919,-0.0759064,0.0785589,0.076599,-6.06741e-05,6.31213e-05,-9.92188,1.24929,1.36899,0.0964108,0.0319266,0.78525
15.28,-9.92571,-9.92976,1.21999,1.16842,1.37196,1.3772,-0.378899,-0.358064,-2.93243,-2.94234,0.297531,0.295211,0.095682,0.0955764,0.0327125,0.0360702,0.78525,0.786599,-0.0729827,-0.0761026,0.0786165,0.0766743,-5.90589e-05,0.000106916,-9.92571,1.21999,1.37196,0.095682,0.0327125,0.78525
15.29,-9.92946,-9.93338,1.19064,1.13902,1.37494,1.38019,-0.369956,-0.349081,-2.93677,-2.94648,0.297645,0.295291,0.0949512,0.0948468,0.0334989,0.0368587,0.785249,0.786581,-0.0731707,-0.0762974,0.0786711,0.0767468,-5.74524e-05,0.000151038,-9.92946,1.19064,1.37494,0.0949512,0.0334989,0.785249
15.3,-9.93311,-9.93691,1.16125,1.10959,1.37792,1.38318,-0.36101,-0.340095,-2.94101,-2.95053,0.297756,0.295368,0.0942186,0.0941165,0.0342859,0.0376465,0.785249,0.786562,-0.0733557,-0.0764893,0.0787228,0.076818,-5.58549e-05,0.000195503,-9.93311,1.16125,1.37792,0.0942186,0.0342859,0.785249
15.31,-9.93668,-9.94034,1.13182,1.08012,1.38089,1.38618,-0.352061,-0.331106,-2.94514,-2.95447,0.297864,0.295444,0.0934841,0.0933859,0.0350734,0.0384337,0.785248,0.786543,-0.0735379,-0.0766801,0.0787717,0.0768867,-5.42663e-05,0.000240043,-9.93668,1.13182,1.38089,0.0934841,0.0350734,0.785248
15.32,-9.94016,-9.94369,1.10235,1.05061,1.38387,1.38918,-0.343109,-0.322114,-2.94917,-2.9583,0.29797,0.295517,0.0927478,0.092655,0.0358613,0.0392202,0.785248,0.786524,-0.0737172,-0.0768687,0.0788176,0.0769531,-5.26871e-05,0.000284657,-9.94016,1.10235,1.38387,0.0927478,0.0358613,0.785248
15.33,-9.94354,-9.94694,1.07284,1.02107,1.38685,1.39217,-0.334154,-0.31312,-2.95309,-2.96202,0.298074,0.29559,0.0920098,0.0919236,0.0366497,0.040006,0.785247,0.786504,-0.0738935,-0.0770554,0.0788606,0.0770169,-5.11172e-05,0.000329047,-9.94354,1.07284,1.38685,0.0920098,0.0366497,0.785247
15.34,-9.94684,-9.95009,1.04329,0.99149,1.38984,1.39517,-0.325195,-0.304121,-2.9569,-2.96564,0.298174,0.29566,0.09127,0.0911916,0.0374385,0.0407913,0.785247,0.786485,-0.074067,-0.0772398,0.0789007,0.0770785,-4.95569e-05,0.000373244,-9.94684,1.04329,1.38984,0.09127,0.0374385,0.785247
15.35,-9.95005,-9.95316,1.0137,0.961881,1.39282,1.39818,-0.316234,-0.295121,-2.96061,-2.96916,0.298272,0.295728,0.0905284,0.0904593,0.0382277,0.0415761,0.785246,0.786466,-0.0742375,-0.0774222,0.0789378,0.0771374,-4.80064e-05,0.000416979,-9.95005,1.0137,1.39282,0.0905284,0.0382277,0.785246
15.36,-9.95316,-9.95613,0.984076,0.932242,1.3958,1.40118,-0.307269,-0.286118,-2.96421,-2.97257,0.298367,0.295796,0.0897852,0.0897268,0.0390173,0.0423605,0.785246,0.786446,-0.074405,-0.0776033,0.078972,0.0771929,-4.64657e-05,0.000460207,-9.95316,0.984076,1.3958,0.0897852,0.0390173,0.785246
15.37,-9.95619,-9.95901,0.954417,0.902573,1.39878,1.40419,-0.298303,-0.277112,-2.9677,-2.97587,0.298459,0.295861,0.0890403,0.0889939,0.0398071,0.0431444,0.785245,0.786427,-0.0745697,-0.0777822,0.0790034,0.0772459,-4.49352e-05,0.000502795,-9.95619,0.954417,1.39878,0.0890403,0.0398071,0.785245
15.38,-9.95913,-9.96179,0.924723,0.87287,1.40177,1.4072,-0.289333,-0.268103,-2.97109,-2.97906,0.298549,0.295926,0.0882938,0.0882603,0.0405973,0.0439277,0.785245,0.786408,-0.0747313,-0.0779593,0.0790317,0.0772963,-4.34148e-05,0.000544503,-9.95913,0.924723,1.40177,0.0882938,0.0405973,0.785245
15.39,-9.96198,-9.96448,0.894995,0.843136,1.40476,1.41021,-0.280361,-0.25909,-2.97437,-2.98215,0.298636,0.295989,0.0875457,0.0875263,0.0413878,0.0447109,0.785244,0.78639,-0.07489,-0.0781345,0.0790572,0.0773434,-4.19048e-05,0.000585303,-9.96198,0.894995,1.40476,0.0875457,0.0413878,0.785244
15.4,-9.96474,-9.96708,0.865236,0.813379,1.40774,1.41322,-0.271386,-0.250076,-2.97754,-2.98514,0.298721,0.29605,0.086796,0.0867921,0.0421784,0.0454937,0.785244,0.786371,-0.0750457,-0.078307,0.0790797,0.0773881,-4.04053e-05,0.000625044,-9.96474,0.865236,1.40774,0.086796,0.0421784,0.785244
15.41,-9.96741,-9.96958,0.835445,0.783591,1.41073,1.41623,-0.262409,-0.241058,-2.9806,-2.98801,0.298802,0.296111,0.0860448,0.0860574,0.0429693,0.0462764,0.785244,0.786353,-0.0751985,-0.0784795,0.0790992,0.0774284,-3.89165e-05,0.000663519,-9.96741,0.835445,1.41073,0.0860448,0.0429693,0.785244
15.42,-9.96998,-9.97199,0.805624,0.753774,1.41372,1.41924,-0.253429,-0.232036,-2.98356,-2.99079,0.298881,0.296171,0.0852921,0.085322,0.0437604,0.0470588,0.785243,0.786336,-0.0753482,-0.0786497,0.0791158,0.0774653,-3.74385e-05,0.000700608,-9.96998,0.805624,1.41372,0.0852921,0.0437604,0.785243
15.43,-9.97247,-9.97431,0.775774,0.723931,1.41671,1.42226,-0.244447,-0.223013,-2.98641,-2.99345,0.298958,0.296229,0.0845379,0.0845862,0.0445517,0.047841,0.785243,0.786319,-0.0754949,-0.0788178,0.0791295,0.0774992,-3.59714e-05,0.000736117,-9.97247,0.775774,1.41671,0.0845379,0.0445517,0.785243
15.44,-9.97487,-9.97654,0.745896,0.694065,1.4197,1.42527,-0.235463,-0.213987,-2.98915,-2.99601,0.299031,0.296286,0.0837822,0.0838498,0.045343,0.0486231,0.785242,0.786303,-0.0756387,-0.0789843,0.0791402,0.0775294,-3.45154e-05,0.000770167,-9.97487,0.745896,1.4197,0.0837822,0.045343,0.785242
15.45,-9.97718,-9.97867,0.715991,0.664171,1.42269,1.42829,-0.226477,-0.204957,-2.99178,-2.99847,0.299102,0.296342,0.0830251,0.0831127,0.0461344,0.0494052,0.785242,0.786288,-0.0757794,-0.0791492,0.079148,0.0775559,-3.30705e-05,0.000802442,-9.97718,0.715991,1.42269,0.0830251,0.0461344,0.785242
15.46,-9.9794,-9.98071,0.686061,0.634253,1.42568,1.43131,-0.217489,-0.195925,-2.99431,-3.00081,0.29917,0.296398,0.0822666,0.082375,0.046926,0.0501872,0.785242,0.786273,-0.0759171,-0.0793128,0.0791528,0.0775793,-3.1637e-05,0.000832871,-9.9794,0.686061,1.42568,0.0822666,0.046926,0.785242
15.47,-9.98153,-9.98266,0.656106,0.604308,1.42867,1.43433,-0.208499,-0.186889,-2.99673,-3.00306,0.299236,0.296452,0.0815068,0.0816365,0.0477175,0.0509692,0.785241,0.78626,-0.0760518,-0.0794748,0.0791547,0.0775982,-3.02149e-05,0.000861168,-9.98153,0.656106,1.42867,0.0815068,0.0477175,0.785241
15.48,-9.98357,-9.98452,0.626127,0.574346,1.43166,1.43735,-0.199507,-0.177852,-2.99904,-3.00519,0.299299,0.296505,0.0807456,0.0808975,0.048509,0.0517515,0.785241,0.786247,-0.0761834,-0.0796345,0.0791536,0.0776129,-2.88044e-05,0.000887617,-9.98357,0.626127,1.43166,0.0807456,0.048509,0.785241
15.49,-9.98552,-9.98628,0.596125,0.544358,1.43466,1.44037,-0.190514,-0.168811,-3.00124,-3.00722,0.299359,0.296558,0.0799831,0.0801575,0.0493006,0.0525337,0.785241,0.786235,-0.0763121,-0.0797936,0.0791496,0.0776248,-2.74056e-05,0.000911757,-9.98552,0.596125,1.43466,0.0799831,0.0493006,0.785241
15.5,-9.98738,-9.98795,0.566102,0.514347,1.43765,1.44339,-0.181518,-0.159767,-3.00333,-3.00914,0.299416,0.29661,0.0792194,0.0794166,0.050092,0.0533162,0.785241,0.786224,-0.0764376,-0.0799503,0.0791426,0.0776311,-2.60185e-05,0.000933662,-9.98738,0.566102,1.43765,0.0792194,0.050092,0.785241
15.51,-9.98915,-9.98953,0.536059,0.484315,1.44065,1.44642,-0.172521,-0.150721,-3.00531,-3.01096,0.299471,0.296661,0.0784544,0.0786748,0.0508834,0.0540989,0.78524,0.786214,-0.0765601,-0.0801051,0.0791327,0.0776333,-2.46433e-05,0.000953168,-9.98915,0.536059,1.44065,0.0784544,0.0508834,0.78524
15.52,-9.99083,-9.99102,0.505996,0.454262,1.44364,1.44944,-0.163523,-0.141672,-3.00719,-3.01267,0.299523,0.296711,0.0776882,0.0779322,0.0516747,0.0548818,0.78524,0.786206,-0.0766796,-0.0802591,0.0791198,0.0776325,-2.32801e-05,0.0009702,-9.99083,0.505996,1.44364,0.0776882,0.0516747,0.78524
15.53,-9.99242,-9.99242,0.475916,0.424194,1.44664,1.45246,-0.154523,-0.132621,-3.00896,-3.01427,0.299573,0.29676,0.0769208,0.0771886,0.0524658,0.055665,0.78524,0.786198,-0.076796,-0.0804114,0.0791039,0.0776276,-2.1929e-05,0.000984639,-9.99242,0.475916,1.44664,0.0769208,0.0524658,0.78524
15.54,-9.99392,-9.99373,0.445818,0.394106,1.44963,1.45549,-0.145522,-0.123566,-3.01062,-3.01576,0.299619,0.296809,0.0761523,0.0764438,0.0532567,0.0564483,0.78524,0.786192,-0.0769093,-0.0805624,0.0790851,0.0776173,-2.05902e-05,0.00099653,-9.99392,0.445818,1.44963,0.0761523,0.0532567,0.78524
15.55,-9.99533,-9.99495,0.415704,0.363997,1.45263,1.45851,-0.136519,-0.11451,-3.01217,-3.01715,0.299663,0.296856,0.0753826,0.0756981,0.0540475,0.057232,0.785239,0.786187,-0.0770195,-0.0807115,0.0790633,0.0776031,-1.92635e-05,0.00100574,-9.99533,0.415704,1.45263,0.0753826,0.0540475,0.785239
15.56,-9.99665,-9.99607,0.385575,0.333875,1.45563,1.46153,-0.127516,-0.105452,-3.01361,-3.01843,0.299704,0.296903,0.0746119,0.0749511,0.054838,0.0580159,0.785239,0.786183,-0.0771267,-0.0808593,0.0790386,0.0775849,-1.79493e-05,0.00101227,-9.99665,0.385575,1.45563,0.0746119,0.054838,0.785239
15.57,-9.99788,-9.99711,0.355432,0.303736,1.45862,1.46456,-0.118511,-0.0963908,-3.01494,-3.01961,0.299743,0.296948,0.0738401,0.0742029,0.0556282,0.0588002,0.785239,0.786181,-0.0772308,-0.0810057,0.0790109,0.0775625,-1.66475e-05,0.00101605,-9.99788,0.355432,1.45862,0.0738401,0.0556282,0.785239
15.58,-9.99902,-9.99806,0.325276,0.273582,1.46162,1.46758,-0.109505,-0.0873276,-3.01617,-3.02067,0.299779,0.296993,0.0730673,0.0734536,0.0564182,0.0595849,0.785239,0.78618,-0.0773318,-0.08115,0.0789803,0.0775359,-1.53583e-05,0.0010169,-9.99902,0.325276,1.46162,0.0730673,0.0564182,0.785239
15.59,-10.0001,-9.99892,0.295109,0.243411,1.46462,1.47061,-0.100498,-0.0782617,-3.01728,-3.02163,0.299812,0.297037,0.0722935,0.0727028,0.0572078,0.0603699,0.785239,0.78618,-0.0774297,-0.0812941,0.0789467,0.0775049,-1.40817e-05,0.00101498,-10.0001,0.295109,1.46462,0.0722935,0.0572078,0.785239
15.6,-10.001,-9.99969,0.264931,0.213232,1.46762,1.47363,-0.0914906,-0.069195,-3.01829,-3.02249,0.299843,0.297079,0.0715187,0.0719509,0.0579971,0.0611551,0.785239,0.786181,-0.0775245,-0.0814359,0.0789101,0.0774692,-1.28179e-05,0.00101022,-10.001,0.264931,1.46762,0.0715187,0.0579971,0.785239
15.61,-10.0019,-10.0004,0.234744,0.18304,1.47062,1.47666,-0.0824822,-0.0601262,-3.01918,-3.02323,0.29987,0.29712,0.070743,0.0711973,0.058786,0.0619405,0.785239,0.786184,-0.0776162,-0.0815767,0.0788706,0.0774302,-1.15668e-05,0.00100262,-10.0019,0.234744,1.47062,0.070743,0.058786,0.785239
15.62,-10.0027,-10.001,0.204548,0.152834,1.47361,1.47968,-0.0734731,-0.0510546,-3.01997,-3.02387,0.299896,0.29716,0.0699664,0.0704427,0.0595745,0.0627264,0.785238,0.786188,-0.0777048,-0.0817157,0.0788281,0.0773857,-1.03285e-05,0.00099206,-10.0027,0.204548,1.47361,0.0699664,0.0595745,0.785238
15.63,-10.0034,-10.0015,0.174344,0.122622,1.47661,1.48271,-0.0644634,-0.0419821,-3.02065,-3.0244,0.299918,0.297199,0.0691889,0.0696865,0.0603626,0.0635124,0.785238,0.786193,-0.0777904,-0.0818537,0.0787827,0.0773382,-9.1032e-06,0.000978902,-10.0034,0.174344,1.47661,0.0691889,0.0603626,0.785238
15.64,-10.004,-10.0019,0.144135,0.0923978,1.47961,1.48573,-0.0554532,-0.0329072,-3.02122,-3.02482,0.299938,0.297236,0.0684106,0.0689287,0.0611502,0.0642987,0.785238,0.7862,-0.0778728,-0.0819908,0.0787343,0.0772864,-7.89087e-06,0.000962675,-10.004,0.144135,1.47961,0.0684106,0.0611502,0.785238
15.65,-10.0045,-10.0022,0.11392,0.0621707,1.48261,1.48875,-0.0464425,-0.0238323,-3.02169,-3.02513,0.299955,0.297271,0.0676315,0.0681697,0.0619373,0.065085,0.785238,0.786208,-0.077952,-0.0821262,0.0786829,0.0772302,-6.69158e-06,0.000943691,-10.0045,0.11392,1.48261,0.0676315,0.0619373,0.785238
15.66,-10.0049,-10.0024,0.0837016,0.0319345,1.48561,1.49178,-0.0374315,-0.0147549,-3.02204,-3.02534,0.299969,0.297305,0.0668515,0.0674088,0.0627238,0.0658717,0.785238,0.786217,-0.0780282,-0.0822605,0.0786286,0.0771701,-5.50541e-06,0.000922069,-10.0049,0.0837016,1.48561,0.0668515,0.0627238,0.785238
15.67,-10.0052,-10.0026,0.05348,0.00169357,1.48861,1.4948,-0.0284201,-0.0056764,-3.02228,-3.02543,0.299981,0.297337,0.0660709,0.0666465,0.0635098,0.0666584,0.785238,0.786227,-0.0781013,-0.0823933,0.0785714,0.0771061,-4.3324e-06,0.000897646,-10.0052,0.05348,1.48861,0.0660709,0.0635098,0.785238
15.68,-10.0055,-10.0026,0.0232564,-0.0285506,1.49161,1.49782,-0.0194086,0.00340283,-3.02242,-3.02542,0.299989,0.297368,0.0652895,0.065883,0.0642952,0.067445,0.785238,0.786239,-0.0781712,-0.0825256,0.0785112,0.0770388,-3.1726e-06,0.000870645,-10.0055,0.0232564,1.49161,0.0652895,0.0642952,0.785238
15.69,-10.0056,-10.0026,-0.00696801,-0.0587972,1.49461,1.50084,-0.0103969,0.0124836,-3.02244,-3.0253,0.299996,0.297396,0.0645075,0.0651177,0.06508,0.0682318,0.785238,0.786251,-0.078238,-0.0826556,0.0784481,0.0769669,-2.02607e-06,0.000841036,-10.0056,-0.00696801,1.49461,0.0645075,0.06508,0.785238
15.7,-10.0057,-10.0025,-0.0371921,-0.0890439,1.49761,1.50386,-0.00138527,0.0215648,-3.02236,-3.02508,0.299999,0.297423,0.0637248,0.0643509,0.0658642,0.0690183,0.785238,0.786265,-0.0783017,-0.0827859,0.078382,0.0768922,-8.92858e-07,0.000808954,-10.0057,-0.0371921,1.49761,0.0637248,0.0658642,0.785238
15.71,-10.0056,-10.0023,-0.0674148,-0.119295,1.50061,1.50688,0.00762637,0.0306474,-3.02217,-3.02474,0.3,0.297446,0.0629415,0.0635824,0.0666477,0.0698048,0.785238,0.786279,-0.0783622,-0.0829137,0.0783129,0.0768138,2.27e-07,0.000774562,-10.0056,-0.0674148,1.50061,0.0629415,0.0666477,0.785238
15.72,-10.0055,-10.002,-0.0976351,-0.149541,1.50361,1.5099,0.0166379,0.0397306,-3.02186,-3.0243,0.299998,0.297468,0.0621575,0.0628124,0.0674304,0.0705911,0.785238,0.786294,-0.0784197,-0.0830408,0.078241,0.0767311,1.33346e-06,0.000737771,-10.0055,-0.0976351,1.50361,0.0621575,0.0674304,0.785238
15.73,-10.0053,-10.0016,-0.127852,-0.179784,1.50661,1.51292,0.0256492,0.0488137,-3.02145,-3.02374,0.299993,0.297487,0.0613731,0.062041,0.0682125,0.0713771,0.785238,0.78631,-0.078474,-0.0831671,0.0781661,0.0766458,2.42648e-06,0.00069882,-10.0053,-0.127852,1.50661,0.0613731,0.0682125,0.785238
15.74,-10.005,-10.0012,-0.158064,-0.210022,1.50961,1.51594,0.0346601,0.057897,-3.02093,-3.02308,0.299986,0.297503,0.0605881,0.0612681,0.0689937,0.0721626,0.785238,0.786327,-0.0785252,-0.0832927,0.0780882,0.0765574,3.50603e-06,0.000657931,-10.005,-0.158064,1.50961,0.0605881,0.0689937,0.785238
15.75,-10.0046,-10.0006,-0.18827,-0.240259,1.51261,1.51895,0.0436708,0.0669825,-3.02031,-3.02231,0.299976,0.297517,0.0598026,0.0604935,0.0697742,0.0729478,0.785238,0.786344,-0.0785732,-0.0834163,0.0780075,0.0764653,4.57208e-06,0.000615045,-10.0046,-0.18827,1.51261,0.0598026,0.0697742,0.785238
15.76,-10.0041,-9.99999,-0.21847,-0.270487,1.51561,1.52197,0.0526809,0.0760675,-3.01957,-3.02143,0.299963,0.297528,0.0590166,0.0597175,0.0705539,0.0737325,0.785238,0.786362,-0.0786182,-0.0835389,0.0779238,0.0763705,5.62459e-06,0.000570342,-10.0041,-0.21847,1.51561,0.0590166,0.0705539,0.785238
15.77,-10.0036,-9.99927,-0.248661,-0.300707,1.51861,1.52498,0.0616905,0.0851514,-3.01872,-3.02045,0.299948,0.297536,0.0582302,0.05894,0.0713327,0.0745165,0.785238,0.78638,-0.07866,-0.0836611,0.0778371,0.0762725,6.66354e-06,0.000524059,-10.0036,-0.248661,1.51861,0.0582302,0.0713327,0.785238
15.78,-10.0029,-9.99846,-0.278844,-0.330916,1.52161,1.52799,0.0706995,0.0942365,-3.01777,-3.01935,0.29993,0.29754,0.0574434,0.0581612,0.0721106,0.0752997,0.785238,0.786399,-0.0786986,-0.083782,0.0777476,0.0761714,7.6889e-06,0.000476241,-10.0029,-0.278844,1.52161,0.0574434,0.0721106,0.785238
15.79,-10.0022,-9.99756,-0.309016,-0.361113,1.52461,1.53101,0.0797078,0.103321,-3.0167,-3.01815,0.299909,0.297541,0.0566563,0.0573809,0.0728876,0.0760822,0.785238,0.786417,-0.0787342,-0.0839011,0.0776551,0.076068,8.70066e-06,0.000427052,-10.0022,-0.309016,1.52461,0.0566563,0.0728876,0.785238
15.8,-10.0013,-9.99658,-0.339177,-0.391304,1.52761,1.53402,0.0887153,0.112407,-3.01553,-3.01683,0.299886,0.297538,0.0558688,0.0565991,0.0736637,0.0768639,0.785238,0.786437,-0.0787666,-0.0840192,0.0775597,0.075962,9.69879e-06,0.000376672,-10.0013,-0.339177,1.52761,0.0558688,0.0736637,0.785238
15.81,-10.0004,-9.99551,-0.369326,-0.421477,1.53061,1.53703,0.0977219,0.121491,-3.01425,-3.01541,0.299859,0.297532,0.0550809,0.055816,0.0744388,0.0776445,0.785239,0.786456,-0.0787959,-0.0841369,0.0774614,0.0758533,1.06833e-05,0.000325218,-10.0004,-0.369326,1.53061,0.0550809,0.0744388,0.785239
15.82,-9.99936,-9.99434,-0.399462,-0.451636,1.5336,1.54004,0.106728,0.130575,-3.01286,-3.01388,0.299831,0.297522,0.0542929,0.0550319,0.0752129,0.0784241,0.785239,0.786475,-0.078822,-0.0842528,0.0773602,0.0757422,1.16541e-05,0.000273094,-9.99936,-0.399462,1.5336,0.0542929,0.0752129,0.785239
15.83,-9.99825,-9.9931,-0.429583,-0.481777,1.5366,1.54305,0.115732,0.139659,-3.01136,-3.01225,0.299799,0.297508,0.0535045,0.0542464,0.075986,0.0792024,0.785239,0.786494,-0.0788451,-0.0843678,0.0772561,0.0756281,1.26113e-05,0.000220269,-9.99825,-0.429583,1.5366,0.0535045,0.075986,0.785239
15.84,-9.99704,-9.99177,-0.459689,-0.511906,1.5396,1.54605,0.124736,0.148743,-3.00975,-3.0105,0.299765,0.29749,0.052716,0.0534597,0.076758,0.0799795,0.785239,0.786513,-0.078865,-0.0844817,0.077149,0.0755121,1.35548e-05,0.000166848,-9.99704,-0.459689,1.5396,0.052716,0.076758,0.785239
15.85,-9.99575,-9.99035,-0.489778,-0.542011,1.5426,1.54906,0.133738,0.157826,-3.00803,-3.00864,0.299728,0.297467,0.0519272,0.052672,0.077529,0.0807552,0.785239,0.786531,-0.0788818,-0.084593,0.0770391,0.0753941,1.44846e-05,0.000113025,-9.99575,-0.489778,1.5426,0.0519272,0.077529,0.785239
15.86,-9.99437,-9.98884,-0.519849,-0.572096,1.5456,1.55206,0.142739,0.166907,-3.00621,-3.00668,0.299688,0.297441,0.0511383,0.051883,0.0782988,0.0815295,0.785239,0.786549,-0.0788954,-0.0847038,0.0769263,0.0752742,1.54007e-05,5.91874e-05,-9.99437,-0.519849,1.5456,0.0511383,0.0782988,0.785239
15.87,-9.9929,-9.98725,-0.549902,-0.602166,1.54859,1.55507,0.151739,0.17599,-3.00428,-3.00461,0.299646,0.297409,0.0503493,0.051093,0.0790675,0.0823023,0.785239,0.786567,-0.078906,-0.0848127,0.0768106,0.0751515,1.63032e-05,5.39422e-06,-9.9929,-0.549902,1.54859,0.0503493,0.0790675,0.785239
15.88,-9.99133,-9.98556,-0.579934,-0.632209,1.55159,1.55807,0.160737,0.18507,-3.00224,-3.00243,0.299601,0.297374,0.0495602,0.0503021,0.079835,0.0830734,0.78524,0.786584,-0.0789134,-0.0849203,0.076692,0.0750267,1.7192e-05,-4.81457e-05,-9.99133,-0.579934,1.55159,0.0495602,0.079835,0.78524
15.89,-9.98968,-9.98379,-0.609946,-0.662229,1.55458,1.56107,0.169734,0.19415,-3.00009,-3.00014,0.299553,0.297333,0.0487711,0.0495103,0.0806013,0.0838429,0.78524,0.7866,-0.0789177,-0.0850258,0.0765706,0.0749,1.80671e-05,-0.000101373,-9.98968,-0.609946,1.55458,0.0487711,0.0806013,0.78524
15.9,-9.98794,-9.98193,-0.639936,-0.692224,1.55758,1.56407,0.178729,0.203228,-2.99783,-2.99774,0.299502,0.297287,0.0479819,0.0487177,0.0813664,0.0846103,0.78524,0.786616,-0.078919,-0.0851303,0.0764462,0.0747719,1.89285e-05,-0.000153959,-9.98794,-0.639936,1.55758,0.0479819,0.0813664,0.78524
15.91,-9.98611,-9.97998,-0.669902,-0.722193,1.56057,1.56707,0.187722,0.212306,-2.99546,-2.99524,0.299449,0.297237,0.0471927,0.0479243,0.0821302,0.085376,0.78524,0.786631,-0.0789171,-0.0852316,0.076319,0.0746408,1.97762e-05,-0.0002058,-9.98611,-0.669902,1.56057,0.0471927,0.0821302,0.78524
15.92,-9.98418,-9.97795,-0.699844,-0.752136,1.56357,1.57007,0.196714,0.221383,-2.99299,-2.99262,0.299393,0.297182,0.0464036,0.04713,0.0828928,0.0861398,0.78524,0.786645,-0.0789121,-0.0853319,0.076189,0.0745085,2.06104e-05,-0.000256747,-9.98418,-0.699844,1.56357,0.0464036,0.0828928,0.78524
15.93,-9.98217,-9.97582,-0.729761,-0.782052,1.56656,1.57306,0.205703,0.230457,-2.99041,-2.9899,0.299335,0.297121,0.0456145,0.0463352,0.083654,0.0869015,0.785241,0.786659,-0.078904,-0.0854291,0.0760561,0.0743748,2.14308e-05,-0.000306517,-9.98217,-0.729761,1.56656,0.0456145,0.083654,0.785241
15.94,-9.98007,-9.97361,-0.759652,-0.811936,1.56955,1.57606,0.214691,0.239531,-2.98772,-2.98707,0.299273,0.297056,0.0448255,0.0455398,0.0844139,0.0876611,0.785241,0.78667,-0.0788928,-0.0855246,0.0759203,0.0742382,2.22377e-05,-0.00035505,-9.98007,-0.759652,1.56955,0.0448255,0.0844139,0.785241
15.95,-9.97788,-9.97131,-0.789515,-0.841786,1.57255,1.57905,0.223677,0.248602,-2.98492,-2.98413,0.29921,0.296985,0.0440366,0.0447441,0.0851724,0.0884184,0.785241,0.786682,-0.0788785,-0.0856174,0.0757817,0.0741002,2.30309e-05,-0.000402093,-9.97788,-0.789515,1.57255,0.0440366,0.0851724,0.785241
15.96,-9.9756,-9.96892,-0.81935,-0.87161,1.57554,1.58204,0.232661,0.257672,-2.98201,-2.98108,0.299143,0.296909,0.0432479,0.0439478,0.0859295,0.0891735,0.785241,0.786692,-0.0788611,-0.0857077,0.0756402,0.073961,2.38106e-05,-0.000447527,-9.9756,-0.81935,1.57554,0.0432479,0.0859295,0.785241
15.97,-9.97322,-9.96644,-0.849155,-0.9014,1.57853,1.58504,0.241642,0.266739,-2.979,-2.97793,0.299074,0.296827,0.0424594,0.0431509,0.0866852,0.0899264,0.785241,0.786701,-0.0788407,-0.0857947,0.0754959,0.073819,2.45767e-05,-0.000491247,-9.97322,-0.849155,1.57853,0.0424594,0.0866852,0.785241
15.98,-9.97076,-9.96386,-0.87893,-0.931154,1.58152,1.58803,0.250621,0.275805,-2.97588,-2.97466,0.299002,0.296741,0.0416711,0.042354,0.0874394,0.0906768,0.785242,0.786709,-0.0788171,-0.0858791,0.0753488,0.0736751,2.53293e-05,-0.000533164,-9.97076,-0.87893,1.58152,0.0416711,0.0874394,0.785242
15.99,-9.96821,-9.9612,-0.908673,-0.960875,1.58451,1.59102,0.259598,0.284868,-2.97265,-2.97129,0.298927,0.296648,0.0408831,0.0415566,0.0881922,0.0914249,0.785242,0.786716,-0.0787905,-0.0859601,0.0751989,0.0735301,2.60683e-05,-0.00057286,-9.96821,-0.908673,1.58451,0.0408831,0.0881922,0.785242
16,-9.96557,-9.95845,-0.938383,-0.990558,1.5875,1.594,0.268573,0.293929,-2.96932,-2.96781,0.298849,0.296551,0.0400953,0.040759,0.0889434,0.0921704,0.785242,0.786722,-0.0787608,-0.0860377,0.0750461,0.0733824,2.67939e-05,-0.000610486,-9.96557,-0.938383,1.5875,0.0400953,0.0889434,0.785242
16.01,-9.96284,-9.95561,-0.968059,-1.02021,1.59049,1.59699,0.277545,0.302987,-2.96588,-2.96422,0.298769,0.296448,0.0393079,0.0399616,0.0896931,0.0929135,0.785242,0.786726,-0.0787281,-0.086112,0.0748906,0.0732325,2.7506e-05,-0.000645772,-9.96284,-0.968059,1.59049,0.0393079,0.0896931,0.785242
16.02,-9.96002,-9.95268,-0.9977,-1.04982,1.59347,1.59997,0.286514,0.312043,-2.96233,-2.96053,0.298687,0.29634,0.0385208,0.0391637,0.0904412,0.0936542,0.785243,0.78673,-0.0786923,-0.0861825,0.0747322,0.0730816,2.82047e-05,-0.000678644,-9.96002,-0.9977,1.59347,0.0385208,0.0904412,0.785243
16.03,-9.95711,-9.94965,-1.0273,-1.07939,1.59646,1.60296,0.295481,0.321095,-2.95867,-2.95672,0.298601,0.296226,0.037734,0.0383662,0.0911877,0.0943922,0.785243,0.786732,-0.0786534,-0.0862491,0.074571,0.0729276,2.88901e-05,-0.000708982,-9.95711,-1.0273,1.59646,0.037734,0.0911877,0.785243
16.04,-9.95411,-9.94654,-1.05687,-1.10892,1.59945,1.60594,0.304445,0.330144,-2.95491,-2.95281,0.298513,0.296108,0.0369477,0.0375686,0.0919326,0.0951276,0.785243,0.786733,-0.0786115,-0.086312,0.0744071,0.0727715,2.95621e-05,-0.000736684,-9.95411,-1.05687,1.59945,0.0369477,0.0919326,0.785243
16.05,-9.95102,-9.94333,-1.0864,-1.13841,1.60243,1.60892,0.313406,0.339188,-2.95104,-2.94879,0.298422,0.295984,0.0361618,0.0367712,0.0926758,0.0958603,0.785244,0.786733,-0.0785666,-0.0863699,0.0742404,0.0726135,3.02208e-05,-0.000761613,-9.95102,-1.0864,1.60243,0.0361618,0.0926758,0.785244
16.06,-9.94784,-9.94004,-1.11589,-1.16785,1.60541,1.6119,0.322364,0.348229,-2.94707,-2.94466,0.298328,0.295855,0.0353764,0.0359741,0.0934174,0.0965904,0.785244,0.786732,-0.0785186,-0.0864236,0.0740709,0.0724535,3.08662e-05,-0.000783905,-9.94784,-1.11589,1.60541,0.0353764,0.0934174,0.785244
16.07,-9.94457,-9.93665,-1.14534,-1.19726,1.6084,1.61488,0.331319,0.357267,-2.94299,-2.94043,0.298232,0.295721,0.0345915,0.0351771,0.0941573,0.0973179,0.785244,0.78673,-0.0784676,-0.0864728,0.0738986,0.0722911,3.14984e-05,-0.000803277,-9.94457,-1.14534,1.6084,0.0345915,0.0941573,0.785244
16.08,-9.94122,-9.93317,-1.17475,-1.22662,1.61138,1.61786,0.340271,0.366299,-2.9388,-2.93609,0.298133,0.295582,0.0338071,0.0343804,0.0948954,0.0980427,0.785245,0.786726,-0.0784135,-0.0865169,0.0737236,0.0721263,3.21174e-05,-0.000819564,-9.94122,-1.17475,1.61138,0.0338071,0.0948954,0.785245
16.09,-9.93777,-9.92959,-1.20412,-1.25594,1.61436,1.62083,0.34922,0.375328,-2.93451,-2.93164,0.298032,0.295438,0.0330232,0.0335843,0.0956317,0.0987648,0.785245,0.786722,-0.0783565,-0.0865561,0.0735458,0.0719583,3.27233e-05,-0.000832975,-9.93777,-1.20412,1.61436,0.0330232,0.0956317,0.785245
16.1,-9.93423,-9.92593,-1.23344,-1.28521,1.61734,1.6238,0.358166,0.384351,-2.93011,-2.92708,0.297928,0.295289,0.0322399,0.0327886,0.0963663,0.0994844,0.785245,0.786717,-0.0782964,-0.0865908,0.0733653,0.0717879,3.33161e-05,-0.000843346,-9.93423,-1.23344,1.61734,0.0322399,0.0963663,0.785245
16.11,-9.93061,-9.92217,-1.26272,-1.31443,1.62032,1.62678,0.367108,0.393369,-2.9256,-2.92241,0.297821,0.295136,0.0314573,0.0319933,0.097099,0.100201,0.785246,0.786711,-0.0782333,-0.0866194,0.0731821,0.0716155,3.38959e-05,-0.000850633,-9.93061,-1.26272,1.62032,0.0314573,0.097099,0.785246
16.12,-9.92689,-9.91833,-1.29195,-1.3436,1.6233,1.62975,0.376047,0.402381,-2.92099,-2.91764,0.297711,0.294978,0.0306753,0.0311987,0.0978299,0.100916,0.785246,0.786704,-0.0781673,-0.0866422,0.0729961,0.0714395,3.44627e-05,-0.000854835,-9.92689,-1.29195,1.6233,0.0306753,0.0978299,0.785246
16.13,-9.92309,-9.91438,-1.32114,-1.37273,1.62627,1.63272,0.384983,0.411387,-2.91628,-2.91276,0.297599,0.294817,0.0298939,0.0304048,0.0985589,0.101627,0.785246,0.786697,-0.0780982,-0.0866606,0.0728074,0.0712608,3.50166e-05,-0.000855938,-9.92309,-1.32114,1.62627,0.0298939,0.0985589,0.785246
16.14,-9.91919,-9.91035,-1.35028,-1.40181,1.62925,1.63568,0.393915,0.420387,-2.91146,-2.90777,0.297484,0.29465,0.0291133,0.0296116,0.099286,0.102336,0.785247,0.786688,-0.0780262,-0.0866718,0.072616,0.0710791,3.55576e-05,-0.000854075,-9.91919,-1.35028,1.62925,0.0291133,0.099286,0.785247
16.15,-9.91521,-9.90622,-1.37937,-1.43083,1.63222,1.63865,0.402843,0.429381,-2.90653,-2.90268,0.297366,0.294481,0.0283334,0.0288192,0.100011,0.103043,0.785247,0.786679,-0.0779512,-0.0866776,0.0724219,0.0708947,3.60857e-05,-0.000848904,-9.91521,-1.37937,1.63222,0.0283334,0.100011,0.785247
16.16,-9.91113,-9.90201,-1.40841,-1.45981,1.6352,1.64161,0.411768,0.43837,-2.9015,-2.89748,0.297246,0.294307,0.0275543,0.0280276,0.100734,0.103747,0.785247,0.78667,-0.0778732,-0.0866781,0.0722251,0.0707064,3.66012e-05,-0.000840768,-9.91113,-1.40841,1.6352,0.0275543,0.100734,0.785247
16.17,-9.90697,-9.89769,-1.4374,-1.48873,1.63817,1.64457,0.420688,0.44735,-2.89637,-2.89217,0.297123,0.294129,0.026776,0.0272367,0.101456,0.104448,0.785248,0.78666,-0.0777923,-0.0866718,0.0720256,0.0705161,3.71039e-05,-0.000829592,-9.90697,-1.4374,1.63817,0.026776,0.101456,0.785248
16.18,-9.90272,-9.89329,-1.46634,-1.5176,1.64114,1.64753,0.429605,0.456323,-2.89113,-2.88676,0.296997,0.293948,0.0259985,0.0264471,0.102175,0.105147,0.785248,0.786649,-0.0777084,-0.0866594,0.0718235,0.0703217,3.7594e-05,-0.000815436,-9.90272,-1.46634,1.64114,0.0259985,0.102175,0.785248
16.19,-9.89838,-9.88879,-1.49522,-1.54642,1.64411,1.65049,0.438518,0.465289,-2.88579,-2.88124,0.296869,0.293764,0.0252218,0.0256583,0.102892,0.105844,0.785248,0.786638,-0.0776216,-0.0866414,0.0716187,0.0701236,3.80715e-05,-0.000798389,-9.89838,-1.49522,1.64411,0.0252218,0.102892,0.785248
16.2,-9.89395,-9.88421,-1.52405,-1.57518,1.64708,1.65345,0.447427,0.474247,-2.88034,-2.87562,0.296738,0.293576,0.024446,0.0248708,0.103607,0.106538,0.785249,0.786627,-0.0775318,-0.0866165,0.0714112,0.0699223,3.85365e-05,-0.000778347,-9.89395,-1.52405,1.64708,0.024446,0.103607,0.785249
16.21,-9.88943,-9.87953,-1.55283,-1.60387,1.65004,1.6564,0.456332,0.483195,-2.87479,-2.86989,0.296604,0.293386,0.0236712,0.0240843,0.10432,0.10723,0.785249,0.786616,-0.0774392,-0.0865856,0.0712011,0.0697177,3.89891e-05,-0.000755519,-9.88943,-1.55283,1.65004,0.0236712,0.10432,0.785249
16.22,-9.88482,-9.87476,-1.58155,-1.63251,1.65301,1.65935,0.465232,0.492135,-2.86913,-2.86405,0.296468,0.293193,0.0228973,0.0232991,0.105031,0.107919,0.78525,0.786604,-0.0773436,-0.0865481,0.0709883,0.0695092,3.94293e-05,-0.000729963,-9.88482,-1.58155,1.65301,0.0228973,0.105031,0.78525
16.23,-9.88013,-9.86989,-1.61021,-1.6611,1.65597,1.6623,0.474129,0.501067,-2.86338,-2.85811,0.296328,0.292998,0.0221243,0.0225153,0.10574,0.108607,0.78525,0.786593,-0.0772451,-0.0865045,0.0707729,0.0692971,3.98572e-05,-0.000701711,-9.88013,-1.61021,1.65597,0.0221243,0.10574,0.78525
16.24,-9.87534,-9.86494,-1.63881,-1.68963,1.65893,1.66525,0.48302,0.509991,-2.85752,-2.85207,0.296187,0.2928,0.0213524,0.0217326,0.106447,0.109292,0.78525,0.786581,-0.0771437,-0.0864543,0.0705549,0.0690813,4.02728e-05,-0.000670791,-9.87534,-1.63881,1.65893,0.0213524,0.106447,0.78525
16.25,-9.87047,-9.85989,-1.66736,-1.7181,1.6619,1.66819,0.491908,0.518905,-2.85155,-2.84592,0.296042,0.2926,0.0205815,0.0209514,0.107151,0.109975,0.785251,0.78657,-0.0770395,-0.0863986,0.0703343,0.0688612,4.06763e-05,-0.000637561,-9.87047,-1.66736,1.6619,0.0205815,0.107151,0.785251
16.26,-9.8655,-9.85475,-1.69585,-1.74651,1.66486,1.67113,0.500791,0.52781,-2.84549,-2.83966,0.295895,0.292399,0.0198116,0.0201714,0.107853,0.110656,0.785251,0.786559,-0.0769323,-0.0863368,0.0701111,0.0686374,4.10677e-05,-0.000602052,-9.8655,-1.69585,1.66486,0.0198116,0.107853,0.785251
16.27,-9.86045,-9.84952,-1.72427,-1.77485,1.66781,1.67407,0.509669,0.536705,-2.83932,-2.83331,0.295746,0.292196,0.0190428,0.0193933,0.108553,0.111335,0.785252,0.786548,-0.0768223,-0.0862687,0.0698853,0.0684095,4.14471e-05,-0.000564039,-9.86045,-1.72427,1.66781,0.0190428,0.108553,0.785252
16.28,-9.85531,-9.8442,-1.75263,-1.80313,1.67077,1.67701,0.518542,0.545589,-2.83305,-2.82684,0.295593,0.291991,0.0182752,0.0186166,0.109251,0.112012,0.785252,0.786537,-0.0767095,-0.0861943,0.0696569,0.068178,4.18146e-05,-0.000524044,-9.85531,-1.75263,1.67077,0.0182752,0.109251,0.785252
16.29,-9.85008,-9.83879,-1.78093,-1.83135,1.67373,1.67995,0.527411,0.554465,-2.82667,-2.82028,0.295438,0.291785,0.0175086,0.0178417,0.109947,0.112687,0.785252,0.786526,-0.0765938,-0.0861135,0.0694259,0.0679418,4.21701e-05,-0.000482097,-9.85008,-1.78093,1.67373,0.0175086,0.109947,0.785252
16.3,-9.84476,-9.83328,-1.80916,-1.85949,1.67668,1.68288,0.536275,0.563327,-2.8202,-2.81361,0.295281,0.291578,0.0167433,0.0170686,0.11064,0.11336,0.785253,0.786516,-0.0764753,-0.0860278,0.0691924,0.0677021,4.25139e-05,-0.000438333,-9.84476,-1.80916,1.67668,0.0167433,0.11064,0.785253
16.31,-9.83935,-9.82769,-1.83733,-1.88758,1.67963,1.68581,0.545134,0.572182,-2.81362,-2.80684,0.29512,0.29137,0.0159792,0.0162973,0.11133,0.114031,0.785253,0.786507,-0.0763539,-0.0859367,0.0689563,0.067458,4.2846e-05,-0.00039275,-9.83935,-1.83733,1.67963,0.0159792,0.11133,0.785253
16.32,-9.83386,-9.822,-1.86544,-1.91559,1.68258,1.68874,0.553988,0.581025,-2.80694,-2.79997,0.294957,0.291162,0.0152162,0.0155277,0.112019,0.114701,0.785254,0.786498,-0.0762297,-0.0858401,0.0687177,0.0672096,4.31665e-05,-0.000345513,-9.83386,-1.86544,1.68258,0.0152162,0.112019,0.785254
16.33,-9.82827,-9.81623,-1.89347,-1.94354,1.68553,1.69166,0.562837,0.589859,-2.80017,-2.79299,0.294792,0.290952,0.0144546,0.01476,0.112705,0.115369,0.785254,0.786489,-0.0761028,-0.0857378,0.0684766,0.0669568,4.34754e-05,-0.00029701,-9.82827,-1.89347,1.68553,0.0144546,0.112705,0.785254
16.34,-9.8226,-9.81037,-1.92144,-1.97142,1.68848,1.69459,0.571681,0.598681,-2.79329,-2.78592,0.294623,0.290742,0.0136942,0.0139943,0.113388,0.116035,0.785255,0.786481,-0.075973,-0.0856303,0.0682329,0.0667002,4.37728e-05,-0.000247151,-9.8226,-1.92144,1.68848,0.0136942,0.113388,0.785255
16.35,-9.81684,-9.80441,-1.94934,-1.99923,1.69142,1.69751,0.580519,0.607493,-2.78631,-2.77874,0.294452,0.290532,0.0129351,0.0132306,0.114069,0.1167,0.785255,0.786474,-0.0758405,-0.0855189,0.0679867,0.0664392,4.40589e-05,-0.000196233,-9.81684,-1.94934,1.69142,0.0129351,0.114069,0.785255
16.36,-9.81099,-9.79837,-1.97717,-2.02697,1.69437,1.70042,0.589352,0.616294,-2.77923,-2.77146,0.294279,0.290322,0.0121774,0.0124689,0.114748,0.117363,0.785255,0.786466,-0.0757051,-0.0854023,0.067738,0.0661743,4.43337e-05,-0.000144303,-9.81099,-1.97717,1.69437,0.0121774,0.114748,0.785255
16.37,-9.80505,-9.79223,-2.00492,-2.05463,1.69731,1.70334,0.59818,0.625085,-2.77205,-2.76408,0.294102,0.290112,0.011421,0.0117094,0.115424,0.118025,0.785256,0.78646,-0.0755671,-0.0852812,0.0674869,0.0659043,4.45973e-05,-9.16123e-05,-9.80505,-2.00492,1.69731,0.011421,0.115424,0.785256
16.38,-9.79903,-9.78601,-2.03261,-2.08222,1.70025,1.70625,0.607002,0.633864,-2.76477,-2.75661,0.293924,0.289901,0.0106661,0.0109522,0.116098,0.118685,0.785256,0.786455,-0.0754263,-0.085156,0.0672332,0.0656307,4.48497e-05,-3.83109e-05,-9.79903,-2.03261,1.70025,0.0106661,0.116098,0.785256
16.39,-9.79291,-9.77971,-2.06022,-2.10974,1.70319,1.70916,0.615819,0.642633,-2.75739,-2.74903,0.293742,0.289691,0.00991251,0.0101973,0.116769,0.119344,0.785257,0.78645,-0.0752827,-0.0850269,0.0669772,0.065353,4.50911e-05,1.54674e-05,-9.79291,-2.06022,1.70319,0.00991251,0.116769,0.785257
16.4,-9.78671,-9.77331,-2.08775,-2.13718,1.70612,1.71207,0.62463,0.651392,-2.74991,-2.74136,0.293558,0.289481,0.00916041,0.00944459,0.117437,0.120002,0.785257,0.786445,-0.0751364,-0.0848933,0.0667186,0.0650707,4.53216e-05,6.95288e-05,-9.78671,-2.08775,1.70612,0.00916041,0.117437,0.785257
16.41,-9.78042,-9.76682,-2.11521,-2.16454,1.70906,1.71498,0.633435,0.660141,-2.74233,-2.73358,0.293371,0.289272,0.00840979,0.00869422,0.118103,0.120658,0.785258,0.786442,-0.0749874,-0.0847575,0.0664576,0.0647851,4.55412e-05,0.000123799,-9.78042,-2.11521,1.70906,0.00840979,0.118103,0.785258
16.42,-9.77404,-9.76025,-2.1426,-2.19183,1.71199,1.71788,0.642235,0.668878,-2.73465,-2.72571,0.293182,0.289063,0.00766067,0.0079464,0.118766,0.121313,0.785258,0.786438,-0.0748358,-0.0846182,0.0661942,0.0644943,4.575e-05,0.000178024,-9.77404,-2.1426,1.71199,0.00766067,0.118766,0.785258
16.43,-9.76758,-9.75359,-2.16991,-2.21904,1.71492,1.72078,0.651029,0.677608,-2.72688,-2.71774,0.292989,0.288854,0.00691308,0.00720112,0.119427,0.121967,0.785259,0.786436,-0.0746814,-0.0844751,0.0659283,0.0642002,4.59481e-05,0.000232041,-9.76758,-2.16991,1.71492,0.00691308,0.119427,0.785259
16.44,-9.76102,-9.74684,-2.19714,-2.24617,1.71785,1.72368,0.659816,0.686325,-2.719,-2.70967,0.292795,0.288646,0.00616705,0.0064583,0.120085,0.12262,0.785259,0.786434,-0.0745243,-0.0843306,0.06566,0.0639017,4.61357e-05,0.00028576,-9.76102,-2.19714,1.71785,0.00616705,0.120085,0.785259
16.45,-9.75438,-9.74001,-2.22429,-2.27323,1.72078,1.72658,0.668598,0.695034,-2.71103,-2.7015,0.292597,0.288438,0.0054226,0.00571791,0.12074,0.123271,0.78526,0.786433,-0.0743646,-0.0841823,0.0653894,0.0635994,4.63128e-05,0.000338957,-9.75438,-2.22429,1.72078,0.0054226,0.12074,0.78526
16.46,-9.74765,-9.73309,-2.25136,-2.30019,1.7237,1.72947,0.677373,0.703732,-2.70296,-2.69324,0.292397,0.288231,0.00467977,0.00498042,0.121393,0.123922,0.78526,0.786432,-0.0742023,-0.0840328,0.0651163,0.0632936,4.64795e-05,0.000391349,-9.74765,-2.25136,1.7237,0.00467977,0.121393,0.78526
16.47,-9.74083,-9.72609,-2.27835,-2.32707,1.72662,1.73236,0.686143,0.71242,-2.6948,-2.68489,0.292195,0.288024,0.00393857,0.00424553,0.122043,0.124571,0.78526,0.786432,-0.0740373,-0.083881,0.0648409,0.0629839,4.66359e-05,0.000443205,-9.74083,-2.27835,1.72662,0.00393857,0.122043,0.78526
16.48,-9.73393,-9.719,-2.30525,-2.35388,1.72955,1.73525,0.694906,0.721101,-2.68653,-2.67643,0.291989,0.287818,0.00319903,0.00351325,0.12269,0.125219,0.785261,0.786433,-0.0738696,-0.0837271,0.0645631,0.0626698,4.6782e-05,0.000493884,-9.73393,-2.30525,1.72955,0.00319903,0.12269,0.785261
16.49,-9.72693,-9.71182,-2.33208,-2.3806,1.73246,1.73814,0.703662,0.729773,-2.67817,-2.66788,0.291781,0.287612,0.00246118,0.00278385,0.123334,0.125866,0.785261,0.786433,-0.0736994,-0.0835714,0.064283,0.0623526,4.69181e-05,0.000543565,-9.72693,-2.33208,1.73246,0.00246118,0.123334,0.785261
16.5,-9.71985,-9.70456,-2.35882,-2.40723,1.73538,1.74102,0.712412,0.738436,-2.66972,-2.65924,0.291571,0.287406,0.00172505,0.00205701,0.123975,0.126512,0.785262,0.786435,-0.0735265,-0.0834148,0.0640005,0.0620315,4.70441e-05,0.000591934,-9.71985,-2.35882,1.73538,0.00172505,0.123975,0.785262
16.51,-9.71269,-9.69721,-2.38547,-2.43378,1.7383,1.7439,0.721156,0.747091,-2.66117,-2.6505,0.291358,0.287201,0.00099066,0.0013331,0.124614,0.127157,0.785262,0.786436,-0.0733511,-0.0832568,0.0637157,0.061707,4.71602e-05,0.000638947,-9.71269,-2.38547,1.7383,0.00099066,0.124614,0.785262
16.52,-9.70543,-9.68978,-2.41204,-2.46024,1.74121,1.74678,0.729893,0.755737,-2.65252,-2.64166,0.291142,0.286996,0.000258037,0.000612006,0.12525,0.127801,0.785263,0.786438,-0.0731731,-0.0830985,0.0634285,0.0613795,4.72665e-05,0.000684515,-9.70543,-2.41204,1.74121,0.000258037,0.12525,0.785263
16.53,-9.69809,-9.68227,-2.43852,-2.48661,1.74412,1.74966,0.738624,0.764376,-2.64378,-2.63274,0.290924,0.286791,-0.000472794,-0.000106104,0.125882,0.128444,0.785263,0.786441,-0.0729925,-0.0829386,0.0631391,0.0610479,4.73631e-05,0.000728294,-9.69809,-2.43852,1.74412,-0.000472794,0.125882,0.785263
16.54,-9.69066,-9.67467,-2.46491,-2.5129,1.74703,1.75254,0.747347,0.773009,-2.63494,-2.62371,0.290703,0.286586,-0.00120181,-0.000821374,0.126512,0.129085,0.785264,0.786443,-0.0728094,-0.0827788,0.0628473,0.060714,4.745e-05,0.000770435,-9.69066,-2.46491,1.74703,-0.00120181,0.126512,0.785264
16.55,-9.68314,-9.66699,-2.49122,-2.53908,1.74993,1.75541,0.756064,0.78163,-2.62601,-2.6146,0.290479,0.286381,-0.00192897,-0.00153337,0.127139,0.129725,0.785264,0.786446,-0.0726238,-0.0826178,0.0625533,0.0603765,4.75274e-05,0.000810683,-9.68314,-2.49122,1.74993,-0.00192897,0.127139,0.785264
16.56,-9.67554,-9.65922,-2.51743,-2.56518,1.75284,1.75829,0.764774,0.790248,-2.61698,-2.60539,0.290253,0.286176,-0.00265427,-0.0022428,0.127763,0.130365,0.785265,0.786448,-0.0724356,-0.0824567,0.062257,0.0600364,4.75954e-05,0.000849038,-9.67554,-2.51743,1.75284,-0.00265427,0.127763,0.785265
16.57,-9.66785,-9.65137,-2.54356,-2.59119,1.75574,1.76116,0.773477,0.798859,-2.60786,-2.59609,0.290024,0.28597,-0.00337768,-0.00294911,0.128384,0.131003,0.785265,0.786452,-0.0722449,-0.0822948,0.0619585,0.0596927,4.76541e-05,0.000885203,-9.66785,-2.54356,1.75574,-0.00337768,0.128384,0.785265
16.58,-9.66007,-9.64344,-2.56959,-2.61711,1.75864,1.76402,0.782173,0.807463,-2.59864,-2.5867,0.289792,0.285764,-0.00409916,-0.00365258,0.129003,0.131639,0.785266,0.786454,-0.0720518,-0.0821328,0.0616577,0.0593467,4.77035e-05,0.000919297,-9.66007,-2.56959,1.75864,-0.00409916,0.129003,0.785266
16.59,-9.6522,-9.63542,-2.59553,-2.64293,1.76153,1.76689,0.790862,0.816061,-2.58933,-2.57722,0.289558,0.285558,-0.0048187,-0.00435294,0.129618,0.132275,0.785266,0.786457,-0.0718561,-0.0819705,0.0613546,0.0589975,4.77438e-05,0.000951186,-9.6522,-2.59553,1.76153,-0.0048187,0.129618,0.785266
16.6,-9.64425,-9.62732,-2.62138,-2.66866,1.76443,1.76976,0.799543,0.824654,-2.57993,-2.56764,0.289322,0.28535,-0.00553628,-0.00505049,0.13023,0.132909,0.785267,0.786459,-0.071658,-0.081809,0.0610494,0.0586464,4.77751e-05,0.000980705,-9.64425,-2.62138,1.76443,-0.00553628,0.13023,0.785267
16.61,-9.63621,-9.61914,-2.64713,-2.69428,1.76732,1.77262,0.808218,0.833241,-2.57044,-2.55798,0.289082,0.285142,-0.00625186,-0.00574485,0.130839,0.133542,0.785267,0.786462,-0.0714574,-0.0816466,0.0607419,0.0582927,4.77975e-05,0.0010079,-9.63621,-2.64713,1.76732,-0.00625186,0.130839,0.785267
16.62,-9.62809,-9.61087,-2.67279,-2.71982,1.77021,1.77548,0.816884,0.841822,-2.56085,-2.54822,0.28884,0.284933,-0.00696542,-0.00643628,0.131444,0.134173,0.785268,0.786464,-0.0712544,-0.0814847,0.0604322,0.057937,4.7811e-05,0.00103261,-9.62809,-2.67279,1.77021,-0.00696542,0.131444,0.785268
16.63,-9.61987,-9.60253,-2.69835,-2.74525,1.7731,1.77834,0.825544,0.850396,-2.55117,-2.53837,0.288596,0.284722,-0.00767694,-0.00712465,0.132047,0.134803,0.785268,0.786467,-0.071049,-0.0813219,0.0601204,0.0575787,4.78158e-05,0.00105485,-9.61987,-2.69835,1.7731,-0.00767694,0.132047,0.785268
16.64,-9.61158,-9.59409,-2.72381,-2.77058,1.77598,1.7812,0.834196,0.858968,-2.5414,-2.52843,0.288349,0.28451,-0.00838639,-0.00781009,0.132647,0.135431,0.785269,0.786468,-0.0708411,-0.0811589,0.0598064,0.0572192,4.78121e-05,0.0010746,-9.61158,-2.72381,1.77598,-0.00838639,0.132647,0.785269
16.65,-9.60319,-9.58558,-2.74917,-2.79582,1.77886,1.78406,0.84284,0.867535,-2.53154,-2.5184,0.288099,0.284297,-0.00909375,-0.00849248,0.133243,0.136057,0.785269,0.78647,-0.0706309,-0.0809959,0.0594902,0.0568572,4.77998e-05,0.00109179,-9.60319,-2.74917,1.77886,-0.00909375,0.133243,0.785269
16.66,-9.59472,-9.57699,-2.77444,-2.82095,1.78174,1.78691,0.851477,0.876097,-2.52158,-2.50829,0.287847,0.284081,-0.009799,-0.00917213,0.133837,0.136682,0.78527,0.786471,-0.0704182,-0.0808327,0.0591718,0.0564933,4.77791e-05,0.0011064,-9.59472,-2.77444,1.78174,-0.009799,0.133837,0.78527
16.67,-9.58616,-9.56831,-2.7996,-2.84598,1.78462,1.78976,0.860105,0.884654,-2.51154,-2.49808,0.287592,0.283864,-0.0105021,-0.00984856,0.134427,0.137305,0.78527,0.786471,-0.0702032,-0.0806686,0.0588514,0.056128,4.77501e-05,0.00111851,-9.58616,-2.7996,1.78462,-0.0105021,0.134427,0.78527
16.68,-9.57752,-9.55955,-2.82467,-2.87091,1.7875,1.79261,0.868726,0.893207,-2.50141,-2.48778,0.287335,0.283645,-0.0112031,-0.0105223,0.135014,0.137926,0.785271,0.786471,-0.0699859,-0.0805052,0.0585288,0.0557611,4.77129e-05,0.00112793,-9.57752,-2.82467,1.7875,-0.0112031,0.135014,0.785271
16.69,-9.56879,-9.55071,-2.84963,-2.89574,1.79037,1.79546,0.87734,0.901757,-2.49118,-2.4774,0.287075,0.283423,-0.0119018,-0.011193,0.135597,0.138545,0.785271,0.786471,-0.0697662,-0.0803396,0.0582041,0.0553929,4.76676e-05,0.00113478,-9.56879,-2.84963,1.79037,-0.0119018,0.135597,0.785271
16.7,-9.55997,-9.54178,-2.87449,-2.92046,1.79324,1.79831,0.885945,0.910303,-2.48087,-2.46692,0.286812,0.283199,-0.0125984,-0.0118609,0.136178,0.139161,0.785271,0.78647,-0.0695441,-0.0801743,0.0578772,0.0550239,4.76143e-05,0.00113901,-9.55997,-2.87449,1.79324,-0.0125984,0.136178,0.785271
16.71,-9.55107,-9.53278,-2.89925,-2.94507,1.7961,1.80116,0.894542,0.918842,-2.47047,-2.45636,0.286547,0.282972,-0.0132927,-0.0125257,0.136755,0.139776,0.785272,0.786468,-0.0693198,-0.0800082,0.0575484,0.0546531,4.75531e-05,0.00114071,-9.55107,-2.89925,1.7961,-0.0132927,0.136755,0.785272
16.72,-9.54208,-9.52368,-2.9239,-2.96957,1.79897,1.804,0.903131,0.92738,-2.45997,-2.44571,0.286279,0.282742,-0.0139848,-0.0131878,0.137329,0.140388,0.785272,0.786466,-0.0690932,-0.0798403,0.0572174,0.0542817,4.74842e-05,0.00113997,-9.54208,-2.9239,1.79897,-0.0139848,0.137329,0.785272
16.73,-9.533,-9.51451,-2.94845,-2.99397,1.80183,1.80684,0.911711,0.935913,-2.44939,-2.43497,0.286009,0.28251,-0.0146745,-0.0138471,0.137899,0.140998,0.785273,0.786463,-0.0688642,-0.0796716,0.0568843,0.0539087,4.74076e-05,0.00113671,-9.533,-2.94845,1.80183,-0.0146745,0.137899,0.785273
16.74,-9.52384,-9.50526,-2.97289,-3.01827,1.80469,1.80968,0.920284,0.944442,-2.43873,-2.42415,0.285736,0.282274,-0.015362,-0.0145037,0.138466,0.141605,0.785273,0.78646,-0.068633,-0.0795009,0.0565493,0.0535355,4.73234e-05,0.00113101,-9.52384,-2.97289,1.80469,-0.015362,0.138466,0.785273
16.75,-9.5146,-9.49592,-2.99722,-3.04244,1.80754,1.81252,0.928848,0.952968,-2.42797,-2.41323,0.28546,0.282035,-0.0160472,-0.0151576,0.13903,0.142209,0.785274,0.786456,-0.0683996,-0.0793292,0.0562121,0.0531616,4.72317e-05,0.00112286,-9.5146,-2.99722,1.80754,-0.0160472,0.13903,0.785274
16.76,-9.50527,-9.4865,-3.02145,-3.06652,1.8104,1.81535,0.937403,0.961489,-2.41713,-2.40224,0.285182,0.281793,-0.01673,-0.0158089,0.139591,0.142811,0.785274,0.786451,-0.0681639,-0.0791551,0.055873,0.0527875,4.71327e-05,0.00111249,-9.50527,-3.02145,1.8104,-0.01673,0.139591,0.785274
16.77,-9.49585,-9.477,-3.04557,-3.09048,1.81325,1.81818,0.94595,0.970006,-2.4062,-2.39115,0.284901,0.281546,-0.0174105,-0.0164574,0.140148,0.143409,0.785275,0.786445,-0.067926,-0.0789785,0.0555318,0.0524125,4.70265e-05,0.00109984,-9.49585,-3.04557,1.81325,-0.0174105,0.140148,0.785275
16.78,-9.48635,-9.46742,-3.06957,-3.11432,1.8161,1.82101,0.954489,0.97852,-2.39518,-2.37998,0.284618,0.281296,-0.0180885,-0.0171034,0.140701,0.144005,0.785275,0.786439,-0.0676859,-0.0788004,0.0551887,0.0520373,4.69131e-05,0.00108501,-9.48635,-3.06957,1.8161,-0.0180885,0.140701,0.785275
16.79,-9.47676,-9.45775,-3.09347,-3.13806,1.81894,1.82384,0.963018,0.987028,-2.38408,-2.36872,0.284332,0.281043,-0.0187642,-0.0177467,0.141251,0.144598,0.785276,0.786432,-0.0674436,-0.0786196,0.0548435,0.0516621,4.67926e-05,0.00106804,-9.47676,-3.09347,1.81894,-0.0187642,0.141251,0.785276
16.8,-9.46709,-9.448,-3.11725,-3.16167,1.82178,1.82667,0.971539,0.995532,-2.37289,-2.35738,0.284044,0.280785,-0.0194374,-0.0183875,0.141798,0.145187,0.785276,0.786425,-0.0671991,-0.0784353,0.0544964,0.0512862,4.66652e-05,0.00104912,-9.46709,-3.11725,1.82178,-0.0194374,0.141798,0.785276
16.81,-9.45733,-9.43816,-3.14093,-3.18518,1.82462,1.82949,0.980052,1.00403,-2.36162,-2.34595,0.283753,0.280523,-0.0201082,-0.0190258,0.142341,0.145772,0.785277,0.786416,-0.0669524,-0.0782481,0.0541473,0.0509103,4.6531e-05,0.00102833,-9.45733,-3.14093,1.82462,-0.0201082,0.142341,0.785277
16.82,-9.44749,-9.42825,-3.16449,-3.20857,1.82746,1.83231,0.988555,1.01253,-2.35026,-2.33444,0.28346,0.280257,-0.0207764,-0.0196617,0.142881,0.146354,0.785277,0.786407,-0.0667036,-0.0780581,0.0537963,0.0505338,4.63901e-05,0.00100569,-9.44749,-3.16449,1.82746,-0.0207764,0.142881,0.785277
16.83,-9.43756,-9.41825,-3.18793,-3.23184,1.83029,1.83513,0.997049,1.02102,-2.33882,-2.32284,0.283164,0.279987,-0.0214422,-0.0202953,0.143417,0.146933,0.785278,0.786398,-0.0664526,-0.0778644,0.0534433,0.0501578,4.62425e-05,0.000981346,-9.43756,-3.18793,1.83029,-0.0214422,0.143417,0.785278
16.84,-9.42755,-9.40816,-3.21126,-3.25499,1.83312,1.83794,1.00553,1.0295,-2.32729,-2.31116,0.282865,0.279712,-0.0221055,-0.0209264,0.14395,0.147507,0.785278,0.786388,-0.0661995,-0.0776673,0.0530884,0.049782,4.60885e-05,0.000955403,-9.42755,-3.21126,1.83312,-0.0221055,0.14395,0.785278
16.85,-9.41745,-9.398,-3.23448,-3.27803,1.83595,1.84075,1.01401,1.03798,-2.31568,-2.29939,0.282564,0.279432,-0.0227662,-0.0215554,0.144479,0.148078,0.785278,0.786377,-0.0659443,-0.0774656,0.0527316,0.0494062,4.5928e-05,0.000927985,-9.41745,-3.23448,1.83595,-0.0227662,0.144479,0.785278
16.86,-9.40727,-9.38774,-3.25758,-3.30095,1.83877,1.84356,1.02248,1.04646,-2.30399,-2.28754,0.282261,0.279148,-0.0234244,-0.0221819,0.145005,0.148644,0.785279,0.786366,-0.0656871,-0.0772599,0.0523729,0.0490303,4.57612e-05,0.000899181,-9.40727,-3.25758,1.83877,-0.0234244,0.145005,0.785279
16.87,-9.397,-9.37741,-3.28056,-3.32375,1.84159,1.84637,1.03093,1.05493,-2.29221,-2.27561,0.281954,0.27886,-0.0240799,-0.0228064,0.145526,0.149207,0.785279,0.786354,-0.0654277,-0.0770504,0.0520124,0.0486551,4.55883e-05,0.000869229,-9.397,-3.28056,1.84159,-0.0240799,0.145526,0.785279
16.88,-9.38665,-9.36699,-3.30342,-3.34642,1.84441,1.84917,1.03938,1.06339,-2.28036,-2.2636,0.281646,0.278566,-0.0247329,-0.0234285,0.146045,0.149765,0.78528,0.786341,-0.0651663,-0.0768356,0.0516499,0.0482792,4.54092e-05,0.000838101,-9.38665,-3.30342,1.84441,-0.0247329,0.146045,0.78528
16.89,-9.37621,-9.35649,-3.32616,-3.36897,1.84723,1.85197,1.04782,1.07184,-2.26842,-2.2515,0.281334,0.278268,-0.0253833,-0.0240486,0.146559,0.150318,0.78528,0.786328,-0.0649028,-0.076616,0.0512856,0.0479037,4.52241e-05,0.000806078,-9.37621,-3.32616,1.84723,-0.0253833,0.146559,0.78528
16.9,-9.36569,-9.3459,-3.34879,-3.39141,1.85004,1.85477,1.05625,1.08029,-2.25639,-2.23932,0.281021,0.277965,-0.026031,-0.0246666,0.147071,0.150867,0.785281,0.786315,-0.0646373,-0.0763919,0.0509194,0.0475289,4.50332e-05,0.000773281,-9.36569,-3.34879,1.85004,-0.026031,0.147071,0.785281
16.91,-9.35509,-9.33523,-3.37129,-3.41372,1.85285,1.85756,1.06467,1.08874,-2.24429,-2.22706,0.280704,0.277658,-0.026676,-0.0252825,0.147578,0.151411,0.785281,0.786301,-0.0643698,-0.076162,0.0505514,0.0471538,4.48365e-05,0.000739694,-9.35509,-3.37129,1.85285,-0.026676,0.147578,0.785281
16.92,-9.3444,-9.32447,-3.39367,-3.43591,1.85565,1.86035,1.07308,1.09717,-2.23211,-2.21472,0.280386,0.277345,-0.0273183,-0.0258965,0.148082,0.151951,0.785282,0.786287,-0.0641002,-0.0759267,0.0501816,0.0467787,4.46341e-05,0.00070551,-9.3444,-3.39367,1.85565,-0.0273183,0.148082,0.785282
16.93,-9.33362,-9.31363,-3.41593,-3.45797,1.85845,1.86314,1.08148,1.1056,-2.21985,-2.20229,0.280064,0.277028,-0.027958,-0.0265084,0.148581,0.152485,0.785282,0.786273,-0.0638287,-0.0756869,0.04981,0.0464036,4.44261e-05,0.000670999,-9.33362,-3.41593,1.85845,-0.027958,0.148581,0.785282
16.94,-9.32277,-9.3027,-3.43807,-3.47991,1.86125,1.86592,1.08987,1.11402,-2.2075,-2.18979,0.27974,0.276706,-0.0285949,-0.0271185,0.149078,0.153015,0.785283,0.786258,-0.0635552,-0.0754401,0.0494365,0.0460284,4.42126e-05,0.000636131,-9.32277,-3.43807,1.86125,-0.0285949,0.149078,0.785283
16.95,-9.31183,-9.29169,-3.46008,-3.50172,1.86405,1.8687,1.09825,1.12243,-2.19508,-2.17721,0.279414,0.276378,-0.0292291,-0.0277264,0.14957,0.153539,0.785283,0.786244,-0.0632798,-0.0751886,0.0490613,0.0456539,4.39938e-05,0.000601187,-9.31183,-3.46008,1.86405,-0.0292291,0.14957,0.785283
16.96,-9.3008,-9.2806,-3.48197,-3.5234,1.86684,1.87147,1.10662,1.13084,-2.18258,-2.16454,0.279085,0.276047,-0.0298605,-0.0283324,0.150059,0.154058,0.785283,0.786229,-0.0630024,-0.0749302,0.0486844,0.0452785,4.37698e-05,0.00056614,-9.3008,-3.48197,1.86684,-0.0298605,0.150059,0.785283
16.97,-9.28969,-9.26942,-3.50373,-3.54496,1.86963,1.87425,1.11498,1.13923,-2.17,-2.1518,0.278754,0.27571,-0.0304891,-0.0289367,0.150544,0.154572,0.785284,0.786214,-0.0627231,-0.074666,0.0483056,0.044903,4.35405e-05,0.000531286,-9.28969,-3.50373,1.86963,-0.0304891,0.150544,0.785284
16.98,-9.2785,-9.25815,-3.52537,-3.56639,1.87242,1.87701,1.12333,1.14762,-2.15734,-2.13897,0.27842,0.275368,-0.031115,-0.0295389,0.151025,0.15508,0.785284,0.786198,-0.0624419,-0.0743965,0.0479251,0.044528,4.33063e-05,0.000496686,-9.2785,-3.52537,1.87242,-0.031115,0.151025,0.785284
16.99,-9.26723,-9.2468,-3.54688,-3.58769,1.8752,1.87978,1.13168,1.156,-2.14461,-2.12607,0.278083,0.275022,-0.031738,-0.0301394,0.151502,0.155583,0.785285,0.786183,-0.0621587,-0.0741205,0.0475429,0.0441522,4.3067e-05,0.000462472,-9.26723,-3.54688,1.8752,-0.031738,0.151502,0.785285
17,-9.25587,-9.23537,-3.56826,-3.60886,1.87798,1.88254,1.14001,1.16436,-2.1318,-2.11309,0.277744,0.274671,-0.0323581,-0.0307382,0.151976,0.156081,0.785285,0.786168,-0.0618737,-0.0738386,0.047159,0.0437758,4.2823e-05,0.000428826,-9.25587,-3.56826,1.87798,-0.0323581,0.151976,0.785285
17.01,-9.24443,-9.22384,-3.58952,-3.6299,1.88075,1.88529,1.14832,1.17272,-2.11891,-2.10004,0.277403,0.274316,-0.0329754,-0.031335,0.152446,0.156572,0.785286,0.786153,-0.0615868,-0.0735503,0.0467734,0.0433987,4.25741e-05,0.00039576,-9.24443,-3.58952,1.88075,-0.0329754,0.152446,0.785286
17.02,-9.2329,-9.21223,-3.61064,-3.65082,1.88353,1.88804,1.15663,1.18107,-2.10594,-2.0869,0.277059,0.273956,-0.0335899,-0.03193,0.152911,0.157058,0.785286,0.786138,-0.0612981,-0.0732559,0.046386,0.0430216,4.23206e-05,0.000363588,-9.2329,-3.61064,1.88353,-0.0335899,0.152911,0.785286
17.03,-9.2213,-9.20054,-3.63163,-3.6716,1.88629,1.89079,1.16493,1.1894,-2.09291,-2.07369,0.276713,0.273591,-0.0342014,-0.0325233,0.153373,0.157538,0.785286,0.786124,-0.0610075,-0.0729547,0.045997,0.0426432,4.20626e-05,0.000332296,-9.2213,-3.63163,1.88629,-0.0342014,0.153373,0.785286
17.04,-9.2096,-9.18876,-3.6525,-3.69225,1.88906,1.89353,1.17322,1.19773,-2.07979,-2.0604,0.276364,0.273222,-0.03481,-0.0331147,0.153831,0.158013,0.785287,0.786109,-0.0607151,-0.0726479,0.0456063,0.0422642,4.18001e-05,0.000302047,-9.2096,-3.6525,1.88906,-0.03481,0.153831,0.785287
17.05,-9.19783,-9.1769,-3.67323,-3.71276,1.89182,1.89627,1.1815,1.20605,-2.0666,-2.04704,0.276012,0.272849,-0.0354157,-0.0337043,0.154285,0.158481,0.785287,0.786095,-0.0604209,-0.0723353,0.045214,0.041884,4.15333e-05,0.000272945,-9.19783,-3.67323,1.89182,-0.0354157,0.154285,0.785287
17.06,-9.18598,-9.16495,-3.69383,-3.73314,1.89458,1.899,1.18977,1.21435,-2.05334,-2.0336,0.275658,0.272471,-0.0360184,-0.034292,0.154736,0.158944,0.785288,0.786081,-0.0601249,-0.0720163,0.04482,0.0415034,4.12622e-05,0.000245154,-9.18598,-3.69383,1.89458,-0.0360184,0.154736,0.785288
17.07,-9.17404,-9.15292,-3.7143,-3.75339,1.89734,1.90173,1.19802,1.22264,-2.04,-2.02009,0.275302,0.272089,-0.0366182,-0.0348778,0.155182,0.1594,0.785288,0.786067,-0.0598271,-0.0716917,0.0444244,0.0411208,4.0987e-05,0.00021866,-9.17404,-3.7143,1.89734,-0.0366182,0.155182,0.785288
17.08,-9.16201,-9.1408,-3.73463,-3.7735,1.90009,1.90446,1.20627,1.23092,-2.02659,-2.0065,0.274943,0.271703,-0.0372149,-0.0354618,0.155624,0.15985,0.785289,0.786054,-0.0595276,-0.0713616,0.0440272,0.0407372,4.07077e-05,0.000193685,-9.16201,-3.73463,1.90009,-0.0372149,0.155624,0.785289
17.09,-9.14991,-9.12859,-3.75483,-3.79348,1.90283,1.90718,1.2145,1.23919,-2.01311,-1.99284,0.274582,0.271313,-0.0378087,-0.0360441,0.156062,0.160295,0.785289,0.786041,-0.0592263,-0.0710252,0.0436283,0.0403519,4.04245e-05,0.00017029,-9.14991,-3.75483,1.90283,-0.0378087,0.156062,0.785289
17.1,-9.13772,-9.11631,-3.77489,-3.81332,1.90558,1.90989,1.22273,1.24745,-1.99955,-1.97911,0.274218,0.270919,-0.0383995,-0.0366244,0.156497,0.160733,0.785289,0.786029,-0.0589232,-0.070683,0.0432279,0.0399654,4.01374e-05,0.00014855,-9.13772,-3.77489,1.90558,-0.0383995,0.156497,0.785289
17.11,-9.12546,-9.10393,-3.79482,-3.83303,1.90832,1.91261,1.23094,1.25569,-1.98592,-1.9653,0.273852,0.270521,-0.0389872,-0.0372028,0.156927,0.161165,0.78529,0.786017,-0.0586185,-0.0703358,0.0428259,0.0395767,3.98465e-05,0.000128597,-9.12546,-3.79482,1.90832,-0.0389872,0.156927,0.78529
17.12,-9.11311,-9.09147,-3.81461,-3.8526,1.91105,1.91531,1.23914,1.26392,-1.97222,-1.95143,0.273483,0.270119,-0.0395718,-0.0377792,0.157353,0.161591,0.78529,0.786006,-0.058312,-0.069983,0.0424223,0.0391868,3.9552e-05,0.000110477,-9.11311,-3.81461,1.91105,-0.0395718,0.157353,0.78529
17.13,-9.10067,-9.07893,-3.83426,-3.87202,1.91379,1.91801,1.24733,1.27214,-1.95845,-1.93748,0.273112,0.269714,-0.0401534,-0.0383535,0.157775,0.16201,0.78529,0.785995,-0.0580039,-0.0696264,0.0420172,0.0387951,3.9254e-05,9.41753e-05,-9.10067,-3.83426,1.91379,-0.0401534,0.157775,0.78529
17.14,-9.08816,-9.06631,-3.85378,-3.89131,1.91652,1.92071,1.25551,1.28034,-1.94462,-1.92346,0.272738,0.269305,-0.0407319,-0.0389257,0.158193,0.162424,0.785291,0.785985,-0.0576941,-0.0692636,0.0416106,0.0384007,3.89524e-05,7.99745e-05,-9.08816,-3.85378,1.91652,-0.0407319,0.158193,0.785291
17.15,-9.07556,-9.0536,-3.87316,-3.91046,1.91924,1.9234,1.26368,1.28853,-1.93071,-1.90937,0.272362,0.268893,-0.0413073,-0.0394961,0.158608,0.162831,0.785291,0.785975,-0.0573826,-0.0688973,0.0412024,0.0380044,3.86475e-05,6.77109e-05,-9.07556,-3.87316,1.91924,-0.0413073,0.158608,0.785291
17.16,-9.06289,-9.0408,-3.89239,-3.92947,1.92196,1.92609,1.27183,1.29671,-1.91673,-1.89521,0.271984,0.268478,-0.0418796,-0.0400643,0.159018,0.163232,0.785292,0.785966,-0.0570695,-0.0685261,0.0407927,0.0376066,3.83394e-05,5.7593e-05,-9.06289,-3.89239,1.92196,-0.0418796,0.159018,0.785292
17.17,-9.05013,-9.02792,-3.91149,-3.94834,1.92468,1.92877,1.27998,1.30487,-1.90268,-1.88099,0.271603,0.268059,-0.0424487,-0.0406306,0.159423,0.163627,0.785292,0.785958,-0.0567547,-0.0681503,0.0403815,0.0372052,3.8028e-05,4.95762e-05,-9.05013,-3.91149,1.92468,-0.0424487,0.159423,0.785292
17.18,-9.03729,-9.01497,-3.93045,-3.96707,1.9274,1.93145,1.28811,1.31302,-1.88856,-1.86669,0.271219,0.267637,-0.0430146,-0.0411943,0.159825,0.164016,0.785292,0.78595,-0.0564384,-0.0677711,0.0399687,0.0368022,3.77135e-05,4.37498e-05,-9.03729,-3.93045,1.9274,-0.0430146,0.159825,0.785292
17.19,-9.02436,-9.00192,-3.94926,-3.98566,1.93011,1.93413,1.29623,1.32116,-1.87438,-1.85233,0.270833,0.267212,-0.0435774,-0.0417561,0.160223,0.164399,0.785293,0.785943,-0.0561204,-0.0673886,0.0395546,0.0363965,3.73961e-05,4.0099e-05,-9.02436,-3.94926,1.93011,-0.0435774,0.160223,0.785293
17.2,-9.01136,-8.98879,-3.96793,-4.0041,1.93281,1.9368,1.30434,1.32928,-1.86013,-1.8379,0.270445,0.266784,-0.044137,-0.0423155,0.160616,0.164775,0.785293,0.785936,-0.0558008,-0.0670024,0.0391389,0.0359888,3.70757e-05,3.86685e-05,-9.01136,-3.96793,1.93281,-0.044137,0.160616,0.785293
17.21,-8.99828,-8.97558,-3.98646,-4.0224,1.93552,1.93946,1.31244,1.33738,-1.84581,-1.82341,0.270054,0.266354,-0.0446935,-0.0428723,0.161006,0.165145,0.785294,0.78593,-0.0554797,-0.0666126,0.0387218,0.0355781,3.67525e-05,3.94583e-05,-8.99828,-3.98646,1.93552,-0.0446935,0.161006,0.785294
17.22,-8.98511,-8.96229,-4.00485,-4.04055,1.93821,1.94212,1.32053,1.34548,-1.83143,-1.80886,0.269661,0.265921,-0.0452466,-0.0434268,0.161391,0.165509,0.785294,0.785925,-0.055157,-0.0662205,0.0383033,0.0351647,3.64267e-05,4.25428e-05,-8.98511,-4.00485,1.93821,-0.0452466,0.161391,0.785294
17.23,-8.97187,-8.94892,-4.02309,-4.05856,1.94091,1.94477,1.3286,1.35355,-1.81698,-1.79423,0.269266,0.265485,-0.0457966,-0.0439791,0.161772,0.165867,0.785294,0.78592,-0.0548328,-0.0658262,0.0378834,0.034749,3.60981e-05,4.79072e-05,-8.97187,-4.02309,1.94091,-0.0457966,0.161772,0.785294
17.24,-8.95854,-8.93547,-4.04119,-4.07643,1.9436,1.94742,1.33666,1.36161,-1.80247,-1.77955,0.268868,0.265047,-0.0463433,-0.0445286,0.162148,0.166219,0.785295,0.785916,-0.054507,-0.0654301,0.037462,0.0343302,3.57671e-05,5.53727e-05,-8.95854,-4.04119,1.9436,-0.0463433,0.162148,0.785295
17.25,-8.94513,-8.92193,-4.05914,-4.09415,1.94629,1.95006,1.34471,1.36966,-1.78789,-1.7648,0.268467,0.264607,-0.0468867,-0.0450757,0.162521,0.166565,0.785295,0.785913,-0.0541798,-0.0650312,0.0370392,0.0339096,3.54336e-05,6.51479e-05,-8.94513,-4.05914,1.94629,-0.0468867,0.162521,0.785295
17.26,-8.93165,-8.90831,-4.07695,-4.11172,1.94897,1.9527,1.35275,1.37769,-1.77324,-1.74999,0.268064,0.264164,-0.0474269,-0.0456201,0.162889,0.166904,0.785295,0.78591,-0.053851,-0.0646303,0.036615,0.0334849,3.50977e-05,7.70688e-05,-8.93165,-4.07695,1.94897,-0.0474269,0.162889,0.785295
17.27,-8.91808,-8.89462,-4.0946,-4.12914,1.95165,1.95534,1.36078,1.38571,-1.75854,-1.73513,0.267659,0.263719,-0.0479637,-0.0461618,0.163253,0.167238,0.785296,0.785908,-0.0535207,-0.0642286,0.0361895,0.0330581,3.47595e-05,9.12547e-05,-8.91808,-4.0946,1.95165,-0.0479637,0.163253,0.785296
17.28,-8.90443,-8.88084,-4.11212,-4.14642,1.95432,1.95797,1.36879,1.39371,-1.74377,-1.7202,0.267251,0.263272,-0.0484973,-0.0467005,0.163613,0.167566,0.785296,0.785906,-0.053189,-0.0638267,0.0357626,0.0326287,3.44192e-05,0.000107393,-8.90443,-4.11212,1.95432,-0.0484973,0.163613,0.785296
17.29,-8.8907,-8.86698,-4.12948,-4.16355,1.95699,1.96059,1.37679,1.40169,-1.72893,-1.70521,0.266841,0.262823,-0.0490275,-0.0472367,0.163968,0.167887,0.785296,0.785905,-0.0528558,-0.0634234,0.0353344,0.0321965,3.40768e-05,0.000125721,-8.8907,-4.12948,1.95699,-0.0490275,0.163968,0.785296
17.3,-8.87689,-8.85305,-4.1467,-4.18052,1.95966,1.96321,1.38478,1.40966,-1.71404,-1.69016,0.266429,0.262372,-0.0495544,-0.0477696,0.16432,0.168203,0.785297,0.785904,-0.0525212,-0.0630201,0.0349048,0.0317618,3.37323e-05,0.000146061,-8.87689,-4.1467,1.95966,-0.0495544,0.16432,0.785297
17.31,-8.86301,-8.83903,-4.16376,-4.19735,1.96232,1.96583,1.39276,1.41761,-1.69908,-1.67506,0.266014,0.26192,-0.0500779,-0.0482998,0.164666,0.168513,0.785297,0.785904,-0.0521852,-0.0626162,0.0344739,0.0313248,3.3386e-05,0.000168324,-8.86301,-4.16376,1.96232,-0.0500779,0.164666,0.785297
17.32,-8.84904,-8.82494,-4.18068,-4.21402,1.96498,1.96844,1.40072,1.42554,-1.68407,-1.6599,0.265597,0.261466,-0.0505981,-0.048827,0.165009,0.168817,0.785297,0.785905,-0.0518477,-0.0622131,0.0340416,0.0308852,3.30377e-05,0.000192478,-8.84904,-4.18068,1.96498,-0.0505981,0.165009,0.785297
17.33,-8.83499,-8.81077,-4.19744,-4.23054,1.96763,1.97104,1.40867,1.43346,-1.66899,-1.64469,0.265177,0.261011,-0.0511149,-0.049351,0.165347,0.169116,0.785298,0.785905,-0.0515088,-0.0618099,0.0336081,0.0304427,3.26878e-05,0.000218466,-8.83499,-4.19744,1.96763,-0.0511149,0.165347,0.785298
17.34,-8.82087,-8.79651,-4.21406,-4.24692,1.97028,1.97364,1.41661,1.44137,-1.65385,-1.62942,0.264755,0.260554,-0.0516283,-0.0498719,0.165681,0.169408,0.785298,0.785906,-0.0511686,-0.0614085,0.0331733,0.0299984,3.23361e-05,0.000246182,-8.82087,-4.21406,1.97028,-0.0516283,0.165681,0.785298
17.35,-8.80666,-8.78219,-4.23052,-4.26313,1.97293,1.97623,1.42454,1.44925,-1.63866,-1.61409,0.26433,0.260096,-0.0521382,-0.0503896,0.166011,0.169695,0.785298,0.785907,-0.050827,-0.0610066,0.0327372,0.0295515,3.19829e-05,0.000275582,-8.80666,-4.23052,1.97293,-0.0521382,0.166011,0.785298
17.36,-8.79238,-8.76778,-4.24683,-4.2792,1.97557,1.97882,1.43245,1.45712,-1.6234,-1.59872,0.263903,0.259636,-0.0526448,-0.0509039,0.166336,0.169977,0.785299,0.785909,-0.050484,-0.0606071,0.0322999,0.029102,3.16281e-05,0.000306472,-8.79238,-4.24683,1.97557,-0.0526448,0.166336,0.785299
17.37,-8.77801,-8.7533,-4.26299,-4.29511,1.97821,1.98141,1.44035,1.46497,-1.60809,-1.58329,0.263474,0.259176,-0.0531479,-0.0514148,0.166657,0.170252,0.785299,0.785911,-0.0501397,-0.0602088,0.0318613,0.0286514,3.1272e-05,0.000338852,-8.77801,-4.26299,1.97821,-0.0531479,0.166657,0.785299
17.38,-8.76357,-8.73875,-4.27899,-4.31086,1.98084,1.98399,1.44824,1.47281,-1.59272,-1.56781,0.263043,0.258714,-0.0536476,-0.0519224,0.166973,0.170522,0.785299,0.785913,-0.0497941,-0.0598118,0.0314214,0.028198,3.09145e-05,0.000372544,-8.76357,-4.27899,1.98084,-0.0536476,0.166973,0.785299
17.39,-8.74905,-8.72411,-4.29484,-4.32646,1.98347,1.98656,1.45611,1.48062,-1.57729,-1.55228,0.262609,0.258252,-0.0541438,-0.0524264,0.167285,0.170787,0.7853,0.785915,-0.0494471,-0.0594169,0.0309804,0.0277435,3.05557e-05,0.000407442,-8.74905,-4.29484,1.98347,-0.0541438,0.167285,0.7853
17.4,-8.73445,-8.7094,-4.31054,-4.34191,1.98609,1.98913,1.46397,1.48842,-1.5618,-1.5367,0.262172,0.257789,-0.0546365,-0.0529269,0.167593,0.171046,0.7853,0.785917,-0.0490989,-0.0590247,0.0305381,0.0272869,3.01957e-05,0.000443593,-8.73445,-4.31054,1.98609,-0.0546365,0.167593,0.7853
17.41,-8.71977,-8.69461,-4.32608,-4.35719,1.98871,1.9917,1.47182,1.49621,-1.54626,-1.52106,0.261734,0.257325,-0.0551258,-0.0534239,0.167896,0.1713,0.7853,0.78592,-0.0487494,-0.0586346,0.0300947,0.0268286,2.98346e-05,0.000480577,-8.71977,-4.32608,1.98871,-0.0551258,0.167896,0.7853
17.42,-8.70501,-8.67975,-4.34146,-4.37232,1.99133,1.99426,1.47965,1.50397,-1.53067,-1.50539,0.261293,0.25686,-0.0556115,-0.0539172,0.168195,0.171549,0.7853,0.785922,-0.0483985,-0.0582475,0.02965,0.026369,2.94725e-05,0.000518575,-8.70501,-4.34146,1.99133,-0.0556115,0.168195,0.7853
17.43,-8.69018,-8.66481,-4.35669,-4.3873,1.99394,1.99681,1.48747,1.51172,-1.51501,-1.48966,0.260849,0.256395,-0.0560937,-0.0544068,0.168489,0.171792,0.785301,0.785924,-0.0480465,-0.0578625,0.0292042,0.0259076,2.91094e-05,0.000557333,-8.69018,-4.35669,1.99394,-0.0560937,0.168489,0.785301
17.44,-8.67526,-8.6498,-4.37176,-4.40211,1.99654,1.99936,1.49528,1.51945,-1.49931,-1.47389,0.260404,0.25593,-0.0565724,-0.0548927,0.168779,0.17203,0.785301,0.785927,-0.0476932,-0.0574809,0.0287572,0.0254457,2.87455e-05,0.000596687,-8.67526,-4.37176,1.99654,-0.0565724,0.168779,0.785301
17.45,-8.66027,-8.63472,-4.38668,-4.41677,1.99914,2.00191,1.50308,1.52716,-1.48355,-1.45807,0.259956,0.255464,-0.0570476,-0.0553746,0.169064,0.172263,0.785301,0.785929,-0.0473386,-0.0571023,0.0283091,0.0249827,2.83807e-05,0.000636488,-8.66027,-4.38668,1.99914,-0.0570476,0.169064,0.785301
17.46,-8.6452,-8.61956,-4.40143,-4.43126,2.00174,2.00445,1.51086,1.53486,-1.46774,-1.44221,0.259505,0.254997,-0.0575192,-0.0558526,0.169345,0.17249,0.785302,0.78593,-0.0469829,-0.0567274,0.0278598,0.0245187,2.80153e-05,0.000676751,-8.6452,-4.40143,2.00174,-0.0575192,0.169345,0.785302
17.47,-8.63005,-8.60432,-4.41603,-4.4456,2.00433,2.00699,1.51862,1.54253,-1.45187,-1.4263,0.259053,0.25453,-0.0579873,-0.0563271,0.169621,0.172713,0.785302,0.785932,-0.0466259,-0.0563545,0.0274094,0.0240538,2.76491e-05,0.000717178,-8.63005,-4.41603,2.00433,-0.0579873,0.169621,0.785302
17.48,-8.61483,-8.58901,-4.43047,-4.45978,2.00692,2.00952,1.52638,1.55019,-1.43595,-1.41034,0.258597,0.254063,-0.0584517,-0.0567974,0.169893,0.172931,0.785302,0.785933,-0.0462678,-0.0559849,0.0269579,0.023588,2.72824e-05,0.000757813,-8.61483,-4.43047,2.00692,-0.0584517,0.169893,0.785302
17.49,-8.59952,-8.57363,-4.44475,-4.4738,2.00951,2.01204,1.53412,1.55783,-1.41999,-1.39435,0.25814,0.253597,-0.0589126,-0.0572636,0.17016,0.173144,0.785302,0.785934,-0.0459085,-0.0556195,0.0265054,0.0231221,2.69152e-05,0.0007983,-8.59952,-4.44475,2.00951,-0.0589126,0.17016,0.785302
17.5,-8.58414,-8.55818,-4.45887,-4.48765,2.01209,2.01457,1.54184,1.56545,-1.40397,-1.37831,0.25768,0.253129,-0.0593699,-0.0577258,0.170423,0.173352,0.785303,0.785935,-0.045548,-0.055257,0.0260517,0.0226556,2.65476e-05,0.000838608,-8.58414,-4.45887,2.01209,-0.0593699,0.170423,0.785303
17.51,-8.56869,-8.54265,-4.47283,-4.50134,2.01466,2.01708,1.54955,1.57306,-1.3879,-1.36223,0.257218,0.252662,-0.0598236,-0.0581839,0.170681,0.173555,0.785303,0.785935,-0.0451864,-0.0548983,0.0255969,0.0221891,2.61796e-05,0.000878841,-8.56869,-4.47283,2.01466,-0.0598236,0.170681,0.785303
17.52,-8.55315,-8.52704,-4.48663,-4.51488,2.01723,2.0196,1.55725,1.58064,-1.37178,-1.3461,0.256754,0.252195,-0.0602736,-0.058638,0.170935,0.173754,0.785303,0.785935,-0.0448237,-0.0545431,0.0251411,0.0217224,2.58113e-05,0.000918463,-8.55315,-4.48663,2.01723,-0.0602736,0.170935,0.785303
17.53,-8.53754,-8.51136,-4.50026,-4.52824,2.01979,2.0221,1.56494,1.58821,-1.35561,-1.32994,0.256287,0.251728,-0.06072,-0.059088,0.171184,0.173947,0.785304,0.785933,-0.0444598,-0.054192,0.0246843,0.0212563,2.54427e-05,0.000957459,-8.53754,-4.50026,2.01979,-0.06072,0.171184,0.785304
17.54,-8.52186,-8.49562,-4.51374,-4.54145,2.02236,2.02461,1.57261,1.59576,-1.33939,-1.31373,0.255818,0.251261,-0.0611628,-0.0595337,0.171429,0.174137,0.785304,0.785932,-0.0440948,-0.0538434,0.0242264,0.0207897,2.5074e-05,0.00099583,-8.52186,-4.51374,2.02236,-0.0611628,0.171429,0.785304
17.55,-8.50609,-8.47979,-4.52705,-4.55449,2.02491,2.02711,1.58026,1.60329,-1.32312,-1.29749,0.255347,0.250794,-0.0616019,-0.0599751,0.171669,0.174322,0.785304,0.78593,-0.0437287,-0.0534984,0.0237675,0.0203235,2.47053e-05,0.00103335,-8.50609,-4.52705,2.02491,-0.0616019,0.171669,0.785304
17.56,-8.49025,-8.4639,-4.5402,-4.56737,2.02746,2.0296,1.5879,1.6108,-1.30681,-1.28121,0.254873,0.250327,-0.0620374,-0.0604122,0.171904,0.174502,0.785304,0.785928,-0.0433616,-0.053157,0.0233076,0.0198578,2.43365e-05,0.00106992,-8.49025,-4.5402,2.02746,-0.0620374,0.171904,0.785304
17.57,-8.47433,-8.44793,-4.55319,-4.58009,2.03001,2.03209,1.59553,1.6183,-1.29045,-1.26488,0.254398,0.249861,-0.0624692,-0.0608452,0.172135,0.174678,0.785304,0.785924,-0.0429934,-0.0528188,0.0228467,0.0193923,2.39677e-05,0.00110543,-8.47433,-4.55319,2.03001,-0.0624692,0.172135,0.785304
17.58,-8.45834,-8.43189,-4.56601,-4.59264,2.03255,2.03458,1.60314,1.62578,-1.27405,-1.24852,0.253919,0.249394,-0.0628972,-0.0612739,0.172361,0.17485,0.785305,0.78592,-0.0426241,-0.0524844,0.0223848,0.0189272,2.35991e-05,0.00113975,-8.45834,-4.56601,2.03255,-0.0628972,0.172361,0.785305
17.59,-8.44227,-8.41577,-4.57867,-4.60503,2.03509,2.03706,1.61074,1.63323,-1.25759,-1.23212,0.253439,0.248928,-0.0633216,-0.0616981,0.172583,0.175018,0.785305,0.785915,-0.0422538,-0.0521526,0.0219219,0.0184632,2.32306e-05,0.0011728,-8.44227,-4.57867,2.03509,-0.0633216,0.172583,0.785305
17.6,-8.42612,-8.39958,-4.59116,-4.61725,2.03762,2.03954,1.61833,1.64067,-1.2411,-1.21568,0.252956,0.248462,-0.0637423,-0.0621181,0.1728,0.175181,0.785305,0.785909,-0.0418825,-0.0518236,0.0214581,0.0179997,2.28624e-05,0.00120431,-8.42612,-4.59116,2.03762,-0.0637423,0.1728,0.785305
17.61,-8.4099,-8.38332,-4.60349,-4.6293,2.04015,2.04201,1.6259,1.64809,-1.22456,-1.1992,0.252471,0.247996,-0.0641593,-0.0625338,0.173012,0.175341,0.785305,0.785902,-0.0415101,-0.0514979,0.0209933,0.017537,2.24944e-05,0.0012344,-8.4099,-4.60349,2.04015,-0.0641593,0.173012,0.785305
17.62,-8.39361,-8.36698,-4.61565,-4.6412,2.04267,2.04448,1.63345,1.6555,-1.20797,-1.18268,0.251984,0.247531,-0.0645725,-0.062945,0.173219,0.175497,0.785306,0.785895,-0.0411368,-0.0511743,0.0205276,0.0170747,2.21269e-05,0.00126269,-8.39361,-4.61565,2.04267,-0.0645725,0.173219,0.785306
17.63,-8.37723,-8.35058,-4.62765,-4.65292,2.04519,2.04694,1.64099,1.66288,-1.19134,-1.16613,0.251495,0.247065,-0.064982,-0.0633517,0.173422,0.175648,0.785306,0.785887,-0.0407625,-0.0508542,0.020061,0.016614,2.17597e-05,0.00128941,-8.37723,-4.62765,2.04519,-0.064982,0.173422,0.785306
17.64,-8.36079,-8.3341,-4.63948,-4.66447,2.0477,2.0494,1.64852,1.67025,-1.17467,-1.14955,0.251003,0.2466,-0.0653878,-0.0637542,0.173621,0.175796,0.785306,0.785877,-0.0403872,-0.0505368,0.0195935,0.016154,2.13931e-05,0.00131418,-8.36079,-4.63948,2.0477,-0.0653878,0.173621,0.785306
17.65,-8.34426,-8.31755,-4.65114,-4.67586,2.05021,2.05186,1.65603,1.6776,-1.15796,-1.13292,0.250509,0.246135,-0.0657898,-0.0641522,0.173814,0.175941,0.785306,0.785867,-0.0400109,-0.050221,0.0191251,0.0156955,2.1027e-05,0.00133705,-8.34426,-4.65114,2.05021,-0.0657898,0.173814,0.785306
17.66,-8.32767,-8.30092,-4.66264,-4.68709,2.05271,2.05432,1.66352,1.68493,-1.1412,-1.11626,0.250012,0.24567,-0.066188,-0.0645456,0.174003,0.176081,0.785307,0.785856,-0.0396337,-0.0499074,0.0186558,0.0152378,2.06615e-05,0.00135796,-8.32767,-4.66264,2.05271,-0.066188,0.174003,0.785307
17.67,-8.31099,-8.28422,-4.67397,-4.69814,2.05521,2.05677,1.671,1.69225,-1.1244,-1.09956,0.249514,0.245206,-0.0665824,-0.0649349,0.174187,0.176218,0.785307,0.785844,-0.0392556,-0.0495948,0.0181856,0.0147812,2.02966e-05,0.00137679,-8.31099,-4.67397,2.05521,-0.0665824,0.174187,0.785307
17.68,-8.29425,-8.26745,-4.68513,-4.70903,2.0577,2.05921,1.67847,1.69955,-1.10757,-1.08282,0.249013,0.244741,-0.0669731,-0.0653195,0.174367,0.176352,0.785307,0.785831,-0.0388765,-0.0492849,0.0177146,0.0143246,1.99325e-05,0.0013935,-8.29425,-4.68513,2.0577,-0.0669731,0.174367,0.785307
17.69,-8.27742,-8.2506,-4.69612,-4.71975,2.06019,2.06165,1.68592,1.70683,-1.09069,-1.06605,0.24851,0.244276,-0.0673599,-0.0656997,0.174542,0.176482,0.785307,0.785818,-0.0384965,-0.0489762,0.0172428,0.0138699,1.95692e-05,0.00140785,-8.27742,-4.69612,2.06019,-0.0673599,0.174542,0.785307
17.7,-8.26053,-8.23368,-4.70694,-4.7303,2.06267,2.06409,1.69336,1.71409,-1.07378,-1.04925,0.248005,0.243811,-0.067743,-0.0660753,0.174712,0.176609,0.785307,0.785803,-0.0381157,-0.0486687,0.0167701,0.0134162,1.92067e-05,0.00141996,-8.26053,-4.70694,2.06267,-0.067743,0.174712,0.785307
17.71,-8.24356,-8.21669,-4.71759,-4.74067,2.06515,2.06653,1.70078,1.72133,-1.05682,-1.03241,0.247497,0.243346,-0.0681223,-0.0664467,0.174877,0.176733,0.785308,0.785787,-0.0377339,-0.0483633,0.0162966,0.0129634,1.8845e-05,0.00142995,-8.24356,-4.71759,2.06515,-0.0681223,0.174877,0.785308
17.72,-8.22651,-8.19963,-4.72808,-4.75089,2.06762,2.06896,1.70818,1.72856,-1.03983,-1.01553,0.246987,0.242881,-0.0684977,-0.0668133,0.175038,0.176854,0.785308,0.785771,-0.0373513,-0.0480576,0.0158222,0.0125119,1.84844e-05,0.00143743,-8.22651,-4.72808,2.06762,-0.0684977,0.175038,0.785308
17.73,-8.20939,-8.18249,-4.73839,-4.76093,2.07009,2.07139,1.71557,1.73577,-1.0228,-0.998622,0.246475,0.242416,-0.0688693,-0.0671758,0.175193,0.176972,0.785308,0.785753,-0.0369679,-0.0477519,0.0153472,0.0120617,1.81247e-05,0.00144246,-8.20939,-4.73839,2.07009,-0.0688693,0.175193,0.785308
17.74,-8.1922,-8.16528,-4.74853,-4.7708,2.07255,2.07381,1.72294,1.74297,-1.00574,-0.981676,0.245961,0.24195,-0.069237,-0.0675338,0.175345,0.177086,0.785308,0.785735,-0.0365836,-0.0474459,0.0148713,0.0116118,1.7766e-05,0.00144506,-8.1922,-4.74853,2.07255,-0.069237,0.175345,0.785308
17.75,-8.17494,-8.14799,-4.7585,-4.7805,2.07501,2.07623,1.7303,1.75015,-0.988635,-0.964697,0.245445,0.241484,-0.0696009,-0.0678871,0.175491,0.177198,0.785308,0.785715,-0.0361984,-0.0471419,0.0143946,0.0111631,1.74085e-05,0.0014452,-8.17494,-4.7585,2.07501,-0.0696009,0.175491,0.785308
17.76,-8.1576,-8.13064,-4.7683,-4.79003,2.07746,2.07865,1.73765,1.75731,-0.971498,-0.947684,0.244926,0.241017,-0.069961,-0.068236,0.175632,0.177307,0.785308,0.785695,-0.0358125,-0.0468372,0.0139172,0.0107153,1.70521e-05,0.00144289,-8.1576,-4.7683,2.07746,-0.069961,0.175632,0.785308
17.77,-8.14018,-8.1132,-4.77793,-4.79939,2.0799,2.08107,1.74497,1.76445,-0.954326,-0.930635,0.244405,0.24055,-0.0703172,-0.0685806,0.175769,0.177413,0.785309,0.785674,-0.0354257,-0.0465315,0.0134391,0.0102685,1.66969e-05,0.00143808,-8.14018,-4.77793,2.0799,-0.0703172,0.175769,0.785309
17.78,-8.1227,-8.0957,-4.78739,-4.80857,2.08235,2.08348,1.75229,1.77158,-0.937119,-0.913553,0.243882,0.240082,-0.0706695,-0.0689207,0.175901,0.177517,0.785309,0.785652,-0.0350382,-0.0462251,0.0129602,0.00982233,1.6343e-05,0.00143076,-8.1227,-4.78739,2.08235,-0.0706695,0.175901,0.785309
17.79,-8.10514,-8.07812,-4.79668,-4.81759,2.08478,2.08588,1.75958,1.7787,-0.919879,-0.896437,0.243357,0.239614,-0.071018,-0.0692565,0.176028,0.177618,0.785309,0.78563,-0.0346498,-0.0459178,0.0124807,0.00937713,1.59904e-05,0.00142102,-8.10514,-4.79668,2.08478,-0.071018,0.176028,0.785309
17.8,-8.0875,-8.06048,-4.80579,-4.82643,2.08721,2.08829,1.76686,1.78579,-0.902606,-0.879294,0.24283,0.239145,-0.0713625,-0.0695877,0.176151,0.177716,0.785309,0.785606,-0.0342607,-0.045611,0.0120004,0.00893224,1.56391e-05,0.00140887,-8.0875,-4.80579,2.08721,-0.0713625,0.176151,0.785309
17.81,-8.0698,-8.04276,-4.81473,-4.8351,2.08964,2.09069,1.77413,1.79288,-0.885301,-0.862113,0.2423,0.238674,-0.0717032,-0.0699145,0.176268,0.177812,0.785309,0.785582,-0.0338709,-0.0453015,0.0115194,0.00848844,1.52892e-05,0.00139414,-8.0698,-4.81473,2.08964,-0.0717032,0.176268,0.785309
17.82,-8.05202,-8.02496,-4.82349,-4.8436,2.09206,2.09309,1.78138,1.79994,-0.867964,-0.8449,0.241768,0.238203,-0.0720399,-0.0702369,0.176381,0.177905,0.785309,0.785557,-0.0334803,-0.0449908,0.0110378,0.00804473,1.49407e-05,0.00137711,-8.05202,-4.82349,2.09206,-0.0720399,0.176381,0.785309
17.83,-8.03417,-8.0071,-4.83209,-4.85192,2.09447,2.09548,1.78861,1.80699,-0.850595,-0.827654,0.241235,0.23773,-0.0723728,-0.0705548,0.176489,0.177996,0.785309,0.785532,-0.033089,-0.0446781,0.0105555,0.00760227,1.45937e-05,0.0013576,-8.03417,-4.83209,2.09447,-0.0723728,0.176489,0.785309
17.84,-8.01625,-7.98916,-4.84051,-4.86007,2.09688,2.09787,1.79583,1.81403,-0.833196,-0.810377,0.240698,0.237256,-0.0727017,-0.0708686,0.176592,0.178085,0.78531,0.785506,-0.032697,-0.0443635,0.0100725,0.00715939,1.42483e-05,0.00133581,-8.01625,-4.84051,2.09688,-0.0727017,0.176592,0.78531
17.85,-7.99826,-7.97115,-4.84875,-4.86805,2.09929,2.10026,1.80303,1.82105,-0.815768,-0.793069,0.24016,0.236781,-0.0730267,-0.071178,0.176691,0.178171,0.78531,0.785479,-0.0323042,-0.0440466,0.00958894,0.00671715,1.39044e-05,0.00131172,-7.99826,-4.84875,2.09929,-0.0730267,0.176691,0.78531
17.86,-7.98019,-7.95307,-4.85682,-4.87585,2.10169,2.10264,1.81021,1.82805,-0.798309,-0.775728,0.23962,0.236303,-0.0733478,-0.071483,0.176784,0.178255,0.78531,0.785452,-0.0319108,-0.0437273,0.00910472,0.00627544,1.35621e-05,0.00128546,-7.98019,-4.85682,2.10169,-0.0733478,0.176784,0.78531
17.87,-7.96205,-7.93491,-4.86472,-4.88348,2.10408,2.10502,1.81738,1.83504,-0.780823,-0.758358,0.239077,0.235825,-0.0736649,-0.0717838,0.176873,0.178337,0.78531,0.785424,-0.0315167,-0.0434063,0.0086199,0.00583349,1.32215e-05,0.00125693,-7.96205,-4.86472,2.10408,-0.0736649,0.176873,0.78531
17.88,-7.94384,-7.91669,-4.87244,-4.89093,2.10647,2.1074,1.82453,1.84201,-0.763308,-0.740962,0.238532,0.235345,-0.0739781,-0.0720801,0.176956,0.178417,0.78531,0.785396,-0.0311219,-0.043082,0.00813448,0.00539199,1.28826e-05,0.00122637,-7.94384,-4.87244,2.10647,-0.0739781,0.176956,0.78531
17.89,-7.92556,-7.8984,-4.87998,-4.89821,2.10885,2.10977,1.83167,1.84897,-0.745766,-0.723532,0.237985,0.234862,-0.0742874,-0.0723722,0.177035,0.178494,0.78531,0.785367,-0.0307265,-0.0427544,0.00764848,0.00495077,1.25454e-05,0.00119376,-7.92556,-4.87998,2.10885,-0.0742874,0.177035,0.78531
17.9,-7.90721,-7.88003,-4.88735,-4.90531,2.11123,2.11214,1.83879,1.85592,-0.728197,-0.706072,0.237436,0.234378,-0.0745926,-0.0726601,0.177109,0.178569,0.78531,0.785339,-0.0303305,-0.042425,0.0071619,0.00450933,1.221e-05,0.00115928,-7.90721,-4.88735,2.11123,-0.0745926,0.177109,0.78531
17.91,-7.88878,-7.86159,-4.89455,-4.91224,2.1136,2.11451,1.84589,1.86285,-0.710602,-0.688585,0.236885,0.233891,-0.074894,-0.0729436,0.177179,0.178643,0.785311,0.785309,-0.0299338,-0.0420916,0.00667478,0.00406801,1.18764e-05,0.00112285,-7.88878,-4.89455,2.1136,-0.074894,0.177179,0.785311
17.92,-7.87029,-7.84308,-4.90157,-4.91899,2.11597,2.11687,1.85298,1.86976,-0.692981,-0.671066,0.236332,0.233402,-0.0751913,-0.0732232,0.177243,0.178713,0.785311,0.785279,-0.0295364,-0.0417557,0.00618709,0.00362596,1.15447e-05,0.00108479,-7.87029,-4.90157,2.11597,-0.0751913,0.177243,0.785311
17.93,-7.85173,-7.82451,-4.90841,-4.92557,2.11833,2.11923,1.86004,1.87666,-0.675335,-0.653523,0.235776,0.232911,-0.0754847,-0.0734983,0.177302,0.178782,0.785311,0.78525,-0.0291385,-0.0414159,0.00569889,0.00318481,1.12148e-05,0.00104508,-7.85173,-4.90841,2.11833,-0.0754847,0.177302,0.785311
17.94,-7.83309,-7.80586,-4.91507,-4.93196,2.12068,2.12158,1.8671,1.88355,-0.657665,-0.635952,0.235219,0.232417,-0.0757741,-0.0737693,0.177357,0.178849,0.785311,0.78522,-0.02874,-0.0410733,0.00521016,0.00274248,1.08869e-05,0.00100386,-7.83309,-4.91507,2.12068,-0.0757741,0.177357,0.785311
17.95,-7.81438,-7.78714,-4.92156,-4.93818,2.12303,2.12393,1.87413,1.89042,-0.639972,-0.618353,0.234659,0.231921,-0.0760595,-0.0740363,0.177407,0.178913,0.785311,0.78519,-0.0283409,-0.0407271,0.00472093,0.00229958,1.0561e-05,0.000961199,-7.81438,-4.92156,2.12303,-0.0760595,0.177407,0.785311
17.96,-7.79561,-7.76836,-4.92787,-4.94423,2.12537,2.12628,1.88115,1.89728,-0.622256,-0.600731,0.234097,0.231422,-0.0763409,-0.0742993,0.177451,0.178976,0.785311,0.78516,-0.0279413,-0.0403776,0.0042312,0.00185712,1.0237e-05,0.000917166,-7.79561,-4.92787,2.12537,-0.0763409,0.177451,0.785311
17.97,-7.77676,-7.7495,-4.93401,-4.9501,2.12771,2.12862,1.88815,1.90412,-0.604517,-0.58308,0.233534,0.230919,-0.0766183,-0.0745579,0.177491,0.179036,0.785311,0.78513,-0.0275411,-0.040024,0.003741,0.0014137,9.91513e-06,0.000872016,-7.77676,-4.93401,2.12771,-0.0766183,0.177491,0.785311
17.98,-7.75784,-7.73058,-4.93996,-4.95579,2.13004,2.13096,1.89514,1.91095,-0.586756,-0.565407,0.232968,0.230414,-0.0768917,-0.0748126,0.177526,0.179093,0.785311,0.7851,-0.0271403,-0.0396669,0.00325032,0.000969879,9.59528e-06,0.000825837,-7.75784,-4.93996,2.13004,-0.0768917,0.177526,0.785311
17.99,-7.73886,-7.71159,-4.94574,-4.9613,2.13237,2.13329,1.90211,1.91776,-0.568974,-0.547707,0.2324,0.229905,-0.0771611,-0.0750634,0.177556,0.179149,0.785311,0.78507,-0.026739,-0.0393071,0.0027592,0.000525586,9.27753e-06,0.000778705,-7.73886,-4.94574,2.13237,-0.0771611,0.177556,0.785311
18,-7.7198,-7.69253,-4.95134,-4.96663,2.13469,2.13562,1.90906,1.92456,-0.551172,-0.529984,0.231829,0.229394,-0.0774265,-0.0753101,0.177581,0.179202,0.785312,0.78504,-0.0263372,-0.0389431,0.00226763,8.06674e-05,8.9619e-06,0.000730842,-7.7198,-4.95134,2.13469,-0.0774265,0.177581,0.785312
18.01,-7.70068,-7.6734,-4.95676,-4.97179,2.13701,2.13794,1.91599,1.93135,-0.53335,-0.512238,0.231257,0.228878,-0.0776879,-0.0755528,0.177602,0.179252,0.785312,0.785011,-0.0259349,-0.0385759,0.00177565,-0.000365004,8.64844e-06,0.000682324,-7.70068,-4.95676,2.13701,-0.0776879,0.177602,0.785312
18.02,-7.68148,-7.65421,-4.96201,-4.97677,2.13932,2.14026,1.92291,1.93812,-0.515509,-0.49447,0.230683,0.228359,-0.0779452,-0.0757917,0.177617,0.1793,0.785312,0.784982,-0.0255321,-0.038205,0.00128324,-0.000810683,8.33718e-06,0.000633299,-7.68148,-4.96201,2.13932,-0.0779452,0.177617,0.785312
18.03,-7.66222,-7.63495,-4.96707,-4.98157,2.14162,2.14258,1.92981,1.94487,-0.49765,-0.476681,0.230106,0.227837,-0.0781985,-0.0760265,0.177627,0.179346,0.785312,0.784952,-0.0251288,-0.0378307,0.000790438,-0.00125752,8.02813e-06,0.000583902,-7.66222,-4.96707,2.14162,-0.0781985,0.177627,0.785312
18.04,-7.64289,-7.61562,-4.97196,-4.9862,2.14392,2.14488,1.93669,1.95161,-0.479772,-0.458869,0.229528,0.227311,-0.0784478,-0.0762576,0.177633,0.179388,0.785312,0.784924,-0.0247251,-0.0374533,0.00029724,-0.00170494,7.72133e-06,0.0005344,-7.64289,-4.97196,2.14392,-0.0784478,0.177633,0.785312
18.05,-7.62348,-7.59623,-4.97667,-4.99064,2.14621,2.14719,1.94356,1.95834,-0.461877,-0.441041,0.228947,0.226781,-0.078693,-0.0764849,0.177633,0.179428,0.785312,0.784895,-0.0243209,-0.0370726,-0.000196319,-0.00215299,7.41681e-06,0.000484824,-7.62348,-4.97667,2.14621,-0.078693,0.177633,0.785312
18.06,-7.60401,-7.57677,-4.9812,-4.9949,2.1485,2.14949,1.95041,1.96505,-0.443966,-0.423191,0.228365,0.226247,-0.0789342,-0.0767083,0.177629,0.179465,0.785312,0.784868,-0.0239162,-0.0366894,-0.000690252,-0.00260185,7.1146e-06,0.000435263,-7.60401,-4.9812,2.1485,-0.0789342,0.177629,0.785312
18.07,-7.58448,-7.55725,-4.98555,-4.99899,2.15078,2.15178,1.95724,1.97175,-0.426038,-0.40532,0.22778,0.225709,-0.0791713,-0.076928,0.177619,0.179499,0.785312,0.78484,-0.0235111,-0.0363024,-0.00118452,-0.0030513,6.81472e-06,0.000385985,-7.58448,-4.98555,2.15078,-0.0791713,0.177619,0.785312
18.08,-7.56487,-7.53765,-4.98972,-5.0029,2.15305,2.15407,1.96405,1.97843,-0.408096,-0.387433,0.227193,0.225167,-0.0794044,-0.0771438,0.177605,0.179529,0.785312,0.784813,-0.0231056,-0.0359126,-0.00167913,-0.0035015,6.51719e-06,0.000337183,-7.56487,-4.98972,2.15305,-0.0794044,0.177605,0.785312
18.09,-7.5452,-7.518,-4.99371,-5.00663,2.15532,2.15635,1.97084,1.9851,-0.390138,-0.369527,0.226604,0.22462,-0.0796334,-0.0773561,0.177586,0.179557,0.785312,0.784787,-0.0226997,-0.0355197,-0.00217405,-0.00395261,6.22205e-06,0.00028877,-7.5452,-4.99371,2.15532,-0.0796334,0.177586,0.785312
18.1,-7.52545,-7.49828,-4.99752,-5.01018,2.15759,2.15862,1.97762,1.99176,-0.372167,-0.351604,0.226014,0.22407,-0.0798584,-0.0775647,0.177562,0.179581,0.785312,0.784761,-0.0222933,-0.0351245,-0.00266929,-0.00440478,5.92932e-06,0.000241265,-7.52545,-4.99752,2.15759,-0.0798584,0.177562,0.785312
18.11,-7.50564,-7.47849,-5.00115,-5.01355,2.15984,2.16089,1.98438,1.9984,-0.354182,-0.333667,0.225421,0.223515,-0.0800793,-0.0777695,0.177532,0.179601,0.785312,0.784735,-0.0218866,-0.0347267,-0.00316481,-0.00485656,5.63901e-06,0.00019449,-7.50564,-5.00115,2.15984,-0.0800793,0.177532,0.785312
18.12,-7.48577,-7.45864,-5.00461,-5.01674,2.1621,2.16316,1.99112,2.00502,-0.336184,-0.315712,0.224826,0.222955,-0.0802961,-0.077971,0.177498,0.179618,0.785312,0.784711,-0.0214795,-0.0343272,-0.00366063,-0.00530998,5.35117e-06,0.000148728,-7.48577,-5.00461,2.1621,-0.0802961,0.177498,0.785312
18.13,-7.46582,-7.43873,-5.00788,-5.01976,2.16434,2.16541,1.99785,2.01163,-0.318174,-0.297747,0.224229,0.222391,-0.0805089,-0.0781685,0.177459,0.17963,0.785312,0.784686,-0.0210721,-0.0339253,-0.0041567,-0.0057634,5.06579e-06,0.000104144,-7.46582,-5.00788,2.16434,-0.0805089,0.177459,0.785312
18.14,-7.44581,-7.41875,-5.01097,-5.02259,2.16658,2.16766,2.00455,2.01823,-0.300153,-0.279763,0.22363,0.221823,-0.0807176,-0.0783627,0.177415,0.179639,0.785312,0.784663,-0.0206643,-0.0335216,-0.00465303,-0.00621755,4.78292e-06,6.07967e-05,-7.44581,-5.01097,2.16658,-0.0807176,0.177415,0.785312
18.15,-7.42573,-7.39871,-5.01388,-5.02525,2.16881,2.1699,2.01124,2.02481,-0.28212,-0.261768,0.223029,0.221249,-0.0809222,-0.0785532,0.177366,0.179643,0.785312,0.78464,-0.0202561,-0.0331159,-0.00514959,-0.00667254,4.50256e-06,1.89096e-05,-7.42573,-5.01388,2.16881,-0.0809222,0.177366,0.785312
18.16,-7.40558,-7.3786,-5.01661,-5.02773,2.17104,2.17214,2.01791,2.03137,-0.264078,-0.24376,0.222426,0.220671,-0.0811227,-0.0787403,0.177312,0.179643,0.785313,0.784618,-0.0198477,-0.0327084,-0.00564639,-0.00712793,4.22474e-06,-2.1413e-05,-7.40558,-5.01661,2.17104,-0.0811227,0.177312,0.785313
18.17,-7.38537,-7.35843,-5.01916,-5.03002,2.17326,2.17437,2.02456,2.03792,-0.246026,-0.225739,0.221821,0.220089,-0.0813191,-0.0789237,0.177253,0.179638,0.785313,0.784597,-0.0194389,-0.0323002,-0.00614339,-0.00758401,3.94948e-06,-5.99623e-05,-7.38537,-5.01916,2.17326,-0.0813191,0.177253,0.785313
18.18,-7.36509,-7.3382,-5.02153,-5.03214,2.17548,2.17659,2.0312,2.04445,-0.227965,-0.207709,0.221214,0.219501,-0.0815115,-0.0791037,0.177189,0.179629,0.785313,0.784576,-0.0190298,-0.0318905,-0.0066406,-0.00804035,3.6768e-06,-9.6783e-05,-7.36509,-5.02153,2.17548,-0.0815115,0.177189,0.785313
18.19,-7.34475,-7.3179,-5.02372,-5.03408,2.17769,2.17881,2.03781,2.05097,-0.209896,-0.189667,0.220605,0.218909,-0.0816997,-0.0792802,0.17712,0.179614,0.785313,0.784556,-0.0186204,-0.0314802,-0.00713799,-0.00849722,3.40671e-06,-0.000131667,-7.34475,-5.02372,2.17769,-0.0816997,0.17712,0.785313
18.2,-7.32434,-7.29754,-5.02573,-5.03584,2.17989,2.18101,2.04441,2.05747,-0.191819,-0.171616,0.219995,0.218312,-0.0818839,-0.0794531,0.177047,0.179595,0.785313,0.784536,-0.0182107,-0.0310683,-0.00763556,-0.00895494,3.13923e-06,-0.0001643,-7.32434,-5.02573,2.17989,-0.0818839,0.177047,0.785313
18.21,-7.30386,-7.27711,-5.02756,-5.03742,2.18209,2.18321,2.05099,2.06396,-0.173736,-0.153559,0.219382,0.217711,-0.0820639,-0.0796226,0.176968,0.179569,0.785313,0.784517,-0.0178008,-0.0306567,-0.00813327,-0.00941256,2.87439e-06,-0.000195026,-7.30386,-5.02756,2.18209,-0.0820639,0.176968,0.785313
18.22,-7.28332,-7.25663,-5.0292,-5.03882,2.18428,2.1854,2.05755,2.07043,-0.155646,-0.13549,0.218767,0.217104,-0.0822399,-0.0797885,0.176884,0.179539,0.785313,0.784499,-0.0173906,-0.0302444,-0.00863115,-0.00987045,2.61218e-06,-0.000223234,-7.28332,-5.0292,2.18428,-0.0822399,0.176884,0.785313
18.23,-7.26271,-7.23607,-5.03067,-5.04005,2.18646,2.18759,2.06409,2.07689,-0.13755,-0.117414,0.21815,0.216493,-0.0824118,-0.0799511,0.176795,0.179502,0.785313,0.784482,-0.0169802,-0.0298319,-0.00912914,-0.0103286,2.35264e-06,-0.000249162,-7.26271,-5.03067,2.18646,-0.0824118,0.176795,0.785313
18.24,-7.24204,-7.21546,-5.03196,-5.04109,2.18864,2.18976,2.07061,2.08332,-0.119449,-0.0993313,0.217531,0.215877,-0.0825795,-0.0801101,0.176701,0.17946,0.785313,0.784465,-0.0165695,-0.0294195,-0.00962726,-0.0107872,2.09577e-06,-0.000272661,-7.24204,-5.03196,2.18864,-0.0825795,0.176701,0.785313
18.25,-7.2213,-7.19478,-5.03306,-5.04195,2.19081,2.19193,2.07712,2.08975,-0.101344,-0.0812411,0.21691,0.215257,-0.0827431,-0.0802654,0.176602,0.179411,0.785313,0.784449,-0.0161586,-0.0290071,-0.0101255,-0.0112461,1.84159e-06,-0.000293568,-7.2213,-5.03306,2.19081,-0.0827431,0.176602,0.785313
18.26,-7.20049,-7.17404,-5.03398,-5.04264,2.19298,2.19409,2.08361,2.09615,-0.0832356,-0.0631476,0.216288,0.214632,-0.0829027,-0.0804172,0.176499,0.179356,0.785313,0.784433,-0.0157475,-0.0285961,-0.0106238,-0.0117054,1.59012e-06,-0.000311926,-7.20049,-5.03398,2.19298,-0.0829027,0.176499,0.785313
18.27,-7.17962,-7.15323,-5.03472,-5.04314,2.19514,2.19624,2.09007,2.10254,-0.0651237,-0.045049,0.215663,0.214002,-0.0830581,-0.0805654,0.17639,0.179294,0.785313,0.784418,-0.0153363,-0.0281852,-0.0111222,-0.0121644,1.34136e-06,-0.000327602,-7.17962,-5.03472,2.19514,-0.0830581,0.17639,0.785313
18.28,-7.15869,-7.13236,-5.03528,-5.04347,2.19729,2.19838,2.09652,2.10891,-0.0470094,-0.026944,0.215036,0.213367,-0.0832094,-0.0807101,0.176276,0.179225,0.785313,0.784403,-0.0149248,-0.027775,-0.0116206,-0.0126237,1.09532e-06,-0.00034067,-7.15869,-5.03528,2.19729,-0.0832094,0.176276,0.785313
18.29,-7.13769,-7.11143,-5.03566,-5.04361,2.19944,2.20051,2.10295,2.11527,-0.0288934,-0.00883836,0.214408,0.212729,-0.0833566,-0.0808508,0.176158,0.17915,0.785313,0.784389,-0.0145131,-0.0273655,-0.0121191,-0.0130832,8.52029e-07,-0.000350773,-7.13769,-5.03566,2.19944,-0.0833566,0.176158,0.785313
18.3,-7.11663,-7.09044,-5.03586,-5.04358,2.20158,2.20264,2.10936,2.1216,-0.0107762,0.00926664,0.213777,0.212086,-0.0834997,-0.0809879,0.176034,0.179067,0.785313,0.784376,-0.0141013,-0.0269569,-0.0126177,-0.0135423,6.11484e-07,-0.000358239,-7.11663,-5.03586,2.20158,-0.0834997,0.176034,0.785313
18.31,-7.09551,-7.06937,-5.03588,-5.04337,2.20371,2.20475,2.11576,2.12792,0.00734146,0.0273779,0.213145,0.211439,-0.0836386,-0.0811213,0.175905,0.178977,0.785313,0.784362,-0.0136894,-0.0265499,-0.0131162,-0.0140019,3.73698e-07,-0.000362888,-7.09551,-5.03588,2.20371,-0.0836386,0.175905,0.785313
18.32,-7.07432,-7.04825,-5.03572,-5.04298,2.20584,2.20686,2.12213,2.13422,0.025459,0.0454885,0.212511,0.210788,-0.0837734,-0.0812508,0.175772,0.178879,0.785313,0.78435,-0.0132772,-0.0261442,-0.0136148,-0.0144613,1.38682e-07,-0.000364751,-7.07432,-5.03572,2.20584,-0.0837734,0.175772,0.785313
18.33,-7.05306,-7.02707,-5.03537,-5.04241,2.20796,2.20896,2.12849,2.14051,0.0435756,0.0635993,0.211875,0.210132,-0.0839042,-0.0813766,0.175633,0.178774,0.785313,0.784337,-0.012865,-0.0257396,-0.0141133,-0.014921,-9.3555e-08,-0.000363857,-7.05306,-5.03537,2.20796,-0.0839042,0.175633,0.785313
18.34,-7.03175,-7.00582,-5.03484,-5.04166,2.21008,2.21105,2.13482,2.14677,0.0616909,0.0817095,0.211236,0.209473,-0.0840307,-0.0814981,0.175489,0.178661,0.785313,0.784325,-0.0124527,-0.0253369,-0.0146119,-0.0153808,-3.23005e-07,-0.000360161,-7.03175,-5.03484,2.21008,-0.0840307,0.175489,0.785313
18.35,-7.01037,-6.9845,-5.03414,-5.04073,2.21219,2.21313,2.14114,2.15302,0.079804,0.0998191,0.210596,0.20881,-0.0841532,-0.0816156,0.175341,0.17854,0.785313,0.784313,-0.0120402,-0.0249342,-0.0151104,-0.0158407,-5.49661e-07,-0.000353739,-7.01037,-5.03414,2.21219,-0.0841532,0.175341,0.785313
18.36,-6.98893,-6.96313,-5.03325,-5.03961,2.21429,2.2152,2.14743,2.15925,0.0979143,0.117924,0.209955,0.208144,-0.0842716,-0.081729,0.175187,0.17841,0.785313,0.7843,-0.0116277,-0.0245344,-0.0156088,-0.0163002,-7.73515e-07,-0.000344664,-6.98893,-5.03325,2.21429,-0.0842716,0.175187,0.785313
18.37,-6.96742,-6.94169,-5.03218,-5.03832,2.21639,2.21726,2.15371,2.16546,0.116021,0.136027,0.209311,0.207474,-0.0843858,-0.081838,0.175029,0.178273,0.785313,0.784288,-0.0112151,-0.0241364,-0.0161072,-0.01676,-9.9456e-07,-0.000333026,-6.96742,-5.03218,2.21639,-0.0843858,0.175029,0.785313
18.38,-6.94585,-6.92019,-5.03093,-5.03686,2.21848,2.21931,2.15997,2.17165,0.134124,0.154121,0.208665,0.206801,-0.0844958,-0.0819426,0.174865,0.178127,0.785313,0.784276,-0.0108024,-0.0237391,-0.0166055,-0.0172203,-1.21279e-06,-0.000318795,-6.94585,-5.03093,2.21848,-0.0844958,0.174865,0.785313
18.39,-6.92422,-6.89863,-5.0295,-5.03521,2.22056,2.22135,2.16621,2.17782,0.152222,0.172214,0.208017,0.206125,-0.0846018,-0.0820429,0.174696,0.177972,0.785313,0.784264,-0.0103897,-0.0233436,-0.0171038,-0.0176801,-1.4282e-06,-0.000302106,-6.92422,-5.0295,2.22056,-0.0846018,0.174696,0.785313
18.4,-6.90253,-6.877,-5.02788,-5.03338,2.22264,2.22339,2.17243,2.18398,0.170315,0.190301,0.207368,0.205446,-0.0847036,-0.0821385,0.174523,0.177809,0.785313,0.784252,-0.00997688,-0.0229494,-0.0176019,-0.0181405,-1.64079e-06,-0.000283048,-6.90253,-5.02788,2.22264,-0.0847036,0.174523,0.785313
18.41,-6.88077,-6.85531,-5.02609,-5.03137,2.22471,2.22541,2.17863,2.19011,0.188402,0.20838,0.206717,0.204764,-0.0848013,-0.0822293,0.174344,0.177638,0.785313,0.78424,-0.00956407,-0.0225566,-0.0180999,-0.0186008,-1.85054e-06,-0.000261828,-6.88077,-5.02609,2.22471,-0.0848013,0.174344,0.785313
18.42,-6.85895,-6.83356,-5.02412,-5.02918,2.22677,2.22743,2.18481,2.19622,0.206482,0.226452,0.206064,0.20408,-0.0848949,-0.0823153,0.174161,0.177457,0.785313,0.784227,-0.00915123,-0.0221644,-0.0185978,-0.0190619,-2.05747e-06,-0.000238478,-6.85895,-5.02412,2.22677,-0.0848949,0.174161,0.785313
18.43,-6.83708,-6.81175,-5.02196,-5.02682,2.22883,2.22944,2.19097,2.20232,0.224555,0.244513,0.205409,0.203394,-0.0849844,-0.0823965,0.173972,0.177268,0.785313,0.784214,-0.00873839,-0.021774,-0.0190955,-0.0195227,-2.26155e-06,-0.000213131,-6.83708,-5.02196,2.22883,-0.0849844,0.173972,0.785313
18.44,-6.81514,-6.78987,-5.01962,-5.02428,2.23088,2.23144,2.19711,2.20839,0.24262,0.262565,0.204752,0.202705,-0.0850697,-0.0824726,0.173779,0.177071,0.785313,0.784201,-0.00832555,-0.0213852,-0.0195931,-0.019985,-2.4628e-06,-0.000185981,-6.81514,-5.01962,2.23088,-0.0850697,0.173779,0.785313
18.45,-6.79313,-6.76794,-5.01711,-5.02155,2.23292,2.23342,2.20324,2.21445,0.260676,0.280607,0.204093,0.202015,-0.0851509,-0.0825435,0.173581,0.176864,0.785313,0.784187,-0.00791273,-0.0209945,-0.0200905,-0.020447,-2.66121e-06,-0.000157267,-6.79313,-5.01711,2.23292,-0.0851509,0.173581,0.785313
18.46,-6.77107,-6.74594,-5.01441,-5.01865,2.23496,2.23541,2.20934,2.22048,0.278723,0.29863,0.203432,0.201323,-0.0852279,-0.0826088,0.173377,0.17665,0.785313,0.784173,-0.00749993,-0.0206065,-0.0205877,-0.0209103,-2.85677e-06,-0.000127032,-6.77107,-5.01441,2.23496,-0.0852279,0.173377,0.785313
18.47,-6.74895,-6.72389,-5.01153,-5.01556,2.23699,2.23738,2.21542,2.22649,0.29676,0.316645,0.20277,0.200629,-0.0853009,-0.0826689,0.173169,0.176426,0.785313,0.784158,-0.00708718,-0.0202183,-0.0210847,-0.0213742,-3.04949e-06,-9.56059e-05,-6.74895,-5.01153,2.23699,-0.0853009,0.173169,0.785313
18.48,-6.72676,-6.70177,-5.00848,-5.0123,2.23902,2.23934,2.22148,2.23248,0.314787,0.334646,0.202106,0.199935,-0.0853697,-0.0827235,0.172955,0.176194,0.785313,0.784142,-0.00667447,-0.0198299,-0.0215814,-0.0218389,-3.23936e-06,-6.29723e-05,-6.72676,-5.00848,2.23902,-0.0853697,0.172955,0.785313
18.49,-6.70452,-6.67959,-5.00524,-5.00886,2.24104,2.24129,2.22753,2.23845,0.332803,0.352629,0.20144,0.199239,-0.0854344,-0.0827722,0.172737,0.175953,0.785313,0.784126,-0.00626183,-0.0194423,-0.022078,-0.0223046,-3.42639e-06,-2.95788e-05,-6.70452,-5.00524,2.24104,-0.0854344,0.172737,0.785313
18.5,-6.68221,-6.65736,-5.00182,-5.00524,2.24305,2.24324,2.23355,2.2444,0.350806,0.370596,0.200772,0.198542,-0.0854949,-0.0828153,0.172514,0.175705,0.785313,0.784109,-0.00584926,-0.0190529,-0.0225743,-0.0227713,-3.61058e-06,4.57466e-06,-6.68221,-5.00182,2.24305,-0.0854949,0.172514,0.785313
18.51,-6.65985,-6.63506,-4.99822,-5.00144,2.24505,2.24518,2.23955,2.25033,0.368797,0.388545,0.200102,0.197845,-0.0855514,-0.0828523,0.172286,0.175448,0.785313,0.784091,-0.00543679,-0.0186635,-0.0230704,-0.0232394,-3.79192e-06,3.9041e-05,-6.65985,-4.99822,2.24505,-0.0855514,0.172286,0.785313
18.52,-6.63742,-6.61271,-4.99444,-4.99746,2.24705,2.24711,2.24553,2.25623,0.386775,0.406476,0.199431,0.197148,-0.0856037,-0.0828835,0.172053,0.175182,0.785312,0.784072,-0.0050244,-0.0182725,-0.0235661,-0.0237091,-3.97043e-06,7.37458e-05,-6.63742,-4.99444,2.24705,-0.0856037,0.172053,0.785312
18.53,-6.61494,-6.59029,-4.99049,-4.9933,2.24904,2.24903,2.2515,2.26212,0.40474,0.424385,0.198758,0.19645,-0.0856518,-0.0829085,0.171814,0.17491,0.785312,0.784052,-0.00461214,-0.0178805,-0.0240616,-0.02418,-4.14609e-06,0.000108406,-6.61494,-4.99049,2.24904,-0.0856518,0.171814,0.785312
18.54,-6.59239,-6.56783,-4.98635,-4.98897,2.25102,2.25095,2.25744,2.26798,0.42269,0.442274,0.198083,0.195752,-0.0856959,-0.0829276,0.171571,0.174629,0.785312,0.784032,-0.00419998,-0.0174866,-0.0245568,-0.0246529,-4.31891e-06,0.000142902,-6.59239,-4.98635,2.25102,-0.0856959,0.171571,0.785312
18.55,-6.56979,-6.54531,-4.98203,-4.98446,2.253,2.25286,2.26336,2.27382,0.440624,0.460137,0.197406,0.195054,-0.0857358,-0.0829402,0.171323,0.174341,0.785312,0.78401,-0.00378798,-0.0170901,-0.0250517,-0.025127,-4.48891e-06,0.000176743,-6.56979,-4.98203,2.253,-0.0857358,0.171323,0.785312
18.56,-6.54712,-6.52272,-4.97754,-4.97977,2.25497,2.25476,2.26926,2.27964,0.458543,0.477981,0.196727,0.194357,-0.0857717,-0.0829467,0.17107,0.174045,0.785312,0.783987,-0.00337611,-0.0166917,-0.0255462,-0.0256035,-4.65607e-06,0.000209898,-6.54712,-4.97754,2.25497,-0.0857717,0.17107,0.785312
18.57,-6.5244,-6.50009,-4.97286,-4.97491,2.25694,2.25665,2.27514,2.28544,0.476446,0.495798,0.196047,0.19366,-0.0858034,-0.0829472,0.170812,0.173743,0.785312,0.783964,-0.00296441,-0.0162901,-0.0260404,-0.026082,-4.8204e-06,0.000242189,-6.5244,-4.97286,2.25694,-0.0858034,0.170812,0.785312
18.58,-6.50162,-6.47739,-4.96801,-4.96986,2.25889,2.25854,2.281,2.29121,0.494332,0.513591,0.195365,0.192963,-0.085831,-0.0829413,0.170549,0.173433,0.785312,0.783938,-0.00255287,-0.015885,-0.0265342,-0.0265627,-4.98191e-06,0.000273019,-6.50162,-4.96801,2.25889,-0.085831,0.170549,0.785312
18.59,-6.47878,-6.45465,-4.96298,-4.96464,2.26084,2.26042,2.28684,2.29696,0.5122,0.531358,0.194681,0.192268,-0.0858544,-0.0829292,0.170282,0.173118,0.785312,0.783913,-0.00214152,-0.0154768,-0.0270277,-0.0270463,-5.1406e-06,0.000302732,-6.47878,-4.96298,2.26084,-0.0858544,0.170282,0.785312
18.6,-6.45588,-6.43184,-4.95776,-4.95925,2.26279,2.26229,2.29266,2.30269,0.53005,0.549097,0.193995,0.191572,-0.0858738,-0.0829111,0.170009,0.172795,0.785312,0.783886,-0.00173036,-0.0150644,-0.0275207,-0.0275318,-5.29648e-06,0.000330642,-6.45588,-4.95776,2.26279,-0.0858738,0.170009,0.785312
18.61,-6.43293,-6.40899,-4.95237,-4.95368,2.26472,2.26416,2.29846,2.3084,0.547881,0.566808,0.193308,0.190878,-0.085889,-0.0828868,0.169731,0.172467,0.785312,0.783858,-0.00131941,-0.0146484,-0.0280134,-0.0280197,-5.44955e-06,0.000356689,-6.43293,-4.95237,2.26472,-0.085889,0.169731,0.785312
18.62,-6.40991,-6.38608,-4.94681,-4.94793,2.26665,2.26602,2.30424,2.31409,0.565693,0.58449,0.192619,0.190185,-0.0859002,-0.0828567,0.169449,0.172133,0.785312,0.783829,-0.000908681,-0.0142275,-0.0285056,-0.0285104,-5.59983e-06,0.000380754,-6.40991,-4.94681,2.26665,-0.0859002,0.169449,0.785312
18.63,-6.38684,-6.36312,-4.94106,-4.94201,2.26858,2.26788,2.31,2.31975,0.583484,0.602139,0.191928,0.189492,-0.0859072,-0.0828206,0.169161,0.171794,0.785312,0.783799,-0.000498187,-0.0138019,-0.0289974,-0.0290038,-5.7473e-06,0.000402555,-6.38684,-4.94106,2.26858,-0.0859072,0.169161,0.785312
18.64,-6.36371,-6.34011,-4.93514,-4.93591,2.27049,2.26973,2.31574,2.32539,0.601255,0.619761,0.191235,0.188801,-0.0859101,-0.0827789,0.168869,0.17145,0.785312,0.783769,-8.79308e-05,-0.0133711,-0.0294888,-0.0294989,-5.89199e-06,0.000422001,-6.36371,-4.93514,2.27049,-0.0859101,0.168869,0.785312
18.65,-6.34053,-6.31704,-4.92904,-4.92964,2.2724,2.27158,2.32146,2.33101,0.619004,0.637353,0.190541,0.18811,-0.085909,-0.0827318,0.168571,0.1711,0.785312,0.783737,0.000322063,-0.012935,-0.0299797,-0.0299979,-6.0339e-06,0.000438839,-6.34053,-4.92904,2.2724,-0.085909,0.168571,0.785312
18.66,-6.31729,-6.29392,-4.92276,-4.9232,2.2743,2.27342,2.32715,2.3366,0.636731,0.654912,0.189845,0.18742,-0.0859037,-0.0826793,0.168269,0.170747,0.785312,0.783705,0.000731794,-0.0124938,-0.0304701,-0.0304995,-6.17304e-06,0.000453189,-6.31729,-4.92276,2.2743,-0.0859037,0.168269,0.785312
18.67,-6.29399,-6.27075,-4.9163,-4.91658,2.2762,2.27526,2.33283,2.34218,0.654435,0.672439,0.189147,0.186731,-0.0858943,-0.0826218,0.167962,0.170388,0.785312,0.783672,0.00114124,-0.0120466,-0.03096,-0.0310037,-6.30941e-06,0.000464633,-6.29399,-4.9163,2.2762,-0.0858943,0.167962,0.785312
18.68,-6.27063,-6.24753,-4.90967,-4.90979,2.27808,2.27709,2.33848,2.34773,0.672116,0.689933,0.188448,0.186042,-0.0858809,-0.0825595,0.16765,0.170026,0.785312,0.783638,0.0015504,-0.0115938,-0.0314495,-0.03151,-6.44303e-06,0.00047332,-6.27063,-4.90967,2.27808,-0.0858809,0.16765,0.785312
18.69,-6.24722,-6.22426,-4.90286,-4.90282,2.27997,2.27892,2.34411,2.35326,0.689773,0.707396,0.187747,0.185354,-0.0858633,-0.0824926,0.167333,0.16966,0.785312,0.783604,0.00195924,-0.0111352,-0.0319384,-0.0320197,-6.5739e-06,0.000478968,-6.24722,-4.90286,2.27997,-0.0858633,0.167333,0.785312
18.7,-6.22375,-6.20093,-4.89587,-4.89569,2.28184,2.28074,2.34973,2.35877,0.707405,0.724823,0.187044,0.184667,-0.0858417,-0.0824216,0.167011,0.169291,0.785312,0.78357,0.00236778,-0.0106716,-0.0324267,-0.0325314,-6.70204e-06,0.000481755,-6.22375,-4.89587,2.28184,-0.0858417,0.167011,0.785312
18.71,-6.20022,-6.17756,-4.88871,-4.88838,2.28371,2.28256,2.35532,2.36425,0.725012,0.742216,0.186339,0.18398,-0.085816,-0.0823466,0.166684,0.168918,0.785311,0.783535,0.00277597,-0.0102018,-0.0329145,-0.033045,-6.82744e-06,0.000481606,-6.20022,-4.88871,2.28371,-0.085816,0.166684,0.785311
18.72,-6.17664,-6.15414,-4.88137,-4.8809,2.28557,2.28438,2.36089,2.36972,0.742593,0.759577,0.185633,0.183293,-0.0857862,-0.0822681,0.166353,0.168542,0.785311,0.783501,0.00318383,-0.00972593,-0.0334018,-0.0335613,-6.95013e-06,0.000478387,-6.17664,-4.88137,2.28557,-0.0857862,0.166353,0.785311
18.73,-6.153,-6.13066,-4.87386,-4.87325,2.28742,2.28619,2.36644,2.37516,0.760148,0.776904,0.184925,0.182606,-0.0857523,-0.0821863,0.166016,0.168163,0.785311,0.783466,0.00359133,-0.00924512,-0.0338884,-0.0340791,-7.07011e-06,0.000472322,-6.153,-4.87386,2.28742,-0.0857523,0.166016,0.785311
18.74,-6.12931,-6.10713,-4.86617,-4.86543,2.28926,2.288,2.37196,2.38058,0.777675,0.794196,0.184216,0.181919,-0.0857143,-0.0821017,0.165675,0.167782,0.785311,0.783432,0.00399847,-0.00875786,-0.0343745,-0.0345995,-7.1874e-06,0.000463471,-6.12931,-4.86617,2.28926,-0.0857143,0.165675,0.785311
18.75,-6.10557,-6.08355,-4.8583,-4.85744,2.2911,2.28981,2.37747,2.38598,0.795175,0.811457,0.183505,0.181231,-0.0856723,-0.0820146,0.165329,0.167397,0.785311,0.783397,0.00440523,-0.00826672,-0.03486,-0.0351204,-7.302e-06,0.000451818,-6.10557,-4.8583,2.2911,-0.0856723,0.165329,0.785311
18.76,-6.08176,-6.05991,-4.85027,-4.84927,2.29294,2.29161,2.38295,2.39135,0.812646,0.828682,0.182792,0.180542,-0.0856262,-0.0819255,0.164978,0.167011,0.785311,0.783363,0.00481159,-0.00777031,-0.0353448,-0.0356427,-7.41393e-06,0.000437513,-6.08176,-4.85027,2.29294,-0.0856262,0.164978,0.785311
18.77,-6.05791,-6.03623,-4.84205,-4.84094,2.29476,2.29341,2.38842,2.39671,0.830088,0.845874,0.182077,0.179853,-0.0855761,-0.0818344,0.164622,0.166622,0.785311,0.78333,0.00521754,-0.00726869,-0.035829,-0.0361652,-7.52319e-06,0.000420839,-6.05791,-4.84205,2.29476,-0.0855761,0.164622,0.785311
18.78,-6.03399,-6.01249,-4.83366,-4.83244,2.29658,2.29521,2.39386,2.40204,0.847501,0.863029,0.181361,0.179163,-0.0855219,-0.081742,0.164261,0.16623,0.785311,0.783298,0.00562309,-0.00676398,-0.0363125,-0.036688,-7.62981e-06,0.000401661,-6.03399,-4.83366,2.29658,-0.0855219,0.164261,0.785311
18.79,-6.01003,-5.98871,-4.8251,-4.82377,2.29839,2.29701,2.39928,2.40735,0.864883,0.880152,0.180644,0.178471,-0.0854636,-0.0816484,0.163896,0.165837,0.785311,0.783266,0.00602819,-0.0062545,-0.0367954,-0.0372109,-7.73379e-06,0.000380516,-6.01003,-4.8251,2.29839,-0.0854636,0.163896,0.785311
18.8,-5.98601,-5.96487,-4.81637,-4.81493,2.30019,2.2988,2.40468,2.41264,0.882234,0.897238,0.179924,0.177779,-0.0854013,-0.0815542,0.163525,0.165441,0.785311,0.783235,0.00643286,-0.00574167,-0.0372776,-0.0377336,-7.83514e-06,0.000357315,-5.98601,-4.81637,2.30019,-0.0854013,0.163525,0.785311
18.81,-5.96194,-5.94098,-4.80746,-4.80592,2.30199,2.30059,2.41006,2.41791,0.899554,0.914293,0.179203,0.177084,-0.085335,-0.0814596,0.16315,0.165043,0.785311,0.783206,0.00683707,-0.0052259,-0.0377591,-0.0382545,-7.93389e-06,0.000332475,-5.96194,-4.80746,2.30199,-0.085335,0.16315,0.785311
18.82,-5.93781,-5.91704,-4.79838,-4.79674,2.30377,2.30237,2.41541,2.42316,0.916841,0.931312,0.178481,0.176387,-0.0852646,-0.0813647,0.16277,0.164643,0.785311,0.783178,0.00724081,-0.00470812,-0.0382398,-0.0387745,-8.03004e-06,0.000306204,-5.93781,-4.79838,2.30377,-0.0852646,0.16277,0.785311
18.83,-5.91363,-5.89304,-4.78912,-4.78739,2.30555,2.30415,2.42075,2.42838,0.934096,0.948298,0.177756,0.175688,-0.0851902,-0.0812699,0.162385,0.164241,0.785311,0.783151,0.00764407,-0.00418832,-0.0387198,-0.0392926,-8.1236e-06,0.000278771,-5.91363,-4.78912,2.30555,-0.0851902,0.162385,0.785311
18.84,-5.88939,-5.86899,-4.77969,-4.77788,2.30733,2.30593,2.42606,2.43359,0.951317,0.965249,0.177031,0.174987,-0.0851117,-0.0811755,0.161996,0.163836,0.78531,0.783126,0.00804684,-0.00366598,-0.0391991,-0.0398078,-8.21459e-06,0.00025031,-5.88939,-4.77969,2.30733,-0.0851117,0.161996,0.78531
18.85,-5.86511,-5.84489,-4.77009,-4.76819,2.3091,2.30771,2.43135,2.43877,0.968505,0.982165,0.176303,0.174283,-0.0850292,-0.0810814,0.161601,0.163429,0.78531,0.783103,0.00844909,-0.00314288,-0.0396776,-0.0403205,-8.30303e-06,0.000221282,-5.86511,-4.77009,2.3091,-0.0850292,0.161601,0.78531
18.86,-5.84077,-5.82074,-4.76032,-4.75834,2.31085,2.30948,2.43662,2.44393,0.985657,0.999046,0.175574,0.173577,-0.0849427,-0.080988,0.161202,0.163019,0.78531,0.783081,0.00885084,-0.00261953,-0.0401554,-0.0408297,-8.38893e-06,0.000191927,-5.84077,-4.76032,2.31085,-0.0849427,0.161202,0.78531
18.87,-5.81637,-5.79654,-4.75038,-4.74832,2.31261,2.31125,2.44187,2.44907,1.00277,1.01589,0.174844,0.172868,-0.0848522,-0.0808953,0.160798,0.162607,0.78531,0.783061,0.00925204,-0.00209597,-0.0406323,-0.0413353,-8.4723e-06,0.000162423,-5.81637,-4.75038,2.31261,-0.0848522,0.160798,0.78531
18.88,-5.79193,-5.77229,-4.74027,-4.73813,2.31435,2.31302,2.44709,2.45418,1.01986,1.0327,0.174112,0.172156,-0.0847577,-0.0808035,0.16039,0.162191,0.78531,0.783043,0.0096527,-0.00157239,-0.0411085,-0.0418354,-8.55317e-06,0.000133291,-5.79193,-4.74027,2.31435,-0.0847577,0.16039,0.78531
18.89,-5.76743,-5.74798,-4.72998,-4.72778,2.31609,2.31478,2.4523,2.45928,1.0369,1.04947,0.173378,0.171441,-0.0846592,-0.0807123,0.159976,0.161773,0.78531,0.783027,0.0100528,-0.00105058,-0.0415838,-0.0423308,-8.63153e-06,0.000104561,-5.76743,-4.72998,2.31609,-0.0846592,0.159976,0.78531
18.9,-5.74288,-5.72363,-4.71953,-4.71726,2.31782,2.31653,2.45748,2.46435,1.05391,1.06621,0.172643,0.170723,-0.0845566,-0.080622,0.159558,0.161352,0.78531,0.783013,0.0104523,-0.00052844,-0.0420583,-0.0428214,-8.70742e-06,7.64877e-05,-5.74288,-4.71953,2.31782,-0.0845566,0.159558,0.78531
18.91,-5.71828,-5.69922,-4.70891,-4.70656,2.31954,2.31829,2.46264,2.4694,1.07088,1.08291,0.171906,0.170002,-0.0844501,-0.0805322,0.159135,0.160928,0.78531,0.783,0.0108513,-9.70066e-06,-0.0425319,-0.0433054,-8.78085e-06,4.95464e-05,-5.71828,-4.70891,2.31954,-0.0844501,0.159135,0.78531
18.92,-5.69363,-5.67476,-4.69811,-4.69571,2.32126,2.32003,2.46777,2.47443,1.08781,1.09958,0.171167,0.169277,-0.0843396,-0.0804429,0.158707,0.1605,0.78531,0.78299,0.0112496,0.000508927,-0.0430047,-0.0437839,-8.85182e-06,2.38717e-05,-5.69363,-4.69811,2.32126,-0.0843396,0.158707,0.78531
18.93,-5.66893,-5.65025,-4.68715,-4.68468,2.32297,2.32178,2.47289,2.47943,1.1047,1.1162,0.170428,0.168551,-0.0842251,-0.080354,0.158275,0.160069,0.78531,0.782981,0.0116474,0.00102485,-0.0434765,-0.0442556,-8.92037e-06,-3.27826e-07,-5.66893,-4.68715,2.32297,-0.0842251,0.158275,0.78531
18.94,-5.64417,-5.62569,-4.67602,-4.67349,2.32467,2.32351,2.47798,2.48442,1.12156,1.13278,0.169686,0.16782,-0.0841067,-0.0802651,0.157838,0.159634,0.78531,0.782975,0.0120445,0.00154006,-0.0439475,-0.0447206,-8.98651e-06,-2.28435e-05,-5.64417,-4.67602,2.32467,-0.0841067,0.157838,0.78531
18.95,-5.61937,-5.60108,-4.66472,-4.66214,2.32636,2.32524,2.48305,2.48938,1.13837,1.14933,0.168943,0.167087,-0.0839842,-0.0801761,0.157396,0.159195,0.785309,0.78297,0.0124409,0.00205179,-0.0444176,-0.0451785,-9.05024e-06,-4.34965e-05,-5.61937,-4.66472,2.32636,-0.0839842,0.157396,0.785309
18.96,-5.59451,-5.57643,-4.65325,-4.65062,2.32804,2.32697,2.4881,2.49431,1.15514,1.16584,0.168199,0.166351,-0.0838579,-0.0800868,0.156949,0.158752,0.785309,0.782966,0.0128368,0.00256117,-0.0448867,-0.0456292,-9.1116e-06,-6.20782e-05,-5.59451,-4.65325,2.32804,-0.0838579,0.156949,0.785309
18.97,-5.56961,-5.55172,-4.64162,-4.63893,2.32972,2.32869,2.49313,2.49923,1.17188,1.1823,0.167453,0.165612,-0.0837275,-0.0799964,0.156498,0.158306,0.785309,0.782964,0.0132319,0.00306891,-0.0453549,-0.0460729,-9.1706e-06,-7.84695e-05,-5.56961,-4.64162,2.32972,-0.0837275,0.156498,0.785309
18.98,-5.54465,-5.52697,-4.62981,-4.62708,2.33139,2.3304,2.49813,2.50412,1.18856,1.19872,0.166705,0.164871,-0.0835932,-0.0799049,0.156042,0.157855,0.785309,0.782963,0.0136264,0.00357404,-0.0458221,-0.0465088,-9.22725e-06,-9.25958e-05,-5.54465,-4.62981,2.33139,-0.0835932,0.156042,0.785309
18.99,-5.51964,-5.50217,-4.61785,-4.61507,2.33306,2.3321,2.50311,2.50899,1.20521,1.2151,0.165956,0.164127,-0.083455,-0.0798119,0.155582,0.1574,0.785309,0.782964,0.0140202,0.00407685,-0.0462883,-0.0469376,-9.28157e-06,-0.000104353,-5.51964,-4.61785,2.33306,-0.083455,0.155582,0.785309
19,-5.49459,-5.47732,-4.60571,-4.6029,2.33471,2.33379,2.50807,2.51384,1.22181,1.23144,0.165206,0.163381,-0.0833128,-0.0797169,0.155117,0.156942,0.785309,0.782966,0.0144133,0.00457852,-0.0467536,-0.0473589,-9.33359e-06,-0.000113696,-5.49459,-4.60571,2.33471,-0.0833128,0.155117,0.785309
19.01,-5.46948,-5.45243,-4.59341,-4.59056,2.33636,2.33548,2.51301,2.51866,1.23837,1.24773,0.164454,0.162633,-0.0831667,-0.0796193,0.154647,0.156478,0.785309,0.782967,0.0148056,0.00507781,-0.0472178,-0.0477733,-9.38331e-06,-0.000120729,-5.46948,-4.59341,2.33636,-0.0831667,0.154647,0.785309
19.02,-5.44433,-5.42749,-4.58094,-4.57806,2.338,2.33716,2.51792,2.52346,1.25489,1.26398,0.1637,0.161883,-0.0830167,-0.0795192,0.154172,0.156011,0.785309,0.78297,0.0151973,0.0055762,-0.047681,-0.0481806,-9.43077e-06,-0.000125095,-5.44433,-4.58094,2.338,-0.0830167,0.154172,0.785309
19.03,-5.41912,-5.4025,-4.56831,-4.5654,2.33964,2.33883,2.52281,2.52824,1.27136,1.28018,0.162945,0.16113,-0.0828628,-0.0794156,0.153693,0.155539,0.785309,0.782973,0.0155882,0.00607366,-0.0481432,-0.0485814,-9.47596e-06,-0.000127271,-5.41912,-4.56831,2.33964,-0.0828628,0.153693,0.785309
19.04,-5.39387,-5.37747,-4.55552,-4.55258,2.34126,2.34048,2.52768,2.533,1.28778,1.29634,0.162189,0.160377,-0.0827049,-0.0793083,0.153209,0.155063,0.785309,0.782976,0.0159783,0.00657017,-0.0486043,-0.0489765,-9.51893e-06,-0.000127062,-5.39387,-4.55552,2.34126,-0.0827049,0.153209,0.785309
19.05,-5.36857,-5.3524,-4.54256,-4.5396,2.34288,2.34213,2.53252,2.53773,1.30416,1.31245,0.161431,0.159622,-0.0825432,-0.079197,0.152721,0.154583,0.785309,0.782978,0.0163677,0.00706612,-0.0490643,-0.0493644,-9.55968e-06,-0.000124633,-5.36857,-4.54256,2.34288,-0.0825432,0.152721,0.785309
19.06,-5.34322,-5.32728,-4.52943,-4.52647,2.34449,2.34377,2.53735,2.54244,1.3205,1.32852,0.160672,0.158865,-0.0823776,-0.0790811,0.152228,0.154099,0.785308,0.782981,0.0167562,0.00756226,-0.0495233,-0.0497482,-9.59823e-06,-0.000119969,-5.34322,-4.52943,2.34449,-0.0823776,0.152228,0.785308
19.07,-5.31782,-5.30212,-4.51615,-4.51317,2.34609,2.34539,2.54215,2.54712,1.33678,1.34453,0.159911,0.158107,-0.0822081,-0.0789601,0.151731,0.153611,0.785308,0.782982,0.017144,0.00805797,-0.0499811,-0.0501264,-9.63461e-06,-0.000113368,-5.31782,-4.51615,2.34609,-0.0822081,0.151731,0.785308
19.08,-5.29238,-5.27691,-4.5027,-4.49972,2.34769,2.34701,2.54693,2.55178,1.35302,1.3605,0.159149,0.157348,-0.0820347,-0.0788339,0.151228,0.153118,0.785308,0.782983,0.017531,0.00855511,-0.0504378,-0.0505003,-9.66883e-06,-0.0001048,-5.29238,-4.5027,2.34769,-0.0820347,0.151228,0.785308
19.09,-5.26688,-5.25166,-4.48909,-4.48611,2.34928,2.34861,2.55168,2.55642,1.36921,1.37643,0.158385,0.156589,-0.0818575,-0.0787021,0.150722,0.152622,0.785308,0.782982,0.0179171,0.00905306,-0.0508934,-0.0508705,-9.70091e-06,-9.45032e-05,-5.26688,-4.48909,2.34928,-0.0818575,0.150722,0.785308
19.1,-5.24134,-5.22637,-4.47531,-4.47235,2.35086,2.3502,2.55641,2.56104,1.38534,1.3923,0.15762,0.155828,-0.0816764,-0.078564,0.150211,0.152122,0.785308,0.78298,0.0183024,0.00955214,-0.0513479,-0.0512374,-9.73087e-06,-8.2761e-05,-5.24134,-4.47531,2.35086,-0.0816764,0.150211,0.785308
19.11,-5.21576,-5.20104,-4.46138,-4.45844,2.35243,2.35178,2.56112,2.56563,1.40143,1.40813,0.156854,0.155067,-0.0814914,-0.0784202,0.149695,0.151618,0.785308,0.782976,0.0186868,0.0100519,-0.0518011,-0.0516007,-9.75873e-06,-6.94394e-05,-5.21576,-4.46138,2.35243,-0.0814914,0.149695,0.785308
19.12,-5.19012,-5.17566,-4.44729,-4.44437,2.35399,2.35335,2.56581,2.5702,1.41747,1.4239,0.156086,0.154305,-0.0813026,-0.0782696,0.149175,0.151111,0.785308,0.78297,0.0190704,0.0105546,-0.0522532,-0.0519629,-9.78451e-06,-5.48512e-05,-5.19012,-4.44729,2.35399,-0.0813026,0.149175,0.785308
19.13,-5.16444,-5.15024,-4.43303,-4.43015,2.35555,2.3549,2.57047,2.57475,1.43346,1.43963,0.155316,0.153543,-0.08111,-0.0781124,0.14865,0.1506,0.785308,0.782962,0.0194531,0.0110584,-0.0527041,-0.0523235,-9.80824e-06,-3.91752e-05,-5.16444,-4.43303,2.35555,-0.08111,0.14865,0.785308
19.14,-5.13871,-5.12477,-4.41862,-4.41577,2.3571,2.35644,2.57511,2.57927,1.4494,1.45531,0.154546,0.15278,-0.0809136,-0.0779483,0.148121,0.150085,0.785308,0.782952,0.0198349,0.0115634,-0.0531538,-0.0526832,-9.82993e-06,-2.27988e-05,-5.13871,-4.41862,2.3571,-0.0809136,0.148121,0.785308
19.15,-5.11294,-5.09927,-4.40404,-4.40125,2.35864,2.35797,2.57972,2.58378,1.46528,1.47094,0.153774,0.152016,-0.0807133,-0.0777775,0.147587,0.149567,0.785308,0.782939,0.0202158,0.01207,-0.0536022,-0.0530433,-9.8496e-06,-5.40912e-06,-5.11294,-4.40404,2.35864,-0.0807133,0.147587,0.785308
19.16,-5.08712,-5.07371,-4.38931,-4.38657,2.36017,2.35949,2.58432,2.58825,1.48112,1.48652,0.153,0.151251,-0.0805093,-0.0775998,0.147048,0.149045,0.785308,0.782924,0.0205957,0.0125784,-0.0540494,-0.0534024,-9.86728e-06,1.24127e-05,-5.08712,-4.38931,2.36017,-0.0805093,0.147048,0.785308
19.17,-5.06125,-5.04812,-4.37442,-4.37174,2.3617,2.36099,2.58889,2.59271,1.4969,1.50206,0.152225,0.150486,-0.0803014,-0.0774151,0.146506,0.14852,0.785307,0.782906,0.0209748,0.0130891,-0.0544953,-0.0537632,-9.88297e-06,3.05176e-05,-5.06125,-4.37442,2.3617,-0.0803014,0.146506,0.785307
19.18,-5.03534,-5.02248,-4.35937,-4.35676,2.36322,2.36248,2.59343,2.59714,1.51262,1.51754,0.151449,0.149721,-0.0800898,-0.0772234,0.145959,0.147992,0.785307,0.782885,0.0213528,0.0136003,-0.05494,-0.0541248,-9.89672e-06,4.91142e-05,-5.03534,-4.35937,2.36322,-0.0800898,0.145959,0.785307
19.19,-5.00938,-4.9968,-4.34417,-4.34163,2.36473,2.36396,2.59796,2.60155,1.52829,1.53297,0.150671,0.148954,-0.0798744,-0.0770249,0.145407,0.14746,0.785307,0.782862,0.0217299,0.014112,-0.0553833,-0.0544883,-9.90852e-06,6.77705e-05,-5.00938,-4.34417,2.36473,-0.0798744,0.145407,0.785307
19.2,-4.98338,-4.97108,-4.32881,-4.32634,2.36623,2.36543,2.60246,2.60593,1.54391,1.54836,0.149893,0.148187,-0.0796552,-0.0768199,0.144851,0.146925,0.785307,0.782835,0.022106,0.0146243,-0.0558253,-0.0548536,-9.91842e-06,8.65608e-05,-4.98338,-4.32881,2.36623,-0.0796552,0.144851,0.785307
19.21,-4.95733,-4.94531,-4.31329,-4.31092,2.36773,2.36689,2.60693,2.61029,1.55947,1.56369,0.149112,0.147419,-0.0794322,-0.0766083,0.14429,0.146386,0.785307,0.782806,0.0224812,0.0151365,-0.056266,-0.0552211,-9.92642e-06,0.000105128,-4.95733,-4.31329,2.36773,-0.0794322,0.14429,0.785307
19.22,-4.93124,-4.9195,-4.29762,-4.29533,2.36921,2.36834,2.61139,2.61463,1.57498,1.57898,0.148331,0.14665,-0.0792056,-0.0763905,0.143726,0.145844,0.785307,0.782774,0.0228553,0.0156474,-0.0567054,-0.0555914,-9.93255e-06,0.000123739,-4.93124,-4.29762,2.36921,-0.0792056,0.143726,0.785307
19.23,-4.90511,-4.89364,-4.28179,-4.2796,2.37069,2.36977,2.61582,2.61895,1.59043,1.59422,0.147548,0.14588,-0.0789751,-0.0761667,0.143156,0.145298,0.785307,0.782739,0.0232284,0.0161582,-0.0571434,-0.0559634,-9.93683e-06,0.000141919,-4.90511,-4.28179,2.37069,-0.0789751,0.143156,0.785307
19.24,-4.87893,-4.86774,-4.26581,-4.26372,2.37217,2.3712,2.62022,2.62324,1.60582,1.6094,0.146763,0.145109,-0.078741,-0.0759369,0.142583,0.144748,0.785307,0.782701,0.0236004,0.0166666,-0.05758,-0.056339,-9.93928e-06,0.00015983,-4.87893,-4.26581,2.37217,-0.078741,0.142583,0.785307
19.25,-4.8527,-4.8418,-4.24967,-4.24769,2.37363,2.37261,2.62461,2.62751,1.62115,1.62454,0.145978,0.144337,-0.0785031,-0.0757019,0.142005,0.144195,0.785307,0.782661,0.0239714,0.0171729,-0.0580153,-0.0567162,-9.93992e-06,0.000177264,-4.8527,-4.24967,2.37363,-0.0785031,0.142005,0.785307
19.26,-4.82643,-4.81581,-4.23339,-4.23151,2.37508,2.37402,2.62897,2.63175,1.63643,1.63962,0.145191,0.143563,-0.0782616,-0.0754616,0.141422,0.143638,0.785307,0.782618,0.0243413,0.0176753,-0.0584491,-0.0570964,-9.93878e-06,0.000194356,-4.82643,-4.23339,2.37508,-0.0782616,0.141422,0.785307
19.27,-4.80012,-4.78978,-4.21695,-4.21518,2.37653,2.37541,2.6333,2.63597,1.65165,1.65465,0.144403,0.142789,-0.0780163,-0.0752165,0.140836,0.143076,0.785306,0.782573,0.0247102,0.0181743,-0.0588815,-0.057479,-9.93587e-06,0.000210956,-4.80012,-4.21695,2.37653,-0.0780163,0.140836,0.785306
19.28,-4.77377,-4.7637,-4.20035,-4.1987,2.37797,2.3768,2.63761,2.64017,1.66681,1.66964,0.143613,0.142012,-0.0777674,-0.074967,0.140245,0.14251,0.785306,0.782526,0.0250779,0.0186686,-0.0593124,-0.0578636,-9.93122e-06,0.000227109,-4.77377,-4.20035,2.37797,-0.0777674,0.140245,0.785306
19.29,-4.74737,-4.73758,-4.18361,-4.18206,2.37941,2.37818,2.6419,2.64435,1.6819,1.68456,0.142822,0.141234,-0.0775148,-0.0747138,0.13965,0.141941,0.785306,0.782477,0.0254446,0.019158,-0.0597419,-0.0582498,-9.92485e-06,0.000242561,-4.74737,-4.18361,2.37941,-0.0775148,0.13965,0.785306
19.3,-4.72093,-4.71141,-4.16672,-4.16529,2.38083,2.37955,2.64617,2.6485,1.69694,1.69943,0.14203,0.140455,-0.0772585,-0.0744566,0.13905,0.141366,0.785306,0.782426,0.0258101,0.0196414,-0.0601699,-0.0586373,-9.91678e-06,0.000257522,-4.72093,-4.16672,2.38083,-0.0772585,0.13905,0.785306
19.31,-4.69445,-4.6852,-4.14967,-4.14835,2.38225,2.38092,2.65041,2.65263,1.71192,1.71425,0.141237,0.139675,-0.0769986,-0.074196,0.138446,0.140788,0.785306,0.782373,0.0261744,0.0201181,-0.0605965,-0.0590262,-9.90702e-06,0.000271931,-4.69445,-4.14967,2.38225,-0.0769986,0.138446,0.785306
19.32,-4.66792,-4.65894,-4.13248,-4.13127,2.38365,2.38228,2.65462,2.65674,1.72684,1.72902,0.140442,0.138892,-0.076735,-0.0739323,0.137838,0.140204,0.785306,0.782319,0.0265376,0.0205889,-0.0610215,-0.0594155,-9.89562e-06,0.00028567,-4.66792,-4.13248,2.38365,-0.076735,0.137838,0.785306
19.33,-4.64136,-4.63263,-4.11514,-4.11404,2.38505,2.38363,2.65882,2.66082,1.74169,1.74372,0.139646,0.138108,-0.0764678,-0.073666,0.137226,0.139616,0.785306,0.782264,0.0268997,0.0210529,-0.061445,-0.0598048,-9.88258e-06,0.000298649,-4.64136,-4.11514,2.38505,-0.0764678,0.137226,0.785306
19.34,-4.61475,-4.60629,-4.09764,-4.09666,2.38645,2.38498,2.66299,2.66488,1.75648,1.75838,0.138849,0.137323,-0.076197,-0.0733973,0.136609,0.139023,0.785306,0.782208,0.0272605,0.0215084,-0.0618669,-0.0601937,-9.86792e-06,0.000311151,-4.61475,-4.09764,2.38645,-0.076197,0.136609,0.785306
19.35,-4.5881,-4.57989,-4.08001,-4.07913,2.38783,2.38632,2.66713,2.66892,1.77121,1.77297,0.138051,0.136536,-0.0759226,-0.0731264,0.135988,0.138425,0.785306,0.782152,0.0276202,0.0219564,-0.0622873,-0.060582,-9.85168e-06,0.000322878,-4.5881,-4.08001,2.38783,-0.0759226,0.135988,0.785306
19.36,-4.5614,-4.55345,-4.06222,-4.06145,2.38921,2.38765,2.67125,2.67294,1.78587,1.7875,0.137251,0.135748,-0.0756446,-0.0728539,0.135363,0.137822,0.785306,0.782096,0.0279787,0.0223967,-0.0627062,-0.0609679,-9.83387e-06,0.000333756,-4.5614,-4.06222,2.38921,-0.0756446,0.135363,0.785306
19.37,-4.53467,-4.52696,-4.04429,-4.04362,2.39058,2.38899,2.67535,2.67694,1.80047,1.80197,0.13645,0.134958,-0.075363,-0.0725796,0.134734,0.137214,0.785305,0.78204,0.0283359,0.0228306,-0.0631234,-0.0613528,-9.81451e-06,0.000343904,-4.53467,-4.04429,2.39058,-0.075363,0.134734,0.785305
19.38,-4.5079,-4.50044,-4.02621,-4.02565,2.39194,2.39031,2.67942,2.68091,1.81501,1.81638,0.135648,0.134167,-0.0750779,-0.072304,0.134101,0.136601,0.785305,0.781984,0.0286918,0.0232553,-0.063539,-0.0617341,-9.79362e-06,0.000353217,-4.5079,-4.02621,2.39194,-0.0750779,0.134101,0.785305
19.39,-4.48108,-4.47387,-4.00799,-4.00752,2.39329,2.39164,2.68347,2.68487,1.82948,1.83072,0.134845,0.133373,-0.0747892,-0.072027,0.133463,0.135982,0.785305,0.781929,0.0290465,0.0236724,-0.063953,-0.0621123,-9.77123e-06,0.000361532,-4.48108,-4.00799,2.39329,-0.0747892,0.133463,0.785305
19.4,-4.45423,-4.44725,-3.98962,-3.98925,2.39463,2.39296,2.6875,2.6888,1.84388,1.845,0.13404,0.132579,-0.074497,-0.0717489,0.132822,0.135359,0.785305,0.781875,0.0294,0.0240821,-0.0643654,-0.062487,-9.74736e-06,0.000368997,-4.45423,-3.98962,2.39463,-0.074497,0.132822,0.785305
19.41,-4.42733,-4.42058,-3.97111,-3.97083,2.39597,2.39427,2.6915,2.69271,1.85822,1.85922,0.133234,0.131783,-0.0742012,-0.0714699,0.132176,0.134731,0.785305,0.781823,0.0297521,0.024486,-0.0647761,-0.062858,-9.72203e-06,0.000375479,-4.42733,-3.97111,2.39597,-0.0742012,0.132176,0.785305
19.42,-4.4004,-4.39388,-3.95246,-3.95227,2.3973,2.39558,2.69548,2.6966,1.8725,1.87337,0.132427,0.130984,-0.0739019,-0.0711897,0.131526,0.134097,0.785305,0.781772,0.030103,0.0248828,-0.0651852,-0.0632236,-9.69527e-06,0.000380665,-4.4004,-3.95246,2.3973,-0.0739019,0.131526,0.785305
19.43,-4.37342,-4.36713,-3.93366,-3.93357,2.39862,2.39689,2.69943,2.70048,1.8867,1.88745,0.131619,0.130185,-0.0735992,-0.0709088,0.130872,0.133458,0.785305,0.781723,0.0304525,0.0252734,-0.0655925,-0.0635845,-9.66709e-06,0.000384822,-4.37342,-3.93366,2.39862,-0.0735992,0.130872,0.785305
19.44,-4.34641,-4.34034,-3.91472,-3.91472,2.39993,2.39819,2.70336,2.70433,1.90084,1.90146,0.13081,0.129384,-0.0732929,-0.0706269,0.130215,0.132815,0.785305,0.781676,0.0308007,0.0256598,-0.0659982,-0.0639405,-9.63751e-06,0.000387534,-4.34641,-3.91472,2.39993,-0.0732929,0.130215,0.785305
19.45,-4.31936,-4.31351,-3.89564,-3.89572,2.40123,2.39949,2.70726,2.70816,1.91491,1.91541,0.129999,0.12858,-0.0729831,-0.0703439,0.129553,0.132167,0.785305,0.781633,0.0311475,0.0260409,-0.0664021,-0.0642911,-9.60656e-06,0.000388905,-4.31936,-3.89564,2.40123,-0.0729831,0.129553,0.785305
19.46,-4.29226,-4.28665,-3.87643,-3.8766,2.40253,2.40078,2.71114,2.71197,1.92891,1.92927,0.129188,0.127775,-0.0726699,-0.0700602,0.128886,0.131514,0.785305,0.781591,0.031493,0.0264189,-0.0668043,-0.064635,-9.57427e-06,0.000388682,-4.29226,-3.87643,2.40253,-0.0726699,0.128886,0.785305
19.47,-4.26513,-4.25974,-3.85707,-3.85733,2.40382,2.40207,2.71499,2.71576,1.94284,1.94307,0.128375,0.126968,-0.0723533,-0.0697753,0.128216,0.130856,0.785304,0.781553,0.0318371,0.0267946,-0.0672047,-0.0649742,-9.54064e-06,0.000387132,-4.26513,-3.85707,2.40382,-0.0723533,0.128216,0.785304
19.48,-4.23796,-4.23278,-3.83757,-3.83792,2.4051,2.40336,2.71883,2.71953,1.9567,1.9568,0.127561,0.126159,-0.0720332,-0.0694891,0.127542,0.130193,0.785304,0.781518,0.0321798,0.0271666,-0.0676034,-0.0653067,-9.50571e-06,0.000383735,-4.23796,-3.83757,2.4051,-0.0720332,0.127542,0.785304
19.49,-4.21076,-4.2058,-3.81793,-3.81838,2.40637,2.40464,2.72263,2.72327,1.97049,1.97046,0.126746,0.125347,-0.0717097,-0.0692015,0.126864,0.129526,0.785304,0.781486,0.0325211,0.0275377,-0.0680003,-0.0656336,-9.4695e-06,0.000378743,-4.21076,-3.81793,2.40637,-0.0717097,0.126864,0.785304
19.5,-4.18351,-4.17877,-3.79816,-3.7987,2.40763,2.40591,2.72641,2.727,1.98421,1.98404,0.125929,0.124533,-0.0713828,-0.0689126,0.126182,0.128854,0.785304,0.781458,0.0328609,0.0279085,-0.0683953,-0.0659552,-9.43202e-06,0.000371814,-4.18351,-3.79816,2.40763,-0.0713828,0.126182,0.785304
19.51,-4.15623,-4.15171,-3.77825,-3.77889,2.40889,2.40718,2.73017,2.7307,1.99786,1.99755,0.125112,0.123717,-0.0710525,-0.0686218,0.125496,0.128177,0.785304,0.781433,0.0331994,0.0282795,-0.0687886,-0.0662708,-9.3933e-06,0.000362918,-4.15623,-3.77825,2.40889,-0.0710525,0.125496,0.785304
19.52,-4.12891,-4.12461,-3.7582,-3.75894,2.41014,2.40844,2.7339,2.73438,2.01143,2.01099,0.124293,0.122897,-0.0707188,-0.0683293,0.124807,0.127496,0.785304,0.781412,0.0335363,0.028651,-0.06918,-0.0665813,-9.35337e-06,0.000352368,-4.12891,-3.7582,2.41014,-0.0707188,0.124807,0.785304
19.53,-4.10155,-4.09748,-3.73802,-3.73887,2.41137,2.40969,2.73761,2.73804,2.02494,2.02435,0.123474,0.122076,-0.0703818,-0.0680346,0.124113,0.126811,0.785304,0.781395,0.0338718,0.029023,-0.0695696,-0.0668862,-9.31224e-06,0.000339851,-4.10155,-3.73802,2.41137,-0.0703818,0.124113,0.785304
19.54,-4.07416,-4.0703,-3.7177,-3.71867,2.41261,2.41094,2.74129,2.74168,2.03837,2.03764,0.122653,0.121251,-0.0700414,-0.0677377,0.123415,0.126121,0.785304,0.78138,0.0342058,0.0293972,-0.0699573,-0.067187,-9.26993e-06,0.000325337,-4.07416,-3.7177,2.41261,-0.0700414,0.123415,0.785304
19.55,-4.04672,-4.04311,-3.69725,-3.69834,2.41383,2.41218,2.74495,2.74529,2.05173,2.05085,0.121831,0.120424,-0.0696977,-0.0674383,0.122714,0.125426,0.785304,0.78137,0.0345384,0.0297734,-0.0703431,-0.0674822,-9.22646e-06,0.00030911,-4.04672,-3.69725,2.41383,-0.0696977,0.122714,0.785304
19.56,-4.01926,-4.01587,-3.67667,-3.67789,2.41504,2.41341,2.74859,2.74888,2.06501,2.06399,0.121008,0.119595,-0.0693506,-0.067136,0.122008,0.124727,0.785304,0.781362,0.0348693,0.0301516,-0.0707271,-0.0677748,-9.18187e-06,0.00029096,-4.01926,-3.67667,2.41504,-0.0693506,0.122008,0.785304
19.57,-3.99175,-3.9886,-3.65595,-3.65731,2.41625,2.41463,2.7522,2.75244,2.07822,2.07706,0.120184,0.118762,-0.0690003,-0.0668308,0.121299,0.124023,0.785304,0.781358,0.0351988,0.0305324,-0.071109,-0.0680628,-9.13616e-06,0.000271082,-3.99175,-3.65595,2.41625,-0.0690003,0.121299,0.785304
19.58,-3.96421,-3.9613,-3.63511,-3.6366,2.41745,2.41584,2.75578,2.75598,2.09136,2.09006,0.119359,0.117927,-0.0686466,-0.0665223,0.120586,0.123314,0.785303,0.781355,0.0355267,0.0309161,-0.0714891,-0.0683485,-9.08937e-06,0.000249818,-3.96421,-3.63511,2.41745,-0.0686466,0.120586,0.785303
19.59,-3.93664,-3.93396,-3.61413,-3.61578,2.41863,2.41704,2.75934,2.75949,2.10442,2.10298,0.118532,0.117091,-0.0682897,-0.0662103,0.119869,0.1226,0.785303,0.781356,0.0358531,0.0313013,-0.0718672,-0.068631,-9.0415e-06,0.0002269,-3.93664,-3.61413,2.41863,-0.0682897,0.119869,0.785303
19.6,-3.90903,-3.90659,-3.59302,-3.59483,2.41982,2.41824,2.76288,2.76298,2.1174,2.11583,0.117705,0.116251,-0.0679296,-0.0658942,0.119149,0.121882,0.785303,0.781358,0.0361778,0.0316886,-0.0722434,-0.0689121,-8.99259e-06,0.000202894,-3.90903,-3.59302,2.41982,-0.0679296,0.119149,0.785303
19.61,-3.88138,-3.87919,-3.57178,-3.57376,2.42099,2.41942,2.76639,2.76643,2.13031,2.12862,0.116877,0.11541,-0.0675662,-0.0655741,0.118425,0.121158,0.785303,0.781362,0.036501,0.0320778,-0.0726176,-0.069191,-8.94266e-06,0.000177786,-3.88138,-3.57178,2.42099,-0.0675662,0.118425,0.785303
19.62,-3.8537,-3.85175,-3.55041,-3.55256,2.42215,2.4206,2.76987,2.76987,2.14314,2.14132,0.116047,0.114568,-0.0671996,-0.06525,0.117697,0.12043,0.785303,0.781367,0.0368226,0.0324687,-0.0729897,-0.0694691,-8.89172e-06,0.000151873,-3.8537,-3.55041,2.42215,-0.0671996,0.117697,0.785303
19.63,-3.82598,-3.82429,-3.52892,-3.53126,2.42331,2.42176,2.77333,2.77327,2.1559,2.15396,0.115217,0.113724,-0.0668297,-0.0649212,0.116965,0.119696,0.785303,0.781373,0.0371425,0.0328602,-0.0733599,-0.0697468,-8.83979e-06,0.000125512,-3.82598,-3.52892,2.42331,-0.0668297,0.116965,0.785303
19.64,-3.79823,-3.79678,-3.50729,-3.50982,2.42446,2.42292,2.77677,2.77665,2.16858,2.16653,0.114385,0.112879,-0.0664567,-0.0645874,0.116229,0.118957,0.785303,0.781379,0.0374608,0.0332515,-0.073728,-0.0700242,-8.78691e-06,9.86606e-05,-3.79823,-3.50729,2.42446,-0.0664567,0.116229,0.785303
19.65,-3.77045,-3.76925,-3.48555,-3.48827,2.4256,2.42407,2.78018,2.78,2.18118,2.17902,0.113553,0.112034,-0.0660805,-0.0642486,0.11549,0.118212,0.785303,0.781386,0.0377774,0.0336423,-0.0740941,-0.0703021,-8.73308e-06,7.19577e-05,-3.77045,-3.48555,2.4256,-0.0660805,0.11549,0.785303
19.66,-3.74263,-3.74167,-3.46367,-3.4666,2.42673,2.4252,2.78356,2.78333,2.1937,2.19145,0.112719,0.111188,-0.0657012,-0.0639042,0.114747,0.117462,0.785303,0.781391,0.0380924,0.0340323,-0.0744581,-0.0705797,-8.67833e-06,4.54485e-05,-3.74263,-3.46367,2.42673,-0.0657012,0.114747,0.785303
19.67,-3.71478,-3.71407,-3.44167,-3.44481,2.42785,2.42633,2.78692,2.78663,2.20614,2.2038,0.111885,0.110343,-0.0653187,-0.0635545,0.114001,0.116707,0.785303,0.781396,0.0384057,0.0344206,-0.07482,-0.0708595,-8.62269e-06,1.94311e-05,-3.71478,-3.44167,2.42785,-0.0653187,0.114001,0.785303
19.68,-3.68689,-3.68642,-3.41955,-3.42289,2.42897,2.42745,2.79026,2.78991,2.2185,2.21608,0.111049,0.109498,-0.0649331,-0.0631989,0.113251,0.115946,0.785303,0.7814,0.0387173,0.0348052,-0.0751799,-0.0711393,-8.56616e-06,-5.63264e-06,-3.68689,-3.41955,2.42897,-0.0649331,0.113251,0.785303
19.69,-3.65897,-3.65874,-3.3973,-3.40086,2.43007,2.42856,2.79357,2.79315,2.23079,2.22829,0.110213,0.108653,-0.0645444,-0.0628376,0.112497,0.115179,0.785302,0.781403,0.0390271,0.0351873,-0.0755376,-0.0714207,-8.50878e-06,-2.97427e-05,-3.65897,-3.3973,2.43007,-0.0645444,0.112497,0.785302
19.7,-3.63102,-3.63103,-3.37493,-3.37871,2.43117,2.42966,2.79685,2.79638,2.24299,2.24043,0.109375,0.10781,-0.0641525,-0.0624701,0.11174,0.114408,0.785302,0.781403,0.0393353,0.0355655,-0.0758932,-0.0717037,-8.45055e-06,-5.24819e-05,-3.63102,-3.37493,2.43117,-0.0641525,0.11174,0.785302
19.71,-3.60303,-3.60328,-3.35244,-3.35644,2.43226,2.43075,2.80011,2.79958,2.25511,2.25249,0.108536,0.106968,-0.0637577,-0.0620968,0.11098,0.11363,0.785302,0.781402,0.0396417,0.0359374,-0.0762466,-0.0719881,-8.39151e-06,-7.37458e-05,-3.60303,-3.35244,2.43226,-0.0637577,0.11098,0.785302
19.72,-3.57502,-3.57549,-3.32983,-3.33404,2.43334,2.43184,2.80335,2.80276,2.26715,2.26448,0.107697,0.106127,-0.0633597,-0.061717,0.110215,0.112848,0.785302,0.781399,0.0399463,0.036306,-0.0765979,-0.0722747,-8.33168e-06,-9.35346e-05,-3.57502,-3.32983,2.43334,-0.0633597,0.110215,0.785302
19.73,-3.54697,-3.54767,-3.3071,-3.31153,2.43441,2.43292,2.80656,2.80591,2.27911,2.27639,0.106856,0.105287,-0.0629587,-0.0613314,0.109448,0.11206,0.785302,0.781394,0.0402491,0.0366677,-0.076947,-0.0725623,-8.27106e-06,-0.000111476,-3.54697,-3.3071,2.43441,-0.0629587,0.109448,0.785302
19.74,-3.51889,-3.5198,-3.28425,-3.28889,2.43548,2.43399,2.80974,2.80904,2.29099,2.28822,0.106015,0.104449,-0.0625547,-0.0609395,0.108676,0.111268,0.785302,0.781387,0.0405502,0.0370234,-0.077294,-0.0728506,-8.20969e-06,-0.000127584,-3.51889,-3.28425,2.43548,-0.0625547,0.108676,0.785302
19.75,-3.49077,-3.49191,-3.26128,-3.26613,2.43653,2.43505,2.8129,2.81215,2.30278,2.29997,0.105173,0.103612,-0.0621477,-0.0605421,0.107902,0.11047,0.785302,0.781378,0.0408494,0.0373727,-0.0776387,-0.0731403,-8.14758e-06,-0.000141814,-3.49077,-3.26128,2.43653,-0.0621477,0.107902,0.785302
19.76,-3.46263,-3.46397,-3.23819,-3.24326,2.43758,2.43611,2.81603,2.81524,2.3145,2.31164,0.104329,0.102776,-0.0617378,-0.0601388,0.107124,0.109669,0.785302,0.781367,0.0411468,0.0377158,-0.0779812,-0.0734309,-8.08476e-06,-0.000154287,-3.46263,-3.23819,2.43758,-0.0617378,0.107124,0.785302
19.77,-3.43445,-3.436,-3.21499,-3.22026,2.43862,2.43716,2.81914,2.81831,2.32613,2.32323,0.103485,0.10194,-0.0613248,-0.0597303,0.106342,0.108863,0.785302,0.781355,0.0414424,0.0380519,-0.0783214,-0.0737217,-8.02124e-06,-0.000164866,-3.43445,-3.21499,2.43862,-0.0613248,0.106342,0.785302
19.78,-3.40625,-3.408,-3.19167,-3.19715,2.43965,2.43821,2.82222,2.82136,2.33767,2.33473,0.10264,0.101105,-0.0609089,-0.0593165,0.105557,0.108053,0.785302,0.781341,0.0417361,0.0383811,-0.0786594,-0.0740127,-7.95704e-06,-0.000173792,-3.40625,-3.19167,2.43965,-0.0609089,0.105557,0.785302
19.79,-3.37801,-3.37996,-3.16824,-3.17391,2.44067,2.43926,2.82528,2.82438,2.34913,2.34615,0.101794,0.10027,-0.0604901,-0.058898,0.104769,0.107239,0.785302,0.781327,0.0420279,0.0387031,-0.0789951,-0.0743037,-7.89218e-06,-0.000181139,-3.37801,-3.16824,2.44067,-0.0604901,0.104769,0.785302
19.8,-3.34974,-3.35189,-3.14469,-3.15056,2.44169,2.4403,2.82831,2.82739,2.36051,2.35748,0.100947,0.0994348,-0.0600684,-0.0584754,0.103977,0.106423,0.785302,0.781312,0.0423179,0.0390181,-0.0793286,-0.0745941,-7.82668e-06,-0.000187069,-3.34974,-3.14469,2.44169,-0.0600684,0.103977,0.785302
19.81,-3.32144,-3.32378,-3.12103,-3.1271,2.44269,2.44133,2.83132,2.83039,2.3718,2.36873,0.100099,0.0985984,-0.0596437,-0.058049,0.103182,0.105603,0.785302,0.781297,0.0426059,0.0393269,-0.0796597,-0.0748831,-7.76057e-06,-0.000191882,-3.32144,-3.12103,2.44269,-0.0596437,0.103182,0.785302
19.82,-3.29311,-3.29564,-3.09725,-3.10351,2.44369,2.44236,2.8343,2.83336,2.38301,2.37988,0.0992497,0.0977607,-0.0592162,-0.0576193,0.102384,0.104781,0.785301,0.781282,0.0428921,0.0396288,-0.0799885,-0.0751713,-7.69385e-06,-0.000195786,-3.29311,-3.09725,2.44369,-0.0592162,0.102384,0.785301
19.83,-3.26476,-3.26748,-3.07337,-3.07981,2.44468,2.44339,2.83726,2.83631,2.39413,2.39095,0.0983999,0.0969207,-0.0587859,-0.0571868,0.101583,0.103957,0.785301,0.781267,0.0431763,0.0399244,-0.080315,-0.0754581,-7.62656e-06,-0.000198945,-3.26476,-3.07337,2.44468,-0.0587859,0.101583,0.785301
19.84,-3.23637,-3.23928,-3.04937,-3.056,2.44566,2.44441,2.84019,2.83925,2.40516,2.40192,0.0975492,0.0960785,-0.0583527,-0.0567523,0.100778,0.103131,0.785301,0.781254,0.0434586,0.0402137,-0.0806392,-0.0757429,-7.5587e-06,-0.000201806,-3.23637,-3.04937,2.44566,-0.0583527,0.100778,0.785301
19.85,-3.20795,-3.21105,-3.02526,-3.03207,2.44663,2.44544,2.84309,2.84216,2.41611,2.4128,0.0966977,0.095233,-0.0579167,-0.0563164,0.0999699,0.102303,0.785301,0.781242,0.0437388,0.0404973,-0.0809609,-0.0760251,-7.4903e-06,-0.000204384,-3.20795,-3.02526,2.44663,-0.0579167,0.0999699,0.785301
19.86,-3.17951,-3.18279,-3.00105,-3.00804,2.44759,2.44645,2.84597,2.84506,2.42697,2.42359,0.0958453,0.0943841,-0.057478,-0.0558797,0.0991587,0.101474,0.785301,0.781232,0.0440172,0.0407762,-0.0812803,-0.076305,-7.42138e-06,-0.000206977,-3.17951,-3.00105,2.44759,-0.057478,0.0991587,0.785301
19.87,-3.15103,-3.15451,-2.97673,-2.98389,2.44855,2.44747,2.84882,2.84794,2.43774,2.43429,0.0949921,0.0935313,-0.0570364,-0.0554428,0.0983443,0.100645,0.785301,0.781225,0.0442935,0.0410483,-0.0815973,-0.0765831,-7.35194e-06,-0.000209942,-3.15103,-2.97673,2.44855,-0.0570364,0.0983443,0.785301
19.88,-3.12253,-3.1262,-2.95229,-2.95965,2.44949,2.44848,2.85165,2.8508,2.44843,2.44489,0.0941379,0.0926741,-0.0565921,-0.0550067,0.0975268,0.0998145,0.785301,0.781219,0.0445678,0.0413165,-0.0819119,-0.0768582,-7.28203e-06,-0.000213325,-3.12253,-2.95229,2.44949,-0.0565921,0.0975268,0.785301
19.89,-3.094,-3.09787,-2.92776,-2.93529,2.45043,2.44948,2.85445,2.85364,2.45902,2.4554,0.093283,0.0918125,-0.0561451,-0.0545712,0.0967061,0.0989836,0.785301,0.781217,0.0448401,0.0415786,-0.0822241,-0.0771305,-7.21164e-06,-0.000217587,-3.094,-2.92776,2.45043,-0.0561451,0.0967061,0.785301
19.9,-3.06544,-3.0695,-2.90311,-2.91083,2.45136,2.45049,2.85723,2.85646,2.46953,2.46582,0.0924272,0.0909452,-0.0556953,-0.054138,0.0958823,0.0981527,0.785301,0.781217,0.0451104,0.0418364,-0.0825338,-0.0774004,-7.1408e-06,-0.000223055,-3.06544,-2.90311,2.45136,-0.0556953,0.0958823,0.785301
19.91,-3.03686,-3.04112,-2.87837,-2.88627,2.45228,2.45148,2.85998,2.85926,2.47995,2.47615,0.0915705,0.0900737,-0.0552429,-0.0537067,0.0950554,0.0973216,0.785301,0.781221,0.0453786,0.04209,-0.082841,-0.077668,-7.06953e-06,-0.00022921,-3.03686,-2.87837,2.45228,-0.0552429,0.0950554,0.785301
19.92,-3.00824,-3.01271,-2.85352,-2.86161,2.45319,2.45248,2.8627,2.86204,2.49028,2.48639,0.0907131,0.0891967,-0.0547877,-0.0532783,0.0942255,0.0964904,0.785301,0.781227,0.0456447,0.042338,-0.0831458,-0.0779335,-6.99785e-06,-0.000236794,-3.00824,-2.85352,2.45319,-0.0547877,0.0942255,0.785301
19.93,-2.9796,-2.98427,-2.82856,-2.83685,2.45409,2.45346,2.8654,2.86479,2.50052,2.49653,0.0898548,0.0883155,-0.05433,-0.0528531,0.0933925,0.0956595,0.785301,0.781237,0.0459088,0.0425828,-0.0834481,-0.0781972,-6.92577e-06,-0.000245571,-2.9796,-2.82856,2.45409,-0.05433,0.0933925,0.785301
19.94,-2.95093,-2.95581,-2.80351,-2.812,2.45499,2.45444,2.86807,2.86753,2.51068,2.50659,0.0889957,0.0874288,-0.0538696,-0.0524313,0.0925565,0.0948286,0.785301,0.781249,0.0461707,0.0428226,-0.0837479,-0.0784592,-6.85331e-06,-0.000255674,-2.95093,-2.80351,2.45499,-0.0538696,0.0925565,0.785301
19.95,-2.92224,-2.92733,-2.77835,-2.78705,2.45587,2.45542,2.87072,2.87024,2.52074,2.51656,0.0881358,0.0865375,-0.0534066,-0.0520133,0.0917176,0.093998,0.7853,0.781265,0.0464306,0.043058,-0.0840452,-0.0787201,-6.78048e-06,-0.000267029,-2.92224,-2.77835,2.45587,-0.0534066,0.0917176,0.7853
19.96,-2.89352,-2.89883,-2.75309,-2.76201,2.45675,2.45639,2.87334,2.87293,2.53071,2.52644,0.0872751,0.0856423,-0.052941,-0.0515992,0.0908756,0.0931672,0.7853,0.781283,0.0466883,0.0432887,-0.08434,-0.0789792,-6.70732e-06,-0.000279665,-2.89352,-2.75309,2.45675,-0.052941,0.0908756,0.7853
19.97,-2.86477,-2.8703,-2.72773,-2.73688,2.45762,2.45735,2.87593,2.87559,2.54058,2.53624,0.0864137,0.084743,-0.0524728,-0.0511893,0.0900308,0.0923366,0.7853,0.781303,0.0469439,0.0435149,-0.0846322,-0.0792384,-6.63382e-06,-0.000293642,-2.86477,-2.72773,2.45762,-0.0524728,0.0900308,0.7853
19.98,-2.836,-2.84174,-2.70228,-2.71165,2.45848,2.4583,2.8785,2.87823,2.55037,2.54594,0.0855514,0.0838407,-0.0520021,-0.0507832,0.089183,0.0915057,0.7853,0.781325,0.0471973,0.0437378,-0.0849219,-0.079498,-6.56002e-06,-0.000308692,-2.836,-2.70228,2.45848,-0.0520021,0.089183,0.7853
19.99,-2.8072,-2.81316,-2.67673,-2.68633,2.45933,2.45924,2.88105,2.88085,2.56007,2.55557,0.0846884,0.0829349,-0.0515289,-0.0503808,0.0883323,0.0906745,0.7853,0.781349,0.0474485,0.0439559,-0.085209,-0.0797572,-6.48592e-06,-0.000324637,-2.8072,-2.67673,2.45933,-0.0515289,0.0883323,0.7853
20,-2.77838,-2.78455,-2.65108,-2.66093,2.46017,2.46018,2.88356,2.88344,2.56967,2.56511,0.0838246,0.0820273,-0.0510531,-0.049982,0.0874788,0.0898428,0.7853,0.781374,0.0476976,0.0441692,-0.0854935,-0.0800178,-6.41154e-06,-0.00034143,-2.77838,-2.65108,2.46017,-0.0510531,0.0874788,0.7853
20.01,-2.74953,-2.75592,-2.62533,-2.63543,2.461,2.4611,2.88606,2.88601,2.57918,2.57457,0.0829601,0.081118,-0.0505749,-0.0495864,0.0866225,0.0890104,0.7853,0.7814,0.0479445,0.0443795,-0.0857753,-0.0802787,-6.33691e-06,-0.000358835,-2.74953,-2.62533,2.461,-0.0505749,0.0866225,0.7853
20.02,-2.72066,-2.72725,-2.5995,-2.60984,2.46183,2.46201,2.88852,2.88855,2.5886,2.58395,0.0820948,0.0802075,-0.0500943,-0.0491934,0.0857633,0.088177,0.7853,0.781427,0.0481891,0.0445851,-0.0860546,-0.0805408,-6.26203e-06,-0.000376701,-2.72066,-2.5995,2.46183,-0.0500943,0.0857633,0.7853
20.03,-2.69176,-2.69857,-2.57356,-2.58417,2.46265,2.46292,2.89096,2.89107,2.59792,2.59324,0.0812288,0.079297,-0.0496111,-0.0488026,0.0849014,0.0873425,0.7853,0.781453,0.0484315,0.0447877,-0.0863313,-0.0808046,-6.18692e-06,-0.000394791,-2.69176,-2.57356,2.46265,-0.0496111,0.0849014,0.7853
20.04,-2.66284,-2.66985,-2.54754,-2.55841,2.46345,2.46381,2.89337,2.89356,2.60715,2.60245,0.0803621,0.0783863,-0.0491256,-0.0484133,0.0840367,0.0865065,0.7853,0.781479,0.0486717,0.0449863,-0.0866053,-0.0810703,-6.11161e-06,-0.000412747,-2.66284,-2.54754,2.46345,-0.0491256,0.0840367,0.7853
20.05,-2.63389,-2.64111,-2.52142,-2.53257,2.46425,2.46469,2.89576,2.89602,2.61629,2.61158,0.0794946,0.0774764,-0.0486377,-0.048025,0.0831693,0.0856691,0.7853,0.781504,0.0489097,0.0451819,-0.0868766,-0.0813368,-6.03609e-06,-0.00043045,-2.63389,-2.52142,2.46425,-0.0486377,0.0831693,0.7853
20.06,-2.60492,-2.61234,-2.49521,-2.50663,2.46504,2.46555,2.89812,2.89846,2.62533,2.62063,0.0786264,0.0765673,-0.0481474,-0.0476363,0.0822992,0.0848296,0.7853,0.781528,0.0491453,0.045374,-0.0871453,-0.0816052,-5.9604e-06,-0.000447795,-2.60492,-2.49521,2.46504,-0.0481474,0.0822992,0.7853
20.07,-2.57593,-2.58354,-2.46891,-2.4806,2.46583,2.46641,2.90046,2.90087,2.63428,2.6296,0.0777575,0.0756603,-0.0476548,-0.047247,0.0814264,0.083988,0.7853,0.781551,0.0493787,0.0455632,-0.0874113,-0.0818752,-5.88455e-06,-0.000464261,-2.57593,-2.46891,2.46583,-0.0476548,0.0814264,0.7853
20.08,-2.54692,-2.55471,-2.44253,-2.45448,2.4666,2.46725,2.90276,2.90325,2.64313,2.63848,0.076888,0.0747547,-0.0471599,-0.0468557,0.080551,0.0831438,0.7853,0.781572,0.0496098,0.0457504,-0.0876745,-0.0821464,-5.80855e-06,-0.000480011,-2.54692,-2.44253,2.4666,-0.0471599,0.080551,0.7853
20.09,-2.51788,-2.52585,-2.41605,-2.42828,2.46736,2.46807,2.90505,2.9056,2.65189,2.64728,0.0760177,0.0738515,-0.0466626,-0.0464619,0.0796729,0.0822971,0.7853,0.78159,0.0498385,0.0459362,-0.0879351,-0.0824188,-5.73241e-06,-0.000494719,-2.51788,-2.41605,2.46736,-0.0466626,0.0796729,0.7853
20.1,-2.48882,-2.49696,-2.38949,-2.40198,2.46812,2.46889,2.9073,2.90793,2.66055,2.656,0.0751467,0.0729508,-0.0461631,-0.0460645,0.0787923,0.0814473,0.7853,0.781607,0.050065,0.04612,-0.0881929,-0.0826921,-5.65616e-06,-0.00050807,-2.48882,-2.38949,2.46812,-0.0461631,0.0787923,0.7853
20.11,-2.45973,-2.46804,-2.36284,-2.37559,2.46887,2.46969,2.90953,2.91022,2.66912,2.66463,0.0742751,0.0720527,-0.0456613,-0.0456628,0.0779091,0.0805945,0.785299,0.781622,0.0502891,0.046302,-0.088448,-0.0829642,-5.5798e-06,-0.000520065,-2.45973,-2.36284,2.46887,-0.0456613,0.0779091,0.785299
20.12,-2.43062,-2.43909,-2.33611,-2.34912,2.4696,2.47047,2.91174,2.91249,2.67759,2.67317,0.0734027,0.0711569,-0.0451573,-0.0452558,0.0770233,0.0797382,0.785299,0.781634,0.0505108,0.0464845,-0.0887004,-0.0832375,-5.50336e-06,-0.00053066,-2.43062,-2.33611,2.4696,-0.0451573,0.0770233,0.785299
20.13,-2.4015,-2.41012,-2.30929,-2.32256,2.47033,2.47125,2.91392,2.91473,2.68596,2.68163,0.0725298,0.0702639,-0.0446511,-0.0448426,0.0761351,0.0788784,0.785299,0.781644,0.0507302,0.0466657,-0.08895,-0.0835097,-5.42684e-06,-0.000539348,-2.4015,-2.30929,2.47033,-0.0446511,0.0761351,0.785299
20.14,-2.37235,-2.38112,-2.28239,-2.2959,2.47106,2.472,2.91607,2.91694,2.69423,2.69,0.0716561,0.0693734,-0.0441427,-0.0444224,0.0752443,0.0780149,0.785299,0.781652,0.0509472,0.046847,-0.0891968,-0.0837807,-5.35027e-06,-0.000546396,-2.37235,-2.28239,2.47106,-0.0441427,0.0752443,0.785299
20.15,-2.34317,-2.35209,-2.2554,-2.26916,2.47177,2.47275,2.91819,2.91912,2.70241,2.69827,0.0707819,0.0684848,-0.0436322,-0.0439945,0.0743511,0.0771472,0.785299,0.781658,0.0511618,0.0470278,-0.0894408,-0.0840499,-5.27365e-06,-0.000552043,-2.34317,-2.2554,2.47177,-0.0436322,0.0743511,0.785299
20.16,-2.31398,-2.32304,-2.22834,-2.24232,2.47247,2.47349,2.92029,2.92127,2.7105,2.70646,0.069907,0.0675985,-0.0431195,-0.0435587,0.0734555,0.0762755,0.785299,0.781662,0.051374,0.0472101,-0.089682,-0.0843161,-5.197e-06,-0.000555634,-2.31398,-2.22834,2.47247,-0.0431195,0.0734555,0.785299
20.17,-2.28477,-2.29395,-2.2012,-2.2154,2.47317,2.47421,2.92236,2.92339,2.71848,2.71456,0.0690314,0.0667135,-0.0426047,-0.0431139,0.0725575,0.0753993,0.785299,0.781664,0.0515838,0.0473931,-0.0899203,-0.0845796,-5.12034e-06,-0.000557542,-2.28477,-2.2012,2.47317,-0.0426047,0.0725575,0.785299
20.18,-2.25554,-2.26484,-2.17397,-2.18838,2.47385,2.47492,2.92441,2.92548,2.72637,2.72256,0.0681553,0.0658302,-0.0420878,-0.0426598,0.0716571,0.0745187,0.785299,0.781665,0.0517911,0.0475765,-0.0901559,-0.0848393,-5.04367e-06,-0.000557899,-2.25554,-2.17397,2.47385,-0.0420878,0.0716571,0.785299
20.19,-2.22628,-2.23571,-2.14667,-2.16128,2.47453,2.47562,2.92643,2.92754,2.73415,2.73047,0.0672785,0.0649478,-0.0415689,-0.0421964,0.0707544,0.0736333,0.785299,0.781665,0.051996,0.0477611,-0.0903886,-0.0850953,-4.96702e-06,-0.00055632,-2.22628,-2.14667,2.47453,-0.0415689,0.0707544,0.785299
20.2,-2.19701,-2.20655,-2.11929,-2.1341,2.4752,2.4763,2.92842,2.92958,2.74184,2.73828,0.0664011,0.0640659,-0.0410479,-0.0417232,0.0698494,0.0727433,0.785299,0.781663,0.0521985,0.0479463,-0.0906184,-0.0853457,-4.89039e-06,-0.000553384,-2.19701,-2.11929,2.4752,-0.0410479,0.0698494,0.785299
20.21,-2.16771,-2.17737,-2.09183,-2.10683,2.47586,2.47698,2.93039,2.93158,2.74943,2.74599,0.0655231,0.0631846,-0.0405249,-0.0412401,0.068942,0.0718485,0.785299,0.781661,0.0523985,0.0481332,-0.0908454,-0.0855918,-4.81381e-06,-0.000548795,-2.16771,-2.09183,2.47586,-0.0405249,0.068942,0.785299
20.22,-2.1384,-2.14817,-2.0643,-2.07947,2.47651,2.47765,2.93233,2.93356,2.75693,2.7536,0.0646446,0.0623031,-0.04,-0.0407472,0.0680325,0.0709485,0.785299,0.781659,0.0525959,0.04832,-0.0910695,-0.085832,-4.73727e-06,-0.000542954,-2.1384,-2.0643,2.47651,-0.04,0.0680325,0.785299
20.23,-2.10907,-2.11894,-2.03669,-2.05203,2.47715,2.47831,2.93424,2.93551,2.76432,2.76112,0.0637654,0.0614211,-0.039473,-0.0402445,0.0671207,0.0700435,0.785299,0.781657,0.0527909,0.0485076,-0.0912907,-0.0860668,-4.6608e-06,-0.000535697,-2.10907,-2.03669,2.47715,-0.039473,0.0671207,0.785299
20.24,-2.07971,-2.0897,-2.00901,-2.02451,2.47778,2.47896,2.93613,2.93743,2.77161,2.76853,0.0628857,0.0605379,-0.0389442,-0.0397324,0.0662067,0.0691333,0.785299,0.781655,0.0529834,0.0486954,-0.091509,-0.0862956,-4.58441e-06,-0.000527397,-2.07971,-2.00901,2.47778,-0.0389442,0.0662067,0.785299
20.25,-2.05034,-2.06043,-1.98126,-1.9969,2.47841,2.4796,2.93799,2.93933,2.7788,2.77584,0.0620054,0.0596538,-0.0384134,-0.0392109,0.0652905,0.0682179,0.785299,0.781654,0.0531734,0.0488836,-0.0917244,-0.0865187,-4.50811e-06,-0.000518009,-2.05034,-1.98126,2.47841,-0.0384134,0.0652905,0.785299
20.26,-2.02095,-2.03114,-1.95344,-1.96922,2.47902,2.48023,2.93983,2.9412,2.78589,2.78305,0.0611246,0.0587685,-0.0378807,-0.0386808,0.0643722,0.0672969,0.785299,0.781653,0.0533608,0.0490719,-0.0919368,-0.0867355,-4.43191e-06,-0.000507891,-2.02095,-1.95344,2.47902,-0.0378807,0.0643722,0.785299
20.27,-1.99155,-2.00183,-1.92554,-1.94146,2.47963,2.48085,2.94163,2.94305,2.79289,2.79015,0.0602432,0.0578814,-0.0373462,-0.0381422,0.0634518,0.0663709,0.785299,0.781653,0.0535457,0.0492602,-0.0921464,-0.0869457,-4.35583e-06,-0.000496909,-1.99155,-1.92554,2.47963,-0.0373462,0.0634518,0.785299
20.28,-1.96212,-1.9725,-1.89758,-1.91362,2.48023,2.48147,2.94342,2.94487,2.79978,2.79715,0.0593612,0.0569925,-0.0368098,-0.0375958,0.0625293,0.0654394,0.785299,0.781654,0.0537281,0.0494456,-0.0923529,-0.0871504,-4.27987e-06,-0.000485241,-1.96212,-1.89758,2.48023,-0.0368098,0.0625293,0.785299
20.29,-1.93268,-1.94315,-1.86955,-1.88571,2.48082,2.48208,2.94517,2.94666,2.80657,2.80405,0.0584788,0.0561016,-0.0362716,-0.0370425,0.0616047,0.0645028,0.785299,0.781657,0.0539078,0.0496317,-0.0925565,-0.0873484,-4.20406e-06,-0.000473335,-1.93268,-1.86955,2.48082,-0.0362716,0.0616047,0.785299
20.3,-1.90322,-1.91379,-1.84145,-1.85773,2.4814,2.48269,2.9469,2.94843,2.81326,2.81084,0.0575958,0.055209,-0.0357317,-0.0364829,0.0606782,0.0635608,0.785299,0.78166,0.054085,0.0498153,-0.0927572,-0.0875421,-4.1284e-06,-0.000460833,-1.90322,-1.84145,2.4814,-0.0357317,0.0606782,0.785299
20.31,-1.87374,-1.8844,-1.81328,-1.82967,2.48197,2.48329,2.9486,2.95018,2.81984,2.81752,0.0567123,0.0543143,-0.0351899,-0.0359174,0.0597496,0.0626135,0.785299,0.781665,0.0542596,0.0499968,-0.0929548,-0.0877301,-4.0529e-06,-0.000448063,-1.87374,-1.81328,2.48197,-0.0351899,0.0597496,0.785299
20.32,-1.84425,-1.855,-1.78505,-1.80154,2.48253,2.48388,2.95028,2.9519,2.82633,2.8241,0.0558282,0.0534175,-0.0346465,-0.0353467,0.0588191,0.0616613,0.785298,0.781671,0.0544316,0.0501775,-0.0931494,-0.0879135,-3.97758e-06,-0.00043501,-1.84425,-1.78505,2.48253,-0.0346465,0.0588191,0.785298
20.33,-1.81474,-1.82558,-1.75676,-1.77334,2.48309,2.48447,2.95193,2.9536,2.83271,2.83057,0.0549437,0.052519,-0.0341013,-0.034772,0.0578866,0.0607039,0.785298,0.781678,0.054601,0.050355,-0.0933411,-0.0880927,-3.90244e-06,-0.000422001,-1.81474,-1.75676,2.48309,-0.0341013,0.0578866,0.785298
20.34,-1.78521,-1.79614,-1.7284,-1.74507,2.48363,2.48505,2.95355,2.95527,2.83899,2.83693,0.0540587,0.0516181,-0.0335545,-0.0341937,0.0569523,0.0597416,0.785298,0.781686,0.0547678,0.05053,-0.0935297,-0.088268,-3.8275e-06,-0.000408739,-1.78521,-1.7284,2.48363,-0.0335545,0.0569523,0.785298
20.35,-1.75566,-1.76669,-1.69998,-1.71674,2.48417,2.48563,2.95514,2.95693,2.84517,2.84319,0.0531732,0.0507155,-0.033006,-0.0336128,0.056016,0.0587746,0.785298,0.781695,0.0549319,0.0507022,-0.0937153,-0.0884399,-3.75278e-06,-0.000395641,-1.75566,-1.69998,2.48417,-0.033006,0.056016,0.785298
20.36,-1.72611,-1.73722,-1.6715,-1.68834,2.48469,2.48619,2.95671,2.95855,2.85125,2.84934,0.0522872,0.0498116,-0.0324558,-0.0330298,0.055078,0.057803,0.785298,0.781704,0.0550934,0.0508728,-0.0938979,-0.0886096,-3.67827e-06,-0.000382498,-1.72611,-1.6715,2.48469,-0.0324558,0.055078,0.785298
20.37,-1.69653,-1.70773,-1.64295,-1.65988,2.48521,2.48676,2.95825,2.96016,2.85722,2.85538,0.0514007,0.0489065,-0.0319041,-0.0324455,0.0541381,0.0568272,0.785298,0.781714,0.0552522,0.0510397,-0.0940774,-0.0887772,-3.60399e-06,-0.000369132,-1.69653,-1.64295,2.48521,-0.0319041,0.0541381,0.785298
20.38,-1.66694,-1.67824,-1.61435,-1.63135,2.48572,2.48731,2.95977,2.96173,2.86309,2.86132,0.0505138,0.0479999,-0.0313508,-0.0318609,0.0531964,0.0558474,0.785298,0.781724,0.0554084,0.0512029,-0.0942538,-0.0889429,-3.52995e-06,-0.000356153,-1.66694,-1.61435,2.48572,-0.0313508,0.0531964,0.785298
20.39,-1.63734,-1.64872,-1.58569,-1.60276,2.48622,2.48786,2.96126,2.96329,2.86886,2.86715,0.0496264,0.0470924,-0.0307959,-0.0312763,0.052253,0.0548636,0.785298,0.781735,0.0555618,0.0513649,-0.0944272,-0.0891077,-3.45617e-06,-0.000343099,-1.63734,-1.58569,2.48622,-0.0307959,0.052253,0.785298
20.4,-1.60772,-1.61919,-1.55698,-1.57411,2.48671,2.4884,2.96272,2.96482,2.87452,2.87287,0.0487386,0.0461842,-0.0302396,-0.0306924,0.0513079,0.0538763,0.785298,0.781745,0.0557126,0.0515236,-0.0945975,-0.089272,-3.38265e-06,-0.000330195,-1.60772,-1.55698,2.48671,-0.0302396,0.0513079,0.785298
20.41,-1.57808,-1.58963,-1.5282,-1.54539,2.4872,2.48894,2.96415,2.96632,2.88008,2.87848,0.0478503,0.0452752,-0.0296817,-0.0301097,0.0503611,0.0528858,0.785298,0.781754,0.0558607,0.0516793,-0.0947647,-0.0894364,-3.30939e-06,-0.000317156,-1.57808,-1.5282,2.4872,-0.0296817,0.0503611,0.785298
20.42,-1.54843,-1.56007,-1.49937,-1.51661,2.48767,2.48947,2.96556,2.9678,2.88554,2.88399,0.0469617,0.0443662,-0.0291224,-0.0295286,0.0494126,0.0518921,0.785298,0.781764,0.0560061,0.0518343,-0.0949289,-0.0896006,-3.23642e-06,-0.000304267,-1.54843,-1.49937,2.48767,-0.0291224,0.0494126,0.785298
20.43,-1.51877,-1.53049,-1.47049,-1.48777,2.48814,2.48999,2.96694,2.96925,2.89089,2.8894,0.0460725,0.0434572,-0.0285616,-0.0289497,0.0484625,0.050896,0.785298,0.781772,0.0561488,0.0519855,-0.0950899,-0.089766,-3.16375e-06,-0.000291273,-1.51877,-1.47049,2.48814,-0.0285616,0.0484625,0.785298
20.44,-1.48909,-1.5009,-1.44156,-1.45887,2.48859,2.4905,2.9683,2.97067,2.89614,2.89469,0.045183,0.042548,-0.0279994,-0.0283734,0.0475108,0.0498974,0.785298,0.781779,0.0562887,0.0521362,-0.0952478,-0.0899316,-3.09137e-06,-0.000278234,-1.48909,-1.44156,2.48859,-0.0279994,0.0475108,0.785298
20.45,-1.4594,-1.4713,-1.41257,-1.42992,2.48904,2.491,2.96963,2.97207,2.90128,2.89988,0.0442931,0.0416396,-0.0274358,-0.0277999,0.0465576,0.0488971,0.785298,0.781785,0.0564259,0.0522847,-0.0954026,-0.090099,-3.0193e-06,-0.000265181,-1.4594,-1.41257,2.48904,-0.0274358,0.0465576,0.785298
20.46,-1.4297,-1.44168,-1.38353,-1.40091,2.48948,2.49149,2.97093,2.97344,2.90632,2.90496,0.0434027,0.0407318,-0.0268709,-0.0272296,0.0456028,0.0478951,0.785298,0.781789,0.0565604,0.0524311,-0.0955543,-0.0902673,-2.94755e-06,-0.000252157,-1.4297,-1.38353,2.48948,-0.0268709,0.0456028,0.785298
20.47,-1.39999,-1.41205,-1.35444,-1.37184,2.48991,2.49197,2.9722,2.97478,2.91125,2.90994,0.042512,0.0398242,-0.0263046,-0.0266625,0.0446465,0.0468918,0.785298,0.781791,0.0566921,0.0525771,-0.0957028,-0.0904373,-2.87613e-06,-0.000238925,-1.39999,-1.35444,2.48991,-0.0263046,0.0446465,0.785298
20.48,-1.37026,-1.3824,-1.32531,-1.34271,2.49033,2.49245,2.97345,2.97609,2.91608,2.91481,0.0416209,0.0389177,-0.025737,-0.0260988,0.0436887,0.0458874,0.785298,0.781792,0.056821,0.0527233,-0.0958481,-0.0906086,-2.80505e-06,-0.000225618,-1.37026,-1.32531,2.49033,-0.025737,0.0436887,0.785298
20.49,-1.34052,-1.35274,-1.29612,-1.31352,2.49074,2.49291,2.97467,2.97737,2.92081,2.91957,0.0407294,0.0380123,-0.0251682,-0.0255385,0.0427295,0.0448823,0.785298,0.78179,0.0569472,0.0528686,-0.0959904,-0.0907816,-2.73432e-06,-0.000212058,-1.34052,-1.29612,2.49074,-0.0251682,0.0427295,0.785298
20.5,-1.31076,-1.32307,-1.26689,-1.28428,2.49114,2.49336,2.97587,2.97862,2.92542,2.92423,0.0398376,0.0371076,-0.0245981,-0.0249816,0.0417689,0.0438768,0.785298,0.781787,0.0570706,0.0530126,-0.0961294,-0.0909557,-2.66393e-06,-0.00019823,-1.31076,-1.26689,2.49114,-0.0245981,0.0417689,0.785298
20.51,-1.281,-1.29339,-1.23761,-1.25499,2.49154,2.4938,2.97703,2.97984,2.92994,2.92879,0.0389454,0.0362045,-0.0240268,-0.0244281,0.040807,0.0428713,0.785298,0.781781,0.0571912,0.0531571,-0.0962653,-0.0911297,-2.59392e-06,-0.000184417,-1.281,-1.23761,2.49154,-0.0240268,0.040807,0.785298
20.52,-1.25122,-1.26369,-1.20829,-1.22564,2.49192,2.49422,2.97817,2.98104,2.93434,2.93323,0.0380528,0.0353022,-0.0234543,-0.0238779,0.0398436,0.0418658,0.785298,0.781773,0.057309,0.0533029,-0.096398,-0.0913055,-2.52427e-06,-0.000170216,-1.25122,-1.20829,2.49192,-0.0234543,0.0398436,0.785298
20.53,-1.22144,-1.23398,-1.17893,-1.19624,2.4923,2.49464,2.97929,2.9822,2.93864,2.93757,0.0371599,0.0344015,-0.0228806,-0.0233309,0.038879,0.0408608,0.785298,0.781763,0.057424,0.0534475,-0.0965275,-0.0914817,-2.455e-06,-0.000156105,-1.22144,-1.17893,2.4923,-0.0228806,0.038879,0.785298
20.54,-1.19164,-1.20426,-1.14952,-1.16679,2.49267,2.49504,2.98037,2.98333,2.94284,2.94181,0.0362667,0.0335019,-0.0223058,-0.0227868,0.0379131,0.0398563,0.785298,0.781751,0.0575362,0.0535932,-0.0966538,-0.0916569,-2.38612e-06,-0.000141457,-1.19164,-1.14952,2.49267,-0.0223058,0.0379131,0.785298
20.55,-1.16183,-1.17454,-1.12007,-1.13729,2.49302,2.49543,2.98143,2.98443,2.94693,2.94593,0.0353731,0.0326042,-0.0217299,-0.0222455,0.0369459,0.0388529,0.785298,0.781736,0.0576455,0.0537388,-0.0967769,-0.091833,-2.31763e-06,-0.000126854,-1.16183,-1.12007,2.49302,-0.0217299,0.0369459,0.785298
20.56,-1.13201,-1.1448,-1.09058,-1.10774,2.49337,2.49581,2.98246,2.9855,2.95091,2.94995,0.0344792,0.0317074,-0.0211529,-0.0217066,0.0359776,0.0378501,0.785298,0.78172,0.0577521,0.053885,-0.0968968,-0.0920074,-2.24955e-06,-0.000112116,-1.13201,-1.09058,2.49337,-0.0211529,0.0359776,0.785298
20.57,-1.10218,-1.11504,-1.06105,-1.07814,2.49371,2.49618,2.98347,2.98654,2.95478,2.95387,0.033585,0.0308116,-0.0205749,-0.0211697,0.035008,0.0368483,0.785298,0.781702,0.0578558,0.0540319,-0.0970135,-0.0921807,-2.18187e-06,-9.70215e-05,-1.10218,-1.06105,2.49371,-0.0205749,0.035008,0.785298
20.58,-1.07234,-1.08528,-1.03149,-1.0485,2.49405,2.49654,2.98445,2.98755,2.95855,2.95768,0.0326905,0.0299173,-0.0199958,-0.0206345,0.0340373,0.0358478,0.785298,0.781682,0.0579566,0.05418,-0.097127,-0.0923517,-2.11461e-06,-8.18968e-05,-1.07234,-1.03149,2.49405,-0.0199958,0.0340373,0.785298
20.59,-1.04249,-1.0555,-1.00188,-1.01881,2.49437,2.49688,2.9854,2.98853,2.96222,2.96138,0.0317958,0.029024,-0.0194158,-0.0201009,0.0330655,0.0348484,0.785298,0.78166,0.0580547,0.0543268,-0.0972372,-0.092521,-2.04778e-06,-6.66082e-05,-1.04249,-1.00188,2.49437,-0.0194158,0.0330655,0.785298
20.6,-1.01263,-1.02572,-0.972242,-0.989072,2.49468,2.49721,2.98633,2.98947,2.96577,2.96498,0.0309007,0.0281316,-0.0188347,-0.0195686,0.0320926,0.0338502,0.785298,0.781637,0.0581498,0.054475,-0.0973442,-0.0926874,-1.98138e-06,-5.12749e-05,-1.01263,-0.972242,2.49468,-0.0188347,0.0320926,0.785298
20.61,-0.982764,-0.995918,-0.942567,-0.959292,2.49499,2.49752,2.98722,2.99039,2.96922,2.96847,0.0300053,0.0272401,-0.0182528,-0.0190367,0.0311186,0.0328532,0.785298,0.781612,0.0582421,0.0546225,-0.097448,-0.0928495,-1.91541e-06,-3.59863e-05,-0.982764,-0.942567,2.49499,-0.0182528,0.0311186,0.785298
20.62,-0.952888,-0.96611,-0.912858,-0.929473,2.49528,2.49783,2.9881,2.99128,2.97256,2.97185,0.0291097,0.0263498,-0.0176699,-0.0185055,0.0301436,0.0318574,0.785298,0.781587,0.0583315,0.0547694,-0.0975485,-0.0930076,-1.84989e-06,-2.06381e-05,-0.952888,-0.912858,2.49528,-0.0176699,0.0301436,0.785298
20.63,-0.923002,-0.936297,-0.883116,-0.89962,2.49557,2.49812,2.98894,2.99214,2.9758,2.97512,0.0282138,0.0254602,-0.0170862,-0.0179743,0.0291677,0.0308628,0.785298,0.78156,0.0584181,0.0549161,-0.0976457,-0.0931614,-1.78482e-06,-5.126e-06,-0.923002,-0.883116,2.49557,-0.0170862,0.0291677,0.785298
20.64,-0.893109,-0.906465,-0.853343,-0.869722,2.49585,2.4984,2.98976,2.99297,2.97892,2.97829,0.0273177,0.0245712,-0.0165016,-0.0174427,0.0281907,0.0298692,0.785298,0.781533,0.0585017,0.0550618,-0.0977397,-0.0933109,-1.7202e-06,1.03414e-05,-0.893109,-0.853343,2.49585,-0.0165016,0.0281907,0.785298
20.65,-0.863207,-0.876626,-0.823538,-0.83979,2.49611,2.49867,2.99055,2.99377,2.98194,2.98135,0.0264213,0.0236826,-0.0159161,-0.0169104,0.0272129,0.0288766,0.785298,0.781506,0.0585825,0.0552066,-0.0978305,-0.093453,-1.65605e-06,2.54065e-05,-0.863207,-0.823538,2.49611,-0.0159161,0.0272129,0.785298
20.66,-0.833298,-0.846775,-0.793704,-0.809822,2.49637,2.49893,2.99131,2.99454,2.98485,2.98431,0.0255247,0.0227944,-0.0153299,-0.016377,0.0262341,0.0278846,0.785298,0.781479,0.0586604,0.0553497,-0.097918,-0.0935898,-1.59237e-06,4.07547e-05,-0.833298,-0.793704,2.49637,-0.0153299,0.0262341,0.785298
20.67,-0.803381,-0.816911,-0.763842,-0.77982,2.49662,2.49918,2.99205,2.99528,2.98766,2.98715,0.0246278,0.0219066,-0.0147429,-0.0158422,0.0252545,0.0268933,0.785298,0.781451,0.0587354,0.0554915,-0.0980022,-0.0937212,-1.52916e-06,5.58048e-05,-0.803381,-0.763842,2.49662,-0.0147429,0.0252545,0.785298
20.68,-0.773457,-0.787041,-0.733952,-0.749788,2.49687,2.49942,2.99276,2.996,2.99035,2.98989,0.0237308,0.0210192,-0.0141552,-0.0153058,0.0242741,0.0259026,0.785298,0.781424,0.0588075,0.0556306,-0.0980831,-0.0938445,-1.46643e-06,7.04974e-05,-0.773457,-0.733952,2.49687,-0.0141552,0.0242741,0.785298
20.69,-0.743526,-0.757156,-0.704035,-0.719722,2.4971,2.49965,2.99344,2.99668,2.99294,2.99252,0.0228335,0.0201318,-0.0135668,-0.0147673,0.0232929,0.0249121,0.785298,0.781398,0.0588766,0.0557673,-0.0981607,-0.0939609,-1.40419e-06,8.49515e-05,-0.743526,-0.704035,2.4971,-0.0135668,0.0232929,0.785298
20.7,-0.713589,-0.727264,-0.674093,-0.689632,2.49732,2.49986,2.99409,2.99734,2.99542,2.99504,0.021936,0.0192447,-0.0129777,-0.0142267,0.0223109,0.0239218,0.785297,0.781372,0.0589429,0.0559016,-0.0982351,-0.0940698,-1.34244e-06,9.93013e-05,-0.713589,-0.674093,2.49732,-0.0129777,0.0223109,0.785297
20.71,-0.683644,-0.697366,-0.644127,-0.659518,2.49754,2.50007,2.99472,2.99798,2.99779,2.99745,0.0210383,0.0183579,-0.0123879,-0.0136836,0.0213282,0.0229315,0.785297,0.781347,0.0590062,0.0560324,-0.0983061,-0.0941713,-1.28119e-06,0.000113174,-0.683644,-0.644127,2.49754,-0.0123879,0.0213282,0.785297
20.72,-0.653694,-0.667452,-0.614138,-0.629374,2.49774,2.50027,2.99532,2.99858,3.00006,2.99976,0.0201404,0.0174704,-0.0117976,-0.0131378,0.0203448,0.0219408,0.785297,0.781324,0.0590667,0.05616,-0.0983739,-0.094265,-1.22044e-06,0.000126511,-0.653694,-0.614138,2.49774,-0.0117976,0.0203448,0.785297
20.73,-0.623738,-0.637526,-0.584126,-0.599203,2.49794,2.50046,2.9959,2.99916,3.00221,3.00196,0.0192424,0.0165832,-0.0112066,-0.0125891,0.0193607,0.0209495,0.785297,0.781301,0.0591241,0.0562837,-0.0984384,-0.0943495,-1.16019e-06,0.000139698,-0.623738,-0.584126,2.49794,-0.0112066,0.0193607,0.785297
20.74,-0.593776,-0.607595,-0.554094,-0.569014,2.49813,2.50064,2.99644,2.99971,3.00426,3.00404,0.0183441,0.0156962,-0.0106151,-0.0120372,0.018376,0.0199578,0.785297,0.781281,0.0591787,0.0564036,-0.0984995,-0.0944269,-1.10046e-06,0.000152439,-0.593776,-0.554094,2.49813,-0.0106151,0.018376,0.785297
20.75,-0.563809,-0.577653,-0.524041,-0.538802,2.49831,2.50081,2.99696,3.00024,3.0062,3.00602,0.0174457,0.0148088,-0.0100231,-0.0114822,0.0173907,0.0189651,0.785297,0.781262,0.0592303,0.0565197,-0.0985574,-0.0944955,-1.04124e-06,0.000164494,-0.563809,-0.524041,2.49831,-0.0100231,0.0173907,0.785297
20.76,-0.533837,-0.547701,-0.49397,-0.50857,2.49848,2.50098,2.99746,3.00074,3.00803,3.00789,0.0165472,0.0139215,-0.00943051,-0.010924,0.0164049,0.0179712,0.785297,0.781245,0.059279,0.0566314,-0.0986119,-0.0945552,-9.82537e-07,0.000176191,-0.533837,-0.49397,2.49848,-0.00943051,0.0164049,0.785297
20.77,-0.50386,-0.517741,-0.463881,-0.478318,2.49864,2.50113,2.99792,3.00121,3.00975,3.00965,0.0156485,0.0130343,-0.00883749,-0.0103623,0.0154185,0.0169761,0.785297,0.78123,0.0593248,0.0567379,-0.0986632,-0.0946072,-9.24362e-07,0.000187188,-0.50386,-0.463881,2.49864,-0.00883749,0.0154185,0.785297
20.78,-0.473879,-0.487774,-0.433776,-0.448052,2.49879,2.50128,2.99836,3.00166,3.01136,3.0113,0.0147496,0.0121468,-0.00824402,-0.00979746,0.0144316,0.0159797,0.785297,0.781217,0.0593676,0.0568394,-0.0987111,-0.0946513,-8.66716e-07,0.000197947,-0.473879,-0.433776,2.49879,-0.00824402,0.0144316,0.785297
20.79,-0.443893,-0.457799,-0.403654,-0.417768,2.49893,2.50142,2.99877,3.00209,3.01287,3.01284,0.0138507,0.0112595,-0.00765015,-0.00922901,0.0134443,0.0149817,0.785297,0.781206,0.0594075,0.0569363,-0.0987557,-0.0946873,-8.09602e-07,0.000207603,-0.443893,-0.403654,2.49893,-0.00765015,0.0134443,0.785297
20.8,-0.413903,-0.427822,-0.373519,-0.387475,2.49907,2.50155,2.99916,3.00248,3.01426,3.01427,0.0129516,0.0103724,-0.00705588,-0.0086573,0.0124565,0.0139821,0.785297,0.781198,0.0594444,0.0570289,-0.098797,-0.0947144,-7.53025e-07,0.000216812,-0.413903,-0.373519,2.49907,-0.00705588,0.0124565,0.785297
20.81,-0.38391,-0.397837,-0.34337,-0.357168,2.49919,2.50168,2.99952,3.00285,3.01555,3.01559,0.0120523,0.00948529,-0.00646127,-0.00808228,0.0114684,0.0129806,0.785297,0.781192,0.0594783,0.0571157,-0.098835,-0.0947343,-6.96987e-07,0.000225365,-0.38391,-0.34337,2.49919,-0.00646127,0.0114684,0.785297
20.82,-0.353913,-0.367839,-0.313208,-0.32684,2.49931,2.5018,2.99985,3.0032,3.01673,3.0168,0.011153,0.00859833,-0.00586633,-0.00750388,0.0104798,0.0119769,0.785297,0.781188,0.0595093,0.0571978,-0.0988696,-0.0947452,-6.41494e-07,0.000233158,-0.353913,-0.313208,2.49931,-0.00586633,0.0104798,0.785297
20.83,-0.323913,-0.337843,-0.283035,-0.296509,2.49942,2.50192,3.00015,3.00352,3.01779,3.0179,0.0102536,0.00771242,-0.00527109,-0.00692258,0.00949099,0.0109715,0.785297,0.781186,0.0595374,0.0572747,-0.098901,-0.0947507,-5.86547e-07,0.000240222,-0.323913,-0.283035,2.49942,-0.00527109,0.00949099,0.785297
20.84,-0.29391,-0.307838,-0.252853,-0.266163,2.49951,2.50202,3.00043,3.00381,3.01875,3.0189,0.00935408,0.00682628,-0.00467559,-0.00633786,0.00850183,0.00996377,0.785297,0.781187,0.0595625,0.0573459,-0.0989289,-0.0947474,-5.32151e-07,0.000246525,-0.29391,-0.252853,2.49951,-0.00467559,0.00850183,0.785297
20.85,-0.263905,-0.277829,-0.222661,-0.235808,2.4996,2.50213,3.00068,3.00408,3.01961,3.01978,0.00845447,0.00594088,-0.00407985,-0.00575057,0.00751242,0.00895387,0.785297,0.78119,0.0595846,0.0574135,-0.0989536,-0.0947374,-4.78309e-07,0.000252306,-0.263905,-0.222661,2.4996,-0.00407985,0.00751242,0.785297
20.86,-0.233897,-0.24782,-0.192461,-0.205447,2.49968,2.50222,3.0009,3.00432,3.02035,3.02055,0.00755479,0.00505657,-0.00348391,-0.00516037,0.00652277,0.00794182,0.785297,0.781196,0.0596038,0.0574749,-0.098975,-0.0947218,-4.25023e-07,0.000257239,-0.233897,-0.192461,2.49968,-0.00348391,0.00652277,0.785297
20.87,-0.203887,-0.217805,-0.162254,-0.175076,2.49975,2.50231,3.0011,3.00454,3.02098,3.02121,0.00665505,0.0041725,-0.00288779,-0.00456764,0.00553293,0.00692758,0.785297,0.781203,0.05962,0.0575333,-0.098993,-0.0946992,-3.72297e-07,0.000261351,-0.203887,-0.162254,2.49975,-0.00288779,0.00553293,0.785297
20.88,-0.173875,-0.1878,-0.132042,-0.144709,2.49982,2.50239,3.00126,3.00473,3.02151,3.02176,0.00575524,0.0032898,-0.00229152,-0.00397264,0.00454292,0.00591139,0.785297,0.781213,0.0596332,0.0575858,-0.0990076,-0.09467,-3.20134e-07,0.000264928,-0.173875,-0.132042,2.49982,-0.00229152,0.00454292,0.785297
20.89,-0.143862,-0.157783,-0.101824,-0.114327,2.49987,2.50247,3.00141,3.0049,3.02192,3.0222,0.00485538,0.00240785,-0.00169513,-0.00337531,0.00355279,0.00489271,0.785297,0.781225,0.0596435,0.0576338,-0.099019,-0.0946358,-2.68535e-07,0.00026764,-0.143862,-0.101824,2.49987,-0.00169513,0.00355279,0.785297
20.9,-0.113847,-0.127767,-0.0716036,-0.0839416,2.49991,2.50254,3.00152,3.00503,3.02223,3.02253,0.00395548,0.0015268,-0.00109866,-0.00277614,0.00256255,0.00387205,0.785297,0.781238,0.0596508,0.057678,-0.099027,-0.0945961,-2.17504e-07,0.0002698,-0.113847,-0.0716036,2.49991,-0.00109866,0.00256255,0.785297
20.91,-0.0838313,-0.0977516,-0.0413802,-0.0535526,2.49995,2.5026,3.00161,3.00515,3.02242,3.02275,0.00305554,0.000647023,-0.000502127,-0.00217537,0.00157226,0.00284919,0.785297,0.781254,0.0596551,0.057718,-0.0990317,-0.0945511,-1.67042e-07,0.000271156,-0.0838313,-0.0413802,2.49995,-0.000502127,0.00157226,0.785297
20.92,-0.0538149,-0.0677371,-0.0111554,-0.0231612,2.49997,2.50266,3.00167,3.00524,3.02251,3.02286,0.00215557,-0.000231475,9.44342e-05,-0.00157289,0.000581932,0.00182444,0.785297,0.781271,0.0596565,0.0577537,-0.099033,-0.0945029,-1.17152e-07,0.000271961,-0.0538149,-0.0111554,2.49997,9.44342e-05,0.000581932,0.785297
20.93,-0.0237981,-0.0377253,0.0190697,0.00723103,2.49999,2.50271,3.0017,3.0053,3.02249,3.02286,0.00125559,-0.00110874,0.000690994,-0.000969432,-0.000408391,0.000797708,0.785297,0.781289,0.0596549,0.0577859,-0.0990311,-0.0944495,-6.78371e-08,0.00027205,-0.0237981,0.0190697,2.49999,0.000690994,-0.000408391,0.785297
20.94,0.00621897,-0.00771482,0.049294,0.0376258,2.5,2.50275,3.0017,3.00533,3.02236,3.02275,0.000355592,-0.00198431,0.00128752,-0.00036481,-0.00139868,-0.000230834,0.785297,0.78131,0.0596504,0.0578143,-0.0990258,-0.0943914,-1.90978e-08,0.000271633,0.00621897,0.049294,2.5,0.00128752,-0.00139868,0.785297
20.95,0.0362359,0.0222923,0.0795165,0.0680184,2.5,2.50279,3.00168,3.00534,3.02212,3.02253,-0.000544408,-0.00285858,0.00188399,0.000240505,-0.0023889,-0.00126075,0.785297,0.781331,0.0596429,0.0578399,-0.0990171,-0.0943298,2.90635e-08,0.000271022,0.0362359,0.0795165,2.5,0.00188399,-0.0023889,0.785297
20.96,0.0662526,0.0522907,0.109736,0.0984051,2.49999,2.50282,3.00164,3.00533,3.02177,3.0222,-0.0014444,-0.00373147,0.00248037,0.00084611,-0.00337901,-0.00229238,0.785297,0.781353,0.0596324,0.0578626,-0.0990052,-0.0942658,7.66451e-08,0.000269622,0.0662526,0.109736,2.49999,0.00248037,-0.00337901,0.785297
20.97,0.0962686,0.0822912,0.139952,0.128794,2.49997,2.50284,3.00156,3.00529,3.02132,3.02176,-0.00234438,-0.00460269,0.00307663,0.00145213,-0.00436899,-0.00332538,0.785297,0.781376,0.0596189,0.0578816,-0.0989899,-0.0941982,1.23645e-07,0.000267938,0.0962686,0.139952,2.49997,0.00307663,-0.00436899,0.785297
20.98,0.126284,0.112289,0.170162,0.159183,2.49994,2.50286,3.00146,3.00522,3.02075,3.02121,-0.00324434,-0.00547295,0.00367274,0.00205807,-0.0053588,-0.00435968,0.785297,0.7814,0.0596025,0.0578979,-0.0989712,-0.094128,1.70063e-07,0.000265867,0.126284,0.170162,2.49994,0.00367274,-0.0053588,0.785297
20.99,0.156298,0.142279,0.200366,0.189564,2.4999,2.50287,3.00133,3.00512,3.02008,3.02055,-0.00414428,-0.00634156,0.00426867,0.00266388,-0.0063484,-0.00539499,0.785297,0.781425,0.0595832,0.0579132,-0.0989493,-0.0940549,2.15897e-07,0.000263453,0.156298,0.200366,2.4999,0.00426867,-0.0063484,0.785297
21,0.18631,0.172269,0.230563,0.219943,2.49986,2.50287,3.00117,3.00501,3.01929,3.01978,-0.00504417,-0.00720867,0.00486439,0.00326932,-0.00733777,-0.00643131,0.785297,0.78145,0.0595608,0.0579253,-0.098924,-0.0939811,2.61145e-07,0.000260964,0.18631,0.230563,2.49986,0.00486439,-0.00733777,0.785297
21.01,0.216321,0.202254,0.260752,0.250316,2.4998,2.50287,3.00099,3.00486,3.0184,3.0189,-0.00594402,-0.00807449,0.00545988,0.00387371,-0.00832687,-0.00746854,0.785297,0.781475,0.0595356,0.0579349,-0.0988955,-0.0939039,3.05806e-07,0.000258371,0.216321,0.260752,2.4998,0.00545988,-0.00832687,0.785297
21.02,0.24633,0.232232,0.290931,0.280679,2.49974,2.50285,3.00078,3.00469,3.0174,3.01791,-0.00684381,-0.00893919,0.00605509,0.00447741,-0.00931567,-0.00850628,0.785297,0.781501,0.0595073,0.0579421,-0.0988635,-0.0938256,3.49881e-07,0.000255629,0.24633,0.290931,2.49974,0.00605509,-0.00931567,0.785297
21.03,0.276336,0.262206,0.321099,0.311035,2.49967,2.50283,3.00054,3.00449,3.01628,3.01681,-0.00774355,-0.00980257,0.00665001,0.00507987,-0.0103041,-0.00954452,0.785297,0.781526,0.0594761,0.0579478,-0.0988283,-0.0937463,3.93367e-07,0.000252932,0.276336,0.321099,2.49967,0.00665001,-0.0103041,0.785297
21.04,0.306341,0.292177,0.351256,0.341381,2.49958,2.5028,3.00027,3.00428,3.01507,3.0156,-0.00864321,-0.0106651,0.00724461,0.00568099,-0.0112922,-0.0105831,0.785297,0.781551,0.059442,0.0579518,-0.0987898,-0.0936649,4.36263e-07,0.000250325,0.306341,0.351256,2.49958,0.00724461,-0.0112922,0.785297
21.05,0.336342,0.322136,0.3814,0.371712,2.49949,2.50276,2.99998,3.00403,3.01374,3.01428,-0.0095428,-0.0115263,0.00783884,0.00628044,-0.0122799,-0.0116216,0.785297,0.781576,0.0594049,0.0579533,-0.098748,-0.0935827,4.7857e-07,0.000247777,0.336342,0.3814,2.49949,0.00783884,-0.0122799,0.785297
21.06,0.36634,0.3521,0.411531,0.402037,2.49939,2.50271,2.99966,3.00376,3.0123,3.01285,-0.0104423,-0.0123872,0.00843269,0.00687835,-0.0132672,-0.0126605,0.785297,0.7816,0.0593649,0.0579533,-0.0987028,-0.0935,5.20287e-07,0.000245646,0.36634,0.411531,2.49939,0.00843269,-0.0132672,0.785297
21.07,0.396335,0.382057,0.441646,0.432346,2.49929,2.50265,2.99932,3.00346,3.01075,3.01132,-0.0113417,-0.0132469,0.00902613,0.00747409,-0.014254,-0.0136993,0.785297,0.781624,0.0593219,0.0579513,-0.0986543,-0.0934162,5.61413e-07,0.000243828,0.396335,0.441646,2.49929,0.00902613,-0.014254,0.785297
21.08,0.426326,0.412011,0.471745,0.462644,2.49917,2.50259,2.99895,3.00314,3.0091,3.00967,-0.012241,-0.0141067,0.00961912,0.00806816,-0.0152402,-0.0147376,0.785297,0.781647,0.059276,0.0579472,-0.0986026,-0.0933308,6.01948e-07,0.000242591,0.426326,0.471745,2.49917,0.00961912,-0.0152402,0.785297
21.09,0.456314,0.441959,0.501827,0.492922,2.49904,2.50251,2.99855,3.0028,3.00734,3.00791,-0.0131402,-0.0149659,0.0102116,0.00865981,-0.016226,-0.0157757,0.785297,0.781669,0.0592271,0.0579416,-0.0985475,-0.0932461,6.41892e-07,0.000241384,0.456314,0.501827,2.49904,0.0102116,-0.016226,0.785297
21.1,0.486297,0.471907,0.531892,0.523186,2.4989,2.50243,2.99812,3.00243,3.00546,3.00604,-0.0140393,-0.0158246,0.0108037,0.00924895,-0.0172112,-0.0168133,0.785297,0.78169,0.0591753,0.0579344,-0.0984892,-0.0931601,6.81245e-07,0.000241056,0.486297,0.531892,2.4989,0.0108037,-0.0172112,0.785297
21.11,0.516276,0.50185,0.561936,0.55343,2.49876,2.50233,2.99766,3.00204,3.00348,3.00406,-0.0149382,-0.0166838,0.0113951,0.00983591,-0.0181958,-0.0178502,0.785297,0.781709,0.0591206,0.0579244,-0.0984275,-0.0930736,7.20006e-07,0.000241086,0.516276,0.561936,2.49876,0.0113951,-0.0181958,0.785297
21.12,0.54625,0.531792,0.591961,0.583657,2.49861,2.50222,2.99718,3.00162,3.0014,3.00198,-0.015837,-0.0175431,0.0119861,0.0104202,-0.0191797,-0.0188867,0.785297,0.781728,0.059063,0.0579115,-0.0983626,-0.092986,7.58176e-07,0.000241861,0.54625,0.591961,2.49861,0.0119861,-0.0191797,0.785297
21.13,0.57622,0.561723,0.621964,0.613851,2.49844,2.50211,2.99668,3.00118,2.9992,2.99978,-0.0167357,-0.0184024,0.0125764,0.0110015,-0.020163,-0.019922,0.785297,0.781745,0.0590025,0.0578972,-0.0982944,-0.0928995,7.95755e-07,0.000243187,0.57622,0.621964,2.49844,0.0125764,-0.020163,0.785297
21.14,0.606184,0.591657,0.651945,0.64403,2.49827,2.50198,2.99614,3.00072,2.9969,2.99747,-0.0176342,-0.0192625,0.0131661,0.0115802,-0.0211456,-0.0209568,0.785297,0.781762,0.058939,0.0578801,-0.0982229,-0.0928113,8.32744e-07,0.000245422,0.606184,0.651945,2.49827,0.0131661,-0.0211456,0.785297
21.15,0.636142,0.621588,0.681902,0.674183,2.49809,2.50185,2.99558,3.00023,2.99448,2.99506,-0.0185326,-0.0201235,0.0137552,0.0121562,-0.0221275,-0.0219906,0.785297,0.781776,0.0588726,0.0578605,-0.0981482,-0.0927221,8.69142e-07,0.000248492,0.636142,0.681902,2.49809,0.0137552,-0.0221275,0.785297
21.16,0.666095,0.651516,0.711834,0.704308,2.4979,2.5017,2.99499,2.99972,2.99196,2.99253,-0.0194308,-0.0209852,0.0143435,0.012729,-0.0231086,-0.0230234,0.785297,0.781789,0.0588033,0.0578381,-0.0980701,-0.0926313,9.04951e-07,0.000252277,0.666095,0.711834,2.4979,0.0143435,-0.0231086,0.785297
21.17,0.696042,0.681445,0.74174,0.734409,2.4977,2.50154,2.99437,2.99919,2.98933,2.98989,-0.0203288,-0.0218478,0.0149312,0.013299,-0.0240889,-0.0240552,0.785297,0.7818,0.0587312,0.0578125,-0.0979888,-0.0925416,9.4017e-07,0.000256866,0.696042,0.74174,2.4977,0.0149312,-0.0240889,0.785297
21.18,0.725983,0.711367,0.77162,0.764475,2.49749,2.50137,2.99373,2.99863,2.9866,2.98715,-0.0212267,-0.0227112,0.0155182,0.0138658,-0.0250683,-0.0250859,0.785297,0.78181,0.0586561,0.0577833,-0.0979043,-0.0924504,9.74801e-07,0.000262365,0.725983,0.77162,2.49749,0.0155182,-0.0250683,0.785297
21.19,0.755917,0.741288,0.801472,0.794511,2.49728,2.50119,2.99306,2.99805,2.98375,2.98429,-0.0221243,-0.0235765,0.0161043,0.0144296,-0.0260469,-0.0261156,0.785297,0.781818,0.0585781,0.057751,-0.0978165,-0.0923576,1.00885e-06,0.000268757,0.755917,0.801472,2.49728,0.0161043,-0.0260469,0.785297
21.2,0.785844,0.771208,0.831295,0.824515,2.49705,2.501,2.99236,2.99744,2.9808,2.98133,-0.0230218,-0.024443,0.0166897,0.0149904,-0.0270246,-0.0271441,0.785297,0.781825,0.0584973,0.0577149,-0.0977255,-0.0922645,1.0423e-06,0.000275984,0.785844,0.831295,2.49705,0.0166897,-0.0270246,0.785297
21.21,0.815764,0.801116,0.861088,0.854475,2.49682,2.50079,2.99164,2.99681,2.97774,2.97825,-0.023919,-0.0253106,0.0172743,0.0155481,-0.0280014,-0.0281712,0.785297,0.78183,0.0584136,0.0576747,-0.0976312,-0.0921701,1.07517e-06,0.00028421,0.815764,0.861088,2.49682,0.0172743,-0.0280014,0.785297
21.22,0.845676,0.831027,0.890849,0.884404,2.49657,2.50058,2.99089,2.99616,2.97458,2.97507,-0.024816,-0.0261802,0.017858,0.0161026,-0.0289773,-0.0291975,0.785298,0.781833,0.058327,0.0576298,-0.0975337,-0.0920731,1.10746e-06,0.000293121,0.845676,0.890849,2.49657,0.017858,-0.0289773,0.785298
21.23,0.875581,0.860934,0.920579,0.914296,2.49632,2.50035,2.99011,2.99548,2.9713,2.97177,-0.0257128,-0.0270509,0.0184408,0.0166542,-0.0299521,-0.0302226,0.785298,0.781834,0.0582375,0.0575805,-0.0974329,-0.0919751,1.13916e-06,0.000302911,0.875581,0.920579,2.49632,0.0184408,-0.0299521,0.785298
21.24,0.905478,0.890835,0.950275,0.944144,2.49606,2.50011,2.9893,2.99478,2.96792,2.96837,-0.0266094,-0.0279234,0.0190227,0.0172028,-0.0309259,-0.0312464,0.785298,0.781834,0.0581452,0.0575274,-0.097329,-0.0918759,1.17029e-06,0.000313506,0.905478,0.950275,2.49606,0.0190227,-0.0309259,0.785298
21.25,0.935367,0.920731,0.979937,0.973951,2.49579,2.49987,2.98847,2.99405,2.96443,2.96485,-0.0275057,-0.0287979,0.0196037,0.0177484,-0.0318987,-0.0322691,0.785298,0.781832,0.05805,0.0574683,-0.0972218,-0.0917734,1.20083e-06,0.000324786,0.935367,0.979937,2.49579,0.0196037,-0.0318987,0.785298
21.26,0.965248,0.95062,1.00956,1.00371,2.49551,2.4996,2.98761,2.9933,2.96084,2.96123,-0.0284018,-0.0296738,0.0201837,0.0182911,-0.0328703,-0.0332905,0.785298,0.781828,0.057952,0.0574046,-0.0971114,-0.0916688,1.23079e-06,0.000337079,0.965248,1.00956,2.49551,0.0201837,-0.0328703,0.785298
21.27,0.99512,0.980507,1.03915,1.03343,2.49522,2.49933,2.98673,2.99252,2.95714,2.9575,-0.0292976,-0.0305513,0.0207627,0.0188312,-0.0338409,-0.0343108,0.785298,0.781823,0.0578512,0.0573358,-0.0969978,-0.0915619,1.26017e-06,0.000349656,0.99512,1.03915,2.49522,0.0207627,-0.0338409,0.785298
21.28,1.02498,1.01038,1.06871,1.0631,2.49492,2.49905,2.98582,2.99172,2.95333,2.95366,-0.0301932,-0.03143,0.0213407,0.0193684,-0.0348103,-0.0353299,0.785298,0.781816,0.0577475,0.0572604,-0.096881,-0.0914532,1.28898e-06,0.000363082,1.02498,1.06871,2.49492,0.0213407,-0.0348103,0.785298
21.29,1.05484,1.04025,1.09822,1.09273,2.49462,2.49875,2.98488,2.99089,2.94941,2.94972,-0.0310885,-0.0323108,0.0219177,0.0199029,-0.0357785,-0.0363477,0.785298,0.781807,0.057641,0.0571804,-0.0967611,-0.0913403,1.31722e-06,0.000376925,1.05484,1.09822,2.49462,0.0219177,-0.0357785,0.785298
21.3,1.08468,1.07011,1.12769,1.12229,2.4943,2.49845,2.98391,2.99003,2.94539,2.94566,-0.0319835,-0.0331921,0.0224935,0.020435,-0.0367455,-0.0373643,0.785298,0.781798,0.0575317,0.0570937,-0.0966379,-0.0912252,1.34488e-06,0.000391319,1.08468,1.12769,2.4943,0.0224935,-0.0367455,0.785298
21.31,1.11451,1.09996,1.15713,1.15181,2.49398,2.49813,2.98292,2.98915,2.94126,2.9415,-0.0328782,-0.0340751,0.0230683,0.0209648,-0.0377112,-0.0383796,0.785298,0.781786,0.0574196,0.0570027,-0.0965116,-0.0911066,1.37197e-06,0.000406176,1.11451,1.15713,2.49398,0.0230683,-0.0377112,0.785298
21.32,1.14434,1.1298,1.18652,1.18129,2.49364,2.4978,2.9819,2.98824,2.93703,2.93724,-0.0337727,-0.0349595,0.0236419,0.0214924,-0.0386757,-0.0393939,0.785298,0.781773,0.0573047,0.0569049,-0.0963822,-0.0909843,1.39849e-06,0.00042136,1.14434,1.18652,2.49364,0.0236419,-0.0386757,0.785298
21.33,1.17415,1.15963,1.21587,1.2107,2.4933,2.49746,2.98085,2.9873,2.93269,2.93286,-0.0346668,-0.0358448,0.0242144,0.0220178,-0.0396389,-0.0404069,0.785298,0.781759,0.057187,0.0568004,-0.0962495,-0.0908585,1.42445e-06,0.000436723,1.17415,1.21587,2.4933,0.0242144,-0.0396389,0.785298
21.34,1.20395,1.18945,1.24517,1.24007,2.49295,2.49711,2.97977,2.98633,2.92825,2.92838,-0.0355606,-0.0367311,0.0247856,0.0225415,-0.0406007,-0.0414184,0.785298,0.781744,0.0570665,0.0566916,-0.0961138,-0.0907288,1.44984e-06,0.000451982,1.20395,1.24517,2.49295,0.0247856,-0.0406007,0.785298
21.35,1.23375,1.21925,1.27443,1.26937,2.49259,2.49674,2.97867,2.98534,2.9237,2.92379,-0.0364541,-0.0376179,0.0253557,0.0230633,-0.0415611,-0.0424286,0.785298,0.781727,0.0569432,0.0565759,-0.0959749,-0.0905956,1.47467e-06,0.000467673,1.23375,1.27443,2.49259,0.0253557,-0.0415611,0.785298
21.36,1.26353,1.24905,1.30365,1.29863,2.49222,2.49637,2.97755,2.98431,2.91904,2.9191,-0.0373473,-0.0385056,0.0259245,0.0235837,-0.0425202,-0.0434376,0.785298,0.781709,0.0568172,0.0564546,-0.0958328,-0.0904583,1.49894e-06,0.000483185,1.26353,1.30365,2.49222,0.0259245,-0.0425202,0.785298
21.37,1.2933,1.27883,1.33281,1.32783,2.49184,2.49599,2.97639,2.98325,2.91428,2.91431,-0.0382401,-0.0393935,0.026492,0.0241026,-0.0434778,-0.044445,0.785298,0.781691,0.0566884,0.0563273,-0.0956877,-0.0903163,1.52265e-06,0.000498429,1.2933,1.33281,2.49184,0.026492,-0.0434778,0.785298
21.38,1.32306,1.30859,1.36193,1.35696,2.49146,2.49559,2.97521,2.98216,2.90942,2.90941,-0.0391326,-0.0402812,0.0270583,0.0246199,-0.0444339,-0.0454507,0.785298,0.781671,0.0565569,0.0561948,-0.0955394,-0.0901706,1.54581e-06,0.000513598,1.32306,1.36193,2.49146,0.0270583,-0.0444339,0.785298
21.39,1.3528,1.33835,1.391,1.38605,2.49106,2.49519,2.974,2.98105,2.90444,2.9044,-0.0400247,-0.0411695,0.0276232,0.0251367,-0.0453886,-0.0464552,0.785298,0.781651,0.0564226,0.0560566,-0.095388,-0.0900198,1.56841e-06,0.000528395,1.3528,1.391,2.49106,0.0276232,-0.0453886,0.785298
21.4,1.38254,1.36809,1.42002,1.41508,2.49066,2.49478,2.97277,2.97989,2.89937,2.89929,-0.0409165,-0.0420576,0.0281867,0.0256526,-0.0463417,-0.0474577,0.785298,0.78163,0.0562856,0.0559133,-0.0952335,-0.0898659,1.59046e-06,0.000542641,1.38254,1.42002,2.49066,0.0281867,-0.0463417,0.785298
21.41,1.41226,1.39781,1.44899,1.44406,2.49024,2.49435,2.97151,2.97871,2.89419,2.89408,-0.0418079,-0.0429456,0.0287489,0.0261679,-0.0472932,-0.0484586,0.785298,0.781609,0.0561459,0.0557653,-0.095076,-0.089707,1.61197e-06,0.000556543,1.41226,1.44899,2.49024,0.0287489,-0.0472932,0.785298
21.42,1.44197,1.42753,1.4779,1.47297,2.48982,2.49392,2.97022,2.9775,2.88891,2.88876,-0.0426989,-0.0438325,0.0293096,0.0266825,-0.0482432,-0.0494575,0.785298,0.781587,0.0560034,0.0556118,-0.0949154,-0.0895447,1.63293e-06,0.000569686,1.44197,1.4779,2.48982,0.0293096,-0.0482432,0.785298
21.43,1.47166,1.45723,1.50677,1.50184,2.48939,2.49348,2.9689,2.97625,2.88352,2.88334,-0.0435896,-0.0447195,0.0298689,0.0271971,-0.0491915,-0.0504547,0.785298,0.781565,0.0558583,0.0554548,-0.0947517,-0.089377,1.65335e-06,0.00058195,1.47166,1.50677,2.48939,0.0298689,-0.0491915,0.785298
21.44,1.50134,1.48691,1.53557,1.53064,2.48895,2.49302,2.96756,2.97497,2.87803,2.87782,-0.0444798,-0.0456055,0.0304268,0.0277114,-0.0501382,-0.0514496,0.785298,0.781542,0.0557105,0.0552934,-0.0945849,-0.0892051,1.67323e-06,0.000593767,1.50134,1.53557,2.48895,0.0304268,-0.0501382,0.785298
21.45,1.53101,1.51658,1.56433,1.55939,2.4885,2.49256,2.96619,2.97366,2.87243,2.87219,-0.0453697,-0.0464904,0.0309831,0.0282258,-0.0510832,-0.0524423,0.785298,0.78152,0.05556,0.0551283,-0.0944152,-0.08903,1.69257e-06,0.000604451,1.53101,1.56433,2.4885,0.0309831,-0.0510832,0.785298
21.46,1.56067,1.54623,1.59302,1.58808,2.48804,2.49209,2.9648,2.97231,2.86673,2.86647,-0.0462591,-0.0473743,0.031538,0.0287405,-0.0520265,-0.0534326,0.785298,0.781498,0.0554069,0.0549599,-0.0942423,-0.0888502,1.71138e-06,0.000614375,1.56067,1.59302,2.48804,0.031538,-0.0520265,0.785298
21.47,1.59031,1.57588,1.62166,1.61672,2.48757,2.49161,2.96338,2.97093,2.86093,2.86064,-0.0471481,-0.0482569,0.0320912,0.0292555,-0.052968,-0.0544206,0.785298,0.781476,0.055251,0.0547881,-0.0940665,-0.0886672,1.72966e-06,0.000623152,1.59031,1.62166,2.48757,0.0320912,-0.052968,0.785298
21.48,1.61994,1.60551,1.65024,1.6453,2.4871,2.49113,2.96193,2.96952,2.85502,2.85471,-0.0480367,-0.0491387,0.032643,0.0297711,-0.0539078,-0.0554058,0.785298,0.781455,0.0550926,0.0546144,-0.0938876,-0.0884814,1.74741e-06,0.000630751,1.61994,1.65024,2.4871,0.032643,-0.0539078,0.785298
21.49,1.64955,1.63512,1.67876,1.67383,2.48661,2.49063,2.96045,2.96807,2.84901,2.84867,-0.0489249,-0.0500188,0.0331931,0.0302874,-0.0548458,-0.0563886,0.785298,0.781434,0.0549315,0.0544376,-0.0937057,-0.0882928,1.76463e-06,0.000637129,1.64955,1.67876,2.48661,0.0331931,-0.0548458,0.785298
21.5,1.67914,1.66473,1.70722,1.7023,2.48612,2.49013,2.95895,2.9666,2.8429,2.84253,-0.0498126,-0.0508972,0.0337416,0.0308044,-0.0557819,-0.0573684,0.785298,0.781414,0.0547677,0.054259,-0.0935209,-0.0880999,1.78134e-06,0.00064227,1.67914,1.70722,2.48612,0.0337416,-0.0557819,0.785298
21.51,1.70873,1.69433,1.73562,1.73072,2.48562,2.48962,2.95742,2.96508,2.83669,2.83629,-0.0506999,-0.0517743,0.0342884,0.0313221,-0.0567162,-0.0583452,0.785298,0.781395,0.0546014,0.0540793,-0.093333,-0.0879046,1.79753e-06,0.00064604,1.70873,1.73562,2.48562,0.0342884,-0.0567162,0.785298
21.52,1.73829,1.72391,1.76395,1.75908,2.4851,2.4891,2.95587,2.96354,2.83037,2.82995,-0.0515867,-0.0526492,0.0348336,0.0318407,-0.0576486,-0.0593189,0.785298,0.781376,0.0544325,0.0538977,-0.0931422,-0.0877077,1.8132e-06,0.000648648,1.73829,1.76395,2.4851,0.0348336,-0.0576486,0.785298
21.53,1.76784,1.75348,1.79222,1.78739,2.48458,2.48857,2.95429,2.96197,2.82396,2.82351,-0.0524731,-0.0535226,0.0353771,0.0323602,-0.058579,-0.0602891,0.785298,0.781359,0.0542609,0.0537156,-0.0929485,-0.0875072,1.82836e-06,0.000649691,1.76784,1.79222,2.48458,0.0353771,-0.058579,0.785298
21.54,1.79738,1.78304,1.82043,1.81564,2.48406,2.48804,2.95268,2.96036,2.81744,2.81696,-0.053359,-0.0543942,0.0359188,0.0328807,-0.0595075,-0.0612563,0.785298,0.781343,0.0540868,0.0535329,-0.0927517,-0.0873053,1.84301e-06,0.000649408,1.79738,1.82043,2.48406,0.0359188,-0.0595075,0.785298
21.55,1.8269,1.81258,1.84857,1.84382,2.48352,2.4875,2.95104,2.95873,2.81082,2.81032,-0.0542444,-0.0552638,0.0364588,0.0334021,-0.060434,-0.0622196,0.785298,0.781328,0.0539101,0.0533501,-0.0925521,-0.0871022,1.85716e-06,0.000647202,1.8269,1.84857,2.48352,0.0364588,-0.060434,0.785298
21.56,1.8564,1.84211,1.87665,1.87196,2.48297,2.48695,2.94938,2.95706,2.8041,2.80357,-0.0551293,-0.0561312,0.036997,0.0339244,-0.0613586,-0.0631796,0.785298,0.781315,0.0537309,0.0531671,-0.0923495,-0.0868981,1.87081e-06,0.000644207,1.8564,1.87665,2.48297,0.036997,-0.0613586,0.785298
21.57,1.88588,1.87163,1.90465,1.90003,2.48241,2.4864,2.94769,2.95536,2.79727,2.79672,-0.0560137,-0.0569973,0.0375334,0.0344475,-0.062281,-0.0641358,0.785298,0.781303,0.0535491,0.0529844,-0.092144,-0.0866934,1.88396e-06,0.000639424,1.88588,1.90465,2.48241,0.0375334,-0.062281,0.785298
21.58,1.91535,1.90115,1.93259,1.92805,2.48185,2.48583,2.94598,2.95363,2.79035,2.78977,-0.0568977,-0.0578613,0.038068,0.0349715,-0.0632014,-0.0650882,0.785298,0.781293,0.0533648,0.0528037,-0.0919356,-0.0864875,1.89662e-06,0.000632823,1.91535,1.93259,2.48185,0.038068,-0.0632014,0.785298
21.59,1.9448,1.93065,1.96046,1.956,2.48128,2.48526,2.94424,2.95188,2.78333,2.78272,-0.0577811,-0.0587231,0.0386007,0.0354961,-0.0641197,-0.0660367,0.785298,0.781284,0.0531779,0.0526221,-0.0917243,-0.086281,1.90878e-06,0.000625253,1.9448,1.96046,2.48128,0.0386007,-0.0641197,0.785298
21.6,1.97424,1.96013,1.98826,1.98388,2.48069,2.48469,2.94247,2.9501,2.7762,2.77557,-0.058664,-0.059583,0.0391315,0.0360214,-0.0650359,-0.066981,0.785298,0.781278,0.0529886,0.0524409,-0.0915101,-0.0860745,1.92046e-06,0.000615984,1.97424,1.98826,2.48069,0.0391315,-0.0650359,0.785298
21.61,2.00365,1.98961,2.01598,2.01171,2.4801,2.48411,2.94068,2.94829,2.76898,2.76832,-0.0595463,-0.0604411,0.0396605,0.0365472,-0.0659499,-0.0679215,0.785298,0.781272,0.0527967,0.0522621,-0.0912931,-0.0858684,1.93166e-06,0.000605464,2.00365,2.01598,2.4801,0.0396605,-0.0659499,0.785298
21.62,2.03305,2.01907,2.04364,2.03947,2.4795,2.48352,2.93886,2.94645,2.76165,2.76097,-0.0604281,-0.0612971,0.0401875,0.0370732,-0.0668618,-0.0688579,0.785298,0.781269,0.0526024,0.0520837,-0.0910732,-0.0856632,1.94237e-06,0.000593334,2.03305,2.04364,2.4795,0.0401875,-0.0668618,0.785298
21.63,2.06243,2.04851,2.07122,2.06715,2.47889,2.48292,2.93701,2.94459,2.75423,2.75352,-0.0613094,-0.0621515,0.0407125,0.0375992,-0.0677714,-0.0697898,0.785298,0.781267,0.0524056,0.0519074,-0.0908505,-0.0854592,1.95262e-06,0.000579923,2.06243,2.07122,2.47889,0.0407125,-0.0677714,0.785298
21.64,2.09179,2.07794,2.09872,2.09477,2.47828,2.48232,2.93514,2.9427,2.74671,2.74597,-0.0621901,-0.063004,0.0412356,0.0381254,-0.0686788,-0.0707179,0.785298,0.781267,0.0522063,0.0517316,-0.0906249,-0.0852546,1.96239e-06,0.000565171,2.09179,2.09872,2.47828,0.0412356,-0.0686788,0.785298
21.65,2.12113,2.10736,2.12615,2.12232,2.47765,2.4817,2.93324,2.94079,2.73909,2.73833,-0.0630703,-0.0638549,0.0417566,0.0386512,-0.0695839,-0.0716416,0.785298,0.781269,0.0520046,0.051557,-0.0903965,-0.0850516,1.97169e-06,0.00054951,2.12113,2.12615,2.47765,0.0417566,-0.0695839,0.785298
21.66,2.15046,2.13676,2.1535,2.14979,2.47702,2.48109,2.93131,2.93885,2.73137,2.73058,-0.0639499,-0.0647042,0.0422756,0.0391767,-0.0704867,-0.0725613,0.785298,0.781272,0.0518004,0.0513833,-0.0901653,-0.0848504,1.98053e-06,0.000532523,2.15046,2.1535,2.47702,0.0422756,-0.0704867,0.785298
21.67,2.17976,2.16614,2.18078,2.17719,2.47637,2.48046,2.92936,2.9369,2.72355,2.72274,-0.0648289,-0.0655517,0.0427926,0.0397016,-0.0713872,-0.0734766,0.785298,0.781277,0.0515939,0.051211,-0.0899313,-0.0846499,1.98891e-06,0.000514492,2.17976,2.18078,2.47637,0.0427926,-0.0713872,0.785298
21.68,2.20904,2.1955,2.20797,2.2045,2.47572,2.47983,2.92738,2.93491,2.71564,2.7148,-0.0657074,-0.0663987,0.0433075,0.0402256,-0.0722853,-0.0743879,0.785298,0.781283,0.0513849,0.0510399,-0.0896946,-0.0844517,1.99683e-06,0.000495419,2.20904,2.20797,2.47572,0.0433075,-0.0722853,0.785298
21.69,2.23831,2.22485,2.23509,2.23173,2.47506,2.47919,2.92537,2.93291,2.70762,2.70676,-0.0665852,-0.067244,0.0438203,0.0407485,-0.073181,-0.0752949,0.785298,0.78129,0.0511735,0.0508687,-0.0894551,-0.0842547,2.0043e-06,0.00047566,2.23831,2.23509,2.47506,0.0438203,-0.073181,0.785298
21.7,2.26755,2.25418,2.26213,2.25889,2.47439,2.47854,2.92334,2.93089,2.69951,2.69863,-0.0674625,-0.0680882,0.044331,0.0412702,-0.0740744,-0.0761979,0.785298,0.781299,0.0509598,0.0506988,-0.0892128,-0.0840588,2.01132e-06,0.000455365,2.26755,2.26213,2.47439,0.044331,-0.0740744,0.785298
21.71,2.29677,2.28347,2.28908,2.28594,2.47371,2.47789,2.92128,2.92884,2.6913,2.6904,-0.0683391,-0.0689309,0.0448395,0.0417902,-0.0749653,-0.0770965,0.785298,0.781309,0.0507437,0.0505288,-0.0889678,-0.083866,2.0179e-06,0.00043419,2.29677,2.28908,2.47371,0.0448395,-0.0749653,0.785298
21.72,2.32598,2.31276,2.31595,2.31292,2.47302,2.47722,2.9192,2.92677,2.683,2.68208,-0.0692152,-0.0697735,0.0453458,0.0423086,-0.0758537,-0.0779913,0.785298,0.78132,0.0505252,0.0503595,-0.08872,-0.083673,2.02405e-06,0.000412449,2.32598,2.31595,2.47302,0.0453458,-0.0758537,0.785298
21.73,2.35516,2.34202,2.34274,2.3398,2.47232,2.47655,2.91709,2.92468,2.6746,2.67367,-0.0700906,-0.0706152,0.04585,0.0428249,-0.0767397,-0.0788823,0.785298,0.781332,0.0503044,0.0501892,-0.0884696,-0.0834819,2.02975e-06,0.0003905,2.35516,2.34274,2.47232,0.04585,-0.0767397,0.785298
21.74,2.38432,2.37125,2.36944,2.36659,2.47162,2.47587,2.91495,2.92257,2.6661,2.66516,-0.0709653,-0.0714568,0.0463519,0.0433391,-0.0776231,-0.0797693,0.785298,0.781344,0.0500812,0.0500191,-0.0882164,-0.0832915,2.03502e-06,0.000368312,2.38432,2.36944,2.47162,0.0463519,-0.0776231,0.785298
21.75,2.41346,2.40046,2.39606,2.39329,2.47091,2.47519,2.91279,2.92045,2.65751,2.65656,-0.0718395,-0.0722979,0.0468516,0.0438508,-0.078504,-0.0806527,0.785298,0.781357,0.0498558,0.0498488,-0.0879606,-0.083103,2.03987e-06,0.000346154,2.41346,2.39606,2.47091,0.0468516,-0.078504,0.785298
21.76,2.44257,2.42964,2.42259,2.41989,2.47018,2.47449,2.9106,2.91829,2.64882,2.64787,-0.072713,-0.0731392,0.047349,0.04436,-0.0793823,-0.0815323,0.785298,0.781369,0.049628,0.0496761,-0.087702,-0.0829141,2.0443e-06,0.000323743,2.44257,2.42259,2.47018,0.047349,-0.0793823,0.785298
21.77,2.47167,2.4588,2.44904,2.44639,2.46945,2.47379,2.90839,2.91612,2.64003,2.63908,-0.0735858,-0.0739804,0.0478442,0.0448664,-0.080258,-0.0824084,0.785298,0.781383,0.049398,0.0495037,-0.0874409,-0.0827285,2.0483e-06,0.000301749,2.47167,2.44904,2.46945,0.0478442,-0.080258,0.785298
21.78,2.50074,2.48794,2.47539,2.47279,2.46871,2.47307,2.90615,2.91393,2.63115,2.63021,-0.074458,-0.0748216,0.048337,0.0453698,-0.0811311,-0.0832809,0.785298,0.781395,0.0491657,0.0493293,-0.087177,-0.0825417,2.05189e-06,0.000279814,2.50074,2.47539,2.46871,0.048337,-0.0811311,0.785298
21.79,2.52979,2.51704,2.50166,2.49909,2.46796,2.47235,2.90388,2.91172,2.62218,2.62124,-0.0753295,-0.0756636,0.0488275,0.0458702,-0.0820016,-0.08415,0.785298,0.781408,0.0489311,0.049153,-0.0869106,-0.0823557,2.05507e-06,0.00025852,2.52979,2.50166,2.46796,0.0488275,-0.0820016,0.785298
21.8,2.55882,2.54611,2.52784,2.52528,2.4672,2.47162,2.90159,2.90948,2.61311,2.61219,-0.0762003,-0.0765062,0.0493156,0.0463672,-0.0828693,-0.0850158,0.785298,0.78142,0.0486943,0.0489752,-0.0866415,-0.0821695,2.05785e-06,0.000237569,2.55882,2.52784,2.4672,0.0493156,-0.0828693,0.785298
21.81,2.58782,2.57516,2.55392,2.55138,2.46644,2.47088,2.89927,2.90722,2.60395,2.60305,-0.0770704,-0.0773494,0.0498013,0.046861,-0.0837344,-0.0858783,0.785299,0.781432,0.0484552,0.0487942,-0.0863698,-0.081981,2.06022e-06,0.000217333,2.58782,2.55392,2.46644,0.0498013,-0.0837344,0.785299
21.82,2.6168,2.60418,2.57992,2.57737,2.46566,2.47013,2.89692,2.90494,2.59469,2.59381,-0.0779399,-0.0781937,0.0502847,0.0473512,-0.0845967,-0.086738,0.785299,0.781442,0.048214,0.0486121,-0.0860956,-0.0817941,2.0622e-06,0.000197843,2.6168,2.57992,2.46566,0.0502847,-0.0845967,0.785299
21.83,2.64576,2.63318,2.60582,2.60326,2.46488,2.46938,2.89455,2.90264,2.58534,2.58449,-0.0788086,-0.0790391,0.0507656,0.047838,-0.0854563,-0.0875945,0.785299,0.781452,0.0479705,0.048427,-0.0858187,-0.0816055,2.06379e-06,0.000178933,2.64576,2.60582,2.46488,0.0507656,-0.0854563,0.785299
21.84,2.67469,2.66214,2.63162,2.62904,2.46409,2.46861,2.89215,2.90031,2.5759,2.57508,-0.0796767,-0.0798852,0.0512441,0.0483208,-0.0863131,-0.0884482,0.785299,0.781461,0.0477249,0.0482378,-0.0855393,-0.0814161,2.06498e-06,0.000161275,2.67469,2.63162,2.46409,0.0512441,-0.0863131,0.785299
21.85,2.7036,2.69107,2.65733,2.65471,2.46329,2.46783,2.88973,2.89796,2.56637,2.56558,-0.080544,-0.0807328,0.0517201,0.0488001,-0.0871671,-0.0892989,0.785299,0.781468,0.047477,0.0480474,-0.0852574,-0.0812254,2.0658e-06,0.000144452,2.7036,2.65733,2.46329,0.0517201,-0.0871671,0.785299
21.86,2.73249,2.71998,2.68295,2.68028,2.46248,2.46705,2.88728,2.89558,2.55674,2.55599,-0.0814106,-0.0815816,0.0521936,0.0492756,-0.0880182,-0.0901471,0.785299,0.781474,0.0472271,0.0478527,-0.0849729,-0.0810327,2.06623e-06,0.000128686,2.73249,2.68295,2.46248,0.0521936,-0.0880182,0.785299
21.87,2.76135,2.74886,2.70847,2.70575,2.46166,2.46625,2.8848,2.89317,2.54702,2.54631,-0.0822764,-0.0824316,0.0526646,0.0497473,-0.0888665,-0.0909927,0.785299,0.781478,0.0469749,0.0476559,-0.0846859,-0.0808372,2.06629e-06,0.000113577,2.76135,2.70847,2.46166,0.0526646,-0.0888665,0.785299
21.88,2.79018,2.7777,2.73389,2.7311,2.46083,2.46545,2.8823,2.89074,2.53721,2.53654,-0.0831416,-0.0832828,0.0531331,0.0502151,-0.0897119,-0.0918353,0.785299,0.781481,0.0467207,0.0474557,-0.0843964,-0.0806401,2.06598e-06,0.000100255,2.79018,2.73389,2.46083,0.0531331,-0.0897119,0.785299
21.89,2.819,2.80652,2.75921,2.75636,2.45999,2.46463,2.87977,2.88828,2.52731,2.52669,-0.0840059,-0.0841354,0.053599,0.0506791,-0.0905544,-0.0926759,0.785299,0.781482,0.0464643,0.0472516,-0.0841044,-0.0804403,2.0653e-06,8.77976e-05,2.819,2.75921,2.45999,0.053599,-0.0905544,0.785299
21.9,2.84778,2.83532,2.78444,2.78151,2.45915,2.46381,2.87722,2.88579,2.51732,2.51674,-0.0848695,-0.0849894,0.0540624,0.0511391,-0.091394,-0.0935139,0.785299,0.781481,0.0462058,0.0470445,-0.0838099,-0.0802374,2.06426e-06,7.65175e-05,2.84778,2.78444,2.45915,0.0540624,-0.091394,0.785299
21.91,2.87654,2.86408,2.80956,2.80655,2.4583,2.46297,2.87464,2.88328,2.50723,2.50671,-0.0857324,-0.0858444,0.0545232,0.0515954,-0.0922306,-0.0943496,0.785299,0.781478,0.0459453,0.0468344,-0.083513,-0.08003,2.06286e-06,6.64443e-05,2.87654,2.80956,2.4583,0.0545232,-0.0922306,0.785299
21.92,2.90527,2.89281,2.83458,2.83149,2.45744,2.46213,2.87204,2.88073,2.49706,2.49659,-0.0865945,-0.0867005,0.0549813,0.0520479,-0.0930643,-0.0951828,0.785299,0.781474,0.0456826,0.0466209,-0.0832136,-0.0798204,2.06112e-06,5.7742e-05,2.90527,2.83458,2.45744,0.0549813,-0.0930643,0.785299
21.93,2.93398,2.92153,2.8595,2.85633,2.45656,2.46127,2.86941,2.87815,2.4868,2.48638,-0.0874558,-0.0875576,0.0554368,0.0524966,-0.0938949,-0.0960139,0.785299,0.781467,0.0454179,0.0464048,-0.0829118,-0.0796073,2.05902e-06,4.99636e-05,2.93398,2.8595,2.45656,0.0554368,-0.0938949,0.785299
21.94,2.96266,2.95021,2.88432,2.88106,2.45569,2.46041,2.86675,2.87554,2.47645,2.47608,-0.0883163,-0.0884157,0.0558896,0.0529415,-0.0947225,-0.0968427,0.785299,0.781459,0.0451512,0.0461852,-0.0826076,-0.0793905,2.05658e-06,4.35859e-05,2.96266,2.88432,2.45569,0.0558896,-0.0947225,0.785299
21.95,2.99132,2.97887,2.90903,2.90569,2.4548,2.45953,2.86407,2.8729,2.46601,2.4657,-0.089176,-0.0892744,0.0563398,0.0533827,-0.095547,-0.097669,0.785299,0.781449,0.0448825,0.0459623,-0.082301,-0.0791696,2.0538e-06,3.8147e-05,2.99132,2.90903,2.4548,0.0563398,-0.095547,0.785299
21.96,3.01994,3.00749,2.93364,2.93021,2.4539,2.45865,2.86136,2.87023,2.45548,2.45523,-0.0900349,-0.0901332,0.0567873,0.05382,-0.0963685,-0.0984932,0.785299,0.781437,0.0446117,0.0457371,-0.0819919,-0.0789456,2.05069e-06,3.41684e-05,3.01994,2.93364,2.4539,0.0567873,-0.0963685,0.785299
21.97,3.04854,3.03609,2.95814,2.95464,2.453,2.45775,2.85863,2.86752,2.44486,2.44466,-0.090893,-0.0909926,0.057232,0.0542542,-0.0971869,-0.0993149,0.785299,0.781423,0.0443389,0.0455096,-0.0816805,-0.0787164,2.04725e-06,3.1054e-05,3.04854,2.95814,2.453,0.057232,-0.0971869,0.785299
21.98,3.07711,3.06467,2.98253,2.97896,2.45208,2.45685,2.85587,2.86478,2.43415,2.43401,-0.0917503,-0.0918521,0.0576741,0.0546846,-0.0980021,-0.100135,0.785299,0.781407,0.0440642,0.0452792,-0.0813668,-0.0784836,2.04348e-06,2.90722e-05,3.07711,2.98253,2.45208,0.0576741,-0.0980021,0.785299
21.99,3.10566,3.09321,3.00682,3.00318,2.45116,2.45593,2.85308,2.86201,2.42336,2.42327,-0.0926068,-0.0927116,0.0581133,0.0551117,-0.0988142,-0.100952,0.785299,0.78139,0.0437874,0.0450465,-0.0810507,-0.0782473,2.03939e-06,2.8193e-05,3.10566,3.00682,2.45116,0.0581133,-0.0988142,0.785299
22,3.13418,3.12173,3.031,3.02729,2.45023,2.45501,2.85027,2.8592,2.41248,2.41244,-0.0934624,-0.0935708,0.0585498,0.0555354,-0.0996231,-0.101766,0.785299,0.781371,0.0435088,0.0448124,-0.0807323,-0.078007,2.03499e-06,2.81632e-05,3.13418,3.031,2.45023,0.0585498,-0.0996231,0.785299
22.01,3.16266,3.15023,3.05507,3.05131,2.44929,2.45407,2.84744,2.85635,2.40151,2.40153,-0.0943172,-0.0944299,0.0589835,0.0559558,-0.100429,-0.102579,0.785299,0.781351,0.0432282,0.0445761,-0.0804116,-0.0777621,2.03027e-06,2.91616e-05,3.16266,3.05507,2.44929,0.0589835,-0.100429,0.785299
22.02,3.19112,3.1787,3.07903,3.07522,2.44835,2.45313,2.84457,2.85348,2.39046,2.39052,-0.0951711,-0.0952879,0.0594144,0.0563731,-0.101231,-0.103388,0.785299,0.781329,0.0429456,0.0443376,-0.0800885,-0.0775137,2.02525e-06,3.10391e-05,3.19112,3.07903,2.44835,0.0594144,-0.101231,0.785299
22.03,3.21956,3.20713,3.10288,3.09902,2.44739,2.45217,2.84169,2.85056,2.37932,2.37944,-0.0960242,-0.0961449,0.0598424,0.0567871,-0.102031,-0.104195,0.785299,0.781307,0.0426612,0.0440989,-0.0797632,-0.0772619,2.01992e-06,3.37809e-05,3.21956,3.10288,2.44739,0.0598424,-0.102031,0.785299
22.04,3.24796,3.23554,3.12662,3.12272,2.44643,2.45121,2.83877,2.84762,2.3681,2.36826,-0.0968764,-0.097001,0.0602676,0.0571983,-0.102827,-0.104999,0.785299,0.781283,0.0423748,0.0438582,-0.0794356,-0.0770064,2.0143e-06,3.74615e-05,3.24796,3.12662,2.44643,0.0602676,-0.102827,0.785299
22.05,3.27633,3.26392,3.15024,3.14632,2.44545,2.45023,2.83583,2.84464,2.35679,2.357,-0.0977278,-0.0978554,0.0606899,0.0576062,-0.103619,-0.1058,0.785299,0.781258,0.0420866,0.0436165,-0.0791058,-0.0767479,2.00838e-06,4.15295e-05,3.27633,3.15024,2.44545,0.0606899,-0.103619,0.785299
22.06,3.30468,3.29227,3.17375,3.16981,2.44447,2.44925,2.83287,2.84162,2.34539,2.34565,-0.0985782,-0.0987087,0.0611093,0.0580115,-0.104409,-0.106598,0.785299,0.781232,0.0417966,0.0433735,-0.0787737,-0.0764864,2.00217e-06,4.6283e-05,3.30468,3.17375,2.44447,0.0611093,-0.104409,0.785299
22.07,3.33299,3.32058,3.19715,3.19319,2.44348,2.44825,2.82988,2.83858,2.33392,2.33422,-0.0994278,-0.0995602,0.0615258,0.0584137,-0.105195,-0.107393,0.785299,0.781206,0.0415046,0.0431303,-0.0784395,-0.0762211,1.99568e-06,5.1707e-05,3.33299,3.19715,2.44348,0.0615258,-0.105195,0.785299
22.08,3.36127,3.34888,3.22043,3.21647,2.44248,2.44725,2.82687,2.8355,2.32235,2.3227,-0.100277,-0.10041,0.0619394,0.0588136,-0.105977,-0.108185,0.785299,0.78118,0.0412109,0.0428872,-0.0781029,-0.075953,1.98891e-06,5.7891e-05,3.36127,3.22043,2.44248,0.0619394,-0.105977,0.785299
22.09,3.38953,3.37713,3.24359,3.23964,2.44148,2.44624,2.82383,2.83238,2.31071,2.3111,-0.101124,-0.101257,0.06235,0.0592104,-0.106757,-0.108973,0.785299,0.781153,0.0409153,0.0426426,-0.0777643,-0.0756843,1.98187e-06,6.42389e-05,3.38953,3.24359,2.44148,0.06235,-0.106757,0.785299
22.1,3.41775,3.40536,3.26664,3.26269,2.44046,2.44521,2.82076,2.82924,2.29898,2.29942,-0.101971,-0.102103,0.0627577,0.0596048,-0.107533,-0.109757,0.785299,0.781126,0.0406179,0.0423975,-0.0774234,-0.0754119,1.97455e-06,7.11679e-05,3.41775,3.26664,2.44046,0.0627577,-0.107533,0.785299
22.11,3.44594,3.43355,3.28957,3.28564,2.43944,2.44418,2.81767,2.82606,2.28717,2.28765,-0.102817,-0.102946,0.0631624,0.0599967,-0.108305,-0.110538,0.785299,0.781099,0.0403187,0.0421529,-0.0770804,-0.0751376,1.96697e-06,7.85887e-05,3.44594,3.28957,2.43944,0.0631624,-0.108305,0.785299
22.12,3.4741,3.4617,3.31239,3.30847,2.4384,2.44314,2.81455,2.82286,2.27528,2.27581,-0.103662,-0.103787,0.0635641,0.060386,-0.109074,-0.111314,0.785299,0.781072,0.0400178,0.0419068,-0.0767352,-0.0748614,1.95913e-06,8.63969e-05,3.4741,3.31239,2.4384,0.0635641,-0.109074,0.785299
22.13,3.50223,3.48982,3.33508,3.33118,2.43736,2.44209,2.81141,2.81962,2.2633,2.26389,-0.104506,-0.104625,0.0639627,0.0607729,-0.10984,-0.112086,0.785299,0.781045,0.0397151,0.0416606,-0.0763879,-0.0745838,1.95103e-06,9.42498e-05,3.50223,3.33508,2.43736,0.0639627,-0.10984,0.785299
22.14,3.53033,3.5179,3.35765,3.35378,2.43631,2.44103,2.80825,2.81636,2.25124,2.25189,-0.105349,-0.105462,0.0643584,0.0611575,-0.110602,-0.112854,0.785299,0.781019,0.0394106,0.0414143,-0.0760385,-0.0743049,1.94268e-06,0.000102654,3.53033,3.35765,2.43631,0.0643584,-0.110602,0.785299
22.15,3.5584,3.54595,3.3801,3.37626,2.43526,2.43996,2.80505,2.81307,2.23911,2.2398,-0.106192,-0.106295,0.0647509,0.0615398,-0.111361,-0.113618,0.785299,0.780993,0.0391045,0.0411665,-0.075687,-0.0740239,1.93408e-06,0.000110954,3.5584,3.3801,2.43526,0.0647509,-0.111361,0.785299
22.16,3.58643,3.57396,3.40243,3.39862,2.43419,2.43889,2.80184,2.80975,2.22689,2.22765,-0.107033,-0.107126,0.0651404,0.0619198,-0.112116,-0.114377,0.785299,0.780968,0.0387966,0.0409184,-0.0753333,-0.0737433,1.92523e-06,0.000119776,3.58643,3.40243,2.43419,0.0651404,-0.112116,0.785299
22.17,3.61443,3.60193,3.42464,3.42086,2.43312,2.4378,2.7986,2.8064,2.21459,2.21542,-0.107873,-0.107954,0.0655269,0.0622975,-0.112867,-0.115131,0.785299,0.780944,0.038487,0.0406705,-0.0749777,-0.0734608,1.91615e-06,0.000128508,3.61443,3.42464,2.43312,0.0655269,-0.112867,0.785299
22.18,3.6424,3.62986,3.44673,3.44298,2.43203,2.43671,2.79533,2.80303,2.20222,2.20311,-0.108712,-0.10878,0.0659102,0.0626731,-0.113615,-0.11588,0.785299,0.780921,0.0381757,0.0404205,-0.0746199,-0.073177,1.90684e-06,0.000137284,3.6424,3.44673,2.43203,0.0659102,-0.113615,0.785299
22.19,3.67034,3.65775,3.46869,3.46497,2.43094,2.43561,2.79204,2.79964,2.18976,2.19073,-0.109551,-0.109604,0.0662904,0.0630463,-0.11436,-0.116624,0.785299,0.780898,0.0378628,0.0401694,-0.0742602,-0.0728929,1.89729e-06,0.000145942,3.67034,3.46869,2.43094,0.0662904,-0.11436,0.785299
22.2,3.69824,3.6856,3.49052,3.48683,2.42984,2.4345,2.78872,2.79622,2.17723,2.17827,-0.110388,-0.110425,0.0666674,0.0634175,-0.115101,-0.117363,0.785299,0.780877,0.0375482,0.0399171,-0.0738984,-0.0726076,1.88752e-06,0.000154898,3.69824,3.49052,2.42984,0.0666674,-0.115101,0.785299
22.21,3.72611,3.71341,3.51223,3.50856,2.42873,2.43339,2.78538,2.79278,2.16461,2.16575,-0.111225,-0.111243,0.0670413,0.0637865,-0.115838,-0.118097,0.785299,0.780857,0.0372319,0.0396633,-0.0735346,-0.0723209,1.87752e-06,0.000163406,3.72611,3.51223,2.42873,0.0670413,-0.115838,0.785299
22.22,3.75395,3.74117,3.53381,3.53016,2.42762,2.43226,2.78201,2.78932,2.15192,2.15316,-0.11206,-0.112059,0.0674121,0.0641532,-0.116571,-0.118825,0.785299,0.780838,0.0369141,0.0394065,-0.0731688,-0.072035,1.86731e-06,0.000171795,3.75395,3.53381,2.42762,0.0674121,-0.116571,0.785299
22.23,3.78175,3.76889,3.55527,3.55162,2.42649,2.43113,2.77862,2.78583,2.13916,2.14049,-0.112894,-0.112873,0.0677796,0.0645178,-0.117301,-0.119548,0.785299,0.78082,0.0365946,0.0391481,-0.0728011,-0.0717473,1.85689e-06,0.000180289,3.78175,3.55527,2.42649,0.0677796,-0.117301,0.785299
22.24,3.80952,3.79656,3.5766,3.57295,2.42536,2.42999,2.7752,2.78233,2.12631,2.12776,-0.113728,-0.113684,0.0681439,0.06488,-0.118027,-0.120265,0.785299,0.780804,0.0362736,0.0388868,-0.0724313,-0.0714581,1.84626e-06,0.000188231,3.80952,3.5766,2.42536,0.0681439,-0.118027,0.785299
22.25,3.83726,3.8242,3.59779,3.59416,2.42422,2.42885,2.77176,2.7788,2.11339,2.11496,-0.11456,-0.114494,0.0685051,0.0652404,-0.11875,-0.120977,0.785299,0.780789,0.0359509,0.0386227,-0.0720597,-0.0711683,1.83542e-06,0.000196159,3.83726,3.59779,2.42422,0.0685051,-0.11875,0.785299
22.26,3.86496,3.85178,3.61886,3.61521,2.42307,2.4277,2.76829,2.77526,2.1004,2.10209,-0.115391,-0.115301,0.068863,0.0655981,-0.119468,-0.121683,0.785299,0.780775,0.0356267,0.0383552,-0.071686,-0.0708779,1.82439e-06,0.000203565,3.86496,3.61886,2.42307,0.068863,-0.119468,0.785299
22.27,3.89262,3.87932,3.6398,3.63614,2.42191,2.42654,2.7648,2.7717,2.08733,2.08915,-0.116221,-0.116106,0.0692176,0.0659537,-0.120183,-0.122383,0.785299,0.780762,0.035301,0.0380842,-0.0713105,-0.0705844,1.81316e-06,0.000210583,3.89262,3.6398,2.42191,0.0692176,-0.120183,0.785299
22.28,3.92025,3.90682,3.66061,3.65692,2.42074,2.42537,2.76128,2.76812,2.07418,2.07615,-0.117051,-0.11691,0.069569,0.066307,-0.120895,-0.123078,0.785299,0.780751,0.0349737,0.0378103,-0.0709331,-0.0702888,1.80174e-06,0.00021714,3.92025,3.66061,2.42074,0.069569,-0.120895,0.785299
22.29,3.94785,3.93427,3.68128,3.67756,2.41957,2.4242,2.75774,2.76452,2.06096,2.06309,-0.117879,-0.117711,0.0699171,0.0666578,-0.121602,-0.123767,0.785299,0.780742,0.0346449,0.0375316,-0.0705538,-0.0699919,1.79014e-06,0.000223294,3.94785,3.68128,2.41957,0.0699171,-0.121602,0.785299
22.3,3.97541,3.96166,3.70183,3.69805,2.41839,2.42302,2.75417,2.76091,2.04766,2.04996,-0.118706,-0.11851,0.0702619,0.0670061,-0.122306,-0.124451,0.785299,0.780733,0.0343146,0.0372491,-0.0701726,-0.0696918,1.77835e-06,0.000228718,3.97541,3.70183,2.41839,0.0702619,-0.122306,0.785299
22.31,4.00293,3.98902,3.72224,3.71841,2.41719,2.42183,2.75058,2.75728,2.03429,2.03676,-0.119532,-0.119307,0.0706033,0.0673521,-0.123006,-0.125129,0.785299,0.780726,0.0339828,0.0369609,-0.0697896,-0.0693903,1.76639e-06,0.000233471,4.00293,3.72224,2.41719,0.0706033,-0.123006,0.785299
22.32,4.03042,4.01633,3.74251,3.73862,2.416,2.42064,2.74696,2.75363,2.02085,2.02351,-0.120357,-0.120103,0.0709415,0.0676953,-0.123702,-0.125802,0.785299,0.780721,0.0336495,0.036669,-0.0694047,-0.0690854,1.75425e-06,0.000237599,4.03042,3.74251,2.416,0.0709415,-0.123702,0.785299
22.33,4.05787,4.04359,3.76265,3.75869,2.41479,2.41944,2.74332,2.74997,2.00734,2.01019,-0.121181,-0.120897,0.0712763,0.068036,-0.124394,-0.12647,0.7853,0.780716,0.0333147,0.0363723,-0.069018,-0.0687769,1.74194e-06,0.000241131,4.05787,3.76265,2.41479,0.0712763,-0.124394,0.7853
22.34,4.08529,4.07081,3.78266,3.77861,2.41357,2.41824,2.73966,2.74629,1.99375,1.9968,-0.122003,-0.121689,0.0716078,0.0683739,-0.125082,-0.127132,0.7853,0.780713,0.0329786,0.0360702,-0.0686295,-0.0684652,1.72947e-06,0.000243828,4.08529,3.78266,2.41357,0.0716078,-0.125082,0.7853
22.35,4.11267,4.09798,3.80253,3.79838,2.41235,2.41703,2.73597,2.74259,1.9801,1.98335,-0.122825,-0.12248,0.0719359,0.068709,-0.125766,-0.127789,0.7853,0.780711,0.0326409,0.0357621,-0.0682393,-0.0681476,1.71684e-06,0.000245467,4.11267,3.80253,2.41235,0.0719359,-0.125766,0.7853
22.36,4.14001,4.1251,3.82226,3.81802,2.41112,2.41581,2.73225,2.73887,1.96637,1.96984,-0.123646,-0.123269,0.0722606,0.0690412,-0.126447,-0.128442,0.7853,0.78071,0.0323019,0.0354496,-0.0678472,-0.0678264,1.70405e-06,0.000246391,4.14001,3.82226,2.41112,0.0722606,-0.126447,0.7853
22.37,4.16731,4.15217,3.84186,3.8375,2.40987,2.41459,2.72852,2.73514,1.95257,1.95627,-0.124465,-0.124057,0.0725819,0.0693705,-0.127123,-0.129089,0.7853,0.78071,0.0319615,0.0351324,-0.0674534,-0.0675015,1.69111e-06,0.000246689,4.16731,3.84186,2.40987,0.0725819,-0.127123,0.7853
22.38,4.19458,4.1792,3.86131,3.85683,2.40863,2.41336,2.72475,2.73139,1.9387,1.94264,-0.125283,-0.124843,0.0728998,0.0696964,-0.127796,-0.129732,0.7853,0.780711,0.0316196,0.034809,-0.0670578,-0.067171,1.67802e-06,0.000245541,4.19458,3.86131,2.40863,0.0728998,-0.127796,0.7853
22.39,4.22181,4.20618,3.88063,3.87602,2.40737,2.41212,2.72096,2.72763,1.92476,1.92895,-0.126101,-0.125628,0.0732143,0.0700195,-0.128464,-0.130371,0.7853,0.780712,0.0312765,0.0344806,-0.0666605,-0.066835,1.66478e-06,0.000243515,4.22181,3.88063,2.40737,0.0732143,-0.128464,0.7853
22.4,4.249,4.23312,3.89981,3.89507,2.4061,2.41088,2.71715,2.72384,1.91076,1.91519,-0.126917,-0.126411,0.0735254,0.0703392,-0.129129,-0.131005,0.7853,0.780715,0.0309319,0.0341469,-0.0662614,-0.066492,1.65141e-06,0.000240624,4.249,3.89981,2.4061,0.0735254,-0.129129,0.7853
22.41,4.27615,4.26,3.91885,3.91396,2.40483,2.40963,2.71332,2.72004,1.89668,1.90137,-0.127732,-0.127193,0.073833,0.0706553,-0.12979,-0.131636,0.7853,0.780718,0.030586,0.0338084,-0.0658607,-0.0661445,1.6379e-06,0.000236586,4.27615,3.91885,2.40483,0.073833,-0.12979,0.7853
22.42,4.30326,4.28685,3.93774,3.93271,2.40355,2.40837,2.70945,2.71622,1.88254,1.88749,-0.128545,-0.127974,0.0741371,0.0709681,-0.130446,-0.132262,0.7853,0.780722,0.0302388,0.0334645,-0.0654583,-0.0657907,1.62426e-06,0.000231698,4.30326,3.93774,2.40355,0.0741371,-0.130446,0.7853
22.43,4.33034,4.31364,3.9565,3.95131,2.40226,2.40711,2.70557,2.71238,1.86832,1.87355,-0.129358,-0.128754,0.0744377,0.0712775,-0.131099,-0.132885,0.7853,0.780727,0.0298902,0.0331167,-0.0650543,-0.0654309,1.61049e-06,0.000225529,4.33034,3.9565,2.40226,0.0744377,-0.131099,0.7853
22.44,4.35737,4.34039,3.97511,3.96977,2.40096,2.40584,2.70166,2.70852,1.85405,1.85954,-0.130169,-0.129532,0.0747349,0.0715828,-0.131747,-0.133504,0.7853,0.780732,0.0295404,0.0327637,-0.0646485,-0.0650634,1.5966e-06,0.000218406,4.35737,3.97511,2.40096,0.0747349,-0.131747,0.7853
22.45,4.38437,4.36709,3.99358,3.98807,2.39966,2.40456,2.69773,2.70463,1.8397,1.84548,-0.13098,-0.130309,0.0750285,0.0718847,-0.132392,-0.13412,0.7853,0.780738,0.0291893,0.0324068,-0.0642412,-0.0646904,1.58259e-06,0.000210062,4.38437,3.99358,2.39966,0.0750285,-0.132392,0.7853
22.46,4.41133,4.39375,4.0119,4.00623,2.39834,2.40328,2.69377,2.70073,1.82529,1.83136,-0.131789,-0.131085,0.0753187,0.0721826,-0.133032,-0.134732,0.7853,0.780743,0.0288369,0.0320461,-0.0638322,-0.0643086,1.56846e-06,0.000200719,4.41133,4.0119,2.39834,0.0753187,-0.133032,0.7853
22.47,4.43825,4.42036,4.03008,4.02425,2.39702,2.40199,2.68979,2.69681,1.81081,1.81717,-0.132597,-0.13186,0.0756053,0.0724765,-0.133668,-0.135342,0.7853,0.780749,0.0284832,0.031681,-0.0634216,-0.0639228,1.55421e-06,0.000190526,4.43825,4.03008,2.39702,0.0756053,-0.133668,0.7853
22.48,4.46512,4.44692,4.04812,4.04212,2.39569,2.40068,2.68578,2.69287,1.79627,1.80292,-0.133403,-0.132635,0.0758883,0.0727663,-0.1343,-0.135949,0.7853,0.780756,0.0281283,0.0313125,-0.0630094,-0.0635277,1.53987e-06,0.000179231,4.46512,4.04812,2.39569,0.0758883,-0.1343,0.7853
22.49,4.49196,4.47344,4.06601,4.05984,2.39435,2.39938,2.68175,2.6889,1.78167,1.78861,-0.134209,-0.133409,0.0761678,0.0730522,-0.134928,-0.136553,0.7853,0.780762,0.0277722,0.0309418,-0.0625956,-0.0631276,1.52541e-06,0.000166997,4.49196,4.06601,2.39435,0.0761678,-0.134928,0.7853
22.5,4.51876,4.49992,4.08375,4.07742,2.39301,2.39806,2.67769,2.6849,1.767,1.77424,-0.135013,-0.134182,0.0764438,0.0733337,-0.135552,-0.137155,0.7853,0.780768,0.0274148,0.0305675,-0.0621803,-0.0627198,1.51086e-06,0.000153959,4.51876,4.08375,2.39301,0.0764438,-0.135552,0.7853
22.51,4.54552,4.52635,4.10135,4.09486,2.39165,2.39674,2.67362,2.68089,1.75226,1.75981,-0.135816,-0.134954,0.0767161,0.0736109,-0.136172,-0.137754,0.7853,0.780775,0.0270563,0.0301903,-0.0617634,-0.0623051,1.49621e-06,0.000139982,4.54552,4.10135,2.39165,0.0767161,-0.136172,0.7853
22.52,4.57223,4.55273,4.1188,4.11214,2.39029,2.39541,2.66951,2.67685,1.73747,1.74532,-0.136618,-0.135727,0.0769849,0.0738837,-0.136788,-0.138351,0.7853,0.780781,0.0266965,0.0298112,-0.061345,-0.061885,1.48146e-06,0.000125498,4.57223,4.1188,2.39029,0.0769849,-0.136788,0.7853
22.53,4.59891,4.57907,4.1361,4.12928,2.38892,2.39406,2.66539,2.67278,1.72261,1.73077,-0.137419,-0.136499,0.07725,0.0741521,-0.137399,-0.138946,0.7853,0.780787,0.0263356,0.0294299,-0.060925,-0.0614582,1.46663e-06,0.00011012,4.59891,4.1361,2.38892,0.07725,-0.137399,0.7853
22.54,4.62554,4.60537,4.15325,4.14628,2.38754,2.39271,2.66124,2.66869,1.70769,1.71616,-0.138218,-0.137271,0.0775116,0.0744159,-0.138006,-0.139538,0.7853,0.780794,0.0259736,0.029047,-0.0605036,-0.0610254,1.45171e-06,9.42647e-05,4.62554,4.15325,2.38754,0.0775116,-0.138006,0.7853
22.55,4.65213,4.63161,4.17025,4.16312,2.38616,2.39136,2.65706,2.66457,1.69271,1.7015,-0.139016,-0.138043,0.0777695,0.0746751,-0.138609,-0.140129,0.7853,0.7808,0.0256104,0.0286624,-0.0600807,-0.0605868,1.43671e-06,7.81268e-05,4.65213,4.17025,2.38616,0.0777695,-0.138609,0.7853
22.56,4.67868,4.65782,4.1871,4.17983,2.38476,2.38999,2.65286,2.66042,1.67767,1.68677,-0.139813,-0.138815,0.0780238,0.0749298,-0.139208,-0.140718,0.7853,0.780806,0.025246,0.0282769,-0.0596563,-0.0601416,1.42163e-06,6.14673e-05,4.67868,4.1871,2.38476,0.0780238,-0.139208,0.7853
22.57,4.70519,4.68398,4.2038,4.19638,2.38336,2.38861,2.64864,2.65625,1.66257,1.67198,-0.140609,-0.139588,0.0782744,0.0751799,-0.139802,-0.141305,0.7853,0.780812,0.0248805,0.0278892,-0.0592304,-0.059693,1.40648e-06,4.45992e-05,4.70519,4.2038,2.38336,0.0782744,-0.139802,0.7853
22.58,4.73165,4.7101,4.22035,4.2128,2.38195,2.38723,2.6444,2.65204,1.64741,1.65713,-0.141403,-0.140362,0.0785214,0.0754251,-0.140392,-0.14189,0.7853,0.780817,0.024514,0.0275014,-0.0588031,-0.0592387,1.39125e-06,2.78205e-05,4.73165,4.22035,2.38195,0.0785214,-0.140392,0.7853
22.59,4.75808,4.73618,4.23675,4.22906,2.38053,2.38583,2.64013,2.64781,1.63218,1.64222,-0.142196,-0.141136,0.0787647,0.0756658,-0.140978,-0.142473,0.7853,0.780823,0.0241463,0.0271127,-0.0583744,-0.0587805,1.37596e-06,1.09673e-05,4.75808,4.23675,2.38053,0.0787647,-0.140978,0.7853
22.6,4.78445,4.76221,4.253,4.24518,2.37911,2.38443,2.63583,2.64355,1.61691,1.62726,-0.142988,-0.141911,0.0790043,0.0759017,-0.14156,-0.143054,0.7853,0.780829,0.0237776,0.0267235,-0.0579443,-0.0583175,1.36061e-06,-5.52833e-06,4.78445,4.253,2.37911,0.0790043,-0.14156,0.7853
22.61,4.81079,4.7882,4.26909,4.26115,2.37767,2.38301,2.63152,2.63926,1.60157,1.61223,-0.143779,-0.142687,0.0792403,0.0761329,-0.142137,-0.143633,0.7853,0.780835,0.0234078,0.0263334,-0.0575128,-0.0578516,1.34519e-06,-2.16663e-05,4.81079,4.26909,2.37767,0.0792403,-0.142137,0.7853
22.62,4.83709,4.81415,4.28503,4.27697,2.37623,2.38159,2.62718,2.63493,1.58617,1.59715,-0.144568,-0.143465,0.0794725,0.0763595,-0.14271,-0.14421,0.7853,0.780841,0.023037,0.0259434,-0.0570799,-0.0573824,1.32972e-06,-3.76552e-05,4.83709,4.28503,2.37623,0.0794725,-0.14271,0.7853
22.63,4.86334,4.84005,4.30081,4.29264,2.37478,2.38016,2.62281,2.63058,1.57072,1.58201,-0.145356,-0.144243,0.079701,0.0765817,-0.143279,-0.144784,0.7853,0.780847,0.0226651,0.0255528,-0.0566456,-0.0569099,1.31419e-06,-5.26756e-05,4.86334,4.30081,2.37478,0.079701,-0.143279,0.7853
22.64,4.88954,4.86591,4.31644,4.30817,2.37332,2.37871,2.61842,2.6262,1.55522,1.56681,-0.146143,-0.145023,0.0799258,0.076799,-0.143843,-0.145356,0.7853,0.780853,0.0222922,0.0251622,-0.05621,-0.0564352,1.29862e-06,-6.70254e-05,4.88954,4.31644,2.37332,0.0799258,-0.143843,0.7853
22.65,4.9157,4.89173,4.33192,4.32354,2.37186,2.37726,2.61401,2.62179,1.53965,1.55156,-0.146928,-0.145805,0.0801468,0.0770121,-0.144403,-0.145925,0.7853,0.780859,0.0219183,0.0247709,-0.055773,-0.0559581,1.283e-06,-8.01086e-05,4.9157,4.33192,2.37186,0.0801468,-0.144403,0.7853
22.66,4.94182,4.91751,4.34723,4.33877,2.37038,2.3758,2.60958,2.61734,1.52403,1.53624,-0.147712,-0.146588,0.0803641,0.0772206,-0.144958,-0.146492,0.7853,0.780867,0.0215434,0.0243808,-0.0553348,-0.0554805,1.26733e-06,-9.22382e-05,4.94182,4.34723,2.37038,0.0803641,-0.144958,0.7853
22.67,4.9679,4.94324,4.3624,4.35384,2.3689,2.37434,2.60512,2.61287,1.50836,1.52087,-0.148495,-0.147373,0.0805777,0.0774248,-0.14551,-0.147055,0.7853,0.780874,0.0211675,0.0239899,-0.0548952,-0.0550008,1.25163e-06,-0.000102863,4.9679,4.3624,2.3689,0.0805777,-0.14551,0.7853
22.68,4.99392,4.96894,4.3774,4.36877,2.36741,2.37286,2.60064,2.60836,1.49263,1.50545,-0.149276,-0.14816,0.0807875,0.0776248,-0.146056,-0.147616,0.7853,0.780882,0.0207907,0.0235989,-0.0544543,-0.0545196,1.23589e-06,-0.000112265,4.99392,4.3774,2.36741,0.0807875,-0.146056,0.7853
22.69,5.01991,4.9946,4.39225,4.38354,2.36592,2.37137,2.59614,2.60383,1.47685,1.48996,-0.150056,-0.148948,0.0809935,0.0778209,-0.146599,-0.148173,0.7853,0.780891,0.0204129,0.023209,-0.0540121,-0.0540387,1.22011e-06,-0.000119925,5.01991,4.39225,2.36592,0.0809935,-0.146599,0.7853
22.7,5.04585,5.02021,4.40694,4.39817,2.36441,2.36988,2.59161,2.59926,1.46102,1.47442,-0.150835,-0.149738,0.0811957,0.0780131,-0.147137,-0.148726,0.7853,0.780901,0.0200342,0.0228196,-0.0535687,-0.0535583,1.2043e-06,-0.000125825,5.04585,4.40694,2.36441,0.0811957,-0.147137,0.7853
22.71,5.07174,5.04579,4.42147,4.41263,2.3629,2.36837,2.58706,2.59467,1.44513,1.45883,-0.151612,-0.150529,0.0813942,0.0782014,-0.14767,-0.149274,0.7853,0.780912,0.0196545,0.0224305,-0.0531241,-0.0530781,1.18847e-06,-0.000129983,5.07174,4.42147,2.3629,0.0813942,-0.14767,0.7853
22.72,5.09759,5.07133,4.43584,4.42695,2.36138,2.36686,2.58248,2.59005,1.4292,1.44317,-0.152388,-0.151321,0.0815888,0.0783861,-0.148199,-0.149819,0.7853,0.780923,0.0192739,0.0220417,-0.0526782,-0.0525976,1.17262e-06,-0.000132054,5.09759,4.43584,2.36138,0.0815888,-0.148199,0.7853
22.73,5.12339,5.09682,4.45005,4.44112,2.35985,2.36534,2.57788,2.5854,1.41321,1.42746,-0.153163,-0.152115,0.0817797,0.0785673,-0.148724,-0.150359,0.7853,0.780936,0.0188925,0.0216531,-0.0522311,-0.0521187,1.15674e-06,-0.000132203,5.12339,4.45005,2.35985,0.0817797,-0.148724,0.7853
22.74,5.14915,5.12228,4.46411,4.45513,2.35832,2.36382,2.57326,2.58072,1.39717,1.4117,-0.153936,-0.152909,0.0819667,0.0787456,-0.149244,-0.150893,0.7853,0.78095,0.0185101,0.0212659,-0.0517828,-0.0516402,1.14085e-06,-0.000130072,5.14915,4.46411,2.35832,0.0819667,-0.149244,0.7853
22.75,5.17485,5.1477,4.478,4.46899,2.35677,2.36229,2.56862,2.57601,1.38108,1.39588,-0.154707,-0.153704,0.0821499,0.0789205,-0.149759,-0.151423,0.7853,0.780965,0.0181269,0.0208792,-0.0513333,-0.0511626,1.12494e-06,-0.000125796,5.17485,4.478,2.35677,0.0821499,-0.149759,0.7853
22.76,5.20052,5.17309,4.49173,4.48269,2.35522,2.36074,2.56395,2.57128,1.36494,1.38,-0.155478,-0.154499,0.0823292,0.0790926,-0.15027,-0.151947,0.7853,0.780981,0.0177428,0.0204937,-0.0508826,-0.0506871,1.10902e-06,-0.000119314,5.20052,4.49173,2.35522,0.0823292,-0.15027,0.7853
22.77,5.22613,5.19843,4.50529,4.49624,2.35366,2.3592,2.55926,2.56652,1.34875,1.36406,-0.156247,-0.155294,0.0825047,0.079262,-0.150777,-0.152465,0.7853,0.780999,0.0173578,0.0201087,-0.0504308,-0.0502126,1.09309e-06,-0.000110492,5.22613,4.50529,2.35366,0.0825047,-0.150777,0.7853
22.78,5.2517,5.22374,4.5187,4.50963,2.3521,2.35764,2.55455,2.56174,1.33251,1.34808,-0.157014,-0.156089,0.0826764,0.0794288,-0.151279,-0.152977,0.7853,0.781018,0.0169721,0.0197254,-0.0499778,-0.0497392,1.07715e-06,-9.92119e-05,5.2517,4.5187,2.3521,0.0826764,-0.151279,0.7853
22.79,5.27722,5.24901,4.53194,4.52287,2.35052,2.35608,2.54981,2.55693,1.31623,1.33203,-0.157781,-0.156883,0.0828442,0.0795932,-0.151776,-0.153482,0.7853,0.781037,0.0165855,0.0193423,-0.0495237,-0.0492677,1.06122e-06,-8.54731e-05,5.27722,4.53194,2.35052,0.0828442,-0.151776,0.7853
22.8,5.3027,5.27424,4.54503,4.53595,2.34894,2.35452,2.54505,2.5521,1.2999,1.31594,-0.158545,-0.157676,0.0830081,0.0797552,-0.152269,-0.153981,0.7853,0.781059,0.0161981,0.0189608,-0.0490685,-0.0487973,1.04528e-06,-6.97672e-05,5.3027,4.54503,2.34894,0.0830081,-0.152269,0.7853
22.81,5.32813,5.29944,4.55794,4.54889,2.34735,2.35295,2.54027,2.54725,1.28352,1.29979,-0.159309,-0.158468,0.0831681,0.0799152,-0.152758,-0.154473,0.7853,0.781081,0.0158099,0.0185805,-0.0486122,-0.0483273,1.02935e-06,-5.15133e-05,5.32813,4.55794,2.34735,0.0831681,-0.152758,0.7853
22.82,5.3535,5.3246,4.5707,4.56166,2.34576,2.35137,2.53547,2.54238,1.2671,1.28358,-0.160071,-0.159258,0.0833243,0.0800728,-0.153242,-0.154958,0.7853,0.781104,0.0154209,0.0182004,-0.0481548,-0.0478595,1.01342e-06,-3.10838e-05,5.3535,4.5707,2.34576,0.0833243,-0.153242,0.7853
22.83,5.37883,5.34973,4.58328,4.57428,2.34415,2.34978,2.53064,2.53748,1.25063,1.26732,-0.160831,-0.160046,0.0834765,0.0802288,-0.153721,-0.155436,0.7853,0.781128,0.0150311,0.0178214,-0.0476964,-0.0473919,9.97499e-07,-8.32975e-06,5.37883,4.58328,2.34415,0.0834765,-0.153721,0.7853
22.84,5.40412,5.37481,4.59571,4.58674,2.34254,2.34819,2.52579,2.53257,1.23411,1.251,-0.16159,-0.160831,0.0836249,0.0803826,-0.154196,-0.155907,0.7853,0.781153,0.0146406,0.0174421,-0.0472369,-0.046926,9.81591e-07,1.65999e-05,5.40412,4.59571,2.34254,0.0836249,-0.154196,0.7853
22.85,5.42935,5.39987,4.60797,4.59905,2.34092,2.3466,2.52092,2.52764,1.21755,1.23463,-0.162348,-0.161613,0.0837693,0.0805342,-0.154666,-0.15637,0.7853,0.781178,0.0142494,0.0170637,-0.0467763,-0.0464576,9.65698e-07,4.32134e-05,5.42935,4.60797,2.34092,0.0837693,-0.154666,0.7853
22.86,5.45454,5.42489,4.62006,4.6112,2.33929,2.34499,2.51602,2.52268,1.20095,1.21821,-0.163104,-0.162392,0.0839099,0.080684,-0.155131,-0.156826,0.7853,0.781204,0.0138574,0.0166842,-0.0463147,-0.0459912,9.49821e-07,7.21067e-05,5.45454,4.62006,2.33929,0.0839099,-0.155131,0.7853
22.87,5.47967,5.44987,4.63199,4.62319,2.33766,2.34339,2.51111,2.51771,1.18431,1.20174,-0.163858,-0.163168,0.0840465,0.0808317,-0.155592,-0.157275,0.7853,0.781231,0.0134647,0.0163048,-0.0458521,-0.0455235,9.33964e-07,0.000102639,5.47967,4.63199,2.33766,0.0840465,-0.155592,0.7853
22.88,5.50476,5.47481,4.64374,4.63503,2.33602,2.34178,2.50617,2.51273,1.16762,1.18521,-0.164612,-0.16394,0.0841792,0.0809771,-0.156048,-0.157717,0.7853,0.781257,0.0130713,0.0159246,-0.0453886,-0.0450551,9.18128e-07,0.00013496,5.50476,4.64374,2.33602,0.0841792,-0.156048,0.7853
22.89,5.52979,5.49973,4.65534,4.64671,2.33437,2.34016,2.5012,2.50772,1.15089,1.16864,-0.165363,-0.164708,0.0843079,0.0811201,-0.1565,-0.158152,0.7853,0.781283,0.0126772,0.0155415,-0.044924,-0.0445842,9.02317e-07,0.000168741,5.52979,4.65534,2.33437,0.0843079,-0.1565,0.7853
22.9,5.55478,5.5246,4.66676,4.65823,2.33271,2.33853,2.49622,2.5027,1.13412,1.15201,-0.166113,-0.165472,0.0844327,0.0812607,-0.156947,-0.158581,0.7853,0.781308,0.0122825,0.0151568,-0.0444585,-0.0441141,8.86534e-07,0.000203907,5.55478,4.66676,2.33271,0.0844327,-0.156947,0.7853
22.91,5.57972,5.54945,4.67802,4.66959,2.33104,2.3369,2.49121,2.49766,1.11731,1.13533,-0.166862,-0.166232,0.0845536,0.0813985,-0.157389,-0.159002,0.7853,0.781333,0.011887,0.014769,-0.043992,-0.0436386,8.7078e-07,0.000240192,5.57972,4.67802,2.33104,0.0845536,-0.157389,0.7853
22.92,5.60461,5.57426,4.68911,4.6808,2.32937,2.33526,2.48618,2.49261,1.10045,1.1186,-0.167609,-0.166989,0.0846704,0.0815333,-0.157826,-0.159418,0.7853,0.781357,0.011491,0.0143783,-0.0435246,-0.0431612,8.55058e-07,0.000277892,5.60461,4.68911,2.32937,0.0846704,-0.157826,0.7853
22.93,5.62944,5.59903,4.70003,4.69185,2.32769,2.33362,2.48113,2.48753,1.08356,1.10182,-0.168355,-0.167741,0.0847834,0.081665,-0.158259,-0.159827,0.7853,0.78138,0.0110942,0.0139833,-0.0430562,-0.0426821,8.39371e-07,0.000316128,5.62944,4.70003,2.32769,0.0847834,-0.158259,0.7853
22.94,5.65423,5.62377,4.71078,4.70274,2.326,2.33196,2.47605,2.48245,1.06663,1.085,-0.169099,-0.168489,0.0848923,0.0817931,-0.158688,-0.160231,0.7853,0.781402,0.0106969,0.0135828,-0.042587,-0.0421966,8.23721e-07,0.000355259,5.65423,4.71078,2.326,0.0848923,-0.158688,0.7853
22.95,5.67896,5.64847,4.72136,4.71346,2.32431,2.33031,2.47095,2.47734,1.04966,1.06812,-0.169842,-0.169233,0.0849973,0.0819173,-0.159111,-0.160629,0.7853,0.781422,0.0102989,0.0131776,-0.0421168,-0.0417089,8.0811e-07,0.000394747,5.67896,4.72136,2.32431,0.0849973,-0.159111,0.7853
22.96,5.70365,5.67313,4.73177,4.72403,2.32261,2.32864,2.46584,2.47222,1.03266,1.0512,-0.170583,-0.169974,0.0850983,0.0820375,-0.15953,-0.161022,0.7853,0.781441,0.00990032,0.0127659,-0.0416458,-0.0412161,7.9254e-07,0.000434592,5.70365,4.73177,2.32261,0.0850983,-0.15953,0.7853
22.97,5.72828,5.69776,4.74201,4.73443,2.3209,2.32697,2.46069,2.46708,1.01562,1.03423,-0.171322,-0.170711,0.0851953,0.0821532,-0.159944,-0.16141,0.7853,0.781457,0.00950116,0.0123472,-0.0411739,-0.0407186,7.77015e-07,0.000474527,5.72828,4.74201,2.3209,0.0851953,-0.159944,0.7853
22.98,5.75286,5.72236,4.75209,4.74467,2.31918,2.32528,2.45553,2.46192,0.998536,1.01722,-0.172061,-0.171445,0.0852883,0.082264,-0.160353,-0.161795,0.7853,0.781472,0.00910141,0.0119217,-0.0407012,-0.0402156,7.61535e-07,0.000514254,5.75286,4.75209,2.31918,0.0852883,-0.160353,0.7853
22.99,5.77739,5.74692,4.76198,4.75474,2.31746,2.3236,2.45035,2.45674,0.981421,1.00015,-0.172797,-0.172177,0.0853773,0.0823696,-0.160758,-0.162175,0.7853,0.781484,0.00870111,0.0114882,-0.0402276,-0.0397074,7.46104e-07,0.000553906,5.77739,4.76198,2.31746,0.0853773,-0.160758,0.7853
23,5.80187,5.77144,4.77171,4.76465,2.31573,2.3219,2.44514,2.45155,0.964271,0.983047,-0.173532,-0.172906,0.0854623,0.08247,-0.161158,-0.162551,0.7853,0.781494,0.00830024,0.0110475,-0.0397532,-0.0391936,7.30724e-07,0.000592917,5.80187,4.77171,2.31573,0.0854623,-0.161158,0.7853
23.01,5.82629,5.79593,4.78127,4.7744,2.31399,2.32019,2.43991,2.44633,0.947086,0.965899,-0.174265,-0.173632,0.0855433,0.0825644,-0.161553,-0.162924,0.7853,0.781501,0.00789884,0.0105977,-0.039278,-0.0386742,7.15396e-07,0.000631005,5.82629,4.78127,2.31399,0.0855433,-0.161553,0.7853
23.02,5.85067,5.82038,4.79066,4.78397,2.31224,2.31848,2.43466,2.44109,0.929867,0.948705,-0.174997,-0.174358,0.0856203,0.0826529,-0.161943,-0.163294,0.7853,0.781506,0.0074969,0.0101397,-0.038802,-0.0381492,7.00124e-07,0.000668466,5.85067,4.79066,2.31224,0.0856203,-0.161943,0.7853
23.03,5.87499,5.84478,4.79987,4.79338,2.31049,2.31675,2.42938,2.43584,0.912615,0.93147,-0.175727,-0.175081,0.0856933,0.0827351,-0.162329,-0.163661,0.7853,0.781508,0.00709446,0.00967409,-0.0383253,-0.0376183,6.84908e-07,0.000704661,5.87499,4.79987,2.31049,0.0856933,-0.162329,0.7853
23.04,5.89925,5.86915,4.80891,4.80262,2.30873,2.31502,2.42409,2.43056,0.89533,0.914192,-0.176456,-0.175804,0.0857622,0.0828108,-0.16271,-0.164026,0.7853,0.781508,0.0066915,0.00919926,-0.0378477,-0.0370828,6.69751e-07,0.00073953,5.89925,4.80891,2.30873,0.0857622,-0.16271,0.7853
23.05,5.92347,5.89348,4.81777,4.81169,2.30696,2.31328,2.41877,2.42526,0.878013,0.896878,-0.177183,-0.176525,0.0858271,0.0828798,-0.163086,-0.164388,0.7853,0.781505,0.00628806,0.00871743,-0.0373695,-0.03654,6.54655e-07,0.000772625,5.92347,4.81777,2.30696,0.0858271,-0.163086,0.7853
23.06,5.94763,5.91777,4.82647,4.82059,2.30518,2.31153,2.41343,2.41993,0.860665,0.879519,-0.177908,-0.177246,0.085888,0.0829418,-0.163457,-0.164749,0.7853,0.781499,0.00588413,0.00822718,-0.0368904,-0.0359959,6.39622e-07,0.000804186,5.94763,4.82647,2.30518,0.085888,-0.163457,0.7853
23.07,5.97174,5.94201,4.83499,4.82932,2.3034,2.30977,2.40807,2.41458,0.843285,0.862124,-0.178632,-0.177967,0.0859448,0.082997,-0.163824,-0.165107,0.7853,0.781491,0.00547974,0.0077301,-0.0364107,-0.035444,6.24654e-07,0.000834107,5.97174,4.83499,2.3034,0.0859448,-0.163824,0.7853
23.08,5.99579,5.96621,4.84333,4.83787,2.30161,2.308,2.40269,2.40921,0.825875,0.844691,-0.179355,-0.178688,0.0859976,0.0830451,-0.164186,-0.165463,0.7853,0.781481,0.00507489,0.00722715,-0.0359302,-0.0348896,6.09752e-07,0.000861719,5.99579,4.84333,2.30161,0.0859976,-0.164186,0.7853
23.09,6.01979,5.99037,4.8515,4.84625,2.29981,2.30622,2.39729,2.40381,0.808436,0.82722,-0.180075,-0.17941,0.0860463,0.0830862,-0.164542,-0.165818,0.7853,0.781468,0.00466961,0.00671803,-0.0354491,-0.0343321,5.94919e-07,0.000887528,6.01979,4.8515,2.29981,0.0860463,-0.164542,0.7853
23.1,6.04374,6.01449,4.8595,4.85446,2.29801,2.30443,2.39186,2.39839,0.790968,0.809712,-0.180794,-0.180131,0.086091,0.0831203,-0.164895,-0.16617,0.7853,0.781453,0.00426388,0.00620443,-0.0349673,-0.0337701,5.80157e-07,0.000910938,6.04374,4.8595,2.29801,0.086091,-0.164895,0.7853
23.11,6.06763,6.03856,4.86732,4.86249,2.2962,2.30263,2.38642,2.39294,0.773471,0.792173,-0.181512,-0.180853,0.0861316,0.0831473,-0.165242,-0.166521,0.7853,0.781435,0.00385775,0.00568701,-0.0344848,-0.0332069,5.65467e-07,0.000931904,6.06763,4.86732,2.2962,0.0861316,-0.165242,0.7853
23.12,6.09146,6.06258,4.87497,4.87034,2.29438,2.30082,2.38095,2.38747,0.755947,0.774598,-0.182227,-0.181576,0.0861681,0.0831674,-0.165584,-0.166869,0.7853,0.781416,0.0034512,0.00516737,-0.0340017,-0.0326414,5.50851e-07,0.00095053,6.09146,4.87497,2.29438,0.0861681,-0.165584,0.7853
23.13,6.11525,6.08654,4.88244,4.87802,2.29255,2.299,2.37546,2.38197,0.738395,0.756995,-0.182942,-0.182299,0.0862006,0.083181,-0.165922,-0.167216,0.7853,0.781395,0.00304427,0.00464639,-0.0335179,-0.0320748,5.36311e-07,0.000966907,6.11525,4.88244,2.29255,0.0862006,-0.165922,0.7853
23.14,6.13897,6.11047,4.88974,4.88552,2.29072,2.29718,2.36995,2.37645,0.720817,0.739358,-0.183654,-0.183022,0.086229,0.0831878,-0.166255,-0.167559,0.7853,0.781372,0.00263694,0.00412472,-0.0330335,-0.0315076,5.21849e-07,0.000980601,6.13897,4.88974,2.29072,0.086229,-0.166255,0.7853
23.15,6.16264,6.13434,4.89686,4.89284,2.28888,2.29534,2.36442,2.37089,0.703213,0.72169,-0.184365,-0.183746,0.0862533,0.0831883,-0.166583,-0.167901,0.7853,0.781347,0.00222926,0.00360359,-0.0325485,-0.0309414,5.07465e-07,0.000991896,6.16264,4.89686,2.28888,0.0862533,-0.166583,0.7853
23.16,6.18626,6.15816,4.9038,4.89999,2.28703,2.2935,2.35886,2.36532,0.685584,0.703993,-0.185074,-0.18447,0.0862736,0.0831828,-0.166906,-0.168239,0.7853,0.781321,0.00182121,0.00308575,-0.0320629,-0.0303747,4.93162e-07,0.00100087,6.18626,4.9038,2.28703,0.0862736,-0.166906,0.7853
23.17,6.20982,6.18193,4.91057,4.90696,2.28518,2.29164,2.35329,2.35971,0.66793,0.686266,-0.185781,-0.185194,0.0862897,0.0831713,-0.167224,-0.168575,0.7853,0.781294,0.00141282,0.00256934,-0.0315768,-0.0298119,4.78942e-07,0.0010073,6.20982,4.91057,2.28518,0.0862897,-0.167224,0.7853
23.18,6.23333,6.20564,4.91716,4.91375,2.28332,2.28977,2.34769,2.35408,0.650252,0.668515,-0.186487,-0.185917,0.0863018,0.0831543,-0.167537,-0.168907,0.7853,0.781266,0.00100409,0.00205862,-0.03109,-0.0292484,4.64806e-07,0.00101171,6.23333,4.91716,2.28332,0.0863018,-0.167537,0.7853
23.19,6.25678,6.2293,4.92358,4.92036,2.28145,2.2879,2.34208,2.34842,0.632551,0.650735,-0.187191,-0.186641,0.0863098,0.0831319,-0.167846,-0.169235,0.7853,0.781238,0.00059504,0.00155225,-0.0306028,-0.0286896,4.50755e-07,0.00101383,6.25678,4.92358,2.28145,0.0863098,-0.167846,0.7853
23.2,6.28017,6.25291,4.92981,4.92679,2.27957,2.28602,2.33644,2.34274,0.614827,0.632933,-0.187894,-0.187363,0.0863137,0.0831045,-0.168149,-0.16956,0.7853,0.781208,0.000185678,0.00105337,-0.030115,-0.028134,4.36791e-07,0.00101382,6.28017,4.92981,2.27957,0.0863137,-0.168149,0.7853
23.21,6.3035,6.27645,4.93587,4.93304,2.27769,2.28413,2.33078,2.33703,0.597081,0.61511,-0.188595,-0.188084,0.0863135,0.0830724,-0.168448,-0.16988,0.7853,0.781178,-0.000223975,0.000561289,-0.0296266,-0.0275828,4.22915e-07,0.00101192,6.3035,4.93587,2.27769,0.0863135,-0.168448,0.7853
23.22,6.32678,6.29994,4.94175,4.93912,2.2758,2.28223,2.3251,2.3313,0.579314,0.597261,-0.189294,-0.188804,0.0863092,0.0830358,-0.168742,-0.170196,0.7853,0.781148,-0.00063392,7.70465e-05,-0.0291378,-0.0270346,4.09129e-07,0.00100838,6.32678,4.94175,2.2758,0.0863092,-0.168742,0.7853
23.23,6.35001,6.32337,4.94746,4.94501,2.2739,2.28033,2.3194,2.32554,0.561526,0.579389,-0.189991,-0.189522,0.0863009,0.0829953,-0.169031,-0.170507,0.7853,0.781117,-0.00104413,-0.00039842,-0.0286484,-0.0264921,3.95435e-07,0.0010033,6.35001,4.94746,2.2739,0.0863009,-0.169031,0.7853
23.24,6.37317,6.34673,4.95298,4.95073,2.272,2.27841,2.31368,2.31976,0.543717,0.561498,-0.190687,-0.190238,0.0862884,0.0829504,-0.169315,-0.170813,0.7853,0.781087,-0.00145461,-0.000865161,-0.0281586,-0.025954,3.81833e-07,0.000996768,6.37317,4.95298,2.272,0.0862884,-0.169315,0.7853
23.25,6.39628,6.37005,4.95833,4.95627,2.27009,2.27649,2.30794,2.31396,0.525889,0.543586,-0.191381,-0.190952,0.0862718,0.0829023,-0.169594,-0.171114,0.7853,0.781057,-0.00186534,-0.0013219,-0.0276683,-0.025422,3.68325e-07,0.00098896,6.39628,4.95833,2.27009,0.0862718,-0.169594,0.7853
23.26,6.41933,6.3933,4.9635,4.96163,2.26817,2.27456,2.30218,2.30813,0.508042,0.525656,-0.192073,-0.191663,0.0862511,0.0828505,-0.169868,-0.17141,0.7853,0.781027,-0.0022763,-0.00176808,-0.0271776,-0.0248942,3.54912e-07,0.000980318,6.41933,4.9635,2.26817,0.0862511,-0.169868,0.7853
23.27,6.44232,6.41649,4.96849,4.9668,2.26625,2.27262,2.29639,2.30228,0.490177,0.507706,-0.192763,-0.19237,0.0862262,0.0827956,-0.170137,-0.171699,0.7853,0.780998,-0.00268749,-0.00220545,-0.0266864,-0.0243731,3.41596e-07,0.000970811,6.44232,4.96849,2.26625,0.0862262,-0.170137,0.7853
23.28,6.46526,6.43962,4.97331,4.97181,2.26432,2.27068,2.29059,2.29641,0.472294,0.489738,-0.193452,-0.193076,0.0861973,0.0827375,-0.170402,-0.171983,0.7853,0.780969,-0.0030989,-0.00263192,-0.0261948,-0.0238574,3.28377e-07,0.000960857,6.46526,4.97331,2.26432,0.0861973,-0.170402,0.7853
23.29,6.48814,6.46268,4.97794,4.97663,2.26238,2.26873,2.28476,2.29051,0.454395,0.471753,-0.194139,-0.193777,0.0861643,0.0826764,-0.170661,-0.172261,0.7853,0.780941,-0.0035105,-0.00304899,-0.0257028,-0.0233468,3.15258e-07,0.000950411,6.48814,4.97794,2.26238,0.0861643,-0.170661,0.7853
23.3,6.51095,6.48569,4.98239,4.98127,2.26043,2.26677,2.27892,2.2846,0.436479,0.453756,-0.194824,-0.194474,0.0861271,0.0826126,-0.170916,-0.172533,0.7853,0.780914,-0.0039223,-0.00345583,-0.0252104,-0.0228413,3.02238e-07,0.000940055,6.51095,4.98239,2.26043,0.0861271,-0.170916,0.7853
23.31,6.53371,6.50863,4.98667,4.98573,2.25848,2.2648,2.27305,2.27866,0.418547,0.43574,-0.195508,-0.195168,0.0860858,0.082546,-0.171165,-0.172798,0.7853,0.780888,-0.00433428,-0.00385461,-0.0247177,-0.0223417,2.8932e-07,0.000929564,6.53371,4.98667,2.25848,0.0860858,-0.171165,0.7853
23.32,6.55641,6.53151,4.99076,4.99002,2.25652,2.26283,2.26716,2.2727,0.4006,0.417709,-0.19619,-0.195858,0.0860404,0.0824765,-0.17141,-0.173058,0.785301,0.780863,-0.00474642,-0.00424456,-0.0242245,-0.0218464,2.76504e-07,0.000919402,6.55641,4.99076,2.25652,0.0860404,-0.17141,0.785301
23.33,6.57906,6.55434,4.99468,4.99412,2.25456,2.26085,2.26126,2.26673,0.382639,0.399663,-0.19687,-0.196544,0.0859909,0.0824045,-0.17165,-0.173311,0.785301,0.78084,-0.00515871,-0.00462644,-0.023731,-0.0213576,2.63791e-07,0.00090979,6.57906,4.99468,2.25456,0.0859909,-0.17165,0.785301
23.34,6.60164,6.5771,4.99842,4.99805,2.25259,2.25886,2.25533,2.26073,0.364664,0.381603,-0.197548,-0.197226,0.0859372,0.0823297,-0.171885,-0.173558,0.785301,0.780818,-0.00557116,-0.00500107,-0.0232372,-0.0208711,2.51183e-07,0.000900373,6.60164,4.99842,2.25259,0.0859372,-0.171885,0.785301
23.35,6.62416,6.5998,5.00197,5.0018,2.25061,2.25687,2.24938,2.25471,0.346676,0.363528,-0.198224,-0.197903,0.0858795,0.0822521,-0.172115,-0.173799,0.785301,0.780797,-0.00598372,-0.00536977,-0.022743,-0.0203895,2.3868e-07,0.000892237,6.62416,5.00197,2.25061,0.0858795,-0.172115,0.785301
23.36,6.64663,6.62244,5.00535,5.00536,2.24862,2.25487,2.24342,2.24868,0.328675,0.345439,-0.198899,-0.198577,0.0858176,0.0821718,-0.17234,-0.174034,0.785301,0.780778,-0.00639641,-0.00573329,-0.0222485,-0.0199131,2.26284e-07,0.000884697,6.64663,5.00535,2.24862,0.0858176,-0.17234,0.785301
23.37,6.66903,6.64502,5.00855,5.00875,2.24663,2.25286,2.23743,2.24263,0.310662,0.327339,-0.199572,-0.199246,0.0857515,0.0820883,-0.17256,-0.174263,0.785301,0.780761,-0.00680921,-0.00609182,-0.0217537,-0.019437,2.13995e-07,0.000878438,6.66903,5.00855,2.24663,0.0857515,-0.17256,0.785301
23.38,6.69138,6.66753,5.01156,5.01196,2.24463,2.25085,2.23142,2.23656,0.292639,0.309228,-0.200243,-0.199911,0.0856814,0.0820019,-0.172775,-0.174486,0.785301,0.780745,-0.0072221,-0.00644691,-0.0212587,-0.0189654,2.01815e-07,0.000873283,6.69138,5.01156,2.24463,0.0856814,-0.172775,0.785301
23.39,6.71366,6.69,5.0144,5.01499,2.24262,2.24883,2.22539,2.23047,0.274604,0.291102,-0.200912,-0.200571,0.0856071,0.0819123,-0.172985,-0.174704,0.785301,0.780732,-0.00763507,-0.00679953,-0.0207634,-0.0184948,1.89743e-07,0.000869319,6.71366,5.0144,2.24262,0.0856071,-0.172985,0.785301
23.4,6.73588,6.7124,5.01706,5.01783,2.24061,2.2468,2.21935,2.22436,0.25656,0.272965,-0.20158,-0.201228,0.0855287,0.0818192,-0.17319,-0.174916,0.785301,0.78072,-0.00804812,-0.00715022,-0.0202678,-0.0180274,1.77782e-07,0.000866815,6.73588,5.01706,2.24061,0.0855287,-0.17319,0.785301
23.41,6.75805,6.73474,5.01953,5.0205,2.23859,2.24477,2.21328,2.21824,0.238507,0.254816,-0.202245,-0.201881,0.0854461,0.0817226,-0.17339,-0.175122,0.785301,0.780711,-0.00846122,-0.00750075,-0.0197719,-0.0175595,1.65931e-07,0.000865832,6.75805,5.01953,2.23859,0.0854461,-0.17339,0.785301
23.42,6.78015,6.75702,5.02183,5.02298,2.23657,2.24273,2.20719,2.21209,0.220445,0.236656,-0.202909,-0.20253,0.0853594,0.0816223,-0.173585,-0.175324,0.785301,0.780703,-0.00887438,-0.0078515,-0.0192759,-0.0170925,1.54192e-07,0.000865981,6.78015,5.02183,2.23657,0.0853594,-0.173585,0.785301
23.43,6.80219,6.77924,5.02394,5.02529,2.23454,2.24069,2.20108,2.20594,0.202375,0.218487,-0.203571,-0.203176,0.0852686,0.0815184,-0.173776,-0.175521,0.785301,0.780698,-0.00928757,-0.00820359,-0.0187796,-0.0166261,1.42566e-07,0.000867799,6.80219,5.02394,2.23454,0.0852686,-0.173776,0.785301
23.44,6.82417,6.80141,5.02587,5.02741,2.2325,2.23864,2.19495,2.19976,0.184297,0.200306,-0.204231,-0.203818,0.0851737,0.0814103,-0.173961,-0.175713,0.785301,0.780695,-0.00970078,-0.00855798,-0.0182831,-0.016159,1.31053e-07,0.000871465,6.82417,5.02587,2.2325,0.0851737,-0.173961,0.785301
23.45,6.84609,6.82352,5.02763,5.02935,2.23045,2.23658,2.18881,2.19356,0.166213,0.182117,-0.20489,-0.204457,0.0850746,0.0812977,-0.174141,-0.1759,0.785301,0.780694,-0.010114,-0.0089154,-0.0177865,-0.0156909,1.19654e-07,0.000876263,6.84609,5.02763,2.23045,0.0850746,-0.174141,0.785301
23.46,6.86795,6.84556,5.0292,5.03111,2.2284,2.23452,2.18264,2.18735,0.148123,0.163924,-0.205546,-0.205092,0.0849714,0.0811812,-0.174317,-0.176083,0.785301,0.780695,-0.0105272,-0.00927666,-0.0172897,-0.0152216,1.08369e-07,0.0008827,6.86795,5.0292,2.2284,0.0849714,-0.174317,0.785301
23.47,6.88974,6.86755,5.03059,5.03269,2.22634,2.23245,2.17645,2.18112,0.130028,0.145716,-0.206201,-0.205725,0.0848641,0.0810597,-0.174487,-0.176262,0.785301,0.780698,-0.0109404,-0.00964236,-0.0167927,-0.0147491,9.71992e-08,0.000890717,6.88974,5.03059,2.22634,0.0848641,-0.174487,0.785301
23.48,6.91148,6.88948,5.0318,5.03408,2.22427,2.23038,2.17025,2.17488,0.111928,0.127502,-0.206854,-0.206355,0.0847526,0.0809337,-0.174653,-0.176437,0.785301,0.780704,-0.0113536,-0.0100131,-0.0162955,-0.0142743,8.61455e-08,0.000900269,6.91148,5.0318,2.22427,0.0847526,-0.174653,0.785301
23.49,6.93315,6.91136,5.03283,5.03529,2.2222,2.2283,2.16402,2.16861,0.0938233,0.109282,-0.207504,-0.206983,0.084637,0.0808026,-0.174813,-0.176608,0.785301,0.780712,-0.0117668,-0.0103893,-0.0157983,-0.0137971,7.52082e-08,0.000911295,6.93315,5.03283,2.2222,0.084637,-0.174813,0.785301
23.5,6.95476,6.93318,5.03367,5.03631,2.22012,2.22621,2.15778,2.16233,0.0757155,0.0910541,-0.208153,-0.207607,0.0845173,0.0806665,-0.174969,-0.176775,0.785301,0.780722,-0.0121799,-0.0107712,-0.0153009,-0.0133154,6.4388e-08,0.000923574,6.95476,5.03367,2.22012,0.0845173,-0.174969,0.785301
23.51,6.9763,6.95493,5.03434,5.03715,2.21804,2.22412,2.15151,2.15603,0.057605,0.0728244,-0.208801,-0.20823,0.0843934,0.0805254,-0.175119,-0.176939,0.785301,0.780734,-0.0125929,-0.0111606,-0.0148034,-0.0128308,5.36853e-08,0.000937372,6.9763,5.03434,2.21804,0.0843934,-0.175119,0.785301
23.52,6.99779,6.97663,5.03483,5.03781,2.21595,2.22202,2.14523,2.14971,0.0394923,0.0545874,-0.209446,-0.208851,0.0842654,0.0803789,-0.175265,-0.1771,0.785301,0.780748,-0.0130059,-0.0115552,-0.0143058,-0.0123421,4.31006e-08,0.000952348,6.99779,5.03483,2.21595,0.0842654,-0.175265,0.785301
23.53,7.01921,6.99826,5.03513,5.03828,2.21385,2.21992,2.13893,2.14337,0.0213781,0.0363481,-0.210089,-0.209469,0.0841333,0.0802271,-0.175405,-0.177257,0.785301,0.780764,-0.0134188,-0.0119572,-0.0138082,-0.0118464,3.26345e-08,0.000968769,7.01921,5.03513,2.21385,0.0841333,-0.175405,0.785301
23.54,7.04056,7.01984,5.03525,5.03857,2.21175,2.2178,2.1326,2.13702,0.00326303,0.0181064,-0.210731,-0.210085,0.083997,0.08007,-0.175541,-0.177411,0.785301,0.780782,-0.0138316,-0.0123653,-0.0133105,-0.0113466,2.22874e-08,0.000986174,7.04056,5.03525,2.21175,0.083997,-0.175541,0.785301
23.55,7.06186,7.04135,5.0352,5.03867,2.20964,2.21569,2.12626,2.13064,-0.0148522,-0.000133693,-0.21137,-0.210699,0.0838567,0.0799073,-0.175671,-0.177562,0.785301,0.780801,-0.0142443,-0.0127797,-0.0128127,-0.0108421,1.20597e-08,0.00100456,7.06186,5.0352,2.20964,0.0838567,-0.175671,0.785301
23.56,7.08309,7.06281,5.03496,5.03858,2.20752,2.21356,2.1199,2.12425,-0.032967,-0.0183764,-0.212008,-0.211311,0.0837122,0.079739,-0.175797,-0.17771,0.785301,0.780823,-0.0146569,-0.0131998,-0.0123149,-0.0103319,1.95192e-09,0.00102375,7.08309,5.03496,2.20752,0.0837122,-0.175797,0.785301
23.57,7.10426,7.0842,5.03454,5.03832,2.2054,2.21143,2.11352,2.11784,-0.0510807,-0.0366195,-0.212644,-0.211922,0.0835635,0.0795654,-0.175918,-0.177854,0.785301,0.780845,-0.0150693,-0.0136267,-0.0118171,-0.00981617,-8.03569e-09,0.0010442,7.10426,5.03454,2.2054,0.0835635,-0.175918,0.785301
23.58,7.12536,7.10553,5.03394,5.03786,2.20327,2.2093,2.10712,2.11141,-0.0691927,-0.0548631,-0.213278,-0.212531,0.0834108,0.0793861,-0.176033,-0.177996,0.785301,0.780869,-0.0154816,-0.0140593,-0.0113193,-0.00929277,-1.79027e-08,0.0010653,7.12536,5.03394,2.20327,0.0834108,-0.176033,0.785301
23.59,7.1464,7.1268,5.03315,5.03723,2.20113,2.20716,2.1007,2.10496,-0.0873022,-0.0730993,-0.21391,-0.213138,0.0832539,0.0792015,-0.176144,-0.178135,0.785301,0.780894,-0.0158938,-0.0144963,-0.0108214,-0.0087645,-2.76489e-08,0.00108686,7.1464,5.03315,2.20113,0.0832539,-0.176144,0.785301
23.6,7.16737,7.148,5.03219,5.03641,2.19899,2.20501,2.09427,2.09849,-0.105409,-0.0913362,-0.21454,-0.213744,0.0830929,0.0790115,-0.17625,-0.17827,0.785301,0.780921,-0.0163058,-0.0149394,-0.0103236,-0.0082305,-3.72738e-08,0.001109,7.16737,5.03219,2.19899,0.0830929,-0.17625,0.785301
23.61,7.18828,7.16914,5.03104,5.0354,2.19684,2.20285,2.08781,2.09201,-0.123512,-0.109569,-0.215168,-0.214347,0.0829278,0.0788159,-0.176351,-0.178403,0.785301,0.780948,-0.0167176,-0.0153848,-0.00982588,-0.00768963,-4.67772e-08,0.00113179,7.18828,5.03104,2.19684,0.0829278,-0.176351,0.785301
23.62,7.20913,7.19021,5.02972,5.03421,2.19468,2.2007,2.08134,2.0855,-0.14161,-0.12779,-0.215794,-0.214949,0.0827585,0.0786153,-0.176446,-0.178532,0.785301,0.780976,-0.0171292,-0.0158341,-0.00932815,-0.00714308,-5.6159e-08,0.00115484,7.20913,5.02972,2.19468,0.0827585,-0.176446,0.785301
23.63,7.22991,7.21121,5.02821,5.03284,2.19252,2.19853,2.07484,2.07898,-0.159704,-0.146005,-0.216419,-0.21555,0.0825852,0.0784093,-0.176537,-0.178657,0.785301,0.781004,-0.0175406,-0.0162864,-0.0088305,-0.00659003,-6.54187e-08,0.0011781,7.22991,5.02821,2.19252,0.0825852,-0.176537,0.785301
23.64,7.25063,7.23215,5.02653,5.03128,2.19036,2.19636,2.06833,2.07243,-0.177791,-0.164215,-0.217041,-0.216148,0.0824077,0.0781984,-0.176623,-0.17878,0.785301,0.781033,-0.0179518,-0.0167399,-0.00833291,-0.00603162,-7.45563e-08,0.00120158,7.25063,5.02653,2.19036,0.0824077,-0.176623,0.785301
23.65,7.27128,7.25302,5.02466,5.02954,2.18818,2.19418,2.0618,2.06587,-0.195873,-0.182414,-0.217661,-0.216745,0.0822262,0.0779824,-0.176704,-0.178898,0.785301,0.781062,-0.0183627,-0.017195,-0.00783542,-0.00546747,-8.35716e-08,0.00122517,7.27128,5.02466,2.18818,0.0822262,-0.176704,0.785301
23.66,7.29186,7.27382,5.02261,5.02762,2.186,2.19199,2.05525,2.05929,-0.213948,-0.200604,-0.21828,-0.21734,0.0820405,0.0777618,-0.17678,-0.179013,0.785301,0.781091,-0.0187735,-0.01765,-0.00733802,-0.00489805,-9.24644e-08,0.0012486,7.29186,5.02261,2.186,0.0820405,-0.17678,0.785301
23.67,7.31238,7.29455,5.02038,5.02551,2.18382,2.1898,2.04869,2.05269,-0.232015,-0.218781,-0.218896,-0.217933,0.0818507,0.0775364,-0.176851,-0.179124,0.785301,0.78112,-0.0191839,-0.0181052,-0.00684075,-0.00432307,-1.01235e-07,0.00127193,7.31238,5.02038,2.18382,0.0818507,-0.176851,0.785301
23.68,7.33284,7.31521,5.01797,5.02323,2.18163,2.18761,2.0421,2.04607,-0.250074,-0.236948,-0.21951,-0.218525,0.0816568,0.0773066,-0.176916,-0.179231,0.785301,0.781148,-0.0195941,-0.0185584,-0.0063436,-0.00374229,-1.09882e-07,0.00129503,7.33284,5.01797,2.18163,0.0816568,-0.176916,0.785301
23.69,7.35322,7.3358,5.01538,5.02076,2.17943,2.1854,2.0355,2.03943,-0.268124,-0.255101,-0.220123,-0.219114,0.0814588,0.0770724,-0.176977,-0.179333,0.785301,0.781176,-0.0200041,-0.01901,-0.0058466,-0.003158,-1.18407e-07,0.00131765,7.35322,5.01538,2.17943,0.0814588,-0.176977,0.785301
23.7,7.37355,7.35631,5.01261,5.01811,2.17722,2.18319,2.02887,2.03277,-0.286164,-0.273238,-0.220733,-0.219702,0.0812567,0.0768341,-0.177033,-0.179431,0.785301,0.781203,-0.0204137,-0.0194582,-0.00534975,-0.00257004,-1.26808e-07,0.00133987,7.37355,5.01261,2.17722,0.0812567,-0.177033,0.785301
23.71,7.3938,7.37675,5.00965,5.01529,2.17501,2.18098,2.02223,2.0261,-0.304194,-0.291359,-0.221342,-0.220287,0.0810505,0.0765919,-0.177084,-0.179524,0.785301,0.781229,-0.0208231,-0.019903,-0.00485308,-0.00197821,-1.35087e-07,0.00136177,7.3938,5.00965,2.17501,0.0810505,-0.177084,0.785301
23.72,7.41399,7.39712,5.00652,5.01228,2.1728,2.17876,2.01557,2.01941,-0.322214,-0.309465,-0.221948,-0.22087,0.0808403,0.0763457,-0.17713,-0.179613,0.785301,0.781255,-0.0212321,-0.0203446,-0.00435658,-0.00138347,-1.43243e-07,0.00138286,7.41399,5.00652,2.1728,0.0808403,-0.17713,0.785301
23.73,7.43411,7.41742,5.00321,5.0091,2.17057,2.17653,2.00889,2.0127,-0.340222,-0.327556,-0.222553,-0.221451,0.0806259,0.0760961,-0.177172,-0.179696,0.785301,0.781279,-0.0216408,-0.0207803,-0.00386029,-0.000784077,-1.51276e-07,0.00140342,7.43411,5.00321,2.17057,0.0806259,-0.177172,0.785301
23.74,7.45417,7.43764,4.99972,5.00573,2.16834,2.17429,2.0022,2.00597,-0.358218,-0.345629,-0.223155,-0.22203,0.0804074,0.0758428,-0.177208,-0.179775,0.785301,0.781302,-0.0220492,-0.0212109,-0.0033642,-0.000183724,-1.59186e-07,0.00142276,7.45417,4.99972,2.16834,0.0804074,-0.177208,0.785301
23.75,7.47416,7.45778,4.99604,5.00219,2.16611,2.17205,1.99549,1.99922,-0.376201,-0.363682,-0.223756,-0.222608,0.0801849,0.0755863,-0.177239,-0.179847,0.785301,0.781323,-0.0224573,-0.0216355,-0.00286834,0.000418738,-1.66974e-07,0.00144143,7.47416,4.99604,2.16611,0.0801849,-0.177239,0.785301
23.76,7.49408,7.47785,4.99219,4.99848,2.16387,2.16981,1.98875,1.99246,-0.394171,-0.381717,-0.224354,-0.223183,0.0799583,0.0753264,-0.177265,-0.179914,0.785301,0.781343,-0.0228649,-0.022053,-0.00237272,0.00102317,-1.74638e-07,0.0014594,7.49408,4.99219,2.16387,0.0799583,-0.177265,0.785301
23.77,7.51393,7.49785,4.98816,4.99459,2.16162,2.16755,1.982,1.98568,-0.412127,-0.399735,-0.224951,-0.223756,0.0797276,0.0750636,-0.177286,-0.179975,0.785301,0.781361,-0.0232722,-0.0224642,-0.00187735,0.00162886,-1.8218e-07,0.00147626,7.51393,4.98816,2.16162,0.0797276,-0.177286,0.785301
23.78,7.53372,7.51777,4.98395,4.99052,2.15937,2.16529,1.97524,1.97889,-0.430068,-0.417732,-0.225545,-0.224327,0.0794929,0.0747979,-0.177303,-0.18003,0.785301,0.781378,-0.0236791,-0.0228675,-0.00138224,0.0022328,-1.89599e-07,0.0014919,7.53372,4.98395,2.15937,0.0794929,-0.177303,0.785301
23.79,7.55344,7.53761,4.97956,4.98627,2.15711,2.16303,1.96845,1.97207,-0.447994,-0.435709,-0.226138,-0.224896,0.079254,0.0745296,-0.177314,-0.180079,0.785301,0.781392,-0.0240857,-0.0232638,-0.000887425,0.00283848,-1.96896e-07,0.00150646,7.55344,4.97956,2.15711,0.079254,-0.177314,0.785301
23.8,7.57309,7.55738,4.97499,4.98186,2.15485,2.16075,1.96165,1.96525,-0.465903,-0.453661,-0.226728,-0.225462,0.0790111,0.0742585,-0.17732,-0.180121,0.785301,0.781405,-0.0244918,-0.0236522,-0.000392887,0.00344215,-2.04071e-07,0.00152001,7.57309,4.97499,2.15485,0.0790111,-0.17732,0.785301
23.81,7.59267,7.57707,4.97024,4.97726,2.15258,2.15847,1.95483,1.9584,-0.483797,-0.471595,-0.227316,-0.226028,0.0787642,0.0739851,-0.177322,-0.180157,0.785301,0.781416,-0.0248974,-0.0240333,0.000101331,0.0040447,-2.11123e-07,0.00153217,7.59267,4.97024,2.15258,0.0787642,-0.177322,0.785301
23.82,7.61218,7.59668,4.96531,4.9725,2.1503,2.15619,1.94799,1.95154,-0.501673,-0.48951,-0.227903,-0.226591,0.0785132,0.0737093,-0.177318,-0.180186,0.785301,0.781425,-0.0253027,-0.0244065,0.000595242,0.00464549,-2.18054e-07,0.00154328,7.61218,4.96531,2.1503,0.0785132,-0.177318,0.785301
23.83,7.63163,7.61622,4.96021,4.96756,2.14802,2.1539,1.94114,1.94467,-0.519531,-0.507402,-0.228487,-0.227153,0.0782581,0.0734309,-0.17731,-0.180208,0.785301,0.781431,-0.0257075,-0.0247716,0.00108881,0.00524397,-2.24863e-07,0.00155279,7.63163,4.96021,2.14802,0.0782581,-0.17731,0.785301
23.84,7.65101,7.63568,4.95492,4.96244,2.14573,2.1516,1.93426,1.93778,-0.53737,-0.525272,-0.229069,-0.227712,0.077999,0.0731504,-0.177297,-0.180224,0.7853,0.781436,-0.0261118,-0.0251293,0.00158204,0.00584133,-2.3155e-07,0.00156114,7.65101,4.95492,2.14573,0.077999,-0.177297,0.7853
23.85,7.67032,7.65507,4.94946,4.95716,2.14344,2.14929,1.92737,1.93088,-0.55519,-0.54312,-0.229649,-0.22827,0.0777359,0.0728678,-0.177278,-0.180232,0.7853,0.781439,-0.0265157,-0.0254789,0.00207489,0.0064343,-2.38117e-07,0.001568,7.67032,4.94946,2.14344,0.0777359,-0.177278,0.7853
23.86,7.68955,7.67438,4.94382,4.9517,2.14114,2.14698,1.92046,1.92396,-0.572991,-0.560947,-0.230227,-0.228826,0.0774687,0.072583,-0.177255,-0.180233,0.7853,0.781439,-0.0269191,-0.0258219,0.00256739,0.00702508,-2.44562e-07,0.00157352,7.68955,4.94382,2.14114,0.0774687,-0.177255,0.7853
23.87,7.70872,7.69362,4.938,4.94607,2.13883,2.14466,1.91354,1.91702,-0.590771,-0.578749,-0.230803,-0.229381,0.0771975,0.0722959,-0.177227,-0.180227,0.7853,0.781438,-0.027322,-0.0261576,0.00305948,0.00761174,-2.50887e-07,0.00157776,7.70872,4.938,2.13883,0.0771975,-0.177227,0.7853
23.88,7.72783,7.71278,4.932,4.94026,2.13652,2.14233,1.9066,1.91008,-0.60853,-0.596526,-0.231377,-0.229933,0.0769223,0.0720072,-0.177194,-0.180214,0.7853,0.781434,-0.0277243,-0.0264873,0.00355119,0.00819378,-2.57091e-07,0.00158049,7.72783,4.932,2.13652,0.0769223,-0.177194,0.7853
23.89,7.74686,7.73187,4.92583,4.93429,2.13421,2.14,1.89964,1.90311,-0.626267,-0.614285,-0.231949,-0.230485,0.076643,0.071716,-0.177156,-0.180194,0.7853,0.781429,-0.0281262,-0.0268108,0.00404247,0.00877209,-2.63175e-07,0.00158173,7.74686,4.92583,2.13421,0.076643,-0.177156,0.7853
23.9,7.76582,7.75088,4.91948,4.92814,2.13188,2.13766,1.89266,1.89614,-0.643982,-0.632019,-0.232519,-0.231036,0.0763598,0.0714229,-0.177113,-0.180167,0.7853,0.781421,-0.0285275,-0.0271285,0.00453333,0.00934615,-2.6914e-07,0.00158171,7.76582,4.91948,2.13188,0.0763598,-0.177113,0.7853
23.91,7.78471,7.76982,4.91295,4.92182,2.12956,2.13532,1.88567,1.88915,-0.661674,-0.649733,-0.233087,-0.231585,0.0760725,0.0711276,-0.177065,-0.180132,0.7853,0.781412,-0.0289283,-0.0274414,0.00502373,0.00991728,-2.74986e-07,0.00158004,7.78471,4.91295,2.12956,0.0760725,-0.177065,0.7853
23.92,7.80353,7.78868,4.90625,4.91532,2.12722,2.13296,1.87865,1.88214,-0.679343,-0.667421,-0.233652,-0.232132,0.0757812,0.07083,-0.177013,-0.18009,0.7853,0.781401,-0.0293285,-0.0277504,0.0055137,0.0104814,-2.80712e-07,0.00157702,7.80353,4.90625,2.12722,0.0757812,-0.177013,0.7853
23.93,7.82228,7.80747,4.89936,4.90866,2.12488,2.1306,1.87163,1.87512,-0.696987,-0.685088,-0.234216,-0.232679,0.0754859,0.0705304,-0.176955,-0.180042,0.7853,0.781388,-0.0297281,-0.028055,0.00600318,0.0110415,-2.8632e-07,0.00157273,7.82228,4.89936,2.12488,0.0754859,-0.176955,0.7853
23.94,7.84096,7.8262,4.89231,4.90182,2.12254,2.12824,1.86458,1.86809,-0.714606,-0.702732,-0.234777,-0.233224,0.0751866,0.0702283,-0.176892,-0.179986,0.7853,0.781373,-0.0301272,-0.0283566,0.00649219,0.0115987,-2.9181e-07,0.00156689,7.84096,4.89231,2.12254,0.0751866,-0.176892,0.7853
23.95,7.85957,7.84484,4.88507,4.8948,2.12019,2.12586,1.85752,1.86104,-0.732199,-0.720351,-0.235336,-0.233769,0.0748834,0.0699238,-0.176825,-0.179923,0.7853,0.781357,-0.0305256,-0.0286556,0.00698069,0.0121492,-2.97182e-07,0.00155956,7.85957,4.88507,2.12019,0.0748834,-0.176825,0.7853
23.96,7.87811,7.86341,4.87766,4.88762,2.11783,2.12348,1.85044,1.85398,-0.749767,-0.737942,-0.235893,-0.234312,0.0745761,0.0696169,-0.176753,-0.179854,0.7853,0.781339,-0.0309235,-0.0289531,0.00746869,0.0126962,-3.02437e-07,0.00155117,7.87811,4.87766,2.11783,0.0745761,-0.176753,0.7853
23.97,7.89658,7.88192,4.87008,4.88026,2.11547,2.12109,1.84335,1.8469,-0.767307,-0.755514,-0.236448,-0.234854,0.0742649,0.0693072,-0.176676,-0.179778,0.7853,0.78132,-0.0313207,-0.0292495,0.00795616,0.0132389,-3.07575e-07,0.00154145,7.89658,4.87008,2.11547,0.0742649,-0.176676,0.7853
23.98,7.91498,7.90035,4.86232,4.87273,2.1131,2.1187,1.83624,1.83981,-0.784821,-0.773059,-0.237001,-0.235394,0.0739497,0.0689951,-0.176594,-0.179695,0.7853,0.7813,-0.0317173,-0.029546,0.0084431,0.0137773,-3.12597e-07,0.00153011,7.91498,4.86232,2.1131,0.0739497,-0.176594,0.7853
23.99,7.93331,7.91871,4.85438,4.86503,2.11073,2.11629,1.82911,1.83271,-0.802306,-0.790583,-0.237552,-0.235934,0.0736306,0.0686799,-0.176507,-0.179606,0.7853,0.781278,-0.0321132,-0.0298416,0.00892948,0.0143108,-3.17503e-07,0.00151765,7.93331,4.85438,2.11073,0.0736306,-0.176507,0.7853
24,7.95156,7.937,4.84627,4.85715,2.10835,2.11389,1.82196,1.82559,-0.819762,-0.808079,-0.2381,-0.236473,0.0733075,0.0683619,-0.176415,-0.179511,0.7853,0.781255,-0.0325084,-0.0301391,0.00941531,0.014841,-3.22293e-07,0.0015039,7.95156,4.84627,2.10835,0.0733075,-0.176415,0.7853
24.01,7.96975,7.95522,4.83799,4.8491,2.10597,2.11147,1.8148,1.81845,-0.83719,-0.825549,-0.238647,-0.237011,0.0729804,0.0680405,-0.176319,-0.179409,0.7853,0.781232,-0.032903,-0.0304369,0.00990055,0.0153687,-3.26969e-07,0.00148909,7.96975,4.83799,2.10597,0.0729804,-0.176319,0.7853
24.02,7.98786,7.97337,4.82953,4.84088,2.10358,2.10905,1.80762,1.8113,-0.854587,-0.842997,-0.239191,-0.237547,0.0726494,0.0677158,-0.176217,-0.179302,0.7853,0.781207,-0.0332969,-0.0307382,0.0103852,0.0158927,-3.3153e-07,0.00147305,7.98786,4.82953,2.10358,0.0726494,-0.176217,0.7853
24.03,8.0059,7.99145,4.82089,4.83248,2.10118,2.10661,1.80043,1.80414,-0.871954,-0.860417,-0.239733,-0.238082,0.0723145,0.0673876,-0.176111,-0.179189,0.7853,0.781182,-0.0336901,-0.0310411,0.0108692,0.0164132,-3.35978e-07,0.00145601,8.0059,4.82089,2.10118,0.0723145,-0.176111,0.7853
24.04,8.02387,8.00946,4.81209,4.8239,2.09878,2.10418,1.79322,1.79696,-0.889289,-0.877809,-0.240273,-0.238616,0.0719756,0.0670557,-0.176,-0.179071,0.7853,0.781156,-0.0340826,-0.0313483,0.0113527,0.0169317,-3.40313e-07,0.0014379,8.02387,4.81209,2.09878,0.0719756,-0.176,0.7853
24.05,8.04176,8.02739,4.80311,4.81516,2.09638,2.10173,1.78599,1.78976,-0.906593,-0.89517,-0.240811,-0.239148,0.0716328,0.06672,-0.175884,-0.178948,0.7853,0.78113,-0.0344743,-0.031658,0.0118355,0.0174482,-3.44535e-07,0.00141875,8.04176,4.80311,2.09638,0.0716328,-0.175884,0.7853
24.06,8.05959,8.04526,4.79396,4.80624,2.09397,2.09928,1.77875,1.78255,-0.923864,-0.912507,-0.241347,-0.239679,0.0712861,0.0663802,-0.175763,-0.178819,0.7853,0.781103,-0.0348653,-0.0319726,0.0123176,0.0179627,-3.48645e-07,0.00139843,8.05959,4.79396,2.09397,0.0712861,-0.175763,0.7853
24.07,8.07734,8.06306,4.78463,4.79714,2.09155,2.09682,1.77149,1.77533,-0.941102,-0.929815,-0.24188,-0.240208,0.0709355,0.0660361,-0.175637,-0.178686,0.7853,0.781077,-0.0352556,-0.0322919,0.0127991,0.0184752,-3.52644e-07,0.00137752,8.07734,4.78463,2.09155,0.0709355,-0.175637,0.7853
24.08,8.09502,8.08079,4.77513,4.78787,2.08913,2.09436,1.76422,1.76808,-0.958307,-0.947093,-0.242411,-0.240735,0.070581,0.0656877,-0.175507,-0.178548,0.7853,0.78105,-0.035645,-0.0326162,0.0132799,0.0189871,-3.56531e-07,0.00135559,8.09502,4.77513,2.08913,0.070581,-0.175507,0.7853
24.09,8.11262,8.09845,4.76547,4.77842,2.0867,2.09189,1.75693,1.76083,-0.975477,-0.964343,-0.242941,-0.241261,0.0702226,0.0653348,-0.175372,-0.178405,0.7853,0.781023,-0.0360337,-0.0329459,0.01376,0.0194991,-3.60309e-07,0.00133294,8.11262,4.76547,2.0867,0.0702226,-0.175372,0.7853
24.1,8.13016,8.11605,4.75563,4.7688,2.08427,2.08941,1.74962,1.75355,-0.992613,-0.981561,-0.243468,-0.241785,0.0698603,0.0649768,-0.175232,-0.178259,0.7853,0.780996,-0.0364216,-0.0332811,0.0142395,0.0200092,-3.63977e-07,0.00130957,8.13016,4.75563,2.08427,0.0698603,-0.175232,0.7853
24.11,8.14762,8.13356,4.74561,4.75901,2.08183,2.08693,1.7423,1.74626,-1.00971,-0.998744,-0.243992,-0.242306,0.0694942,0.0646139,-0.175087,-0.178108,0.7853,0.78097,-0.0368087,-0.0336214,0.0147182,0.0205203,-3.67536e-07,0.00128536,8.14762,4.74561,2.08183,0.0694942,-0.175087,0.7853
24.12,8.165,8.15101,4.73543,4.74904,2.07939,2.08444,1.73496,1.73896,-1.02678,-1.0159,-0.244515,-0.242826,0.0691242,0.0642459,-0.174938,-0.177954,0.7853,0.780943,-0.037195,-0.0339674,0.0151962,0.0210316,-3.70987e-07,0.00126055,8.165,4.73543,2.07939,0.0691242,-0.174938,0.7853
24.13,8.18231,8.16838,4.72508,4.7389,2.07694,2.08194,1.72761,1.73163,-1.0438,-1.03301,-0.245035,-0.243342,0.0687503,0.0638726,-0.174783,-0.177796,0.7853,0.780917,-0.0375804,-0.03432,0.0156734,0.0215437,-3.74331e-07,0.00123535,8.18231,4.72508,2.07694,0.0687503,-0.174783,0.7853
24.14,8.19955,8.18568,4.71455,4.72858,2.07449,2.07944,1.72024,1.72429,-1.06079,-1.05009,-0.245553,-0.243857,0.0683726,0.0634938,-0.174624,-0.177635,0.7853,0.780892,-0.037965,-0.0346782,0.0161499,0.0220577,-3.77568e-07,0.00120953,8.19955,4.71455,2.07449,0.0683726,-0.174624,0.7853
24.15,8.21672,8.20292,4.70386,4.71809,2.07203,2.07693,1.71285,1.71694,-1.07774,-1.06714,-0.246069,-0.244369,0.067991,0.0631094,-0.17446,-0.177471,0.7853,0.780867,-0.0383487,-0.0350425,0.0166256,0.0225722,-3.80698e-07,0.00118314,8.21672,4.70386,2.07203,0.067991,-0.17446,0.7853
24.16,8.23381,8.22008,4.693,4.70742,2.06957,2.07441,1.70545,1.70957,-1.09466,-1.08415,-0.246583,-0.244877,0.0676056,0.062719,-0.174292,-0.177304,0.7853,0.780843,-0.0387316,-0.0354125,0.0171006,0.0230873,-3.83723e-07,0.00115679,8.23381,4.693,2.06957,0.0676056,-0.174292,0.7853
24.17,8.25083,8.23716,4.68197,4.69658,2.0671,2.0719,1.69804,1.70218,-1.11153,-1.10112,-0.247095,-0.245384,0.0672164,0.0623228,-0.174118,-0.177134,0.7853,0.78082,-0.0391135,-0.0357871,0.0175747,0.0236069,-3.86643e-07,0.00112967,8.25083,4.68197,2.0671,0.0672164,-0.174118,0.7853
24.18,8.26777,8.25418,4.67077,4.68557,2.06463,2.06937,1.69061,1.69477,-1.12837,-1.11805,-0.247604,-0.245886,0.0668233,0.0619205,-0.17394,-0.176961,0.7853,0.780797,-0.0394946,-0.0361684,0.0180481,0.0241276,-3.8946e-07,0.00110252,8.26777,4.67077,2.06463,0.0668233,-0.17394,0.7853
24.19,8.28464,8.27112,4.6594,4.67438,2.06215,2.06684,1.68316,1.68735,-1.14516,-1.13494,-0.248111,-0.246386,0.0664265,0.0615122,-0.173757,-0.176786,0.7853,0.780776,-0.0398747,-0.036554,0.0185206,0.0246502,-3.92173e-07,0.00107519,8.28464,4.6594,2.06215,0.0664265,-0.173757,0.7853
24.2,8.30143,8.28799,4.64787,4.66303,2.05967,2.0643,1.6757,1.67991,-1.16191,-1.15179,-0.248616,-0.246883,0.0660258,0.0610976,-0.17357,-0.176608,0.7853,0.780756,-0.0402539,-0.0369451,0.0189923,0.0251757,-3.94783e-07,0.00104761,8.30143,4.64787,2.05967,0.0660258,-0.17357,0.7853
24.21,8.31815,8.30478,4.63616,4.6515,2.05718,2.06176,1.66822,1.67246,-1.17862,-1.16859,-0.249118,-0.247375,0.0656214,0.0606767,-0.173377,-0.176428,0.7853,0.780737,-0.0406321,-0.0373401,0.0194631,0.0257031,-3.97292e-07,0.00101997,8.31815,4.63616,2.05718,0.0656214,-0.173377,0.7853
24.22,8.3348,8.3215,4.62429,4.6398,2.05468,2.05922,1.66073,1.66499,-1.19529,-1.18536,-0.249619,-0.247865,0.0652132,0.0602496,-0.17318,-0.176245,0.7853,0.780718,-0.0410094,-0.0377393,0.019933,0.026234,-3.99699e-07,0.000992343,8.3348,4.62429,2.05468,0.0652132,-0.17318,0.7853
24.23,8.35137,8.33814,4.61226,4.62793,2.05218,2.05667,1.65323,1.6575,-1.21192,-1.20208,-0.250117,-0.248351,0.0648012,0.0598159,-0.172979,-0.17606,0.7853,0.780702,-0.0413857,-0.0381423,0.0204021,0.0267671,-4.02007e-07,0.000964776,8.35137,4.61226,2.05218,0.0648012,-0.172979,0.7853
24.24,8.36786,8.3547,4.60006,4.61589,2.04968,2.05412,1.6457,1.64999,-1.2285,-1.21875,-0.250612,-0.248833,0.0643855,0.0593758,-0.172772,-0.175873,0.7853,0.780686,-0.0417611,-0.0385489,0.0208703,0.0273024,-4.04215e-07,0.000937223,8.36786,4.60006,2.04968,0.0643855,-0.172772,0.7853
24.25,8.38428,8.37119,4.58769,4.60368,2.04717,2.05156,1.63817,1.64247,-1.24504,-1.23538,-0.251106,-0.249312,0.063966,0.0589293,-0.172561,-0.175684,0.7853,0.780671,-0.0421354,-0.0389588,0.0213376,0.0278401,-4.06324e-07,0.000909835,8.38428,4.58769,2.04717,0.063966,-0.172561,0.7853
24.26,8.40063,8.38761,4.57516,4.5913,2.04466,2.049,1.63062,1.63493,-1.26153,-1.25196,-0.251597,-0.249787,0.0635428,0.0584763,-0.172346,-0.175493,0.7853,0.780658,-0.0425087,-0.0393703,0.021804,0.0283807,-4.08336e-07,0.000882536,8.40063,4.57516,2.04466,0.0635428,-0.172346,0.7853
24.27,8.41689,8.40394,4.56246,4.57876,2.04214,2.04643,1.62305,1.62738,-1.27798,-1.26849,-0.252086,-0.250258,0.0631158,0.0580171,-0.172125,-0.175299,0.7853,0.780647,-0.042881,-0.0397844,0.0222694,0.0289245,-4.1025e-07,0.00085555,8.41689,4.56246,2.04214,0.0631158,-0.172125,0.7853
24.28,8.43309,8.4202,4.5496,4.56604,2.03962,2.04386,1.61547,1.6198,-1.29439,-1.28497,-0.252573,-0.250725,0.0626852,0.0575516,-0.1719,-0.175103,0.7853,0.780636,-0.0432522,-0.0402001,0.0227339,0.0294695,-4.12068e-07,0.000828952,8.43309,4.5496,2.03962,0.0626852,-0.1719,0.7853
24.29,8.4492,8.43638,4.53657,4.55317,2.03709,2.04129,1.60788,1.61222,-1.31074,-1.30141,-0.253058,-0.251189,0.0622508,0.05708,-0.171671,-0.174905,0.7853,0.780628,-0.0436224,-0.0406163,0.0231974,0.030017,-4.13791e-07,0.000802428,8.4492,4.53657,2.03709,0.0622508,-0.171671,0.7853
24.3,8.46525,8.45248,4.52338,4.54012,2.03456,2.03872,1.60027,1.60461,-1.32705,-1.31779,-0.25354,-0.251649,0.0618127,0.0566021,-0.171436,-0.174704,0.7853,0.78062,-0.0439915,-0.0410336,0.02366,0.0305655,-4.15419e-07,0.000776559,8.46525,4.52338,2.03456,0.0618127,-0.171436,0.7853
24.31,8.48121,8.46851,4.51003,4.52691,2.03202,2.03614,1.59264,1.59699,-1.34331,-1.33412,-0.25402,-0.252106,0.061371,0.056118,-0.171197,-0.174501,0.7853,0.780614,-0.0443595,-0.0414506,0.0241216,0.0311168,-4.16954e-07,0.000750959,8.48121,4.51003,2.03202,0.061371,-0.171197,0.7853
24.32,8.4971,8.48446,4.49652,4.51354,2.02947,2.03356,1.585,1.58936,-1.35953,-1.3504,-0.254498,-0.252559,0.0609255,0.0556282,-0.170954,-0.174296,0.7853,0.780609,-0.0447265,-0.0418675,0.0245821,0.0316676,-4.18395e-07,0.000725746,8.4971,4.49652,2.02947,0.0609255,-0.170954,0.7853
24.33,8.51291,8.50033,4.48284,4.5,2.02693,2.03098,1.57735,1.5817,-1.37569,-1.36663,-0.254973,-0.253009,0.0604764,0.0551327,-0.170706,-0.174087,0.7853,0.780606,-0.0450923,-0.0422843,0.0250417,0.0322201,-4.19745e-07,0.000701085,8.51291,4.48284,2.02693,0.0604764,-0.170706,0.7853
24.34,8.52864,8.51612,4.469,4.4863,2.02438,2.02839,1.56968,1.57403,-1.39181,-1.3828,-0.255446,-0.253456,0.0600237,0.0546316,-0.170453,-0.173876,0.7853,0.780604,-0.0454569,-0.0426997,0.0255002,0.0327731,-4.21003e-07,0.000676841,8.52864,4.469,2.02438,0.0600237,-0.170453,0.7853
24.35,8.5443,8.53183,4.455,4.47243,2.02182,2.02581,1.562,1.56635,-1.40788,-1.39893,-0.255917,-0.2539,0.0595673,0.0541249,-0.170196,-0.173661,0.7853,0.780604,-0.0458205,-0.0431137,0.0259577,0.033327,-4.22171e-07,0.000653133,8.5443,4.455,2.02182,0.0595673,-0.170196,0.7853
24.36,8.55989,8.54747,4.44084,4.45841,2.01926,2.02322,1.55431,1.55864,-1.42389,-1.415,-0.256385,-0.254341,0.0591073,0.0536132,-0.169934,-0.173443,0.7853,0.780605,-0.0461829,-0.0435255,0.0264141,0.0338811,-4.23249e-07,0.00063017,8.55989,4.44084,2.01926,0.0591073,-0.169934,0.7853
24.37,8.57539,8.56302,4.42653,4.44423,2.01669,2.02063,1.5466,1.55092,-1.43986,-1.43101,-0.256852,-0.25478,0.0586437,0.0530964,-0.169667,-0.173222,0.7853,0.780608,-0.0465441,-0.043936,0.0268695,0.0344336,-4.24239e-07,0.000607729,8.57539,4.42653,2.01669,0.0586437,-0.169667,0.7853
24.38,8.59082,8.5785,4.41205,4.42988,2.01412,2.01804,1.53887,1.54319,-1.45577,-1.44697,-0.257315,-0.255215,0.0581764,0.0525748,-0.169396,-0.172997,0.7853,0.780612,-0.0469041,-0.0443443,0.0273238,0.0349854,-4.25141e-07,0.000585958,8.59082,4.41205,2.01412,0.0581764,-0.169396,0.7853
24.39,8.60617,8.5939,4.39741,4.41538,2.01154,2.01545,1.53114,1.53544,-1.47163,-1.46288,-0.257777,-0.255649,0.0577056,0.0520486,-0.169121,-0.172768,0.7853,0.780617,-0.0472629,-0.0447492,0.027777,0.0355362,-4.25957e-07,0.000564709,8.60617,4.39741,2.01154,0.0577056,-0.169121,0.7853
24.4,8.62144,8.60922,4.38261,4.40071,2.00896,2.01285,1.52339,1.52767,-1.48744,-1.47874,-0.258236,-0.256081,0.0572312,0.051518,-0.168841,-0.172535,0.7853,0.780623,-0.0476205,-0.0451519,0.028229,0.0360849,-4.26686e-07,0.000544429,8.62144,4.38261,2.00896,0.0572312,-0.168841,0.7853
24.41,8.63663,8.62447,4.36766,4.38589,2.00638,2.01026,1.51562,1.51988,-1.50319,-1.49454,-0.258693,-0.25651,0.0567532,0.0509834,-0.168556,-0.172297,0.7853,0.780631,-0.0479769,-0.0455512,0.02868,0.0366317,-4.2733e-07,0.000524521,8.63663,4.36766,2.00638,0.0567532,-0.168556,0.7853
24.42,8.65175,8.63964,4.35255,4.3709,2.00379,2.00766,1.50784,1.51208,-1.51889,-1.51028,-0.259148,-0.256939,0.0562716,0.0504449,-0.168267,-0.172055,0.7853,0.78064,-0.048332,-0.0459472,0.0291298,0.0371762,-4.27891e-07,0.000505596,8.65175,4.35255,2.00379,0.0562716,-0.168267,0.7853
24.43,8.66679,8.65473,4.33728,4.35577,2.0012,2.00506,1.50005,1.50427,-1.53454,-1.52598,-0.2596,-0.257365,0.0557865,0.0499026,-0.167974,-0.171808,0.7853,0.780651,-0.0486859,-0.0463406,0.0295784,0.0377168,-4.28368e-07,0.000487104,8.66679,4.33728,2.0012,0.0557865,-0.167974,0.7853
24.44,8.68175,8.66975,4.32186,4.34047,1.9986,2.00246,1.49224,1.49643,-1.55013,-1.54161,-0.26005,-0.257791,0.0552979,0.049357,-0.167676,-0.171555,0.7853,0.780662,-0.0490385,-0.0467302,0.0300259,0.0382547,-4.28762e-07,0.00046961,8.68175,4.32186,1.9986,0.0552979,-0.167676,0.7853
24.45,8.69664,8.68469,4.30628,4.32501,1.996,1.99986,1.48442,1.48858,-1.56567,-1.5572,-0.260497,-0.258216,0.0548058,0.0488082,-0.167373,-0.171298,0.7853,0.780675,-0.0493898,-0.047117,0.0304722,0.0387892,-4.29075e-07,0.000452861,8.69664,4.30628,1.996,0.0548058,-0.167373,0.7853
24.46,8.71144,8.69955,4.29055,4.3094,1.99339,1.99726,1.47659,1.48071,-1.58115,-1.57272,-0.260943,-0.25864,0.0543101,0.0482566,-0.167066,-0.171034,0.7853,0.780689,-0.0497398,-0.0474996,0.0309174,0.0393191,-4.29308e-07,0.000436693,8.71144,4.29055,1.99339,0.0543101,-0.167066,0.7853
24.47,8.72617,8.71434,4.27466,4.29364,1.99078,1.99465,1.46875,1.47282,-1.59657,-1.5882,-0.261386,-0.259064,0.053811,0.0477023,-0.166755,-0.170764,0.7853,0.780703,-0.0500885,-0.0478789,0.0313613,0.0398448,-4.29461e-07,0.000421494,8.72617,4.27466,1.99078,0.053811,-0.166755,0.7853
24.48,8.74082,8.72906,4.25862,4.27771,1.98816,1.99205,1.46089,1.46492,-1.61193,-1.60362,-0.261826,-0.259487,0.0533083,0.0471455,-0.166439,-0.170489,0.7853,0.780719,-0.0504358,-0.048254,0.031804,0.0403659,-4.29536e-07,0.000406995,8.74082,4.25862,1.98816,0.0533083,-0.166439,0.7853
24.49,8.75539,8.74369,4.24242,4.26163,1.98554,1.98944,1.45301,1.457,-1.62724,-1.61898,-0.262264,-0.25991,0.0528023,0.0465864,-0.166119,-0.170206,0.7853,0.780736,-0.0507818,-0.0486261,0.0322454,0.0408813,-4.29532e-07,0.000393331,8.75539,4.24242,1.98554,0.0528023,-0.166119,0.7853
24.5,8.76988,8.75826,4.22607,4.24539,1.98292,1.98683,1.44513,1.44906,-1.64249,-1.6343,-0.2627,-0.260332,0.0522927,0.0460252,-0.165794,-0.169917,0.7853,0.780754,-0.0511265,-0.0489947,0.0326857,0.0413919,-4.29452e-07,0.000380248,8.76988,4.22607,1.98292,0.0522927,-0.165794,0.7853
24.51,8.78429,8.77275,4.20957,4.229,1.98029,1.98422,1.43723,1.4411,-1.65768,-1.64955,-0.263133,-0.260756,0.0517797,0.0454624,-0.165465,-0.169621,0.7853,0.780772,-0.0514697,-0.0493591,0.0331246,0.041896,-4.29296e-07,0.000368327,8.78429,4.20957,1.98029,0.0517797,-0.165465,0.7853
24.52,8.79862,8.78716,4.19292,4.21245,1.97765,1.98161,1.42932,1.43313,-1.67281,-1.66475,-0.263565,-0.261179,0.0512633,0.0448978,-0.165132,-0.169317,0.7853,0.780791,-0.0518116,-0.0497208,0.0335623,0.0423947,-4.29065e-07,0.000357047,8.79862,4.19292,1.97765,0.0512633,-0.165132,0.7853
24.53,8.81287,8.8015,4.17611,4.19575,1.97502,1.97899,1.42139,1.42514,-1.68788,-1.6799,-0.263993,-0.261602,0.0507435,0.0443319,-0.164794,-0.169007,0.7853,0.780811,-0.052152,-0.0500781,0.0339987,0.0428873,-4.2876e-07,0.000346705,8.81287,4.17611,1.97502,0.0507435,-0.164794,0.7853
24.54,8.82705,8.81577,4.15916,4.17889,1.97237,1.97638,1.41345,1.41713,-1.70289,-1.69499,-0.26442,-0.262025,0.0502203,0.0437645,-0.164452,-0.168688,0.7853,0.780832,-0.0524911,-0.0504324,0.0344338,0.0433747,-4.28382e-07,0.000337243,8.82705,4.15916,1.97237,0.0502203,-0.164452,0.7853
24.55,8.84114,8.82996,4.14206,4.16188,1.96973,1.97376,1.4055,1.40911,-1.71784,-1.71002,-0.264843,-0.262448,0.0496937,0.0431964,-0.164105,-0.168362,0.7853,0.780853,-0.0528287,-0.0507828,0.0348675,0.0438542,-4.27932e-07,0.000328645,8.84114,4.14206,1.96973,0.0496937,-0.164105,0.7853
24.56,8.85516,8.84408,4.1248,4.14471,1.96708,1.97113,1.39754,1.40106,-1.73273,-1.725,-0.265265,-0.262872,0.0491637,0.0426269,-0.163754,-0.168028,0.7853,0.780874,-0.0531648,-0.0511307,0.0353,0.0443275,-4.27411e-07,0.000320837,8.85516,4.1248,1.96708,0.0491637,-0.163754,0.7853
24.57,8.86909,8.85812,4.1074,4.12739,1.96442,1.96851,1.38956,1.393,-1.74755,-1.73992,-0.265684,-0.263296,0.0486304,0.0420567,-0.163399,-0.167685,0.7853,0.780896,-0.0534995,-0.0514744,0.035731,0.0447938,-4.26819e-07,0.000314191,8.86909,4.1074,1.96442,0.0486304,-0.163399,0.7853
24.58,8.88295,8.87209,4.08985,4.10991,1.96176,1.96588,1.38158,1.38492,-1.76232,-1.75478,-0.266101,-0.26372,0.0480937,0.0414856,-0.16304,-0.167335,0.7853,0.780917,-0.0538327,-0.0518157,0.0361608,0.0452535,-4.26158e-07,0.000308186,8.88295,4.08985,1.96176,0.0480937,-0.16304,0.7853
24.59,8.89673,8.88599,4.07216,4.09228,1.9591,1.96325,1.37357,1.37683,-1.77702,-1.76958,-0.266515,-0.264144,0.0475538,0.0409139,-0.162676,-0.166976,0.7853,0.780939,-0.0541644,-0.0521533,0.0365891,0.045707,-4.25429e-07,0.000303268,8.89673,4.07216,1.9591,0.0475538,-0.162676,0.7853
24.6,8.91042,8.89981,4.05431,4.0745,1.95643,1.96061,1.36556,1.36872,-1.79165,-1.78433,-0.266927,-0.264567,0.0470105,0.0403417,-0.162308,-0.166608,0.7853,0.780961,-0.0544946,-0.052488,0.0370161,0.0461534,-4.24632e-07,0.000299156,8.91042,4.05431,1.95643,0.0470105,-0.162308,0.7853
24.61,8.92404,8.91355,4.03632,4.05657,1.95376,1.95797,1.35754,1.36059,-1.80622,-1.79901,-0.267337,-0.26499,0.0464639,0.0397688,-0.161936,-0.166233,0.7853,0.780983,-0.0548232,-0.05282,0.0374417,0.046593,-4.23769e-07,0.000296175,8.92404,4.03632,1.95376,0.0464639,-0.161936,0.7853
24.62,8.93757,8.92722,4.01819,4.03848,1.95109,1.95532,1.3495,1.35245,-1.82073,-1.81364,-0.267744,-0.265413,0.045914,0.0391954,-0.161559,-0.165849,0.7853,0.781005,-0.0551503,-0.0531484,0.0378659,0.0470262,-4.2284e-07,0.000294164,8.93757,4.01819,1.95109,0.045914,-0.161559,0.7853
24.63,8.95103,8.9408,3.99991,4.02025,1.94841,1.95267,1.34145,1.34429,-1.83517,-1.82819,-0.268149,-0.265835,0.0453609,0.0386218,-0.161178,-0.165457,0.7853,0.781026,-0.0554759,-0.0534739,0.0382886,0.0474528,-4.21847e-07,0.00029327,8.95103,3.99991,1.94841,0.0453609,-0.161178,0.7853
24.64,8.9644,8.95432,3.98149,4.00186,1.94572,1.95002,1.33338,1.33612,-1.84955,-1.84269,-0.268551,-0.266256,0.0448045,0.0380475,-0.160793,-0.165056,0.7853,0.781047,-0.0557998,-0.0537967,0.0387099,0.0478731,-4.2079e-07,0.000293285,8.9644,3.98149,1.94572,0.0448045,-0.160793,0.7853
24.65,8.97769,8.96776,3.96292,3.98333,1.94304,1.94736,1.32531,1.32793,-1.86385,-1.85712,-0.268951,-0.266675,0.0442449,0.0374727,-0.160404,-0.164647,0.7853,0.781068,-0.0561222,-0.0541177,0.0391297,0.0482877,-4.19671e-07,0.000294372,8.97769,3.96292,1.94304,0.0442449,-0.160404,0.7853
24.66,8.99091,8.98111,3.94421,3.96464,1.94034,1.94469,1.31722,1.31972,-1.8781,-1.8715,-0.269349,-0.267093,0.043682,0.0368974,-0.160011,-0.16423,0.7853,0.781088,-0.056443,-0.0544352,0.0395481,0.0486961,-4.18489e-07,0.000296399,8.99091,3.94421,1.94034,0.043682,-0.160011,0.7853
24.67,9.00404,8.99439,3.92536,3.94581,1.93765,1.94202,1.30912,1.31151,-1.89227,-1.8858,-0.269744,-0.26751,0.043116,0.0363216,-0.159613,-0.163805,0.7853,0.781107,-0.0567622,-0.0547509,0.039965,0.0490985,-4.17247e-07,0.000299707,9.00404,3.92536,1.93765,0.043116,-0.159613,0.7853
24.68,9.01709,9.0076,3.90636,3.92684,1.93495,1.93935,1.30101,1.30328,-1.90638,-1.90003,-0.270137,-0.267924,0.0425468,0.0357452,-0.159212,-0.163373,0.7853,0.781125,-0.0570797,-0.0550639,0.0403804,0.0494957,-4.15945e-07,0.000304163,9.01709,3.90636,1.93495,0.0425468,-0.159212,0.7853
24.69,9.03006,9.02071,3.88723,3.90772,1.93225,1.93666,1.29289,1.29503,-1.92041,-1.9142,-0.270527,-0.268336,0.0419744,0.0351683,-0.158806,-0.162933,0.7853,0.781142,-0.0573955,-0.0553744,0.0407943,0.0498882,-4.14584e-07,0.000309765,9.03006,3.88723,1.93225,0.0419744,-0.158806,0.7853
24.7,9.04295,9.03375,3.86796,3.88845,1.92954,1.93398,1.28476,1.28678,-1.93438,-1.9283,-0.270915,-0.268746,0.0413989,0.0345904,-0.158396,-0.162485,0.7853,0.781158,-0.0577097,-0.0556832,0.0412066,0.0502752,-4.13165e-07,0.000316367,9.04295,3.86796,1.92954,0.0413989,-0.158396,0.7853
24.71,9.05575,9.04671,3.84854,3.86905,1.92683,1.93128,1.27661,1.27852,-1.94828,-1.94232,-0.2713,-0.269153,0.0408202,0.034012,-0.157982,-0.162031,0.7853,0.781173,-0.0580223,-0.0559897,0.0416174,0.0506585,-4.1169e-07,0.000324175,9.05575,3.84854,1.92683,0.0408202,-0.157982,0.7853
24.72,9.06848,9.05958,3.82899,3.8495,1.92411,1.92858,1.26846,1.27024,-1.96211,-1.95627,-0.271683,-0.269556,0.0402385,0.0334327,-0.157563,-0.16157,0.7853,0.781187,-0.0583331,-0.0562951,0.0420267,0.0510371,-4.10158e-07,0.000333339,9.06848,3.82899,1.92411,0.0402385,-0.157563,0.7853
24.73,9.08112,9.07237,3.8093,3.82982,1.92139,1.92588,1.26029,1.26195,-1.97587,-1.97015,-0.272063,-0.269957,0.0396536,0.0328522,-0.157141,-0.161102,0.7853,0.781199,-0.0586422,-0.0565985,0.0424344,0.0514121,-4.08571e-07,0.000343546,9.08112,3.8093,1.92139,0.0396536,-0.157141,0.7853
24.74,9.09369,9.08508,3.78947,3.80999,1.91867,1.92317,1.25211,1.25366,-1.98956,-1.98396,-0.272441,-0.270354,0.0390656,0.0322709,-0.156715,-0.160629,0.7853,0.78121,-0.0589496,-0.0569006,0.0428406,0.0517847,-4.0693e-07,0.000355005,9.09369,3.78947,1.91867,0.0390656,-0.156715,0.7853
24.75,9.10616,9.0977,3.76951,3.79003,1.91594,1.92045,1.24392,1.24536,-2.00317,-1.99769,-0.272817,-0.270747,0.0384746,0.0316883,-0.156284,-0.160149,0.7853,0.78122,-0.0592552,-0.0572012,0.0432451,0.0521525,-4.05235e-07,0.000367492,9.10616,3.76951,1.91594,0.0384746,-0.156284,0.7853
24.76,9.11856,9.11024,3.74941,3.76994,1.91321,1.91772,1.23571,1.23705,-2.01672,-2.01134,-0.27319,-0.271137,0.0378805,0.0311045,-0.15585,-0.159665,0.7853,0.781228,-0.0595591,-0.0575006,0.043648,0.0525195,-4.03489e-07,0.000381529,9.11856,3.74941,1.91321,0.0378805,-0.15585,0.7853
24.77,9.13088,9.12269,3.72918,3.74971,1.91048,1.91499,1.2275,1.22873,-2.03019,-2.02492,-0.273561,-0.271523,0.0372834,0.0305192,-0.155411,-0.159175,0.7853,0.781234,-0.0598612,-0.0577995,0.0440493,0.0528813,-4.01691e-07,0.000396594,9.13088,3.72918,1.91048,0.0372834,-0.155411,0.7853
24.78,9.14311,9.13505,3.70881,3.72935,1.90774,1.91226,1.21928,1.2204,-2.04359,-2.03842,-0.273929,-0.271904,0.0366833,0.0299325,-0.154969,-0.158681,0.7853,0.781239,-0.0601615,-0.0580979,0.044449,0.0532437,-3.99842e-07,0.000412777,9.14311,3.70881,1.90774,0.0366833,-0.154969,0.7853
24.79,9.15526,9.14733,3.6883,3.70886,1.905,1.90951,1.21104,1.21208,-2.05692,-2.05184,-0.274295,-0.272282,0.0360802,0.0293443,-0.154522,-0.158183,0.7853,0.781242,-0.06046,-0.0583957,0.044847,0.0536031,-3.97944e-07,0.000430197,9.15526,3.6883,1.905,0.0360802,-0.154522,0.7853
24.8,9.16733,9.15952,3.66767,3.68825,1.90226,1.90677,1.20279,1.20374,-2.07017,-2.06518,-0.274658,-0.272655,0.0354741,0.0287544,-0.154072,-0.157681,0.7853,0.781243,-0.0607567,-0.058693,0.0452434,0.0539611,-3.95998e-07,0.000448883,9.16733,3.66767,1.90226,0.0354741,-0.154072,0.7853
24.81,9.17932,9.17163,3.6469,3.6675,1.89951,1.90401,1.19453,1.1954,-2.08334,-2.07844,-0.275019,-0.273024,0.0348651,0.0281625,-0.153617,-0.157175,0.7853,0.781243,-0.0610516,-0.0589899,0.0456381,0.0543181,-3.94004e-07,0.000468597,9.17932,3.6469,1.89951,0.0348651,-0.153617,0.7853
24.82,9.19123,9.18365,3.626,3.64663,1.89676,1.90125,1.18627,1.18706,-2.09645,-2.09161,-0.275377,-0.273388,0.0342531,0.0275689,-0.153159,-0.156667,0.7853,0.781242,-0.0613446,-0.059287,0.0460311,0.0546734,-3.91963e-07,0.000489473,9.19123,3.626,1.89676,0.0342531,-0.153159,0.7853
24.83,9.20305,9.19557,3.60497,3.62564,1.894,1.89849,1.17799,1.17872,-2.10947,-2.10471,-0.275733,-0.273748,0.0336382,0.0269732,-0.152697,-0.156155,0.7853,0.781238,-0.0616357,-0.059585,0.0464224,0.0550287,-3.89876e-07,0.000511497,9.20305,3.60497,1.894,0.0336382,-0.152697,0.7853
24.84,9.21478,9.20741,3.58381,3.60452,1.89124,1.89572,1.1697,1.17036,-2.12242,-2.11772,-0.276086,-0.274105,0.0330204,0.0263754,-0.152231,-0.155642,0.7853,0.781233,-0.061925,-0.0598826,0.046812,0.055383,-3.87745e-07,0.000534564,9.21478,3.58381,1.89124,0.0330204,-0.152231,0.7853
24.85,9.22644,9.21916,3.56252,3.58328,1.88848,1.89294,1.1614,1.16201,-2.1353,-2.13065,-0.276437,-0.274456,0.0323997,0.0257753,-0.151761,-0.155126,0.7853,0.781227,-0.0622123,-0.0601807,0.0471999,0.0557369,-3.85569e-07,0.000558466,9.22644,3.56252,1.88848,0.0323997,-0.151761,0.7853
24.86,9.23801,9.23083,3.54111,3.56192,1.88571,1.89016,1.15308,1.15366,-2.1481,-2.1435,-0.276786,-0.274804,0.0317761,0.0251732,-0.151287,-0.154609,0.7853,0.781218,-0.0624977,-0.0604796,0.047586,0.0560905,-3.83351e-07,0.000583604,9.23801,3.54111,1.88571,0.0317761,-0.151287,0.7853
24.87,9.2495,9.2424,3.51956,3.54044,1.88294,1.88737,1.14476,1.1453,-2.16082,-2.15626,-0.277131,-0.275149,0.0311497,0.0245685,-0.150809,-0.154091,0.7853,0.781209,-0.0627813,-0.060779,0.0479704,0.0564439,-3.8109e-07,0.000609428,9.2495,3.51956,1.88294,0.0311497,-0.150809,0.7853
24.88,9.26091,9.25389,3.49789,3.51885,1.88017,1.88458,1.13643,1.13694,-2.17346,-2.16894,-0.277475,-0.275489,0.0305205,0.0239616,-0.150327,-0.153571,0.7853,0.781198,-0.0630628,-0.0610796,0.0483529,0.0567958,-3.78788e-07,0.00063628,9.26091,3.49789,1.88017,0.0305205,-0.150327,0.7853
24.89,9.27223,9.26528,3.47609,3.49713,1.87739,1.88179,1.12809,1.12858,-2.18603,-2.18153,-0.277816,-0.275825,0.0298885,0.0233519,-0.149842,-0.153051,0.7853,0.781186,-0.0633424,-0.0613803,0.0487338,0.0571488,-3.76446e-07,0.000663981,9.27223,3.47609,1.87739,0.0298885,-0.149842,0.7853
24.9,9.28347,9.27659,3.45417,3.4753,1.87462,1.87899,1.11974,1.12022,-2.19851,-2.19404,-0.278154,-0.276158,0.0292537,0.0227399,-0.149353,-0.15253,0.7853,0.781173,-0.0636201,-0.0616817,0.0491128,0.0575011,-3.74065e-07,0.000692248,9.28347,3.45417,1.87462,0.0292537,-0.149353,0.7853
24.91,9.29463,9.28781,3.43212,3.45335,1.87183,1.87619,1.11137,1.11186,-2.21092,-2.20647,-0.27849,-0.276488,0.0286161,0.022125,-0.14886,-0.152009,0.7853,0.781158,-0.0638957,-0.061984,0.04949,0.0578524,-3.71645e-07,0.00072135,9.29463,3.43212,1.87183,0.0286161,-0.14886,0.7853
24.92,9.3057,9.29895,3.40995,3.43128,1.86905,1.87338,1.103,1.10349,-2.22325,-2.21882,-0.278823,-0.276815,0.0279758,0.0215077,-0.148363,-0.151487,0.7853,0.781142,-0.0641693,-0.0622871,0.0498654,0.0582028,-3.69187e-07,0.000751153,9.3057,3.40995,1.86905,0.0279758,-0.148363,0.7853
24.93,9.31668,9.30999,3.38766,3.40909,1.86626,1.87057,1.09462,1.09512,-2.23549,-2.23108,-0.279154,-0.277139,0.0273327,0.0208874,-0.147862,-0.150965,0.7853,0.781126,-0.064441,-0.0625906,0.0502389,0.0585535,-3.66692e-07,0.000781313,9.31668,3.38766,1.86626,0.0273327,-0.147862,0.7853
24.94,9.32759,9.32096,3.36524,3.38679,1.86346,1.86775,1.08623,1.08675,-2.24766,-2.24326,-0.279483,-0.27746,0.026687,0.0202643,-0.147358,-0.150443,0.7853,0.781108,-0.0647105,-0.0628946,0.0506106,0.0589025,-3.64162e-07,0.000812128,9.32759,3.36524,1.86346,0.026687,-0.147358,0.7853
24.95,9.33841,9.33182,3.34271,3.36438,1.86067,1.86493,1.07782,1.07838,-2.25975,-2.25535,-0.279809,-0.277778,0.0260385,0.0196385,-0.14685,-0.149921,0.7853,0.78109,-0.0649781,-0.0631985,0.0509804,0.0592504,-3.61597e-07,0.000843242,9.33841,3.34271,1.86067,0.0260385,-0.14685,0.7853
24.96,9.34915,9.34261,3.32005,3.34185,1.85787,1.86211,1.06941,1.07,-2.27175,-2.26736,-0.280132,-0.278095,0.0253874,0.0190097,-0.146338,-0.149399,0.7853,0.781072,-0.0652435,-0.0635032,0.0513484,0.0595969,-3.58997e-07,0.000874937,9.34915,3.32005,1.85787,0.0253874,-0.146338,0.7853
24.97,9.3598,9.3533,3.29727,3.3192,1.85506,1.85929,1.06099,1.06163,-2.28368,-2.27928,-0.280453,-0.278409,0.0247337,0.0183781,-0.145823,-0.148876,0.7853,0.781053,-0.0655069,-0.063807,0.0517144,0.0599412,-3.56365e-07,0.000906736,9.3598,3.29727,1.85506,0.0247337,-0.145823,0.7853
24.98,9.37037,9.36391,3.27437,3.29644,1.85226,1.85646,1.05256,1.05324,-2.29552,-2.29113,-0.280771,-0.278721,0.0240773,0.0177433,-0.145304,-0.148354,0.7853,0.781033,-0.0657682,-0.0641105,0.0520786,0.060283,-3.537e-07,0.000938758,9.37037,3.27437,1.85226,0.0240773,-0.145304,0.7853
24.99,9.38085,9.37444,3.25136,3.27356,1.84945,1.85363,1.04412,1.04485,-2.30728,-2.30289,-0.281087,-0.279032,0.0234183,0.0171055,-0.144782,-0.147831,0.7853,0.781013,-0.0660273,-0.064413,0.0524408,0.060624,-3.51003e-07,0.000970796,9.38085,3.25136,1.84945,0.0234183,-0.144782,0.7853
25,9.39125,9.38488,3.22823,3.25056,1.84664,1.85079,1.03567,1.03646,-2.31895,-2.31457,-0.2814,-0.279341,0.0227567,0.0164647,-0.144255,-0.147308,0.7853,0.780993,-0.0662844,-0.0647144,0.0528011,0.0609612,-3.48276e-07,0.00100289,9.39125,3.22823,1.84664,0.0227567,-0.144255,0.7853
25.01,9.40156,9.39523,3.20498,3.22745,1.84382,1.84796,1.02721,1.02806,-2.33054,-2.32616,-0.281711,-0.279648,0.0220926,0.0158207,-0.143725,-0.146785,0.7853,0.780974,-0.0665393,-0.0650142,0.0531595,0.0612955,-3.45519e-07,0.00103487,9.40156,3.20498,1.84382,0.0220926,-0.143725,0.7853
25.02,9.41179,9.4055,3.18162,3.20422,1.841,1.84512,1.01874,1.01966,-2.34205,-2.33768,-0.282019,-0.279954,0.021426,0.0151737,-0.143192,-0.146261,0.7853,0.780954,-0.066792,-0.0653124,0.0535159,0.0616272,-3.42734e-07,0.00106674,9.41179,3.18162,1.841,0.021426,-0.143192,0.7853
25.03,9.42194,9.41568,3.15814,3.18087,1.83818,1.84228,1.01026,1.01125,-2.35348,-2.34911,-0.282324,-0.280259,0.0207568,0.0145232,-0.142655,-0.145736,0.7853,0.780934,-0.0670426,-0.0656079,0.0538703,0.0619535,-3.3992e-07,0.00109847,9.42194,3.15814,1.83818,0.0207568,-0.142655,0.7853
25.04,9.432,9.42578,3.13455,3.15741,1.83535,1.83944,1.00177,1.00283,-2.36482,-2.36046,-0.282628,-0.280563,0.0200851,0.0138699,-0.142115,-0.14521,0.7853,0.780915,-0.067291,-0.0659011,0.0542228,0.0622783,-3.37078e-07,0.00112967,9.432,3.13455,1.83535,0.0200851,-0.142115,0.7853
25.05,9.44197,9.43579,3.11084,3.13383,1.83253,1.8366,0.993273,0.994408,-2.37607,-2.37173,-0.282928,-0.280865,0.019411,0.0132131,-0.141571,-0.144683,0.7853,0.780896,-0.0675372,-0.0661913,0.0545732,0.0625976,-3.34211e-07,0.00116059,9.44197,3.11084,1.83253,0.019411,-0.141571,0.7853
25.06,9.45186,9.44571,3.08703,3.11014,1.8297,1.83375,0.984767,0.985976,-2.38724,-2.38291,-0.283226,-0.281167,0.0187344,0.0125532,-0.141023,-0.144155,0.7853,0.780877,-0.0677811,-0.0664775,0.0549217,0.0629116,-3.31318e-07,0.00119102,9.45186,3.08703,1.8297,0.0187344,-0.141023,0.7853
25.07,9.46167,9.45555,3.0631,3.08633,1.82686,1.8309,0.976252,0.977537,-2.39832,-2.39401,-0.283522,-0.281468,0.0180554,0.0118901,-0.140472,-0.143625,0.7853,0.780859,-0.0680228,-0.0667601,0.0552681,0.0632219,-3.284e-07,0.00122091,9.46167,3.0631,1.82686,0.0180554,-0.140472,0.7853
25.08,9.47139,9.46531,3.03906,3.0624,1.82403,1.82805,0.967728,0.969088,-2.40932,-2.40503,-0.283814,-0.281768,0.0173739,0.0112237,-0.139918,-0.143093,0.7853,0.780841,-0.0682623,-0.067038,0.0556125,0.0635266,-3.25458e-07,0.00125003,9.47139,3.03906,1.82403,0.0173739,-0.139918,0.7853
25.09,9.48102,9.47498,3.01491,3.03835,1.82119,1.8252,0.959196,0.960629,-2.42023,-2.41597,-0.284105,-0.282067,0.0166901,0.0105537,-0.13936,-0.142558,0.7853,0.780825,-0.0684996,-0.067312,0.0559548,0.0638266,-3.22493e-07,0.00127839,9.48102,3.01491,1.82119,0.0166901,-0.13936,0.7853
25.1,9.49057,9.48457,2.99066,3.0142,1.81834,1.82235,0.950655,0.952161,-2.43105,-2.42683,-0.284393,-0.282365,0.0160039,0.00988042,-0.138799,-0.142022,0.7853,0.780809,-0.0687345,-0.0675799,0.0562951,0.0641211,-3.19505e-07,0.00130597,9.49057,2.99066,1.81834,0.0160039,-0.138799,0.7853
25.11,9.50004,9.49407,2.96629,2.98992,1.8155,1.8195,0.942105,0.943684,-2.44179,-2.4376,-0.284678,-0.282663,0.0153154,0.00920393,-0.138234,-0.141483,0.7853,0.780794,-0.0689672,-0.0678424,0.0566333,0.0644104,-3.16497e-07,0.00133234,9.50004,2.96629,1.8155,0.0153154,-0.138234,0.7853
25.12,9.50941,9.50348,2.94182,2.96554,1.81265,1.81664,0.933547,0.935197,-2.45243,-2.44829,-0.284961,-0.282959,0.0146246,0.00852453,-0.137666,-0.140941,0.7853,0.78078,-0.0691975,-0.0680993,0.0569694,0.064693,-3.13467e-07,0.00135806,9.50941,2.94182,1.81265,0.0146246,-0.137666,0.7853
25.13,9.51871,9.51281,2.91725,2.94104,1.8098,1.81379,0.92498,0.926704,-2.46299,-2.45889,-0.285241,-0.283255,0.0139315,0.00784164,-0.137095,-0.140396,0.7853,0.780766,-0.0694255,-0.0683499,0.0573034,0.0649703,-3.10417e-07,0.0013825,9.51871,2.91725,1.8098,0.0139315,-0.137095,0.7853
25.14,9.52791,9.52206,2.89256,2.91643,1.80695,1.81094,0.916405,0.918196,-2.47346,-2.46941,-0.285518,-0.28355,0.0132361,0.00715532,-0.13652,-0.139848,0.7853,0.780754,-0.0696512,-0.0685943,0.0576353,0.0652428,-3.07349e-07,0.00140589,9.52791,2.89256,1.80695,0.0132361,-0.13652,0.7853
25.15,9.53703,9.53121,2.86778,2.89172,1.80409,1.80808,0.907822,0.909682,-2.48384,-2.47985,-0.285793,-0.283844,0.0125385,0.00646615,-0.135942,-0.139296,0.7853,0.780743,-0.0698746,-0.0688318,0.057965,0.0655088,-3.04261e-07,0.0014277,9.53703,2.86778,1.80409,0.0125385,-0.135942,0.7853
25.16,9.54607,9.54029,2.84289,2.86689,1.80123,1.80522,0.89923,0.901156,-2.49414,-2.4902,-0.286066,-0.284137,0.0118386,0.00577372,-0.135361,-0.138741,0.7853,0.780733,-0.0700956,-0.069063,0.0582927,0.0657694,-3.01157e-07,0.00144842,9.54607,2.84289,1.80123,0.0118386,-0.135361,0.7853
25.17,9.55502,9.54927,2.81789,2.84195,1.79837,1.80237,0.890631,0.892622,-2.50434,-2.50047,-0.286335,-0.28443,0.0111366,0.0050783,-0.134776,-0.138182,0.7853,0.780724,-0.0703142,-0.0692868,0.0586181,0.0660247,-2.98035e-07,0.00146753,9.55502,2.81789,1.79837,0.0111366,-0.134776,0.7853
25.18,9.56388,9.55817,2.7928,2.81691,1.7955,1.79951,0.882023,0.884078,-2.51445,-2.51064,-0.286603,-0.284721,0.0104323,0.00438024,-0.134188,-0.13762,0.7853,0.780716,-0.0705304,-0.069504,0.0589415,0.0662742,-2.94897e-07,0.0014853,9.56388,2.7928,1.7955,0.0104323,-0.134188,0.7853
25.19,9.57266,9.56698,2.76761,2.79177,1.79264,1.79665,0.873407,0.875526,-2.52447,-2.52074,-0.286867,-0.285012,0.00972597,0.00367917,-0.133597,-0.137053,0.7853,0.780709,-0.0707442,-0.0697144,0.0592626,0.0665194,-2.91744e-07,0.00150131,9.57266,2.76761,1.79264,0.00972597,-0.133597,0.7853
25.2,9.58135,9.57571,2.74231,2.76653,1.78977,1.79379,0.864783,0.866966,-2.5344,-2.53074,-0.287129,-0.285301,0.00901747,0.00297543,-0.133003,-0.136483,0.7853,0.780704,-0.0709556,-0.0699178,0.0595815,0.0667583,-2.88577e-07,0.00151587,9.58135,2.74231,1.78977,0.00901747,-0.133003,0.7853
25.21,9.58995,9.58434,2.71692,2.74119,1.78689,1.79094,0.856151,0.858399,-2.54424,-2.54065,-0.287389,-0.285589,0.00830687,0.00226945,-0.132406,-0.135908,0.7853,0.780699,-0.0711645,-0.0701137,0.0598983,0.0669937,-2.85395e-07,0.00152875,9.58995,2.71692,1.78689,0.00830687,-0.132406,0.7853
25.22,9.59847,9.5929,2.69143,2.71575,1.78402,1.78808,0.847512,0.849823,-2.55399,-2.55048,-0.287646,-0.285877,0.00759419,0.00156099,-0.131805,-0.135329,0.7853,0.780696,-0.071371,-0.0703034,0.0602128,0.0672242,-2.82201e-07,0.00153959,9.59847,2.69143,1.78402,0.00759419,-0.131805,0.7853
25.23,9.6069,9.60136,2.66584,2.69022,1.78114,1.78522,0.838865,0.84124,-2.56364,-2.56021,-0.2879,-0.286164,0.00687946,0.000850193,-0.131202,-0.134746,0.7853,0.780694,-0.0715751,-0.0704866,0.0605251,0.0674501,-2.78994e-07,0.00154868,9.6069,2.66584,1.78114,0.00687946,-0.131202,0.7853
25.24,9.61525,9.60973,2.64015,2.6646,1.77826,1.78236,0.83021,0.832652,-2.57321,-2.56986,-0.288152,-0.28645,0.0061627,0.000137635,-0.130595,-0.134159,0.7853,0.780692,-0.0717767,-0.0706635,0.0608352,0.067673,-2.75775e-07,0.00155585,9.61525,2.64015,1.77826,0.0061627,-0.130595,0.7853
25.25,9.62351,9.61802,2.61437,2.63888,1.77538,1.77951,0.821548,0.824056,-2.58268,-2.57941,-0.288401,-0.286735,0.00544393,-0.00057698,-0.129985,-0.133568,0.7853,0.780693,-0.0719757,-0.0708344,0.061143,0.0678914,-2.72546e-07,0.00156116,9.62351,2.61437,1.77538,0.00544393,-0.129985,0.7853
25.26,9.63168,9.62622,2.5885,2.61308,1.77249,1.77665,0.812878,0.815457,-2.59205,-2.58887,-0.288647,-0.287019,0.00472319,-0.00129306,-0.129372,-0.132973,0.7853,0.780693,-0.0721723,-0.0709995,0.0614485,0.0681071,-2.69306e-07,0.00156464,9.63168,2.5885,1.77249,0.00472319,-0.129372,0.7853
25.27,9.63977,9.63433,2.56253,2.5872,1.7696,1.77379,0.804201,0.806852,-2.60134,-2.59824,-0.288891,-0.287302,0.00400049,-0.00201043,-0.128756,-0.132373,0.7853,0.780696,-0.0723664,-0.0711595,0.0617518,0.0683198,-2.66056e-07,0.0015658,9.63977,2.56253,1.7696,0.00400049,-0.128756,0.7853
25.28,9.64777,9.64235,2.53647,2.56123,1.76671,1.77094,0.795517,0.798242,-2.61053,-2.60751,-0.289133,-0.287584,0.00327587,-0.0027291,-0.128137,-0.13177,0.7853,0.780699,-0.0725579,-0.0713141,0.0620527,0.0685295,-2.62798e-07,0.00156516,9.64777,2.53647,1.76671,0.00327587,-0.128137,0.7853
25.29,9.65568,9.65028,2.51032,2.53518,1.76382,1.76808,0.786826,0.789629,-2.61963,-2.61669,-0.289371,-0.287866,0.00254934,-0.0034483,-0.127515,-0.131163,0.7853,0.780703,-0.0727469,-0.0714644,0.0623514,0.0687374,-2.59532e-07,0.00156239,9.65568,2.51032,1.76382,0.00254934,-0.127515,0.7853
25.3,9.6635,9.65813,2.48408,2.50905,1.76093,1.76522,0.778127,0.781012,-2.62863,-2.62577,-0.289608,-0.288147,0.00182094,-0.00416846,-0.12689,-0.130551,0.7853,0.780707,-0.0729334,-0.0716115,0.0626478,0.0689436,-2.56258e-07,0.00155768,9.6635,2.48408,1.76093,0.00182094,-0.12689,0.7853
25.31,9.67124,9.66588,2.45775,2.48285,1.75803,1.76237,0.769421,0.772392,-2.63753,-2.63476,-0.289841,-0.288427,0.00109069,-0.00488907,-0.126262,-0.129936,0.7853,0.780713,-0.0731172,-0.071754,0.0629418,0.0691476,-2.52977e-07,0.0015507,9.67124,2.45775,1.75803,0.00109069,-0.126262,0.7853
25.32,9.67889,9.67355,2.43133,2.45656,1.75513,1.75951,0.760709,0.763768,-2.64635,-2.64365,-0.290072,-0.288706,0.000358604,-0.00560999,-0.125631,-0.129317,0.7853,0.78072,-0.0732985,-0.0718944,0.0632335,0.0693509,-2.49691e-07,0.0015419,9.67889,2.43133,1.75513,0.000358604,-0.125631,0.7853
25.33,9.68645,9.68113,2.40482,2.43021,1.75223,1.75666,0.751989,0.755141,-2.65506,-2.65245,-0.2903,-0.288985,-0.000375277,-0.00633096,-0.124997,-0.128695,0.7853,0.780727,-0.0734772,-0.0720317,0.0635229,0.0695531,-2.46398e-07,0.00153092,9.68645,2.40482,1.75223,-0.000375277,-0.124997,0.7853
25.34,9.69393,9.68862,2.37823,2.40378,1.74932,1.7538,0.743263,0.746512,-2.66368,-2.66115,-0.290526,-0.289262,-0.00111093,-0.00705156,-0.124361,-0.128068,0.7853,0.780735,-0.0736533,-0.0721664,0.0638099,0.0697547,-2.43101e-07,0.0015178,9.69393,2.37823,1.74932,-0.00111093,-0.124361,0.7853
25.35,9.70132,9.69603,2.35155,2.37727,1.74642,1.75094,0.734529,0.737879,-2.67221,-2.66976,-0.290749,-0.28954,-0.00184833,-0.00777213,-0.123721,-0.127439,0.7853,0.780743,-0.0738268,-0.0722999,0.0640945,0.0699553,-2.398e-07,0.00150277,9.70132,2.35155,1.74642,-0.00184833,-0.123721,0.7853
25.36,9.70862,9.70334,2.32479,2.3507,1.74351,1.74808,0.72579,0.729243,-2.68064,-2.67826,-0.29097,-0.289816,-0.00258746,-0.00849182,-0.123079,-0.126805,0.7853,0.780752,-0.0739976,-0.0724321,0.0643768,0.0701554,-2.36495e-07,0.00148582,9.70862,2.32479,1.74351,-0.00258746,-0.123079,0.7853
25.37,9.71583,9.71057,2.29794,2.32405,1.7406,1.74523,0.717043,0.720603,-2.68897,-2.68667,-0.291187,-0.290091,-0.00332828,-0.00921097,-0.122434,-0.126169,0.7853,0.780762,-0.0741658,-0.0725633,0.0646566,0.0703556,-2.33188e-07,0.00146693,9.71583,2.29794,1.7406,-0.00332828,-0.122434,0.7853
25.38,9.72296,9.71771,2.27101,2.29734,1.73768,1.74237,0.70829,0.711963,-2.69721,-2.69498,-0.291403,-0.290366,-0.00407077,-0.00992883,-0.121786,-0.125528,0.7853,0.780772,-0.0743313,-0.0726953,0.0649341,0.0705561,-2.29878e-07,0.00144626,9.72296,2.27101,1.73768,-0.00407077,-0.121786,0.7853
25.39,9.73,9.72477,2.24399,2.27055,1.73477,1.7395,0.699531,0.703317,-2.70534,-2.7032,-0.291615,-0.29064,-0.0048149,-0.0106458,-0.121135,-0.124885,0.7853,0.780782,-0.0744942,-0.0728264,0.0652091,0.0707565,-2.26566e-07,0.00142355,9.73,2.24399,1.73477,-0.0048149,-0.121135,0.7853
25.4,9.73695,9.73173,2.2169,2.24369,1.73185,1.73664,0.690765,0.694666,-2.71338,-2.71131,-0.291825,-0.290912,-0.00556064,-0.0113617,-0.120481,-0.124238,0.7853,0.780792,-0.0746544,-0.0729583,0.0654817,0.0709565,-2.23254e-07,0.00139917,9.73695,2.2169,1.73185,-0.00556064,-0.120481,0.7853
25.41,9.74382,9.73861,2.18973,2.21675,1.72893,1.73378,0.681994,0.686011,-2.72133,-2.71933,-0.292033,-0.291183,-0.00630797,-0.0120763,-0.119825,-0.123588,0.7853,0.780802,-0.0748119,-0.073091,0.0657518,0.0711569,-2.19941e-07,0.00137302,9.74382,2.18973,1.72893,-0.00630797,-0.119825,0.7853
25.42,9.75059,9.74541,2.16247,2.18975,1.72601,1.73091,0.673216,0.677349,-2.72917,-2.72726,-0.292237,-0.291453,-0.00705687,-0.0127895,-0.119166,-0.122935,0.7853,0.780812,-0.0749667,-0.073225,0.0660195,0.0713579,-2.16628e-07,0.00134532,9.75059,2.16247,1.72601,-0.00705687,-0.119166,0.7853
25.43,9.75728,9.75212,2.13514,2.16267,1.72309,1.72804,0.664431,0.668683,-2.73692,-2.73508,-0.292439,-0.291721,-0.0078073,-0.0135012,-0.118505,-0.122278,0.7853,0.780822,-0.0751188,-0.0733599,0.0662848,0.0715587,-2.13316e-07,0.0013162,9.75728,2.13514,1.72309,-0.0078073,-0.118505,0.7853
25.44,9.76388,9.75874,2.10774,2.13552,1.72016,1.72517,0.655641,0.66001,-2.74457,-2.74281,-0.292639,-0.291988,-0.00855924,-0.0142113,-0.117841,-0.121618,0.7853,0.780832,-0.0752681,-0.0734967,0.0665476,0.0717593,-2.10005e-07,0.00128564,9.76388,2.10774,1.72016,-0.00855924,-0.117841,0.7853
25.45,9.77039,9.76528,2.08025,2.10829,1.71724,1.72229,0.646845,0.651329,-2.75211,-2.75044,-0.292836,-0.292252,-0.00931265,-0.0149198,-0.117174,-0.120954,0.7853,0.780842,-0.0754147,-0.073635,0.0668078,0.0719602,-2.06696e-07,0.00125344,9.77039,2.08025,1.71724,-0.00931265,-0.117174,0.7853
25.46,9.77682,9.77172,2.05269,2.08099,1.71431,1.71941,0.638043,0.642643,-2.75956,-2.75797,-0.29303,-0.292515,-0.0100675,-0.0156267,-0.116505,-0.120288,0.7853,0.780851,-0.0755585,-0.0737749,0.0670656,0.0721612,-2.0339e-07,0.00122029,9.77682,2.05269,1.71431,-0.0100675,-0.116505,0.7853
25.47,9.78315,9.77809,2.02506,2.05362,1.71138,1.71653,0.629235,0.633947,-2.76691,-2.76541,-0.293222,-0.292775,-0.0108238,-0.0163324,-0.115833,-0.119618,0.7853,0.78086,-0.0756996,-0.0739166,0.0673209,0.072362,-2.00086e-07,0.00118591,9.78315,2.02506,1.71138,-0.0108238,-0.115833,0.7853
25.48,9.7894,9.78437,1.99736,2.02616,1.70844,1.71365,0.620422,0.62524,-2.77416,-2.77275,-0.29341,-0.293032,-0.0115815,-0.0170365,-0.115158,-0.118944,0.7853,0.780868,-0.075838,-0.0740604,0.0675737,0.0725617,-1.96787e-07,0.00115055,9.7894,1.99736,1.70844,-0.0115815,-0.115158,0.7853
25.49,9.79556,9.79056,1.96958,1.99863,1.70551,1.71075,0.611603,0.616525,-2.78131,-2.77999,-0.293597,-0.293287,-0.0123406,-0.0177393,-0.114481,-0.118267,0.7853,0.780876,-0.0759735,-0.074206,0.0678239,0.0727617,-1.93491e-07,0.00111429,9.79556,1.96958,1.70551,-0.0123406,-0.114481,0.7853
25.5,9.80163,9.79667,1.94173,1.97102,1.70257,1.70786,0.602778,0.607801,-2.78836,-2.78714,-0.29378,-0.293538,-0.013101,-0.0184407,-0.113802,-0.117587,0.7853,0.780883,-0.0761062,-0.0743524,0.0680717,0.0729606,-1.902e-07,0.001077,9.80163,1.94173,1.70257,-0.013101,-0.113802,0.7853
25.51,9.80762,9.8027,1.91381,1.94333,1.69963,1.70496,0.593948,0.599066,-2.79531,-2.79419,-0.293961,-0.293786,-0.0138627,-0.019141,-0.11312,-0.116903,0.7853,0.780889,-0.0762362,-0.0745009,0.0683168,0.0731591,-1.86915e-07,0.00103927,9.80762,1.91381,1.69963,-0.0138627,-0.11312,0.7853
25.52,9.81351,9.80863,1.88582,1.91556,1.69669,1.70206,0.585113,0.59032,-2.80216,-2.80114,-0.29414,-0.29403,-0.0146257,-0.0198402,-0.112435,-0.116216,0.7853,0.780894,-0.0763633,-0.0746504,0.0685594,0.0733563,-1.83635e-07,0.00100107,9.81351,1.88582,1.69669,-0.0146257,-0.112435,0.7853
25.53,9.81932,9.81449,1.85777,1.8877,1.69375,1.69915,0.576272,0.581562,-2.80891,-2.80799,-0.294315,-0.29427,-0.0153899,-0.0205384,-0.111749,-0.115524,0.7853,0.780898,-0.0764876,-0.0748008,0.0687995,0.0735523,-1.80361e-07,0.000962168,9.81932,1.85777,1.69375,-0.0153899,-0.111749,0.7853
25.54,9.82504,9.82025,1.82965,1.85977,1.6908,1.69624,0.567426,0.572793,-2.81556,-2.81475,-0.294488,-0.294506,-0.0161554,-0.021236,-0.111059,-0.11483,0.7853,0.780901,-0.076609,-0.0749519,0.0690369,0.0737476,-1.77094e-07,0.000923127,9.82504,1.82965,1.6908,-0.0161554,-0.111059,0.7853
25.55,9.83067,9.82593,1.80146,1.83176,1.68786,1.69332,0.558575,0.564014,-2.8221,-2.82141,-0.294659,-0.294737,-0.0169221,-0.021933,-0.110368,-0.114131,0.7853,0.780904,-0.0767276,-0.075103,0.0692718,0.0739406,-1.73835e-07,0.000883862,9.83067,1.80146,1.68786,-0.0169221,-0.110368,0.7853
25.56,9.83621,9.83152,1.77321,1.80367,1.68491,1.69039,0.549719,0.555221,-2.82854,-2.82797,-0.294827,-0.294964,-0.01769,-0.02263,-0.109674,-0.113429,0.7853,0.780905,-0.0768434,-0.0752537,0.0695041,0.0741332,-1.70583e-07,0.000844568,9.83621,1.77321,1.68491,-0.01769,-0.109674,0.7853
25.57,9.84166,9.83703,1.74489,1.77549,1.68196,1.68746,0.540858,0.546417,-2.83488,-2.83443,-0.294992,-0.295185,-0.018459,-0.0233268,-0.108978,-0.112723,0.7853,0.780905,-0.0769563,-0.0754042,0.0697337,0.0743234,-1.67339e-07,0.000805348,9.84166,1.74489,1.68196,-0.018459,-0.108978,0.7853
25.58,9.84703,9.84245,1.71651,1.74724,1.67901,1.68453,0.531992,0.537601,-2.84112,-2.8408,-0.295154,-0.2954,-0.0192291,-0.0240238,-0.108279,-0.112013,0.7853,0.780904,-0.0770663,-0.0755534,0.0699608,0.0745122,-1.64105e-07,0.000766277,9.84703,1.71651,1.67901,-0.0192291,-0.108279,0.7853
25.59,9.8523,9.84778,1.68807,1.71891,1.67606,1.68159,0.523121,0.528776,-2.84726,-2.84706,-0.295314,-0.295611,-0.0200003,-0.0247212,-0.107578,-0.111299,0.7853,0.780902,-0.0771734,-0.0757008,0.0701852,0.0746991,-1.60879e-07,0.000727639,9.8523,1.68807,1.67606,-0.0200003,-0.107578,0.7853
25.6,9.85749,9.85302,1.65956,1.69049,1.67311,1.67865,0.514245,0.519937,-2.85329,-2.85323,-0.295471,-0.295816,-0.0207725,-0.0254196,-0.106876,-0.110582,0.7853,0.780898,-0.0772776,-0.0758449,0.070407,0.0748844,-1.57663e-07,0.000689328,9.85749,1.65956,1.67311,-0.0207725,-0.106876,0.7853
25.61,9.86259,9.85818,1.631,1.662,1.67015,1.6757,0.505365,0.511089,-2.85922,-2.8593,-0.295625,-0.296014,-0.0215458,-0.0261187,-0.10617,-0.109861,0.7853,0.780894,-0.077379,-0.075988,0.0706261,0.0750683,-1.54458e-07,0.000651777,9.86259,1.631,1.67015,-0.0215458,-0.10617,0.7853
25.62,9.8676,9.86325,1.60238,1.63344,1.66719,1.67274,0.49648,0.502232,-2.86505,-2.86526,-0.295777,-0.296206,-0.0223201,-0.0268192,-0.105463,-0.109136,0.7853,0.780888,-0.0774774,-0.0761269,0.0708426,0.0752502,-1.51262e-07,0.000614792,9.8676,1.60238,1.66719,-0.0223201,-0.105463,0.7853
25.63,9.87252,9.86823,1.5737,1.60481,1.66423,1.66979,0.487591,0.493367,-2.87078,-2.87113,-0.295926,-0.296392,-0.0230954,-0.0275211,-0.104754,-0.108408,0.7853,0.780882,-0.0775729,-0.0762619,0.0710564,0.0754297,-1.48078e-07,0.000578687,9.87252,1.5737,1.66423,-0.0230954,-0.104754,0.7853
25.64,9.87735,9.87312,1.54496,1.5761,1.66127,1.66682,0.478697,0.484493,-2.8764,-2.87689,-0.296073,-0.296572,-0.0238716,-0.0282249,-0.104042,-0.107676,0.7853,0.780874,-0.0776655,-0.0763932,0.0712676,0.0756087,-1.44906e-07,0.000543594,9.87735,1.54496,1.66127,-0.0238716,-0.104042,0.7853
25.65,9.88209,9.87791,1.51617,1.54733,1.65831,1.66386,0.469799,0.475611,-2.88191,-2.88256,-0.296217,-0.296745,-0.0246487,-0.0289313,-0.103328,-0.10694,0.7853,0.780866,-0.0777551,-0.0765186,0.071476,0.0757855,-1.41745e-07,0.000509515,9.88209,1.51617,1.65831,-0.0246487,-0.103328,0.7853
25.66,9.88674,9.88262,1.48733,1.51848,1.65535,1.66089,0.460897,0.466723,-2.88733,-2.88812,-0.296358,-0.296913,-0.0254266,-0.0296397,-0.102612,-0.106201,0.7853,0.780856,-0.0778418,-0.0766396,0.0716818,0.0759602,-1.38597e-07,0.000476554,9.88674,1.48733,1.65535,-0.0254266,-0.102612,0.7853
25.67,9.89131,9.88725,1.45843,1.48957,1.65239,1.65791,0.451991,0.457829,-2.89264,-2.89358,-0.296496,-0.297074,-0.0262055,-0.030351,-0.101895,-0.105459,0.7853,0.780846,-0.0779255,-0.0767547,0.0718849,0.0761345,-1.35461e-07,0.000444904,9.89131,1.45843,1.65239,-0.0262055,-0.101895,0.7853
25.68,9.89578,9.89178,1.42947,1.46061,1.64942,1.65494,0.44308,0.448931,-2.89784,-2.89893,-0.296632,-0.297229,-0.0269851,-0.031065,-0.101175,-0.104713,0.7853,0.780835,-0.0780063,-0.0768631,0.0720852,0.0763075,-1.32339e-07,0.00041458,9.89578,1.42947,1.64942,-0.0269851,-0.101175,0.7853
25.69,9.90017,9.89622,1.40047,1.43158,1.64645,1.65195,0.434166,0.44003,-2.90294,-2.90418,-0.296765,-0.297377,-0.0277656,-0.0317825,-0.100453,-0.103964,0.7853,0.780824,-0.0780841,-0.076965,0.0722829,0.0764795,-1.2923e-07,0.000385687,9.90017,1.40047,1.64645,-0.0277656,-0.100453,0.7853
25.7,9.90447,9.90057,1.37142,1.4025,1.64348,1.64897,0.425247,0.431126,-2.90793,-2.90933,-0.296896,-0.29752,-0.0285468,-0.0325033,-0.0997291,-0.103212,0.7853,0.780812,-0.0781589,-0.0770599,0.0724778,0.0766505,-1.26135e-07,0.000358462,9.90447,1.37142,1.64348,-0.0285468,-0.0997291,0.7853
25.71,9.90868,9.90482,1.34231,1.37337,1.64052,1.64599,0.416325,0.422224,-2.91283,-2.91437,-0.297024,-0.297657,-0.0293288,-0.0332273,-0.0990033,-0.102457,0.7853,0.780799,-0.0782308,-0.0771478,0.07267,0.0768203,-1.23055e-07,0.000332639,9.90868,1.34231,1.64052,-0.0293288,-0.0990033,0.7853
25.72,9.91279,9.90899,1.31316,1.34418,1.63754,1.643,0.407399,0.413319,-2.91761,-2.9193,-0.297149,-0.297789,-0.0301114,-0.0339554,-0.0982757,-0.101699,0.7853,0.780786,-0.0782996,-0.0772279,0.0728594,0.0769899,-1.19989e-07,0.000308737,9.91279,1.31316,1.63754,-0.0301114,-0.0982757,0.7853
25.73,9.91682,9.91307,1.28396,1.31494,1.63457,1.64001,0.39847,0.404413,-2.92229,-2.92413,-0.297271,-0.297915,-0.0308948,-0.0346876,-0.0975461,-0.100939,0.7853,0.780773,-0.0783655,-0.0773012,0.0730461,0.0771588,-1.16938e-07,0.000286177,9.91682,1.28396,1.63457,-0.0308948,-0.0975461,0.7853
25.74,9.92076,9.91706,1.25471,1.28566,1.6316,1.63702,0.389536,0.395511,-2.92687,-2.92886,-0.297391,-0.298036,-0.0316787,-0.0354238,-0.0968147,-0.100175,0.7853,0.78076,-0.0784283,-0.0773664,0.0732301,0.0773274,-1.13903e-07,0.000265613,9.92076,1.25471,1.6316,-0.0316787,-0.0968147,0.7853
25.75,9.92461,9.92096,1.22542,1.25634,1.62862,1.63403,0.3806,0.386612,-2.93133,-2.93347,-0.297508,-0.298153,-0.0324633,-0.0361645,-0.0960815,-0.0994097,0.7853,0.780747,-0.0784881,-0.0774242,0.0734112,0.0774956,-1.10884e-07,0.000246912,9.92461,1.22542,1.62862,-0.0324633,-0.0960815,0.7853
25.76,9.92838,9.92477,1.19609,1.22698,1.62565,1.63103,0.371659,0.377715,-2.9357,-2.93798,-0.297622,-0.298265,-0.0332485,-0.0369092,-0.0953465,-0.0986415,0.7853,0.780734,-0.078545,-0.0774741,0.0735897,0.077664,-1.0788e-07,0.000230253,9.92838,1.19609,1.62565,-0.0332485,-0.0953465,0.7853
25.77,9.93205,9.92849,1.16671,1.19758,1.62267,1.62804,0.362716,0.368823,-2.93996,-2.94239,-0.297734,-0.298373,-0.0340342,-0.0376581,-0.0946098,-0.0978711,0.7853,0.780721,-0.0785988,-0.0775162,0.0737653,0.0778323,-1.04894e-07,0.000215158,9.93205,1.16671,1.62267,-0.0340342,-0.0946098,0.7853
25.78,9.93563,9.93212,1.13729,1.16815,1.61969,1.62504,0.353769,0.359934,-2.94411,-2.94668,-0.297843,-0.298477,-0.0348204,-0.0384117,-0.0938712,-0.0970983,0.7853,0.780709,-0.0786495,-0.0775517,0.0739381,0.0780001,-1.01924e-07,0.000202194,9.93563,1.13729,1.61969,-0.0348204,-0.0938712,0.7853
25.79,9.93912,9.93566,1.10783,1.13868,1.61671,1.62205,0.344819,0.351051,-2.94815,-2.95087,-0.29795,-0.298578,-0.0356072,-0.0391697,-0.093131,-0.0963235,0.7853,0.780697,-0.0786972,-0.07758,0.0741081,0.0781679,-9.89713e-08,0.000191182,9.93912,1.10783,1.61671,-0.0356072,-0.093131,0.7853
25.8,9.94253,9.93911,1.07833,1.10919,1.61373,1.61906,0.335866,0.342175,-2.95209,-2.95494,-0.298053,-0.298675,-0.0363944,-0.0399317,-0.0923891,-0.0955468,0.7853,0.780685,-0.0787419,-0.0776012,0.0742754,0.0783357,-9.60362e-08,0.000182018,9.94253,1.07833,1.61373,-0.0363944,-0.0923891,0.7853
25.81,9.94584,9.94247,1.04879,1.07966,1.61075,1.61606,0.32691,0.333304,-2.95592,-2.95891,-0.298154,-0.298769,-0.037182,-0.0406985,-0.0916455,-0.0947682,0.7853,0.780674,-0.0787836,-0.0776161,0.0744398,0.0785034,-9.31189e-08,0.000174955,9.94584,1.04879,1.61075,-0.037182,-0.0916455,0.7853
25.82,9.94906,9.94574,1.01921,1.0501,1.60777,1.61307,0.317951,0.324437,-2.95965,-2.96277,-0.298253,-0.298861,-0.03797,-0.0414695,-0.0909003,-0.0939873,0.7853,0.780664,-0.0788222,-0.0776247,0.0746014,0.078671,-9.02197e-08,0.000169903,9.94906,1.01921,1.60777,-0.03797,-0.0909003,0.7853
25.83,9.9522,9.94893,0.989593,1.02052,1.60479,1.61008,0.308989,0.315577,-2.96327,-2.96653,-0.298348,-0.29895,-0.0387584,-0.0422446,-0.0901535,-0.0932048,0.7853,0.780655,-0.0788577,-0.0776275,0.0747602,0.0788383,-8.7339e-08,0.000166789,9.9522,0.989593,1.60479,-0.0387584,-0.0901535,0.7853
25.84,9.95524,9.95203,0.959943,0.990912,1.6018,1.60708,0.300024,0.306722,-2.96678,-2.97017,-0.298441,-0.299037,-0.0395472,-0.043024,-0.0894051,-0.0924203,0.7853,0.780646,-0.0788902,-0.0776256,0.0749162,0.0790049,-8.4477e-08,0.000165537,9.95524,0.959943,1.6018,-0.0395472,-0.0894051,0.7853
25.85,9.9582,9.95504,0.930258,0.961282,1.59882,1.60409,0.291057,0.297874,-2.97019,-2.9737,-0.298532,-0.299122,-0.0403362,-0.043807,-0.0886552,-0.0916344,0.7853,0.780639,-0.0789196,-0.0776179,0.0750693,0.079171,-8.1634e-08,0.000166222,9.9582,0.930258,1.59882,-0.0403362,-0.0886552,0.7853
25.86,9.96107,9.95796,0.900539,0.931619,1.59583,1.6011,0.282087,0.289029,-2.97348,-2.97712,-0.298619,-0.299205,-0.0411256,-0.0445943,-0.0879037,-0.0908464,0.7853,0.780632,-0.0789459,-0.0776061,0.0752195,0.0793362,-7.88103e-08,0.000168845,9.96107,0.900539,1.59583,-0.0411256,-0.0879037,0.7853
25.87,9.96384,9.9608,0.870789,0.901937,1.59285,1.59811,0.273114,0.28019,-2.97667,-2.98043,-0.298704,-0.299287,-0.0419151,-0.0453849,-0.0871508,-0.0900568,0.7853,0.780626,-0.0789692,-0.0775904,0.075367,0.0795004,-7.60062e-08,0.00017339,9.96384,0.870789,1.59285,-0.0419151,-0.0871508,0.7853
25.88,9.96653,9.96354,0.841006,0.872238,1.58986,1.59512,0.26414,0.271357,-2.97976,-2.98363,-0.298786,-0.299367,-0.0427049,-0.0461789,-0.0863964,-0.0892658,0.7853,0.780622,-0.0789893,-0.0775709,0.0755116,0.0796628,-7.3222e-08,0.000179857,9.96653,0.841006,1.58986,-0.0427049,-0.0863964,0.7853
25.89,9.96912,9.9662,0.811194,0.842507,1.58687,1.59213,0.255162,0.262525,-2.98273,-2.98673,-0.298866,-0.299446,-0.0434949,-0.0469768,-0.0856406,-0.0884727,0.7853,0.780618,-0.0790065,-0.0775487,0.0756533,0.0798245,-7.04579e-08,0.000187978,9.96912,0.811194,1.58687,-0.0434949,-0.0856406,0.7853
25.9,9.97163,9.96879,0.781352,0.812753,1.58388,1.58914,0.246183,0.253696,-2.9856,-2.98971,-0.298943,-0.299524,-0.0442851,-0.0477773,-0.0848833,-0.0876781,0.7853,0.780615,-0.0790205,-0.077523,0.0757921,0.0799842,-6.77141e-08,0.000198007,9.97163,0.781352,1.58388,-0.0442851,-0.0848833,0.7853
25.91,9.97405,9.97128,0.751482,0.782969,1.58089,1.58616,0.237201,0.244868,-2.98836,-2.99258,-0.299017,-0.299601,-0.0450753,-0.048581,-0.0841247,-0.0868816,0.7853,0.780614,-0.0790314,-0.0774952,0.0759281,0.0801416,-6.4991e-08,0.00020957,9.97405,0.751482,1.58089,-0.0450753,-0.0841247,0.7853
25.92,9.97637,9.97368,0.721585,0.753168,1.5779,1.58317,0.228217,0.236043,-2.99101,-2.99534,-0.299088,-0.299676,-0.0458657,-0.0493867,-0.0833648,-0.0860836,0.7853,0.780613,-0.0790392,-0.0774663,0.0760612,0.0802967,-6.22887e-08,0.000222906,9.97637,0.721585,1.5779,-0.0458657,-0.0833648,0.7853
25.93,9.97861,9.976,0.691662,0.723338,1.57491,1.58019,0.219231,0.227216,-2.99356,-2.99799,-0.299157,-0.29975,-0.0466561,-0.0501957,-0.0826035,-0.0852838,0.7853,0.780614,-0.079044,-0.0774352,0.0761914,0.0804491,-5.96075e-08,0.000237629,9.97861,0.691662,1.57491,-0.0466561,-0.0826035,0.7853
25.94,9.98076,9.97824,0.661714,0.693486,1.57192,1.5772,0.210243,0.21839,-2.99599,-3.00053,-0.299223,-0.299823,-0.0474465,-0.0510063,-0.081841,-0.0844824,0.7853,0.780615,-0.0790456,-0.0774032,0.0763187,0.0805979,-5.69476e-08,0.00025408,9.98076,0.661714,1.57192,-0.0474465,-0.081841,0.7853
25.95,9.98282,9.98039,0.631743,0.663603,1.56893,1.57422,0.201253,0.209562,-2.99832,-3.00296,-0.299287,-0.299896,-0.048237,-0.0518191,-0.0810772,-0.0836791,0.7853,0.780618,-0.0790441,-0.077371,0.0764432,0.080744,-5.43092e-08,0.000271961,9.98282,0.631743,1.56893,-0.048237,-0.0810772,0.7853
25.96,9.98478,9.98245,0.601748,0.633706,1.56593,1.57124,0.192262,0.200733,-3.00054,-3.00528,-0.299347,-0.299966,-0.0490274,-0.0526336,-0.0803121,-0.0828746,0.7853,0.780621,-0.0790396,-0.0773375,0.0765647,0.0808868,-5.16926e-08,0.000290945,9.98478,0.601748,1.56593,-0.0490274,-0.0803121,0.7853
25.97,9.98666,9.98443,0.571732,0.603772,1.56294,1.56825,0.183268,0.191899,-3.00266,-3.00749,-0.299405,-0.300035,-0.0498178,-0.05345,-0.0795459,-0.0820681,0.7853,0.780625,-0.0790319,-0.0773038,0.0766833,0.0810249,-4.9098e-08,0.000311494,9.98666,0.571732,1.56294,-0.0498178,-0.0795459,0.7853
25.98,9.98845,9.98633,0.541695,0.573814,1.55995,1.56527,0.174274,0.18306,-3.00466,-3.00958,-0.299461,-0.300103,-0.050608,-0.0542675,-0.0787785,-0.08126,0.7853,0.78063,-0.0790211,-0.0772697,0.076799,0.0811593,-4.65255e-08,0.000333056,9.98845,0.541695,1.55995,-0.050608,-0.0787785,0.7853
25.99,9.99015,9.98814,0.511639,0.543825,1.55695,1.56229,0.165277,0.174214,-3.00655,-3.01157,-0.299513,-0.300169,-0.0513982,-0.0550861,-0.0780099,-0.0804502,0.7853,0.780636,-0.0790073,-0.077235,0.0769119,0.0812899,-4.39754e-08,0.00035581,9.99015,0.511639,1.55695,-0.0513982,-0.0780099,0.7853
26,9.99176,9.98986,0.481565,0.513813,1.55396,1.55931,0.156279,0.165364,-3.00834,-3.01344,-0.299563,-0.300233,-0.0521882,-0.0559054,-0.0772402,-0.0796391,0.7853,0.780642,-0.0789903,-0.0772016,0.0770218,0.0814157,-4.14479e-08,0.000379562,9.99176,0.481565,1.55396,-0.0521882,-0.0772402,0.7853
26.01,9.99327,9.9915,0.451473,0.483772,1.55096,1.55633,0.14728,0.156506,-3.01002,-3.0152,-0.29961,-0.300295,-0.052978,-0.0567253,-0.0764695,-0.0788264,0.7853,0.780649,-0.0789702,-0.0771682,0.0771287,0.0815363,-3.89431e-08,0.000404209,9.99327,0.451473,1.55096,-0.052978,-0.0764695,0.7853
26.02,9.9947,9.99305,0.421365,0.453702,1.54796,1.55334,0.138279,0.147639,-3.01159,-3.01685,-0.299655,-0.300356,-0.0537676,-0.057546,-0.0756977,-0.0780122,0.7853,0.780656,-0.0789469,-0.0771341,0.0772328,0.0816524,-3.64611e-08,0.000429794,9.9947,0.421365,1.54796,-0.0537676,-0.0756977,0.7853
26.03,9.99604,9.99452,0.391241,0.423605,1.54497,1.55036,0.129278,0.138764,-3.01305,-3.01839,-0.299697,-0.300414,-0.0545569,-0.0583666,-0.0749248,-0.0771966,0.7853,0.780664,-0.0789206,-0.0771006,0.0773339,0.0817638,-3.40023e-08,0.000455767,9.99604,0.391241,1.54497,-0.0545569,-0.0749248,0.7853
26.04,9.99729,9.9959,0.361104,0.393486,1.54197,1.54738,0.120275,0.12988,-3.0144,-3.01981,-0.299736,-0.300469,-0.055346,-0.0591872,-0.074151,-0.0763801,0.7853,0.780672,-0.0788912,-0.0770668,0.0774321,0.0818697,-3.15667e-08,0.0004825,9.99729,0.361104,1.54197,-0.055346,-0.074151,0.7853
26.05,9.99844,9.9972,0.330954,0.363344,1.53897,1.5444,0.111271,0.120987,-3.01565,-3.02112,-0.299772,-0.300522,-0.0561347,-0.0600074,-0.0733762,-0.0755623,0.7853,0.78068,-0.0788586,-0.077033,0.0775274,0.0819716,-2.91545e-08,0.000509784,9.99844,0.330954,1.53897,-0.0561347,-0.0733762,0.7853
26.06,9.99951,9.9984,0.300792,0.333173,1.53597,1.54142,0.102266,0.112083,-3.01678,-3.02232,-0.299806,-0.300572,-0.0569231,-0.0608274,-0.0726005,-0.0747435,0.7853,0.780688,-0.078823,-0.0769989,0.0776197,0.0820672,-2.67659e-08,0.000537276,9.99951,0.300792,1.53597,-0.0569231,-0.0726005,0.7853
26.07,10.0005,9.99953,0.270618,0.302974,1.53298,1.53844,0.0932599,0.103165,-3.01781,-3.02341,-0.299837,-0.300619,-0.0577112,-0.0616467,-0.0718238,-0.0739237,0.7853,0.780696,-0.0787842,-0.0769648,0.077709,0.0821578,-2.4401e-08,0.000565216,10.0005,0.270618,1.53298,-0.0577112,-0.0718238,0.7853
26.08,10.0014,10.0006,0.240436,0.272756,1.52998,1.53546,0.0842533,0.0942379,-3.01872,-3.02438,-0.299865,-0.300663,-0.0584988,-0.0624651,-0.0710463,-0.0731033,0.7853,0.780704,-0.0787423,-0.0769299,0.0777955,0.0822438,-2.20599e-08,0.0005932,10.0014,0.240436,1.52998,-0.0584988,-0.0710463,0.7853
26.09,10.0022,10.0015,0.210244,0.242516,1.52698,1.53248,0.075246,0.0852987,-3.01953,-3.02524,-0.299891,-0.300704,-0.059286,-0.0632823,-0.0702679,-0.0722822,0.7853,0.780711,-0.0786973,-0.0768944,0.0778789,0.0823251,-1.97428e-08,0.0006212,10.0022,0.210244,1.52698,-0.059286,-0.0702679,0.7853
26.1,10.0029,10.0024,0.180045,0.212259,1.52398,1.5295,0.066238,0.0763485,-3.02023,-3.02598,-0.299914,-0.300741,-0.0600727,-0.0640986,-0.0694887,-0.071461,0.7853,0.780719,-0.0786492,-0.0768578,0.0779595,0.0824013,-1.74498e-08,0.00064908,10.0029,0.180045,1.52398,-0.0600727,-0.0694887,0.7853
26.11,10.0035,10.0031,0.14984,0.181983,1.52098,1.52652,0.0572294,0.0673855,-3.02082,-3.02661,-0.299934,-0.300774,-0.060859,-0.0649132,-0.0687087,-0.0706394,0.7853,0.780726,-0.078598,-0.0768197,0.0780371,0.0824725,-1.51811e-08,0.000676736,10.0035,0.14984,1.52098,-0.060859,-0.0687087,0.7853
26.12,10.004,10.0038,0.119629,0.151688,1.51798,1.52354,0.0482204,0.0584105,-3.0213,-3.02713,-0.299951,-0.300804,-0.0616447,-0.0657264,-0.067928,-0.0698179,0.7853,0.780732,-0.0785436,-0.0767802,0.0781117,0.0825397,-1.29366e-08,0.000704065,10.004,0.119629,1.51798,-0.0616447,-0.067928,0.7853
26.13,10.0045,10.0044,0.0894144,0.121389,1.51498,1.52056,0.039211,0.0494261,-3.02168,-3.02753,-0.299966,-0.300829,-0.0624298,-0.0665378,-0.0671465,-0.0689968,0.7853,0.780737,-0.0784862,-0.0767394,0.0781833,0.0826015,-1.07167e-08,0.000730991,10.0045,0.0894144,1.51498,-0.0624298,-0.0671465,0.7853
26.14,10.0048,10.0049,0.0591962,0.0910714,1.51198,1.51758,0.0302013,0.0404281,-3.02194,-3.02782,-0.299978,-0.300851,-0.0632144,-0.0673472,-0.0663643,-0.0681759,0.7853,0.780742,-0.0784256,-0.0766962,0.078252,0.0826598,-8.52129e-09,0.000757337,10.0048,0.0591962,1.51198,-0.0632144,-0.0663643,0.7853
26.15,10.0051,10.0054,0.028976,0.0607424,1.50898,1.5146,0.0211913,0.031419,-3.02209,-3.02799,-0.299988,-0.300868,-0.0639983,-0.0681547,-0.0655815,-0.0673557,0.7853,0.780746,-0.078362,-0.07665,0.0783178,0.0827139,-6.35056e-09,0.000782892,10.0051,0.028976,1.50898,-0.0639983,-0.0655815,0.7853
26.16,10.0052,10.0057,-0.00124527,0.0304083,1.50598,1.51162,0.0121812,0.0223986,-3.02214,-3.02805,-0.299995,-0.300881,-0.0647816,-0.0689598,-0.064798,-0.0665365,0.7853,0.780749,-0.0782952,-0.0766019,0.0783805,0.0827636,-4.20458e-09,0.000807911,10.0052,-0.00124527,1.50598,-0.0647816,-0.064798,0.7853
26.17,10.0053,10.0059,-0.0314664,6.67274e-05,1.50298,1.50864,0.00317107,0.0133668,-3.02207,-3.02799,-0.299999,-0.30089,-0.0655642,-0.0697627,-0.0640139,-0.0657181,0.7853,0.780752,-0.0782254,-0.0765508,0.0784404,0.0828105,-2.08345e-09,0.000831902,10.0053,-0.0314664,1.50298,-0.0655642,-0.0640139,0.7853
26.18,10.0053,10.0061,-0.0616864,-0.030275,1.49998,1.50566,-0.00583907,0.00432563,-3.0219,-3.02782,-0.3,-0.300894,-0.0663461,-0.0705628,-0.0632292,-0.0649014,0.7853,0.780753,-0.0781524,-0.0764965,0.0784972,0.0828538,1.2757e-11,0.000854865,10.0053,-0.0616864,1.49998,-0.0663461,-0.0632292,0.7853
26.19,10.0052,10.0061,-0.0919041,-0.060612,1.49698,1.50268,-0.0148491,-0.00472361,-3.02162,-3.02753,-0.299999,-0.300894,-0.0671273,-0.07136,-0.0624439,-0.0640862,0.7853,0.780753,-0.0780764,-0.0764389,0.0785511,0.0828944,2.08395e-09,0.000876874,10.0052,-0.0919041,1.49698,-0.0671273,-0.0624439,0.7853
26.2,10.005,10.0061,-0.122118,-0.0909526,1.49398,1.4997,-0.023859,-0.0137839,-3.02123,-3.02713,-0.299995,-0.300889,-0.0679076,-0.0721547,-0.0616582,-0.0632728,0.7853,0.780752,-0.0779972,-0.0763774,0.078602,0.0829312,4.13007e-09,0.000897571,10.005,-0.122118,1.49398,-0.0679076,-0.0616582,0.7853
26.21,10.0047,10.006,-0.152328,-0.121277,1.49098,1.49673,-0.0328685,-0.0228494,-3.02073,-3.02662,-0.299988,-0.30088,-0.0686872,-0.072946,-0.0608719,-0.0624615,0.7853,0.780749,-0.077915,-0.0763129,0.0786499,0.0829664,6.15105e-09,0.000917315,10.0047,-0.152328,1.49098,-0.0686872,-0.0608719,0.7853
26.22,10.0043,10.0058,-0.182533,-0.1516,1.48798,1.49375,-0.0418778,-0.0319235,-3.02012,-3.02599,-0.299978,-0.300867,-0.0694659,-0.0737346,-0.0600852,-0.0616525,0.7853,0.780746,-0.0778297,-0.0762444,0.0786949,0.0829981,8.14681e-09,0.000935435,10.0043,-0.182533,1.48798,-0.0694659,-0.0600852,0.7853
26.23,10.0039,10.0055,-0.21273,-0.181911,1.48498,1.49077,-0.0508866,-0.0410044,-3.0194,-3.02524,-0.299966,-0.300849,-0.0702438,-0.0745195,-0.059298,-0.0608459,0.7853,0.780741,-0.0777413,-0.0761711,0.0787368,0.0830281,1.01173e-08,0.000952289,10.0039,-0.21273,1.48498,-0.0702438,-0.059298,0.7853
26.24,10.0033,10.0051,-0.24292,-0.212213,1.48198,1.4878,-0.0598949,-0.0500926,-3.01858,-3.02439,-0.299951,-0.300826,-0.0710208,-0.0753014,-0.0585105,-0.0600419,0.7853,0.780736,-0.0776498,-0.0760946,0.0787759,0.0830561,1.20625e-08,0.000967577,10.0033,-0.24292,1.48198,-0.0710208,-0.0585105,0.7853
26.25,10.0027,10.0046,-0.273102,-0.242501,1.47898,1.48482,-0.0689026,-0.0591867,-3.01764,-3.02341,-0.299934,-0.300799,-0.0717968,-0.0760798,-0.0577225,-0.0592406,0.7853,0.780729,-0.0775553,-0.0760129,0.0788119,0.0830827,1.39823e-08,0.000981465,10.0027,-0.273102,1.47898,-0.0717968,-0.0577225,0.7853
26.26,10.0019,10.004,-0.303273,-0.27277,1.47598,1.48185,-0.0779096,-0.0682836,-3.0166,-3.02233,-0.299913,-0.300768,-0.0725718,-0.0768542,-0.0569342,-0.0584427,0.7853,0.78072,-0.0774576,-0.0759278,0.078845,0.0831063,1.58767e-08,0.000993833,10.0019,-0.303273,1.47598,-0.0725718,-0.0569342,0.7853
26.27,10.0011,10.0034,-0.333433,-0.30302,1.47298,1.47888,-0.0869159,-0.0773847,-3.01544,-3.02114,-0.299891,-0.300734,-0.0733459,-0.0776251,-0.0561456,-0.0576477,0.7853,0.780711,-0.0773569,-0.0758379,0.0788751,0.0831293,1.77457e-08,0.00100456,10.0011,-0.333433,1.47298,-0.0733459,-0.0561456,0.7853
26.28,10.0002,10.0026,-0.363581,-0.333248,1.46999,1.47591,-0.0959213,-0.0864882,-3.01418,-3.01983,-0.299865,-0.300695,-0.074119,-0.078392,-0.0553567,-0.0568562,0.7853,0.780701,-0.0772532,-0.0757442,0.0789022,0.083151,1.95893e-08,0.00101353,10.0002,-0.363581,1.46999,-0.074119,-0.0553567,0.7853
26.29,9.9992,10.0018,-0.393716,-0.363456,1.46699,1.47293,-0.104926,-0.0955943,-3.01281,-3.01841,-0.299836,-0.300652,-0.074891,-0.0791552,-0.0545676,-0.0560679,0.7853,0.780689,-0.0771464,-0.0756456,0.0789263,0.0831716,2.14073e-08,0.00102116,9.9992,-0.393716,1.46699,-0.074891,-0.0545676,0.7853
26.3,9.99811,10.0008,-0.423837,-0.393634,1.46399,1.46996,-0.113929,-0.104701,-3.01133,-3.01688,-0.299805,-0.300605,-0.0756619,-0.0799143,-0.0537782,-0.0552835,0.7853,0.780677,-0.0770366,-0.0755431,0.0789475,0.0831901,2.31998e-08,0.00102709,9.99811,-0.423837,1.46399,-0.0756619,-0.0537782,0.7853
26.31,9.99693,9.99979,-0.453943,-0.423792,1.46099,1.467,-0.122932,-0.113808,-3.00975,-3.01525,-0.299772,-0.300555,-0.0764317,-0.0806693,-0.0529887,-0.0545026,0.7853,0.780663,-0.0769237,-0.0754363,0.0789657,0.0832086,2.49668e-08,0.00103123,9.99693,-0.453943,1.46099,-0.0764317,-0.0529887,0.7853
26.32,9.99565,9.99866,-0.484032,-0.45392,1.45799,1.46403,-0.131933,-0.122915,-3.00805,-3.0135,-0.299735,-0.300501,-0.0772004,-0.0814205,-0.0521989,-0.0537254,0.7853,0.780649,-0.0768077,-0.0753254,0.0789809,0.0832253,2.67082e-08,0.0010338,9.99565,-0.484032,1.45799,-0.0772004,-0.0521989,0.7853
26.33,9.99429,9.99744,-0.514103,-0.484028,1.455,1.46106,-0.140933,-0.132023,-3.00624,-3.01164,-0.299696,-0.300444,-0.0779678,-0.0821673,-0.0514091,-0.0529518,0.7853,0.780634,-0.0766888,-0.0752107,0.0789932,0.0832409,2.84241e-08,0.00103471,9.99429,-0.514103,1.455,-0.0779678,-0.0514091,0.7853
26.34,9.99283,9.99613,-0.544156,-0.514101,1.452,1.45809,-0.149932,-0.141129,-3.00433,-3.00968,-0.299654,-0.300384,-0.0787341,-0.08291,-0.0506191,-0.0521822,0.7853,0.780618,-0.0765667,-0.075092,0.0790025,0.083256,3.01144e-08,0.00103413,9.99283,-0.544156,1.452,-0.0787341,-0.0506191,0.7853
26.35,9.99129,9.99472,-0.57419,-0.544149,1.449,1.45513,-0.158929,-0.150232,-3.00231,-3.00761,-0.29961,-0.300321,-0.0794992,-0.0836485,-0.049829,-0.0514161,0.7853,0.780602,-0.0764417,-0.07497,0.0790088,0.0832701,3.17792e-08,0.00103194,9.99129,-0.57419,1.449,-0.0794992,-0.049829,0.7853
26.36,9.98965,9.99322,-0.604202,-0.574164,1.44601,1.45217,-0.167925,-0.159332,-3.00018,-3.00544,-0.299562,-0.300256,-0.0802629,-0.0843828,-0.0490389,-0.0506539,0.7853,0.780585,-0.0763137,-0.0748442,0.0790122,0.0832825,3.34184e-08,0.0010282,9.98965,-0.604202,1.44601,-0.0802629,-0.0490389,0.7853
26.37,9.98793,9.99164,-0.634193,-0.604151,1.44301,1.4492,-0.176919,-0.168429,-2.99794,-3.00316,-0.299512,-0.300188,-0.0810254,-0.0851128,-0.0482488,-0.0498953,0.7853,0.780568,-0.0761826,-0.0747152,0.0790126,0.0832942,3.50321e-08,0.00102296,9.98793,-0.634193,1.44301,-0.0810254,-0.0482488,0.7853
26.38,9.98612,9.98996,-0.664161,-0.634101,1.44002,1.44624,-0.185911,-0.177522,-2.9956,-3.00078,-0.29946,-0.300118,-0.0817866,-0.0858386,-0.0474587,-0.0491404,0.7853,0.780551,-0.0760486,-0.0745828,0.07901,0.0833052,3.66203e-08,0.00101651,9.98612,-0.664161,1.44002,-0.0817866,-0.0474587,0.7853
26.39,9.98421,9.98818,-0.694104,-0.664027,1.43702,1.44328,-0.194902,-0.186612,-2.99314,-2.99829,-0.299405,-0.300045,-0.0825464,-0.08656,-0.0466686,-0.0483888,0.7853,0.780534,-0.0759115,-0.074448,0.0790045,0.0833144,3.8183e-08,0.00100835,9.98421,-0.694104,1.43702,-0.0825464,-0.0466686,0.7853
26.4,9.98222,9.98631,-0.724023,-0.69392,1.43403,1.44032,-0.203891,-0.195696,-2.99058,-2.9957,-0.299346,-0.299971,-0.0833048,-0.0872774,-0.0458786,-0.0476407,0.7853,0.780516,-0.0757715,-0.0743106,0.078996,0.0833231,3.97202e-08,0.000999153,9.98222,-0.724023,1.43403,-0.0833048,-0.0458786,0.7853
26.41,9.98013,9.98435,-0.753916,-0.723785,1.43104,1.43735,-0.212878,-0.204776,-2.98791,-2.99302,-0.299286,-0.299895,-0.0840618,-0.0879909,-0.0450887,-0.0468959,0.7853,0.780499,-0.0756285,-0.0741696,0.0789845,0.0833299,4.12319e-08,0.000988692,9.98013,-0.753916,1.43104,-0.0840618,-0.0450887,0.7853
26.42,9.97796,9.9823,-0.783781,-0.753616,1.42804,1.43439,-0.221863,-0.213852,-2.98513,-2.99023,-0.299222,-0.299817,-0.0848174,-0.0887001,-0.0442989,-0.046154,0.7853,0.780481,-0.0754825,-0.0740273,0.0789701,0.0833358,4.27183e-08,0.000976965,9.97796,-0.783781,1.42804,-0.0848174,-0.0442989,0.7853
26.43,9.9757,9.98016,-0.813618,-0.783417,1.42505,1.43143,-0.230846,-0.222922,-2.98225,-2.98734,-0.299156,-0.299738,-0.0855715,-0.0894051,-0.0435093,-0.045415,0.7853,0.780464,-0.0753335,-0.0738819,0.0789528,0.08334,4.41793e-08,0.000964373,9.9757,-0.813618,1.42505,-0.0855715,-0.0435093,0.7853
26.44,9.97334,9.97792,-0.843426,-0.813186,1.42206,1.42847,-0.239827,-0.231985,-2.97925,-2.98435,-0.299087,-0.299658,-0.086324,-0.0901068,-0.0427199,-0.044679,0.7853,0.780448,-0.0751816,-0.073735,0.0789325,0.0833429,4.56149e-08,0.000950679,9.97334,-0.843426,1.42206,-0.086324,-0.0427199,0.7853
26.45,9.9709,9.97559,-0.873203,-0.842922,1.41907,1.42551,-0.248806,-0.241043,-2.97615,-2.98126,-0.299016,-0.299577,-0.0870751,-0.0908043,-0.0419306,-0.0439454,0.7853,0.780432,-0.0750267,-0.0735857,0.0789092,0.0833444,4.70253e-08,0.0009363,9.9709,-0.873203,1.41907,-0.0870751,-0.0419306,0.7853
26.46,9.96837,9.97317,-0.902948,-0.872625,1.41608,1.42255,-0.257782,-0.250093,-2.97295,-2.97808,-0.298942,-0.299494,-0.0878246,-0.0914986,-0.0411417,-0.0432142,0.7853,0.780416,-0.0748689,-0.0734351,0.078883,0.083344,4.84104e-08,0.000920862,9.96837,-0.902948,1.41608,-0.0878246,-0.0411417,0.7853
26.47,9.96574,9.97066,-0.932661,-0.902301,1.41309,1.41959,-0.266756,-0.259139,-2.96963,-2.97479,-0.298865,-0.299412,-0.0885724,-0.0921888,-0.040353,-0.0424848,0.7853,0.780401,-0.0747082,-0.0732821,0.0788539,0.0833419,4.97704e-08,0.000904799,9.96574,-0.932661,1.41309,-0.0885724,-0.040353,0.7853
26.48,9.96303,9.96806,-0.962341,-0.931944,1.4101,1.41663,-0.275727,-0.268179,-2.96621,-2.97142,-0.298785,-0.299327,-0.0893187,-0.0928762,-0.0395646,-0.0417574,0.7853,0.780387,-0.0745445,-0.073127,0.0788218,0.0833386,5.11052e-08,0.000888318,9.96303,-0.962341,1.4101,-0.0893187,-0.0395646,0.7853
26.49,9.96023,9.96537,-0.991985,-0.961556,1.40712,1.41367,-0.284696,-0.277213,-2.96268,-2.96794,-0.298703,-0.299243,-0.0900633,-0.0935601,-0.0387766,-0.0410314,0.7853,0.780374,-0.0743779,-0.0729707,0.0787868,0.0833335,5.2415e-08,0.000871286,9.96023,-0.991985,1.40712,-0.0900633,-0.0387766,0.7853
26.5,9.95734,9.96258,-1.02159,-0.991137,1.40413,1.41071,-0.293662,-0.28624,-2.95905,-2.96437,-0.298618,-0.299158,-0.0908063,-0.0942409,-0.0379889,-0.0403067,0.7853,0.780362,-0.0742084,-0.072813,0.0787489,0.0833263,5.36997e-08,0.000853837,9.95734,-1.02159,1.40413,-0.0908063,-0.0379889,0.7853
26.51,9.95436,9.9597,-1.05117,-1.02069,1.40114,1.40775,-0.302626,-0.295262,-2.95531,-2.9607,-0.298531,-0.299072,-0.0915475,-0.094919,-0.0372016,-0.039583,0.7853,0.78035,-0.074036,-0.0726534,0.078708,0.0833174,5.49595e-08,0.000836238,9.95436,-1.05117,1.40114,-0.0915475,-0.0372016,0.7853
26.52,9.95129,9.95674,-1.0807,-1.0502,1.39816,1.40478,-0.311586,-0.304278,-2.95146,-2.95694,-0.29844,-0.298986,-0.092287,-0.0955944,-0.0364147,-0.0388599,0.7853,0.78034,-0.0738607,-0.0724915,0.0786643,0.083307,5.61945e-08,0.000818282,9.95129,-1.0807,1.39816,-0.092287,-0.0364147,0.7853
26.53,9.94813,9.95368,-1.11019,-1.07969,1.39517,1.40182,-0.320544,-0.313288,-2.9475,-2.95308,-0.298347,-0.2989,-0.0930247,-0.0962671,-0.0356283,-0.0381374,0.7853,0.78033,-0.0736826,-0.0723287,0.0786176,0.0832954,5.74047e-08,0.000800177,9.94813,-1.11019,1.39517,-0.0930247,-0.0356283,0.7853
26.54,9.94488,9.95053,-1.13965,-1.10913,1.39219,1.39886,-0.329499,-0.322292,-2.94344,-2.94913,-0.298252,-0.298813,-0.0937606,-0.0969377,-0.0348424,-0.0374151,0.7853,0.780322,-0.0735015,-0.0721638,0.078568,0.0832816,5.85901e-08,0.000782266,9.94488,-1.13965,1.39219,-0.0937606,-0.0348424,0.7853
26.55,9.94154,9.94728,-1.16906,-1.13855,1.38921,1.39589,-0.338451,-0.331288,-2.93927,-2.94509,-0.298153,-0.298726,-0.0944947,-0.0976061,-0.034057,-0.0366927,0.7853,0.780315,-0.0733176,-0.0719968,0.0785154,0.0832661,5.9751e-08,0.000764281,9.94154,-1.16906,1.38921,-0.0944947,-0.034057,0.7853
26.56,9.93811,9.94396,-1.19843,-1.16793,1.38623,1.39293,-0.3474,-0.340282,-2.935,-2.94094,-0.298052,-0.298638,-0.095227,-0.0982727,-0.0332721,-0.0359698,0.7853,0.780308,-0.0731309,-0.0718281,0.07846,0.0832486,6.08873e-08,0.000746697,9.93811,-1.19843,1.38623,-0.095227,-0.0332721,0.7853
26.57,9.93459,9.94054,-1.22776,-1.19727,1.38325,1.38996,-0.356345,-0.349271,-2.93062,-2.93671,-0.297948,-0.298549,-0.0959573,-0.0989377,-0.0324878,-0.0352462,0.7853,0.780303,-0.0729413,-0.0716561,0.0784017,0.0832302,6.19992e-08,0.000729218,9.93459,-1.22776,1.38325,-0.0959573,-0.0324878,0.7853
26.58,9.93098,9.93703,-1.25705,-1.22658,1.38027,1.38699,-0.365287,-0.358251,-2.92614,-2.93238,-0.297842,-0.29846,-0.0966858,-0.0996008,-0.0317041,-0.0345218,0.7853,0.780299,-0.0727489,-0.0714824,0.0783405,0.08321,6.30867e-08,0.000712156,9.93098,-1.25705,1.38027,-0.0966858,-0.0317041,0.7853
26.59,9.92728,9.93343,-1.28629,-1.25585,1.37729,1.38402,-0.374226,-0.36723,-2.92155,-2.92795,-0.297733,-0.29837,-0.0974123,-0.100263,-0.030921,-0.0337962,0.7853,0.780296,-0.0725536,-0.0713066,0.0782764,0.0831883,6.41499e-08,0.00069581,9.92728,-1.28629,1.37729,-0.0974123,-0.030921,0.7853
26.6,9.9235,9.92974,-1.31548,-1.28508,1.37431,1.38105,-0.383161,-0.376203,-2.91685,-2.92343,-0.297621,-0.298279,-0.0981368,-0.100925,-0.0301386,-0.0330692,0.7853,0.780295,-0.0723556,-0.0711272,0.0782094,0.0831655,6.5189e-08,0.00067991,9.9235,-1.31548,1.37431,-0.0981368,-0.0301386,0.7853
26.61,9.91962,9.92597,-1.34462,-1.31427,1.37134,1.37808,-0.392093,-0.385171,-2.91205,-2.91882,-0.297507,-0.298187,-0.0988594,-0.101585,-0.0293568,-0.0323405,0.7853,0.780294,-0.0721547,-0.0709452,0.0781396,0.0831414,6.6204e-08,0.000664577,9.91962,-1.34462,1.37134,-0.0988594,-0.0293568,0.7853
26.62,9.91565,9.9221,-1.37372,-1.34342,1.36836,1.37511,-0.401021,-0.394134,-2.90715,-2.91411,-0.297389,-0.298094,-0.0995799,-0.102245,-0.0285758,-0.0316099,0.7853,0.780294,-0.0719511,-0.07076,0.0780668,0.0831161,6.71951e-08,0.000649914,9.91565,-1.37372,1.36836,-0.0995799,-0.0285758,0.7853
26.63,9.9116,9.91815,-1.40276,-1.37252,1.36539,1.37213,-0.409946,-0.403093,-2.90214,-2.90931,-0.29727,-0.298,-0.100298,-0.102904,-0.0277955,-0.0308773,0.7853,0.780295,-0.0717447,-0.0705714,0.0779912,0.08309,6.81623e-08,0.000636116,9.9116,-1.40276,1.36539,-0.100298,-0.0277955,0.7853
26.64,9.90745,9.91411,-1.43176,-1.40159,1.36242,1.36916,-0.418867,-0.412048,-2.89702,-2.90441,-0.297147,-0.297904,-0.101015,-0.103564,-0.027016,-0.0301423,0.7853,0.780297,-0.0715355,-0.0703791,0.0779128,0.0830626,6.91058e-08,0.000623092,9.90745,-1.43176,1.36242,-0.101015,-0.027016,0.7853
26.65,9.90322,9.90998,-1.4607,-1.4306,1.35945,1.36618,-0.427783,-0.421,-2.89181,-2.89941,-0.297022,-0.297806,-0.101729,-0.104223,-0.0262372,-0.0294047,0.7853,0.7803,-0.0713235,-0.070183,0.0778315,0.0830349,7.00257e-08,0.000610888,9.90322,-1.4607,1.35945,-0.101729,-0.0262372,0.7853
26.66,9.8989,9.90576,-1.4896,-1.45958,1.35648,1.36321,-0.436696,-0.429949,-2.88648,-2.89432,-0.296894,-0.297708,-0.102441,-0.104883,-0.0254593,-0.0286646,0.7853,0.780303,-0.0711088,-0.0699823,0.0777473,0.0830064,7.0922e-08,0.000599727,9.8989,-1.4896,1.35648,-0.102441,-0.0254593,0.7853
26.67,9.89449,9.90146,-1.51843,-1.4885,1.35351,1.36023,-0.445605,-0.438893,-2.88106,-2.88913,-0.296764,-0.297607,-0.103151,-0.105543,-0.0246823,-0.0279217,0.7853,0.780308,-0.0708914,-0.0697773,0.0776603,0.0829777,7.1795e-08,0.000589475,9.89449,-1.51843,1.35351,-0.103151,-0.0246823,0.7853
26.68,9.88999,9.89707,-1.54722,-1.51737,1.35054,1.35725,-0.45451,-0.447833,-2.87553,-2.88384,-0.296631,-0.297504,-0.103859,-0.106204,-0.0239061,-0.0271759,0.7853,0.780313,-0.0706713,-0.0695683,0.0775704,0.0829477,7.26448e-08,0.000580177,9.88999,-1.54722,1.35054,-0.103859,-0.0239061,0.7853
26.69,9.8854,9.8926,-1.57594,-1.54619,1.34758,1.35427,-0.463411,-0.45677,-2.86989,-2.87846,-0.296495,-0.297399,-0.104565,-0.106866,-0.0231309,-0.0264271,0.7853,0.780318,-0.0704485,-0.0693532,0.0774778,0.0829176,7.34714e-08,0.000571936,9.8854,-1.57594,1.34758,-0.104565,-0.0231309,0.7853
26.7,9.88072,9.88803,-1.60461,-1.57495,1.34461,1.35129,-0.472307,-0.465702,-2.86415,-2.87298,-0.296356,-0.297291,-0.105268,-0.107528,-0.0223566,-0.0256753,0.7853,0.780325,-0.0702229,-0.0691343,0.0773823,0.0828867,7.4275e-08,0.000564858,9.88072,-1.60461,1.34461,-0.105268,-0.0223566,0.7853
26.71,9.87595,9.88338,-1.63323,-1.60366,1.34165,1.34831,-0.481199,-0.474631,-2.85831,-2.8674,-0.296215,-0.297181,-0.105969,-0.108192,-0.0215833,-0.0249202,0.7853,0.780331,-0.0699947,-0.0689096,0.0772839,0.0828562,7.50557e-08,0.00055854,9.87595,-1.63323,1.34165,-0.105969,-0.0215833,0.7853
26.72,9.87109,9.87864,-1.66178,-1.63231,1.33869,1.34533,-0.490087,-0.483557,-2.85237,-2.86173,-0.296071,-0.297069,-0.106668,-0.108858,-0.0208109,-0.0241619,0.7853,0.780339,-0.0697638,-0.0686793,0.0771828,0.0828252,7.58137e-08,0.000553578,9.87109,-1.66178,1.33869,-0.106668,-0.0208109,0.7853
26.73,9.86615,9.87382,-1.69027,-1.6609,1.33573,1.34235,-0.49897,-0.49248,-2.84632,-2.85595,-0.295925,-0.296953,-0.107364,-0.109524,-0.0200396,-0.0234003,0.7853,0.780346,-0.0695302,-0.0684439,0.0770789,0.0827943,7.6549e-08,0.000549451,9.86615,-1.69027,1.33573,-0.107364,-0.0200396,0.7853
26.74,9.86112,9.86892,-1.71871,-1.68944,1.33277,1.33937,-0.507849,-0.5014,-2.84017,-2.85008,-0.295775,-0.296834,-0.108059,-0.110192,-0.0192694,-0.0226354,0.7853,0.780354,-0.069294,-0.0682026,0.0769722,0.082763,7.72619e-08,0.000546381,9.86112,-1.71871,1.33277,-0.108059,-0.0192694,0.7853
26.75,9.85599,9.86392,-1.74708,-1.71791,1.32981,1.33639,-0.516723,-0.510315,-2.83392,-2.8441,-0.295624,-0.296713,-0.10875,-0.110862,-0.0185002,-0.0218672,0.7853,0.780362,-0.0690552,-0.0679553,0.0768627,0.0827324,7.79525e-08,0.000544399,9.85599,-1.74708,1.32981,-0.10875,-0.0185002,0.7853
26.76,9.85078,9.85884,-1.77538,-1.74632,1.32686,1.3334,-0.525592,-0.519228,-2.82757,-2.83803,-0.295469,-0.296588,-0.10944,-0.111533,-0.0177321,-0.0210958,0.7853,0.78037,-0.0688137,-0.0677015,0.0767504,0.0827006,7.86209e-08,0.000543416,9.85078,-1.77538,1.32686,-0.10944,-0.0177321,0.7853
26.77,9.84548,9.85368,-1.80363,-1.77465,1.3239,1.33042,-0.534456,-0.528134,-2.82112,-2.83186,-0.295312,-0.296459,-0.110127,-0.112207,-0.0169652,-0.0203213,0.7853,0.780379,-0.0685697,-0.0674434,0.0766353,0.0826694,7.92673e-08,0.000543624,9.84548,-1.80363,1.3239,-0.110127,-0.0169652,0.7853
26.78,9.84009,9.84842,-1.83181,-1.80293,1.32095,1.32744,-0.543315,-0.537039,-2.81456,-2.82558,-0.295152,-0.296327,-0.110811,-0.112882,-0.0161994,-0.0195436,0.7853,0.780388,-0.068323,-0.0671778,0.0765175,0.0826376,7.98917e-08,0.000544578,9.84009,-1.83181,1.32095,-0.110811,-0.0161994,0.7853
26.79,9.83461,9.84309,-1.85992,-1.83114,1.318,1.32446,-0.55217,-0.545938,-2.8079,-2.81921,-0.29499,-0.296192,-0.111493,-0.113559,-0.0154348,-0.0187628,0.7853,0.780396,-0.0680738,-0.066907,0.0763969,0.0826068,8.04944e-08,0.000546515,9.83461,-1.85992,1.318,-0.111493,-0.0154348,0.7853
26.8,9.82905,9.83767,-1.88796,-1.85928,1.31505,1.32148,-0.561019,-0.554834,-2.80114,-2.81273,-0.294825,-0.296053,-0.112172,-0.114238,-0.0146715,-0.017979,0.7853,0.780405,-0.067822,-0.06663,0.0762736,0.0825748,8.10756e-08,0.000549361,9.82905,-1.88796,1.31505,-0.112172,-0.0146715,0.7853
26.81,9.82339,9.83216,-1.91594,-1.88735,1.31211,1.3185,-0.569863,-0.563725,-2.79428,-2.80615,-0.294657,-0.29591,-0.112849,-0.114919,-0.0139094,-0.0171926,0.7853,0.780414,-0.0675676,-0.0663477,0.0761475,0.0825432,8.16352e-08,0.000553057,9.82339,-1.91594,1.31211,-0.112849,-0.0139094,0.7853
26.82,9.81765,9.82657,-1.94385,-1.91534,1.30916,1.31553,-0.578703,-0.572612,-2.78732,-2.79947,-0.294486,-0.295763,-0.113524,-0.115602,-0.0131485,-0.0164032,0.7853,0.780422,-0.0673107,-0.0660586,0.0760187,0.0825108,8.21736e-08,0.000557393,9.81765,-1.94385,1.30916,-0.113524,-0.0131485,0.7853
26.83,9.81182,9.82089,-1.97169,-1.94327,1.30622,1.31255,-0.587536,-0.581493,-2.78026,-2.79269,-0.294313,-0.295613,-0.114196,-0.116286,-0.012389,-0.0156114,0.7853,0.78043,-0.0670512,-0.0657648,0.0758872,0.0824784,8.26909e-08,0.00056234,9.81182,-1.97169,1.30622,-0.114196,-0.012389,0.7853
26.84,9.8059,9.81513,-1.99945,-1.97112,1.30327,1.30958,-0.596365,-0.59037,-2.7731,-2.78581,-0.294138,-0.295459,-0.114865,-0.116973,-0.0116308,-0.014817,0.7853,0.780438,-0.0667893,-0.0654649,0.0757529,0.0824459,8.31872e-08,0.000567958,9.8059,-1.99945,1.30327,-0.114865,-0.0116308,0.7853
26.85,9.79989,9.80928,-2.02715,-1.99889,1.30033,1.30661,-0.605188,-0.599243,-2.76584,-2.77882,-0.293959,-0.295301,-0.115531,-0.117662,-0.010874,-0.0140204,0.7853,0.780446,-0.0665248,-0.06516,0.075616,0.0824123,8.36627e-08,0.000574395,9.79989,-2.02715,1.30033,-0.115531,-0.010874,0.7853
26.86,9.7938,9.80334,-2.05477,-2.02659,1.29739,1.30363,-0.614005,-0.608109,-2.75848,-2.77173,-0.293778,-0.295139,-0.116195,-0.118352,-0.0101185,-0.0132217,0.7853,0.780454,-0.0662579,-0.0648498,0.0754763,0.0823779,8.41176e-08,0.000581294,9.7938,-2.05477,1.29739,-0.116195,-0.0101185,0.7853
26.87,9.78761,9.79733,-2.08232,-2.05421,1.29446,1.30067,-0.622817,-0.61697,-2.75102,-2.76454,-0.293594,-0.294974,-0.116857,-0.119044,-0.00936445,-0.0124211,0.7853,0.780461,-0.0659884,-0.0645346,0.075334,0.0823428,8.4552e-08,0.000588596,9.78761,-2.08232,1.29446,-0.116857,-0.00936445,0.7853
26.88,9.78134,9.79122,-2.10979,-2.08175,1.29152,1.2977,-0.631623,-0.625825,-2.74346,-2.75724,-0.293408,-0.294805,-0.117515,-0.119738,-0.00861183,-0.011619,0.7853,0.780469,-0.0657165,-0.0642147,0.075189,0.082307,8.49661e-08,0.000596359,9.78134,-2.10979,1.29152,-0.117515,-0.00861183,0.7853
26.89,9.77498,9.78503,-2.13719,-2.10922,1.28859,1.29474,-0.640423,-0.634674,-2.73581,-2.74984,-0.293219,-0.294632,-0.118171,-0.120433,-0.00786068,-0.0108152,0.7853,0.780475,-0.0654422,-0.0638905,0.0750413,0.0822692,8.536e-08,0.000604331,9.77498,-2.13719,1.28859,-0.118171,-0.00786068,0.7853
26.9,9.76853,9.77875,-2.16451,-2.13661,1.28566,1.29177,-0.649217,-0.643519,-2.72805,-2.74233,-0.293028,-0.294455,-0.118824,-0.121129,-0.00711101,-0.0100101,0.7853,0.780482,-0.0651655,-0.0635626,0.0748909,0.0822301,8.5734e-08,0.000612482,9.76853,-2.16451,1.28566,-0.118824,-0.00711101,0.7853
26.91,9.762,9.77239,-2.19175,-2.16392,1.28273,1.28881,-0.658006,-0.652357,-2.7202,-2.73472,-0.292833,-0.294275,-0.119474,-0.121826,-0.00636287,-0.00920391,0.7853,0.780488,-0.0648863,-0.0632301,0.0747379,0.0821901,8.60882e-08,0.000621051,9.762,-2.19175,1.28273,-0.119474,-0.00636287,0.7853
26.92,9.75537,9.76594,-2.21891,-2.19114,1.2798,1.28586,-0.666788,-0.66119,-2.71225,-2.727,-0.292636,-0.294092,-0.120122,-0.122525,-0.00561626,-0.008397,0.7853,0.780494,-0.0646047,-0.0628946,0.0745823,0.0821481,8.64227e-08,0.000629723,9.75537,-2.21891,1.2798,-0.120122,-0.00561626,0.7853
26.93,9.74866,9.7594,-2.24599,-2.21829,1.27688,1.28291,-0.675565,-0.670015,-2.7042,-2.71918,-0.292437,-0.293905,-0.120766,-0.123225,-0.00487123,-0.00758946,0.7853,0.780499,-0.0643207,-0.0625558,0.074424,0.0821039,8.67378e-08,0.000638261,9.74866,-2.24599,1.27688,-0.120766,-0.00487123,0.7853
26.94,9.74186,9.75277,-2.27299,-2.24535,1.27395,1.27995,-0.684335,-0.678835,-2.69605,-2.71126,-0.292235,-0.293715,-0.121408,-0.123925,-0.00412779,-0.00678155,0.7853,0.780505,-0.0640344,-0.0622145,0.0742631,0.082058,8.70336e-08,0.000646934,9.74186,-2.27299,1.27395,-0.121408,-0.00412779,0.7853
26.95,9.73497,9.74606,-2.29991,-2.27233,1.27103,1.27701,-0.693099,-0.687648,-2.68781,-2.70322,-0.29203,-0.293521,-0.122047,-0.124625,-0.00338598,-0.00597356,0.7853,0.780509,-0.0637456,-0.0618706,0.0740996,0.0820092,8.73103e-08,0.000655636,9.73497,-2.29991,1.27103,-0.122047,-0.00338598,0.7853
26.96,9.728,9.73927,-2.32675,-2.29923,1.26811,1.27407,-0.701857,-0.696452,-2.67947,-2.69509,-0.291823,-0.293325,-0.122683,-0.125326,-0.00264581,-0.00516575,0.7853,0.780514,-0.0634546,-0.0615243,0.0739334,0.0819578,8.75681e-08,0.000663966,9.728,-2.32675,1.26811,-0.122683,-0.00264581,0.7853
26.97,9.72094,9.73238,-2.3535,-2.32604,1.26519,1.27112,-0.710608,-0.705253,-2.67103,-2.68685,-0.291613,-0.293126,-0.123316,-0.126026,-0.00190732,-0.00435816,0.7853,0.780517,-0.0631612,-0.0611771,0.0737647,0.0819031,8.78071e-08,0.00067234,9.72094,-2.3535,1.26519,-0.123316,-0.00190732,0.7853
26.98,9.71379,9.72541,-2.38017,-2.35277,1.26228,1.26819,-0.719353,-0.714045,-2.6625,-2.6785,-0.2914,-0.292923,-0.123946,-0.126727,-0.00117052,-0.00355128,0.7853,0.780521,-0.0628655,-0.0608277,0.0735934,0.0818458,8.80276e-08,0.000680476,9.71379,-2.38017,1.26228,-0.123946,-0.00117052,0.7853
26.99,9.70655,9.71834,-2.40675,-2.37942,1.25937,1.26525,-0.728091,-0.722833,-2.65387,-2.67004,-0.291185,-0.292718,-0.124573,-0.127427,-0.000435457,-0.0027451,0.7853,0.780524,-0.0625675,-0.0604776,0.0734195,0.0817853,8.82297e-08,0.000688389,9.70655,-2.40675,1.25937,-0.124573,-0.000435457,0.7853
27,9.69922,9.71119,-2.43325,-2.40598,1.25646,1.26232,-0.736822,-0.731613,-2.64515,-2.66148,-0.290967,-0.292511,-0.125197,-0.128126,0.000297858,-0.00194015,0.7853,0.780526,-0.0622672,-0.0601262,0.0732431,0.0817212,8.84136e-08,0.000695929,9.69922,-2.43325,1.25646,-0.125197,0.000297858,0.7853
27.01,9.69181,9.70395,-2.45965,-2.43245,1.25355,1.2594,-0.745547,-0.740386,-2.63633,-2.65282,-0.290746,-0.2923,-0.125819,-0.128824,0.0010294,-0.0011366,0.7853,0.780528,-0.0619646,-0.0597749,0.0730641,0.0816534,8.85795e-08,0.000703141,9.69181,-2.45965,1.25355,-0.125819,0.0010294,0.7853
27.02,9.68431,9.69662,-2.48597,-2.45885,1.25064,1.25647,-0.754265,-0.749155,-2.62741,-2.64404,-0.290523,-0.292088,-0.126437,-0.129521,0.00175913,-0.000334449,0.7853,0.78053,-0.0616598,-0.0594233,0.0728826,0.0815814,8.87276e-08,0.00071004,9.68431,-2.48597,1.25064,-0.126437,0.00175913,0.7853
27.03,9.67673,9.68921,-2.5122,-2.48515,1.24774,1.25355,-0.762976,-0.757916,-2.61841,-2.63516,-0.290298,-0.291873,-0.127052,-0.130217,0.00248704,0.000465788,0.7853,0.780531,-0.0613527,-0.0590716,0.0726985,0.0815049,8.8858e-08,0.000716478,9.67673,-2.5122,1.24774,-0.127052,0.00248704,0.7853
27.04,9.66905,9.6817,-2.53834,-2.51137,1.24484,1.25064,-0.77168,-0.766672,-2.6093,-2.62618,-0.290069,-0.291656,-0.127664,-0.13091,0.00321309,0.00126411,0.7853,0.780532,-0.0610434,-0.0587197,0.0725119,0.0814244,8.8971e-08,0.000722572,9.66905,-2.53834,1.24484,-0.127664,0.00321309,0.7853
27.05,9.66129,9.67411,-2.56439,-2.53749,1.24194,1.24773,-0.780378,-0.775418,-2.60011,-2.61709,-0.289838,-0.291437,-0.128273,-0.131601,0.00393727,0.00205975,0.7853,0.780532,-0.0607319,-0.0583698,0.0723228,0.0813389,8.90667e-08,0.00072822,9.66129,-2.56439,1.24194,-0.128273,0.00393727,0.7853
27.06,9.65345,9.66642,-2.59034,-2.56353,1.23904,1.24482,-0.789068,-0.784162,-2.59082,-2.60789,-0.289605,-0.291216,-0.128878,-0.13229,0.00465954,0.0028532,0.7853,0.780532,-0.0604182,-0.0580198,0.0721312,0.0812487,8.91453e-08,0.00073339,9.65345,-2.59034,1.23904,-0.128878,0.00465954,0.7853
27.07,9.64551,9.65865,-2.6162,-2.58948,1.23614,1.24191,-0.797751,-0.7929,-2.58143,-2.59859,-0.289369,-0.290993,-0.129481,-0.132977,0.00537988,0.00364399,0.7853,0.780532,-0.0601023,-0.0576705,0.0719371,0.0811542,8.9207e-08,0.00073801,9.64551,-2.6162,1.23614,-0.129481,0.00537988,0.7853
27.08,9.63749,9.65078,-2.64197,-2.61534,1.23325,1.23901,-0.806426,-0.801631,-2.57196,-2.58918,-0.28913,-0.290768,-0.13008,-0.13366,0.00609828,0.00443168,0.7853,0.780531,-0.0597842,-0.0573223,0.0717406,0.0810536,8.92521e-08,0.000742316,9.63749,-2.64197,1.23325,-0.13008,0.00609828,0.7853
27.09,9.62938,9.64283,-2.66764,-2.64111,1.23036,1.23612,-0.815094,-0.810357,-2.56239,-2.57967,-0.288888,-0.290542,-0.130677,-0.13434,0.00681469,0.00521629,0.7853,0.780529,-0.059464,-0.0569755,0.0715415,0.0809484,8.92806e-08,0.000746116,9.62938,-2.66764,1.23036,-0.130677,0.00681469,0.7853
27.1,9.62119,9.63478,-2.69322,-2.66679,1.22747,1.23322,-0.823755,-0.819078,-2.55273,-2.57006,-0.288644,-0.290313,-0.13127,-0.135016,0.0075291,0.00599757,0.7853,0.780527,-0.0591416,-0.0566294,0.07134,0.0808363,8.92928e-08,0.000749454,9.62119,-2.69322,1.22747,-0.13127,0.0075291,0.7853
27.11,9.61291,9.62665,-2.7187,-2.69237,1.22459,1.23033,-0.832409,-0.827793,-2.54298,-2.56034,-0.288398,-0.290084,-0.13186,-0.135688,0.00824148,0.00677533,0.7853,0.780525,-0.0588172,-0.0562854,0.0711361,0.0807199,8.92889e-08,0.000752255,9.61291,-2.7187,1.22459,-0.13186,0.00824148,0.7853
27.12,9.60454,9.61842,-2.74408,-2.71786,1.22171,1.22745,-0.841054,-0.836502,-2.53314,-2.55052,-0.288149,-0.289853,-0.132446,-0.136356,0.00895181,0.00754924,0.7853,0.780522,-0.0584906,-0.0559423,0.0709297,0.0805976,8.92691e-08,0.000754863,9.60454,-2.74408,1.22171,-0.132446,0.00895181,0.7853
27.13,9.59609,9.61011,-2.76936,-2.74326,1.21882,1.22457,-0.849692,-0.845204,-2.5232,-2.54059,-0.287897,-0.28962,-0.133029,-0.137019,0.00966007,0.00831921,0.7853,0.780519,-0.0581619,-0.0556001,0.0707209,0.0804691,8.92335e-08,0.00075677,9.59609,-2.76936,1.21882,-0.133029,0.00966007,0.7853
27.14,9.58755,9.60171,-2.79454,-2.76856,1.21595,1.22169,-0.858323,-0.853904,-2.51318,-2.53056,-0.287643,-0.289386,-0.133609,-0.137678,0.0103662,0.00908522,0.7853,0.780515,-0.0578311,-0.0552588,0.0705097,0.0803343,8.91824e-08,0.00075832,9.58755,-2.79454,1.21595,-0.133609,0.0103662,0.7853
27.15,9.57892,9.59321,-2.81962,-2.79376,1.21307,1.21881,-0.866945,-0.862598,-2.50306,-2.52043,-0.287386,-0.28915,-0.134186,-0.138331,0.0110703,0.0098469,0.7853,0.780511,-0.0574983,-0.0549188,0.0702961,0.0801926,8.9116e-08,0.000759482,9.57892,-2.81962,1.21307,-0.134186,0.0110703,0.7853
27.16,9.57021,9.58463,-2.8446,-2.81887,1.2102,1.21594,-0.87556,-0.871287,-2.49286,-2.5102,-0.287126,-0.288913,-0.134759,-0.138979,0.0117721,0.0106043,0.7853,0.780506,-0.0571635,-0.0545796,0.0700802,0.0800456,8.90344e-08,0.000760123,9.57021,-2.8446,1.2102,-0.134759,0.0117721,0.7853
27.17,9.56141,9.57595,-2.86948,-2.84388,1.20733,1.21307,-0.884167,-0.879971,-2.48256,-2.49987,-0.286864,-0.288674,-0.135329,-0.139621,0.0124718,0.0113572,0.7853,0.780501,-0.0568266,-0.0542417,0.0698618,0.0798923,8.89378e-08,0.000760451,9.56141,-2.86948,1.20733,-0.135329,0.0124718,0.7853
27.18,9.55253,9.56718,-2.89425,-2.86878,1.20446,1.21021,-0.892765,-0.888651,-2.47218,-2.48944,-0.286599,-0.288434,-0.135896,-0.140257,0.0131694,0.0121054,0.7853,0.780496,-0.0564877,-0.0539028,0.0696411,0.0797329,8.88265e-08,0.000760227,9.55253,-2.89425,1.20446,-0.135896,0.0131694,0.7853
27.19,9.54356,9.55833,-2.91892,-2.89359,1.2016,1.20735,-0.901356,-0.897327,-2.4617,-2.47892,-0.286332,-0.288193,-0.136459,-0.140887,0.0138647,0.012849,0.7853,0.78049,-0.0561468,-0.0535649,0.069418,0.0795665,8.87006e-08,0.000759974,9.54356,-2.91892,1.2016,-0.136459,0.0138647,0.7853
27.2,9.5345,9.54939,-2.94349,-2.91829,1.19874,1.20449,-0.909938,-0.905996,-2.45114,-2.46829,-0.286062,-0.28795,-0.137019,-0.141511,0.0145577,0.0135874,0.7853,0.780484,-0.0558039,-0.0532277,0.0691926,0.0793932,8.85603e-08,0.000759095,9.5345,-2.94349,1.19874,-0.137019,0.0145577,0.7853
27.21,9.52536,9.54036,-2.96795,-2.94288,1.19588,1.20164,-0.918513,-0.914659,-2.44049,-2.45757,-0.28579,-0.287705,-0.137575,-0.142128,0.0152485,0.0143208,0.7853,0.780478,-0.055459,-0.0528893,0.0689649,0.0792144,8.84059e-08,0.000757977,9.52536,-2.96795,1.19588,-0.137575,0.0152485,0.7853
27.22,9.51613,9.53124,-2.9923,-2.96737,1.19302,1.19879,-0.927078,-0.923319,-2.42976,-2.44675,-0.285515,-0.287459,-0.138128,-0.142738,0.015937,0.0150494,0.7853,0.780471,-0.0551122,-0.052551,0.0687348,0.0790282,8.82375e-08,0.000756577,9.51613,-2.9923,1.19302,-0.138128,0.015937,0.7853
27.23,9.50681,9.52203,-3.01654,-2.99176,1.19017,1.19594,-0.935636,-0.931973,-2.41893,-2.43584,-0.285237,-0.287212,-0.138677,-0.143341,0.0166232,0.0157727,0.7853,0.780464,-0.0547634,-0.0522117,0.0685024,0.0788359,8.80553e-08,0.000754595,9.50681,-3.01654,1.19017,-0.138677,0.0166232,0.7853
27.24,9.49742,9.51272,-3.04068,-3.01604,1.18732,1.1931,-0.944184,-0.940624,-2.40802,-2.42484,-0.284957,-0.286963,-0.139223,-0.143936,0.017307,0.0164911,0.7853,0.780457,-0.0544127,-0.0518707,0.0682678,0.0786375,8.78595e-08,0.000752643,9.49742,-3.04068,1.18732,-0.139223,0.017307,0.7853
27.25,9.48793,9.50334,-3.0647,-3.0402,1.18447,1.19026,-0.952725,-0.949269,-2.39702,-2.41374,-0.284674,-0.286712,-0.139766,-0.144524,0.0179885,0.0172041,0.7853,0.78045,-0.0540602,-0.0515283,0.0680309,0.0784323,8.76504e-08,0.000750035,9.48793,-3.0647,1.18447,-0.139766,0.0179885,0.7853
27.26,9.47836,9.49386,-3.08862,-3.06426,1.18162,1.18743,-0.961256,-0.957908,-2.38594,-2.40255,-0.284389,-0.286459,-0.140304,-0.145105,0.0186677,0.0179118,0.7853,0.780442,-0.0537057,-0.0511849,0.0677917,0.0782207,8.7428e-08,0.000747263,9.47836,-3.08862,1.18162,-0.140304,0.0186677,0.7853
27.27,9.46871,9.4843,-3.11242,-3.0882,1.17878,1.18459,-0.969779,-0.966542,-2.37477,-2.39128,-0.284101,-0.286205,-0.14084,-0.145678,0.0193444,0.0186144,0.7853,0.780435,-0.0533493,-0.0508386,0.0675502,0.0780029,8.71927e-08,0.000744045,9.46871,-3.11242,1.17878,-0.14084,0.0193444,0.7853
27.28,9.45897,9.47466,-3.13611,-3.11202,1.17594,1.18177,-0.978293,-0.975169,-2.36351,-2.37991,-0.283811,-0.285949,-0.141371,-0.146243,0.0200187,0.0193114,0.7853,0.780427,-0.0529911,-0.0504903,0.0673065,0.0777788,8.69446e-08,0.000740662,9.45897,-3.13611,1.17594,-0.141371,0.0200187,0.7853
27.29,9.44914,9.46492,-3.15969,-3.13573,1.1731,1.17894,-0.986799,-0.983792,-2.35217,-2.36846,-0.283518,-0.28569,-0.141899,-0.1468,0.0206905,0.0200033,0.7853,0.780419,-0.0526311,-0.0501386,0.0670606,0.0775493,8.66838e-08,0.000736803,9.44914,-3.15969,1.1731,-0.141899,0.0206905,0.7853
27.3,9.43923,9.4551,-3.18315,-3.15932,1.17027,1.17612,-0.995295,-0.992407,-2.34075,-2.35692,-0.283222,-0.28543,-0.142424,-0.147349,0.0213599,0.0206898,0.7853,0.780412,-0.0522692,-0.0497843,0.0668125,0.077313,8.64107e-08,0.000732467,9.43923,-3.18315,1.17027,-0.142424,0.0213599,0.7853
27.31,9.42923,9.4452,-3.2065,-3.1828,1.16744,1.1733,-1.00378,-1.00102,-2.32924,-2.3453,-0.282924,-0.285168,-0.142945,-0.14789,0.0220267,0.0213712,0.7853,0.780404,-0.0519055,-0.0494258,0.0665622,0.077071,8.61254e-08,0.000727937,9.42923,-3.2065,1.16744,-0.142945,0.0220267,0.7853
27.32,9.41915,9.4352,-3.22974,-3.20615,1.16461,1.17049,-1.01226,-1.00962,-2.31765,-2.33359,-0.282624,-0.284903,-0.143462,-0.148423,0.0226911,0.0220473,0.7853,0.780397,-0.05154,-0.0490637,0.0663096,0.0768235,8.58281e-08,0.000723004,9.41915,-3.22974,1.16461,-0.143462,0.0226911,0.7853
27.33,9.40899,9.42513,-3.25286,-3.22939,1.16179,1.16768,-1.02073,-1.01822,-2.30597,-2.3218,-0.282321,-0.284636,-0.143976,-0.148948,0.0233529,0.0227181,0.7853,0.78039,-0.0511727,-0.0486977,0.066055,0.0765706,8.55189e-08,0.000717506,9.40899,-3.25286,1.16179,-0.143976,0.0233529,0.7853
27.34,9.39874,9.41496,-3.27586,-3.2525,1.15896,1.16487,-1.02919,-1.02681,-2.29421,-2.30993,-0.282015,-0.284368,-0.144486,-0.149465,0.0240122,0.0233842,0.7853,0.780383,-0.0508036,-0.0483271,0.0657981,0.0763122,8.51982e-08,0.00071153,9.39874,-3.27586,1.15896,-0.144486,0.0240122,0.7853
27.35,9.3884,9.40471,-3.29874,-3.27549,1.15615,1.16207,-1.03764,-1.03539,-2.28237,-2.29798,-0.281707,-0.284097,-0.144992,-0.149973,0.0246689,0.0240448,0.7853,0.780377,-0.0504328,-0.0479514,0.0655391,0.0760485,8.4866e-08,0.000705123,9.3884,-3.29874,1.15615,-0.144992,0.0246689,0.7853
27.36,9.37799,9.39438,-3.3215,-3.29835,1.15333,1.15927,-1.04608,-1.04397,-2.27045,-2.28595,-0.281396,-0.283823,-0.145494,-0.150473,0.025323,0.0247006,0.7853,0.780371,-0.0500602,-0.0475713,0.0652779,0.0757796,8.45226e-08,0.000698268,9.37799,-3.3215,1.15333,-0.145494,0.025323,0.7853
27.37,9.36748,9.38397,-3.34415,-3.3211,1.15052,1.15648,-1.05451,-1.05254,-2.25845,-2.27384,-0.281083,-0.283547,-0.145993,-0.150966,0.0259744,0.0253515,0.7853,0.780366,-0.049686,-0.0471867,0.0650146,0.0755059,8.41682e-08,0.000690758,9.36748,-3.34415,1.15052,-0.145993,0.0259744,0.7853
27.38,9.3569,9.37347,-3.36667,-3.3437,1.14771,1.15368,-1.06293,-1.06109,-2.24636,-2.26166,-0.280767,-0.283269,-0.146488,-0.15145,0.0266232,0.0259974,0.7853,0.780361,-0.04931,-0.046796,0.0647492,0.0752276,8.38029e-08,0.000682667,9.3569,-3.36667,1.14771,-0.146488,0.0266232,0.7853
27.39,9.34622,9.36289,-3.38908,-3.36619,1.1449,1.1509,-1.07135,-1.06964,-2.2342,-2.2494,-0.280449,-0.282987,-0.146979,-0.151926,0.0272694,0.0266387,0.7853,0.780357,-0.0489323,-0.0464004,0.0644818,0.0749449,8.3427e-08,0.000673801,9.34622,-3.38908,1.1449,-0.146979,0.0272694,0.7853
27.4,9.33547,9.35222,-3.41136,-3.38854,1.1421,1.14811,-1.07975,-1.07819,-2.22195,-2.23707,-0.280128,-0.282704,-0.147467,-0.152394,0.0279129,0.0272752,0.7853,0.780353,-0.048553,-0.0459982,0.0642122,0.0746582,8.30407e-08,0.000664502,9.33547,-3.41136,1.1421,-0.147467,0.0279129,0.7853
27.41,9.32463,9.34147,-3.43352,-3.41076,1.1393,1.14533,-1.08814,-1.08672,-2.20963,-2.22466,-0.279805,-0.282418,-0.14795,-0.152855,0.0285536,0.0279073,0.7853,0.78035,-0.0481719,-0.0455913,0.0639405,0.0743668,8.26441e-08,0.00065425,9.32463,-3.43352,1.1393,-0.14795,0.0285536,0.7853
27.42,9.31371,9.33064,-3.45555,-3.43286,1.1365,1.14256,-1.09652,-1.09525,-2.19722,-2.21218,-0.279479,-0.282129,-0.14843,-0.153307,0.0291917,0.0285352,0.7853,0.780348,-0.0477893,-0.0451782,0.0636668,0.0740721,8.22375e-08,0.000643313,9.31371,-3.45555,1.1365,-0.14843,0.0291917,0.7853
27.43,9.3027,9.31973,-3.47746,-3.45482,1.13371,1.13978,-1.1049,-1.10376,-2.18474,-2.19963,-0.27915,-0.281836,-0.148906,-0.153752,0.029827,0.0291585,0.7853,0.780347,-0.047405,-0.04476,0.0633911,0.073773,8.1821e-08,0.000631526,9.3027,-3.47746,1.13371,-0.148906,0.029827,0.7853
27.44,9.29161,9.30873,-3.49924,-3.47666,1.13092,1.13702,-1.11326,-1.11227,-2.17217,-2.187,-0.278819,-0.281542,-0.149378,-0.15419,0.0304595,0.0297776,0.7853,0.780347,-0.0470191,-0.0443355,0.0631133,0.0734718,8.13948e-08,0.000618935,9.29161,-3.49924,1.13092,-0.149378,0.0304595,0.7853
27.45,9.28043,9.29765,-3.5209,-3.49836,1.12813,1.13425,-1.12161,-1.12077,-2.15953,-2.17431,-0.278486,-0.281245,-0.149846,-0.154621,0.0310892,0.0303928,0.7853,0.780348,-0.0466316,-0.0439056,0.0628335,0.0731663,8.09591e-08,0.000605389,9.28043,-3.5209,1.12813,-0.149846,0.0310892,0.7853
27.46,9.26918,9.28649,-3.54243,-3.51992,1.12535,1.13149,-1.12996,-1.12925,-2.14682,-2.16155,-0.27815,-0.280945,-0.150311,-0.155044,0.0317162,0.0310039,0.7853,0.78035,-0.0462425,-0.0434694,0.0625516,0.0728579,8.05142e-08,0.000590965,9.26918,-3.54243,1.12535,-0.150311,0.0317162,0.7853
27.47,9.25784,9.27524,-3.56384,-3.54136,1.12257,1.12873,-1.13829,-1.13773,-2.13402,-2.14871,-0.277812,-0.280642,-0.150771,-0.15546,0.0323403,0.0316114,0.7853,0.780354,-0.0458518,-0.0430279,0.0622678,0.072547,8.00602e-08,0.000575617,9.25784,-3.56384,1.12257,-0.150771,0.0323403,0.7853
27.48,9.24641,9.26391,-3.58511,-3.56265,1.11979,1.12598,-1.14661,-1.1462,-2.12115,-2.13581,-0.277471,-0.280336,-0.151228,-0.155869,0.0329615,0.0322148,0.7853,0.780358,-0.0454596,-0.042581,0.061982,0.0722329,7.95972e-08,0.000559092,9.24641,-3.58511,1.11979,-0.151228,0.0329615,0.7853
27.49,9.2349,9.2525,-3.60626,-3.58382,1.11702,1.12323,-1.15492,-1.15465,-2.1082,-2.12284,-0.277127,-0.280027,-0.15168,-0.156272,0.0335799,0.0328149,0.7853,0.780363,-0.0450658,-0.0421288,0.0616943,0.0719165,7.91255e-08,0.000541717,9.2349,-3.60626,1.11702,-0.15168,0.0335799,0.7853
27.5,9.22331,9.241,-3.62728,-3.60485,1.11425,1.12048,-1.16322,-1.1631,-2.09518,-2.10981,-0.276781,-0.279716,-0.152129,-0.156668,0.0341954,0.0334114,0.7853,0.78037,-0.0446705,-0.0416713,0.0614046,0.0715987,7.86453e-08,0.000523105,9.22331,-3.62728,1.11425,-0.152129,0.0341954,0.7853
27.51,9.21164,9.22943,-3.64816,-3.62574,1.11149,1.11774,-1.17151,-1.17153,-2.08208,-2.0967,-0.276433,-0.279401,-0.152574,-0.157058,0.034808,0.0340045,0.7853,0.780378,-0.0442737,-0.041209,0.0611129,0.0712778,7.81568e-08,0.000503555,9.21164,-3.64816,1.11149,-0.152574,0.034808,0.7853
27.52,9.19988,9.21777,-3.66892,-3.6465,1.10872,1.115,-1.1798,-1.17996,-2.06891,-2.08354,-0.276082,-0.279084,-0.153014,-0.157442,0.0354176,0.0345944,0.7853,0.780387,-0.0438754,-0.040742,0.0608194,0.0709557,7.76601e-08,0.000482559,9.19988,-3.66892,1.10872,-0.153014,0.0354176,0.7853
27.53,9.18804,9.20602,-3.68954,-3.66713,1.10596,1.11226,-1.18806,-1.18837,-2.05566,-2.0703,-0.275729,-0.278763,-0.153451,-0.157819,0.0360244,0.0351812,0.7853,0.780398,-0.0434756,-0.04027,0.0605239,0.0706308,7.71554e-08,0.000460744,9.18804,-3.68954,1.10596,-0.153451,0.0360244,0.7853
27.54,9.17612,9.1942,-3.71003,-3.68761,1.10321,1.10953,-1.19632,-1.19677,-2.04234,-2.057,-0.275373,-0.27844,-0.153884,-0.158191,0.0366281,0.0357647,0.7853,0.78041,-0.0430743,-0.0397939,0.0602265,0.0703049,7.6643e-08,0.000437647,9.17612,-3.71003,1.10321,-0.153884,0.0366281,0.7853
27.55,9.16412,9.18229,-3.73039,-3.70796,1.10046,1.1068,-1.20457,-1.20516,-2.02894,-2.04363,-0.275014,-0.278113,-0.154313,-0.158557,0.0372289,0.0363453,0.7853,0.780423,-0.0426716,-0.0393136,0.0599272,0.0699778,7.61229e-08,0.000413448,9.16412,-3.73039,1.10046,-0.154313,0.0372289,0.7853
27.56,9.15203,9.1703,-3.75061,-3.72818,1.09771,1.10407,-1.21281,-1.21354,-2.01548,-2.0302,-0.274653,-0.277784,-0.154737,-0.158918,0.0378266,0.0369233,0.7853,0.780437,-0.0422675,-0.0388296,0.0596261,0.0696492,7.55955e-08,0.000388131,9.15203,-3.75061,1.09771,-0.154737,0.0378266,0.7853
27.57,9.13986,9.15822,-3.7707,-3.74825,1.09496,1.10135,-1.22104,-1.2219,-2.00194,-2.0167,-0.27429,-0.277451,-0.155158,-0.159274,0.0384214,0.0374984,0.7853,0.780453,-0.0418619,-0.0383419,0.0593231,0.0693194,7.50607e-08,0.000361472,9.13986,-3.7707,1.09496,-0.155158,0.0384214,0.7853
27.58,9.12761,9.14605,-3.79065,-3.76819,1.09222,1.09863,-1.22925,-1.23026,-1.98832,-2.00313,-0.273924,-0.277116,-0.155575,-0.159624,0.0390131,0.038071,0.7853,0.78047,-0.0414549,-0.0378519,0.0590183,0.068988,7.4519e-08,0.000333861,9.12761,-3.79065,1.09222,-0.155575,0.0390131,0.7853
27.59,9.11528,9.13381,-3.81046,-3.78799,1.08949,1.09591,-1.23745,-1.2386,-1.97464,-1.9895,-0.273556,-0.276777,-0.155987,-0.159969,0.0396018,0.0386408,0.7853,0.780489,-0.0410466,-0.0373578,0.0587116,0.0686559,7.39704e-08,0.000304997,9.11528,-3.81046,1.08949,-0.155987,0.0396018,0.7853
27.6,9.10286,9.12147,-3.83014,-3.80766,1.08675,1.0932,-1.24565,-1.24693,-1.96089,-1.97581,-0.273186,-0.276435,-0.156396,-0.16031,0.0401873,0.0392083,0.7853,0.780508,-0.0406368,-0.0368618,0.0584031,0.0683229,7.3415e-08,0.000275105,9.10286,-3.83014,1.08675,-0.156396,0.0401873,0.7853
27.61,9.09036,9.10906,-3.84968,-3.82719,1.08402,1.09049,-1.25383,-1.25525,-1.94706,-1.96205,-0.272812,-0.276091,-0.1568,-0.160646,0.0407698,0.0397731,0.7853,0.780529,-0.0402257,-0.0363635,0.0580928,0.0679895,7.28532e-08,0.000244021,9.09036,-3.84968,1.08402,-0.1568,0.0407698,0.7853
27.62,9.07778,9.09656,-3.86908,-3.84658,1.0813,1.08778,-1.262,-1.26356,-1.93317,-1.94822,-0.272437,-0.275743,-0.1572,-0.160978,0.0413492,0.0403357,0.7853,0.780551,-0.0398133,-0.0358631,0.0577808,0.0676549,7.2285e-08,0.000211999,9.07778,-3.86908,1.0813,-0.1572,0.0413492,0.7853
27.63,9.06512,9.08397,-3.88835,-3.86583,1.07857,1.08508,-1.27016,-1.27185,-1.91921,-1.93434,-0.272059,-0.275392,-0.157596,-0.161305,0.0419254,0.040896,0.7853,0.780575,-0.0393995,-0.0353616,0.0574669,0.0673193,7.17107e-08,0.000178888,9.06512,-3.88835,1.07857,-0.157596,0.0419254,0.7853
27.64,9.05238,9.07129,-3.90747,-3.88494,1.07585,1.08238,-1.27831,-1.28013,-1.90517,-1.92038,-0.271678,-0.275038,-0.157988,-0.161629,0.0424985,0.041454,0.7853,0.780599,-0.0389843,-0.0348581,0.0571513,0.0669834,7.11304e-08,0.000144869,9.05238,-3.90747,1.07585,-0.157988,0.0424985,0.7853
27.65,9.03956,9.05854,-3.92645,-3.90391,1.07314,1.07968,-1.28644,-1.2884,-1.89107,-1.90636,-0.271295,-0.27468,-0.158376,-0.161948,0.0430684,0.0420098,0.7853,0.780624,-0.0385679,-0.0343545,0.056834,0.066647,7.05443e-08,0.000109941,9.03956,-3.92645,1.07314,-0.158376,0.0430684,0.7853
27.66,9.02665,9.0457,-3.94529,-3.92275,1.07043,1.07699,-1.29457,-1.29666,-1.87691,-1.89228,-0.27091,-0.274319,-0.158759,-0.162264,0.0436352,0.0425634,0.7853,0.78065,-0.0381502,-0.0338495,0.0565149,0.0663095,6.99526e-08,7.40141e-05,9.02665,-3.94529,1.07043,-0.158759,0.0436352,0.7853
27.67,9.01367,9.03276,-3.96399,-3.94144,1.06772,1.07429,-1.30268,-1.30491,-1.86267,-1.87813,-0.270522,-0.273955,-0.159139,-0.162575,0.0441987,0.0431149,0.7853,0.780677,-0.0377312,-0.0333438,0.0561941,0.0659715,6.93554e-08,3.73721e-05,9.01367,-3.96399,1.06772,-0.159139,0.0441987,0.7853
27.68,9.0006,9.01975,-3.98254,-3.96,1.06502,1.07161,-1.31078,-1.31314,-1.84837,-1.86392,-0.270132,-0.273588,-0.159514,-0.162884,0.0447591,0.0436643,0.7853,0.780705,-0.0373109,-0.0328386,0.0558716,0.0656337,6.87529e-08,1.04308e-07,9.0006,-3.98254,1.06502,-0.159514,0.0447591,0.7853
27.69,8.98745,9.00664,-4.00095,-3.97841,1.06232,1.06892,-1.31887,-1.32136,-1.834,-1.84964,-0.269739,-0.273217,-0.159885,-0.163188,0.0453162,0.0442117,0.7853,0.780734,-0.0368894,-0.0323333,0.0555474,0.0652944,6.81453e-08,-3.79682e-05,8.98745,-4.00095,1.06232,-0.159885,0.0453162,0.7853
27.7,8.97422,8.99345,-4.01922,-3.99669,1.05962,1.06624,-1.32695,-1.32957,-1.81956,-1.83529,-0.269344,-0.272842,-0.160252,-0.16349,0.04587,0.044757,0.7853,0.780763,-0.0364667,-0.031828,0.0552216,0.0649549,6.75328e-08,-7.66367e-05,8.97422,-4.01922,1.05962,-0.160252,0.04587,0.7853
27.71,8.96091,8.98018,-4.03734,-4.01482,1.05693,1.06356,-1.33501,-1.33776,-1.80506,-1.82089,-0.268946,-0.272465,-0.160614,-0.163788,0.0464206,0.0453,0.7853,0.780793,-0.0360427,-0.0313243,0.0548941,0.064615,6.69155e-08,-0.000115812,8.96091,-4.03734,1.05693,-0.160614,0.0464206,0.7853
27.72,8.94752,8.96682,-4.05532,-4.03281,1.05424,1.06088,-1.34306,-1.34595,-1.7905,-1.80642,-0.268546,-0.272083,-0.160973,-0.164083,0.0469679,0.0458412,0.7853,0.780823,-0.0356175,-0.0308205,0.0545649,0.0642747,6.62935e-08,-0.000155389,8.94752,-4.05532,1.05424,-0.160973,0.0469679,0.7853
27.73,8.93405,8.95337,-4.07315,-4.05066,1.05156,1.05821,-1.3511,-1.35412,-1.77587,-1.79189,-0.268144,-0.271699,-0.161327,-0.164375,0.0475119,0.0463804,0.7853,0.780854,-0.0351912,-0.0303181,0.0542341,0.0639339,6.56672e-08,-0.000195399,8.93405,-4.07315,1.05156,-0.161327,0.0475119,0.7853
27.74,8.9205,8.93984,-4.09084,-4.06836,1.04888,1.05554,-1.35913,-1.36227,-1.76118,-1.77729,-0.267739,-0.27131,-0.161677,-0.164665,0.0480526,0.0469174,0.7853,0.780884,-0.0347636,-0.0298166,0.0539017,0.0635927,6.50365e-08,-0.000235602,8.9205,-4.09084,1.04888,-0.161677,0.0480526,0.7853
27.75,8.90687,8.92622,-4.10838,-4.08593,1.04621,1.05287,-1.36715,-1.37042,-1.74642,-1.76263,-0.267332,-0.270919,-0.162022,-0.164951,0.0485899,0.0474525,0.7853,0.780915,-0.0343349,-0.0293168,0.0535677,0.0632508,6.44018e-08,-0.000276014,8.90687,-4.10838,1.04621,-0.162022,0.0485899,0.7853
27.76,8.89316,8.91252,-4.12577,-4.10335,1.04353,1.0502,-1.37515,-1.37855,-1.7316,-1.74791,-0.266922,-0.270523,-0.162363,-0.165234,0.0491239,0.0479853,0.7853,0.780946,-0.033905,-0.0288183,0.0532321,0.0629082,6.37631e-08,-0.000316486,8.89316,-4.12577,1.04353,-0.162363,0.0491239,0.7853
27.77,8.87936,8.89873,-4.14301,-4.12062,1.04087,1.04754,-1.38315,-1.38666,-1.71672,-1.73312,-0.26651,-0.270124,-0.1627,-0.165515,0.0496545,0.0485162,0.7853,0.780977,-0.033474,-0.0283227,0.0528949,0.0625652,6.31206e-08,-0.000356987,8.87936,-4.14301,1.04087,-0.1627,0.0496545,0.7853
27.78,8.86549,8.88485,-4.1601,-4.13775,1.0382,1.04489,-1.39112,-1.39477,-1.70178,-1.71827,-0.266096,-0.26972,-0.163033,-0.165793,0.0501818,0.0490449,0.7853,0.781008,-0.0330419,-0.0278272,0.0525561,0.0622215,6.24744e-08,-0.000397369,8.86549,-4.1601,1.0382,-0.163033,0.0501818,0.7853
27.79,8.85154,8.87089,-4.17704,-4.15473,1.03555,1.04223,-1.39909,-1.40286,-1.68678,-1.70336,-0.265679,-0.269314,-0.163361,-0.166068,0.0507057,0.0495715,0.7853,0.781038,-0.0326086,-0.0273342,0.0522158,0.0618777,6.18248e-08,-0.000437513,8.85154,-4.17704,1.03555,-0.163361,0.0507057,0.7853
27.8,8.83751,8.85684,-4.19384,-4.17157,1.03289,1.03958,-1.40705,-1.41093,-1.67172,-1.68839,-0.26526,-0.268904,-0.163685,-0.166341,0.0512261,0.0500959,0.7853,0.781068,-0.0321743,-0.026843,0.051874,0.061533,6.11719e-08,-0.000477508,8.83751,-4.19384,1.03289,-0.163685,0.0512261,0.7853
27.81,8.8234,8.84271,-4.21048,-4.18826,1.03024,1.03693,-1.41499,-1.419,-1.65659,-1.67336,-0.264838,-0.26849,-0.164004,-0.166611,0.0517431,0.0506182,0.7853,0.781098,-0.0317389,-0.026354,0.0515307,0.0611878,6.05158e-08,-0.000516862,8.8234,-4.21048,1.03024,-0.164004,0.0517431,0.7853
27.82,8.80921,8.8285,-4.22697,-4.2048,1.02759,1.03429,-1.42292,-1.42705,-1.64141,-1.65827,-0.264414,-0.268071,-0.16432,-0.166879,0.0522567,0.0511381,0.7853,0.781126,-0.0313024,-0.0258672,0.0511858,0.060842,5.98568e-08,-0.000556082,8.80921,-4.22697,1.02759,-0.16432,0.0522567,0.7853
27.83,8.79494,8.8142,-4.24331,-4.2212,1.02495,1.03164,-1.43083,-1.43508,-1.62617,-1.64312,-0.263988,-0.267649,-0.16463,-0.167144,0.0527668,0.051656,0.7853,0.781155,-0.0308648,-0.025382,0.0508395,0.0604952,5.91948e-08,-0.000594452,8.79494,-4.24331,1.02495,-0.16463,0.0527668,0.7853
27.84,8.78059,8.79982,-4.25949,-4.23744,1.02231,1.02901,-1.43873,-1.44311,-1.61087,-1.62791,-0.263559,-0.267224,-0.164937,-0.167407,0.0532735,0.0521714,0.7853,0.781182,-0.0304262,-0.0248986,0.0504917,0.0601484,5.85302e-08,-0.000632182,8.78059,-4.25949,1.02231,-0.164937,0.0532735,0.7853
27.85,8.76617,8.78535,-4.27552,-4.25354,1.01968,1.02637,-1.44662,-1.45111,-1.59551,-1.61264,-0.263128,-0.266795,-0.165239,-0.167667,0.0537767,0.0526846,0.7853,0.781208,-0.0299866,-0.0244178,0.0501424,0.0598006,5.78631e-08,-0.00066945,8.76617,-4.27552,1.01968,-0.165239,0.0537767,0.7853
27.86,8.75166,8.77081,-4.2914,-4.26948,1.01705,1.02374,-1.4545,-1.45911,-1.58009,-1.59731,-0.262695,-0.266363,-0.165537,-0.167925,0.0542763,0.0531954,0.7853,0.781234,-0.0295459,-0.0239388,0.0497917,0.0594526,5.71935e-08,-0.000705689,8.75166,-4.2914,1.01705,-0.165537,0.0542763,0.7853
27.87,8.73708,8.75618,-4.30713,-4.28527,1.01443,1.02111,-1.46237,-1.46709,-1.56462,-1.58192,-0.262259,-0.265926,-0.16583,-0.16818,0.0547725,0.0537038,0.7853,0.781258,-0.0291043,-0.0234609,0.0494396,0.0591034,5.65217e-08,-0.000741109,8.73708,-4.30713,1.01443,-0.16583,0.0547725,0.7853
27.88,8.72241,8.74147,-4.32269,-4.30091,1.01181,1.01849,-1.47022,-1.47505,-1.54909,-1.56648,-0.261821,-0.265486,-0.166119,-0.168433,0.0552651,0.0542097,0.7853,0.781281,-0.0286617,-0.0229853,0.049086,0.0587536,5.58478e-08,-0.000775456,8.72241,-4.32269,1.01181,-0.166119,0.0552651,0.7853
27.89,8.70767,8.72668,-4.33811,-4.3164,1.00919,1.01587,-1.47805,-1.48301,-1.53351,-1.55098,-0.26138,-0.265042,-0.166403,-0.168684,0.0557542,0.054713,0.7853,0.781303,-0.0282181,-0.0225121,0.048731,0.0584036,5.51719e-08,-0.00080885,8.70767,-4.33811,1.00919,-0.166403,0.0557542,0.7853
27.9,8.69285,8.7118,-4.35336,-4.33174,1.00658,1.01325,-1.48588,-1.49095,-1.51787,-1.53542,-0.260937,-0.264595,-0.166683,-0.168931,0.0562398,0.0552138,0.7853,0.781323,-0.0277735,-0.022039,0.0483747,0.0580535,5.44943e-08,-0.000841096,8.69285,-4.35336,1.00658,-0.166683,0.0562398,0.7853
27.91,8.67796,8.69685,-4.36846,-4.34692,1.00397,1.01064,-1.49369,-1.49887,-1.50218,-1.51981,-0.260492,-0.264144,-0.166959,-0.169177,0.0567217,0.0557121,0.7853,0.781342,-0.027328,-0.0215684,0.048017,0.0577015,5.3815e-08,-0.000872135,8.67796,-4.36846,1.00397,-0.166959,0.0567217,0.7853
27.92,8.66298,8.68182,-4.38341,-4.36195,1.00137,1.00803,-1.50149,-1.50678,-1.48643,-1.50414,-0.260044,-0.26369,-0.16723,-0.16942,0.0572001,0.0562078,0.7853,0.781359,-0.0268815,-0.0210982,0.0476579,0.0573493,5.31341e-08,-0.000901923,8.66298,-4.38341,1.00137,-0.16723,0.0572001,0.7853
27.93,8.64793,8.66671,-4.39819,-4.37683,0.998771,1.00543,-1.50927,-1.51468,-1.47063,-1.48842,-0.259594,-0.263232,-0.167496,-0.16966,0.0576749,0.0567007,0.7853,0.781375,-0.0264341,-0.0206294,0.0472974,0.0569966,5.24518e-08,-0.000930458,8.64793,-4.39819,0.998771,-0.167496,0.0576749,0.7853
27.94,8.63279,8.65151,-4.41282,-4.39155,0.996177,1.00282,-1.51704,-1.52256,-1.45478,-1.47265,-0.259142,-0.262771,-0.167758,-0.169897,0.058146,0.0571911,0.7853,0.781389,-0.0259858,-0.0201615,0.0469357,0.0566429,5.17684e-08,-0.000957653,8.63279,-4.41282,0.996177,-0.167758,0.058146,0.7853
27.95,8.61759,8.63624,-4.42729,-4.40611,0.993588,1.00023,-1.5248,-1.53043,-1.43888,-1.45682,-0.258688,-0.262307,-0.168016,-0.170132,0.0586136,0.0576787,0.7853,0.781401,-0.0255366,-0.0196948,0.0465726,0.0562884,5.10838e-08,-0.000983447,8.61759,-4.42729,0.993588,-0.168016,0.0586136,0.7853
27.96,8.6023,8.62089,-4.4416,-4.42052,0.991004,0.997635,-1.53254,-1.53828,-1.42292,-1.44094,-0.258231,-0.261839,-0.168269,-0.170364,0.0590775,0.0581634,0.7853,0.781412,-0.0250866,-0.0192284,0.0462082,0.0559339,5.03982e-08,-0.00100766,8.6023,-4.4416,0.991004,-0.168269,0.0590775,0.7853
27.97,8.58694,8.60547,-4.45575,-4.43477,0.988424,0.995045,-1.54027,-1.54612,-1.40691,-1.42501,-0.257771,-0.261369,-0.168518,-0.170593,0.0595377,0.0586454,0.7853,0.781421,-0.0246356,-0.0187622,0.0458425,0.0555785,4.97118e-08,-0.00103062,8.58694,-4.45575,0.988424,-0.168518,0.0595377,0.7853
27.98,8.57149,8.58996,-4.46974,-4.44887,0.985848,0.99246,-1.54798,-1.55394,-1.39085,-1.40903,-0.25731,-0.260896,-0.168762,-0.17082,0.0599943,0.0591244,0.7853,0.781428,-0.0241838,-0.0182967,0.0454756,0.0552219,4.90247e-08,-0.00105201,8.57149,-4.46974,0.985848,-0.168762,0.0599943,0.7853
27.99,8.55597,8.57438,-4.48356,-4.4628,0.983277,0.989878,-1.55569,-1.56176,-1.37475,-1.39299,-0.256846,-0.26042,-0.169001,-0.171043,0.0604472,0.0596007,0.7853,0.781433,-0.0237312,-0.0178304,0.0451074,0.0548653,4.8337e-08,-0.00107184,8.55597,-4.48356,0.983277,-0.169001,0.0604472,0.7853
28,8.54038,8.55872,-4.49723,-4.47658,0.980711,0.9873,-1.56337,-1.56955,-1.35859,-1.3769,-0.25638,-0.259941,-0.169236,-0.171264,0.0608965,0.060074,0.7853,0.781436,-0.0232777,-0.0173635,0.044738,0.0545076,4.76488e-08,-0.00109018,8.54038,-4.49723,0.980711,-0.169236,0.0608965,0.7853
28.01,8.52471,8.54298,-4.51074,-4.49021,0.97815,0.984726,-1.57105,-1.57734,-1.34238,-1.36076,-0.255911,-0.25946,-0.169467,-0.171481,0.061342,0.0605445,0.7853,0.781437,-0.0228234,-0.0168972,0.0443673,0.0541485,4.69604e-08,-0.00110692,8.52471,-4.51074,0.97815,-0.169467,0.061342,0.7853
28.02,8.50896,8.52718,-4.52408,-4.50366,0.975593,0.982157,-1.5787,-1.58511,-1.32613,-1.34458,-0.25544,-0.258976,-0.169693,-0.171696,0.0617838,0.0610119,0.7853,0.781437,-0.0223682,-0.0164295,0.0439954,0.053789,4.62717e-08,-0.00112225,8.50896,-4.52408,0.975593,-0.169693,0.0617838,0.7853
28.03,8.49313,8.51128,-4.53726,-4.51697,0.973041,0.97959,-1.58635,-1.59286,-1.30983,-1.32834,-0.254967,-0.25849,-0.169914,-0.171907,0.0622219,0.0614763,0.7853,0.781434,-0.0219123,-0.0159609,0.0436224,0.0534286,4.5583e-08,-0.00113586,8.49313,-4.53726,0.973041,-0.169914,0.0622219,0.7853
28.04,8.47723,8.49532,-4.55027,-4.53011,0.970494,0.977028,-1.59398,-1.60061,-1.29348,-1.31206,-0.254492,-0.258002,-0.170131,-0.172115,0.0626563,0.0619378,0.7853,0.78143,-0.0214556,-0.015491,0.0432481,0.0530673,4.48943e-08,-0.00114809,8.47723,-4.55027,0.970494,-0.170131,0.0626563,0.7853
28.05,8.46125,8.47928,-4.56313,-4.5431,0.967951,0.97447,-1.6016,-1.60833,-1.27708,-1.29573,-0.254014,-0.257512,-0.170343,-0.172319,0.0630869,0.0623961,0.7853,0.781423,-0.0209982,-0.0150197,0.0428727,0.0527052,4.42059e-08,-0.0011586,8.46125,-4.56313,0.967951,-0.170343,0.0630869,0.7853
28.06,8.4452,8.46316,-4.57582,-4.55592,0.965414,0.971914,-1.6092,-1.61605,-1.26064,-1.27935,-0.253534,-0.257021,-0.170551,-0.17252,0.0635137,0.0628516,0.7853,0.781415,-0.0205399,-0.0145472,0.0424961,0.0523423,4.35177e-08,-0.00116754,8.4452,-4.57582,0.965414,-0.170551,0.0635137,0.7853
28.07,8.42907,8.44697,-4.58834,-4.56859,0.962881,0.969362,-1.61679,-1.62375,-1.24415,-1.26292,-0.253052,-0.256527,-0.170754,-0.172717,0.0639368,0.0633039,0.7853,0.781405,-0.020081,-0.0140729,0.0421183,0.0519778,4.283e-08,-0.00117497,8.42907,-4.58834,0.962881,-0.170754,0.0639368,0.7853
28.08,8.41286,8.4307,-4.6007,-4.58109,0.960352,0.966814,-1.62436,-1.63144,-1.22762,-1.24644,-0.252567,-0.256031,-0.170953,-0.17291,0.0643561,0.0637532,0.7853,0.781393,-0.0196212,-0.0135957,0.0417395,0.0516122,4.21428e-08,-0.00118104,8.41286,-4.6007,0.960352,-0.170953,0.0643561,0.7853
28.09,8.39658,8.41435,-4.61289,-4.59344,0.957829,0.96427,-1.63192,-1.63911,-1.21105,-1.22991,-0.252081,-0.255534,-0.171147,-0.1731,0.0647716,0.0641993,0.7853,0.781379,-0.0191608,-0.013117,0.0413595,0.0512453,4.14562e-08,-0.00118552,8.39658,-4.61289,0.957829,-0.171147,0.0647716,0.7853
28.1,8.38023,8.39792,-4.62492,-4.60562,0.955311,0.961729,-1.63946,-1.64678,-1.19443,-1.21334,-0.251591,-0.255036,-0.171336,-0.173286,0.0651833,0.0646424,0.7853,0.781364,-0.0186997,-0.0126355,0.0409785,0.0508772,4.07704e-08,-0.00118858,8.38023,-4.62492,0.955311,-0.171336,0.0651833,0.7853
28.11,8.36379,8.38143,-4.63678,-4.61764,0.952797,0.959191,-1.64699,-1.65442,-1.17777,-1.19672,-0.2511,-0.254537,-0.171521,-0.173468,0.0655911,0.0650821,0.7853,0.781347,-0.0182379,-0.0121519,0.0405963,0.050508,4.00855e-08,-0.00119027,8.36379,-4.63678,0.952797,-0.171521,0.0655911,0.7853
28.12,8.34729,8.36485,-4.64848,-4.6295,0.950289,0.956656,-1.6545,-1.66206,-1.16107,-1.18005,-0.250606,-0.254036,-0.171701,-0.173645,0.0659952,0.065519,0.7853,0.781327,-0.0177753,-0.0116651,0.0402131,0.0501369,3.94016e-08,-0.00119044,8.34729,-4.64848,0.950289,-0.171701,0.0659952,0.7853
28.13,8.3307,8.3482,-4.66,-4.64119,0.947785,0.954125,-1.662,-1.66968,-1.14432,-1.16333,-0.250111,-0.253535,-0.171876,-0.173818,0.0663954,0.0659526,0.7853,0.781307,-0.0173122,-0.0111754,0.0398288,0.0497645,3.87189e-08,-0.00118947,8.3307,-4.66,0.947785,-0.171876,0.0663954,0.7853
28.14,8.31405,8.33147,-4.67136,-4.65273,0.945287,0.951596,-1.66949,-1.67729,-1.12754,-1.14657,-0.249612,-0.253033,-0.172047,-0.173987,0.0667918,0.0663832,0.7853,0.781285,-0.0168483,-0.010683,0.0394435,0.0493901,3.80373e-08,-0.00118713,8.31405,-4.67136,0.945287,-0.172047,0.0667918,0.7853
28.15,8.29731,8.31466,-4.68255,-4.6641,0.942793,0.949071,-1.67696,-1.68488,-1.11071,-1.12976,-0.249112,-0.25253,-0.172213,-0.174151,0.0671843,0.0668103,0.7853,0.781261,-0.0163838,-0.0101872,0.0390572,0.0490141,3.73571e-08,-0.00118363,8.29731,-4.68255,0.942793,-0.172213,0.0671843,0.7853
28.16,8.28051,8.29778,-4.69358,-4.67531,0.940304,0.946549,-1.68441,-1.69246,-1.09384,-1.11291,-0.248609,-0.252027,-0.172375,-0.17431,0.0675729,0.0672346,0.7853,0.781235,-0.0159187,-0.00968766,0.0386699,0.0486363,3.66782e-08,-0.00117885,8.28051,-4.69358,0.940304,-0.172375,0.0675729,0.7853
28.17,8.26363,8.28081,-4.70443,-4.68636,0.937821,0.944029,-1.69185,-1.70003,-1.07694,-1.096,-0.248105,-0.251523,-0.172531,-0.174465,0.0679576,0.0676555,0.7853,0.781209,-0.0154529,-0.00918511,0.0382816,0.0482568,3.6001e-08,-0.00117303,8.26363,-4.70443,0.937821,-0.172531,0.0679576,0.7853
28.18,8.24667,8.26377,-4.71511,-4.69724,0.935342,0.941513,-1.69927,-1.70758,-1.05999,-1.07906,-0.247598,-0.251019,-0.172684,-0.174615,0.0683385,0.0680733,0.7853,0.781181,-0.0149865,-0.00867844,0.0378922,0.0478752,3.53253e-08,-0.00116614,8.24667,-4.71511,0.935342,-0.172684,0.0683385,0.7853
28.19,8.22964,8.24665,-4.72563,-4.70796,0.932869,0.938998,-1.70668,-1.71512,-1.04301,-1.06206,-0.247088,-0.250514,-0.172831,-0.174759,0.0687155,0.0684879,0.7853,0.781151,-0.0145196,-0.00816911,0.037502,0.0474907,3.46514e-08,-0.00115819,8.22964,-4.72563,0.932869,-0.172831,0.0687155,0.7853
28.2,8.21254,8.22945,-4.73597,-4.71851,0.930401,0.936487,-1.71407,-1.72265,-1.02599,-1.04502,-0.246577,-0.250009,-0.172974,-0.174898,0.0690885,0.0688993,0.7853,0.781121,-0.014052,-0.0076556,0.0371107,0.0471046,3.39793e-08,-0.00114933,8.21254,-4.73597,0.930401,-0.172974,0.0690885,0.7853
28.21,8.19536,8.21218,-4.74615,-4.72889,0.927937,0.933979,-1.72145,-1.73016,-1.00893,-1.02794,-0.246063,-0.249504,-0.173112,-0.175032,0.0694577,0.0693076,0.7853,0.781089,-0.0135839,-0.00713863,0.0367186,0.0467163,3.33092e-08,-0.00113967,8.19536,-4.74615,0.927937,-0.173112,0.0694577,0.7853
28.22,8.17811,8.19482,-4.75615,-4.73911,0.925479,0.931473,-1.72881,-1.73765,-0.991841,-1.01081,-0.245547,-0.249,-0.173246,-0.175159,0.0698229,0.0697124,0.7853,0.781056,-0.0131152,-0.00661789,0.0363255,0.0463248,3.26411e-08,-0.00112922,8.17811,-4.75615,0.925479,-0.173246,0.0698229,0.7853
28.23,8.16078,8.17739,-4.76599,-4.74917,0.923027,0.928969,-1.73616,-1.74513,-0.974713,-0.993634,-0.245029,-0.248495,-0.173374,-0.175282,0.0701842,0.0701141,0.7853,0.781023,-0.012646,-0.00609365,0.0359315,0.0459308,3.19752e-08,-0.00111791,8.16078,-4.76599,0.923027,-0.173374,0.0701842,0.7853
28.24,8.14338,8.15987,-4.77565,-4.75905,0.920579,0.926468,-1.74349,-1.7526,-0.95755,-0.976414,-0.244508,-0.24799,-0.173499,-0.175398,0.0705415,0.0705127,0.7853,0.780988,-0.0121762,-0.00556556,0.0355367,0.0455338,3.13114e-08,-0.00110602,8.14338,-4.77565,0.920579,-0.173499,0.0705415,0.7853
28.25,8.12591,8.14228,-4.78514,-4.76877,0.918136,0.92397,-1.75081,-1.76005,-0.940352,-0.959153,-0.243986,-0.247485,-0.173618,-0.175508,0.0708949,0.0709079,0.7853,0.780953,-0.0117059,-0.00503473,0.0351409,0.0451346,3.065e-08,-0.0010937,8.12591,-4.78514,0.918136,-0.173618,0.0708949,0.7853
28.26,8.10837,8.1246,-4.79445,-4.77832,0.915699,0.921474,-1.75811,-1.76748,-0.923121,-0.941845,-0.243461,-0.246981,-0.173733,-0.175611,0.0712444,0.0712999,0.7853,0.780916,-0.011235,-0.00449931,0.0347443,0.044732,2.9991e-08,-0.00108078,8.10837,-4.79445,0.915699,-0.173733,0.0712444,0.7853
28.27,8.09075,8.10685,-4.8036,-4.7877,0.913267,0.918981,-1.76539,-1.7749,-0.905856,-0.924496,-0.242934,-0.246476,-0.173843,-0.175708,0.0715898,0.0716885,0.7853,0.780879,-0.0107637,-0.00396124,0.0343469,0.0443264,2.93344e-08,-0.00106752,8.09075,-4.8036,0.913267,-0.173843,0.0715898,0.7853
28.28,8.07306,8.08902,-4.81257,-4.79691,0.91084,0.91649,-1.77266,-1.7823,-0.888559,-0.907107,-0.242405,-0.245973,-0.173948,-0.175799,0.0719313,0.0720737,0.7853,0.780842,-0.0102919,-0.00341924,0.0339486,0.0439178,2.86805e-08,-0.00105388,8.07306,-4.81257,0.91084,-0.173948,0.0719313,0.7853
28.29,8.0553,8.07111,-4.82137,-4.80594,0.908419,0.914002,-1.77991,-1.78968,-0.87123,-0.889674,-0.241874,-0.245468,-0.174049,-0.175882,0.0722688,0.0724557,0.7853,0.780804,-0.00981955,-0.00287442,0.0335495,0.0435059,2.80292e-08,-0.00104007,8.0553,-4.82137,0.908419,-0.174049,0.0722688,0.7853
28.3,8.03746,8.05311,-4.83,-4.81481,0.906003,0.911517,-1.78715,-1.79704,-0.85387,-0.872203,-0.24134,-0.244965,-0.174144,-0.175959,0.0726023,0.0728342,0.7853,0.780766,-0.00934676,-0.00232661,0.0331496,0.0430909,2.73807e-08,-0.00102603,8.03746,-4.83,0.906003,-0.174144,0.0726023,0.7853
28.31,8.01956,8.03504,-4.83845,-4.8235,0.903592,0.909034,-1.79437,-1.80439,-0.836479,-0.85469,-0.240804,-0.244461,-0.174235,-0.176029,0.0729318,0.0732093,0.7853,0.780727,-0.00887353,-0.0017766,0.0327489,0.0426721,2.6735e-08,-0.00101204,8.01956,-4.83845,0.903592,-0.174235,0.0729318,0.7853
28.32,8.00158,8.01689,-4.84672,-4.83202,0.901187,0.906554,-1.80157,-1.81172,-0.819058,-0.837138,-0.240267,-0.243958,-0.174322,-0.17609,0.0732573,0.0735811,0.7853,0.780688,-0.00839984,-0.00122339,0.0323474,0.04225,2.60922e-08,-0.000997961,8.00158,-4.84672,0.901187,-0.174322,0.0732573,0.7853
28.33,7.98352,7.99866,-4.85483,-4.84036,0.898787,0.904077,-1.80876,-1.81902,-0.801607,-0.819549,-0.239727,-0.243454,-0.174403,-0.176145,0.0735787,0.0739493,0.7853,0.780649,-0.00792572,-0.000667535,0.0319452,0.0418248,2.54525e-08,-0.000984192,7.98352,-4.85483,0.898787,-0.174403,0.0735787,0.7853
28.34,7.9654,7.98035,-4.86276,-4.84854,0.896392,0.901603,-1.81593,-1.82631,-0.784128,-0.80192,-0.239184,-0.242951,-0.17448,-0.176192,0.0738962,0.0743142,0.7853,0.780609,-0.00745117,-0.00011006,0.0315422,0.0413955,2.48158e-08,-0.000970468,7.9654,-4.86276,0.896392,-0.17448,0.0738962,0.7853
28.35,7.94721,7.96196,-4.87051,-4.85653,0.894003,0.899132,-1.82309,-1.83357,-0.766621,-0.784256,-0.23864,-0.242447,-0.174552,-0.176231,0.0742096,0.0746754,0.7853,0.78057,-0.00697622,0.000449471,0.0311385,0.0409631,2.41822e-08,-0.000957176,7.94721,-4.87051,0.894003,-0.174552,0.0742096,0.7853
28.36,7.92894,7.9435,-4.87809,-4.86435,0.89162,0.896664,-1.83022,-1.84081,-0.749086,-0.766557,-0.238094,-0.241943,-0.17462,-0.176262,0.0745189,0.075033,0.7853,0.78053,-0.00650086,0.00101075,0.0307341,0.0405268,2.35519e-08,-0.000944138,7.92894,-4.87809,0.89162,-0.17462,0.0745189,0.7853
28.37,7.9106,7.92495,-4.88549,-4.87199,0.889241,0.894199,-1.83735,-1.84803,-0.731524,-0.748824,-0.237545,-0.241439,-0.174682,-0.176285,0.0748242,0.0753871,0.7853,0.780491,-0.00602512,0.00157329,0.030329,0.040087,2.29249e-08,-0.00093165,7.9106,-4.88549,0.889241,-0.174682,0.0748242,0.7853
28.38,7.89219,7.90634,-4.89272,-4.87945,0.886869,0.891739,-1.84445,-1.85523,-0.713936,-0.731061,-0.236994,-0.240935,-0.17474,-0.1763,0.0751255,0.0757376,0.7853,0.780452,-0.00554898,0.00213737,0.0299232,0.0396443,2.23013e-08,-0.000919729,7.89219,-4.89272,0.886869,-0.17474,0.0751255,0.7853
28.39,7.87371,7.88764,-4.89977,-4.88673,0.884501,0.889281,-1.85154,-1.8624,-0.696322,-0.713265,-0.236441,-0.24043,-0.174793,-0.176306,0.0754227,0.0760841,0.7853,0.780413,-0.0050725,0.00270204,0.0295168,0.0391979,2.16811e-08,-0.000908479,7.87371,-4.89977,0.884501,-0.174793,0.0754227,0.7853
28.4,7.85516,7.86887,-4.90665,-4.89384,0.88214,0.886828,-1.85862,-1.86955,-0.678684,-0.695438,-0.235886,-0.239924,-0.174842,-0.176304,0.0757158,0.076427,0.7853,0.780375,-0.00459565,0.00326703,0.0291096,0.0387478,2.10645e-08,-0.000897899,7.85516,-4.90665,0.88214,-0.174842,0.0757158,0.7853
28.41,7.83654,7.85002,-4.91334,-4.90076,0.879784,0.884377,-1.86567,-1.87667,-0.661021,-0.677579,-0.235329,-0.239418,-0.174885,-0.176293,0.0760049,0.0767662,0.7853,0.780336,-0.00411847,0.00383326,0.0287019,0.0382941,2.04514e-08,-0.000888214,7.83654,-4.91334,0.879784,-0.174885,0.0760049,0.7853
28.42,7.81785,7.83109,-4.91987,-4.9075,0.877433,0.881932,-1.87271,-1.88376,-0.643334,-0.659694,-0.23477,-0.238911,-0.174924,-0.176273,0.0762899,0.0771015,0.7853,0.780298,-0.00364094,0.00439804,0.0282935,0.0378365,1.9842e-08,-0.000879392,7.81785,-4.91987,0.877433,-0.174924,0.0762899,0.7853
28.43,7.79909,7.8121,-4.92621,-4.91406,0.875088,0.87949,-1.87973,-1.89083,-0.625624,-0.641785,-0.234209,-0.238402,-0.174958,-0.176245,0.0765708,0.0774329,0.7853,0.780261,-0.0031631,0.00496308,0.0278845,0.0373765,1.92363e-08,-0.000871599,7.79909,-4.92621,0.875088,-0.174958,0.0765708,0.7853
28.44,7.78025,7.79302,-4.93238,-4.92044,0.872749,0.877054,-1.88674,-1.89787,-0.607891,-0.623847,-0.233645,-0.237892,-0.174987,-0.176207,0.0768476,0.0777603,0.7853,0.780224,-0.00268495,0.00552762,0.0274749,0.0369132,1.86344e-08,-0.000864774,7.78025,-4.93238,0.872749,-0.174987,0.0768476,0.7853
28.45,7.76135,7.77387,-4.93837,-4.92664,0.870415,0.874621,-1.89373,-1.90488,-0.590137,-0.605886,-0.23308,-0.237381,-0.175012,-0.17616,0.0771203,0.0780838,0.7853,0.780188,-0.0022065,0.00609161,0.0270648,0.0364471,1.80363e-08,-0.000859171,7.76135,-4.93837,0.870415,-0.175012,0.0771203,0.7853
28.46,7.74238,7.75466,-4.94418,-4.93265,0.868087,0.872194,-1.9007,-1.91185,-0.572361,-0.58791,-0.232512,-0.236869,-0.175032,-0.176104,0.0773889,0.0784031,0.7853,0.780152,-0.00172776,0.00665409,0.026654,0.0359779,1.74422e-08,-0.000854731,7.74238,-4.94418,0.868087,-0.175032,0.0773889,0.7853
28.47,7.72334,7.73537,-4.94982,-4.93848,0.865765,0.869772,-1.90765,-1.91881,-0.554565,-0.569905,-0.231942,-0.236354,-0.175046,-0.176039,0.0776533,0.0787185,0.7853,0.780117,-0.00124875,0.00721525,0.0262428,0.0355061,1.6852e-08,-0.000851423,7.72334,-4.94982,0.865765,-0.175046,0.0776533,0.7853
28.48,7.70423,7.71601,-4.95527,-4.94413,0.863449,0.867355,-1.91459,-1.92572,-0.536749,-0.551884,-0.23137,-0.235837,-0.175057,-0.175965,0.0779137,0.0790296,0.7853,0.780083,-0.000769472,0.00777439,0.0258309,0.0350316,1.62658e-08,-0.000849545,7.70423,-4.95527,0.863449,-0.175057,0.0779137,0.7853
28.49,7.68504,7.69658,-4.96055,-4.94959,0.861138,0.864944,-1.92151,-1.93261,-0.518913,-0.533845,-0.230796,-0.235318,-0.175062,-0.175881,0.07817,0.0793365,0.7853,0.78005,-0.000289949,0.00833194,0.0254186,0.0345549,1.56837e-08,-0.000849038,7.68504,-4.96055,0.861138,-0.175062,0.07817,0.7853
28.5,7.6658,7.67708,-4.96565,-4.95487,0.858833,0.862538,-1.92841,-1.93947,-0.501059,-0.51579,-0.23022,-0.234797,-0.175062,-0.175789,0.0784221,0.0796392,0.7853,0.780017,0.000189828,0.00888663,0.0250058,0.0340763,1.51058e-08,-0.000849843,7.6658,-4.96565,0.858833,-0.175062,0.0784221,0.7853
28.51,7.64648,7.65751,-4.97057,-4.95996,0.856533,0.860139,-1.9353,-1.94629,-0.483187,-0.49772,-0.229642,-0.234273,-0.175058,-0.175686,0.0786701,0.0799376,0.7853,0.779985,0.000669823,0.00943955,0.0245924,0.0335952,1.4532e-08,-0.000852168,7.64648,-4.97057,0.856533,-0.175058,0.0786701,0.7853
28.52,7.62709,7.63788,-4.97531,-4.96487,0.85424,0.857745,-1.94217,-1.95308,-0.465298,-0.479637,-0.229062,-0.233745,-0.175049,-0.175575,0.0789139,0.0802317,0.7853,0.779954,0.00115005,0.00998941,0.0241786,0.0331126,1.39625e-08,-0.000855878,7.62709,-4.97531,0.85424,-0.175049,0.0789139,0.7853
28.53,7.60763,7.61818,-4.97988,-4.9696,0.851952,0.855358,-1.94902,-1.95984,-0.447391,-0.461538,-0.22848,-0.233215,-0.175035,-0.175455,0.0791536,0.0805214,0.7853,0.779924,0.00163047,0.0105367,0.0237643,0.0326288,1.33973e-08,-0.000861183,7.60763,-4.97988,0.851952,-0.175035,0.0791536,0.7853
28.54,7.58811,7.59841,-4.98426,-4.97413,0.84967,0.852978,-1.95585,-1.96657,-0.429469,-0.443432,-0.227896,-0.232681,-0.175016,-0.175325,0.0793892,0.0808067,0.7853,0.779896,0.00211111,0.011081,0.0233496,0.0321438,1.28364e-08,-0.000867978,7.58811,-4.98426,0.84967,-0.175016,0.0793892,0.7853
28.55,7.56852,7.57858,-4.98847,-4.97849,0.847394,0.850605,-1.96267,-1.97325,-0.411531,-0.425322,-0.227309,-0.232144,-0.174993,-0.175185,0.0796206,0.0810874,0.7853,0.779868,0.00259191,0.0116228,0.0229345,0.0316584,1.22799e-08,-0.000876367,7.56852,-4.98847,0.847394,-0.174993,0.0796206,0.7853
28.56,7.54886,7.55868,-4.99249,-4.98266,0.845124,0.848238,-1.96947,-1.97991,-0.393578,-0.407199,-0.226721,-0.231603,-0.174965,-0.175037,0.0798479,0.0813637,0.7853,0.779841,0.0030729,0.0121606,0.0225189,0.0311713,1.17279e-08,-0.000886261,7.54886,-4.99249,0.845124,-0.174965,0.0798479,0.7853
28.57,7.52913,7.53871,-4.99634,-4.98665,0.84286,0.84588,-1.97625,-1.98653,-0.375611,-0.38907,-0.226131,-0.231057,-0.174931,-0.17488,0.080071,0.0816357,0.7853,0.779815,0.00355405,0.0126956,0.0221029,0.0306842,1.11803e-08,-0.000897691,7.52913,-4.99634,0.84286,-0.174931,0.080071,0.7853
28.58,7.50933,7.51869,-5,-4.99046,0.840602,0.843528,-1.98301,-1.99312,-0.357631,-0.370935,-0.225538,-0.230508,-0.174893,-0.174714,0.08029,0.081903,0.7853,0.779791,0.00403536,0.013227,0.0216865,0.0301973,1.06373e-08,-0.000910714,7.50933,-5,0.840602,-0.174893,0.08029,0.7853
28.59,7.48947,7.4986,-5.00349,-4.99407,0.838349,0.841185,-1.98976,-1.99967,-0.339638,-0.352799,-0.224944,-0.229954,-0.174851,-0.174539,0.0805047,0.0821657,0.7853,0.779768,0.00451679,0.0137549,0.0212698,0.0297102,1.00988e-08,-0.000925183,7.48947,-5.00349,0.838349,-0.174851,0.0805047,0.7853
28.6,7.46954,7.47845,-5.0068,-4.99751,0.836103,0.838849,-1.99648,-2.00618,-0.321632,-0.33466,-0.224347,-0.229394,-0.174803,-0.174355,0.0807154,0.0824238,0.7853,0.779746,0.00499837,0.0142789,0.0208527,0.0292242,9.56499e-09,-0.000941113,7.46954,-5.0068,0.836103,-0.174803,0.0807154,0.7853
28.61,7.44954,7.45823,-5.00992,-5.00076,0.833862,0.836522,-2.00319,-2.01266,-0.303615,-0.316518,-0.223749,-0.22883,-0.174751,-0.174162,0.0809218,0.0826773,0.7853,0.779725,0.00548006,0.0147999,0.0204353,0.0287386,9.03581e-09,-0.000958532,7.44954,-5.00992,0.833862,-0.174751,0.0809218,0.7853
28.62,7.42947,7.43796,-5.01287,-5.00383,0.831628,0.834203,-2.00989,-2.01911,-0.285587,-0.298377,-0.223148,-0.228261,-0.174693,-0.173962,0.0811241,0.0829262,0.7853,0.779706,0.00596186,0.0153179,0.0200175,0.028254,8.51133e-09,-0.000977382,7.42947,-5.01287,0.831628,-0.174693,0.0811241,0.7853
28.63,7.40934,7.41763,-5.01564,-5.00672,0.829399,0.831893,-2.01656,-2.02552,-0.267548,-0.280242,-0.222546,-0.227686,-0.174631,-0.173752,0.0813221,0.0831703,0.7853,0.779688,0.00644375,0.0158322,0.0195994,0.0277712,7.99158e-09,-0.000997782,7.40934,-5.01564,0.829399,-0.174631,0.0813221,0.7853
28.64,7.38914,7.39723,-5.01822,-5.00943,0.827177,0.829591,-2.02321,-2.0319,-0.2495,-0.262106,-0.221941,-0.227106,-0.174565,-0.173535,0.081516,0.0834099,0.7853,0.779671,0.00692574,0.0163438,0.019181,0.02729,7.4766e-09,-0.0010194,7.38914,-5.01822,0.827177,-0.174565,0.081516,0.7853
28.65,7.36888,7.37677,-5.02063,-5.01195,0.82496,0.827298,-2.02985,-2.03824,-0.231443,-0.243971,-0.221334,-0.226519,-0.174493,-0.17331,0.0817058,0.0836448,0.7853,0.779656,0.00740779,0.0168522,0.0187624,0.0268104,6.96643e-09,-0.00104222,7.36888,-5.02063,0.82496,-0.174493,0.0817058,0.7853
28.66,7.34854,7.35626,-5.02285,-5.01429,0.82275,0.825014,-2.03647,-2.04454,-0.213377,-0.225843,-0.220726,-0.225927,-0.174416,-0.173076,0.0818913,0.0838751,0.7853,0.779642,0.00788992,0.0173572,0.0183434,0.0263332,6.46109e-09,-0.0010663,7.34854,-5.02285,0.82275,-0.174416,0.0818913,0.7853
28.67,7.32815,7.33568,-5.02489,-5.01645,0.820546,0.82274,-2.04307,-2.05082,-0.195304,-0.207718,-0.220115,-0.225328,-0.174335,-0.172836,0.0820726,0.0841007,0.7853,0.77963,0.00837208,0.0178594,0.0179242,0.0258581,5.96063e-09,-0.00109152,7.32815,-5.02489,0.820546,-0.174335,0.0820726,0.7853
28.68,7.30768,7.31505,-5.02676,-5.01843,0.818348,0.820474,-2.04965,-2.05706,-0.177223,-0.1896,-0.219503,-0.224723,-0.174249,-0.172587,0.0822498,0.0843217,0.7853,0.779619,0.0088543,0.0183591,0.0175048,0.025386,5.46507e-09,-0.00111778,7.30768,-5.02676,0.818348,-0.174249,0.0822498,0.7853
28.69,7.28715,7.29435,-5.02844,-5.02023,0.816156,0.818218,-2.05622,-2.06326,-0.159136,-0.171491,-0.218888,-0.224111,-0.174158,-0.172332,0.0824227,0.0845381,0.7853,0.77961,0.00933653,0.018857,0.0170852,0.0249163,4.97444e-09,-0.00114506,7.28715,-5.02844,0.816156,-0.174158,0.0824227,0.7853
28.7,7.26656,7.2736,-5.02994,-5.02186,0.81397,0.815972,-2.06276,-2.06944,-0.141044,-0.153387,-0.218272,-0.223492,-0.174062,-0.17207,0.0825915,0.0847497,0.7853,0.779602,0.0098188,0.0193527,0.0166653,0.02445,4.48878e-09,-0.00117323,7.26656,-5.02994,0.81397,-0.174062,0.0825915,0.7853
28.71,7.2459,7.25279,-5.03126,-5.02329,0.81179,0.813736,-2.06929,-2.07557,-0.122946,-0.1353,-0.217654,-0.222867,-0.173962,-0.1718,0.082756,0.0849565,0.7853,0.779596,0.0103011,0.0198458,0.0162452,0.0239869,4.0081e-09,-0.00120217,7.2459,-5.03126,0.81179,-0.173962,0.082756,0.7853
28.72,7.22517,7.23192,-5.0324,-5.02456,0.809617,0.811509,-2.0758,-2.08168,-0.104843,-0.117219,-0.217033,-0.222234,-0.173856,-0.171524,0.0829164,0.0851589,0.7853,0.779591,0.0107833,0.0203374,0.015825,0.0235265,3.53244e-09,-0.00123191,7.22517,-5.0324,0.809617,-0.173856,0.0829164,0.7853
28.73,7.20438,7.21099,-5.03336,-5.02564,0.80745,0.809291,-2.08229,-2.08776,-0.0867373,-0.0991433,-0.216411,-0.221595,-0.173746,-0.171242,0.0830725,0.0853566,0.7853,0.779588,0.0112656,0.0208275,0.0154046,0.02307,3.06183e-09,-0.00126219,7.20438,-5.03336,0.80745,-0.173746,0.0830725,0.7853
28.74,7.18353,7.19001,-5.03413,-5.02654,0.805289,0.807084,-2.08876,-2.0938,-0.0686278,-0.0810833,-0.215787,-0.220948,-0.173631,-0.170954,0.0832245,0.0855497,0.7853,0.779586,0.0117478,0.0213174,0.014984,0.022617,2.59628e-09,-0.00129312,7.18353,-5.03413,0.805289,-0.173631,0.0832245,0.7853
28.75,7.16261,7.16896,-5.03473,-5.02727,0.803134,0.804886,-2.09521,-2.09981,-0.0505159,-0.0630332,-0.21516,-0.220294,-0.173511,-0.17066,0.0833722,0.0857381,0.7853,0.779586,0.01223,0.0218058,0.0145633,0.0221671,2.13582e-09,-0.00132436,7.16261,-5.03473,0.803134,-0.173511,0.0833722,0.7853
28.76,7.14162,7.14785,-5.03514,-5.02782,0.800986,0.802698,-2.10164,-2.10579,-0.032402,-0.0449966,-0.214532,-0.219632,-0.173386,-0.17036,0.0835157,0.0859218,0.7853,0.779588,0.0127121,0.022294,0.0141425,0.0217208,1.68046e-09,-0.00135592,7.14162,-5.03514,0.800986,-0.173386,0.0835157,0.7853
28.77,7.12057,7.12669,-5.03538,-5.02819,0.798843,0.80052,-2.10806,-2.11174,-0.0142868,-0.0269709,-0.213902,-0.218963,-0.173257,-0.170054,0.0836551,0.086101,0.7853,0.779592,0.0131942,0.0227817,0.0137216,0.0212776,1.23024e-09,-0.00138769,7.12057,-5.03538,0.798843,-0.173257,0.0836551,0.7853
28.78,7.09946,7.10546,-5.03543,-5.02838,0.796708,0.798351,-2.11446,-2.11766,0.00382891,-0.00895622,-0.21327,-0.218286,-0.173122,-0.169743,0.0837902,0.0862754,0.7853,0.779597,0.0136762,0.0232699,0.0133005,0.0208376,7.85173e-10,-0.00141959,7.09946,-5.03543,0.796708,-0.173122,0.0837902,0.7853
28.79,7.07829,7.08418,-5.0353,-5.02839,0.794578,0.796192,-2.12083,-2.12355,0.0219446,0.00903988,-0.212636,-0.217601,-0.172983,-0.169428,0.0839211,0.0864452,0.7853,0.779603,0.0141581,0.023758,0.0128794,0.0204015,3.45271e-10,-0.00145134,7.07829,-5.0353,0.794578,-0.172983,0.0839211,0.7853
28.8,7.05704,7.06284,-5.03499,-5.02823,0.792455,0.794042,-2.12719,-2.12941,0.0400597,0.0270229,-0.212,-0.21691,-0.172839,-0.169107,0.0840478,0.0866102,0.7853,0.779611,0.01464,0.0242467,0.0124583,0.0199678,-8.94451e-11,-0.00148308,7.05704,-5.03499,0.792455,-0.172839,0.0840478,0.7853
28.81,7.03574,7.04144,-5.0345,-5.02789,0.790338,0.791903,-2.13353,-2.13524,0.0581734,0.044993,-0.211363,-0.21621,-0.17269,-0.168782,0.0841702,0.0867707,0.7853,0.779621,0.0151217,0.024737,0.0120371,0.019537,-5.1896e-10,-0.00151466,7.03574,-5.0345,0.790338,-0.17269,0.0841702,0.7853
28.82,7.01437,7.01999,-5.03383,-5.02737,0.788228,0.789772,-2.13985,-2.14103,0.0762851,0.0629479,-0.210723,-0.215504,-0.172537,-0.168452,0.0842885,0.0869264,0.7853,0.779631,0.0156033,0.0252279,0.0116158,0.0191087,-9.43259e-10,-0.00154585,7.01437,-5.03383,0.788228,-0.172537,0.0842885,0.7853
28.83,6.99294,6.99847,-5.03297,-5.02667,0.786124,0.78765,-2.14615,-2.14681,0.0943942,0.0808915,-0.210082,-0.214789,-0.172378,-0.168118,0.0844025,0.0870774,0.7853,0.779644,0.0160848,0.0257207,0.0111946,0.0186822,-1.36233e-09,-0.00157665,6.99294,-5.03297,0.786124,-0.172378,0.0844025,0.7853
28.84,6.97145,6.97689,-5.03194,-5.0258,0.784026,0.785538,-2.15243,-2.15255,0.1125,0.0988168,-0.209438,-0.214067,-0.172215,-0.167779,0.0845124,0.0872235,0.7853,0.779658,0.0165661,0.0262157,0.0107733,0.018258,-1.77615e-09,-0.00160688,6.97145,-5.03194,0.784026,-0.172215,0.0845124,0.7853
28.85,6.9499,6.95526,-5.03072,-5.02475,0.781935,0.783435,-2.15869,-2.15826,0.130602,0.116728,-0.208793,-0.213338,-0.172047,-0.167436,0.084618,0.0873648,0.7853,0.779673,0.0170473,0.0267122,0.010352,0.017836,-2.18473e-09,-0.0016364,6.9499,-5.03072,0.781935,-0.172047,0.084618,0.7853
28.86,6.92828,6.93356,-5.02933,-5.02352,0.77985,0.781341,-2.16494,-2.16394,0.148699,0.134624,-0.208146,-0.212601,-0.171874,-0.16709,0.0847194,0.0875013,0.7853,0.779689,0.0175284,0.0272108,0.00993079,0.0174149,-2.58803e-09,-0.00166531,6.92828,-5.02933,0.77985,-0.171874,0.0847194,0.7853
28.87,6.9066,6.91181,-5.02775,-5.02212,0.777772,0.779254,-2.17116,-2.1696,0.166791,0.152505,-0.207496,-0.211858,-0.171697,-0.16674,0.0848166,0.0876329,0.7853,0.779706,0.0180092,0.0277122,0.00950959,0.0169944,-2.98607e-09,-0.00169334,6.9066,-5.02775,0.777772,-0.171697,0.0848166,0.7853
28.88,6.88485,6.88999,-5.02599,-5.02053,0.7757,0.777177,-2.17736,-2.17522,0.184877,0.170369,-0.206846,-0.211107,-0.171514,-0.166386,0.0849096,0.0877595,0.7853,0.779724,0.0184899,0.028216,0.00908845,0.0165751,-3.37882e-09,-0.00172037,6.88485,-5.02599,0.7757,-0.171514,0.0849096,0.7853
28.89,6.86305,6.86812,-5.02405,-5.01877,0.773635,0.775107,-2.18355,-2.18082,0.202957,0.188217,-0.206193,-0.210349,-0.171327,-0.166029,0.0849984,0.087881,0.7853,0.779744,0.0189704,0.0287226,0.00866738,0.0161554,-3.76628e-09,-0.0017464,6.86305,-5.02405,0.773635,-0.171327,0.0849984,0.7853
28.9,6.84118,6.84619,-5.02193,-5.01683,0.771576,0.773046,-2.18971,-2.18639,0.22103,0.206049,-0.205538,-0.209585,-0.171135,-0.165668,0.085083,0.0879975,0.7853,0.779764,0.0194507,0.0292317,0.00824639,0.0157356,-4.14845e-09,-0.00177117,6.84118,-5.02193,0.771576,-0.171135,0.085083,0.7853
28.91,6.81926,6.82419,-5.01963,-5.01471,0.769524,0.770992,-2.19586,-2.19193,0.239094,0.223871,-0.204882,-0.208814,-0.170938,-0.165303,0.0851633,0.0881088,0.7853,0.779785,0.0199307,0.0297449,0.00782551,0.0153151,-4.52531e-09,-0.00179492,6.81926,-5.01963,0.769524,-0.170938,0.0851633,0.7853
28.92,6.79727,6.80214,-5.01715,-5.01242,0.767479,0.768946,-2.20198,-2.19744,0.257151,0.241673,-0.204223,-0.208036,-0.170736,-0.164935,0.0852395,0.0882149,0.7853,0.779806,0.0204106,0.0302609,0.00740473,0.0148932,-4.89687e-09,-0.00181724,6.79727,-5.01715,0.767479,-0.170736,0.0852395,0.7853
28.93,6.77522,6.78003,-5.01449,-5.00995,0.76544,0.766907,-2.20809,-2.20292,0.275198,0.259459,-0.203563,-0.207253,-0.17053,-0.164564,0.0853114,0.0883156,0.7853,0.779827,0.0208901,0.0307798,0.00698408,0.0144701,-5.26313e-09,-0.00183807,6.77522,-5.01449,0.76544,-0.17053,0.0853114,0.7853
28.94,6.75311,6.75786,-5.01165,-5.00729,0.763407,0.764875,-2.21417,-2.20837,0.293235,0.277234,-0.202901,-0.206464,-0.170318,-0.164189,0.0853792,0.0884111,0.7853,0.779849,0.0213695,0.0313025,0.00656358,0.0140443,-5.62407e-09,-0.00185741,6.75311,-5.01165,0.763407,-0.170318,0.0853792,0.7853
28.95,6.73093,6.73563,-5.00862,-5.00446,0.761382,0.762849,-2.22024,-2.21379,0.311262,0.294989,-0.202237,-0.205669,-0.170102,-0.16381,0.0854427,0.0885012,0.7853,0.779871,0.0218486,0.0318282,0.00614323,0.0136166,-5.9797e-09,-0.00187524,6.73093,-5.00862,0.761382,-0.170102,0.0854427,0.7853
28.96,6.7087,6.71335,-5.00542,-5.00145,0.759363,0.760831,-2.22628,-2.21917,0.329278,0.312725,-0.201572,-0.204869,-0.169881,-0.163428,0.085502,0.0885857,0.7853,0.779893,0.0223274,0.0323569,0.00572305,0.0131865,-6.33002e-09,-0.00189131,6.7087,-5.00542,0.759363,-0.169881,0.085502,0.7853
28.97,6.68641,6.691,-5.00204,-4.99826,0.75735,0.758819,-2.23231,-2.22453,0.347282,0.330447,-0.200904,-0.204063,-0.169656,-0.163042,0.0855572,0.0886647,0.7853,0.779915,0.0228059,0.0328898,0.00530306,0.0127532,-6.67503e-09,-0.00190565,6.68641,-5.00204,0.75735,-0.169656,0.0855572,0.7853
28.98,6.66405,6.6686,-4.99847,-4.99489,0.755345,0.756813,-2.23832,-2.22986,0.365274,0.348153,-0.200235,-0.203253,-0.169425,-0.162653,0.0856081,0.0887381,0.7853,0.779937,0.0232841,0.0334251,0.00488327,0.0123165,-7.01472e-09,-0.00191812,6.66405,-4.99847,0.755345,-0.169425,0.0856081,0.7853
28.99,6.64164,6.64614,-4.99473,-4.99134,0.753346,0.754813,-2.2443,-2.23516,0.383253,0.365844,-0.199564,-0.202438,-0.16919,-0.16226,0.0856548,0.0888058,0.7853,0.779957,0.023762,0.0339644,0.0044637,0.0118765,-7.34911e-09,-0.00192875,6.64164,-4.99473,0.753346,-0.16919,0.0856548,0.7853
29,6.61917,6.62362,-4.99081,-4.98761,0.751353,0.752819,-2.25027,-2.24042,0.401218,0.383513,-0.198891,-0.201619,-0.16895,-0.161863,0.0856974,0.0888678,0.7853,0.779977,0.0242396,0.0345057,0.00404435,0.0114325,-7.6782e-09,-0.00193727,6.61917,-4.99081,0.751353,-0.16895,0.0856974,0.7853
29.01,6.59664,6.60104,-4.98671,-4.9837,0.749368,0.750831,-2.25621,-2.24566,0.419169,0.401166,-0.198216,-0.200796,-0.168705,-0.161462,0.0857357,0.0889241,0.7853,0.779997,0.0247168,0.0350506,0.00362525,0.0109854,-8.00199e-09,-0.00194366,6.59664,-4.98671,0.749368,-0.168705,0.0857357,0.7853
29.02,6.57404,6.57841,-4.98243,-4.97962,0.747389,0.748848,-2.26214,-2.25086,0.437105,0.418801,-0.19754,-0.199969,-0.168456,-0.161057,0.0857699,0.0889747,0.7853,0.780015,0.0251937,0.0355979,0.00320641,0.0105338,-8.32048e-09,-0.001948,6.57404,-4.98243,0.747389,-0.168456,0.0857699,0.7853
29.03,6.55139,6.55572,-4.97797,-4.97535,0.745417,0.746871,-2.26804,-2.25602,0.455026,0.43642,-0.196861,-0.199138,-0.168201,-0.160647,0.0857998,0.0890194,0.7853,0.780032,0.0256703,0.0361484,0.00278785,0.0100783,-8.63369e-09,-0.00195013,6.55139,-4.97797,0.745417,-0.168201,0.0857998,0.7853
29.04,6.52868,6.53298,-4.97333,-4.9709,0.743452,0.744899,-2.27393,-2.26116,0.47293,0.454013,-0.196181,-0.198305,-0.167942,-0.160233,0.0858256,0.0890584,0.7853,0.780047,0.0261464,0.0367006,0.00236957,0.00961878,-8.94161e-09,-0.00194977,6.52868,-4.97333,0.743452,-0.167942,0.0858256,0.7853
29.05,6.50591,6.51017,-4.96851,-4.96627,0.741493,0.742933,-2.27979,-2.26626,0.490817,0.471589,-0.1955,-0.197468,-0.167678,-0.159815,0.0858472,0.0890916,0.7853,0.780061,0.0266222,0.0372555,0.0019516,0.00915621,-9.24426e-09,-0.00194725,6.50591,-4.96851,0.741493,-0.167678,0.0858472,0.7853
29.06,6.48309,6.48732,-4.96351,-4.96146,0.739542,0.740973,-2.28564,-2.27133,0.508687,0.489141,-0.194816,-0.196629,-0.16741,-0.159392,0.0858647,0.0891192,0.7853,0.780073,0.0270976,0.0378121,0.00153394,0.00868949,-9.54165e-09,-0.00194232,6.48309,-4.96351,0.739542,-0.16741,0.0858647,0.7853
29.07,6.4602,6.46441,-4.95833,-4.95647,0.737597,0.739018,-2.29146,-2.27636,0.526539,0.506672,-0.194131,-0.195788,-0.167136,-0.158963,0.0858779,0.0891408,0.7853,0.780084,0.0275726,0.0383708,0.00111661,0.00821955,-9.83379e-09,-0.0019349,6.4602,-4.95833,0.737597,-0.167136,0.0858779,0.7853
29.08,6.43726,6.44144,-4.95298,-4.9513,0.735659,0.737068,-2.29726,-2.28137,0.544372,0.524183,-0.193444,-0.194945,-0.166858,-0.15853,0.085887,0.089157,0.7853,0.780092,0.0280472,0.0389307,0.000699634,0.00774596,-1.01207e-08,-0.00192499,6.43726,-4.95298,0.735659,-0.166858,0.085887,0.7853
29.09,6.41426,6.41842,-4.94745,-4.94595,0.733728,0.735124,-2.30304,-2.28633,0.562186,0.541667,-0.192755,-0.1941,-0.166575,-0.158091,0.0858919,0.0891676,0.7853,0.780099,0.0285214,0.0394914,0.000283021,0.00727025,-1.04023e-08,-0.00191277,6.41426,-4.94745,0.733728,-0.166575,0.0858919,0.7853
29.1,6.3912,6.39535,-4.94173,-4.94042,0.731804,0.733185,-2.30881,-2.29127,0.579979,0.559126,-0.192064,-0.193253,-0.166288,-0.157647,0.0858927,0.0891726,0.7853,0.780103,0.0289951,0.0400539,-0.000133223,0.00679179,-1.06788e-08,-0.00189778,6.3912,-4.94173,0.731804,-0.166288,0.0858927,0.7853
29.11,6.36808,6.37223,-4.93585,-4.93472,0.729887,0.731253,-2.31455,-2.29616,0.597752,0.576556,-0.191372,-0.192405,-0.165996,-0.157197,0.0858892,0.0891722,0.7853,0.780105,0.0294684,0.0406163,-0.00054907,0.00631129,-1.095e-08,-0.00188044,6.36808,-4.93585,0.729887,-0.165996,0.0858892,0.7853
29.12,6.34491,6.34905,-4.92978,-4.92883,0.727977,0.729327,-2.32027,-2.30103,0.615504,0.593958,-0.190678,-0.191555,-0.165698,-0.156742,0.0858817,0.0891665,0.7853,0.780104,0.0299412,0.0411796,-0.000964518,0.00582914,-1.1216e-08,-0.00186056,6.34491,-4.92978,0.727977,-0.165698,0.0858817,0.7853
29.13,6.32168,6.32583,-4.92354,-4.92276,0.726073,0.727407,-2.32597,-2.30585,0.633233,0.611331,-0.189983,-0.190705,-0.165397,-0.156281,0.08587,0.0891557,0.7853,0.780101,0.0304135,0.0417421,-0.00137954,0.00534551,-1.14769e-08,-0.00183815,6.32168,-4.92354,0.726073,-0.165397,0.08587,0.7853
29.14,6.29839,6.30255,-4.91712,-4.91652,0.724177,0.725493,-2.33164,-2.31065,0.65094,0.628672,-0.189285,-0.189854,-0.16509,-0.155814,0.0858541,0.08914,0.7853,0.780096,0.0308853,0.0423046,-0.00179414,0.00486187,-1.17326e-08,-0.00181338,6.29839,-4.91712,0.724177,-0.16509,0.0858541,0.7853
29.15,6.27504,6.27922,-4.91052,-4.9101,0.722288,0.723586,-2.3373,-2.31541,0.668624,0.645983,-0.188586,-0.189002,-0.164779,-0.155341,0.0858341,0.0891193,0.7853,0.780088,0.0313567,0.0428663,-0.00220828,0.00437745,-1.19831e-08,-0.00178622,6.27504,-4.91052,0.722288,-0.164779,0.0858341,0.7853
29.16,6.25164,6.25584,-4.90374,-4.9035,0.720405,0.721685,-2.34294,-2.32013,0.686284,0.663259,-0.187885,-0.188149,-0.164463,-0.154862,0.0858099,0.0890938,0.7853,0.780077,0.0318275,0.0434265,-0.00262196,0.00389449,-1.22285e-08,-0.00175677,6.25164,-4.90374,0.720405,-0.164463,0.0858099,0.7853
29.17,6.22818,6.23242,-4.89679,-4.89672,0.71853,0.719792,-2.34855,-2.32482,0.703919,0.680501,-0.187183,-0.187296,-0.164142,-0.154377,0.0857816,0.089064,0.7853,0.780064,0.0322978,0.043986,-0.00303516,0.00341177,-1.24688e-08,-0.00172505,6.22818,-4.89679,0.71853,-0.164142,0.0857816,0.7853
29.18,6.20467,6.20895,-4.88966,-4.88977,0.716662,0.717906,-2.35415,-2.32947,0.72153,0.697704,-0.186479,-0.186442,-0.163817,-0.153885,0.0857492,0.0890297,0.7853,0.780049,0.0327675,0.0445436,-0.00344787,0.00293083,-1.2704e-08,-0.00169134,6.20467,-4.88966,0.716662,-0.163817,0.0857492,0.7853
29.19,6.1811,6.18542,-4.88236,-4.88264,0.7148,0.716028,-2.35972,-2.33408,0.739114,0.714871,-0.185773,-0.185588,-0.163487,-0.153387,0.0857127,0.0889912,0.7853,0.78003,0.0332368,0.0450987,-0.00386008,0.0024517,-1.29341e-08,-0.0016555,6.1811,-4.88236,0.7148,-0.163487,0.0857127,0.7853
29.2,6.15748,6.16186,-4.87488,-4.87533,0.712946,0.714158,-2.36527,-2.33866,0.756672,0.731994,-0.185065,-0.184733,-0.163152,-0.152884,0.085672,0.0889488,0.7853,0.780009,0.0337054,0.0456515,-0.00427176,0.00197545,-1.31592e-08,-0.001618,6.15748,-4.87488,0.712946,-0.163152,0.085672,0.7853
29.21,6.1338,6.13825,-4.86723,-4.86786,0.711099,0.712296,-2.3708,-2.34321,0.774203,0.749077,-0.184356,-0.183878,-0.162813,-0.152374,0.0856272,0.0889026,0.7853,0.779986,0.0341735,0.0462016,-0.00468291,0.00150223,-1.33792e-08,-0.00157888,6.1338,-4.86723,0.711099,-0.162813,0.0856272,0.7853
29.22,6.11006,6.11459,-4.8594,-4.86021,0.709259,0.710443,-2.37631,-2.34772,0.791707,0.766119,-0.183645,-0.183022,-0.162469,-0.151858,0.0855784,0.0888526,0.7853,0.77996,0.034641,0.0467482,-0.00509351,0.00103256,-1.35942e-08,-0.00153822,6.11006,-4.8594,0.709259,-0.162469,0.0855784,0.7853
29.23,6.08627,6.09089,-4.85139,-4.85238,0.707426,0.708599,-2.3818,-2.35219,0.809182,0.783115,-0.182933,-0.182165,-0.16212,-0.151336,0.0855254,0.0887993,0.7853,0.779932,0.0351079,0.0472924,-0.00550354,0.00056646,-1.38042e-08,-0.00149621,6.08627,-4.85139,0.707426,-0.16212,0.0855254,0.7853
29.24,6.06242,6.06715,-4.84321,-4.84439,0.7056,0.706764,-2.38727,-2.35662,0.826628,0.800067,-0.182219,-0.181308,-0.161767,-0.150809,0.0854683,0.0887426,0.7853,0.779901,0.0355741,0.047832,-0.005913,0.00010471,-1.40092e-08,-0.00145334,6.06242,-4.84321,0.7056,-0.161767,0.0854683,0.7853
29.25,6.03852,6.04336,-4.83486,-4.83622,0.703782,0.704937,-2.39272,-2.36102,0.844045,0.816973,-0.181503,-0.18045,-0.161409,-0.150276,0.0854071,0.0886829,0.7853,0.779868,0.0360398,0.0483675,-0.00632187,-0.000352211,-1.42093e-08,-0.00140962,6.03852,-4.83486,0.703782,-0.161409,0.0854071,0.7853
29.26,6.01457,6.01953,-4.82633,-4.82788,0.70197,0.703121,-2.39814,-2.36538,0.861431,0.833831,-0.180785,-0.179591,-0.161046,-0.149738,0.0853419,0.0886203,0.7853,0.779832,0.0365048,0.0488991,-0.00673013,-0.000804752,-1.44044e-08,-0.00136535,6.01457,-4.82633,0.70197,-0.161046,0.0853419,0.7853
29.27,5.99056,5.99566,-4.81763,-4.81937,0.700166,0.701315,-2.40354,-2.36971,0.878787,0.850641,-0.180066,-0.178731,-0.160679,-0.149194,0.0852725,0.0885547,0.7853,0.779795,0.0369692,0.0494259,-0.00713776,-0.0012521,-1.45947e-08,-0.00132075,5.99056,-4.81763,0.700166,-0.160679,0.0852725,0.7853
29.28,5.9665,5.97175,-4.80876,-4.81069,0.698369,0.699518,-2.40892,-2.37399,0.896111,0.867401,-0.179346,-0.177869,-0.160307,-0.148646,0.0851991,0.0884863,0.7853,0.779755,0.0374329,0.0499478,-0.00754476,-0.00169463,-1.478e-08,-0.00127622,5.9665,-4.80876,0.698369,-0.160307,0.0851991,0.7853
29.29,5.94238,5.94779,-4.79971,-4.80185,0.696579,0.697732,-2.41428,-2.37824,0.913403,0.884111,-0.178623,-0.177005,-0.15993,-0.148093,0.0851216,0.0884155,0.7853,0.779713,0.0378959,0.0504648,-0.00795111,-0.00213103,-1.49605e-08,-0.00123203,5.94238,-4.79971,0.696579,-0.15993,0.0851216,0.7853
29.3,5.91821,5.92381,-4.79049,-4.79284,0.694797,0.695956,-2.41962,-2.38245,0.930663,0.900765,-0.1779,-0.17614,-0.159549,-0.147536,0.0850401,0.0883422,0.7853,0.779669,0.0383582,0.0509766,-0.00835679,-0.00256269,-1.51362e-08,-0.00118846,5.91821,-4.79049,0.694797,-0.159549,0.0850401,0.7853
29.31,5.89399,5.89978,-4.7811,-4.78366,0.693021,0.694191,-2.42494,-2.38663,0.947889,0.917371,-0.177174,-0.175273,-0.159163,-0.146974,0.0849545,0.0882664,0.7853,0.779624,0.0388199,0.0514821,-0.0087618,-0.00298896,-1.53071e-08,-0.00114575,5.89399,-4.7811,0.693021,-0.159163,0.0849545,0.7853
29.32,5.86971,5.87571,-4.77153,-4.77431,0.691253,0.692435,-2.43023,-2.39077,0.965082,0.933926,-0.176447,-0.174403,-0.158772,-0.146409,0.0848649,0.0881881,0.7853,0.779577,0.0392808,0.0519826,-0.00916611,-0.00341021,-1.54732e-08,-0.00110421,5.86971,-4.77153,0.691253,-0.158772,0.0848649,0.7853
29.33,5.84539,5.85161,-4.7618,-4.76481,0.689492,0.690691,-2.4355,-2.39486,0.982239,0.950426,-0.175718,-0.173531,-0.158377,-0.145841,0.0847712,0.0881076,0.7853,0.779528,0.039741,0.0524766,-0.00956971,-0.00382695,-1.56345e-08,-0.00106418,5.84539,-4.7618,0.689492,-0.158377,0.0847712,0.7853
29.34,5.821,5.82747,-4.75189,-4.75513,0.687739,0.688957,-2.44075,-2.39892,0.999362,0.966872,-0.174988,-0.172656,-0.157977,-0.14527,0.0846735,0.0880248,0.7853,0.779478,0.0402005,0.0529651,-0.0099726,-0.00423867,-1.57912e-08,-0.00102606,5.821,-4.75189,0.687739,-0.157977,0.0846735,0.7853
29.35,5.79657,5.80329,-4.74181,-4.7453,0.685993,0.687234,-2.44598,-2.40294,1.01645,0.983266,-0.174256,-0.171778,-0.157573,-0.144695,0.0845717,0.0879394,0.7853,0.779427,0.0406592,0.053447,-0.0103747,-0.00464585,-1.59431e-08,-0.000990123,5.79657,-4.74181,0.685993,-0.157573,0.0845717,0.7853
29.36,5.77209,5.77907,-4.73156,-4.73529,0.684254,0.685522,-2.45119,-2.40693,1.0335,0.999606,-0.173523,-0.170896,-0.157164,-0.144119,0.084466,0.0878517,0.7853,0.779374,0.0411171,0.0539225,-0.0107761,-0.00504958,-1.60904e-08,-0.000956625,5.77209,-4.73156,0.684254,-0.157164,0.084466,0.7853
29.37,5.74755,5.75482,-4.72114,-4.72513,0.682522,0.68382,-2.45637,-2.41087,1.05051,1.01589,-0.172788,-0.170011,-0.156751,-0.143541,0.0843562,0.0877616,0.7853,0.77932,0.0415743,0.0543927,-0.0111768,-0.00544857,-1.6233e-08,-0.000925764,5.74755,-4.72114,0.682522,-0.156751,0.0843562,0.7853
29.38,5.72296,5.73053,-4.71055,-4.71481,0.680798,0.68213,-2.46154,-2.41478,1.06749,1.03212,-0.172051,-0.169122,-0.156333,-0.142961,0.0842424,0.087669,0.7853,0.779266,0.0420306,0.0548553,-0.0115766,-0.00584411,-1.6371e-08,-0.000898078,5.72296,-4.71055,0.680798,-0.156333,0.0842424,0.7853
29.39,5.69832,5.7062,-4.69979,-4.70432,0.679081,0.680449,-2.46668,-2.41865,1.08443,1.0483,-0.171313,-0.168228,-0.15591,-0.142379,0.0841247,0.0875738,0.7853,0.779211,0.0424862,0.0553123,-0.0119757,-0.00623772,-1.65044e-08,-0.000873625,5.69832,-4.69979,0.679081,-0.15591,0.0841247,0.7853
29.4,5.67362,5.68184,-4.68886,-4.69367,0.677372,0.678779,-2.4718,-2.42248,1.10133,1.06442,-0.170574,-0.167331,-0.155483,-0.141797,0.0840029,0.087476,0.7853,0.779155,0.0429409,0.055762,-0.0123739,-0.00662825,-1.66334e-08,-0.00085263,5.67362,-4.68886,0.677372,-0.155483,0.0840029,0.7853
29.41,5.64888,5.65744,-4.67776,-4.68286,0.67567,0.677119,-2.47689,-2.42628,1.11819,1.08049,-0.169833,-0.166428,-0.155051,-0.141213,0.0838772,0.0873753,0.7853,0.779099,0.0433949,0.0562058,-0.0127714,-0.00701662,-1.67577e-08,-0.000835478,5.64888,-4.67776,0.67567,-0.155051,0.0838772,0.7853
29.42,5.62409,5.63301,-4.6665,-4.67189,0.673975,0.67547,-2.48197,-2.43003,1.13501,1.09651,-0.16909,-0.165521,-0.154615,-0.14063,0.0837475,0.0872718,0.7853,0.779043,0.0438479,0.056643,-0.0131679,-0.00740353,-1.68776e-08,-0.000822321,5.62409,-4.6665,0.673975,-0.154615,0.0837475,0.7853
29.43,5.59924,5.60854,-4.65506,-4.66076,0.672288,0.67383,-2.48702,-2.43375,1.15178,1.11247,-0.168346,-0.164608,-0.154174,-0.140046,0.0836138,0.0871651,0.7853,0.778987,0.0443001,0.0570741,-0.0135637,-0.00778919,-1.69931e-08,-0.000813305,5.59924,-4.65506,0.672288,-0.154174,0.0836138,0.7853
29.44,5.57435,5.58403,-4.64346,-4.64947,0.670608,0.6722,-2.49205,-2.43744,1.16852,1.12838,-0.1676,-0.163689,-0.153729,-0.139462,0.0834762,0.0870554,0.7853,0.778932,0.0447515,0.0574988,-0.0139586,-0.00817446,-1.71041e-08,-0.000808761,5.57435,-4.64346,0.670608,-0.153729,0.0834762,0.7853
29.45,5.5494,5.55948,-4.63169,-4.63801,0.668936,0.67058,-2.49706,-2.44109,1.18522,1.14424,-0.166853,-0.162766,-0.153279,-0.138879,0.0833347,0.0869423,0.7853,0.778877,0.0452019,0.0579171,-0.0143526,-0.00855993,-1.72108e-08,-0.000808448,5.5494,-4.63169,0.668936,-0.153279,0.0833347,0.7853
29.46,5.52441,5.53491,-4.61976,-4.6264,0.667271,0.66897,-2.50204,-2.4447,1.20187,1.16004,-0.166104,-0.161836,-0.152825,-0.138296,0.0831892,0.0868258,0.7853,0.778822,0.0456514,0.0583299,-0.0147457,-0.00894496,-1.73131e-08,-0.000812814,5.52441,-4.61976,0.667271,-0.152825,0.0831892,0.7853
29.47,5.49936,5.51029,-4.60766,-4.61462,0.665614,0.667369,-2.507,-2.44827,1.21848,1.17579,-0.165354,-0.160901,-0.152366,-0.137714,0.0830398,0.0867056,0.7853,0.778768,0.0461001,0.0587363,-0.0151379,-0.00933135,-1.74111e-08,-0.000821829,5.49936,-4.60766,0.665614,-0.152366,0.0830398,0.7853
29.48,5.47427,5.48563,-4.59539,-4.60269,0.663964,0.665777,-2.51194,-2.45182,1.23505,1.19149,-0.164602,-0.159959,-0.151903,-0.137132,0.0828864,0.0865816,0.7853,0.778716,0.0465478,0.0591372,-0.0155292,-0.00971881,-1.75048e-08,-0.000835419,5.47427,-4.59539,0.663964,-0.151903,0.0828864,0.7853
29.49,5.44912,5.46094,-4.58295,-4.59059,0.662322,0.664194,-2.51686,-2.45532,1.25157,1.20713,-0.163849,-0.159012,-0.151435,-0.136552,0.0827292,0.0864538,0.7853,0.778665,0.0469945,0.0595326,-0.0159195,-0.0101076,-1.75942e-08,-0.000853822,5.44912,-4.58295,0.662322,-0.151435,0.0827292,0.7853
29.5,5.42393,5.43621,-4.57036,-4.57833,0.660687,0.66262,-2.52175,-2.4588,1.26805,1.22272,-0.163095,-0.158058,-0.150963,-0.135973,0.082568,0.0863219,0.7853,0.778616,0.0474403,0.0599226,-0.0163089,-0.0104989,-1.76795e-08,-0.000876769,5.42393,-4.57036,0.660687,-0.150963,0.082568,0.7853
29.51,5.39869,5.41144,-4.55759,-4.56592,0.65906,0.661055,-2.52663,-2.46224,1.28448,1.23826,-0.162338,-0.157098,-0.150487,-0.135395,0.082403,0.0861858,0.7853,0.778568,0.0478852,0.0603075,-0.0166973,-0.0108923,-1.77605e-08,-0.000904217,5.39869,-4.55759,0.65906,-0.150487,0.082403,0.7853
29.52,5.3734,5.38664,-4.54467,-4.55335,0.65744,0.659499,-2.53148,-2.46565,1.30087,1.25374,-0.161581,-0.156131,-0.150006,-0.134817,0.0822341,0.0860454,0.7853,0.778523,0.048329,0.0606877,-0.0170848,-0.0112886,-1.78374e-08,-0.000936165,5.3734,-4.54467,0.65744,-0.150006,0.0822341,0.7853
29.53,5.34806,5.36181,-4.53158,-4.54061,0.655828,0.657952,-2.5363,-2.46902,1.31721,1.26917,-0.160822,-0.155159,-0.14952,-0.134241,0.0820613,0.0859006,0.7853,0.778479,0.0487719,0.0610628,-0.0174712,-0.0116866,-1.79102e-08,-0.00097248,5.34806,-4.53158,0.655828,-0.14952,0.0820613,0.7853
29.54,5.32267,5.33694,-4.51832,-4.52772,0.654224,0.656413,-2.54111,-2.47237,1.3335,1.28455,-0.160061,-0.15418,-0.14903,-0.133667,0.0818847,0.0857511,0.7853,0.778439,0.0492137,0.0614344,-0.0178567,-0.0120883,-1.7979e-08,-0.00101295,5.32267,-4.51832,0.654224,-0.14903,0.0818847,0.7853
29.55,5.29723,5.31203,-4.50491,-4.51467,0.652627,0.654882,-2.54589,-2.47568,1.34974,1.29987,-0.159299,-0.153196,-0.148536,-0.133093,0.0817042,0.0855971,0.7853,0.778401,0.0496545,0.0618015,-0.0182411,-0.0124932,-1.80437e-08,-0.00105715,5.29723,-4.50491,0.652627,-0.148536,0.0817042,0.7853
29.56,5.27175,5.2871,-4.49133,-4.50147,0.651038,0.653361,-2.55065,-2.47896,1.36594,1.31513,-0.158536,-0.152205,-0.148037,-0.132521,0.0815199,0.0854383,0.7853,0.778366,0.0500943,0.0621652,-0.0186245,-0.0129011,-1.81044e-08,-0.00110513,5.27175,-4.49133,0.651038,-0.148037,0.0815199,0.7853
29.57,5.24622,5.26212,-4.47759,-4.48811,0.649456,0.651848,-2.55538,-2.48222,1.38209,1.33034,-0.157771,-0.151209,-0.147534,-0.131949,0.0813317,0.0852746,0.7853,0.778334,0.050533,0.0625252,-0.0190069,-0.013313,-1.81611e-08,-0.00115637,5.24622,-4.47759,0.649456,-0.147534,0.0813317,0.7853
29.58,5.22064,5.23712,-4.46369,-4.47459,0.647882,0.650343,-2.56009,-2.48544,1.39818,1.34549,-0.157005,-0.150206,-0.147026,-0.131378,0.0811397,0.0851059,0.7853,0.778306,0.0509707,0.0628827,-0.0193882,-0.0137279,-1.82139e-08,-0.00121059,5.22064,-4.46369,0.647882,-0.147026,0.0811397,0.7853
29.59,5.19502,5.21208,-4.44963,-4.46092,0.646316,0.648847,-2.56478,-2.48864,1.41423,1.36058,-0.156237,-0.149198,-0.146514,-0.130808,0.0809439,0.0849323,0.7853,0.778281,0.0514072,0.0632374,-0.0197684,-0.0141463,-1.82628e-08,-0.00126757,5.19502,-4.44963,0.646316,-0.146514,0.0809439,0.7853
29.6,5.16935,5.18701,-4.4354,-4.44709,0.644758,0.647359,-2.56945,-2.49181,1.43023,1.37562,-0.155468,-0.148185,-0.145998,-0.130238,0.0807444,0.0847536,0.7853,0.77826,0.0518427,0.0635904,-0.0201475,-0.014568,-1.83079e-08,-0.0013268,5.16935,-4.4354,0.644758,-0.145998,0.0807444,0.7853
29.61,5.14363,5.16192,-4.42102,-4.43312,0.643207,0.645881,-2.57409,-2.49495,1.44617,1.3906,-0.154698,-0.147166,-0.145478,-0.129668,0.080541,0.0845698,0.7853,0.778242,0.052277,0.0639412,-0.0205256,-0.0149923,-1.83491e-08,-0.00138783,5.14363,-4.42102,0.643207,-0.145478,0.080541,0.7853
29.62,5.11787,5.13679,-4.40648,-4.41899,0.641664,0.644412,-2.57871,-2.49806,1.46207,1.40552,-0.153926,-0.146143,-0.144953,-0.129099,0.0803339,0.0843806,0.7853,0.778228,0.0527103,0.0642908,-0.0209025,-0.0154203,-1.83866e-08,-0.00145023,5.11787,-4.40648,0.641664,-0.144953,0.0803339,0.7853
29.63,5.09206,5.11164,-4.39178,-4.40472,0.640128,0.642952,-2.58331,-2.50115,1.47791,1.42037,-0.153153,-0.145115,-0.144423,-0.12853,0.0801229,0.0841865,0.7853,0.778218,0.0531424,0.0646394,-0.0212783,-0.0158509,-1.84203e-08,-0.00151348,5.09206,-4.39178,0.640128,-0.144423,0.0801229,0.7853
29.64,5.0662,5.08647,-4.37692,-4.3903,0.638601,0.641501,-2.58788,-2.50421,1.4937,1.43517,-0.152378,-0.144083,-0.14389,-0.127959,0.0799083,0.083987,0.7853,0.778213,0.0535733,0.0649878,-0.0216529,-0.0162837,-1.84504e-08,-0.00157727,5.0662,-4.37692,0.638601,-0.14389,0.0799083,0.7853
29.65,5.0403,5.06126,-4.36191,-4.37573,0.637081,0.64006,-2.59243,-2.50724,1.50943,1.4499,-0.151603,-0.143046,-0.143352,-0.127389,0.0796899,0.0837821,0.7853,0.778211,0.054003,0.065336,-0.0220264,-0.0167192,-1.84768e-08,-0.00164089,5.0403,-4.36191,0.637081,-0.143352,0.0796899,0.7853
29.66,5.01435,5.03604,-4.34673,-4.36102,0.635569,0.638629,-2.59696,-2.51025,1.52511,1.46457,-0.150825,-0.142005,-0.14281,-0.126817,0.0794678,0.0835719,0.7853,0.778214,0.0544316,0.0656846,-0.0223987,-0.0171563,-1.84995e-08,-0.00170375,5.01435,-4.34673,0.635569,-0.14281,0.0794678,0.7853
29.67,4.98836,5.01079,-4.3314,-4.34616,0.634064,0.637208,-2.60147,-2.51323,1.54074,1.47917,-0.150047,-0.140961,-0.142263,-0.126244,0.0792419,0.0833561,0.7853,0.77822,0.054859,0.0660339,-0.0227698,-0.0175956,-1.85187e-08,-0.00176558,4.98836,-4.3314,0.634064,-0.142263,0.0792419,0.7853
29.68,4.96232,4.98552,-4.31592,-4.33117,0.632568,0.635797,-2.60595,-2.51619,1.55631,1.49371,-0.149267,-0.139914,-0.141713,-0.12567,0.0790124,0.083135,0.7853,0.778231,0.0552852,0.0663853,-0.0231397,-0.0180365,-1.85343e-08,-0.00182568,4.96232,-4.31592,0.632568,-0.141713,0.0790124,0.7853
29.69,4.93624,4.96023,-4.30028,-4.31603,0.631079,0.634396,-2.6104,-2.51912,1.57183,1.50818,-0.148485,-0.138863,-0.141158,-0.125094,0.0787791,0.0829082,0.7853,0.778246,0.0557101,0.0667378,-0.0235084,-0.0184777,-1.85465e-08,-0.00188342,4.93624,-4.30028,0.631079,-0.141158,0.0787791,0.7853
29.7,4.91012,4.93492,-4.28448,-4.30076,0.629598,0.633007,-2.61484,-2.52202,1.58728,1.52259,-0.147702,-0.137809,-0.140598,-0.124515,0.0785422,0.0826758,0.7853,0.778264,0.0561338,0.067093,-0.0238759,-0.0189201,-1.85552e-08,-0.00193834,4.91012,-4.28448,0.629598,-0.140598,0.0785422,0.7853
29.71,4.88394,4.90959,-4.26853,-4.28535,0.628125,0.631628,-2.61925,-2.52491,1.60269,1.53693,-0.146918,-0.136753,-0.140035,-0.123935,0.0783016,0.0824375,0.7853,0.778287,0.0565562,0.0674504,-0.0242421,-0.0193622,-1.85604e-08,-0.00198989,4.88394,-4.26853,0.628125,-0.140035,0.0783016,0.7853
29.72,4.85773,4.88424,-4.25243,-4.2698,0.62666,0.630261,-2.62364,-2.52776,1.61803,1.5512,-0.146133,-0.135694,-0.139467,-0.123351,0.0780574,0.0821935,0.7853,0.778313,0.0569773,0.0678113,-0.0246071,-0.0198039,-1.85623e-08,-0.00203748,4.85773,-4.25243,0.62666,-0.139467,0.0780574,0.7853
29.73,4.83147,4.85888,-4.23617,-4.25412,0.625202,0.628906,-2.628,-2.53059,1.63332,1.56541,-0.145346,-0.134632,-0.138895,-0.122764,0.0778095,0.0819436,0.7853,0.778343,0.0573972,0.0681748,-0.0249708,-0.0202455,-1.85608e-08,-0.00208072,4.83147,-4.23617,0.625202,-0.138895,0.0778095,0.7853
29.74,4.80517,4.8335,-4.21976,-4.2383,0.623753,0.627563,-2.63234,-2.5334,1.64854,1.57954,-0.144558,-0.133568,-0.138319,-0.122173,0.077558,0.0816876,0.7853,0.778377,0.0578158,0.068542,-0.0253332,-0.0206857,-1.8556e-08,-0.00211902,4.80517,-4.21976,0.623753,-0.138319,0.077558,0.7853
29.75,4.77883,4.80809,-4.2032,-4.22235,0.622311,0.626231,-2.63665,-2.53619,1.66371,1.59361,-0.143769,-0.132503,-0.137739,-0.121578,0.0773028,0.0814254,0.7853,0.778414,0.058233,0.0689138,-0.0256944,-0.0211241,-1.8548e-08,-0.00215201,4.77883,-4.2032,0.622311,-0.137739,0.0773028,0.7853
29.76,4.75244,4.78267,-4.18649,-4.20626,0.620877,0.624913,-2.64095,-2.53895,1.67882,1.60762,-0.142979,-0.131435,-0.137155,-0.120979,0.0770441,0.0811569,0.7853,0.778454,0.0586489,0.06929,-0.0260542,-0.0215607,-1.85367e-08,-0.00217906,4.75244,-4.18649,0.620877,-0.137155,0.0770441,0.7853
29.77,4.72601,4.75724,-4.16962,-4.19004,0.619451,0.623607,-2.64522,-2.54168,1.69387,1.62155,-0.142187,-0.130365,-0.136566,-0.120375,0.0767817,0.0808819,0.7853,0.778497,0.0590634,0.0696704,-0.0264127,-0.0219953,-1.85222e-08,-0.00220001,4.72601,-4.16962,0.619451,-0.136566,0.0767817,0.7853
29.78,4.69953,4.73178,-4.15261,-4.17369,0.618034,0.622314,-2.64946,-2.54439,1.70886,1.63542,-0.141394,-0.129292,-0.135973,-0.119766,0.0765158,0.0806004,0.7853,0.778543,0.0594766,0.0700552,-0.0267699,-0.0224266,-1.85046e-08,-0.00221442,4.69953,-4.15261,0.618034,-0.135973,0.0765158,0.7853
29.79,4.67302,4.70631,-4.13545,-4.15722,0.616624,0.621035,-2.65368,-2.54707,1.72378,1.64922,-0.140599,-0.128219,-0.135377,-0.119151,0.0762463,0.0803124,0.7853,0.778592,0.0598884,0.0704449,-0.0271257,-0.0228546,-1.8484e-08,-0.00222188,4.67302,-4.13545,0.616624,-0.135377,0.0762463,0.7853
29.8,4.64646,4.68083,-4.11814,-4.14061,0.615222,0.619769,-2.65788,-2.54973,1.73865,1.66294,-0.139804,-0.127143,-0.134776,-0.118529,0.0759733,0.0800175,0.7853,0.778642,0.0602988,0.0708397,-0.0274801,-0.023279,-1.84602e-08,-0.00222255,4.64646,-4.11814,0.615222,-0.134776,0.0759733,0.7853
29.81,4.61986,4.65531,-4.10068,-4.12387,0.613828,0.618516,-2.66205,-2.55237,1.75345,1.67661,-0.139007,-0.126065,-0.134171,-0.117902,0.0756968,0.079716,0.7853,0.778695,0.0607078,0.0712394,-0.0278332,-0.0236994,-1.84334e-08,-0.00221583,4.61986,-4.10068,0.613828,-0.134171,0.0756968,0.7853
29.82,4.59322,4.62979,-4.08307,-4.10699,0.612441,0.617278,-2.6662,-2.55498,1.76819,1.69021,-0.138208,-0.124985,-0.133562,-0.117266,0.0754167,0.0794073,0.7853,0.778749,0.0611153,0.0716436,-0.0281849,-0.0241161,-1.84037e-08,-0.00220209,4.59322,-4.08307,0.612441,-0.133562,0.0754167,0.7853
29.83,4.56654,4.60424,-4.06531,-4.08999,0.611063,0.616052,-2.67033,-2.55756,1.78286,1.70374,-0.137409,-0.123903,-0.132948,-0.116623,0.0751331,0.0790918,0.7853,0.778805,0.0615214,0.0720534,-0.0285351,-0.0245271,-1.8371e-08,-0.0021811,4.56654,-4.06531,0.611063,-0.132948,0.0751331,0.7853
29.84,4.53981,4.57867,-4.04741,-4.07286,0.609693,0.61484,-2.67443,-2.56012,1.79748,1.7172,-0.136608,-0.122818,-0.132331,-0.115972,0.074846,0.0787695,0.7853,0.778862,0.0619261,0.0724671,-0.028884,-0.024934,-1.83354e-08,-0.00215282,4.53981,-4.04741,0.609693,-0.132331,0.074846,0.7853
29.85,4.51305,4.55308,-4.02936,-4.05559,0.608331,0.613642,-2.67851,-2.56265,1.81202,1.7306,-0.135806,-0.121731,-0.13171,-0.115312,0.0745554,0.0784405,0.7853,0.77892,0.0623293,0.0728858,-0.0292314,-0.0253355,-1.8297e-08,-0.00211775,4.51305,-4.02936,0.608331,-0.13171,0.0745554,0.7853
29.86,4.48624,4.52749,-4.01117,-4.0382,0.606977,0.612458,-2.68256,-2.56516,1.8265,1.74392,-0.135003,-0.120642,-0.131085,-0.114642,0.0742613,0.078105,0.7853,0.778978,0.062731,0.0733082,-0.0295774,-0.0257321,-1.82557e-08,-0.00207625,4.48624,-4.01117,0.606977,-0.131085,0.0742613,0.7853
29.87,4.4594,4.50186,-3.99283,-4.02067,0.605631,0.611286,-2.68659,-2.56763,1.84092,1.75718,-0.134199,-0.119549,-0.130455,-0.113962,0.0739638,0.0777629,0.7853,0.779035,0.0631311,0.0737344,-0.0299219,-0.0261233,-1.82117e-08,-0.00202873,4.4594,-3.99283,0.605631,-0.130455,0.0739638,0.7853
29.88,4.43251,4.47622,-3.97435,-4.00302,0.604293,0.610127,-2.69059,-2.57008,1.85527,1.77037,-0.133394,-0.118454,-0.129822,-0.113271,0.0736629,0.0774149,0.7853,0.779092,0.0635298,0.0741637,-0.030265,-0.0265089,-1.81649e-08,-0.00197558,4.43251,-3.97435,0.604293,-0.129822,0.0736629,0.7853
29.89,4.40558,4.45055,-3.95573,-3.98524,0.602963,0.60898,-2.69457,-2.5725,1.86956,1.78349,-0.132587,-0.117356,-0.129185,-0.112569,0.0733585,0.077061,0.7853,0.779149,0.0639269,0.0745956,-0.0306065,-0.0268894,-1.81154e-08,-0.001918,4.40558,-3.95573,0.602963,-0.129185,0.0733585,0.7853
29.9,4.37862,4.42487,-3.93696,-3.96732,0.601641,0.607846,-2.69853,-2.57489,1.88377,1.79654,-0.131779,-0.116254,-0.128543,-0.111854,0.0730508,0.076702,0.7853,0.779203,0.0643225,0.0750301,-0.0309466,-0.0272643,-1.80633e-08,-0.0018567,4.37862,-3.93696,0.601641,-0.128543,0.0730508,0.7853
29.91,4.35161,4.39916,-3.91805,-3.94927,0.600328,0.606722,-2.70246,-2.57725,1.89792,1.80952,-0.13097,-0.115149,-0.127898,-0.111125,0.0727396,0.0763381,0.7853,0.779255,0.0647165,0.0754652,-0.0312851,-0.0276349,-1.80086e-08,-0.00179285,4.35161,-3.91805,0.600328,-0.127898,0.0727396,0.7853
29.92,4.32457,4.37343,-3.899,-3.93109,0.599022,0.605608,-2.70637,-2.57958,1.912,1.82243,-0.130159,-0.11404,-0.127249,-0.110383,0.0724251,0.0759702,0.7853,0.779305,0.0651089,0.0759011,-0.0316222,-0.0280003,-1.79513e-08,-0.00172766,4.32457,-3.899,0.599022,-0.127249,0.0724251,0.7853
29.93,4.29749,4.34767,-3.87981,-3.91278,0.597724,0.604504,-2.71026,-2.58187,1.92601,1.83527,-0.129348,-0.112928,-0.126596,-0.109626,0.0721072,0.0755991,0.7853,0.779351,0.0654997,0.0763362,-0.0319577,-0.0283611,-1.78915e-08,-0.00166281,4.29749,-3.87981,0.597724,-0.126596,0.0721072,0.7853
29.94,4.27036,4.32189,-3.86048,-3.89434,0.596435,0.603408,-2.71411,-2.58413,1.93996,1.84803,-0.128535,-0.111812,-0.125939,-0.108852,0.0717859,0.0752251,0.7853,0.779392,0.0658889,0.0767698,-0.0322916,-0.0287186,-1.78292e-08,-0.00160006,4.27036,-3.86048,0.596435,-0.125939,0.0717859,0.7853
29.95,4.2432,4.29608,-3.84101,-3.87576,0.595154,0.602319,-2.71795,-2.58636,1.95383,1.86071,-0.127722,-0.110692,-0.125278,-0.108061,0.0714613,0.0748496,0.7853,0.779427,0.0662764,0.0772005,-0.032624,-0.0290722,-1.77645e-08,-0.00154144,4.2432,-3.84101,0.595154,-0.125278,0.0714613,0.7853
29.96,4.21601,4.27025,-3.82141,-3.85705,0.593881,0.601236,-2.72176,-2.58855,1.96763,1.87331,-0.126907,-0.109569,-0.124614,-0.107252,0.0711335,0.0744733,0.7853,0.779456,0.0666623,0.0776268,-0.0329548,-0.0294229,-1.76973e-08,-0.00148915,4.21601,-3.82141,0.593881,-0.124614,0.0711335,0.7853
29.97,4.18877,4.24438,-3.80166,-3.8382,0.592616,0.600156,-2.72555,-2.5907,1.98136,1.88584,-0.126091,-0.108441,-0.123945,-0.106424,0.0708023,0.0740971,0.7853,0.779477,0.0670465,0.0780468,-0.033284,-0.0297708,-1.76278e-08,-0.00144584,4.18877,-3.80166,0.592616,-0.123945,0.0708023,0.7853
29.98,4.1615,4.21847,-3.78178,-3.81921,0.591359,0.59908,-2.72931,-2.59281,1.99503,1.89828,-0.125273,-0.10731,-0.123273,-0.105575,0.0704678,0.0737218,0.7853,0.779489,0.0674291,0.0784602,-0.0336116,-0.0301181,-1.75559e-08,-0.00141443,4.1615,-3.78178,0.591359,-0.123273,0.0704678,0.7853
29.99,4.13418,4.19251,-3.76176,-3.80007,0.59011,0.598004,-2.73305,-2.59488,2.00861,1.91064,-0.124455,-0.106175,-0.122596,-0.104705,0.07013,0.0733484,0.7853,0.779491,0.0678099,0.0788642,-0.0339376,-0.030463,-1.74818e-08,-0.0013983,4.13418,-3.76176,0.59011,-0.122596,0.07013,0.7853
