t,x_des,y_des,z_des,x_act,y_act,z_act
0,0,0,2.5,0,0,2.5
0.01,0.03,0.0299998,2.5,5.15502e-08,5.15521e-08,2.5
0.02,0.0599996,0.0599986,2.49998,8.21046e-07,8.21086e-07,2.49998
0.03,0.0899988,0.0899951,2.49996,4.09231e-06,4.09279e-06,2.49996
0.04,0.119997,0.119988,2.49993,1.27294e-05,1.2732e-05,2.49993
0.05,0.149994,0.149978,2.49989,3.05842e-05,3.05943e-05,2.49989
0.06,0.17999,0.179961,2.49984,6.24123e-05,6.24427e-05,2.49984
0.07,0.209985,0.209938,2.49978,0.000113791,0.000113868,2.49978
0.08,0.239977,0.239908,2.49971,0.000191041,0.000191215,2.49971
0.09,0.269967,0.269869,2.49964,0.000301159,0.000301515,2.49964
0.1,0.299955,0.29982,2.49955,0.000451744,0.00045242,2.49955
0.11,0.32994,0.32976,2.49946,0.000650934,0.000652145,2.49946
0.12,0.359922,0.359689,2.49935,0.00090735,0.000909413,2.49935
0.13,0.389901,0.389605,2.49924,0.00123004,0.00123341,2.49924
0.14,0.419877,0.419506,2.49912,0.00162841,0.00163371,2.49912
0.15,0.449848,0.449393,2.49899,0.00211221,0.0021203,2.49899
0.16,0.479816,0.479263,2.49885,0.00269145,0.00270347,2.49885
0.17,0.509779,0.509116,2.4987,0.00337638,0.00339379,2.4987
0.18,0.539738,0.538951,2.49854,0.00417744,0.00420213,2.49854
0.19,0.569691,0.568766,2.49838,0.00510523,0.00513957,2.49838
0.2,0.59964,0.598561,2.4982,0.00617049,0.0062174,2.4982
0.21,0.629583,0.628334,2.49802,0.00738402,0.0074471,2.49802
0.22,0.659521,0.658085,2.49782,0.0087567,0.00884028,2.49782
0.23,0.689453,0.687812,2.49762,0.0102994,0.0104087,2.49762
0.24,0.719378,0.717514,2.49741,0.0120232,0.0121643,2.49741
0.25,0.749297,0.747191,2.49719,0.0139387,0.014119,2.49719
0.26,0.779209,0.77684,2.49696,0.0160571,0.0162848,2.49696
0.27,0.809115,0.806462,2.49672,0.018389,0.018674,2.49672
0.28,0.839013,0.836054,2.49647,0.0209451,0.0212986,2.49647
0.29,0.868903,0.865617,2.49622,0.0237362,0.0241708,2.49622
0.3,0.898785,0.895148,2.49595,0.0267726,0.0273028,2.49595
0.31,0.92866,0.924647,2.49568,0.0300649,0.0307069,2.49568
0.32,0.958526,0.954113,2.4954,0.0336232,0.0343953,2.4954
0.33,0.988384,0.983544,2.4951,0.0374576,0.03838,2.4951
0.34,1.01823,1.01294,2.4948,0.0415781,0.0426733,2.4948
0.35,1.04807,1.0423,2.49449,0.0459944,0.0472872,2.49449
0.36,1.0779,1.07162,2.49417,0.050716,0.0522338,2.49417
0.37,1.10772,1.1009,2.49385,0.0557523,0.0575248,2.49385
0.38,1.13753,1.13015,2.49351,0.0611125,0.0631723,2.49351
0.39,1.16733,1.15935,2.49316,0.0668054,0.0691879,2.49316
0.4,1.19712,1.18851,2.49281,0.0728398,0.0755833,2.49281
0.41,1.2269,1.21763,2.49245,0.0792242,0.08237,2.49245
0.42,1.25667,1.24671,2.49207,0.0859668,0.0895593,2.49207
0.43,1.28643,1.27574,2.49169,0.0930755,0.0971626,2.49169
0.44,1.31617,1.30472,2.4913,0.100558,0.105191,2.4913
0.45,1.3459,1.33366,2.4909,0.108423,0.113655,2.4909
0.46,1.37562,1.36255,2.49049,0.116676,0.122566,2.49049
0.47,1.40533,1.39139,2.49008,0.125324,0.131934,2.49008
0.48,1.43503,1.42018,2.48965,0.134376,0.141769,2.48965
0.49,1.46471,1.44891,2.48921,0.143836,0.152083,2.48921
0.5,1.49438,1.4776,2.48877,0.153712,0.162884,2.48877
0.51,1.52404,1.50623,2.48832,0.164009,0.174183,2.48832
0.52,1.55368,1.53481,2.48786,0.174733,0.185989,2.48786
0.53,1.58331,1.56334,2.48739,0.185889,0.198312,2.48739
0.54,1.61292,1.5918,2.48691,0.197483,0.21116,2.48691
0.55,1.64252,1.62022,2.48642,0.20952,0.224543,2.48642
0.56,1.67211,1.64857,2.48592,0.222005,0.238469,2.48592
0.57,1.70168,1.67686,2.48542,0.234942,0.252947,2.48542
0.58,1.73123,1.70509,2.4849,0.248334,0.267985,2.4849
0.59,1.76077,1.73326,2.48438,0.262188,0.283591,2.48438
0.6,1.7903,1.76137,2.48384,0.276505,0.299773,2.48384
0.61,1.8198,1.78942,2.4833,0.29129,0.316538,2.4833
0.62,1.84929,1.8174,2.48275,0.306546,0.333893,2.48275
0.63,1.87877,1.84531,2.48219,0.322275,0.351846,2.48219
0.64,1.90823,1.87316,2.48162,0.338482,0.370404,2.48162
0.65,1.93767,1.90094,2.48105,0.355169,0.389573,2.48105
0.66,1.96709,1.92865,2.48046,0.372337,0.409359,2.48046
0.67,1.99649,1.9563,2.47987,0.38999,0.429769,2.47987
0.68,2.02588,1.98387,2.47926,0.408129,0.450808,2.47926
0.69,2.05525,2.01137,2.47865,0.426757,0.472483,2.47865
0.7,2.0846,2.0388,2.47803,0.445874,0.494798,2.47803
0.71,2.11393,2.06616,2.4774,0.465483,0.51776,2.4774
0.72,2.14324,2.09344,2.47676,0.485585,0.541372,2.47676
0.73,2.17254,2.12065,2.47612,0.506181,0.565641,2.47612
0.74,2.20181,2.14778,2.47546,0.527271,0.59057,2.47546
0.75,2.23106,2.17483,2.47479,0.548858,0.616165,2.47479
0.76,2.2603,2.2018,2.47412,0.570941,0.642429,2.47412
0.77,2.28951,2.2287,2.47344,0.593521,0.669366,2.47344
0.78,2.3187,2.25551,2.47275,0.616598,0.69698,2.47275
0.79,2.34788,2.28224,2.47205,0.640173,0.725274,2.47205
0.8,2.37703,2.3089,2.47134,0.664246,0.75425,2.47134
0.81,2.40616,2.33546,2.47062,0.688818,0.78391,2.47062
0.82,2.43526,2.36195,2.46989,0.713888,0.814254,2.46989
0.83,2.46435,2.38835,2.46916,0.739456,0.845283,2.46916
0.84,2.49341,2.41466,2.46842,0.765522,0.876995,2.46842
0.85,2.52245,2.44089,2.46766,0.792087,0.909389,2.46766
0.86,2.55147,2.46702,2.4669,0.819151,0.942462,2.4669
0.87,2.58047,2.49307,2.46613,0.846712,0.976211,2.46613
0.88,2.60944,2.51903,2.46535,0.874773,1.01063,2.46535
0.89,2.63839,2.5449,2.46457,0.903332,1.04572,2.46457
0.9,2.66731,2.57068,2.46377,0.93239,1.08146,2.46377
0.91,2.69622,2.59636,2.46297,0.961947,1.11785,2.46297
0.92,2.72509,2.62196,2.46215,0.992003,1.15489,2.46215
0.93,2.75394,2.64745,2.46133,1.02256,1.19256,2.46133
0.94,2.78277,2.67285,2.4605,1.05361,1.23085,2.4605
0.95,2.81157,2.69816,2.45966,1.08517,1.26976,2.45966
0.96,2.84035,2.72337,2.45881,1.11723,1.30926,2.45881
0.97,2.8691,2.74848,2.45796,1.14979,1.34934,2.45796
0.98,2.89783,2.77349,2.45709,1.18285,1.39,2.45709
0.99,2.92653,2.7984,2.45622,1.21641,1.43121,2.45622
1,2.9552,2.82321,2.45534,1.25048,1.47297,2.45534
1.01,2.98385,2.84792,2.45445,1.28505,1.51525,2.45445
1.02,3.01247,2.87253,2.45355,1.32012,1.55803,2.45355
1.03,3.04106,2.89703,2.45264,1.3557,1.6013,2.45264
1.04,3.06963,2.92143,2.45172,1.39178,1.64504,2.45172
1.05,3.09816,2.94572,2.4508,1.42835,1.68922,2.4508
1.06,3.12667,2.96991,2.44986,1.46543,1.73383,2.44986
1.07,3.15516,2.99399,2.44892,1.503,1.77885,2.44892
1.08,3.18361,3.01797,2.44797,1.54107,1.82426,2.44797
1.09,3.21203,3.04183,2.44701,1.57963,1.87002,2.44701
1.1,3.24043,3.06558,2.44604,1.61868,1.91612,2.44604
1.11,3.2688,3.08923,2.44507,1.65821,1.96254,2.44507
1.12,3.29713,3.11276,2.44408,1.69822,2.00925,2.44408
1.13,3.32544,3.13618,2.44309,1.73871,2.05623,2.44309
1.14,3.35372,3.15949,2.44209,1.77966,2.10346,2.44209
1.15,3.38197,3.18269,2.44108,1.82108,2.15091,2.44108
1.16,3.41018,3.20577,2.44006,1.86294,2.19856,2.44006
1.17,3.43837,3.22873,2.43903,1.90525,2.24638,2.43903
1.18,3.46653,3.25158,2.43799,1.948,2.29436,2.43799
1.19,3.49465,3.27431,2.43695,1.99116,2.34247,2.43695
1.2,3.52274,3.29692,2.4359,2.03474,2.39068,2.4359
1.21,3.5508,3.31942,2.43484,2.07872,2.43898,2.43484
1.22,3.57883,3.34179,2.43377,2.12308,2.48734,2.43377
1.23,3.60683,3.36405,2.43269,2.16781,2.53575,2.43269
1.24,3.63479,3.38618,2.4316,2.2129,2.58417,2.4316
1.25,3.66273,3.40819,2.43051,2.25832,2.63259,2.43051
1.26,3.69062,3.43008,2.4294,2.30406,2.68099,2.4294
1.27,3.71849,3.45185,2.42829,2.35011,2.72934,2.42829
1.28,3.74632,3.47349,2.42717,2.39644,2.77763,2.42717
1.29,3.77412,3.49501,2.42605,2.44305,2.82583,2.42605
1.3,3.80188,3.5164,2.42491,2.4899,2.87393,2.42491
1.31,3.82961,3.53766,2.42376,2.537,2.9219,2.42376
1.32,3.85731,3.5588,2.42261,2.58431,2.96974,2.42261
1.33,3.88497,3.57981,2.42145,2.63182,3.01741,2.42145
1.34,3.9126,3.60069,2.42028,2.67952,3.0649,2.42028
1.35,3.94019,3.62144,2.4191,2.72739,3.11219,2.4191
1.36,3.96774,3.64206,2.41792,2.77541,3.15927,2.41792
1.37,3.99526,3.66254,2.41672,2.82357,3.20611,2.41672
1.38,4.02275,3.6829,2.41552,2.87184,3.2527,2.41552
1.39,4.05019,3.70312,2.41431,2.92022,3.29902,2.41431
1.4,4.0776,3.72322,2.41309,2.96869,3.34506,2.41309
1.41,4.10498,3.74317,2.41186,3.01724,3.39079,2.41186
1.42,4.13232,3.76299,2.41063,3.06584,3.4362,2.41063
1.43,4.15962,3.78268,2.40938,3.11449,3.48128,2.40938
1.44,4.18688,3.80223,2.40813,3.16316,3.526,2.40813
1.45,4.2141,3.82164,2.40687,3.21186,3.57035,2.40687
1.46,4.24129,3.84092,2.4056,3.26056,3.61432,2.4056
1.47,4.26844,3.86006,2.40433,3.30924,3.65789,2.40433
1.48,4.29555,3.87906,2.40304,3.35791,3.70104,2.40304
1.49,4.32262,3.89792,2.40175,3.40654,3.74376,2.40175
1.5,4.34966,3.91663,2.40045,3.45513,3.78604,2.40045
1.51,4.37665,3.93521,2.39914,3.50366,3.82785,2.39914
1.52,4.4036,3.95365,2.39782,3.55212,3.86918,2.39782
1.53,4.43052,3.97194,2.3965,3.6005,3.91003,2.3965
1.54,4.45739,3.99009,2.39516,3.64878,3.95037,2.39516
1.55,4.48423,4.0081,2.39382,3.69697,3.99019,2.39382
1.56,4.51102,4.02596,2.39247,3.74505,4.02947,2.39247
1.57,4.53778,4.04368,2.39111,3.79301,4.06821,2.39111
1.58,4.56449,4.06125,2.38975,3.84084,4.1064,2.38975
1.59,4.59116,4.07868,2.38838,3.88854,4.144,2.38838
1.6,4.61779,4.09596,2.38699,3.93609,4.18103,2.38699
1.61,4.64438,4.11309,2.38561,3.98348,4.21745,2.38561
1.62,4.67093,4.13007,2.38421,4.03072,4.25327,2.38421
1.63,4.69743,4.14691,2.3828,4.07778,4.28846,2.3828
1.64,4.7239,4.16359,2.38139,4.12468,4.32302,2.38139
1.65,4.75032,4.18013,2.37997,4.17139,4.35693,2.37997
1.66,4.77669,4.19652,2.37854,4.21791,4.39019,2.37854
1.67,4.80303,4.21275,2.3771,4.26424,4.42279,2.3771
1.68,4.82932,4.22883,2.37566,4.31038,4.45471,2.37566
1.69,4.85557,4.24476,2.37421,4.3563,4.48594,2.37421
1.7,4.88177,4.26054,2.37274,4.40202,4.51648,2.37274
1.71,4.90793,4.27616,2.37128,4.44753,4.54631,2.37128
1.72,4.93405,4.29163,2.3698,4.49282,4.57543,2.3698
1.73,4.96012,4.30695,2.36832,4.53789,4.60382,2.36832
1.74,4.98615,4.32211,2.36682,4.58273,4.63149,2.36682
1.75,5.01213,4.33712,2.36532,4.62735,4.65841,2.36532
1.76,5.03807,4.35197,2.36382,4.67173,4.68459,2.36382
1.77,5.06396,4.36666,2.3623,4.71588,4.71002,2.3623
1.78,5.08981,4.38119,2.36078,4.75979,4.73469,2.36078
1.79,5.11561,4.39557,2.35925,4.80346,4.75859,2.35925
1.8,5.14136,4.40979,2.35771,4.84689,4.78172,2.35771
1.81,5.16707,4.42385,2.35616,4.89007,4.80408,2.35616
1.82,5.19273,4.43775,2.35461,4.93301,4.82565,2.35461
1.83,5.21834,4.45149,2.35305,4.9757,4.84645,2.35305
1.84,5.24391,4.46507,2.35148,5.01813,4.86646,2.35148
1.85,5.26943,4.47849,2.3499,5.06032,4.88569,2.3499
1.86,5.29491,4.49175,2.34832,5.10224,4.90414,2.34832
1.87,5.32033,4.50485,2.34672,5.1439,4.9218,2.34672
1.88,5.34571,4.51779,2.34512,5.18531,4.93867,2.34512
1.89,5.37104,4.53056,2.34352,5.22644,4.95477,2.34352
1.9,5.39632,4.54317,2.3419,5.26731,4.97008,2.3419
1.91,5.42155,4.55561,2.34028,5.30791,4.98463,2.34028
1.92,5.44674,4.5679,2.33865,5.34824,4.9984,2.33865
1.93,5.47187,4.58001,2.33701,5.38828,5.01141,2.33701
1.94,5.49696,4.59197,2.33536,5.42805,5.02366,2.33536
1.95,5.52199,4.60375,2.33371,5.46753,5.03516,2.33371
1.96,5.54698,4.61537,2.33205,5.50673,5.04592,2.33205
1.97,5.57192,4.62683,2.33038,5.54563,5.05594,2.33038
1.98,5.5968,4.63812,2.32871,5.58423,5.06523,2.32871
1.99,5.62164,4.64924,2.32703,5.62254,5.07381,2.32703
2,5.64642,4.6602,2.32534,5.66054,5.08168,2.32534
2.01,5.67116,4.67098,2.32364,5.69822,5.08886,2.32364
2.02,5.69584,4.6816,2.32193,5.7356,5.09535,2.32193
2.03,5.72048,4.69205,2.32022,5.77265,5.10117,2.32022
2.04,5.74506,4.70233,2.3185,5.80938,5.10632,2.3185
2.05,5.76959,4.71244,2.31677,5.84578,5.11083,2.31677
2.06,5.79406,4.72239,2.31504,5.88184,5.1147,2.31504
2.07,5.81849,4.73216,2.3133,5.91756,5.11795,2.3133
2.08,5.84286,4.74176,2.31155,5.95293,5.12059,2.31155
2.09,5.86718,4.75119,2.30979,5.98795,5.12264,2.30979
2.1,5.89145,4.76045,2.30803,6.02261,5.12411,2.30803
2.11,5.91566,4.76954,2.30626,6.0569,5.125,2.30626
2.12,5.93982,4.77846,2.30448,6.09082,5.12535,2.30448
2.13,5.96393,4.7872,2.30269,6.12436,5.12516,2.30269
2.14,5.98798,4.79578,2.3009,6.15752,5.12445,2.3009
2.15,6.01198,4.80418,2.2991,6.19028,5.12323,2.2991
2.16,6.03593,4.8124,2.29729,6.22265,5.12153,2.29729
2.17,6.05982,4.82046,2.29548,6.25461,5.11935,2.29548
2.18,6.08366,4.82834,2.29366,6.28617,5.11671,2.29366
2.19,6.10744,4.83604,2.29183,6.31731,5.11362,2.29183
2.2,6.13117,4.84358,2.28999,6.34803,5.11012,2.28999
2.21,6.15484,4.85093,2.28815,6.37833,5.1062,2.28815
2.22,6.17846,4.85812,2.2863,6.40819,5.1019,2.2863
2.23,6.20202,4.86513,2.28444,6.43763,5.09722,2.28444
2.24,6.22552,4.87196,2.28258,6.46662,5.09218,2.28258
2.25,6.24897,4.87862,2.28071,6.49518,5.0868,2.28071
2.26,6.27237,4.8851,2.27883,6.52328,5.08111,2.27883
2.27,6.2957,4.89141,2.27694,6.55095,5.0751,2.27694
2.28,6.31898,4.89754,2.27505,6.57816,5.06882,2.27505
2.29,6.34221,4.90349,2.27315,6.60491,5.06226,2.27315
2.3,6.36537,4.90927,2.27125,6.63122,5.05545,2.27125
2.31,6.38848,4.91487,2.26933,6.65707,5.04841,2.26933
2.32,6.41153,4.92029,2.26741,6.68246,5.04116,2.26741
2.33,6.43453,4.92554,2.26549,6.7074,5.0337,2.26549
2.34,6.45746,4.93061,2.26355,6.73188,5.02607,2.26355
2.35,6.48034,4.9355,2.26161,6.75591,5.01828,2.26161
2.36,6.50316,4.94021,2.25966,6.77949,5.01034,2.25966
2.37,6.52592,4.94475,2.25771,6.80261,5.00228,2.25771
2.38,6.54862,4.94911,2.25575,6.82528,4.9941,2.25575
2.39,6.57126,4.95329,2.25378,6.84751,4.98584,2.25378
2.4,6.59385,4.95729,2.25181,6.86929,4.9775,2.25181
2.41,6.61637,4.96112,2.24982,6.89064,4.9691,2.24982
2.42,6.63884,4.96476,2.24784,6.91154,4.96066,2.24784
2.43,6.66124,4.96823,2.24584,6.93202,4.95219,2.24584
2.44,6.68359,4.97151,2.24384,6.95207,4.94371,2.24384
2.45,6.70587,4.97462,2.24183,6.97169,4.93523,2.24183
2.46,6.7281,4.97755,2.23982,6.99091,4.92678,2.23982
2.47,6.75026,4.9803,2.23779,7.00971,4.91836,2.23779
2.48,6.77236,4.98287,2.23577,7.02811,4.90999,2.23577
2.49,6.79441,4.98526,2.23373,7.04611,4.90169,2.23373
2.5,6.81639,4.98747,2.23169,7.06373,4.89346,2.23169
2.51,6.83831,4.98951,2.22964,7.08096,4.88532,2.22964
2.52,6.86017,4.99136,2.22759,7.09782,4.87729,2.22759
2.53,6.88196,4.99303,2.22552,7.11432,4.86937,2.22552
2.54,6.9037,4.99453,2.22346,7.13046,4.86158,2.22346
2.55,6.92537,4.99584,2.22138,7.14626,4.85393,2.22138
2.56,6.94698,4.99697,2.2193,7.16171,4.84643,2.2193
2.57,6.96853,4.99793,2.21721,7.17684,4.83908,2.21721
2.58,6.99001,4.9987,2.21512,7.19165,4.83191,2.21512
2.59,7.01144,4.99929,2.21302,7.20615,4.82491,2.21302
2.6,7.03279,4.99971,2.21091,7.22036,4.81811,2.21091
2.61,7.05409,4.99994,2.2088,7.23427,4.8115,2.2088
2.62,7.07532,5,2.20668,7.24791,4.80509,2.20668
2.63,7.09649,4.99987,2.20456,7.26129,4.79889,2.20456
2.64,7.1176,4.99956,2.20242,7.27441,4.79291,2.20242
2.65,7.13864,4.99908,2.20028,7.28729,4.78716,2.20028
2.66,7.15961,4.99841,2.19814,7.29995,4.78163,2.19814
2.67,7.18052,4.99757,2.19599,7.31238,4.77634,2.19599
2.68,7.20137,4.99654,2.19383,7.32461,4.77128,2.19383
2.69,7.22215,4.99533,2.19167,7.33664,4.76646,2.19167
2.7,7.24287,4.99395,2.1895,7.34849,4.76189,2.1895
2.71,7.26352,4.99238,2.18732,7.36018,4.75757,2.18732
2.72,7.28411,4.99064,2.18514,7.37171,4.7535,2.18514
2.73,7.30463,4.98871,2.18295,7.3831,4.74967,2.18295
2.74,7.32509,4.98661,2.18076,7.39435,4.7461,2.18076
2.75,7.34548,4.98433,2.17856,7.4055,4.74278,2.17856
2.76,7.3658,4.98186,2.17635,7.41654,4.73971,2.17635
2.77,7.38606,4.97922,2.17414,7.42749,4.73689,2.17414
2.78,7.40625,4.9764,2.17192,7.43837,4.73432,2.17192
2.79,7.42637,4.9734,2.16969,7.44918,4.732,2.16969
2.8,7.44643,4.97022,2.16746,7.45994,4.72992,2.16746
2.81,7.46642,4.96686,2.16523,7.47067,4.72808,2.16523
2.82,7.48634,4.96332,2.16298,7.48138,4.72648,2.16298
2.83,7.5062,4.9596,2.16073,7.49208,4.72511,2.16073
2.84,7.52599,4.95571,2.15848,7.50279,4.72397,2.15848
2.85,7.54571,4.95163,2.15622,7.51351,4.72306,2.15622
2.86,7.56536,4.94738,2.15395,7.52427,4.72236,2.15395
2.87,7.58495,4.94295,2.15168,7.53507,4.72187,2.15168
2.88,7.60446,4.93834,2.1494,7.54592,4.72158,2.1494
2.89,7.62391,4.93356,2.14712,7.55685,4.7215,2.14712
2.9,7.64329,4.9286,2.14483,7.56787,4.72159,2.14483
2.91,7.6626,4.92346,2.14253,7.57898,4.72187,2.14253
2.92,7.68184,4.91814,2.14023,7.59019,4.72232,2.14023
2.93,7.70101,4.91264,2.13792,7.60153,4.72293,2.13792
2.94,7.72012,4.90697,2.13561,7.613,4.72369,2.13561
2.95,7.73915,4.90112,2.13329,7.62462,4.72458,2.13329
2.96,7.75811,4.8951,2.13096,7.63638,4.72561,2.13096
2.97,7.77701,4.8889,2.12863,7.64832,4.72675,2.12863
2.98,7.79583,4.88252,2.1263,7.66042,4.728,2.1263
2.99,7.81459,4.87597,2.12396,7.67272,4.72935,2.12396
3,7.83327,4.86924,2.12161,7.6852,4.73077,2.12161
3.01,7.85188,4.86233,2.11926,7.69789,4.73226,2.11926
3.02,7.87042,4.85526,2.1169,7.71078,4.73381,2.1169
3.03,7.8889,4.848,2.11453,7.7239,4.7354,2.11453
3.04,7.9073,4.84057,2.11217,7.73724,4.73702,2.11217
3.05,7.92563,4.83297,2.10979,7.75081,4.73865,2.10979
3.06,7.94388,4.8252,2.10741,7.76461,4.74028,2.10741
3.07,7.96207,4.81725,2.10502,7.77866,4.7419,2.10502
3.08,7.98019,4.80912,2.10263,7.79295,4.74349,2.10263
3.09,7.99823,4.80083,2.10024,7.80749,4.74503,2.10024
3.1,8.0162,4.79236,2.09783,7.82229,4.74651,2.09783
3.11,8.0341,4.78371,2.09543,7.83734,4.74792,2.09543
3.12,8.05192,4.7749,2.09301,7.85266,4.74924,2.09301
3.13,8.06968,4.76591,2.0906,7.86823,4.75046,2.0906
3.14,8.08736,4.75676,2.08817,7.88407,4.75155,2.08817
3.15,8.10497,4.74743,2.08574,7.90016,4.7525,2.08574
3.16,8.12251,4.73793,2.08331,7.91653,4.7533,2.08331
3.17,8.13997,4.72826,2.08087,7.93315,4.75393,2.08087
3.18,8.15736,4.71842,2.07842,7.95004,4.75437,2.07842
3.19,8.17467,4.70841,2.07597,7.96719,4.7546,2.07597
3.2,8.19192,4.69823,2.07352,7.98461,4.75462,2.07352
3.21,8.20908,4.68788,2.07106,8.00228,4.7544,2.07106
3.22,8.22618,4.67736,2.06859,8.02022,4.75392,2.06859
3.23,8.2432,4.66667,2.06612,8.03841,4.75318,2.06612
3.24,8.26015,4.65582,2.06365,8.05685,4.75215,2.06365
3.25,8.27702,4.6448,2.06117,8.07555,4.75081,2.06117
3.26,8.29382,4.63361,2.05868,8.0945,4.74916,2.05868
3.27,8.31054,4.62225,2.05619,8.11369,4.74717,2.05619
3.28,8.32719,4.61073,2.0537,8.13313,4.74484,2.0537
3.29,8.34376,4.59904,2.0512,8.15281,4.74214,2.0512
3.3,8.36026,4.58719,2.04869,8.17272,4.73906,2.04869
3.31,8.37668,4.57517,2.04618,8.19287,4.73558,2.04618
3.32,8.39303,4.56299,2.04366,8.21325,4.73171,2.04366
3.33,8.4093,4.55064,2.04114,8.23385,4.72741,2.04114
3.34,8.4255,4.53813,2.03862,8.25467,4.72268,2.03862
3.35,8.44162,4.52545,2.03609,8.2757,4.7175,2.03609
3.36,8.45766,4.51261,2.03355,8.29694,4.71187,2.03355
3.37,8.47363,4.49961,2.03101,8.31839,4.70577,2.03101
3.38,8.48953,4.48645,2.02847,8.34002,4.6992,2.02847
3.39,8.50534,4.47313,2.02592,8.36185,4.69214,2.02592
3.4,8.52108,4.45964,2.02337,8.38386,4.68458,2.02337
3.41,8.53674,4.446,2.02081,8.40604,4.67652,2.02081
3.42,8.55233,4.43219,2.01824,8.42838,4.66795,2.01824
3.43,8.56784,4.41823,2.01568,8.45088,4.65886,2.01568
3.44,8.58327,4.4041,2.0131,8.47353,4.64924,2.0131
3.45,8.59862,4.38982,2.01053,8.49632,4.6391,2.01053
3.46,8.6139,4.37538,2.00794,8.51924,4.62841,2.00794
3.47,8.6291,4.36078,2.00536,8.54228,4.61719,2.00536
3.48,8.64422,4.34603,2.00277,8.56543,4.60541,2.00277
3.49,8.65927,4.33111,2.00017,8.58868,4.59309,2.00017
3.5,8.67423,4.31605,1.99757,8.61201,4.58022,1.99757
3.51,8.68912,4.30082,1.99497,8.63542,4.5668,1.99497
3.52,8.70393,4.28545,1.99236,8.65889,4.55282,1.99236
3.53,8.71866,4.26991,1.98974,8.68242,4.53829,1.98974
3.54,8.73331,4.25423,1.98713,8.70599,4.52319,1.98713
3.55,8.74789,4.23839,1.9845,8.72958,4.50755,1.9845
3.56,8.76239,4.2224,1.98188,8.75318,4.49134,1.98188
3.57,8.7768,4.20625,1.97925,8.77679,4.47459,1.97925
3.58,8.79114,4.18996,1.97661,8.80039,4.45728,1.97661
3.59,8.8054,4.17351,1.97397,8.82395,4.43942,1.97397
3.6,8.81958,4.15692,1.97133,8.84748,4.42101,1.97133
3.61,8.83368,4.14017,1.96868,8.87095,4.40207,1.96868
3.62,8.8477,4.12328,1.96603,8.89436,4.38258,1.96603
3.63,8.86164,4.10623,1.96337,8.91768,4.36255,1.96337
3.64,8.8755,4.08904,1.96071,8.9409,4.342,1.96071
3.65,8.88928,4.0717,1.95805,8.96401,4.32092,1.95805
3.66,8.90298,4.05422,1.95538,8.987,4.29932,1.95538
3.67,8.91661,4.03659,1.9527,9.00984,4.27721,1.9527
3.68,8.93015,4.01881,1.95003,9.03253,4.2546,1.95003
3.69,8.94361,4.00089,1.94735,9.05505,4.23149,1.94735
3.7,8.95699,3.98283,1.94466,9.07739,4.20789,1.94466
3.71,8.97029,3.96462,1.94197,9.09953,4.18381,1.94197
3.72,8.98351,3.94627,1.93928,9.12146,4.15926,1.93928
3.73,8.99664,3.92778,1.93658,9.14317,4.13424,1.93658
3.74,9.0097,3.90914,1.93388,9.16463,4.10878,1.93388
3.75,9.02268,3.89037,1.93118,9.18585,4.08288,1.93118
3.76,9.03557,3.87145,1.92847,9.2068,4.05655,1.92847
3.77,9.04838,3.8524,1.92576,9.22747,4.0298,1.92576
3.78,9.06112,3.8332,1.92304,9.24786,4.00265,1.92304
3.79,9.07377,3.81387,1.92032,9.26794,3.9751,1.92032
3.8,9.08633,3.7944,1.91759,9.28771,3.94718,1.91759
3.81,9.09882,3.7748,1.91487,9.30715,3.91889,1.91487
3.82,9.11123,3.75506,1.91214,9.32626,3.89024,1.91214
3.83,9.12355,3.73518,1.9094,9.34503,3.86126,1.9094
3.84,9.13579,3.71517,1.90666,9.36344,3.83196,1.90666
3.85,9.14795,3.69503,1.90392,9.38149,3.80234,1.90392
3.86,9.16003,3.67475,1.90117,9.39916,3.77243,1.90117
3.87,9.17202,3.65434,1.89842,9.41645,3.74224,1.89842
3.88,9.18393,3.6338,1.89567,9.43335,3.71179,1.89567
3.89,9.19576,3.61313,1.89291,9.44985,3.68109,1.89291
3.9,9.20751,3.59232,1.89015,9.46595,3.65015,1.89015
3.91,9.21917,3.57139,1.88739,9.48164,3.619,1.88739
3.92,9.23075,3.55033,1.88462,9.49692,3.58765,1.88462
3.93,9.24225,3.52914,1.88185,9.51177,3.55611,1.88185
3.94,9.25366,3.50783,1.87907,9.5262,3.5244,1.87907
3.95,9.26499,3.48639,1.8763,9.5402,3.49255,1.8763
3.96,9.27624,3.46482,1.87352,9.55376,3.46055,1.87352
3.97,9.2874,3.44313,1.87073,9.56689,3.42843,1.87073
3.98,9.29848,3.42132,1.86794,9.57958,3.39621,1.86794
3.99,9.30948,3.39938,1.86515,9.59183,3.36391,1.86515
4,9.32039,3.37732,1.86236,9.60363,3.33153,1.86236
4.01,9.33122,3.35513,1.85956,9.615,3.29909,1.85956
4.02,9.34196,3.33283,1.85676,9.62592,3.26661,1.85676
4.03,9.35263,3.31041,1.85395,9.63639,3.23411,1.85395
4.04,9.3632,3.28786,1.85115,9.64643,3.2016,1.85115
4.05,9.37369,3.2652,1.84834,9.65602,3.16909,1.84834
4.06,9.3841,3.24243,1.84552,9.66517,3.1366,1.84552
4.07,9.39443,3.21953,1.84271,9.67388,3.10414,1.84271
4.08,9.40466,3.19652,1.83989,9.68216,3.07174,1.83989
4.09,9.41482,3.17339,1.83706,9.69001,3.03939,1.83706
4.1,9.42489,3.15015,1.83424,9.69743,3.00712,1.83424
4.11,9.43487,3.1268,1.83141,9.70442,2.97494,1.83141
4.12,9.44477,3.10333,1.82858,9.711,2.94286,1.82858
4.13,9.45459,3.07976,1.82574,9.71716,2.9109,1.82574
4.14,9.46432,3.05607,1.8229,9.72292,2.87906,1.8229
4.15,9.47396,3.03227,1.82006,9.72827,2.84735,1.82006
4.16,9.48352,3.00836,1.81722,9.73323,2.8158,1.81722
4.17,9.49299,2.98434,1.81437,9.73779,2.7844,1.81437
4.18,9.50238,2.96022,1.81152,9.74198,2.75318,1.81152
4.19,9.51169,2.93599,1.80867,9.7458,2.72213,1.80867
4.2,9.5209,2.91165,1.80582,9.74925,2.69127,1.80582
4.21,9.53004,2.88721,1.80296,9.75234,2.66061,1.80296
4.22,9.53908,2.86267,1.8001,9.75509,2.63015,1.8001
4.23,9.54804,2.83802,1.79724,9.7575,2.59991,1.79724
4.24,9.55692,2.81327,1.79437,9.75958,2.56989,1.79437
4.25,9.5657,2.78842,1.7915,9.76135,2.54009,1.7915
4.26,9.57441,2.76347,1.78863,9.76281,2.51054,1.78863
4.27,9.58302,2.73842,1.78576,9.76397,2.48122,1.78576
4.28,9.59155,2.71327,1.78288,9.76485,2.45214,1.78288
4.29,9.59999,2.68802,1.78,9.76545,2.42332,1.78
4.3,9.60835,2.66267,1.77712,9.7658,2.39475,1.77712
4.31,9.61662,2.63723,1.77424,9.7659,2.36645,1.77424
4.32,9.6248,2.6117,1.77135,9.76575,2.3384,1.77135
4.33,9.6329,2.58607,1.76846,9.76539,2.31062,1.76846
4.34,9.64091,2.56035,1.76557,9.76481,2.28311,1.76557
4.35,9.64884,2.53453,1.76268,9.76404,2.25587,1.76268
4.36,9.65667,2.50863,1.75978,9.76307,2.2289,1.75978
4.37,9.66442,2.48263,1.75688,9.76194,2.2022,1.75688
4.38,9.67209,2.45655,1.75398,9.76065,2.17578,1.75398
4.39,9.67966,2.43037,1.75108,9.75921,2.14963,1.75108
4.4,9.68715,2.40411,1.74818,9.75764,2.12375,1.74818
4.41,9.69455,2.37777,1.74527,9.75595,2.09814,1.74527
4.42,9.70187,2.35133,1.74236,9.75415,2.0728,1.74236
4.43,9.70909,2.32481,1.73945,9.75226,2.04773,1.73945
4.44,9.71623,2.29821,1.73653,9.7503,2.02292,1.73653
4.45,9.72329,2.27153,1.73362,9.74827,1.99838,1.73362
4.46,9.73025,2.24476,1.7307,9.74619,1.97409,1.7307
4.47,9.73713,2.21792,1.72778,9.74407,1.95006,1.72778
4.48,9.74392,2.19099,1.72486,9.74193,1.92628,1.72486
4.49,9.75062,2.16398,1.72193,9.73977,1.90274,1.72193
4.5,9.75723,2.1369,1.71901,9.73762,1.87944,1.71901
4.51,9.76376,2.10974,1.71608,9.73549,1.85637,1.71608
4.52,9.7702,2.0825,1.71315,9.73338,1.83354,1.71315
4.53,9.77655,2.05519,1.71022,9.73131,1.81092,1.71022
4.54,9.78281,2.02781,1.70728,9.7293,1.78851,1.70728
4.55,9.78899,2.00035,1.70435,9.72735,1.76631,1.70435
4.56,9.79507,1.97282,1.70141,9.72548,1.7443,1.70141
4.57,9.80107,1.94522,1.69847,9.7237,1.72248,1.69847
4.58,9.80698,1.91754,1.69553,9.72201,1.70085,1.69553
4.59,9.8128,1.8898,1.69259,9.72044,1.67938,1.69259
4.6,9.81854,1.862,1.68964,9.71899,1.65807,1.68964
4.61,9.82418,1.83412,1.68669,9.71767,1.63691,1.68669
4.62,9.82974,1.80618,1.68375,9.71649,1.61589,1.68375
4.63,9.83521,1.77817,1.6808,9.71547,1.59499,1.6808
4.64,9.84058,1.7501,1.67785,9.71461,1.57422,1.67785
4.65,9.84588,1.72197,1.67489,9.71391,1.55355,1.67489
4.66,9.85108,1.69377,1.67194,9.7134,1.53297,1.67194
4.67,9.85619,1.66552,1.66898,9.71306,1.51248,1.66898
4.68,9.86122,1.6372,1.66602,9.71293,1.49206,1.66602
4.69,9.86615,1.60882,1.66306,9.71299,1.47169,1.66306
4.7,9.871,1.58039,1.6601,9.71326,1.45137,1.6601
4.71,9.87576,1.5519,1.65714,9.71375,1.43109,1.65714
4.72,9.88043,1.52335,1.65418,9.71445,1.41082,1.65418
4.73,9.88501,1.49475,1.65121,9.71538,1.39056,1.65121
4.74,9.8895,1.4661,1.64825,9.71654,1.3703,1.64825
4.75,9.89391,1.43739,1.64528,9.71793,1.35002,1.64528
4.76,9.89822,1.40863,1.64231,9.71956,1.3297,1.64231
4.77,9.90244,1.37982,1.63934,9.72143,1.30934,1.63934
4.78,9.90658,1.35096,1.63637,9.72354,1.28893,1.63637
4.79,9.91063,1.32205,1.6334,9.7259,1.26844,1.6334
4.8,9.91458,1.2931,1.63042,9.72851,1.24787,1.63042
4.81,9.91845,1.26409,1.62745,9.73136,1.22721,1.62745
4.82,9.92223,1.23505,1.62447,9.73446,1.20643,1.62447
4.83,9.92592,1.20595,1.6215,9.73781,1.18554,1.6215
4.84,9.92952,1.17682,1.61852,9.74141,1.16451,1.61852
4.85,9.93303,1.14764,1.61554,9.74526,1.14333,1.61554
4.86,9.93645,1.11842,1.61256,9.74936,1.122,1.61256
4.87,9.93978,1.08916,1.60958,9.7537,1.1005,1.60958
4.88,9.94303,1.05986,1.60659,9.75828,1.07882,1.60659
4.89,9.94618,1.03052,1.60361,9.7631,1.05694,1.60361
4.9,9.94924,1.00115,1.60063,9.76816,1.03486,1.60063
4.91,9.95222,0.97174,1.59764,9.77345,1.01257,1.59764
4.92,9.9551,0.942294,1.59465,9.77897,0.990061,1.59465
4.93,9.9579,0.912815,1.59167,9.78471,0.967313,1.59167
4.94,9.9606,0.883303,1.58868,9.79066,0.944323,1.58868
4.95,9.96322,0.853759,1.58569,9.79683,0.921079,1.58569
4.96,9.96574,0.824185,1.5827,9.8032,0.897575,1.5827
4.97,9.96818,0.79458,1.57971,9.80977,0.873801,1.57971
4.98,9.97053,0.764947,1.57672,9.81653,0.849749,1.57672
4.99,9.97278,0.735287,1.57373,9.82348,0.825412,1.57373
5,9.97495,0.7056,1.57074,9.8306,0.800782,1.57074
5.01,9.97703,0.675888,1.56774,9.83788,0.775853,1.56774
5.02,9.97901,0.646151,1.56475,9.84532,0.750618,1.56475
5.03,9.98091,0.616391,1.56176,9.85291,0.725072,1.56176
5.04,9.98272,0.586609,1.55876,9.86064,0.699208,1.55876
5.05,9.98444,0.556806,1.55577,9.86849,0.673023,1.55577
5.06,9.98607,0.526983,1.55277,9.87646,0.646512,1.55277
5.07,9.9876,0.49714,1.54978,9.88454,0.61967,1.54978
5.08,9.98905,0.46728,1.54678,9.89271,0.592495,1.54678
5.09,9.99041,0.437403,1.54378,9.90097,0.564983,1.54378
5.1,9.99168,0.407511,1.54079,9.9093,0.537132,1.54079
5.11,9.99286,0.377603,1.53779,9.91769,0.50894,1.53779
5.12,9.99395,0.347682,1.53479,9.92612,0.480405,1.53479
5.13,9.99495,0.317749,1.53179,9.93459,0.451528,1.53179
5.14,9.99585,0.287804,1.52879,9.94308,0.422307,1.52879
5.15,9.99667,0.257849,1.52579,9.95158,0.392742,1.52579
5.16,9.9974,0.227884,1.52279,9.96008,0.362835,1.52279
5.17,9.99804,0.197912,1.5198,9.96856,0.332586,1.5198
5.18,9.99859,0.167932,1.5168,9.97701,0.301998,1.5168
5.19,9.99905,0.137946,1.5138,9.98542,0.271072,1.5138
5.2,9.99942,0.107955,1.5108,9.99377,0.239812,1.5108
5.21,9.9997,0.0779601,1.5078,10.0021,0.20822,1.5078
5.22,9.99988,0.0479625,1.5048,10.0103,0.176302,1.5048
5.23,9.99998,0.0179632,1.5018,10.0183,0.14406,1.5018
5.24,9.99999,-0.0120367,1.4988,10.0263,0.111501,1.4988
5.25,9.99991,-0.0420362,1.4958,10.0342,0.0786299,1.4958
5.26,9.99974,-0.0720342,1.4928,10.0419,0.0454524,1.4928
5.27,9.99948,-0.10203,1.4898,10.0495,0.0119752,1.4898
5.28,9.99913,-0.132021,1.4868,10.0569,-0.0217945,1.4868
5.29,9.99869,-0.162008,1.4838,10.0642,-0.0558491,1.4838
5.3,9.99816,-0.19199,1.4808,10.0712,-0.0901807,1.4808
5.31,9.99754,-0.221964,1.4778,10.078,-0.124781,1.4778
5.32,9.99682,-0.25193,1.4748,10.0847,-0.15964,1.4748
5.33,9.99602,-0.281887,1.4718,10.0911,-0.194749,1.4718
5.34,9.99513,-0.311834,1.4688,10.0972,-0.230098,1.4688
5.35,9.99415,-0.34177,1.4658,10.1031,-0.265676,1.4658
5.36,9.99308,-0.371694,1.4628,10.1088,-0.301473,1.4628
5.37,9.99192,-0.401604,1.45981,10.1142,-0.337478,1.45981
5.38,9.99067,-0.431499,1.45681,10.1193,-0.37368,1.45681
5.39,9.98933,-0.461379,1.45381,10.1241,-0.410066,1.45381
5.4,9.9879,-0.491243,1.45082,10.1286,-0.446624,1.45082
5.41,9.98638,-0.521089,1.44782,10.1328,-0.483342,1.44782
5.42,9.98477,-0.550916,1.44482,10.1366,-0.520208,1.44482
5.43,9.98307,-0.580723,1.44183,10.1402,-0.557208,1.44183
5.44,9.98128,-0.610509,1.43883,10.1434,-0.594329,1.43883
5.45,9.9794,-0.640274,1.43584,10.1463,-0.631558,1.43584
5.46,9.97743,-0.670015,1.43285,10.1488,-0.66888,1.43285
5.47,9.97537,-0.699732,1.42985,10.1509,-0.706283,1.42985
5.48,9.97322,-0.729424,1.42686,10.1527,-0.743752,1.42686
5.49,9.97098,-0.75909,1.42387,10.1541,-0.781273,1.42387
5.5,9.96865,-0.788728,1.42088,10.1552,-0.818832,1.42088
5.51,9.96623,-0.818338,1.41789,10.1558,-0.856414,1.41789
5.52,9.96372,-0.847919,1.4149,10.1561,-0.894004,1.4149
5.53,9.96113,-0.877469,1.41191,10.156,-0.931589,1.41191
5.54,9.95844,-0.906988,1.40892,10.1555,-0.969154,1.40892
5.55,9.95566,-0.936473,1.40594,10.1547,-1.00668,1.40594
5.56,9.95279,-0.965925,1.40295,10.1534,-1.04416,1.40295
5.57,9.94984,-0.995343,1.39996,10.1517,-1.08158,1.39996
5.58,9.94679,-1.02472,1.39698,10.1496,-1.11892,1.39698
5.59,9.94366,-1.05407,1.394,10.1472,-1.15616,1.394
5.6,9.94043,-1.08338,1.39101,10.1443,-1.1933,1.39101
5.61,9.93712,-1.11264,1.38803,10.141,-1.23032,1.38803
5.62,9.93371,-1.14187,1.38505,10.1373,-1.2672,1.38505
5.63,9.93022,-1.17106,1.38207,10.1332,-1.30394,1.38207
5.64,9.92664,-1.2002,1.37909,10.1288,-1.34052,1.37909
5.65,9.92297,-1.2293,1.37612,10.1239,-1.37692,1.37612
5.66,9.91921,-1.25836,1.37314,10.1186,-1.41313,1.37314
5.67,9.91535,-1.28737,1.37016,10.113,-1.44914,1.37016
5.68,9.91142,-1.31634,1.36719,10.1069,-1.48495,1.36719
5.69,9.90739,-1.34525,1.36422,10.1005,-1.52053,1.36422
5.7,9.90327,-1.37412,1.36125,10.0937,-1.55587,1.36125
5.71,9.89906,-1.40294,1.35828,10.0865,-1.59097,1.35828
5.72,9.89476,-1.43171,1.35531,10.0789,-1.62581,1.35531
5.73,9.89038,-1.46043,1.35234,10.071,-1.66038,1.35234
5.74,9.8859,-1.4891,1.34937,10.0628,-1.69468,1.34937
5.75,9.88134,-1.51771,1.34641,10.0541,-1.72869,1.34641
5.76,9.87669,-1.54626,1.34344,10.0452,-1.7624,1.34344
5.77,9.87195,-1.57477,1.34048,10.0359,-1.79581,1.34048
5.78,9.86712,-1.60321,1.33752,10.0262,-1.82891,1.33752
5.79,9.8622,-1.6316,1.33456,10.0163,-1.86169,1.33456
5.8,9.85719,-1.65993,1.3316,10.006,-1.89414,1.3316
5.81,9.8521,-1.68819,1.32865,9.99542,-1.92625,1.32865
5.82,9.84691,-1.7164,1.32569,9.98456,-1.95803,1.32569
5.83,9.84164,-1.74455,1.32274,9.97341,-1.98945,1.32274
5.84,9.83627,-1.77263,1.31979,9.96199,-2.02053,1.31979
5.85,9.83082,-1.80065,1.31684,9.9503,-2.05125,1.31684
5.86,9.82529,-1.8286,1.31389,9.93836,-2.0816,1.31389
5.87,9.81966,-1.85649,1.31094,9.92617,-2.1116,1.31094
5.88,9.81394,-1.88432,1.308,9.91376,-2.14122,1.308
5.89,9.80814,-1.91207,1.30505,9.90112,-2.17047,1.30505
5.9,9.80224,-1.93975,1.30211,9.88828,-2.19935,1.30211
5.91,9.79626,-1.96737,1.29917,9.87523,-2.22786,1.29917
5.92,9.7902,-1.99491,1.29623,9.86201,-2.25598,1.29623
5.93,9.78404,-2.02239,1.2933,9.8486,-2.28373,1.2933
5.94,9.77779,-2.04979,1.29036,9.83504,-2.3111,1.29036
5.95,9.77146,-2.07711,1.28743,9.82132,-2.3381,1.28743
5.96,9.76504,-2.10436,1.2845,9.80747,-2.36471,1.2845
5.97,9.75853,-2.13154,1.28157,9.79349,-2.39095,1.28157
5.98,9.75193,-2.15864,1.27865,9.7794,-2.41681,1.27865
5.99,9.74525,-2.18566,1.27572,9.76521,-2.4423,1.27572
6,9.73848,-2.2126,1.2728,9.75093,-2.46742,1.2728
6.01,9.73162,-2.23946,1.26988,9.73658,-2.49218,1.26988
6.02,9.72467,-2.26625,1.26696,9.72215,-2.51657,1.26696
6.03,9.71763,-2.29295,1.26404,9.70768,-2.54059,1.26404
6.04,9.71051,-2.31957,1.26113,9.69317,-2.56427,1.26113
6.05,9.7033,-2.3461,1.25822,9.67863,-2.58759,1.25822
6.06,9.696,-2.37255,1.25531,9.66407,-2.61056,1.25531
6.07,9.68862,-2.39891,1.2524,9.6495,-2.63319,1.2524
6.08,9.68115,-2.42519,1.24949,9.63494,-2.65549,1.24949
6.09,9.67359,-2.45138,1.24659,9.6204,-2.67746,1.24659
6.1,9.66594,-2.47749,1.24369,9.60589,-2.69911,1.24369
6.11,9.65821,-2.5035,1.24079,9.59141,-2.72044,1.24079
6.12,9.65039,-2.52942,1.23789,9.57699,-2.74146,1.23789
6.13,9.64248,-2.55526,1.235,9.56262,-2.76219,1.235
6.14,9.63449,-2.581,1.23211,9.54832,-2.78262,1.23211
6.15,9.62641,-2.60664,1.22922,9.5341,-2.80277,1.22922
6.16,9.61824,-2.6322,1.22633,9.51997,-2.82264,1.22633
6.17,9.60999,-2.65766,1.22345,9.50594,-2.84224,1.22345
6.18,9.60165,-2.68302,1.22057,9.49201,-2.86159,1.22057
6.19,9.59323,-2.70829,1.21769,9.4782,-2.88069,1.21769
6.2,9.58471,-2.73346,1.21481,9.46451,-2.89956,1.21481
6.21,9.57611,-2.75853,1.21194,9.45095,-2.91819,1.21194
6.22,9.56743,-2.7835,1.20907,9.43752,-2.9366,1.20907
6.23,9.55866,-2.80837,1.2062,9.42424,-2.95481,1.2062
6.24,9.5498,-2.83314,1.20333,9.41111,-2.97282,1.20333
6.25,9.54086,-2.85781,1.20047,9.39813,-2.99063,1.20047
6.26,9.53183,-2.88237,1.19761,9.38532,-3.00828,1.19761
6.27,9.52271,-2.90683,1.19475,9.37267,-3.02575,1.19475
6.28,9.51351,-2.93119,1.19189,9.36019,-3.04307,1.19189
6.29,9.50423,-2.95544,1.18904,9.34788,-3.06024,1.18904
6.3,9.49486,-2.97959,1.18619,9.33576,-3.07727,1.18619
6.31,9.4854,-3.00362,1.18334,9.32382,-3.09418,1.18334
6.32,9.47586,-3.02755,1.1805,9.31206,-3.11098,1.1805
6.33,9.46623,-3.05137,1.17766,9.30049,-3.12767,1.17766
6.34,9.45652,-3.07508,1.17482,9.28911,-3.14427,1.17482
6.35,9.44672,-3.09868,1.17198,9.27793,-3.16079,1.17198
6.36,9.43684,-3.12217,1.16915,9.26693,-3.17724,1.16915
6.37,9.42687,-3.14555,1.16632,9.25613,-3.19362,1.16632
6.38,9.41681,-3.16881,1.16349,9.24552,-3.20995,1.16349
6.39,9.40668,-3.19196,1.16067,9.23511,-3.22625,1.16067
6.4,9.39645,-3.21499,1.15785,9.22488,-3.24251,1.15785
6.41,9.38615,-3.23791,1.15503,9.21485,-3.25874,1.15503
6.42,9.37576,-3.26071,1.15222,9.20501,-3.27497,1.15222
6.43,9.36528,-3.2834,1.14941,9.19536,-3.29119,1.14941
6.44,9.35472,-3.30596,1.1466,9.1859,-3.30742,1.1466
6.45,9.34408,-3.32841,1.14379,9.17661,-3.32366,1.14379
6.46,9.33335,-3.35074,1.14099,9.16751,-3.33992,1.14099
6.47,9.32254,-3.37294,1.13819,9.15859,-3.35622,1.13819
6.48,9.31164,-3.39503,1.1354,9.14983,-3.37256,1.1354
6.49,9.30066,-3.41699,1.13261,9.14125,-3.38894,1.13261
6.5,9.2896,-3.43883,1.12982,9.13283,-3.40538,1.12982
6.51,9.27845,-3.46055,1.12703,9.12457,-3.42188,1.12703
6.52,9.26722,-3.48214,1.12425,9.11646,-3.43845,1.12425
6.53,9.25591,-3.5036,1.12147,9.10849,-3.45509,1.12147
6.54,9.24451,-3.52494,1.1187,9.10067,-3.47182,1.1187
6.55,9.23303,-3.54616,1.11593,9.09299,-3.48863,1.11593
6.56,9.22146,-3.56724,1.11316,9.08543,-3.50553,1.11316
6.57,9.20982,-3.5882,1.11039,9.07799,-3.52254,1.11039
6.58,9.19809,-3.60903,1.10763,9.07066,-3.53964,1.10763
6.59,9.18627,-3.62972,1.10488,9.06344,-3.55685,1.10488
6.6,9.17438,-3.65029,1.10212,9.05632,-3.57417,1.10212
6.61,9.1624,-3.67073,1.09937,9.04929,-3.59161,1.09937
6.62,9.15034,-3.69103,1.09662,9.04233,-3.60916,1.09662
6.63,9.1382,-3.7112,1.09388,9.03545,-3.62683,1.09388
6.64,9.12597,-3.73124,1.09114,9.02863,-3.64462,1.09114
6.65,9.11367,-3.75114,1.0884,9.02187,-3.66254,1.0884
6.66,9.10128,-3.77091,1.08567,9.01515,-3.68058,1.08567
6.67,9.08881,-3.79054,1.08294,9.00846,-3.69875,1.08294
6.68,9.07626,-3.81004,1.08022,9.0018,-3.71705,1.08022
6.69,9.06362,-3.8294,1.0775,8.99515,-3.73547,1.0775
6.7,9.05091,-3.84862,1.07478,8.98851,-3.75402,1.07478
6.71,9.03811,-3.8677,1.07207,8.98186,-3.7727,1.07207
6.72,9.02523,-3.88664,1.06936,8.9752,-3.7915,1.06936
6.73,9.01227,-3.90544,1.06665,8.96851,-3.81043,1.06665
6.74,8.99923,-3.92411,1.06395,8.96178,-3.82947,1.06395
6.75,8.98611,-3.94263,1.06125,8.95501,-3.84864,1.06125
6.76,8.9729,-3.96101,1.05856,8.94818,-3.86792,1.05856
6.77,8.95962,-3.97924,1.05587,8.94128,-3.88732,1.05587
6.78,8.94626,-3.99733,1.05318,8.9343,-3.90683,1.05318
6.79,8.93281,-4.01528,1.0505,8.92723,-3.92644,1.0505
6.8,8.91929,-4.03309,1.04782,8.92007,-3.94616,1.04782
6.81,8.90568,-4.05075,1.04515,8.91279,-3.96597,1.04515
6.82,8.892,-4.06826,1.04248,8.90539,-3.98587,1.04248
6.83,8.87823,-4.08563,1.03981,8.89786,-4.00586,1.03981
6.84,8.86438,-4.10285,1.03715,8.89019,-4.02593,1.03715
6.85,8.85046,-4.11992,1.0345,8.88237,-4.04607,1.0345
6.86,8.83645,-4.13685,1.03184,8.87439,-4.06628,1.03184
6.87,8.82237,-4.15362,1.02919,8.86624,-4.08654,1.02919
6.88,8.80821,-4.17025,1.02655,8.8579,-4.10686,1.02655
6.89,8.79396,-4.18672,1.02391,8.84938,-4.12722,1.02391
6.9,8.77964,-4.20305,1.02127,8.84066,-4.14762,1.02127
6.91,8.76524,-4.21922,1.01864,8.83172,-4.16804,1.01864
6.92,8.75076,-4.23524,1.01601,8.82257,-4.18848,1.01601
6.93,8.7362,-4.25111,1.01339,8.8132,-4.20893,1.01339
6.94,8.72156,-4.26683,1.01077,8.80359,-4.22938,1.01077
6.95,8.70685,-4.28239,1.00816,8.79373,-4.24982,1.00816
6.96,8.69205,-4.2978,1.00555,8.78363,-4.27023,1.00555
6.97,8.67718,-4.31305,1.00294,8.77327,-4.29062,1.00294
6.98,8.66223,-4.32815,1.00034,8.76265,-4.31097,1.00034
6.99,8.6472,-4.34309,0.997746,8.75175,-4.33126,0.997746
7,8.63209,-4.35788,0.995154,8.74058,-4.35149,0.995154
7.01,8.61691,-4.37251,0.992567,8.72912,-4.37165,0.992567
7.02,8.60165,-4.38698,0.989984,8.71737,-4.39172,0.989984
7.03,8.58631,-4.40129,0.987406,8.70533,-4.41169,0.987406
7.04,8.57089,-4.41545,0.984832,8.69299,-4.43156,0.984832
7.05,8.5554,-4.42945,0.982263,8.68034,-4.45131,0.982263
7.06,8.53983,-4.44328,0.979699,8.66738,-4.47093,0.979699
7.07,8.52418,-4.45696,0.977139,8.65412,-4.4904,0.977139
7.08,8.50846,-4.47048,0.974584,8.64053,-4.50973,0.974584
7.09,8.49266,-4.48383,0.972034,8.62663,-4.52888,0.972034
7.1,8.47678,-4.49703,0.969489,8.6124,-4.54787,0.969489
7.11,8.46082,-4.51006,0.966948,8.59785,-4.56666,0.966948
7.12,8.4448,-4.52293,0.964412,8.58298,-4.58525,0.964412
7.13,8.42869,-4.53564,0.961881,8.56778,-4.60364,0.961881
7.14,8.41251,-4.54818,0.959355,8.55225,-4.6218,0.959355
7.15,8.39625,-4.56056,0.956834,8.53639,-4.63973,0.956834
7.16,8.37992,-4.57278,0.954317,8.52021,-4.65742,0.954317
7.17,8.36351,-4.58483,0.951806,8.50369,-4.67485,0.951806
7.18,8.34703,-4.59671,0.949299,8.48685,-4.69202,0.949299
7.19,8.33047,-4.60844,0.946798,8.46969,-4.70892,0.946798
7.2,8.31383,-4.61999,0.944301,8.4522,-4.72553,0.944301
7.21,8.29713,-4.63138,0.941809,8.43438,-4.74185,0.941809
7.22,8.28034,-4.6426,0.939323,8.41625,-4.75786,0.939323
7.23,8.26349,-4.65366,0.936841,8.3978,-4.77357,0.936841
7.24,8.24655,-4.66454,0.934365,8.37904,-4.78895,0.934365
7.25,8.22955,-4.67526,0.931893,8.35997,-4.804,0.931893
7.26,8.21247,-4.68581,0.929427,8.34059,-4.81872,0.929427
7.27,8.19531,-4.6962,0.926966,8.32092,-4.8331,0.926966
7.28,8.17809,-4.70641,0.92451,8.30094,-4.84712,0.92451
7.29,8.16078,-4.71645,0.922059,8.28068,-4.86079,0.922059
7.3,8.14341,-4.72633,0.919613,8.26014,-4.87409,0.919613
7.31,8.12596,-4.73603,0.917173,8.23931,-4.88702,0.917173
7.32,8.10844,-4.74556,0.914738,8.21821,-4.89957,0.914738
7.33,8.09085,-4.75493,0.912308,8.19685,-4.91175,0.912308
7.34,8.07318,-4.76412,0.909883,8.17523,-4.92353,0.909883
7.35,8.05544,-4.77314,0.907464,8.15336,-4.93493,0.907464
7.36,8.03763,-4.78199,0.90505,8.13125,-4.94593,0.90505
7.37,8.01974,-4.79066,0.902641,8.1089,-4.95654,0.902641
7.38,8.00178,-4.79917,0.900238,8.08633,-4.96675,0.900238
7.39,7.98376,-4.8075,0.89784,8.06353,-4.97655,0.89784
7.4,7.96565,-4.81565,0.895448,8.04053,-4.98595,0.895448
7.41,7.94748,-4.82364,0.893061,8.01733,-4.99494,0.893061
7.42,7.92924,-4.83145,0.890679,7.99393,-5.00352,0.890679
7.43,7.91092,-4.83909,0.888303,7.97035,-5.01169,0.888303
7.44,7.89254,-4.84655,0.885933,7.9466,-5.01945,0.885933
7.45,7.87408,-4.85384,0.883568,7.92269,-5.02681,0.883568
7.46,7.85555,-4.86095,0.881208,7.89862,-5.03375,0.881208
7.47,7.83695,-4.86789,0.878854,7.87441,-5.04028,0.878854
7.48,7.81828,-4.87465,0.876506,7.85007,-5.04641,0.876506
7.49,7.79954,-4.88124,0.874163,7.8256,-5.05213,0.874163
7.5,7.78073,-4.88765,0.871826,7.80102,-5.05745,0.871826
7.51,7.76185,-4.89389,0.869495,7.77633,-5.06236,0.869495
7.52,7.7429,-4.89995,0.867169,7.75155,-5.06688,0.867169
7.53,7.72388,-4.90583,0.864849,7.72668,-5.071,0.864849
7.54,7.70479,-4.91154,0.862535,7.70175,-5.07472,0.862535
7.55,7.68563,-4.91707,0.860226,7.67675,-5.07806,0.860226
7.56,7.66641,-4.92242,0.857924,7.65169,-5.08101,0.857924
7.57,7.64711,-4.92759,0.855627,7.62659,-5.08359,0.855627
7.58,7.62774,-4.93259,0.853335,7.60146,-5.08578,0.853335
7.59,7.60831,-4.93741,0.85105,7.5763,-5.08761,0.85105
7.6,7.58881,-4.94206,0.84877,7.55112,-5.08907,0.84877
7.61,7.56924,-4.94652,0.846497,7.52595,-5.09017,0.846497
7.62,7.5496,-4.95081,0.844229,7.50077,-5.09091,0.844229
7.63,7.52989,-4.95492,0.841967,7.47561,-5.09131,0.841967
7.64,7.51012,-4.95885,0.839711,7.45047,-5.09137,0.839711
7.65,7.49027,-4.9626,0.837461,7.42536,-5.09109,0.837461
7.66,7.47036,-4.96617,0.835217,7.40028,-5.09048,0.835217
7.67,7.45039,-4.96957,0.832979,7.37526,-5.08955,0.832979
7.68,7.43034,-4.97278,0.830746,7.35029,-5.08831,0.830746
7.69,7.41023,-4.97582,0.82852,7.32538,-5.08676,0.82852
7.7,7.39005,-4.97868,0.8263,7.30055,-5.08492,0.8263
7.71,7.36981,-4.98135,0.824086,7.27579,-5.08278,0.824086
7.72,7.3495,-4.98385,0.821878,7.25112,-5.08036,0.821878
7.73,7.32912,-4.98617,0.819677,7.22654,-5.07766,0.819677
7.74,7.30868,-4.98831,0.817481,7.20206,-5.0747,0.817481
7.75,7.28817,-4.99027,0.815291,7.17768,-5.07148,0.815291
7.76,7.2676,-4.99205,0.813108,7.15341,-5.06801,0.813108
7.77,7.24696,-4.99365,0.810931,7.12926,-5.0643,0.810931
7.78,7.22625,-4.99507,0.80876,7.10523,-5.06036,0.80876
7.79,7.20548,-4.99632,0.806595,7.08132,-5.05619,0.806595
7.8,7.18465,-4.99738,0.804437,7.05755,-5.05181,0.804437
7.81,7.16375,-4.99826,0.802284,7.03391,-5.04722,0.802284
7.82,7.14279,-4.99896,0.800138,7.01041,-5.04243,0.800138
7.83,7.12176,-4.99948,0.797999,6.98705,-5.03745,0.797999
7.84,7.10067,-4.99982,0.795865,6.96384,-5.03229,0.795865
7.85,7.07951,-4.99999,0.793738,6.94077,-5.02697,0.793738
7.86,7.05829,-4.99997,0.791618,6.91785,-5.02147,0.791618
7.87,7.03701,-4.99977,0.789503,6.89509,-5.01583,0.789503
7.88,7.01566,-4.99939,0.787395,6.87248,-5.01003,0.787395
7.89,6.99425,-4.99883,0.785294,6.85003,-5.0041,0.785294
7.9,6.97278,-4.99809,0.783199,6.82773,-4.99804,0.783199
7.91,6.95124,-4.99718,0.78111,6.80559,-4.99186,0.78111
7.92,6.92964,-4.99608,0.779028,6.78361,-4.98556,0.779028
7.93,6.90798,-4.9948,0.776953,6.76179,-4.97916,0.776953
7.94,6.88626,-4.99334,0.774883,6.74012,-4.97267,0.774883
7.95,6.86448,-4.9917,0.772821,6.71861,-4.96608,0.772821
7.96,6.84263,-4.98989,0.770765,6.69726,-4.95941,0.770765
7.97,6.82072,-4.98789,0.768715,6.67606,-4.95266,0.768715
7.98,6.79875,-4.98571,0.766672,6.65501,-4.94585,0.766672
7.99,6.77672,-4.98336,0.764636,6.63411,-4.93897,0.764636
8,6.75463,-4.98082,0.762606,6.61336,-4.93204,0.762606
8.01,6.73248,-4.97811,0.760583,6.59275,-4.92506,0.760583
8.02,6.71027,-4.97521,0.758567,6.57229,-4.91804,0.758567
8.03,6.68799,-4.97214,0.756557,6.55196,-4.91098,0.756557
8.04,6.66566,-4.96889,0.754554,6.53177,-4.9039,0.754554
8.05,6.64327,-4.96546,0.752558,6.51171,-4.89678,0.752558
8.06,6.62081,-4.96185,0.750568,6.49178,-4.88965,0.750568
8.07,6.5983,-4.95806,0.748585,6.47197,-4.8825,0.748585
8.08,6.57573,-4.95409,0.746609,6.45228,-4.87534,0.746609
8.09,6.5531,-4.94995,0.74464,6.4327,-4.86818,0.74464
8.1,6.53041,-4.94563,0.742677,6.41322,-4.86101,0.742677
8.11,6.50766,-4.94113,0.740722,6.39385,-4.85384,0.740722
8.12,6.48485,-4.93645,0.738773,6.37458,-4.84668,0.738773
8.13,6.46198,-4.93159,0.736831,6.35539,-4.83952,0.736831
8.14,6.43906,-4.92655,0.734895,6.33629,-4.83238,0.734895
8.15,6.41608,-4.92134,0.732967,6.31726,-4.82525,0.732967
8.16,6.39304,-4.91595,0.731046,6.29831,-4.81813,0.731046
8.17,6.36994,-4.91039,0.729131,6.27942,-4.81103,0.729131
8.18,6.34679,-4.90465,0.727224,6.26058,-4.80396,0.727224
8.19,6.32358,-4.89873,0.725323,6.2418,-4.7969,0.725323
8.2,6.30031,-4.89263,0.72343,6.22305,-4.78986,0.72343
8.21,6.27698,-4.88636,0.721543,6.20434,-4.78284,0.721543
8.22,6.2536,-4.87991,0.719664,6.18566,-4.77584,0.719664
8.23,6.23016,-4.87329,0.717791,6.167,-4.76887,0.717791
8.24,6.20667,-4.86649,0.715925,6.14835,-4.76192,0.715925
8.25,6.18312,-4.85952,0.714067,6.12971,-4.75499,0.714067
8.26,6.15951,-4.85237,0.712216,6.11106,-4.74808,0.712216
8.27,6.13585,-4.84504,0.710371,6.0924,-4.74118,0.710371
8.28,6.11213,-4.83754,0.708534,6.07372,-4.73431,0.708534
8.29,6.08836,-4.82987,0.706704,6.05501,-4.72745,0.706704
8.3,6.06454,-4.82203,0.704881,6.03627,-4.7206,0.704881
8.31,6.04065,-4.81401,0.703065,6.01748,-4.71376,0.703065
8.32,6.01672,-4.80581,0.701257,5.99864,-4.70693,0.701257
8.33,5.99273,-4.79745,0.699455,5.97974,-4.70011,0.699455
8.34,5.96869,-4.78891,0.697661,5.96077,-4.69328,0.697661
8.35,5.94459,-4.7802,0.695874,5.94172,-4.68645,0.695874
8.36,5.92044,-4.77132,0.694094,5.92259,-4.67962,0.694094
8.37,5.89624,-4.76226,0.692322,5.90337,-4.67278,0.692322
8.38,5.87198,-4.75303,0.690557,5.88405,-4.66592,0.690557
8.39,5.84767,-4.74364,0.688799,5.86461,-4.65904,0.688799
8.4,5.82331,-4.73407,0.687048,5.84507,-4.65213,0.687048
8.41,5.79889,-4.72433,0.685305,5.8254,-4.6452,0.685305
8.42,5.77442,-4.71442,0.683569,5.80559,-4.63823,0.683569
8.43,5.74991,-4.70434,0.68184,5.78565,-4.63122,0.68184
8.44,5.72534,-4.6941,0.680119,5.76557,-4.62416,0.680119
8.45,5.70071,-4.68368,0.678405,5.74533,-4.61705,0.678405
8.46,5.67604,-4.67309,0.676698,5.72493,-4.60988,0.676698
8.47,5.65132,-4.66234,0.674999,5.70437,-4.60265,0.674999
8.48,5.62654,-4.65142,0.673307,5.68364,-4.59534,0.673307
8.49,5.60171,-4.64033,0.671623,5.66272,-4.58795,0.671623
8.5,5.57684,-4.62907,0.669946,5.64163,-4.58048,0.669946
8.51,5.55191,-4.61765,0.668277,5.62034,-4.57291,0.668277
8.52,5.52693,-4.60606,0.666615,5.59886,-4.56524,0.666615
8.53,5.50191,-4.59431,0.664961,5.57717,-4.55747,0.664961
8.54,5.47683,-4.58239,0.663314,5.55528,-4.54958,0.663314
8.55,5.45171,-4.5703,0.661675,5.53318,-4.54157,0.661675
8.56,5.42653,-4.55805,0.660043,5.51086,-4.53342,0.660043
8.57,5.40131,-4.54564,0.658419,5.48833,-4.52515,0.658419
8.58,5.37604,-4.53306,0.656802,5.46557,-4.51672,0.656802
8.59,5.35072,-4.52032,0.655193,5.44258,-4.50814,0.655193
8.6,5.32535,-4.50742,0.653592,5.41937,-4.49941,0.653592
8.61,5.29993,-4.49435,0.651998,5.39592,-4.4905,0.651998
8.62,5.27447,-4.48113,0.650412,5.37224,-4.48142,0.650412
8.63,5.24896,-4.46774,0.648833,5.34831,-4.47216,0.648833
8.64,5.2234,-4.45419,0.647263,5.32415,-4.46271,0.647263
8.65,5.19779,-4.44048,0.645699,5.29975,-4.45306,0.645699
8.66,5.17214,-4.42661,0.644144,5.2751,-4.4432,0.644144
8.67,5.14644,-4.41258,0.642596,5.25021,-4.43314,0.642596
8.68,5.1207,-4.39839,0.641056,5.22508,-4.42285,0.641056
8.69,5.09491,-4.38405,0.639524,5.1997,-4.41235,0.639524
8.7,5.06907,-4.36954,0.637999,5.17407,-4.4016,0.637999
8.71,5.04319,-4.35488,0.636482,5.1482,-4.39062,0.636482
8.72,5.01726,-4.34006,0.634973,5.12209,-4.3794,0.634973
8.73,4.99128,-4.32509,0.633472,5.09574,-4.36792,0.633472
8.74,4.96527,-4.30996,0.631978,5.06914,-4.35619,0.631978
8.75,4.9392,-4.29467,0.630493,5.0423,-4.3442,0.630493
8.76,4.9131,-4.27923,0.629015,5.01523,-4.33194,0.629015
8.77,4.88694,-4.26364,0.627545,4.98792,-4.3194,0.627545
8.78,4.86075,-4.24789,0.626083,4.96038,-4.30659,0.626083
8.79,4.83451,-4.23199,0.624629,4.93261,-4.29349,0.624629
8.8,4.80823,-4.21594,0.623182,4.90461,-4.28011,0.623182
8.81,4.7819,-4.19973,0.621744,4.87639,-4.26644,0.621744
8.82,4.75553,-4.18338,0.620313,4.84795,-4.25247,0.620313
8.83,4.72912,-4.16687,0.61889,4.81929,-4.23821,0.61889
8.84,4.70266,-4.15022,0.617476,4.79043,-4.22364,0.617476
8.85,4.67617,-4.13341,0.616069,4.76136,-4.20877,0.616069
8.86,4.64963,-4.11646,0.61467,4.73209,-4.19359,0.61467
8.87,4.62305,-4.09935,0.613279,4.70263,-4.17811,0.613279
8.88,4.59643,-4.0821,0.611896,4.67297,-4.16231,0.611896
8.89,4.56976,-4.06471,0.610521,4.64313,-4.1462,0.610521
8.9,4.54306,-4.04716,0.609154,4.61312,-4.12977,0.609154
8.91,4.51631,-4.02947,0.607795,4.58293,-4.11303,0.607795
8.92,4.48952,-4.01164,0.606444,4.55257,-4.09598,0.606444
8.93,4.4627,-3.99366,0.605102,4.52206,-4.0786,0.605102
8.94,4.43583,-3.97554,0.603767,4.49139,-4.06091,0.603767
8.95,4.40892,-3.95727,0.60244,4.46058,-4.04291,0.60244
8.96,4.38198,-3.93887,0.601121,4.42963,-4.02459,0.601121
8.97,4.35499,-3.92032,0.599811,4.39855,-4.00595,0.599811
8.98,4.32797,-3.90162,0.598508,4.36734,-3.987,0.598508
8.99,4.3009,-3.88279,0.597214,4.33602,-3.96773,0.597214
9,4.2738,-3.86382,0.595928,4.30458,-3.94816,0.595928
9.01,4.24666,-3.84471,0.59465,4.27305,-3.92827,0.59465
9.02,4.21948,-3.82546,0.59338,4.24142,-3.90808,0.59338
9.03,4.19226,-3.80608,0.592118,4.2097,-3.88759,0.592118
9.04,4.16501,-3.78655,0.590865,4.17791,-3.86679,0.590865
9.05,4.13771,-3.76689,0.589619,4.14604,-3.84569,0.589619
9.06,4.11038,-3.7471,0.588382,4.11411,-3.8243,0.588382
9.07,4.08302,-3.72717,0.587153,4.08212,-3.80261,0.587153
9.08,4.05561,-3.7071,0.585932,4.05009,-3.78064,0.585932
9.09,4.02817,-3.68691,0.58472,4.01802,-3.75838,0.58472
9.1,4.00069,-3.66658,0.583515,3.98591,-3.73584,0.583515
9.11,3.97318,-3.64611,0.582319,3.95378,-3.71303,0.582319
9.12,3.94563,-3.62552,0.581131,3.92164,-3.68994,0.581131
9.13,3.91805,-3.6048,0.579952,3.88948,-3.66659,0.579952
9.14,3.89043,-3.58394,0.57878,3.85732,-3.64298,0.57878
9.15,3.86278,-3.56296,0.577617,3.82517,-3.61911,0.577617
9.16,3.83509,-3.54185,0.576463,3.79303,-3.59499,0.576463
9.17,3.80736,-3.52061,0.575316,3.76091,-3.57062,0.575316
9.18,3.77961,-3.49924,0.574178,3.72882,-3.54602,0.574178
9.19,3.75182,-3.47775,0.573049,3.69677,-3.52118,0.573049
9.2,3.72399,-3.45613,0.571927,3.66475,-3.49612,0.571927
9.21,3.69613,-3.43439,0.570814,3.63279,-3.47083,0.570814
9.22,3.66824,-3.41253,0.56971,3.60088,-3.44533,0.56971
9.23,3.64031,-3.39054,0.568613,3.56903,-3.41962,0.568613
9.24,3.61236,-3.36843,0.567525,3.53724,-3.39371,0.567525
9.25,3.58437,-3.3462,0.566446,3.50553,-3.3676,0.566446
9.26,3.55634,-3.32385,0.565375,3.4739,-3.34131,0.565375
9.27,3.52829,-3.30138,0.564312,3.44236,-3.31483,0.564312
9.28,3.5002,-3.27879,0.563258,3.41091,-3.28818,0.563258
9.29,3.47208,-3.25608,0.562212,3.37955,-3.26137,0.562212
9.3,3.44393,-3.23325,0.561175,3.34829,-3.23439,0.561175
9.31,3.41575,-3.21031,0.560146,3.31714,-3.20726,0.560146
9.32,3.38754,-3.18725,0.559125,3.2861,-3.17999,0.559125
9.33,3.3593,-3.16408,0.558113,3.25517,-3.15258,0.558113
9.34,3.33103,-3.1408,0.55711,3.22436,-3.12503,0.55711
9.35,3.30273,-3.1174,0.556115,3.19367,-3.09736,0.556115
9.36,3.2744,-3.09389,0.555128,3.16311,-3.06958,0.555128
9.37,3.24604,-3.07026,0.55415,3.13268,-3.04169,0.55415
9.38,3.21765,-3.04653,0.55318,3.10238,-3.01369,0.55318
9.39,3.18923,-3.02269,0.552219,3.07222,-2.9856,0.552219
9.4,3.16078,-2.99874,0.551267,3.04219,-2.95743,0.551267
9.41,3.1323,-2.97468,0.550323,3.0123,-2.92917,0.550323
9.42,3.1038,-2.95051,0.549387,2.98255,-2.90084,0.549387
9.43,3.07527,-2.92624,0.548461,2.95295,-2.87244,0.548461
9.44,3.04671,-2.90186,0.547542,2.92349,-2.84398,0.547542
9.45,3.01812,-2.87738,0.546633,2.89418,-2.81548,0.546633
9.46,2.9895,-2.85279,0.545731,2.86502,-2.78692,0.545731
9.47,2.96086,-2.8281,0.544839,2.836,-2.75833,0.544839
9.48,2.9322,-2.80331,0.543955,2.80713,-2.7297,0.543955
9.49,2.9035,-2.77842,0.54308,2.7784,-2.70105,0.54308
9.5,2.87478,-2.75343,0.542213,2.74983,-2.67238,0.542213
9.51,2.84603,-2.72834,0.541355,2.7214,-2.64369,0.541355
9.52,2.81726,-2.70315,0.540505,2.69311,-2.615,0.540505
9.53,2.78846,-2.67786,0.539664,2.66497,-2.58631,0.539664
9.54,2.75964,-2.65248,0.538832,2.63697,-2.55762,0.538832
9.55,2.73079,-2.627,0.538009,2.60912,-2.52893,0.538009
9.56,2.70192,-2.60143,0.537194,2.5814,-2.50027,0.537194
9.57,2.67303,-2.57576,0.536387,2.55383,-2.47162,0.536387
9.58,2.64411,-2.55,0.53559,2.52638,-2.443,0.53559
9.59,2.61516,-2.52415,0.534801,2.49908,-2.4144,0.534801
9.6,2.58619,-2.49821,0.534021,2.4719,-2.38584,0.534021
9.61,2.5572,-2.47218,0.533249,2.44484,-2.35732,0.533249
9.62,2.52819,-2.44606,0.532486,2.41791,-2.32884,0.532486
9.63,2.49915,-2.41985,0.531732,2.3911,-2.30041,0.531732
9.64,2.47009,-2.39355,0.530987,2.36441,-2.27202,0.530987
9.65,2.44101,-2.36717,0.53025,2.33783,-2.24369,0.53025
9.66,2.41191,-2.3407,0.529522,2.31135,-2.21542,0.529522
9.67,2.38278,-2.31415,0.528803,2.28498,-2.1872,0.528803
9.68,2.35364,-2.28752,0.528093,2.25871,-2.15905,0.528093
9.69,2.32447,-2.2608,0.527391,2.23254,-2.13096,0.527391
9.7,2.29528,-2.234,0.526698,2.20645,-2.10294,0.526698
9.71,2.26607,-2.20712,0.526014,2.18045,-2.07498,0.526014
9.72,2.23684,-2.18016,0.525338,2.15452,-2.0471,0.525338
9.73,2.20759,-2.15313,0.524672,2.12867,-2.01929,0.524672
9.74,2.17832,-2.12601,0.524014,2.10289,-1.99155,0.524014
9.75,2.14903,-2.09882,0.523365,2.07717,-1.96389,0.523365
9.76,2.11972,-2.07155,0.522724,2.05151,-1.9363,0.522724
9.77,2.09039,-2.04421,0.522093,2.0259,-1.90879,0.522093
9.78,2.06105,-2.0168,0.52147,2.00034,-1.88136,0.52147
9.79,2.03168,-1.98931,0.520856,1.97481,-1.854,0.520856
9.8,2.0023,-1.96175,0.520251,1.94932,-1.82672,0.520251
9.81,1.9729,-1.93412,0.519655,1.92386,-1.79951,0.519655
9.82,1.94348,-1.90642,0.519067,1.89842,-1.77238,0.519067
9.83,1.91404,-1.87865,0.518489,1.87299,-1.74533,0.518489
9.84,1.88459,-1.85082,0.517919,1.84757,-1.71834,0.517919
9.85,1.85512,-1.82292,0.517358,1.82215,-1.69143,0.517358
9.86,1.82563,-1.79495,0.516806,1.79673,-1.6646,0.516806
9.87,1.79613,-1.76692,0.516263,1.7713,-1.63783,0.516263
9.88,1.76661,-1.73882,0.515728,1.74586,-1.61113,0.515728
9.89,1.73707,-1.71066,0.515203,1.72039,-1.58449,0.515203
9.9,1.70752,-1.68244,0.514686,1.69489,-1.55792,0.514686
9.91,1.67795,-1.65416,0.514178,1.66936,-1.53141,0.514178
9.92,1.64837,-1.62582,0.513679,1.64378,-1.50496,0.513679
9.93,1.61877,-1.59742,0.513189,1.61816,-1.47857,0.513189
9.94,1.58916,-1.56897,0.512708,1.59248,-1.45222,0.512708
9.95,1.55953,-1.54045,0.512236,1.56675,-1.42593,0.512236
9.96,1.52989,-1.51188,0.511772,1.54094,-1.39969,0.511772
9.97,1.50024,-1.48326,0.511318,1.51507,-1.37348,0.511318
9.98,1.47057,-1.45459,0.510872,1.48912,-1.34732,0.510872
9.99,1.44089,-1.42586,0.510435,1.46309,-1.3212,0.510435
10,1.4112,-1.39708,0.510008,1.43697,-1.2951,0.510008
10.01,1.38149,-1.36825,0.509589,1.41076,-1.26904,0.509589
10.02,1.35178,-1.33937,0.509179,1.38445,-1.24299,0.509179
10.03,1.32204,-1.31044,0.508778,1.35803,-1.21697,0.508778
10.04,1.2923,-1.28147,0.508385,1.33151,-1.19097,0.508385
10.05,1.26255,-1.25244,0.508002,1.30487,-1.16498,0.508002
10.06,1.23278,-1.22338,0.507628,1.27812,-1.13899,0.507628
10.07,1.20301,-1.19427,0.507262,1.25124,-1.11301,0.507262
10.08,1.17322,-1.16512,0.506906,1.22424,-1.08702,0.506906
10.09,1.14342,-1.13592,0.506559,1.19711,-1.06103,0.506559
10.1,1.11361,-1.10669,0.50622,1.16984,-1.03503,0.50622
10.11,1.08379,-1.07741,0.50589,1.14244,-1.00901,0.50589
10.12,1.05397,-1.0481,0.50557,1.1149,-0.982972,0.50557
10.13,1.02413,-1.01874,0.505258,1.08721,-0.956909,0.505258
10.14,0.994281,-0.989354,0.504955,1.05937,-0.930816,0.504955
10.15,0.964425,-0.95993,0.504661,1.03139,-0.904689,0.504661
10.16,0.934561,-0.930471,0.504377,1.00325,-0.878523,0.504377
10.17,0.904688,-0.900978,0.504101,0.974966,-0.852314,0.504101
10.18,0.874807,-0.871453,0.503834,0.94652,-0.826056,0.503834
10.19,0.844918,-0.841897,0.503576,0.917918,-0.799745,0.503576
10.2,0.815022,-0.81231,0.503327,0.889156,-0.773377,0.503327
10.21,0.785118,-0.782694,0.503087,0.860234,-0.746947,0.503087
10.22,0.755207,-0.75305,0.502856,0.831151,-0.72045,0.502856
10.23,0.725289,-0.723379,0.502634,0.801906,-0.693884,0.502634
10.24,0.695365,-0.693682,0.502421,0.772499,-0.667243,0.502421
10.25,0.665434,-0.66396,0.502216,0.742929,-0.640522,0.502216
10.26,0.635498,-0.634213,0.502021,0.713197,-0.61372,0.502021
10.27,0.605556,-0.604445,0.501835,0.683303,-0.58683,0.501835
10.28,0.575608,-0.574654,0.501658,0.653247,-0.55985,0.501658
10.29,0.545655,-0.544842,0.50149,0.623031,-0.532776,0.50149
10.3,0.515698,-0.515011,0.501331,0.592656,-0.505605,0.501331
10.31,0.485735,-0.485162,0.50118,0.562122,-0.478333,0.50118
10.32,0.455769,-0.455295,0.501039,0.531431,-0.450956,0.501039
10.33,0.425798,-0.425412,0.500907,0.500586,-0.423473,0.500907
10.34,0.395823,-0.395513,0.500784,0.469588,-0.39588,0.500784
10.35,0.365845,-0.3656,0.500669,0.438439,-0.368175,0.500669
10.36,0.335863,-0.335674,0.500564,0.407143,-0.340354,0.500564
10.37,0.305879,-0.305736,0.500468,0.375701,-0.312416,0.500468
10.38,0.275892,-0.275787,0.500381,0.344117,-0.284359,0.500381
10.39,0.245902,-0.245827,0.500302,0.312395,-0.25618,0.500302
10.4,0.21591,-0.215859,0.500233,0.280536,-0.227879,0.500233
10.41,0.185916,-0.185884,0.500173,0.248546,-0.199452,0.500173
10.42,0.15592,-0.155901,0.500122,0.216427,-0.1709,0.500122
10.43,0.125923,-0.125913,0.500079,0.184184,-0.14222,0.500079
10.44,0.0959251,-0.0959207,0.500046,0.151821,-0.113413,0.500046
10.45,0.0659261,-0.0659246,0.500022,0.119342,-0.0844763,0.500022
10.46,0.0359265,-0.0359262,0.500006,0.0867523,-0.0554106,0.500006
10.47,0.00592654,-0.00592653,0.5,0.054056,-0.0262153,0.5
10.48,-0.0240734,0.0240734,0.500003,0.0212581,0.0031096,0.500003
10.49,-0.0540732,0.0540724,0.500015,-0.0116365,0.0325641,0.500015
10.5,-0.0840725,0.0840695,0.500035,-0.0446226,0.0621478,0.500035
10.51,-0.114071,0.114064,0.500065,-0.0776948,0.0918603,0.500065
10.52,-0.144068,0.144054,0.500104,-0.110848,0.121701,0.500104
10.53,-0.174065,0.174038,0.500152,-0.144076,0.151668,0.500152
10.54,-0.204059,0.204017,0.500208,-0.177374,0.181761,0.500208
10.55,-0.234052,0.233988,0.500274,-0.210737,0.211978,0.500274
10.56,-0.264043,0.263951,0.500349,-0.244157,0.242319,0.500349
10.57,-0.294031,0.293904,0.500432,-0.277629,0.27278,0.500432
10.58,-0.324017,0.323847,0.500525,-0.311148,0.30336,0.500525
10.59,-0.353999,0.353778,0.500627,-0.344707,0.334057,0.500627
10.6,-0.383979,0.383696,0.500737,-0.378301,0.364869,0.500737
10.61,-0.413955,0.4136,0.500857,-0.411922,0.395792,0.500857
10.62,-0.443928,0.44349,0.500986,-0.445566,0.426824,0.500986
10.63,-0.473896,0.473363,0.501124,-0.479225,0.457963,0.501124
10.64,-0.50386,0.50322,0.50127,-0.512894,0.489204,0.50127
10.65,-0.53382,0.533058,0.501426,-0.546566,0.520545,0.501426
10.66,-0.563774,0.562878,0.50159,-0.580236,0.551981,0.50159
10.67,-0.593724,0.592677,0.501764,-0.613896,0.58351,0.501764
10.68,-0.623668,0.622454,0.501947,-0.647541,0.615128,0.501947
10.69,-0.653607,0.65221,0.502138,-0.681165,0.64683,0.502138
10.7,-0.68354,0.681941,0.502339,-0.714761,0.678612,0.502339
10.71,-0.713467,0.711649,0.502548,-0.748323,0.710469,0.502548
10.72,-0.743387,0.74133,0.502767,-0.781846,0.742398,0.502767
10.73,-0.773301,0.770985,0.502994,-0.815324,0.774394,0.502994
10.74,-0.803207,0.800612,0.503231,-0.84875,0.806451,0.503231
10.75,-0.833107,0.830211,0.503476,-0.882119,0.838566,0.503476
10.76,-0.862999,0.859779,0.503731,-0.915424,0.870732,0.503731
10.77,-0.892883,0.889316,0.503994,-0.948662,0.902945,0.503994
10.78,-0.922759,0.918822,0.504267,-0.981825,0.935199,0.504267
10.79,-0.952627,0.948294,0.504548,-1.01491,0.967489,0.504548
10.8,-0.982486,0.977733,0.504838,-1.04791,0.999809,0.504838
10.81,-1.01234,1.00714,0.505137,-1.08082,1.03215,0.505137
10.82,-1.04218,1.0365,0.505445,-1.11363,1.06452,0.505445
10.83,-1.07201,1.06583,0.505763,-1.14635,1.0969,0.505763
10.84,-1.10183,1.09512,0.506089,-1.17896,1.12928,0.506089
10.85,-1.13164,1.12437,0.506424,-1.21146,1.16167,0.506424
10.86,-1.16145,1.15359,0.506768,-1.24384,1.19405,0.506768
10.87,-1.19124,1.18276,0.507121,-1.27611,1.22642,0.507121
10.88,-1.22102,1.21188,0.507482,-1.30826,1.25877,0.507482
10.89,-1.25079,1.24097,0.507853,-1.34028,1.2911,0.507853
10.9,-1.28055,1.27001,0.508233,-1.37218,1.32341,0.508233
10.91,-1.31029,1.299,0.508622,-1.40394,1.35567,0.508622
10.92,-1.34003,1.32794,0.509019,-1.43556,1.3879,0.509019
10.93,-1.36975,1.35684,0.509426,-1.46705,1.42007,0.509426
10.94,-1.39946,1.38569,0.509841,-1.49839,1.4522,0.509841
10.95,-1.42916,1.41449,0.510265,-1.52959,1.48426,0.510265
10.96,-1.45885,1.44324,0.510698,-1.56064,1.51626,0.510698
10.97,-1.48852,1.47194,0.511141,-1.59155,1.54818,0.511141
10.98,-1.51818,1.50058,0.511592,-1.6223,1.58003,0.511592
10.99,-1.54783,1.52917,0.512051,-1.6529,1.61179,0.512051
11,-1.57746,1.55771,0.51252,-1.68334,1.64346,0.51252
11.01,-1.60707,1.58619,0.512998,-1.71363,1.67503,0.512998
11.02,-1.63668,1.61461,0.513484,-1.74376,1.7065,0.513484
11.03,-1.66627,1.64297,0.51398,-1.77374,1.73787,0.51398
11.04,-1.69584,1.67128,0.514484,-1.80355,1.76912,0.514484
11.05,-1.7254,1.69952,0.514997,-1.83321,1.80025,0.514997
11.06,-1.75494,1.7277,0.515519,-1.86271,1.83125,0.515519
11.07,-1.78446,1.75582,0.51605,-1.89205,1.86213,0.51605
11.08,-1.81398,1.78388,0.51659,-1.92123,1.89287,0.51659
11.09,-1.84347,1.81187,0.517139,-1.95025,1.92347,0.517139
11.1,-1.87295,1.8398,0.517696,-1.97911,1.95392,0.517696
11.11,-1.90241,1.86766,0.518263,-2.00782,1.98423,0.518263
11.12,-1.93185,1.89546,0.518838,-2.03637,2.01438,0.518838
11.13,-1.96128,1.92319,0.519422,-2.06477,2.04437,0.519422
11.14,-1.99069,1.95084,0.520014,-2.09302,2.0742,0.520014
11.15,-2.02008,1.97843,0.520616,-2.12111,2.10385,0.520616
11.16,-2.04945,2.00595,0.521226,-2.14906,2.13334,0.521226
11.17,-2.0788,2.03339,0.521846,-2.17686,2.16265,0.521846
11.18,-2.10814,2.06076,0.522474,-2.20452,2.19178,0.522474
11.19,-2.13745,2.08806,0.523111,-2.23204,2.22073,0.523111
11.2,-2.16675,2.11528,0.523756,-2.25942,2.2495,0.523756
11.21,-2.19603,2.14242,0.524411,-2.28666,2.27807,0.524411
11.22,-2.22529,2.16949,0.525074,-2.31378,2.30645,0.525074
11.23,-2.25452,2.19648,0.525746,-2.34076,2.33464,0.525746
11.24,-2.28374,2.22339,0.526427,-2.36762,2.36263,0.526427
11.25,-2.31294,2.25022,0.527116,-2.39435,2.39042,0.527116
11.26,-2.34211,2.27697,0.527814,-2.42097,2.41801,0.527814
11.27,-2.37127,2.30364,0.528521,-2.44748,2.44539,0.528521
11.28,-2.4004,2.33022,0.529237,-2.47388,2.47257,0.529237
11.29,-2.42951,2.35672,0.529962,-2.50017,2.49955,0.529962
11.3,-2.45861,2.38314,0.530695,-2.52636,2.52631,0.530695
11.31,-2.48767,2.40947,0.531437,-2.55245,2.55287,0.531437
11.32,-2.51672,2.43571,0.532187,-2.57845,2.57921,0.532187
11.33,-2.54574,2.46187,0.532947,-2.60437,2.60535,0.532947
11.34,-2.57474,2.48793,0.533715,-2.6302,2.63127,0.533715
11.35,-2.60372,2.51391,0.534492,-2.65596,2.65698,0.534492
11.36,-2.63267,2.5398,0.535277,-2.68164,2.68248,0.535277
11.37,-2.6616,2.56559,0.536071,-2.70726,2.70777,0.536071
11.38,-2.69051,2.5913,0.536874,-2.73281,2.73285,0.536874
11.39,-2.71939,2.61691,0.537685,-2.75831,2.75772,0.537685
11.4,-2.74825,2.64242,0.538506,-2.78375,2.78237,0.538506
11.41,-2.77708,2.66784,0.539334,-2.80915,2.80682,0.539334
11.42,-2.80589,2.69317,0.540172,-2.8345,2.83106,0.540172
11.43,-2.83467,2.7184,0.541018,-2.85982,2.85509,0.541018
11.44,-2.86343,2.74353,0.541873,-2.88511,2.87891,0.541873
11.45,-2.89216,2.76856,0.542736,-2.91037,2.90253,0.542736
11.46,-2.92086,2.79349,0.543608,-2.93561,2.92595,0.543608
11.47,-2.94954,2.81832,0.544489,-2.96083,2.94917,0.544489
11.48,-2.97819,2.84305,0.545378,-2.98605,2.97218,0.545378
11.49,-3.00682,2.86768,0.546275,-3.01126,2.995,0.546275
11.5,-3.03542,2.8922,0.547182,-3.03647,3.01763,0.547182
11.51,-3.06399,2.91662,0.548097,-3.06168,3.04006,0.548097
11.52,-3.09253,2.94093,0.54902,-3.0869,3.0623,0.54902
11.53,-3.12104,2.96514,0.549952,-3.11214,3.08436,0.549952
11.54,-3.14953,2.98924,0.550893,-3.1374,3.10622,0.550893
11.55,-3.17799,3.01324,0.551842,-3.16268,3.12791,0.551842
11.56,-3.20642,3.03712,0.5528,-3.18799,3.14942,0.5528
11.57,-3.23482,3.0609,0.553766,-3.21333,3.17075,0.553766
11.58,-3.2632,3.08457,0.55474,-3.23871,3.19191,0.55474
11.59,-3.29154,3.10812,0.555724,-3.26414,3.2129,0.555724
11.6,-3.31985,3.13157,0.556715,-3.28961,3.23372,0.556715
11.61,-3.34814,3.1549,0.557716,-3.31512,3.25438,0.557716
11.62,-3.37639,3.17811,0.558724,-3.3407,3.27488,0.558724
11.63,-3.40461,3.20122,0.559741,-3.36633,3.29523,0.559741
11.64,-3.4328,3.2242,0.560767,-3.39202,3.31542,0.560767
11.65,-3.46097,3.24707,0.561801,-3.41778,3.33546,0.561801
11.66,-3.4891,3.26983,0.562844,-3.4436,3.35536,0.562844
11.67,-3.5172,3.29247,0.563895,-3.4695,3.37511,0.563895
11.68,-3.54526,3.31498,0.564954,-3.49547,3.39473,0.564954
11.69,-3.5733,3.33738,0.566022,-3.52152,3.41421,0.566022
11.7,-3.6013,3.35966,0.567098,-3.54765,3.43356,0.567098
11.71,-3.62927,3.38182,0.568182,-3.57386,3.45279,0.568182
11.72,-3.65721,3.40386,0.569275,-3.60015,3.47189,0.569275
11.73,-3.68512,3.42577,0.570377,-3.62653,3.49087,0.570377
11.74,-3.71299,3.44756,0.571487,-3.653,3.50974,0.571487
11.75,-3.74083,3.46922,0.572605,-3.67955,3.52849,0.572605
11.76,-3.76863,3.49077,0.573731,-3.7062,3.54714,0.573731
11.77,-3.7964,3.51218,0.574866,-3.73295,3.56568,0.574866
11.78,-3.82414,3.53347,0.576009,-3.75978,3.58412,0.576009
11.79,-3.85184,3.55463,0.57716,-3.78671,3.60246,0.57716
11.8,-3.87951,3.57567,0.57832,-3.81373,3.62071,0.57832
11.81,-3.90714,3.59657,0.579488,-3.84085,3.63886,0.579488
11.82,-3.93474,3.61735,0.580664,-3.86807,3.65693,0.580664
11.83,-3.9623,3.63799,0.581849,-3.89538,3.67492,0.581849
11.84,-3.98983,3.65851,0.583042,-3.92278,3.69282,0.583042
11.85,-4.01732,3.67889,0.584243,-3.95029,3.71064,0.584243
11.86,-4.04477,3.69914,0.585452,-3.97788,3.72839,0.585452
11.87,-4.07219,3.71926,0.58667,-4.00557,3.74607,0.58667
11.88,-4.09957,3.73924,0.587895,-4.03335,3.76368,0.587895
11.89,-4.12692,3.75909,0.589129,-4.06122,3.78122,0.589129
11.9,-4.15423,3.7788,0.590371,-4.08918,3.7987,0.590371
11.91,-4.1815,3.79838,0.591622,-4.11724,3.81611,0.591622
11.92,-4.20873,3.81782,0.59288,-4.14537,3.83347,0.59288
11.93,-4.23592,3.83712,0.594147,-4.17359,3.85076,0.594147
11.94,-4.26308,3.85629,0.595422,-4.2019,3.86801,0.595422
11.95,-4.2902,3.87531,0.596705,-4.23028,3.88519,0.596705
11.96,-4.31728,3.8942,0.597996,-4.25874,3.90233,0.597996
11.97,-4.34432,3.91295,0.599295,-4.28727,3.91942,0.599295
11.98,-4.37132,3.93155,0.600603,-4.31588,3.93646,0.600603
11.99,-4.39828,3.95002,0.601918,-4.34456,3.95345,0.601918
12,-4.4252,3.96834,0.603242,-4.3733,3.97039,0.603242
12.01,-4.45209,3.98652,0.604573,-4.4021,3.98729,0.604573
12.02,-4.47893,4.00455,0.605913,-4.43096,4.00415,0.605913
12.03,-4.50573,4.02245,0.607261,-4.45987,4.02096,0.607261
12.04,-4.53249,4.04019,0.608616,-4.48884,4.03773,0.608616
12.05,-4.55922,4.05779,0.60998,-4.51785,4.05446,0.60998
12.06,-4.5859,4.07525,0.611352,-4.54691,4.07114,0.611352
12.07,-4.61253,4.09256,0.612732,-4.576,4.08779,0.612732
12.08,-4.63913,4.10972,0.614119,-4.60513,4.10439,0.614119
12.09,-4.66569,4.12673,0.615515,-4.63429,4.12094,0.615515
12.1,-4.6922,4.14359,0.616919,-4.66347,4.13746,0.616919
12.11,-4.71867,4.16031,0.61833,-4.69268,4.15393,0.61833
12.12,-4.7451,4.17688,0.61975,-4.7219,4.17036,0.61975
12.13,-4.77149,4.19329,0.621177,-4.75113,4.18674,0.621177
12.14,-4.79783,4.20955,0.622613,-4.78036,4.20307,0.622613
12.15,-4.82413,4.22567,0.624056,-4.8096,4.21936,0.624056
12.16,-4.85039,4.24163,0.625507,-4.83883,4.2356,0.625507
12.17,-4.8766,4.25744,0.626966,-4.86806,4.25179,0.626966
12.18,-4.90277,4.27309,0.628433,-4.89727,4.26792,0.628433
12.19,-4.92889,4.28859,0.629908,-4.92646,4.284,0.629908
12.2,-4.95497,4.30394,0.631391,-4.95562,4.30003,0.631391
12.21,-4.98101,4.31913,0.632881,-4.98476,4.31599,0.632881
12.22,-5.007,4.33416,0.634379,-5.01386,4.3319,0.634379
12.23,-5.03295,4.34904,0.635885,-5.04292,4.34774,0.635885
12.24,-5.05885,4.36377,0.637399,-5.07193,4.36352,0.637399
12.25,-5.0847,4.37833,0.63892,-5.1009,4.37923,0.63892
12.26,-5.11051,4.39274,0.64045,-5.1298,4.39486,0.64045
12.27,-5.13628,4.40699,0.641987,-5.15865,4.41042,0.641987
12.28,-5.16199,4.42108,0.643532,-5.18743,4.42591,0.643532
12.29,-5.18766,4.43502,0.645084,-5.21614,4.44131,0.645084
12.3,-5.21329,4.44879,0.646644,-5.24477,4.45663,0.646644
12.31,-5.23887,4.4624,0.648212,-5.27332,4.47186,0.648212
12.32,-5.2644,4.47585,0.649787,-5.30178,4.487,0.649787
12.33,-5.28988,4.48915,0.651371,-5.33015,4.50204,0.651371
12.34,-5.31531,4.50228,0.652961,-5.35842,4.51699,0.652961
12.35,-5.3407,4.51524,0.65456,-5.38659,4.53183,0.65456
12.36,-5.36604,4.52805,0.656166,-5.41465,4.54656,0.656166
12.37,-5.39133,4.54069,0.657779,-5.44261,4.56118,0.657779
12.38,-5.41657,4.55317,0.659401,-5.47045,4.57569,0.659401
12.39,-5.44177,4.56548,0.661029,-5.49816,4.59007,0.661029
12.4,-5.46691,4.57763,0.662666,-5.52576,4.60434,0.662666
12.41,-5.49201,4.58962,0.664309,-5.55322,4.61847,0.664309
12.42,-5.51705,4.60144,0.665961,-5.58056,4.63247,0.665961
12.43,-5.54205,4.61309,0.66762,-5.60775,4.64633,0.66762
12.44,-5.56699,4.62458,0.669286,-5.63481,4.66005,0.669286
12.45,-5.59189,4.6359,0.67096,-5.66172,4.67362,0.67096
12.46,-5.61674,4.64706,0.672641,-5.68849,4.68704,0.672641
12.47,-5.64153,4.65804,0.67433,-5.71511,4.70031,0.67433
12.48,-5.66628,4.66886,0.676026,-5.74157,4.71341,0.676026
12.49,-5.69097,4.67952,0.67773,-5.76788,4.72635,0.67773
12.5,-5.71561,4.69,0.679441,-5.79403,4.73912,0.679441
12.51,-5.7402,4.70031,0.681159,-5.82001,4.75172,0.681159
12.52,-5.76474,4.71046,0.682885,-5.84583,4.76413,0.682885
12.53,-5.78923,4.72044,0.684618,-5.87149,4.77637,0.684618
12.54,-5.81367,4.73024,0.686358,-5.89698,4.78841,0.686358
12.55,-5.83805,4.73988,0.688106,-5.92229,4.80026,0.688106
12.56,-5.86238,4.74934,0.689861,-5.94744,4.81191,0.689861
12.57,-5.88666,4.75864,0.691623,-5.97241,4.82337,0.691623
12.58,-5.91088,4.76776,0.693393,-5.99721,4.83461,0.693393
12.59,-5.93505,4.77671,0.69517,-6.02183,4.84565,0.69517
12.6,-5.95917,4.78549,0.696954,-6.04628,4.85647,0.696954
12.61,-5.98324,4.7941,0.698745,-6.07055,4.86708,0.698745
12.62,-6.00725,4.80253,0.700544,-6.09464,4.87746,0.700544
12.63,-6.0312,4.81079,0.70235,-6.11855,4.88762,0.70235
12.64,-6.05511,4.81888,0.704163,-6.14229,4.89754,0.704163
12.65,-6.07895,4.82679,0.705983,-6.16584,4.90724,0.705983
12.66,-6.10275,4.83453,0.70781,-6.18923,4.91669,0.70781
12.67,-6.12649,4.8421,0.709645,-6.21243,4.92591,0.709645
12.68,-6.15017,4.84949,0.711486,-6.23546,4.93488,0.711486
12.69,-6.1738,4.85671,0.713335,-6.25831,4.94361,0.713335
12.7,-6.19737,4.86375,0.71519,-6.28099,4.95209,0.71519
12.71,-6.22088,4.87062,0.717053,-6.3035,4.96031,0.717053
12.72,-6.24435,4.87732,0.718923,-6.32583,4.96828,0.718923
12.73,-6.26775,4.88383,0.7208,-6.348,4.976,0.7208
12.74,-6.2911,4.89017,0.722683,-6.37,4.98345,0.722683
12.75,-6.31439,4.89634,0.724574,-6.39184,4.99064,0.724574
12.76,-6.33762,4.90233,0.726472,-6.41351,4.99757,0.726472
12.77,-6.3608,4.90814,0.728377,-6.43502,5.00423,0.728377
12.78,-6.38392,4.91378,0.730289,-6.45638,5.01063,0.730289
12.79,-6.40698,4.91923,0.732207,-6.47758,5.01675,0.732207
12.8,-6.42999,4.92452,0.734133,-6.49862,5.02261,0.734133
12.81,-6.45293,4.92962,0.736065,-6.51952,5.02819,0.736065
12.82,-6.47582,4.93455,0.738005,-6.54028,5.0335,0.738005
12.83,-6.49865,4.9393,0.739951,-6.56089,5.03854,0.739951
12.84,-6.52143,4.94387,0.741904,-6.58136,5.0433,0.741904
12.85,-6.54414,4.94826,0.743864,-6.6017,5.04779,0.743864
12.86,-6.56679,4.95248,0.74583,-6.6219,5.052,0.74583
12.87,-6.58939,4.95652,0.747804,-6.64198,5.05594,0.747804
12.88,-6.61193,4.96037,0.749784,-6.66193,5.05961,0.749784
12.89,-6.6344,4.96405,0.751771,-6.68177,5.06299,0.751771
12.9,-6.65682,4.96756,0.753764,-6.70149,5.06611,0.753764
12.91,-6.67918,4.97088,0.755765,-6.72109,5.06894,0.755765
12.92,-6.70147,4.97402,0.757772,-6.74059,5.07151,0.757772
12.93,-6.72371,4.97699,0.759786,-6.75999,5.0738,0.759786
12.94,-6.74589,4.97977,0.761806,-6.77929,5.07582,0.761806
12.95,-6.768,4.98238,0.763833,-6.79849,5.07756,0.763833
12.96,-6.79006,4.9848,0.765867,-6.81761,5.07904,0.765867
12.97,-6.81205,4.98705,0.767907,-6.83664,5.08025,0.767907
12.98,-6.83398,4.98912,0.769954,-6.85559,5.08119,0.769954
12.99,-6.85585,4.99101,0.772008,-6.87447,5.08187,0.772008
13,-6.87766,4.99272,0.774068,-6.89327,5.08228,0.774068
13.01,-6.89941,4.99425,0.776134,-6.91201,5.08243,0.776134
13.02,-6.92109,4.99559,0.778207,-6.93068,5.08232,0.778207
13.03,-6.94272,4.99676,0.780287,-6.9493,5.08196,0.780287
13.04,-6.96428,4.99775,0.782373,-6.96787,5.08134,0.782373
13.05,-6.98577,4.99856,0.784465,-6.98638,5.08046,0.784465
13.06,-7.00721,4.99919,0.786564,-7.00486,5.07934,0.786564
13.07,-7.02858,4.99964,0.78867,-7.02329,5.07796,0.78867
13.08,-7.04989,4.99991,0.790782,-7.04169,5.07634,0.790782
13.09,-7.07113,5,0.7929,-7.06006,5.07448,0.7929
13.1,-7.09231,4.99991,0.795024,-7.0784,5.07238,0.795024
13.11,-7.11343,4.99964,0.797155,-7.09672,5.07004,0.797155
13.12,-7.13448,4.99919,0.799292,-7.11502,5.06747,0.799292
13.13,-7.15547,4.99856,0.801436,-7.13331,5.06467,0.801436
13.14,-7.1764,4.99775,0.803586,-7.15158,5.06164,0.803586
13.15,-7.19726,4.99676,0.805742,-7.16986,5.05839,0.805742
13.16,-7.21805,4.99559,0.807904,-7.18812,5.05491,0.807904
13.17,-7.23878,4.99424,0.810072,-7.2064,5.05122,0.810072
13.18,-7.25945,4.99271,0.812247,-7.22467,5.04731,0.812247
13.19,-7.28005,4.991,0.814428,-7.24295,5.04319,0.814428
13.2,-7.30058,4.98911,0.816615,-7.26125,5.03887,0.816615
13.21,-7.32105,4.98704,0.818808,-7.27956,5.03434,0.818808
13.22,-7.34146,4.98479,0.821008,-7.29789,5.02961,0.821008
13.23,-7.36179,4.98236,0.823213,-7.31623,5.02469,0.823213
13.24,-7.38206,4.97976,0.825425,-7.3346,5.01957,0.825425
13.25,-7.40227,4.97697,0.827643,-7.353,5.01426,0.827643
13.26,-7.4224,4.974,0.829866,-7.37143,5.00877,0.829866
13.27,-7.44247,4.97086,0.832096,-7.38988,5.00309,0.832096
13.28,-7.46248,4.96753,0.834332,-7.40837,4.99724,0.834332
13.29,-7.48241,4.96403,0.836573,-7.4269,4.99121,0.836573
13.3,-7.50228,4.96035,0.838821,-7.44546,4.98501,0.838821
13.31,-7.52208,4.95649,0.841075,-7.46405,4.97864,0.841075
13.32,-7.54182,4.95245,0.843334,-7.48269,4.97211,0.843334
13.33,-7.56148,4.94824,0.8456,-7.50137,4.96541,0.8456
13.34,-7.58108,4.94384,0.847871,-7.52009,4.95856,0.847871
13.35,-7.60061,4.93927,0.850149,-7.53885,4.95156,0.850149
13.36,-7.62007,4.93452,0.852432,-7.55766,4.9444,0.852432
13.37,-7.63947,4.92959,0.854721,-7.57651,4.9371,0.854721
13.38,-7.65879,4.92448,0.857015,-7.59541,4.92965,0.857015
13.39,-7.67805,4.9192,0.859316,-7.61435,4.92206,0.859316
13.4,-7.69723,4.91374,0.861622,-7.63333,4.91434,0.861622
13.41,-7.71635,4.90811,0.863934,-7.65236,4.90648,0.863934
13.42,-7.7354,4.90229,0.866252,-7.67143,4.89849,0.866252
13.43,-7.75437,4.8963,0.868575,-7.69055,4.89037,0.868575
13.44,-7.77328,4.89014,0.870905,-7.70971,4.88213,0.870905
13.45,-7.79212,4.88379,0.873239,-7.72892,4.87376,0.873239
13.46,-7.81089,4.87727,0.87558,-7.74816,4.86527,0.87558
13.47,-7.82958,4.87058,0.877926,-7.76745,4.85667,0.877926
13.48,-7.84821,4.86371,0.880278,-7.78677,4.84795,0.880278
13.49,-7.86677,4.85667,0.882635,-7.80613,4.83912,0.882635
13.5,-7.88525,4.84945,0.884998,-7.82553,4.83018,0.884998
13.51,-7.90367,4.84206,0.887366,-7.84496,4.82113,0.887366
13.52,-7.92201,4.83449,0.88974,-7.86442,4.81197,0.88974
13.53,-7.94028,4.82675,0.892119,-7.88391,4.80272,0.892119
13.54,-7.95848,4.81883,0.894504,-7.90342,4.79335,0.894504
13.55,-7.97661,4.81074,0.896894,-7.92297,4.78389,0.896894
13.56,-7.99467,4.80248,0.89929,-7.94253,4.77433,0.89929
13.57,-8.01265,4.79404,0.901691,-7.96211,4.76468,0.901691
13.58,-8.03057,4.78544,0.904098,-7.98171,4.75493,0.904098
13.59,-8.04841,4.77666,0.906509,-8.00132,4.74508,0.906509
13.6,-8.06618,4.7677,0.908927,-8.02095,4.73514,0.908927
13.61,-8.08387,4.75858,0.911349,-8.04058,4.72511,0.911349
13.62,-8.1015,4.74928,0.913777,-8.06021,4.71499,0.913777
13.63,-8.11905,4.73982,0.91621,-8.07984,4.70478,0.91621
13.64,-8.13652,4.73018,0.918648,-8.09947,4.69447,0.918648
13.65,-8.15393,4.72038,0.921092,-8.11909,4.68408,0.921092
13.66,-8.17126,4.7104,0.923541,-8.1387,4.6736,0.923541
13.67,-8.18852,4.70025,0.925995,-8.15829,4.66304,0.925995
13.68,-8.2057,4.68994,0.928454,-8.17787,4.65238,0.928454
13.69,-8.22281,4.67945,0.930918,-8.19742,4.64164,0.930918
13.7,-8.23984,4.6688,0.933387,-8.21694,4.63081,0.933387
13.71,-8.2568,4.65798,0.935862,-8.23643,4.61989,0.935862
13.72,-8.27369,4.64699,0.938342,-8.25588,4.60888,0.938342
13.73,-8.2905,4.63583,0.940826,-8.2753,4.59778,0.940826
13.74,-8.30724,4.62451,0.943316,-8.29467,4.5866,0.943316
13.75,-8.32391,4.61302,0.94581,-8.31399,4.57532,0.94581
13.76,-8.34049,4.60137,0.94831,-8.33325,4.56395,0.94831
13.77,-8.35701,4.58954,0.950815,-8.35246,4.55249,0.950815
13.78,-8.37344,4.57756,0.953324,-8.3716,4.54094,0.953324
13.79,-8.38981,4.56541,0.955839,-8.39068,4.5293,0.955839
13.8,-8.40609,4.55309,0.958358,-8.40969,4.51756,0.958358
13.81,-8.42231,4.54061,0.960882,-8.42861,4.50572,0.960882
13.82,-8.43844,4.52797,0.963412,-8.44746,4.49378,0.963412
13.83,-8.4545,4.51516,0.965946,-8.46622,4.48175,0.965946
13.84,-8.47048,4.5022,0.968484,-8.4849,4.46961,0.968484
13.85,-8.48639,4.48907,0.971028,-8.50347,4.45738,0.971028
13.86,-8.50222,4.47577,0.973576,-8.52195,4.44504,0.973576
13.87,-8.51798,4.46232,0.976129,-8.54032,4.43259,0.976129
13.88,-8.53365,4.44871,0.978687,-8.55859,4.42003,0.978687
13.89,-8.54926,4.43493,0.981249,-8.57675,4.40736,0.981249
13.9,-8.56478,4.421,0.983816,-8.59478,4.39459,0.983816
13.91,-8.58023,4.40691,0.986388,-8.6127,4.38169,0.986388
13.92,-8.5956,4.39265,0.988965,-8.63049,4.36868,0.988965
13.93,-8.61089,4.37824,0.991546,-8.64816,4.35555,0.991546
13.94,-8.6261,4.36368,0.994131,-8.66569,4.3423,0.994131
13.95,-8.64124,4.34895,0.996721,-8.68309,4.32893,0.996721
13.96,-8.6563,4.33407,0.999316,-8.70034,4.31543,0.999316
13.97,-8.67128,4.31904,1.00191,-8.71745,4.3018,1.00191
13.98,-8.68619,4.30384,1.00452,-8.73442,4.28804,1.00452
13.99,-8.70101,4.2885,1.00713,-8.75123,4.27414,1.00713
14,-8.71576,4.27299,1.00974,-8.76789,4.26011,1.00974
14.01,-8.73043,4.25734,1.01236,-8.78439,4.24594,1.01236
14.02,-8.74502,4.24153,1.01498,-8.80074,4.23163,1.01498
14.03,-8.75953,4.22557,1.0176,-8.81692,4.21718,1.0176
14.04,-8.77396,4.20946,1.02023,-8.83293,4.20258,1.02023
14.05,-8.78831,4.19319,1.02287,-8.84878,4.18783,1.02287
14.06,-8.80259,4.17677,1.02551,-8.86445,4.17293,1.02551
14.07,-8.81678,4.16021,1.02815,-8.87996,4.15787,1.02815
14.08,-8.8309,4.14349,1.0308,-8.89528,4.14266,1.0308
14.09,-8.84494,4.12663,1.03345,-8.91043,4.12729,1.03345
14.1,-8.85889,4.10961,1.0361,-8.92541,4.11175,1.0361
14.11,-8.87277,4.09245,1.03876,-8.9402,4.09605,1.03876
14.12,-8.88657,4.07514,1.04143,-8.95481,4.08019,1.04143
14.13,-8.90028,4.05769,1.04409,-8.96923,4.06416,1.04409
14.14,-8.91392,4.04008,1.04677,-8.98348,4.04795,1.04677
14.15,-8.92748,4.02234,1.04944,-8.99753,4.03157,1.04944
14.16,-8.94095,4.00444,1.05212,-9.0114,4.01502,1.05212
14.17,-8.95435,3.98641,1.05481,-9.02509,3.99829,1.05481
14.18,-8.96767,3.96823,1.0575,-9.03859,3.98138,1.0575
14.19,-8.9809,3.9499,1.06019,-9.0519,3.96429,1.06019
14.2,-8.99405,3.93144,1.06288,-9.06502,3.94701,1.06288
14.21,-9.00713,3.91283,1.06558,-9.07796,3.92955,1.06558
14.22,-9.02012,3.89409,1.06829,-9.09071,3.91191,1.06829
14.23,-9.03303,3.8752,1.071,-9.10327,3.89407,1.071
14.24,-9.04586,3.85617,1.07371,-9.11565,3.87605,1.07371
14.25,-9.05861,3.83701,1.07642,-9.12784,3.85783,1.07642
14.26,-9.07127,3.8177,1.07914,-9.13985,3.83942,1.07914
14.27,-9.08386,3.79826,1.08187,-9.15168,3.82082,1.08187
14.28,-9.09636,3.77868,1.08459,-9.16333,3.80202,1.08459
14.29,-9.10878,3.75897,1.08732,-9.17479,3.78303,1.08732
14.3,-9.12112,3.73912,1.09006,-9.18608,3.76384,1.09006
14.31,-9.13338,3.71913,1.0928,-9.1972,3.74446,1.0928
14.32,-9.14555,3.69902,1.09554,-9.20813,3.72487,1.09554
14.33,-9.15765,3.67877,1.09828,-9.2189,3.70509,1.09828
14.34,-9.16966,3.65838,1.10103,-9.2295,3.68511,1.10103
14.35,-9.18158,3.63787,1.10379,-9.23992,3.66493,1.10379
14.36,-9.19343,3.61722,1.10654,-9.25019,3.64455,1.10654
14.37,-9.20519,3.59644,1.1093,-9.26029,3.62398,1.1093
14.38,-9.21687,3.57554,1.11207,-9.27023,3.6032,1.11207
14.39,-9.22847,3.5545,1.11483,-9.28002,3.58223,1.11483
14.4,-9.23998,3.53334,1.1176,-9.28965,3.56106,1.1176
14.41,-9.25141,3.51205,1.12038,-9.29913,3.53969,1.12038
14.42,-9.26276,3.49063,1.12315,-9.30847,3.51812,1.12315
14.43,-9.27402,3.46909,1.12593,-9.31766,3.49636,1.12593
14.44,-9.2852,3.44743,1.12872,-9.32671,3.4744,1.12872
14.45,-9.2963,3.42563,1.13151,-9.33562,3.45224,1.13151
14.46,-9.30731,3.40372,1.1343,-9.3444,3.4299,1.1343
14.47,-9.31824,3.38168,1.13709,-9.35305,3.40736,1.13709
14.48,-9.32909,3.35953,1.13989,-9.36157,3.38463,1.13989
14.49,-9.33985,3.33725,1.14269,-9.36997,3.36171,1.14269
14.5,-9.35053,3.31485,1.14549,-9.37825,3.3386,1.14549
14.51,-9.36112,3.29233,1.1483,-9.38642,3.31531,1.1483
14.52,-9.37163,3.26969,1.15111,-9.39448,3.29183,1.15111
14.53,-9.38205,3.24693,1.15392,-9.40243,3.26817,1.15392
14.54,-9.39239,3.22406,1.15674,-9.41027,3.24432,1.15674
14.55,-9.40265,3.20107,1.15956,-9.41802,3.2203,1.15956
14.56,-9.41282,3.17797,1.16238,-9.42567,3.1961,1.16238
14.57,-9.42291,3.15475,1.1652,-9.43323,3.17173,1.1652
14.58,-9.43291,3.13142,1.16803,-9.44071,3.14719,1.16803
14.59,-9.44282,3.10798,1.17086,-9.4481,3.12247,1.17086
14.6,-9.45266,3.08442,1.1737,-9.45541,3.09759,1.1737
14.61,-9.4624,3.06075,1.17654,-9.46264,3.07255,1.17654
14.62,-9.47206,3.03698,1.17938,-9.46981,3.04734,1.17938
14.63,-9.48164,3.01309,1.18222,-9.4769,3.02197,1.18222
14.64,-9.49113,2.9891,1.18506,-9.48394,2.99645,1.18506
14.65,-9.50054,2.96499,1.18791,-9.49091,2.97077,1.18791
14.66,-9.50986,2.94078,1.19076,-9.49783,2.94494,1.19076
14.67,-9.51909,2.91647,1.19362,-9.50469,2.91897,1.19362
14.68,-9.52824,2.89205,1.19648,-9.5115,2.89285,1.19648
14.69,-9.5373,2.86752,1.19934,-9.51827,2.86659,1.19934
14.7,-9.54628,2.8429,1.2022,-9.525,2.84019,1.2022
14.71,-9.55517,2.81817,1.20506,-9.53169,2.81365,1.20506
14.72,-9.56397,2.79334,1.20793,-9.53834,2.78699,1.20793
14.73,-9.57269,2.7684,1.2108,-9.54496,2.7602,1.2108
14.74,-9.58133,2.74337,1.21368,-9.55156,2.73328,1.21368
14.75,-9.58987,2.71824,1.21655,-9.55812,2.70624,1.21655
14.76,-9.59833,2.69301,1.21943,-9.56466,2.67908,1.21943
14.77,-9.60671,2.66769,1.22231,-9.57119,2.65181,1.22231
14.78,-9.61499,2.64227,1.22519,-9.57769,2.62442,1.22519
14.79,-9.62319,2.61675,1.22808,-9.58418,2.59693,1.22808
14.8,-9.63131,2.59114,1.23097,-9.59066,2.56934,1.23097
14.81,-9.63934,2.56544,1.23386,-9.59713,2.54164,1.23386
14.82,-9.64728,2.53964,1.23675,-9.60359,2.51385,1.23675
14.83,-9.65513,2.51375,1.23965,-9.61004,2.48596,1.23965
14.84,-9.6629,2.48778,1.24254,-9.61649,2.45798,1.24254
14.85,-9.67058,2.46171,1.24544,-9.62293,2.42992,1.24544
14.86,-9.67817,2.43555,1.24835,-9.62938,2.40178,1.24835
14.87,-9.68568,2.40931,1.25125,-9.63583,2.37355,1.25125
14.88,-9.6931,2.38298,1.25416,-9.64227,2.34525,1.25416
14.89,-9.70043,2.35656,1.25707,-9.64873,2.31688,1.25707
14.9,-9.70767,2.33006,1.25998,-9.65518,2.28843,1.25998
14.91,-9.71483,2.30347,1.26289,-9.66165,2.25993,1.26289
14.92,-9.7219,2.27681,1.26581,-9.66811,2.23136,1.26581
14.93,-9.72888,2.25006,1.26872,-9.67459,2.20273,1.26872
14.94,-9.73578,2.22323,1.27164,-9.68107,2.17404,1.27164
14.95,-9.74258,2.19631,1.27457,-9.68756,2.14531,1.27457
14.96,-9.7493,2.16932,1.27749,-9.69406,2.11652,1.27749
14.97,-9.75593,2.14226,1.28042,-9.70057,2.08769,1.28042
14.98,-9.76248,2.11511,1.28334,-9.70708,2.05882,1.28334
14.99,-9.76893,2.08789,1.28627,-9.7136,2.0299,1.28627
15,-9.7753,2.06059,1.2892,-9.72013,2.00096,1.2892
15.01,-9.78158,2.03322,1.29214,-9.72667,1.97197,1.29214
15.02,-9.78777,2.00578,1.29507,-9.73321,1.94296,1.29507
15.03,-9.79388,1.97826,1.29801,-9.73975,1.91392,1.29801
15.04,-9.79989,1.95067,1.30095,-9.7463,1.88485,1.30095
15.05,-9.80582,1.92302,1.30389,-9.75286,1.85576,1.30389
15.06,-9.81166,1.89529,1.30683,-9.75941,1.82665,1.30683
15.07,-9.81741,1.86749,1.30978,-9.76596,1.79753,1.30978
15.08,-9.82307,1.83963,1.31272,-9.77252,1.76839,1.31272
15.09,-9.82865,1.8117,1.31567,-9.77907,1.73923,1.31567
15.1,-9.83413,1.78371,1.31862,-9.78561,1.71007,1.31862
15.11,-9.83953,1.75565,1.32157,-9.79215,1.6809,1.32157
15.12,-9.84484,1.72753,1.32452,-9.79867,1.65172,1.32452
15.13,-9.85006,1.69935,1.32748,-9.80519,1.62254,1.32748
15.14,-9.85519,1.6711,1.33043,-9.81169,1.59336,1.33043
15.15,-9.86023,1.6428,1.33339,-9.81818,1.56417,1.33339
15.16,-9.86519,1.61443,1.33635,-9.82465,1.53499,1.33635
15.17,-9.87005,1.58601,1.33931,-9.83109,1.50581,1.33931
15.18,-9.87483,1.55753,1.34227,-9.83752,1.47664,1.34227
15.19,-9.87951,1.529,1.34524,-9.84391,1.44747,1.34524
15.2,-9.88411,1.50041,1.3482,-9.85028,1.41831,1.3482
15.21,-9.88862,1.47176,1.35117,-9.85661,1.38916,1.35117
15.22,-9.89304,1.44307,1.35413,-9.8629,1.36003,1.35413
15.23,-9.89737,1.41432,1.3571,-9.86916,1.3309,1.3571
15.24,-9.90162,1.38552,1.36007,-9.87538,1.30178,1.36007
15.25,-9.90577,1.35667,1.36304,-9.88154,1.27268,1.36304
15.26,-9.90983,1.32777,1.36602,-9.88766,1.24359,1.36602
15.27,-9.91381,1.29882,1.36899,-9.89373,1.21452,1.36899
15.28,-9.91769,1.26983,1.37196,-9.89974,1.18546,1.37196
15.29,-9.92149,1.24079,1.37494,-9.90569,1.15642,1.37494
15.3,-9.9252,1.2117,1.37792,-9.91158,1.12739,1.37792
15.31,-9.92882,1.18258,1.38089,-9.9174,1.09838,1.38089
15.32,-9.93234,1.15341,1.38387,-9.92315,1.06939,1.38387
15.33,-9.93578,1.1242,1.38685,-9.92882,1.04041,1.38685
15.34,-9.93913,1.09494,1.38984,-9.93442,1.01146,1.38984
15.35,-9.94239,1.06565,1.39282,-9.93993,0.982515,1.39282
15.36,-9.94556,1.03632,1.3958,-9.94536,0.953591,1.3958
15.37,-9.94865,1.00696,1.39878,-9.9507,0.924685,1.39878
15.38,-9.95164,0.977552,1.40177,-9.95595,0.895795,1.40177
15.39,-9.95454,0.948114,1.40476,-9.9611,0.866922,1.40476
15.4,-9.95735,0.918641,1.40774,-9.96615,0.838064,1.40774
15.41,-9.96007,0.889136,1.41073,-9.9711,0.809222,1.41073
15.42,-9.96271,0.859598,1.41372,-9.97594,0.780396,1.41372
15.43,-9.96525,0.830029,1.41671,-9.98067,0.751583,1.41671
15.44,-9.96771,0.800431,1.4197,-9.98528,0.722785,1.4197
15.45,-9.97007,0.770804,1.42269,-9.98978,0.693999,1.42269
15.46,-9.97234,0.741149,1.42568,-9.99415,0.665226,1.42568
15.47,-9.97453,0.711467,1.42867,-9.9984,0.636464,1.42867
15.48,-9.97662,0.681759,1.43166,-10.0025,0.607712,1.43166
15.49,-9.97863,0.652027,1.43466,-10.0065,0.57897,1.43466
15.5,-9.98054,0.622272,1.43765,-10.0104,0.550237,1.43765
15.51,-9.98237,0.592494,1.44065,-10.0141,0.521511,1.44065
15.52,-9.98411,0.562695,1.44364,-10.0177,0.492792,1.44364
15.53,-9.98575,0.532876,1.44664,-10.0211,0.464077,1.44664
15.54,-9.98731,0.503037,1.44963,-10.0244,0.435367,1.44963
15.55,-9.98877,0.473181,1.45263,-10.0275,0.40666,1.45263
15.56,-9.99015,0.443307,1.45563,-10.0305,0.377955,1.45563
15.57,-9.99144,0.413417,1.45862,-10.0333,0.34925,1.45862
15.58,-9.99263,0.383513,1.46162,-10.036,0.320545,1.46162
15.59,-9.99374,0.353594,1.46462,-10.0385,0.291837,1.46462
15.6,-9.99476,0.323663,1.46762,-10.0409,0.263127,1.46762
15.61,-9.99568,0.293721,1.47062,-10.0431,0.234412,1.47062
15.62,-9.99652,0.263767,1.47361,-10.0451,0.205691,1.47361
15.63,-9.99726,0.233805,1.47661,-10.0469,0.176963,1.47661
15.64,-9.99792,0.203833,1.47961,-10.0486,0.148227,1.47961
15.65,-9.99849,0.173855,1.48261,-10.0501,0.119481,1.48261
15.66,-9.99896,0.14387,1.48561,-10.0515,0.0907249,1.48561
15.67,-9.99935,0.11388,1.48861,-10.0527,0.0619564,1.48861
15.68,-9.99965,0.0838859,1.49161,-10.0537,0.0331748,1.49161
15.69,-9.99985,0.0538888,1.49461,-10.0545,0.00437874,1.49461
15.7,-9.99997,0.0238897,1.49761,-10.0551,-0.0244329,1.49761
15.71,-10,-0.00611019,1.50061,-10.0556,-0.0532611,1.50061
15.72,-9.99993,-0.0361099,1.50361,-10.0559,-0.0821071,1.50361
15.73,-9.99978,-0.0661083,1.50661,-10.056,-0.110972,1.50661
15.74,-9.99954,-0.0961043,1.50961,-10.056,-0.139857,1.50961
15.75,-9.9992,-0.126097,1.51261,-10.0557,-0.168762,1.51261
15.76,-9.99878,-0.156085,1.51561,-10.0553,-0.197689,1.51561
15.77,-9.99827,-0.186067,1.51861,-10.0547,-0.226639,1.51861
15.78,-9.99766,-0.216043,1.52161,-10.054,-0.255612,1.52161
15.79,-9.99697,-0.246011,1.52461,-10.053,-0.284609,1.52461
15.8,-9.99619,-0.27597,1.52761,-10.0519,-0.313631,1.52761
15.81,-9.99532,-0.305919,1.53061,-10.0506,-0.342678,1.53061
15.82,-9.99435,-0.335857,1.5336,-10.0491,-0.371751,1.5336
15.83,-9.9933,-0.365783,1.5366,-10.0475,-0.400851,1.5366
15.84,-9.99216,-0.395696,1.5396,-10.0457,-0.429978,1.5396
15.85,-9.99092,-0.425595,1.5426,-10.0437,-0.459132,1.5426
15.86,-9.9896,-0.455478,1.5456,-10.0415,-0.488313,1.5456
15.87,-9.98819,-0.485345,1.54859,-10.0392,-0.517523,1.54859
15.88,-9.98668,-0.515194,1.55159,-10.0367,-0.54676,1.55159
15.89,-9.98509,-0.545025,1.55458,-10.034,-0.576025,1.55458
15.9,-9.98341,-0.574836,1.55758,-10.0312,-0.605318,1.55758
15.91,-9.98164,-0.604627,1.56057,-10.0282,-0.634638,1.56057
15.92,-9.97978,-0.634396,1.56357,-10.0251,-0.663987,1.56357
15.93,-9.97782,-0.664142,1.56656,-10.0218,-0.693362,1.56656
15.94,-9.97578,-0.693864,1.56955,-10.0184,-0.722765,1.56955
15.95,-9.97365,-0.723561,1.57255,-10.0148,-0.752194,1.57255
15.96,-9.97143,-0.753232,1.57554,-10.011,-0.781649,1.57554
15.97,-9.96912,-0.782876,1.57853,-10.0071,-0.81113,1.57853
15.98,-9.96672,-0.812491,1.58152,-10.0031,-0.840635,1.58152
15.99,-9.96423,-0.842078,1.58451,-9.99889,-0.870164,1.58451
16,-9.96165,-0.871634,1.5875,-9.99457,-0.899716,1.5875
16.01,-9.95898,-0.901159,1.59049,-9.99012,-0.92929,1.59049
16.02,-9.95622,-0.930651,1.59347,-9.98553,-0.958884,1.59347
16.03,-9.95337,-0.96011,1.59646,-9.98082,-0.988499,1.59646
16.04,-9.95043,-0.989534,1.59945,-9.97598,-1.01813,1.59945
16.05,-9.9474,-1.01892,1.60243,-9.97101,-1.04778,1.60243
16.06,-9.94428,-1.04827,1.60541,-9.96593,-1.07745,1.60541
16.07,-9.94108,-1.07759,1.6084,-9.96073,-1.10713,1.6084
16.08,-9.93778,-1.10686,1.61138,-9.95541,-1.13682,1.61138
16.09,-9.93439,-1.1361,1.61436,-9.94999,-1.16653,1.61436
16.1,-9.93092,-1.16529,1.61734,-9.94446,-1.19624,1.61734
16.11,-9.92735,-1.19445,1.62032,-9.93882,-1.22596,1.62032
16.12,-9.9237,-1.22356,1.6233,-9.93309,-1.25569,1.6233
16.13,-9.91996,-1.25262,1.62627,-9.92726,-1.28542,1.62627
16.14,-9.91612,-1.28164,1.62925,-9.92133,-1.31516,1.62925
16.15,-9.9122,-1.31062,1.63222,-9.91531,-1.34489,1.63222
16.16,-9.90819,-1.33955,1.6352,-9.90921,-1.37462,1.6352
16.17,-9.90409,-1.36842,1.63817,-9.90302,-1.40435,1.63817
16.18,-9.8999,-1.39725,1.64114,-9.89676,-1.43406,1.64114
16.19,-9.89562,-1.42603,1.64411,-9.89041,-1.46377,1.64411
16.2,-9.89125,-1.45476,1.64708,-9.884,-1.49347,1.64708
16.21,-9.8868,-1.48344,1.65004,-9.87751,-1.52315,1.65004
16.22,-9.88225,-1.51206,1.65301,-9.87095,-1.55282,1.65301
16.23,-9.87762,-1.54063,1.65597,-9.86433,-1.58247,1.65597
16.24,-9.87289,-1.56914,1.65893,-9.85765,-1.61209,1.65893
16.25,-9.86808,-1.5976,1.6619,-9.85091,-1.64169,1.6619
16.26,-9.86318,-1.62599,1.66486,-9.84412,-1.67126,1.66486
16.27,-9.85819,-1.65433,1.66781,-9.83727,-1.7008,1.66781
16.28,-9.85311,-1.68261,1.67077,-9.83037,-1.73031,1.67077
16.29,-9.84794,-1.71083,1.67373,-9.82343,-1.75978,1.67373
16.3,-9.84269,-1.73899,1.67668,-9.81644,-1.78921,1.67668
16.31,-9.83734,-1.76709,1.67963,-9.80941,-1.8186,1.67963
16.32,-9.83191,-1.79512,1.68258,-9.80234,-1.84794,1.68258
16.33,-9.82639,-1.82309,1.68553,-9.79524,-1.87724,1.68553
16.34,-9.82078,-1.85099,1.68848,-9.7881,-1.90648,1.68848
16.35,-9.81508,-1.87882,1.69142,-9.78093,-1.93567,1.69142
16.36,-9.80929,-1.90659,1.69437,-9.77372,-1.9648,1.69437
16.37,-9.80342,-1.93429,1.69731,-9.7665,-1.99387,1.69731
16.38,-9.79745,-1.96192,1.70025,-9.75924,-2.02288,1.70025
16.39,-9.7914,-1.98948,1.70319,-9.75196,-2.05182,1.70319
16.4,-9.78526,-2.01697,1.70612,-9.74466,-2.08069,1.70612
16.41,-9.77903,-2.04438,1.70906,-9.73734,-2.10949,1.70906
16.42,-9.77272,-2.07172,1.71199,-9.73,-2.13821,1.71199
16.43,-9.76631,-2.09899,1.71492,-9.72264,-2.16685,1.71492
16.44,-9.75982,-2.12618,1.71785,-9.71527,-2.19541,1.71785
16.45,-9.75324,-2.15329,1.72078,-9.70788,-2.22389,1.72078
16.46,-9.74658,-2.18033,1.7237,-9.70048,-2.25227,1.7237
16.47,-9.73982,-2.20729,1.72662,-9.69306,-2.28056,1.72662
16.48,-9.73298,-2.23416,1.72955,-9.68563,-2.30876,1.72955
16.49,-9.72605,-2.26096,1.73246,-9.67819,-2.33686,1.73246
16.5,-9.71903,-2.28768,1.73538,-9.67074,-2.36486,1.73538
16.51,-9.71193,-2.31431,1.7383,-9.66328,-2.39276,1.7383
16.52,-9.70473,-2.34086,1.74121,-9.65581,-2.42055,1.74121
16.53,-9.69745,-2.36733,1.74412,-9.64833,-2.44823,1.74412
16.54,-9.69009,-2.39371,1.74703,-9.64084,-2.4758,1.74703
16.55,-9.68263,-2.42001,1.74993,-9.63334,-2.50325,1.74993
16.56,-9.67509,-2.44622,1.75284,-9.62582,-2.53058,1.75284
16.57,-9.66746,-2.47234,1.75574,-9.6183,-2.5578,1.75574
16.58,-9.65975,-2.49837,1.75864,-9.61077,-2.58489,1.75864
16.59,-9.65194,-2.52431,1.76153,-9.60323,-2.61185,1.76153
16.6,-9.64405,-2.55016,1.76443,-9.59567,-2.63869,1.76443
16.61,-9.63608,-2.57592,1.76732,-9.58811,-2.6654,1.76732
16.62,-9.62801,-2.60158,1.77021,-9.58053,-2.69197,1.77021
16.63,-9.61986,-2.62716,1.7731,-9.57293,-2.71841,1.7731
16.64,-9.61163,-2.65263,1.77598,-9.56532,-2.74471,1.77598
16.65,-9.60331,-2.67802,1.77886,-9.5577,-2.77087,1.77886
16.66,-9.5949,-2.7033,1.78174,-9.55005,-2.79689,1.78174
16.67,-9.5864,-2.72849,1.78462,-9.54239,-2.82277,1.78462
16.68,-9.57782,-2.75358,1.7875,-9.5347,-2.8485,1.7875
16.69,-9.56915,-2.77857,1.79037,-9.527,-2.87408,1.79037
16.7,-9.5604,-2.80346,1.79324,-9.51926,-2.89951,1.79324
16.71,-9.55156,-2.82825,1.7961,-9.51151,-2.92479,1.7961
16.72,-9.54263,-2.85294,1.79897,-9.50372,-2.94992,1.79897
16.73,-9.53362,-2.87753,1.80183,-9.49591,-2.9749,1.80183
16.74,-9.52452,-2.90201,1.80469,-9.48806,-2.99972,1.80469
16.75,-9.51534,-2.92639,1.80754,-9.48018,-3.02438,1.80754
16.76,-9.50607,-2.95066,1.8104,-9.47226,-3.04888,1.8104
16.77,-9.49671,-2.97482,1.81325,-9.4643,-3.07323,1.81325
16.78,-9.48727,-2.99888,1.8161,-9.45631,-3.09741,1.8161
16.79,-9.47775,-3.02283,1.81894,-9.44827,-3.12143,1.81894
16.8,-9.46814,-3.04668,1.82178,-9.44018,-3.14529,1.82178
16.81,-9.45844,-3.07041,1.82462,-9.43205,-3.16898,1.82462
16.82,-9.44866,-3.09403,1.82746,-9.42386,-3.19252,1.82746
16.83,-9.43879,-3.11754,1.83029,-9.41562,-3.21588,1.83029
16.84,-9.42884,-3.14094,1.83312,-9.40732,-3.23908,1.83312
16.85,-9.41881,-3.16422,1.83595,-9.39897,-3.26212,1.83595
16.86,-9.40869,-3.1874,1.83877,-9.39055,-3.28499,1.83877
16.87,-9.39848,-3.21045,1.84159,-9.38207,-3.30769,1.84159
16.88,-9.38819,-3.23339,1.84441,-9.37352,-3.33022,1.84441
16.89,-9.37782,-3.25622,1.84723,-9.3649,-3.35259,1.84723
16.9,-9.36736,-3.27893,1.85004,-9.35621,-3.37479,1.85004
16.91,-9.35681,-3.30151,1.85285,-9.34744,-3.39682,1.85285
16.92,-9.34619,-3.32398,1.85565,-9.3386,-3.41869,1.85565
16.93,-9.33547,-3.34634,1.85845,-9.32967,-3.44038,1.85845
16.94,-9.32468,-3.36857,1.86125,-9.32065,-3.46192,1.86125
16.95,-9.3138,-3.39068,1.86405,-9.31155,-3.48328,1.86405
16.96,-9.30284,-3.41266,1.86684,-9.30236,-3.50448,1.86684
16.97,-9.29179,-3.43453,1.86963,-9.29308,-3.52551,1.86963
16.98,-9.28066,-3.45627,1.87242,-9.2837,-3.54638,1.87242
16.99,-9.26944,-3.47788,1.8752,-9.27422,-3.56708,1.8752
17,-9.25815,-3.49937,1.87798,-9.26464,-3.58762,1.87798
17.01,-9.24677,-3.52074,1.88075,-9.25495,-3.608,1.88075
17.02,-9.2353,-3.54198,1.88353,-9.24516,-3.62821,1.88353
17.03,-9.22375,-3.56309,1.88629,-9.23526,-3.64826,1.88629
17.04,-9.21212,-3.58407,1.88906,-9.22525,-3.66815,1.88906
17.05,-9.20041,-3.60492,1.89182,-9.21513,-3.68788,1.89182
17.06,-9.18861,-3.62565,1.89458,-9.20488,-3.70745,1.89458
17.07,-9.17674,-3.64624,1.89734,-9.19452,-3.72686,1.89734
17.08,-9.16477,-3.6667,1.90009,-9.18404,-3.74612,1.90009
17.09,-9.15273,-3.68703,1.90283,-9.17343,-3.76522,1.90283
17.1,-9.1406,-3.70723,1.90558,-9.1627,-3.78416,1.90558
17.11,-9.1284,-3.72729,1.90832,-9.15183,-3.80295,1.90832
17.12,-9.11611,-3.74722,1.91105,-9.14084,-3.82159,1.91105
17.13,-9.10373,-3.76701,1.91379,-9.12972,-3.84008,1.91379
17.14,-9.09128,-3.78667,1.91652,-9.11846,-3.85842,1.91652
17.15,-9.07874,-3.8062,1.91924,-9.10707,-3.87661,1.91924
17.16,-9.06612,-3.82558,1.92196,-9.09554,-3.89465,1.92196
17.17,-9.05342,-3.84483,1.92468,-9.08387,-3.91254,1.92468
17.18,-9.04064,-3.86394,1.9274,-9.07206,-3.93029,1.9274
17.19,-9.02778,-3.88291,1.93011,-9.06011,-3.9479,1.93011
17.2,-9.01484,-3.90174,1.93281,-9.04802,-3.96537,1.93281
17.21,-9.00181,-3.92043,1.93552,-9.03579,-3.98269,1.93552
17.22,-8.98871,-3.93898,1.93821,-9.0234,-3.99987,1.93821
17.23,-8.97552,-3.95739,1.94091,-9.01088,-4.01692,1.94091
17.24,-8.96225,-3.97565,1.9436,-8.9982,-4.03383,1.9436
17.25,-8.9489,-3.99377,1.94629,-8.98538,-4.0506,1.94629
17.26,-8.93547,-4.01175,1.94897,-8.97241,-4.06724,1.94897
17.27,-8.92196,-4.02958,1.95165,-8.95929,-4.08375,1.95165
17.28,-8.90838,-4.04727,1.95432,-8.94603,-4.10012,1.95432
17.29,-8.89471,-4.06481,1.95699,-8.93261,-4.11637,1.95699
17.3,-8.88096,-4.08221,1.95966,-8.91904,-4.13248,1.95966
17.31,-8.86713,-4.09946,1.96232,-8.90533,-4.14846,1.96232
17.32,-8.85322,-4.11656,1.96498,-8.89146,-4.16432,1.96498
17.33,-8.83923,-4.13351,1.96763,-8.87745,-4.18006,1.96763
17.34,-8.82516,-4.15032,1.97028,-8.86329,-4.19566,1.97028
17.35,-8.81101,-4.16697,1.97293,-8.84898,-4.21115,1.97293
17.36,-8.79678,-4.18348,1.97557,-8.83452,-4.22651,1.97557
17.37,-8.78248,-4.19983,1.97821,-8.81991,-4.24175,1.97821
17.38,-8.76809,-4.21604,1.98084,-8.80516,-4.25687,1.98084
17.39,-8.75363,-4.23209,1.98347,-8.79026,-4.27186,1.98347
17.4,-8.73908,-4.24799,1.98609,-8.77522,-4.28674,1.98609
17.41,-8.72446,-4.26373,1.98871,-8.76003,-4.3015,1.98871
17.42,-8.70976,-4.27933,1.99133,-8.74471,-4.31614,1.99133
17.43,-8.69498,-4.29477,1.99394,-8.72924,-4.33066,1.99394
17.44,-8.68012,-4.31005,1.99654,-8.71363,-4.34507,1.99654
17.45,-8.66519,-4.32518,1.99914,-8.69788,-4.35936,1.99914
17.46,-8.65018,-4.34015,2.00174,-8.68199,-4.37353,2.00174
17.47,-8.63508,-4.35497,2.00433,-8.66597,-4.38759,2.00433
17.48,-8.61992,-4.36963,2.00692,-8.64982,-4.40154,2.00692
17.49,-8.60467,-4.38413,2.00951,-8.63353,-4.41536,2.00951
17.5,-8.58934,-4.39848,2.01209,-8.61712,-4.42908,2.01209
17.51,-8.57394,-4.41267,2.01466,-8.60057,-4.44268,2.01466
17.52,-8.55847,-4.42669,2.01723,-8.5839,-4.45616,2.01723
17.53,-8.54291,-4.44056,2.0198,-8.56711,-4.46953,2.0198
17.54,-8.52728,-4.45427,2.02236,-8.55019,-4.48278,2.02236
17.55,-8.51157,-4.46782,2.02491,-8.53316,-4.49592,2.02491
17.56,-8.49578,-4.48121,2.02746,-8.51601,-4.50894,2.02746
17.57,-8.47992,-4.49443,2.03001,-8.49874,-4.52185,2.03001
17.58,-8.46398,-4.5075,2.03255,-8.48136,-4.53464,2.03255
17.59,-8.44797,-4.5204,2.03509,-8.46387,-4.54732,2.03509
17.6,-8.43188,-4.53314,2.03762,-8.44628,-4.55987,2.03762
17.61,-8.41571,-4.54572,2.04015,-8.42858,-4.57231,2.04015
17.62,-8.39947,-4.55813,2.04267,-8.41077,-4.58464,2.04267
17.63,-8.38315,-4.57038,2.04519,-8.39287,-4.59684,2.04519
17.64,-8.36676,-4.58246,2.0477,-8.37487,-4.60892,2.0477
17.65,-8.35029,-4.59438,2.05021,-8.35678,-4.62088,2.05021
17.66,-8.33375,-4.60613,2.05271,-8.33859,-4.63272,2.05271
17.67,-8.31713,-4.61772,2.05521,-8.32032,-4.64444,2.05521
17.68,-8.30043,-4.62914,2.0577,-8.30196,-4.65603,2.0577
17.69,-8.28366,-4.6404,2.06019,-8.28352,-4.6675,2.06019
17.7,-8.26682,-4.65149,2.06267,-8.26499,-4.67884,2.06267
17.71,-8.2499,-4.66241,2.06515,-8.24639,-4.69005,2.06515
17.72,-8.23291,-4.67316,2.06762,-8.22771,-4.70114,2.06762
17.73,-8.21585,-4.68374,2.07009,-8.20896,-4.71209,2.07009
17.74,-8.19871,-4.69416,2.07255,-8.19015,-4.72291,2.07255
17.75,-8.18149,-4.70441,2.07501,-8.17126,-4.7336,2.07501
17.76,-8.16421,-4.71448,2.07746,-8.15231,-4.74416,2.07746
17.77,-8.14685,-4.72439,2.0799,-8.1333,-4.75457,2.0799
17.78,-8.12941,-4.73413,2.08235,-8.11423,-4.76485,2.08235
17.79,-8.11191,-4.7437,2.08478,-8.0951,-4.77499,2.08478
17.8,-8.09433,-4.75309,2.08721,-8.07592,-4.78499,2.08721
17.81,-8.07667,-4.76232,2.08964,-8.05669,-4.79484,2.08964
17.82,-8.05895,-4.77137,2.09206,-8.03741,-4.80455,2.09206
17.83,-8.04115,-4.78025,2.09447,-8.01808,-4.81411,2.09447
17.84,-8.02328,-4.78896,2.09688,-7.99871,-4.82352,2.09688
17.85,-8.00534,-4.7975,2.09929,-7.9793,-4.83278,2.09929
17.86,-7.98732,-4.80586,2.10169,-7.95985,-4.84188,2.10169
17.87,-7.96924,-4.81406,2.10408,-7.94036,-4.85083,2.10408
17.88,-7.95108,-4.82208,2.10647,-7.92084,-4.85963,2.10647
17.89,-7.93285,-4.82992,2.10885,-7.90129,-4.86826,2.10885
17.9,-7.91455,-4.83759,2.11123,-7.88171,-4.87674,2.11123
17.91,-7.89617,-4.84509,2.1136,-7.86209,-4.88505,2.1136
17.92,-7.87773,-4.85241,2.11597,-7.84245,-4.89319,2.11597
17.93,-7.85922,-4.85956,2.11833,-7.82279,-4.90117,2.11833
17.94,-7.84063,-4.86653,2.12068,-7.8031,-4.90897,2.12068
17.95,-7.82198,-4.87333,2.12303,-7.7834,-4.91661,2.12303
17.96,-7.80325,-4.87995,2.12537,-7.76367,-4.92407,2.12537
17.97,-7.78445,-4.8864,2.12771,-7.74392,-4.93135,2.12771
17.98,-7.76559,-4.89267,2.13004,-7.72416,-4.93846,2.13004
17.99,-7.74665,-4.89876,2.13237,-7.70438,-4.94538,2.13237
18,-7.72764,-4.90468,2.13469,-7.68459,-4.95212,2.13469
18.01,-7.70857,-4.91042,2.13701,-7.66479,-4.95868,2.13701
18.02,-7.68942,-4.91599,2.13932,-7.64497,-4.96505,2.13932
18.03,-7.67021,-4.92138,2.14162,-7.62515,-4.97124,2.14162
18.04,-7.65093,-4.92659,2.14392,-7.60531,-4.97723,2.14392
18.05,-7.63158,-4.93162,2.14621,-7.58547,-4.98303,2.14621
18.06,-7.61215,-4.93648,2.1485,-7.56562,-4.98864,2.1485
18.07,-7.59267,-4.94115,2.15078,-7.54576,-4.99405,2.15078
18.08,-7.57311,-4.94565,2.15305,-7.52589,-4.99926,2.15305
18.09,-7.55348,-4.94998,2.15532,-7.50601,-5.00427,2.15532
18.1,-7.53379,-4.95412,2.15759,-7.48613,-5.00908,2.15759
18.11,-7.51403,-4.95808,2.15984,-7.46625,-5.01369,2.15984
18.12,-7.4942,-4.96187,2.1621,-7.44635,-5.01809,2.1621
18.13,-7.4743,-4.96548,2.16434,-7.42645,-5.02228,2.16434
18.14,-7.45434,-4.96891,2.16658,-7.40655,-5.02627,2.16658
18.15,-7.43431,-4.97216,2.16881,-7.38664,-5.03004,2.16881
18.16,-7.41421,-4.97523,2.17104,-7.36672,-5.03361,2.17104
18.17,-7.39404,-4.97813,2.17326,-7.34679,-5.03696,2.17326
18.18,-7.37381,-4.98084,2.17548,-7.32686,-5.0401,2.17548
18.19,-7.35352,-4.98337,2.17769,-7.30692,-5.04302,2.17769
18.2,-7.33315,-4.98573,2.17989,-7.28697,-5.04573,2.17989
18.21,-7.31272,-4.9879,2.18209,-7.26702,-5.04822,2.18209
18.22,-7.29223,-4.9899,2.18428,-7.24705,-5.05049,2.18428
18.23,-7.27167,-4.99172,2.18646,-7.22707,-5.05254,2.18646
18.24,-7.25104,-4.99335,2.18864,-7.20708,-5.05437,2.18864
18.25,-7.23035,-4.99481,2.19081,-7.18707,-5.05598,2.19081
18.26,-7.20959,-4.99609,2.19298,-7.16706,-5.05737,2.19298
18.27,-7.18877,-4.99718,2.19514,-7.14702,-5.05854,2.19514
18.28,-7.16788,-4.9981,2.19729,-7.12697,-5.05948,2.19729
18.29,-7.14693,-4.99884,2.19944,-7.10691,-5.0602,2.19944
18.3,-7.12592,-4.99939,2.20158,-7.08682,-5.06069,2.20158
18.31,-7.10484,-4.99977,2.20371,-7.06671,-5.06096,2.20371
18.32,-7.08369,-4.99997,2.20584,-7.04658,-5.06101,2.20584
18.33,-7.06249,-4.99999,2.20796,-7.02643,-5.06083,2.20796
18.34,-7.04122,-4.99982,2.21008,-7.00625,-5.06042,2.21008
18.35,-7.01988,-4.99948,2.21219,-6.98604,-5.05979,2.21219
18.36,-6.99848,-4.99896,2.21429,-6.9658,-5.05894,2.21429
18.37,-6.97702,-4.99825,2.21639,-6.94554,-5.05786,2.21639
18.38,-6.9555,-4.99737,2.21848,-6.92524,-5.05655,2.21848
18.39,-6.93392,-4.99631,2.22056,-6.9049,-5.05503,2.22056
18.4,-6.91227,-4.99507,2.22264,-6.88453,-5.05327,2.22264
18.41,-6.89056,-4.99364,2.22471,-6.86412,-5.0513,2.22471
18.42,-6.86879,-4.99204,2.22677,-6.84367,-5.04909,2.22677
18.43,-6.84695,-4.99026,2.22883,-6.82317,-5.04667,2.22883
18.44,-6.82506,-4.9883,2.23088,-6.80263,-5.04403,2.23088
18.45,-6.8031,-4.98616,2.23292,-6.78205,-5.04116,2.23292
18.46,-6.78108,-4.98384,2.23496,-6.76141,-5.03808,2.23496
18.47,-6.759,-4.98134,2.23699,-6.74072,-5.03477,2.23699
18.48,-6.73686,-4.97866,2.23902,-6.71998,-5.03125,2.23902
18.49,-6.71466,-4.9758,2.24104,-6.69919,-5.0275,2.24104
18.5,-6.6924,-4.97276,2.24305,-6.67834,-5.02354,2.24305
18.51,-6.67008,-4.96955,2.24505,-6.65742,-5.01937,2.24505
18.52,-6.6477,-4.96615,2.24705,-6.63645,-5.01498,2.24705
18.53,-6.62525,-4.96258,2.24904,-6.61541,-5.01038,2.24904
18.54,-6.60275,-4.95882,2.25102,-6.59431,-5.00557,2.25102
18.55,-6.58019,-4.95489,2.253,-6.57313,-5.00055,2.253
18.56,-6.55757,-4.95078,2.25497,-6.55189,-4.99532,2.25497
18.57,-6.53489,-4.94649,2.25694,-6.53058,-4.98988,2.25694
18.58,-6.51216,-4.94203,2.25889,-6.50919,-4.98423,2.25889
18.59,-6.48936,-4.93738,2.26084,-6.48772,-4.97838,2.26084
18.6,-6.46651,-4.93256,2.26279,-6.46618,-4.97233,2.26279
18.61,-6.44359,-4.92756,2.26472,-6.44456,-4.96608,2.26472
18.62,-6.42062,-4.92239,2.26665,-6.42286,-4.95963,2.26665
18.63,-6.39759,-4.91703,2.26858,-6.40107,-4.95298,2.26858
18.64,-6.37451,-4.9115,2.27049,-6.37919,-4.94614,2.27049
18.65,-6.35137,-4.90579,2.2724,-6.35723,-4.9391,2.2724
18.66,-6.32817,-4.89991,2.2743,-6.33519,-4.93187,2.2743
18.67,-6.30491,-4.89385,2.2762,-6.31305,-4.92445,2.2762
18.68,-6.28159,-4.88761,2.27808,-6.29082,-4.91684,2.27808
18.69,-6.25822,-4.8812,2.27997,-6.26849,-4.90904,2.27997
18.7,-6.2348,-4.87461,2.28184,-6.24607,-4.90106,2.28184
18.71,-6.21131,-4.86785,2.28371,-6.22356,-4.8929,2.28371
18.72,-6.18777,-4.86091,2.28557,-6.20095,-4.88455,2.28557
18.73,-6.16418,-4.85379,2.28742,-6.17824,-4.87603,2.28742
18.74,-6.14053,-4.8465,2.28926,-6.15543,-4.86733,2.28926
18.75,-6.11682,-4.83904,2.2911,-6.13252,-4.85846,2.2911
18.76,-6.09306,-4.8314,2.29294,-6.10951,-4.84941,2.29294
18.77,-6.06925,-4.82359,2.29476,-6.08639,-4.84019,2.29476
18.78,-6.04538,-4.81561,2.29658,-6.06318,-4.83081,2.29658
18.79,-6.02145,-4.80745,2.29839,-6.03985,-4.82125,2.29839
18.8,-5.99747,-4.79911,2.30019,-6.01643,-4.81153,2.30019
18.81,-5.97344,-4.79061,2.30199,-5.9929,-4.80165,2.30199
18.82,-5.94935,-4.78193,2.30377,-5.96926,-4.79161,2.30377
18.83,-5.92521,-4.77308,2.30555,-5.94551,-4.78141,2.30555
18.84,-5.90102,-4.76406,2.30733,-5.92167,-4.77105,2.30733
18.85,-5.87677,-4.75487,2.3091,-5.89771,-4.76053,2.3091
18.86,-5.85248,-4.74551,2.31085,-5.87365,-4.74986,2.31085
18.87,-5.82812,-4.73597,2.31261,-5.84948,-4.73904,2.31261
18.88,-5.80372,-4.72627,2.31435,-5.8252,-4.72807,2.31435
18.89,-5.77926,-4.71639,2.31609,-5.80081,-4.71695,2.31609
18.9,-5.75475,-4.70635,2.31782,-5.77632,-4.70568,2.31782
18.91,-5.73019,-4.69613,2.31954,-5.75173,-4.69427,2.31954
18.92,-5.70558,-4.68575,2.32126,-5.72703,-4.68272,2.32126
18.93,-5.68092,-4.6752,2.32297,-5.70222,-4.67102,2.32297
18.94,-5.6562,-4.66448,2.32467,-5.67731,-4.65918,2.32467
18.95,-5.63144,-4.65359,2.32636,-5.65229,-4.64721,2.32636
18.96,-5.60662,-4.64253,2.32804,-5.62717,-4.63509,2.32804
18.97,-5.58176,-4.63131,2.32972,-5.60195,-4.62285,2.32972
18.98,-5.55684,-4.61992,2.33139,-5.57663,-4.61046,2.33139
18.99,-5.53187,-4.60836,2.33306,-5.5512,-4.59795,2.33306
19,-5.50686,-4.59664,2.33471,-5.52568,-4.5853,2.33471
19.01,-5.48179,-4.58476,2.33636,-5.50005,-4.57252,2.33636
19.02,-5.45667,-4.5727,2.338,-5.47433,-4.55961,2.338
19.03,-5.43151,-4.56049,2.33964,-5.44852,-4.54657,2.33964
19.04,-5.4063,-4.5481,2.34126,-5.42261,-4.53341,2.34126
19.05,-5.38103,-4.53556,2.34288,-5.3966,-4.52012,2.34288
19.06,-5.35572,-4.52285,2.34449,-5.37051,-4.5067,2.34449
19.07,-5.33036,-4.50998,2.34609,-5.34432,-4.49316,2.34609
19.08,-5.30496,-4.49695,2.34769,-5.31805,-4.47949,2.34769
19.09,-5.2795,-4.48375,2.34928,-5.29169,-4.4657,2.34928
19.1,-5.254,-4.47039,2.35086,-5.26524,-4.45179,2.35086
19.11,-5.22845,-4.45688,2.35243,-5.23871,-4.43776,2.35243
19.12,-5.20286,-4.4432,2.35399,-5.2121,-4.42361,2.35399
19.13,-5.17721,-4.42936,2.35555,-5.18541,-4.40934,2.35555
19.14,-5.15152,-4.41536,2.3571,-5.15864,-4.39494,2.3571
19.15,-5.12579,-4.40121,2.35864,-5.13179,-4.38043,2.35864
19.16,-5.1,-4.38689,2.36017,-5.10487,-4.3658,2.36017
19.17,-5.07418,-4.37242,2.3617,-5.07788,-4.35105,2.3617
19.18,-5.0483,-4.35779,2.36322,-5.05082,-4.33618,2.36322
19.19,-5.02238,-4.343,2.36473,-5.02369,-4.32119,2.36473
19.2,-4.99642,-4.32806,2.36623,-4.9965,-4.30608,2.36623
19.21,-4.97041,-4.31296,2.36773,-4.96924,-4.29086,2.36773
19.22,-4.94436,-4.2977,2.36921,-4.94192,-4.27551,2.36921
19.23,-4.91826,-4.2823,2.37069,-4.91455,-4.26005,2.37069
19.24,-4.89211,-4.26673,2.37217,-4.88712,-4.24447,2.37217
19.25,-4.86593,-4.25101,2.37363,-4.85963,-4.22877,2.37363
19.26,-4.8397,-4.23514,2.37508,-4.83209,-4.21296,2.37508
19.27,-4.81342,-4.21912,2.37653,-4.8045,-4.19702,2.37653
19.28,-4.7871,-4.20295,2.37797,-4.77686,-4.18096,2.37797
19.29,-4.76074,-4.18662,2.37941,-4.74918,-4.16479,2.37941
19.3,-4.73434,-4.17015,2.38083,-4.72146,-4.14849,2.38083
19.31,-4.70789,-4.15352,2.38225,-4.69369,-4.13208,2.38225
19.32,-4.68141,-4.13674,2.38365,-4.66589,-4.11554,2.38365
19.33,-4.65487,-4.11982,2.38505,-4.63805,-4.09888,2.38505
19.34,-4.6283,-4.10274,2.38645,-4.61018,-4.0821,2.38645
19.35,-4.60169,-4.08552,2.38783,-4.58227,-4.0652,2.38783
19.36,-4.57503,-4.06816,2.38921,-4.55434,-4.04818,2.38921
19.37,-4.54834,-4.05064,2.39058,-4.52638,-4.03103,2.39058
19.38,-4.5216,-4.03298,2.39194,-4.49839,-4.01375,2.39194
19.39,-4.49482,-4.01517,2.39329,-4.47038,-3.99635,2.39329
19.4,-4.468,-3.99722,2.39463,-4.44235,-3.97883,2.39463
19.41,-4.44114,-3.97913,2.39597,-4.4143,-3.96118,2.39597
19.42,-4.41424,-3.96089,2.3973,-4.38624,-3.9434,2.3973
19.43,-4.3873,-3.94251,2.39862,-4.35816,-3.9255,2.39862
19.44,-4.36033,-3.92399,2.39993,-4.33006,-3.90746,2.39993
19.45,-4.33331,-3.90533,2.40123,-4.30196,-3.8893,2.40123
19.46,-4.30625,-3.88652,2.40253,-4.27384,-3.871,2.40253
19.47,-4.27916,-3.86758,2.40382,-4.24572,-3.85258,2.40382
19.48,-4.25202,-3.8485,2.4051,-4.2176,-3.83402,2.4051
19.49,-4.22485,-3.82928,2.40637,-4.18947,-3.81533,2.40637
19.5,-4.19764,-3.80992,2.40763,-4.16133,-3.7965,2.40763
19.51,-4.17039,-3.79042,2.40889,-4.1332,-3.77754,2.40889
19.52,-4.14311,-3.77079,2.41014,-4.10506,-3.75845,2.41014
19.53,-4.11578,-3.75102,2.41137,-4.07693,-3.73922,2.41137
19.54,-4.08842,-3.73112,2.4126,-4.04881,-3.71985,2.4126
19.55,-4.06103,-3.71108,2.41383,-4.02068,-3.70035,2.41383
19.56,-4.0336,-3.69091,2.41504,-3.99257,-3.6807,2.41504
19.57,-4.00613,-3.6706,2.41625,-3.96446,-3.66092,2.41625
19.58,-3.97862,-3.65017,2.41745,-3.93635,-3.641,2.41745
19.59,-3.95108,-3.6296,2.41863,-3.90826,-3.62093,2.41863
19.6,-3.9235,-3.6089,2.41982,-3.88018,-3.60073,2.41982
19.61,-3.89589,-3.58807,2.42099,-3.85211,-3.58038,2.42099
19.62,-3.86824,-3.56711,2.42215,-3.82405,-3.55989,2.42215
19.63,-3.84056,-3.54603,2.42331,-3.796,-3.53926,2.42331
19.64,-3.81284,-3.52481,2.42446,-3.76797,-3.51849,2.42446
19.65,-3.78509,-3.50347,2.4256,-3.73995,-3.49756,2.4256
19.66,-3.75731,-3.48201,2.42673,-3.71195,-3.4765,2.42673
19.67,-3.72949,-3.46041,2.42785,-3.68396,-3.45529,2.42785
19.68,-3.70164,-3.4387,2.42897,-3.65598,-3.43393,2.42897
19.69,-3.67375,-3.41686,2.43007,-3.62802,-3.41243,2.43007
19.7,-3.64583,-3.39489,2.43117,-3.60008,-3.39078,2.43117
19.71,-3.61788,-3.37281,2.43226,-3.57215,-3.36899,2.43226
19.72,-3.5899,-3.3506,2.43334,-3.54424,-3.34704,2.43334
19.73,-3.56188,-3.32827,2.43441,-3.51634,-3.32495,2.43441
19.74,-3.53383,-3.30583,2.43548,-3.48846,-3.30272,2.43548
19.75,-3.50575,-3.28326,2.43653,-3.4606,-3.28033,2.43653
19.76,-3.47764,-3.26057,2.43758,-3.43274,-3.2578,2.43758
19.77,-3.4495,-3.23777,2.43862,-3.40491,-3.23513,2.43862
19.78,-3.42132,-3.21485,2.43965,-3.37709,-3.2123,2.43965
19.79,-3.39312,-3.19182,2.44067,-3.34928,-3.18933,2.44067
19.8,-3.36488,-3.16867,2.44169,-3.32149,-3.16621,2.44169
19.81,-3.33662,-3.14541,2.44269,-3.2937,-3.14294,2.44269
19.82,-3.30832,-3.12203,2.44369,-3.26593,-3.11953,2.44369
19.83,-3.28,-3.09854,2.44468,-3.23818,-3.09597,2.44468
19.84,-3.25164,-3.07494,2.44566,-3.21043,-3.07227,2.44566
19.85,-3.22326,-3.05123,2.44663,-3.18269,-3.04842,2.44663
19.86,-3.19484,-3.02741,2.44759,-3.15496,-3.02443,2.44759
19.87,-3.1664,-3.00348,2.44855,-3.12724,-3.0003,2.44855
19.88,-3.13793,-2.97944,2.44949,-3.09952,-2.97602,2.44949
19.89,-3.10943,-2.95529,2.45043,-3.07181,-2.9516,2.45043
19.9,-3.08091,-2.93104,2.45136,-3.04411,-2.92704,2.45136
19.91,-3.05235,-2.90668,2.45228,-3.01641,-2.90234,2.45228
19.92,-3.02377,-2.88222,2.45319,-2.98871,-2.87749,2.45319
19.93,-2.99516,-2.85766,2.45409,-2.96101,-2.85251,2.45409
19.94,-2.96652,-2.83299,2.45499,-2.93331,-2.8274,2.45499
19.95,-2.93786,-2.80822,2.45587,-2.90561,-2.80214,2.45587
19.96,-2.90917,-2.78334,2.45675,-2.87791,-2.77676,2.45675
19.97,-2.88046,-2.75837,2.45762,-2.8502,-2.75123,2.45762
19.98,-2.85171,-2.7333,2.45848,-2.82248,-2.72558,2.45848
19.99,-2.82295,-2.70813,2.45933,-2.79476,-2.69979,2.45933
20,-2.79415,-2.68286,2.46017,-2.76703,-2.67388,2.46017
20.01,-2.76534,-2.6575,2.461,-2.73929,-2.64783,2.461
20.02,-2.73649,-2.63204,2.46183,-2.71153,-2.62166,2.46183
20.03,-2.70763,-2.60649,2.46265,-2.68376,-2.59536,2.46265
20.04,-2.67874,-2.58084,2.46345,-2.65598,-2.56894,2.46345
20.05,-2.64982,-2.5551,2.46425,-2.62818,-2.5424,2.46425
20.06,-2.62088,-2.52927,2.46504,-2.60036,-2.51574,2.46504
20.07,-2.59192,-2.50334,2.46583,-2.57252,-2.48896,2.46583
20.08,-2.56293,-2.47733,2.4666,-2.54467,-2.46206,2.4666
20.09,-2.53392,-2.45122,2.46736,-2.51678,-2.43505,2.46736
20.1,-2.50489,-2.42503,2.46812,-2.48888,-2.40792,2.46812
20.11,-2.47584,-2.39875,2.46887,-2.46094,-2.38069,2.46887
20.12,-2.44676,-2.37239,2.4696,-2.43298,-2.35334,2.4696
20.13,-2.41766,-2.34594,2.47033,-2.40499,-2.32589,2.47033
20.14,-2.38854,-2.3194,2.47106,-2.37697,-2.29834,2.47106
20.15,-2.3594,-2.29278,2.47177,-2.34892,-2.27068,2.47177
20.16,-2.33023,-2.26608,2.47247,-2.32083,-2.24292,2.47247
20.17,-2.30105,-2.2393,2.47317,-2.29271,-2.21506,2.47317
20.18,-2.27184,-2.21244,2.47385,-2.26455,-2.18711,2.47385
20.19,-2.24262,-2.18549,2.47453,-2.23635,-2.15906,2.47453
20.2,-2.21337,-2.15847,2.4752,-2.20812,-2.13092,2.4752
20.21,-2.1841,-2.13137,2.47586,-2.17984,-2.10269,2.47586
20.22,-2.15482,-2.1042,2.47651,-2.15152,-2.07438,2.47651
20.23,-2.12551,-2.07695,2.47715,-2.12316,-2.04597,2.47715
20.24,-2.09619,-2.04962,2.47778,-2.09475,-2.01749,2.47778
20.25,-2.06685,-2.02222,2.47841,-2.0663,-1.98893,2.47841
20.26,-2.03749,-1.99475,2.47902,-2.0378,-1.96028,2.47902
20.27,-2.00811,-1.9672,2.47963,-2.00926,-1.93157,2.47963
20.28,-1.97871,-1.93959,2.48023,-1.98066,-1.90278,2.48023
20.29,-1.94929,-1.9119,2.48082,-1.95202,-1.87391,2.48082
20.3,-1.91986,-1.88415,2.4814,-1.92332,-1.84498,2.4814
20.31,-1.89041,-1.85632,2.48197,-1.89457,-1.81599,2.48197
20.32,-1.86094,-1.82843,2.48253,-1.86577,-1.78693,2.48253
20.33,-1.83146,-1.80048,2.48309,-1.83692,-1.75781,2.48309
20.34,-1.80196,-1.77246,2.48363,-1.80802,-1.72862,2.48363
20.35,-1.77244,-1.74438,2.48417,-1.77906,-1.69939,2.48417
20.36,-1.74291,-1.71623,2.48469,-1.75004,-1.67009,2.48469
20.37,-1.71336,-1.68802,2.48521,-1.72097,-1.64075,2.48521
20.38,-1.68379,-1.65975,2.48572,-1.69185,-1.61136,2.48572
20.39,-1.65421,-1.63142,2.48622,-1.66267,-1.58191,2.48622
20.4,-1.62462,-1.60304,2.48671,-1.63343,-1.55243,2.48671
20.41,-1.59501,-1.57459,2.4872,-1.60413,-1.5229,2.4872
20.42,-1.56539,-1.54609,2.48767,-1.57478,-1.49333,2.48767
20.43,-1.53575,-1.51753,2.48814,-1.54537,-1.46372,2.48814
20.44,-1.5061,-1.48892,2.48859,-1.51591,-1.43407,2.48859
20.45,-1.47644,-1.46025,2.48904,-1.48639,-1.40439,2.48904
20.46,-1.44676,-1.43154,2.48948,-1.45681,-1.37468,2.48948
20.47,-1.41707,-1.40277,2.48991,-1.42717,-1.34494,2.48991
20.48,-1.38736,-1.37395,2.49033,-1.39748,-1.31517,2.49033
20.49,-1.35765,-1.34508,2.49074,-1.36774,-1.28537,2.49074
20.5,-1.32792,-1.31616,2.49114,-1.33793,-1.25555,2.49114
20.51,-1.29818,-1.28719,2.49154,-1.30808,-1.22571,2.49154
20.52,-1.26843,-1.25818,2.49192,-1.27817,-1.19585,2.49192
20.53,-1.23866,-1.22912,2.4923,-1.2482,-1.16597,2.4923
20.54,-1.20889,-1.20002,2.49267,-1.21818,-1.13607,2.49267
20.55,-1.1791,-1.17088,2.49302,-1.18811,-1.10616,2.49302
20.56,-1.14931,-1.14169,2.49337,-1.15799,-1.07623,2.49337
20.57,-1.1195,-1.11246,2.49371,-1.12782,-1.0463,2.49371
20.58,-1.08968,-1.0832,2.49405,-1.09759,-1.01635,2.49405
20.59,-1.05986,-1.05389,2.49437,-1.06732,-0.9864,2.49437
20.6,-1.03002,-1.02454,2.49468,-1.037,-0.95644,2.49468
20.61,-1.00018,-0.995163,2.49499,-1.00664,-0.926476,2.49499
20.62,-0.970324,-0.965745,2.49528,-0.976227,-0.896508,2.49528
20.63,-0.940461,-0.936293,2.49557,-0.945772,-0.866538,2.49557
20.64,-0.91059,-0.906807,2.49585,-0.915273,-0.836567,2.49585
20.65,-0.880711,-0.877288,2.49611,-0.884734,-0.806597,2.49611
20.66,-0.850823,-0.847738,2.49637,-0.854153,-0.776629,2.49637
20.67,-0.820928,-0.818157,2.49662,-0.823534,-0.746665,2.49662
20.68,-0.791026,-0.788547,2.49687,-0.792878,-0.716704,2.49687
20.69,-0.761116,-0.758909,2.4971,-0.762186,-0.68675,2.4971
20.7,-0.7312,-0.729243,2.49732,-0.731459,-0.656801,2.49732
20.71,-0.701277,-0.69955,2.49754,-0.7007,-0.62686,2.49754
20.72,-0.671348,-0.669833,2.49774,-0.66991,-0.596928,2.49774
20.73,-0.641412,-0.640092,2.49794,-0.639091,-0.567006,2.49794
20.74,-0.611471,-0.610327,2.49813,-0.608244,-0.537093,2.49813
20.75,-0.581525,-0.580541,2.49831,-0.577371,-0.507192,2.49831
20.76,-0.551573,-0.550733,2.49848,-0.546474,-0.477303,2.49848
20.77,-0.521616,-0.520906,2.49864,-0.515555,-0.447426,2.49864
20.78,-0.491655,-0.49106,2.49879,-0.484615,-0.417563,2.49879
20.79,-0.461689,-0.461197,2.49893,-0.453656,-0.387713,2.49893
20.8,-0.431719,-0.431316,2.49907,-0.422681,-0.357879,2.49907
20.81,-0.401745,-0.401421,2.49919,-0.391691,-0.328059,2.49919
20.82,-0.371767,-0.37151,2.49931,-0.360687,-0.298255,2.49931
20.83,-0.341786,-0.341587,2.49942,-0.329673,-0.268467,2.49942
20.84,-0.311803,-0.311651,2.49951,-0.298649,-0.238696,2.49951
20.85,-0.281816,-0.281704,2.4996,-0.267618,-0.208941,2.4996
20.86,-0.251826,-0.251747,2.49968,-0.236582,-0.179204,2.49968
20.87,-0.221835,-0.22178,2.49975,-0.205542,-0.149484,2.49975
20.88,-0.191841,-0.191806,2.49982,-0.174501,-0.119782,2.49982
20.89,-0.161846,-0.161825,2.49987,-0.143459,-0.0900977,2.49987
20.9,-0.131849,-0.131838,2.49991,-0.112421,-0.0604319,2.49991
20.91,-0.101851,-0.101846,2.49995,-0.0813858,-0.0307844,2.49995
20.92,-0.0718525,-0.0718506,2.49997,-0.050357,-0.00115546,2.49997
20.93,-0.0418529,-0.0418526,2.49999,-0.0193362,0.0284549,2.49999
20.94,-0.0118531,-0.0118531,2.5,0.0116749,0.0580466,2.5
20.95,0.0181469,0.0181469,2.5,0.0426745,0.0876195,2.5
20.96,0.0481467,0.0481462,2.49999,0.0736607,0.117174,2.49999
20.97,0.0781461,0.0781437,2.49997,0.104632,0.146709,2.49997
20.98,0.108145,0.108138,2.49994,0.135586,0.176226,2.49994
20.99,0.138143,0.138129,2.4999,0.166521,0.205724,2.4999
