t,x_des,y_des,z_des,x_act,y_act,z_act
0,0,10,0,4,5,0
0.01,0.0599996,9.99982,0.02,4,5,0.000481721
0.02,0.119997,9.99928,0.04,4,5,0.00191999
0.03,0.17999,9.99838,0.06,4.00001,5.00001,0.00428631
0.04,0.239977,9.99712,0.08,4.00002,5.00002,0.0075451
0.05,0.299955,9.9955,0.1,4.00006,5.00006,0.0116628
0.06,0.359922,9.99352,0.12,4.00012,5.00012,0.0166067
0.07,0.419877,9.99118,0.14,4.00021,5.00022,0.0223455
0.08,0.479816,9.98848,0.16,4.00036,5.00036,0.0288486
0.09,0.539738,9.98542,0.18,4.00056,5.00056,0.0360868
0.1,0.59964,9.98201,0.2,4.00083,5.00083,0.0440315
0.11,0.659521,9.97823,0.22,4.00118,5.00118,0.0526555
0.12,0.719378,9.97409,0.24,4.00163,5.00163,0.0619322
0.13,0.779209,9.9696,0.26,4.00219,5.0022,0.0718362
0.14,0.839013,9.96474,0.28,4.00287,5.00288,0.0823426
0.15,0.898785,9.95953,0.3,4.00369,5.00371,0.0934277
0.16,0.958526,9.95396,0.32,4.00466,5.00468,0.105068
0.17,1.01823,9.94803,0.34,4.0058,5.00583,0.117243
0.18,1.0779,9.94174,0.36,4.00711,5.00715,0.129929
0.19,1.13753,9.93509,0.38,4.00862,5.00867,0.143107
0.2,1.19712,9.92809,0.4,4.01033,5.0104,0.156756
0.21,1.25667,9.92072,0.42,4.01226,5.01236,0.170857
0.22,1.31617,9.91301,0.44,4.01442,5.01455,0.185391
0.23,1.37562,9.90493,0.46,4.01682,5.01699,0.200341
0.24,1.43503,9.8965,0.48,4.01948,5.0197,0.21569
0.25,1.49438,9.88771,0.5,4.02241,5.02269,0.23142
0.26,1.55368,9.87857,0.52,4.02563,5.02597,0.247515
0.27,1.61292,9.86907,0.54,4.02913,5.02956,0.26396
0.28,1.67211,9.85921,0.56,4.03294,5.03346,0.28074
0.29,1.73123,9.849,0.58,4.03706,5.0377,0.297841
0.3,1.7903,9.83844,0.6,4.04151,5.04228,0.315248
0.31,1.84929,9.82752,0.62,4.04629,5.04721,0.332948
0.32,1.90823,9.81625,0.64,4.05142,5.05252,0.350929
0.33,1.96709,9.80462,0.66,4.0569,5.05821,0.369177
0.34,2.02588,9.79264,0.68,4.06274,5.06429,0.38768
0.35,2.0846,9.78031,0.7,4.06896,5.07077,0.406428
0.36,2.14324,9.76763,0.72,4.07556,5.07767,0.425409
0.37,2.20181,9.75459,0.74,4.08255,5.08499,0.444612
0.38,2.2603,9.7412,0.76,4.08994,5.09276,0.464026
0.39,2.3187,9.72747,0.78,4.09773,5.10097,0.483642
0.4,2.37703,9.71338,0.8,4.10593,5.10964,0.503451
0.41,2.43526,9.69894,0.82,4.11456,5.11877,0.523442
0.42,2.49341,9.68416,0.84,4.12361,5.12839,0.543607
0.43,2.55147,9.66902,0.86,4.13309,5.13849,0.563938
0.44,2.60944,9.65354,0.88,4.143,5.14908,0.584426
0.45,2.66731,9.63771,0.9,4.15337,5.16017,0.605063
0.46,2.72509,9.62153,0.92,4.16418,5.17177,0.625841
0.47,2.78277,9.60501,0.94,4.17544,5.18388,0.646754
0.48,2.84035,9.58814,0.96,4.18717,5.1965,0.667794
0.49,2.89783,9.57092,0.98,4.19936,5.20964,0.688954
0.5,2.9552,9.55336,1,4.21202,5.2233,0.710227
0.51,3.01247,9.53546,1.02,4.22515,5.23747,0.731609
0.52,3.06963,9.51722,1.04,4.23876,5.25216,0.753091
0.53,3.12667,9.49863,1.06,4.25285,5.26736,0.77467
0.54,3.18361,9.4797,1.08,4.26742,5.28307,0.796338
0.55,3.24043,9.46042,1.1,4.28249,5.29928,0.818091
0.56,3.29713,9.44081,1.12,4.29804,5.31598,0.839923
0.57,3.35372,9.42086,1.14,4.3141,5.33317,0.86183
0.58,3.41018,9.40057,1.16,4.33065,5.35084,0.883807
0.59,3.46653,9.37994,1.18,4.3477,5.36897,0.905849
0.6,3.52274,9.35897,1.2,4.36526,5.38754,0.927952
0.61,3.57883,9.33766,1.22,4.38333,5.40656,0.950111
0.62,3.63479,9.31602,1.24,4.40191,5.426,0.972323
0.63,3.69062,9.29405,1.26,4.42101,5.44584,0.994584
0.64,3.74632,9.27174,1.28,4.44062,5.46606,1.01689
0.65,3.80188,9.24909,1.3,4.46076,5.48665,1.03924
0.66,3.85731,9.22611,1.32,4.48142,5.50759,1.06162
0.67,3.9126,9.2028,1.34,4.5026,5.52886,1.08404
0.68,3.96774,9.17916,1.36,4.52431,5.55043,1.1065
0.69,4.02275,9.15519,1.38,4.54656,5.5723,1.12898
0.7,4.0776,9.13089,1.4,4.56933,5.59442,1.15148
0.71,4.13232,9.10626,1.42,4.59265,5.61679,1.17401
0.72,4.18688,9.0813,1.44,4.6165,5.63939,1.19656
0.73,4.24129,9.05602,1.46,4.6409,5.66219,1.21913
0.74,4.29555,9.03041,1.48,4.66584,5.68517,1.24172
0.75,4.34966,9.00447,1.5,4.69133,5.7083,1.26431
0.76,4.4036,8.97821,1.52,4.71737,5.73158,1.28692
0.77,4.45739,8.95163,1.54,4.74396,5.75498,1.30954
0.78,4.51102,8.92472,1.56,4.77111,5.77847,1.33217
0.79,4.56449,8.8975,1.58,4.79881,5.80204,1.3548
0.8,4.61779,8.86995,1.6,4.82707,5.82567,1.37743
0.81,4.67093,8.84208,1.62,4.85589,5.84933,1.40007
0.82,4.7239,8.8139,1.64,4.88528,5.87301,1.4227
0.83,4.77669,8.7854,1.66,4.91523,5.89669,1.44534
0.84,4.82932,8.75658,1.68,4.94576,5.92035,1.46797
0.85,4.88177,8.72745,1.7,4.97685,5.94397,1.4906
0.86,4.93405,8.698,1.72,5.00852,5.96753,1.51322
0.87,4.98615,8.66824,1.74,5.04076,5.99102,1.53583
0.88,5.03807,8.63816,1.76,5.07358,6.01441,1.55844
0.89,5.08981,8.60778,1.78,5.10699,6.03769,1.58104
0.9,5.14136,8.57709,1.8,5.14097,6.06084,1.60363
0.91,5.19273,8.54608,1.82,5.17554,6.08385,1.6262
0.92,5.24391,8.51477,1.84,5.2107,6.1067,1.64877
0.93,5.29491,8.48316,1.86,5.24645,6.12938,1.67132
0.94,5.34571,8.45124,1.88,5.28279,6.15186,1.69386
0.95,5.39632,8.41901,1.9,5.31973,6.17413,1.71638
0.96,5.44674,8.38648,1.92,5.35727,6.19618,1.73888
0.97,5.49696,8.35365,1.94,5.3954,6.218,1.76137
0.98,5.54698,8.32052,1.96,5.43414,6.23957,1.78385
0.99,5.5968,8.28709,1.98,5.47348,6.26088,1.8063
1,5.64642,8.25336,2,5.51343,6.28191,1.82874
1.01,5.69584,8.21933,2.02,5.55398,6.30265,1.85116
1.02,5.74506,8.18501,2.04,5.59515,6.32309,1.87356
1.03,5.79406,8.15039,2.06,5.63693,6.34322,1.89594
1.04,5.84286,8.11548,2.08,5.67932,6.36303,1.9183
1.05,5.89145,8.08028,2.1,5.72231,6.3825,1.94064
1.06,5.93982,8.04478,2.12,5.76589,6.40163,1.96296
1.07,5.98798,8.009,2.14,5.81005,6.4204,1.98526
1.08,6.03593,7.97293,2.16,5.85477,6.43882,2.00753
1.09,6.08366,7.93657,2.18,5.90006,6.45686,2.02979
1.1,6.13117,7.89992,2.2,5.94587,6.47452,2.05202
1.11,6.17846,7.86299,2.22,5.99221,6.4918,2.07423
1.12,6.22552,7.82578,2.24,6.03906,6.50868,2.09642
1.13,6.27237,7.78829,2.26,6.08638,6.52516,2.11858
1.14,6.31898,7.75051,2.28,6.13417,6.54123,2.14072
1.15,6.36537,7.71246,2.3,6.1824,6.55689,2.16284
1.16,6.41153,7.67413,2.32,6.23106,6.57212,2.18494
1.17,6.45746,7.63552,2.34,6.28012,6.58693,2.20701
1.18,6.50316,7.59664,2.36,6.32957,6.60129,2.22906
1.19,6.54862,7.55748,2.38,6.37937,6.61522,2.25109
1.2,6.59385,7.51806,2.4,6.42952,6.6287,2.27309
1.21,6.63884,7.47836,2.42,6.47999,6.64173,2.29507
1.22,6.68359,7.43839,2.44,6.53076,6.65429,2.31703
1.23,6.7281,7.39816,2.46,6.58182,6.66639,2.33896
1.24,6.77236,7.35766,2.48,6.63313,6.67801,2.36087
1.25,6.81639,7.31689,2.5,6.68469,6.68916,2.38275
1.26,6.86017,7.27586,2.52,6.73646,6.69982,2.40462
1.27,6.9037,7.23457,2.54,6.78845,6.70998,2.42646
1.28,6.94698,7.19302,2.56,6.84061,6.71964,2.44827
1.29,6.99001,7.1512,2.58,6.89295,6.7288,2.47006
1.3,7.03279,7.10914,2.6,6.94543,6.73745,2.49183
1.31,7.07532,7.06681,2.62,6.99804,6.74557,2.51358
1.32,7.1176,7.02423,2.64,7.05077,6.75317,2.5353
1.33,7.15961,6.9814,2.66,7.10359,6.76023,2.55701
1.34,7.20137,6.93832,2.68,7.15649,6.76675,2.57868
1.35,7.24287,6.89498,2.7,7.20945,6.77272,2.60034
1.36,7.28411,6.8514,2.72,7.26247,6.77814,2.62197
1.37,7.32509,6.80758,2.74,7.31551,6.78299,2.64358
1.38,7.3658,6.7635,2.76,7.36858,6.78728,2.66517
1.39,7.40625,6.71919,2.78,7.42164,6.79099,2.68674
1.4,7.44643,6.67463,2.8,7.4747,6.79411,2.70828
1.41,7.48634,6.62983,2.82,7.52773,6.79664,2.72981
1.42,7.52599,6.58479,2.84,7.58072,6.79857,2.75131
1.43,7.56536,6.53952,2.86,7.63366,6.7999,2.77279
1.44,7.60446,6.49401,2.88,7.68653,6.80061,2.79425
1.45,7.64329,6.44827,2.9,7.73933,6.8007,2.81569
1.46,7.68184,6.40229,2.92,7.79204,6.80016,2.8371
1.47,7.72012,6.35608,2.94,7.84465,6.79899,2.8585
1.48,7.75811,6.30965,2.96,7.89715,6.79717,2.87988
1.49,7.79583,6.26299,2.98,7.94953,6.79471,2.90123
1.5,7.83327,6.2161,3,8.00178,6.79159,2.92257
1.51,7.87042,6.16899,3.02,8.05388,6.7878,2.94389
1.52,7.9073,6.12166,3.04,8.10583,6.78335,2.96518
1.53,7.94388,6.0741,3.06,8.15763,6.77822,2.98646
1.54,7.98019,6.02633,3.08,8.20925,6.77241,3.00772
1.55,8.0162,5.97834,3.1,8.2607,6.7659,3.02896
1.56,8.05192,5.93014,3.12,8.31196,6.7587,3.05018
1.57,8.08736,5.88172,3.14,8.36303,6.7508,3.07138
1.58,8.12251,5.83309,3.16,8.41389,6.74219,3.09256
1.59,8.15736,5.78425,3.18,8.46456,6.73287,3.11373
1.6,8.19192,5.7352,3.2,8.515,6.72283,3.13487
1.61,8.22618,5.68595,3.22,8.56523,6.71206,3.156
1.62,8.26015,5.63649,3.24,8.61523,6.70056,3.17711
1.63,8.29382,5.58682,3.26,8.66501,6.68832,3.19821
1.64,8.32719,5.53696,3.28,8.71454,6.67534,3.21928
1.65,8.36026,5.4869,3.3,8.76384,6.66161,3.24034
1.66,8.39303,5.43664,3.32,8.81289,6.64714,3.26139
1.67,8.4255,5.38618,3.34,8.86169,6.6319,3.28241
1.68,8.45766,5.33553,3.36,8.91024,6.6159,3.30342
1.69,8.48953,5.28469,3.38,8.95853,6.59914,3.32442
1.7,8.52108,5.23366,3.4,9.00657,6.58161,3.3454
1.71,8.55233,5.18244,3.42,9.05434,6.56331,3.36636
1.72,8.58327,5.13103,3.44,9.10184,6.54422,3.3873
1.73,8.6139,5.07944,3.46,9.14908,6.52435,3.40824
1.74,8.64422,5.02767,3.48,9.19605,6.5037,3.42915
1.75,8.67423,4.97571,3.5,9.24275,6.48226,3.45005
1.76,8.70393,4.92358,3.52,9.28917,6.46003,3.47094
1.77,8.73331,4.87126,3.54,9.33533,6.437,3.49181
1.78,8.76239,4.81878,3.56,9.3812,6.41317,3.51267
1.79,8.79114,4.76612,3.58,9.4268,6.38853,3.53351
1.8,8.81958,4.71328,3.6,9.47213,6.3631,3.55434
1.81,8.8477,4.66028,3.62,9.51718,6.33685,3.57516
1.82,8.8755,4.60711,3.64,9.56195,6.3098,3.59596
1.83,8.90298,4.55378,3.66,9.60644,6.28193,3.61675
1.84,8.93015,4.50028,3.68,9.65066,6.25324,3.63753
1.85,8.95699,4.44662,3.7,9.6946,6.22374,3.65829
1.86,8.98351,4.39279,3.72,9.73827,6.19342,3.67904
1.87,9.0097,4.33881,3.74,9.78166,6.16228,3.69978
1.88,9.03557,4.28468,3.76,9.82478,6.13031,3.7205
1.89,9.06112,4.23039,3.78,9.86762,6.09752,3.74121
1.9,9.08633,4.17595,3.8,9.91019,6.0639,3.76191
1.91,9.11123,4.12135,3.82,9.95249,6.02945,3.7826
1.92,9.13579,4.06661,3.84,9.99452,5.99418,3.80328
1.93,9.16003,4.01172,3.86,10.0363,5.95806,3.82395
1.94,9.18393,3.95669,3.88,10.0778,5.92112,3.8446
1.95,9.20751,3.90152,3.9,10.119,5.88334,3.86524
1.96,9.23075,3.8462,3.92,10.16,5.84473,3.88587
1.97,9.25366,3.79075,3.94,10.2007,5.80527,3.9065
1.98,9.27624,3.73516,3.96,10.2411,5.76498,3.92711
1.99,9.29848,3.67943,3.98,10.2813,5.72385,3.94771
2,9.32039,3.62358,4,10.3213,5.68188,3.9683
2.01,9.34196,3.56759,4.02,10.361,5.63907,3.98888
2.02,9.3632,3.51147,4.04,10.4004,5.59542,4.00944
2.03,9.3841,3.45523,4.06,10.4396,5.55092,4.03
2.04,9.40466,3.39887,4.08,10.4785,5.50558,4.05055
2.05,9.42489,3.34238,4.1,10.5172,5.45939,4.07109
2.06,9.44477,3.28577,4.12,10.5557,5.41236,4.09162
2.07,9.46432,3.22904,4.14,10.5939,5.36448,4.11215
2.08,9.48352,3.1722,4.16,10.6319,5.31576,4.13266
2.09,9.50238,3.11524,4.18,10.6697,5.26619,4.15316
2.1,9.5209,3.05817,4.2,10.7072,5.21577,4.17366
2.11,9.53908,3.00099,4.22,10.7445,5.16451,4.19414
2.12,9.55692,2.9437,4.24,10.7816,5.1124,4.21462
2.13,9.57441,2.88631,4.26,10.8184,5.05945,4.23509
2.14,9.59155,2.82881,4.28,10.8551,5.00566,4.25555
2.15,9.60835,2.77121,4.3,10.8915,4.95103,4.276
2.16,9.6248,2.71351,4.32,10.9277,4.89556,4.29645
2.17,9.64091,2.65571,4.34,10.9636,4.83927,4.31688
2.18,9.65667,2.59782,4.36,10.9994,4.78216,4.33731
2.19,9.67209,2.53983,4.38,11.0349,4.72423,4.35773
2.2,9.68715,2.48175,4.4,11.0702,4.66548,4.37815
2.21,9.70187,2.42359,4.42,11.1053,4.60594,4.39855
2.22,9.71623,2.36533,4.44,11.1401,4.54561,4.41895
2.23,9.73025,2.30699,4.46,11.1748,4.48449,4.43934
2.24,9.74392,2.24857,4.48,11.2092,4.4226,4.45973
2.25,9.75723,2.19007,4.5,11.2433,4.35995,4.4801
2.26,9.7702,2.13148,4.52,11.2772,4.29655,4.50048
2.27,9.78281,2.07283,4.54,11.3109,4.23242,4.52084
2.28,9.79507,2.01409,4.56,11.3443,4.16756,4.5412
2.29,9.80698,1.95529,4.58,11.3775,4.102,4.56155
2.3,9.81854,1.89641,4.6,11.4103,4.03574,4.58189
2.31,9.82974,1.83746,4.62,11.443,3.96882,4.60223
2.32,9.84058,1.77845,4.64,11.4753,3.90123,4.62257
2.33,9.85108,1.71938,4.66,11.5073,3.833,4.64289
2.34,9.86122,1.66024,4.68,11.5391,3.76415,4.66321
2.35,9.871,1.60104,4.7,11.5705,3.69469,4.68353
2.36,9.88043,1.54179,4.72,11.6017,3.62465,4.70384
2.37,9.8895,1.48248,4.74,11.6325,3.55404,4.72414
2.38,9.89822,1.42312,4.76,11.663,3.48288,4.74444
2.39,9.90658,1.3637,4.78,11.6931,3.41119,4.76473
2.4,9.91458,1.30424,4.8,11.7228,3.339,4.78502
2.41,9.92223,1.24473,4.82,11.7522,3.26632,4.8053
2.42,9.92952,1.18517,4.84,11.7813,3.19316,4.82558
2.43,9.93645,1.12557,4.86,11.8099,3.11956,4.84585
2.44,9.94303,1.06593,4.88,11.8381,3.04552,4.86612
2.45,9.94924,1.00626,4.9,11.8659,2.97107,4.88638
2.46,9.9551,0.946544,4.92,11.8933,2.89622,4.90664
2.47,9.9606,0.886797,4.94,11.9203,2.821,4.92689
2.48,9.96574,0.827018,4.96,11.9468,2.74542,4.94714
2.49,9.97053,0.767209,4.98,11.9729,2.66949,4.96738
2.5,9.97495,0.707372,5,11.9985,2.59325,4.98762
2.51,9.97901,0.64751,5.02,12.0236,2.51669,5.00785
2.52,9.98272,0.587625,5.04,12.0482,2.43985,5.02808
2.53,9.98607,0.527718,5.06,12.0723,2.36274,5.04831
2.54,9.98905,0.467792,5.08,12.0959,2.28536,5.06853
2.55,9.99168,0.40785,5.1,12.119,2.20775,5.08875
2.56,9.99395,0.347893,5.12,12.1415,2.1299,5.10896
2.57,9.99585,0.287923,5.14,12.1635,2.05185,5.12917
2.58,9.9974,0.227944,5.16,12.1849,1.9736,5.14938
2.59,9.99859,0.167955,5.18,12.2058,1.89516,5.16958
2.6,9.99942,0.107961,5.2,12.2261,1.81656,5.18978
2.61,9.99988,0.0479631,5.22,12.2458,1.7378,5.20997
2.62,9.99999,-0.0120367,5.24,12.2649,1.6589,5.23016
2.63,9.99974,-0.0720361,5.26,12.2835,1.57987,5.25035
2.64,9.99913,-0.132033,5.28,12.3013,1.50072,5.27053
2.65,9.99816,-0.192025,5.3,12.3186,1.42147,5.29071
2.66,9.99682,-0.25201,5.32,12.3352,1.34212,5.31089
2.67,9.99513,-0.311986,5.34,12.3512,1.26269,5.33106
2.68,9.99308,-0.371951,5.36,12.3665,1.18318,5.35123
2.69,9.99067,-0.431902,5.38,12.3812,1.10362,5.3714
2.7,9.9879,-0.491838,5.4,12.3952,1.024,5.39157
2.71,9.98477,-0.551756,5.42,12.4085,0.944338,5.41173
2.72,9.98128,-0.611655,5.44,12.4211,0.864644,5.43189
2.73,9.97743,-0.671531,5.46,12.433,0.784927,5.45204
2.74,9.97322,-0.731383,5.48,12.4443,0.705193,5.47219
2.75,9.96865,-0.791209,5.5,12.4548,0.625452,5.49234
2.76,9.96372,-0.851006,5.52,12.4645,0.545711,5.51249
2.77,9.95844,-0.910773,5.54,12.4736,0.465977,5.53263
2.78,9.95279,-0.970507,5.56,12.4819,0.386257,5.55277
2.79,9.94679,-1.03021,5.58,12.4895,0.306559,5.57291
2.8,9.94043,-1.08987,5.6,12.4963,0.226887,5.59305
2.81,9.93371,-1.14949,5.62,12.5023,0.147248,5.61318
2.82,9.92664,-1.20907,5.64,12.5076,0.0676477,5.63331
2.83,9.91921,-1.26861,5.66,12.5122,-0.0119088,5.65344
2.84,9.91142,-1.3281,5.68,12.5159,-0.0914167,5.67357
2.85,9.90327,-1.38755,5.7,12.5189,-0.170871,5.69369
2.86,9.89476,-1.44694,5.72,12.5211,-0.250269,5.71381
2.87,9.8859,-1.50628,5.74,12.5225,-0.329604,5.73393
2.88,9.87669,-1.56557,5.76,12.523,-0.408875,5.75405
2.89,9.86712,-1.6248,5.78,12.5228,-0.488078,5.77416
2.9,9.85719,-1.68397,5.8,12.5218,-0.567209,5.79427
2.91,9.84691,-1.74309,5.82,12.52,-0.646266,5.81438
2.92,9.83627,-1.80214,5.84,12.5173,-0.725247,5.83449
2.93,9.82529,-1.86112,5.86,12.5138,-0.804149,5.8546
2.94,9.81394,-1.92004,5.88,12.5095,-0.88297,5.8747
2.95,9.80224,-1.97889,5.9,12.5044,-0.961709,5.8948
2.96,9.7902,-2.03767,5.92,12.4985,-1.04036,5.9149
2.97,9.77779,-2.09637,5.94,12.4917,-1.11893,5.935
2.98,9.76504,-2.155,5.96,12.484,-1.19742,5.9551
2.99,9.75193,-2.21355,5.98,12.4756,-1.27581,5.97519
3,9.73848,-2.27202,6,12.4662,-1.35412,5.99528
3.01,9.72467,-2.33041,6.02,12.4561,-1.43234,6.01538
3.02,9.71051,-2.38872,6.04,12.445,-1.51048,6.03547
3.03,9.696,-2.44694,6.06,12.4332,-1.58852,6.05555
3.04,9.68115,-2.50507,6.08,12.4204,-1.66648,6.07564
3.05,9.66594,-2.56311,6.1,12.4068,-1.74435,6.09572
3.06,9.65039,-2.62106,6.12,12.3924,-1.82213,6.11581
3.07,9.63449,-2.67891,6.14,12.3771,-1.89982,6.13589
3.08,9.61824,-2.73667,6.16,12.3609,-1.97743,6.15597
3.09,9.60165,-2.79433,6.18,12.3439,-2.05496,6.17604
3.1,9.58471,-2.85189,6.2,12.3259,-2.1324,6.19612
3.11,9.56743,-2.90935,6.22,12.3072,-2.20975,6.2162
3.12,9.5498,-2.9667,6.24,12.2875,-2.28703,6.23627
3.13,9.53183,-3.02394,6.26,12.267,-2.36422,6.25634
3.14,9.51351,-3.08108,6.28,12.2456,-2.44134,6.27641
3.15,9.49486,-3.13811,6.3,12.2233,-2.51838,6.29648
3.16,9.47586,-3.19502,6.32,12.2002,-2.59534,6.31655
3.17,9.45652,-3.25182,6.34,12.1762,-2.67223,6.33662
3.18,9.43684,-3.3085,6.36,12.1513,-2.74905,6.35668
3.19,9.41681,-3.36506,6.38,12.1255,-2.82579,6.37675
3.2,9.39645,-3.4215,6.4,12.0989,-2.90247,6.39681
3.21,9.37576,-3.47781,6.42,12.0714,-2.97908,6.41687
3.22,9.35472,-3.534,6.44,12.043,-3.05563,6.43693
3.23,9.33335,-3.59007,6.46,12.0137,-3.13211,6.45699
3.24,9.31164,-3.646,6.48,11.9836,-3.20853,6.47705
3.25,9.2896,-3.70181,6.5,11.9525,-3.2849,6.49711
3.26,9.26722,-3.75748,6.52,11.9206,-3.3612,6.51716
3.27,9.24451,-3.81301,6.54,11.8878,-3.43746,6.53722
3.28,9.22146,-3.86841,6.56,11.8541,-3.51366,6.55727
3.29,9.19809,-3.92367,6.58,11.8196,-3.58981,6.57733
3.3,9.17438,-3.97879,6.6,11.7842,-3.6659,6.59738
3.31,9.15034,-4.03376,6.62,11.7479,-3.74194,6.61743
3.32,9.12597,-4.08859,6.64,11.7108,-3.81791,6.63748
3.33,9.10128,-4.14327,6.66,11.6729,-3.89381,6.65753
3.34,9.07626,-4.19781,6.68,11.6341,-3.96964,6.67758
3.35,9.05091,-4.25219,6.7,11.5945,-4.04539,6.69762
3.36,9.02523,-4.30642,6.72,11.5542,-4.12104,6.71767
3.37,8.99923,-4.36049,6.74,11.513,-4.19659,6.73771
3.38,8.9729,-4.41441,6.76,11.4712,-4.27204,6.75776
3.39,8.94626,-4.46816,6.78,11.4286,-4.34736,6.7778
3.4,8.91929,-4.52176,6.8,11.3852,-4.42254,6.79784
3.41,8.892,-4.5752,6.82,11.3412,-4.49758,6.81789
3.42,8.86438,-4.62846,6.84,11.2965,-4.57247,6.83793
3.43,8.83645,-4.68157,6.86,11.2511,-4.64718,6.85797
3.44,8.80821,-4.7345,6.88,11.2051,-4.72172,6.87801
3.45,8.77964,-4.78727,6.9,11.1585,-4.79605,6.89805
3.46,8.75076,-4.83986,6.92,11.1112,-4.87018,6.91808
3.47,8.72156,-4.89227,6.94,11.0634,-4.94409,6.93812
3.48,8.69205,-4.94451,6.96,11.015,-5.01775,6.95816
3.49,8.66223,-4.99658,6.98,10.966,-5.09117,6.97819
3.5,8.63209,-5.04846,7,10.9165,-5.16433,6.99823
3.51,8.60165,-5.10016,7.02,10.8665,-5.2372,7.01826
3.52,8.57089,-5.15168,7.04,10.8159,-5.30978,7.0383
3.53,8.53983,-5.20301,7.06,10.7649,-5.38205,7.05833
3.54,8.50846,-5.25416,7.08,10.7133,-5.45401,7.07836
3.55,8.47678,-5.30511,7.1,10.6613,-5.52562,7.0984
3.56,8.4448,-5.35588,7.12,10.6089,-5.59689,7.11843
3.57,8.41251,-5.40645,7.14,10.556,-5.66778,7.13846
3.58,8.37992,-5.45683,7.16,10.5026,-5.7383,7.15849
3.59,8.34703,-5.50701,7.18,10.4489,-5.80843,7.17852
3.6,8.31383,-5.55699,7.2,10.3947,-5.87815,7.19855
3.61,8.28034,-5.60677,7.22,10.3401,-5.94744,7.21857
3.62,8.24655,-5.65635,7.24,10.2852,-6.0163,7.2386
3.63,8.21247,-5.70573,7.26,10.2298,-6.08471,7.25863
3.64,8.17809,-5.7549,7.28,10.1741,-6.15266,7.27866
3.65,8.14341,-5.80387,7.3,10.118,-6.22013,7.29868
3.66,8.10844,-5.85262,7.32,10.0616,-6.2871,7.31871
3.67,8.07318,-5.90117,7.34,10.0048,-6.35358,7.33873
3.68,8.03763,-5.9495,7.36,9.94774,-6.41953,7.35876
3.69,8.00178,-5.99762,7.38,9.8903,-6.48495,7.37878
3.7,7.96565,-6.04552,7.4,9.83255,-6.54983,7.39881
3.71,7.92924,-6.09321,7.42,9.77448,-6.61416,7.41883
3.72,7.89254,-6.14067,7.44,9.71611,-6.67791,7.43885
3.73,7.85555,-6.18792,7.46,9.65743,-6.74108,7.45888
3.74,7.81828,-6.23494,7.48,9.59845,-6.80366,7.4789
3.75,7.78073,-6.28174,7.5,9.53919,-6.86564,7.49892
3.76,7.7429,-6.32831,7.52,9.47964,-6.927,7.51894
3.77,7.70479,-6.37465,7.54,9.41981,-6.98774,7.53896
3.78,7.66641,-6.42076,7.56,9.3597,-7.04783,7.55898
3.79,7.62774,-6.46665,7.58,9.29933,-7.10728,7.579
3.8,7.58881,-6.5123,7.6,9.23868,-7.16607,7.59902
3.81,7.5496,-6.55771,7.62,9.17778,-7.22419,7.61904
3.82,7.51012,-6.60289,7.64,9.11661,-7.28163,7.63906
3.83,7.47036,-6.64783,7.66,9.05519,-7.33838,7.65908
3.84,7.43034,-6.69254,7.68,8.99351,-7.39444,7.6791
3.85,7.39005,-6.737,7.7,8.93159,-7.44979,7.69911
3.86,7.3495,-6.78122,7.72,8.86942,-7.50443,7.71913
3.87,7.30868,-6.82519,7.74,8.807,-7.55834,7.73915
3.88,7.2676,-6.86892,7.76,8.74434,-7.61153,7.75916
3.89,7.22625,-6.9124,7.78,8.68145,-7.66398,7.77918
3.9,7.18465,-6.95563,7.8,8.61831,-7.71568,7.7992
3.91,7.14279,-6.99862,7.82,8.55495,-7.76664,7.81921
3.92,7.10067,-7.04135,7.84,8.49136,-7.81684,7.83923
3.93,7.05829,-7.08382,7.86,8.42754,-7.86628,7.85924
3.94,7.01566,-7.12605,7.88,8.36351,-7.91496,7.87926
3.95,6.97278,-7.16801,7.9,8.29925,-7.96287,7.89927
3.96,6.92964,-7.20972,7.92,8.23479,-8.01001,7.91929
3.97,6.88626,-7.25117,7.94,8.17011,-8.05638,7.9393
3.98,6.84263,-7.29235,7.96,8.10523,-8.10197,7.95931
3.99,6.79875,-7.33328,7.98,8.04016,-8.14679,7.97933
4,6.75463,-7.37394,8,7.97489,-8.19082,7.99934
4.01,6.71027,-7.41433,8.02,7.90944,-8.23408,8.01935
4.02,6.66566,-7.45446,8.04,7.84381,-8.27656,8.03937
4.03,6.62081,-7.49432,8.06,7.77801,-8.31827,8.05938
4.04,6.57573,-7.53391,8.08,7.71203,-8.35919,8.07939
4.05,6.53041,-7.57323,8.1,7.64591,-8.39934,8.0994
4.06,6.48485,-7.61227,8.12,7.57963,-8.43872,8.11941
4.07,6.43906,-7.65105,8.14,7.5132,-8.47733,8.13943
4.08,6.39304,-7.68954,8.16,7.44665,-8.51518,8.15944
4.09,6.34679,-7.72776,8.18,7.37996,-8.55226,8.17945
4.1,6.30031,-7.7657,8.2,7.31316,-8.58857,8.19946
4.11,6.2536,-7.80336,8.22,7.24626,-8.62414,8.21947
4.12,6.20667,-7.84075,8.24,7.17925,-8.65895,8.23948
4.13,6.15951,-7.87784,8.26,7.11215,-8.69302,8.25949
4.14,6.11213,-7.91466,8.28,7.04498,-8.72634,8.2795
4.15,6.06454,-7.95119,8.3,6.97774,-8.75893,8.29951
4.16,6.01672,-7.98743,8.32,6.91043,-8.79079,8.31952
4.17,5.96869,-8.02339,8.34,6.84308,-8.82192,8.33953
4.18,5.92044,-8.05906,8.36,6.77569,-8.85234,8.35954
4.19,5.87198,-8.09443,8.38,6.70828,-8.88205,8.37955
4.2,5.82331,-8.12952,8.4,6.64085,-8.91105,8.39956
4.21,5.77442,-8.16431,8.42,6.57341,-8.93936,8.41957
4.22,5.72534,-8.19881,8.44,6.50597,-8.96699,8.43957
4.23,5.67604,-8.23302,8.46,6.43855,-8.99393,8.45958
4.24,5.62654,-8.26693,8.48,6.37115,-9.02021,8.47959
4.25,5.57684,-8.30054,8.5,6.30379,-9.04582,8.4996
4.26,5.52693,-8.33385,8.52,6.23648,-9.07079,8.51961
4.27,5.47683,-8.36686,8.54,6.16922,-9.09512,8.53961
4.28,5.42653,-8.39957,8.56,6.10202,-9.11881,8.55962
4.29,5.37604,-8.43198,8.58,6.0349,-9.14189,8.57963
4.3,5.32535,-8.46408,8.6,5.96787,-9.16436,8.59964
4.31,5.27447,-8.49588,8.62,5.90093,-9.18624,8.61964
4.32,5.2234,-8.52737,8.64,5.83409,-9.20753,8.63965
4.33,5.17214,-8.55856,8.66,5.76736,-9.22825,8.65966
4.34,5.1207,-8.58944,8.68,5.70075,-9.24841,8.67966
4.35,5.06907,-8.62001,8.7,5.63427,-9.26803,8.69967
4.36,5.01726,-8.65027,8.72,5.56793,-9.28711,8.71968
4.37,4.96527,-8.68022,8.74,5.50172,-9.30567,8.73968
4.38,4.9131,-8.70985,8.76,5.43567,-9.32372,8.75969
4.39,4.86075,-8.73917,8.78,5.36978,-9.34128,8.7797
4.4,4.80823,-8.76818,8.8,5.30405,-9.35836,8.7997
4.41,4.75553,-8.79687,8.82,5.23849,-9.37498,8.81971
4.42,4.70266,-8.82524,8.84,5.1731,-9.39114,8.83971
4.43,4.64963,-8.8533,8.86,5.10789,-9.40686,8.85972
4.44,4.59643,-8.88104,8.88,5.04287,-9.42216,8.87972
4.45,4.54306,-8.90846,8.9,4.97804,-9.43705,8.89973
4.46,4.48952,-8.93556,8.92,4.91341,-9.45154,8.91974
4.47,4.43583,-8.96233,8.94,4.84897,-9.46566,8.93974
4.48,4.38198,-8.98879,8.96,4.78474,-9.4794,8.95975
4.49,4.32797,-9.01492,8.98,4.72071,-9.4928,8.97975
4.5,4.2738,-9.04072,9,4.65689,-9.50585,8.99976
4.51,4.21948,-9.0662,9.02,4.59327,-9.51858,9.01976
4.52,4.16501,-9.09135,9.04,4.52987,-9.53099,9.03977
4.53,4.11038,-9.11618,9.06,4.46668,-9.54311,9.05977
4.54,4.05561,-9.14068,9.08,4.40371,-9.55495,9.07977
4.55,4.00069,-9.16485,9.1,4.34095,-9.56652,9.09978
4.56,3.94563,-9.18869,9.12,4.27841,-9.57783,9.11978
4.57,3.89043,-9.2122,9.14,4.21608,-9.5889,9.13979
4.58,3.83509,-9.23537,9.16,4.15397,-9.59973,9.15979
4.59,3.77961,-9.25822,9.18,4.09207,-9.61035,9.1798
4.6,3.72399,-9.28073,9.2,4.03038,-9.62077,9.1998
4.61,3.66824,-9.3029,9.22,3.96891,-9.63099,9.2198
4.62,3.61236,-9.32475,9.24,3.90765,-9.64103,9.23981
4.63,3.55634,-9.34625,9.26,3.84659,-9.65091,9.25981
4.64,3.5002,-9.36742,9.28,3.78574,-9.66062,9.27982
4.65,3.44393,-9.38825,9.3,3.72509,-9.67019,9.29982
4.66,3.38754,-9.40875,9.32,3.66464,-9.67963,9.31982
4.67,3.33103,-9.4289,9.34,3.60439,-9.68894,9.33983
4.68,3.2744,-9.44872,9.36,3.54433,-9.69814,9.35983
4.69,3.21765,-9.4682,9.38,3.48446,-9.70723,9.37983
4.7,3.16078,-9.48733,9.4,3.42477,-9.71623,9.39984
4.71,3.1038,-9.50613,9.42,3.36526,-9.72515,9.41984
4.72,3.04671,-9.52458,9.44,3.30592,-9.73398,9.43984
4.73,2.9895,-9.54269,9.46,3.24676,-9.74275,9.45985
4.74,2.9322,-9.56045,9.48,3.18775,-9.75146,9.47985
4.75,2.87478,-9.57787,9.5,3.1289,-9.76012,9.49985
4.76,2.81726,-9.59495,9.52,3.07021,-9.76873,9.51985
4.77,2.75964,-9.61168,9.54,3.01166,-9.7773,9.53986
4.78,2.70192,-9.62806,9.56,2.95324,-9.78583,9.55986
4.79,2.64411,-9.6441,9.58,2.89496,-9.79435,9.57986
4.8,2.58619,-9.65979,9.6,2.83681,-9.80283,9.59987
4.81,2.52819,-9.67514,9.62,2.77877,-9.81131,9.61987
4.82,2.47009,-9.69013,9.64,2.72084,-9.81976,9.63987
4.83,2.41191,-9.70478,9.66,2.66301,-9.82822,9.65987
4.84,2.35364,-9.71907,9.68,2.60527,-9.83666,9.67988
4.85,2.29528,-9.73302,9.7,2.54763,-9.8451,9.69988
4.86,2.23684,-9.74662,9.72,2.49006,-9.85355,9.71988
4.87,2.17832,-9.75986,9.74,2.43256,-9.86199,9.73988
4.88,2.11972,-9.77276,9.76,2.37512,-9.87044,9.75989
4.89,2.06105,-9.7853,9.78,2.31774,-9.87889,9.77989
4.9,2.0023,-9.79749,9.8,2.2604,-9.88735,9.79989
4.91,1.94348,-9.80933,9.82,2.2031,-9.89581,9.81989
4.92,1.88459,-9.82081,9.84,2.14583,-9.90427,9.83989
4.93,1.82563,-9.83194,9.86,2.08858,-9.91274,9.8599
4.94,1.76661,-9.84272,9.88,2.03133,-9.92121,9.8799
4.95,1.70752,-9.85314,9.9,1.97409,-9.92967,9.8999
4.96,1.64837,-9.86321,9.92,1.91684,-9.93813,9.9199
4.97,1.58916,-9.87292,9.94,1.85958,-9.94659,9.9399
4.98,1.52989,-9.88228,9.96,1.80229,-9.95503,9.95991
4.99,1.47057,-9.89128,9.98,1.74496,-9.96346,9.97991
5,1.4112,-9.89992,10,1.6876,-9.97186,9.99991
5.01,1.35178,-9.90821,10.02,1.63018,-9.98024,10.0199
5.02,1.2923,-9.91615,10.04,1.57271,-9.98859,10.0399
5.03,1.23278,-9.92372,10.06,1.51517,-9.99689,10.0599
5.04,1.17322,-9.93094,10.08,1.45756,-10.0052,10.0799
5.05,1.11361,-9.9378,10.1,1.39986,-10.0134,10.0999
5.06,1.05397,-9.9443,10.12,1.34207,-10.0215,10.1199
5.07,0.994281,-9.95045,10.14,1.28418,-10.0296,10.1399
5.08,0.934561,-9.95623,10.16,1.22619,-10.0376,10.1599
5.09,0.874807,-9.96166,10.18,1.16808,-10.0455,10.1799
5.1,0.815022,-9.96673,10.2,1.10985,-10.0533,10.1999
5.11,0.755207,-9.97144,10.22,1.05149,-10.061,10.2199
5.12,0.695365,-9.97579,10.24,0.993001,-10.0686,10.2399
5.13,0.635498,-9.97979,10.26,0.934369,-10.0761,10.2599
5.14,0.575608,-9.98342,10.28,0.875591,-10.0834,10.2799
5.15,0.515698,-9.98669,10.3,0.816659,-10.0906,10.2999
5.16,0.455769,-9.98961,10.32,0.75757,-10.0976,10.3199
5.17,0.395823,-9.99216,10.34,0.698317,-10.1044,10.3399
5.18,0.335863,-9.99436,10.36,0.638894,-10.111,10.3599
5.19,0.275892,-9.99619,10.38,0.579299,-10.1175,10.3799
5.2,0.21591,-9.99767,10.4,0.519525,-10.1237,10.3999
5.21,0.15592,-9.99878,10.42,0.45957,-10.1297,10.4199
5.22,0.0959251,-9.99954,10.44,0.399428,-10.1354,10.4399
5.23,0.0359265,-9.99994,10.46,0.339096,-10.1409,10.4599
5.24,-0.0240734,-9.99997,10.48,0.278572,-10.1461,10.4799
5.25,-0.0840725,-9.99965,10.5,0.217851,-10.151,10.4999
5.26,-0.144068,-9.99896,10.52,0.156931,-10.1556,10.5199
5.27,-0.204059,-9.99792,10.54,0.0958106,-10.16,10.5399
5.28,-0.264043,-9.99651,10.56,0.0344862,-10.1639,10.5599
5.29,-0.324017,-9.99475,10.58,-0.0270435,-10.1676,10.5799
5.3,-0.383979,-9.99263,10.6,-0.0887802,-10.1709,10.6
5.31,-0.443928,-9.99014,10.62,-0.150725,-10.1738,10.62
5.32,-0.50386,-9.9873,10.64,-0.212879,-10.1764,10.64
5.33,-0.563774,-9.9841,10.66,-0.275242,-10.1785,10.66
5.34,-0.623668,-9.98053,10.68,-0.337815,-10.1803,10.68
5.35,-0.68354,-9.97661,10.7,-0.400598,-10.1816,10.7
5.36,-0.743387,-9.97233,10.72,-0.463589,-10.1825,10.72
5.37,-0.803207,-9.96769,10.74,-0.526789,-10.183,10.74
5.38,-0.862999,-9.96269,10.76,-0.590195,-10.183,10.76
5.39,-0.922759,-9.95733,10.78,-0.653806,-10.1826,10.78
5.4,-0.982486,-9.95162,10.8,-0.717619,-10.1817,10.8
5.41,-1.04218,-9.94555,10.82,-0.781633,-10.1803,10.82
5.42,-1.10183,-9.93911,10.84,-0.845843,-10.1784,10.84
5.43,-1.16145,-9.93232,10.86,-0.910247,-10.176,10.86
5.44,-1.22102,-9.92518,10.88,-0.974841,-10.1731,10.88
5.45,-1.28055,-9.91767,10.9,-1.03962,-10.1697,10.9
5.46,-1.34003,-9.90981,10.92,-1.10458,-10.1657,10.92
5.47,-1.39946,-9.90159,10.94,-1.16971,-10.1613,10.94
5.48,-1.45885,-9.89302,10.96,-1.23502,-10.1563,10.96
5.49,-1.51818,-9.88408,10.98,-1.30049,-10.1507,10.98
5.5,-1.57746,-9.8748,11,-1.36611,-10.1446,11
5.51,-1.63668,-9.86516,11.02,-1.43189,-10.1379,11.02
5.52,-1.69584,-9.85516,11.04,-1.4978,-10.1307,11.04
5.53,-1.75494,-9.84481,11.06,-1.56386,-10.1229,11.06
5.54,-1.81398,-9.8341,11.08,-1.63004,-10.1146,11.08
5.55,-1.87295,-9.82304,11.1,-1.69633,-10.1057,11.1
5.56,-1.93185,-9.81162,11.12,-1.76274,-10.0962,11.12
5.57,-1.99069,-9.79986,11.14,-1.82925,-10.0861,11.14
5.58,-2.04945,-9.78774,11.16,-1.89585,-10.0754,11.16
5.59,-2.10814,-9.77526,11.18,-1.96253,-10.0642,11.18
5.6,-2.16675,-9.76244,11.2,-2.02928,-10.0524,11.2
5.61,-2.22529,-9.74926,11.22,-2.09609,-10.0399,11.22
5.62,-2.28374,-9.73573,11.24,-2.16295,-10.0269,11.24
5.63,-2.34211,-9.72186,11.26,-2.22984,-10.0134,11.26
5.64,-2.4004,-9.70763,11.28,-2.29677,-9.99921,11.28
5.65,-2.45861,-9.69305,11.3,-2.36371,-9.98447,11.3
5.66,-2.51672,-9.67813,11.32,-2.43065,-9.96914,11.32
5.67,-2.57474,-9.66285,11.34,-2.49758,-9.95323,11.34
5.68,-2.63267,-9.64723,11.36,-2.5645,-9.93675,11.36
5.69,-2.69051,-9.63126,11.38,-2.63138,-9.91969,11.38
5.7,-2.74825,-9.61494,11.4,-2.69821,-9.90206,11.4
5.71,-2.80589,-9.59828,11.42,-2.76499,-9.88385,11.42
5.72,-2.86343,-9.58127,11.44,-2.83169,-9.86508,11.44
5.73,-2.92086,-9.56392,11.46,-2.89831,-9.84574,11.46
5.74,-2.97819,-9.54622,11.48,-2.96483,-9.82584,11.48
5.75,-3.03542,-9.52818,11.5,-3.03124,-9.80539,11.5
5.76,-3.09253,-9.5098,11.52,-3.09753,-9.78438,11.52
5.77,-3.14953,-9.49107,11.54,-3.16368,-9.76283,11.54
5.78,-3.20642,-9.472,11.56,-3.22968,-9.74073,11.56
5.79,-3.2632,-9.4526,11.58,-3.29552,-9.7181,11.58
5.8,-3.31985,-9.43285,11.6,-3.36118,-9.69493,11.6
5.81,-3.37639,-9.41276,11.62,-3.42664,-9.67123,11.62
5.82,-3.4328,-9.39233,11.64,-3.49191,-9.64701,11.64
5.83,-3.4891,-9.37156,11.66,-3.55695,-9.62227,11.66
5.84,-3.54526,-9.35046,11.68,-3.62177,-9.59702,11.68
5.85,-3.6013,-9.32902,11.7,-3.68634,-9.57126,11.7
5.86,-3.65721,-9.30725,11.72,-3.75066,-9.545,11.72
5.87,-3.71299,-9.28513,11.74,-3.8147,-9.51825,11.74
5.88,-3.76863,-9.26269,11.76,-3.87846,-9.49101,11.76
5.89,-3.82414,-9.23991,11.78,-3.94193,-9.46329,11.78
5.9,-3.87951,-9.2168,11.8,-4.00509,-9.4351,11.8
5.91,-3.93474,-9.19336,11.82,-4.06793,-9.40644,11.82
5.92,-3.98983,-9.16958,11.84,-4.13043,-9.37732,11.84
5.93,-4.04477,-9.14548,11.86,-4.1926,-9.34775,11.86
5.94,-4.09957,-9.12105,11.88,-4.2544,-9.31773,11.88
5.95,-4.15423,-9.09629,11.9,-4.31585,-9.28728,11.9
5.96,-4.20873,-9.0712,11.92,-4.37691,-9.2564,11.92
5.97,-4.26308,-9.04578,11.94,-4.43759,-9.2251,11.94
5.98,-4.31728,-9.02004,11.96,-4.49787,-9.19338,11.96
5.99,-4.37132,-8.99397,11.98,-4.55775,-9.16127,11.98
6,-4.4252,-8.96758,12,-4.61721,-9.12875,12
6.01,-4.47893,-8.94087,12.02,-4.67625,-9.09585,12.02
6.02,-4.53249,-8.91384,12.04,-4.73485,-9.06258,12.04
6.03,-4.5859,-8.88648,12.06,-4.79302,-9.02893,12.06
6.04,-4.63913,-8.85881,12.08,-4.85073,-8.99493,12.08
6.05,-4.6922,-8.83081,12.1,-4.908,-8.96057,12.1
6.06,-4.7451,-8.8025,12.12,-4.9648,-8.92588,12.12
6.07,-4.79783,-8.77387,12.14,-5.02114,-8.89085,12.14
6.08,-4.85039,-8.74493,12.16,-5.07701,-8.85551,12.16
6.09,-4.90277,-8.71567,12.18,-5.13241,-8.81985,12.18
6.1,-4.95497,-8.68609,12.2,-5.18732,-8.78388,12.2
6.11,-5.007,-8.65621,12.22,-5.24176,-8.74762,12.22
6.12,-5.05885,-8.62601,12.24,-5.2957,-8.71108,12.24
6.13,-5.11051,-8.5955,12.26,-5.34916,-8.67426,12.26
6.14,-5.16199,-8.56468,12.28,-5.40214,-8.63718,12.28
6.15,-5.21329,-8.53356,12.3,-5.45461,-8.59984,12.3
6.16,-5.2644,-8.50213,12.32,-5.5066,-8.56225,12.32
6.17,-5.31531,-8.47039,12.34,-5.5581,-8.52442,12.34
6.18,-5.36604,-8.43834,12.36,-5.6091,-8.48637,12.36
6.19,-5.41657,-8.40599,12.38,-5.65961,-8.44809,12.38
6.2,-5.46691,-8.37334,12.4,-5.70964,-8.40959,12.4
6.21,-5.51705,-8.34039,12.42,-5.75917,-8.37089,12.42
6.22,-5.56699,-8.30714,12.44,-5.80822,-8.332,12.44
6.23,-5.61674,-8.27359,12.46,-5.85678,-8.29291,12.46
6.24,-5.66628,-8.23974,12.48,-5.90487,-8.25365,12.48
6.25,-5.71561,-8.20559,12.5,-5.95247,-8.21421,12.5
6.26,-5.76474,-8.17115,12.52,-5.99961,-8.1746,12.52
6.27,-5.81367,-8.13642,12.54,-6.04627,-8.13484,12.54
6.28,-5.86238,-8.10139,12.56,-6.09247,-8.09492,12.56
6.29,-5.91088,-8.06607,12.58,-6.13821,-8.05485,12.58
6.3,-5.95917,-8.03046,12.6,-6.1835,-8.01465,12.6
6.31,-6.00725,-7.99456,12.62,-6.22834,-7.97431,12.62
6.32,-6.05511,-7.95837,12.64,-6.27274,-7.93384,12.64
6.33,-6.10275,-7.9219,12.66,-6.3167,-7.89325,12.66
6.34,-6.15017,-7.88514,12.68,-6.36023,-7.85255,12.68
6.35,-6.19737,-7.8481,12.7,-6.40334,-7.81173,12.7
6.36,-6.24435,-7.81077,12.72,-6.44604,-7.7708,12.72
6.37,-6.2911,-7.77317,12.74,-6.48833,-7.72977,12.74
6.38,-6.33762,-7.73528,12.76,-6.53021,-7.68864,12.76
6.39,-6.38392,-7.69711,12.78,-6.57171,-7.64741,12.78
6.4,-6.42999,-7.65867,12.8,-6.61282,-7.60609,12.8
6.41,-6.47582,-7.61995,12.82,-6.65356,-7.56468,12.82
6.42,-6.52143,-7.58096,12.84,-6.69393,-7.52319,12.84
6.43,-6.56679,-7.5417,12.86,-6.73394,-7.48161,12.86
6.44,-6.61193,-7.50216,12.88,-6.77359,-7.43995,12.88
6.45,-6.65682,-7.46236,12.9,-6.81291,-7.39822,12.9
6.46,-6.70147,-7.42228,12.92,-6.85189,-7.3564,12.92
6.47,-6.74589,-7.38194,12.94,-6.89055,-7.31451,12.94
6.48,-6.79006,-7.34133,12.96,-6.92889,-7.27254,12.96
6.49,-6.83398,-7.30046,12.98,-6.96693,-7.2305,12.98
6.5,-6.87766,-7.25932,13,-7.00466,-7.18839,13
6.51,-6.92109,-7.21793,13.02,-7.04211,-7.14621,13.02
6.52,-6.96428,-7.17627,13.04,-7.07928,-7.10395,13.04
6.53,-7.00721,-7.13436,13.06,-7.11617,-7.06161,13.06
6.54,-7.04989,-7.09218,13.08,-7.15281,-7.01921,13.08
6.55,-7.09231,-7.04976,13.1,-7.18918,-6.97673,13.1
6.56,-7.13448,-7.00708,13.12,-7.22531,-6.93417,13.12
6.57,-7.1764,-6.96414,13.14,-7.26121,-6.89154,13.14
6.58,-7.21805,-6.92096,13.16,-7.29688,-6.84883,13.16
6.59,-7.25945,-6.87753,13.18,-7.33232,-6.80604,13.18
6.6,-7.30058,-6.83385,13.2,-7.36756,-6.76317,13.2
6.61,-7.34146,-6.78992,13.22,-7.40258,-6.72021,13.22
6.62,-7.38206,-6.74575,13.24,-7.43742,-6.67717,13.24
6.63,-7.4224,-6.70134,13.26,-7.47206,-6.63403,13.26
6.64,-7.46248,-6.65668,13.28,-7.50653,-6.59081,13.28
6.65,-7.50228,-6.61179,13.3,-7.54081,-6.54748,13.3
6.66,-7.54182,-6.56666,13.32,-7.57494,-6.50406,13.32
6.67,-7.58108,-6.52129,13.34,-7.6089,-6.46054,13.34
6.68,-7.62007,-6.47568,13.36,-7.64271,-6.41691,13.36
6.69,-7.65879,-6.42985,13.38,-7.67637,-6.37316,13.38
6.7,-7.69723,-6.38378,13.4,-7.7099,-6.32931,13.4
6.71,-7.7354,-6.33748,13.42,-7.74329,-6.28533,13.42
6.72,-7.77328,-6.29095,13.44,-7.77655,-6.24123,13.44
6.73,-7.81089,-6.2442,13.46,-7.80968,-6.197,13.46
6.74,-7.84821,-6.19722,13.48,-7.8427,-6.15264,13.48
6.75,-7.88525,-6.15002,13.5,-7.87561,-6.10814,13.5
6.76,-7.92201,-6.1026,13.52,-7.9084,-6.06349,13.52
6.77,-7.95848,-6.05496,13.54,-7.9411,-6.0187,13.54
6.78,-7.99467,-6.0071,13.56,-7.97369,-5.97376,13.56
6.79,-8.03057,-5.95902,13.58,-8.00618,-5.92865,13.58
6.8,-8.06618,-5.91073,13.6,-8.03858,-5.88338,13.6
6.81,-8.1015,-5.86223,13.62,-8.07089,-5.83795,13.62
6.82,-8.13652,-5.81352,13.64,-8.10312,-5.79233,13.64
6.83,-8.17126,-5.76459,13.66,-8.13525,-5.74654,13.66
6.84,-8.2057,-5.71546,13.68,-8.1673,-5.70056,13.68
6.85,-8.23984,-5.66613,13.7,-8.19927,-5.65438,13.7
6.86,-8.27369,-5.61658,13.72,-8.23116,-5.60801,13.72
6.87,-8.30724,-5.56684,13.74,-8.26297,-5.56144,13.74
6.88,-8.34049,-5.5169,13.76,-8.29469,-5.51466,13.76
6.89,-8.37344,-5.46676,13.78,-8.32634,-5.46766,13.78
6.9,-8.40609,-5.41642,13.8,-8.35791,-5.42044,13.8
6.91,-8.43844,-5.36588,13.82,-8.3894,-5.373,13.82
6.92,-8.47048,-5.31516,13.84,-8.4208,-5.32533,13.84
6.93,-8.50222,-5.26424,13.86,-8.45212,-5.27742,13.86
6.94,-8.53365,-5.21313,13.88,-8.48336,-5.22927,13.88
6.95,-8.56478,-5.16184,13.9,-8.51451,-5.18088,13.9
6.96,-8.5956,-5.11035,13.92,-8.54557,-5.13223,13.92
6.97,-8.6261,-5.05869,13.94,-8.57654,-5.08333,13.94
6.98,-8.6563,-5.00684,13.96,-8.60741,-5.03417,13.96
6.99,-8.68619,-4.95481,13.98,-8.63819,-4.98474,13.98
7,-8.71576,-4.90261,14,-8.66886,-4.93505,14
7.01,-8.74502,-4.85023,14.02,-8.69943,-4.88508,14.02
7.02,-8.77396,-4.79767,14.04,-8.72988,-4.83483,14.04
7.03,-8.80259,-4.74494,14.06,-8.76022,-4.7843,14.06
7.04,-8.8309,-4.69204,14.08,-8.79044,-4.73349,14.08
7.05,-8.85889,-4.63897,14.1,-8.82053,-4.68239,14.1
7.06,-8.88657,-4.58573,14.12,-8.85049,-4.63099,14.12
7.07,-8.91392,-4.53233,14.14,-8.8803,-4.57931,14.14
7.08,-8.94095,-4.47877,14.16,-8.90998,-4.52732,14.16
7.09,-8.96767,-4.42504,14.18,-8.9395,-4.47504,14.18
7.1,-8.99405,-4.37115,14.2,-8.96886,-4.42245,14.2
7.11,-9.02012,-4.31711,14.22,-8.99806,-4.36956,14.22
7.12,-9.04586,-4.26291,14.24,-9.02709,-4.31637,14.24
7.13,-9.07127,-4.20856,14.26,-9.05593,-4.26286,14.26
7.14,-9.09636,-4.15406,14.28,-9.08458,-4.20905,14.28
7.15,-9.12112,-4.09941,14.3,-9.11304,-4.15493,14.3
7.16,-9.14555,-4.04461,14.32,-9.14129,-4.1005,14.32
7.17,-9.16966,-3.98966,14.34,-9.16932,-4.04576,14.34
7.18,-9.19343,-3.93457,14.36,-9.19713,-3.99071,14.36
7.19,-9.21687,-3.87934,14.38,-9.22471,-3.93535,14.38
7.2,-9.23998,-3.82397,14.4,-9.25205,-3.87968,14.4
7.21,-9.26276,-3.76846,14.42,-9.27913,-3.8237,14.42
7.22,-9.2852,-3.71282,14.44,-9.30596,-3.76741,14.44
7.23,-9.30731,-3.65704,14.46,-9.33251,-3.71081,14.46
7.24,-9.32909,-3.60113,14.48,-9.35879,-3.65392,14.48
7.25,-9.35053,-3.54509,14.5,-9.38477,-3.59672,14.5
7.26,-9.37163,-3.48892,14.52,-9.41046,-3.53922,14.52
7.27,-9.39239,-3.43263,14.54,-9.43583,-3.48142,14.54
7.28,-9.41282,-3.37622,14.56,-9.46089,-3.42333,14.56
7.29,-9.43291,-3.31968,14.58,-9.48561,-3.36495,14.58
7.3,-9.45266,-3.26302,14.6,-9.51,-3.30628,14.6
7.31,-9.47206,-3.20625,14.62,-9.53404,-3.24733,14.62
7.32,-9.49113,-3.14936,14.64,-9.55772,-3.1881,14.64
7.33,-9.50986,-3.09235,14.66,-9.58103,-3.1286,14.66
7.34,-9.52824,-3.03524,14.68,-9.60396,-3.06883,14.68
7.35,-9.54628,-2.97802,14.7,-9.6265,-3.00879,14.7
7.36,-9.56397,-2.92069,14.72,-9.64864,-2.9485,14.72
7.37,-9.58133,-2.86325,14.74,-9.67038,-2.88795,14.74
7.38,-9.59833,-2.80571,14.76,-9.6917,-2.82716,14.76
7.39,-9.61499,-2.74807,14.78,-9.71259,-2.76613,14.78
7.4,-9.63131,-2.69033,14.8,-9.73305,-2.70487,14.8
7.41,-9.64728,-2.6325,14.82,-9.75306,-2.64338,14.82
7.42,-9.6629,-2.57456,14.84,-9.77263,-2.58167,14.84
7.43,-9.67817,-2.51654,14.86,-9.79173,-2.51975,14.86
7.44,-9.6931,-2.45843,14.88,-9.81036,-2.45763,14.88
7.45,-9.70767,-2.40022,14.9,-9.82852,-2.39531,14.9
7.46,-9.7219,-2.34194,14.92,-9.84619,-2.3328,14.92
7.47,-9.73578,-2.28356,14.94,-9.86337,-2.27012,14.94
7.48,-9.7493,-2.22511,14.96,-9.88005,-2.20727,14.96
7.49,-9.76248,-2.16657,14.98,-9.89623,-2.14425,14.98
7.5,-9.7753,-2.10796,15,-9.91189,-2.08109,15
7.51,-9.78777,-2.04927,15.02,-9.92704,-2.01778,15.02
7.52,-9.79989,-1.99051,15.04,-9.94167,-1.95433,15.04
7.53,-9.81166,-1.93167,15.06,-9.95577,-1.89076,15.06
7.54,-9.82307,-1.87277,15.08,-9.96934,-1.82708,15.08
7.55,-9.83413,-1.81379,15.1,-9.98237,-1.76329,15.1
7.56,-9.84484,-1.75476,15.12,-9.99486,-1.69941,15.12
7.57,-9.85519,-1.69566,15.14,-10.0068,-1.63544,15.14
7.58,-9.86519,-1.6365,15.16,-10.0182,-1.57139,15.16
7.59,-9.87483,-1.57728,15.18,-10.0291,-1.50727,15.18
7.6,-9.88411,-1.518,15.2,-10.0394,-1.4431,15.2
7.61,-9.89304,-1.45867,15.22,-10.0491,-1.37888,15.22
7.62,-9.90162,-1.39928,15.24,-10.0583,-1.31463,15.24
7.63,-9.90983,-1.33985,15.26,-10.0669,-1.25034,15.26
7.64,-9.91769,-1.28037,15.28,-10.075,-1.18604,15.28
7.65,-9.9252,-1.22084,15.3,-10.0825,-1.12172,15.3
7.66,-9.93234,-1.16126,15.32,-10.0895,-1.05741,15.32
7.67,-9.93913,-1.10165,15.34,-10.0959,-0.993106,15.34
7.68,-9.94556,-1.04199,15.36,-10.1017,-0.92882,15.36
7.69,-9.95164,-0.982303,15.38,-10.107,-0.864561,15.38
7.7,-9.95735,-0.922576,15.4,-10.1117,-0.800339,15.4
7.71,-9.96271,-0.862816,15.42,-10.1159,-0.736161,15.42
7.72,-9.96771,-0.803024,15.44,-10.1195,-0.672036,15.44
7.73,-9.97234,-0.743204,15.46,-10.1226,-0.607972,15.46
7.74,-9.97662,-0.683357,15.48,-10.1252,-0.543978,15.48
7.75,-9.98054,-0.623485,15.5,-10.1272,-0.480061,15.5
7.76,-9.98411,-0.563591,15.52,-10.1286,-0.416229,15.52
7.77,-9.98731,-0.503677,15.54,-10.1296,-0.352489,15.54
7.78,-9.99015,-0.443744,15.56,-10.13,-0.288849,15.56
7.79,-9.99263,-0.383796,15.58,-10.1298,-0.225316,15.58
7.8,-9.99476,-0.323833,15.6,-10.1292,-0.161895,15.6
7.81,-9.99652,-0.263859,15.62,-10.1281,-0.0985938,15.62
7.82,-9.99792,-0.203876,15.64,-10.1264,-0.0354184,15.64
7.83,-9.99896,-0.143885,15.66,-10.1242,0.0276253,15.66
7.84,-9.99965,-0.0838888,15.68,-10.1216,0.0905318,15.68
7.85,-9.99997,-0.0238898,15.7,-10.1185,0.153296,15.7
7.86,-9.99993,0.0361101,15.72,-10.1148,0.215912,15.72
7.87,-9.99954,0.0961087,15.74,-10.1107,0.278375,15.74
7.88,-9.99878,0.156104,15.76,-10.1061,0.340681,15.76
7.89,-9.99766,0.216093,15.78,-10.1011,0.402826,15.78
7.9,-9.99619,0.276075,15.8,-10.0956,0.464805,15.8
7.91,-9.99435,0.336047,15.82,-10.0897,0.526615,15.82
7.92,-9.99216,0.396007,15.84,-10.0833,0.588251,15.84
7.93,-9.9896,0.455952,15.86,-10.0765,0.649712,15.86
7.94,-9.98668,0.515881,15.88,-10.0692,0.710994,15.88
7.95,-9.98341,0.575792,15.9,-10.0615,0.772094,15.9
7.96,-9.97978,0.635681,15.92,-10.0535,0.83301,15.92
7.97,-9.97578,0.695548,15.94,-10.045,0.893739,15.94
7.98,-9.97143,0.75539,15.96,-10.0361,0.95428,15.96
7.99,-9.96672,0.815205,15.98,-10.0268,1.01463,15.98
8,-9.96165,0.87499,16,-10.0171,1.07479,16
8.01,-9.95622,0.934744,16.02,-10.0071,1.13476,16.02
8.02,-9.95043,0.994464,16.04,-9.99672,1.19453,16.04
8.03,-9.94428,1.05415,16.06,-9.98596,1.25411,16.06
8.04,-9.93778,1.11379,16.08,-9.97485,1.3135,16.08
8.05,-9.93092,1.1734,16.1,-9.9634,1.37269,16.1
8.06,-9.9237,1.23296,16.12,-9.95161,1.43168,16.12
8.07,-9.91612,1.29248,16.14,-9.93949,1.49048,16.14
8.08,-9.90819,1.35196,16.16,-9.92705,1.54909,16.16
8.09,-9.8999,1.41138,16.18,-9.9143,1.6075,16.18
8.1,-9.89125,1.47076,16.2,-9.90124,1.66572,16.2
8.11,-9.88225,1.53008,16.22,-9.88787,1.72375,16.22
8.12,-9.87289,1.58934,16.24,-9.87422,1.78159,16.24
8.13,-9.86318,1.64855,16.26,-9.86027,1.83924,16.26
8.14,-9.85311,1.7077,16.28,-9.84605,1.8967,16.28
8.15,-9.84269,1.76679,16.3,-9.83155,1.95398,16.3
8.16,-9.83191,1.82581,16.32,-9.81679,2.01107,16.32
8.17,-9.82078,1.88477,16.34,-9.80176,2.06798,16.34
8.18,-9.80929,1.94366,16.36,-9.78648,2.12471,16.36
8.19,-9.79745,2.00248,16.38,-9.77095,2.18127,16.38
8.2,-9.78526,2.06123,16.4,-9.75517,2.23765,16.4
8.21,-9.77272,2.1199,16.42,-9.73916,2.29386,16.42
8.22,-9.75982,2.1785,16.44,-9.72291,2.3499,16.44
8.23,-9.74658,2.23702,16.46,-9.70643,2.40577,16.46
8.24,-9.73298,2.29546,16.48,-9.68972,2.46148,16.48
8.25,-9.71903,2.35381,16.5,-9.6728,2.51703,16.5
8.26,-9.70473,2.41209,16.52,-9.65566,2.57242,16.52
8.27,-9.69009,2.47027,16.54,-9.63831,2.62766,16.54
8.28,-9.67509,2.52837,16.56,-9.62075,2.68275,16.56
8.29,-9.65975,2.58637,16.58,-9.60299,2.73769,16.58
8.3,-9.64405,2.64428,16.6,-9.58503,2.79249,16.6
8.31,-9.62801,2.7021,16.62,-9.56686,2.84714,16.62
8.32,-9.61163,2.75982,16.64,-9.5485,2.90167,16.64
8.33,-9.5949,2.81744,16.66,-9.52995,2.95605,16.66
8.34,-9.57782,2.87496,16.68,-9.51121,3.01031,16.68
8.35,-9.5604,2.93237,16.7,-9.49228,3.06445,16.7
8.36,-9.54263,2.98968,16.72,-9.47316,3.11846,16.72
8.37,-9.52452,3.04688,16.74,-9.45386,3.17235,16.74
8.38,-9.50607,3.10397,16.76,-9.43437,3.22613,16.76
8.39,-9.48727,3.16095,16.78,-9.41469,3.2798,16.78
8.4,-9.46814,3.21782,16.8,-9.39484,3.33336,16.8
8.41,-9.44866,3.27457,16.82,-9.3748,3.38682,16.82
8.42,-9.42884,3.3312,16.84,-9.35458,3.44017,16.84
8.43,-9.40869,3.38772,16.86,-9.33417,3.49343,16.86
8.44,-9.38819,3.44411,16.88,-9.31359,3.5466,16.88
8.45,-9.36736,3.50037,16.9,-9.29282,3.59967,16.9
8.46,-9.34619,3.55651,16.92,-9.27186,3.65266,16.92
8.47,-9.32468,3.61253,16.94,-9.25072,3.70556,16.94
8.48,-9.30284,3.66841,16.96,-9.22939,3.75838,16.96
8.49,-9.28066,3.72416,16.98,-9.20788,3.81113,16.98
8.5,-9.25815,3.77978,17,-9.18617,3.8638,17
8.51,-9.2353,3.83526,17.02,-9.16427,3.91639,17.02
8.52,-9.21212,3.8906,17.04,-9.14217,3.96892,17.04
8.53,-9.18861,3.9458,17.06,-9.11988,4.02138,17.06
8.54,-9.16477,4.00086,17.08,-9.09739,4.07378,17.08
8.55,-9.1406,4.05578,17.1,-9.07469,4.12611,17.1
8.56,-9.11611,4.11055,17.12,-9.05179,4.17838,17.12
8.57,-9.09128,4.16517,17.14,-9.02868,4.2306,17.14
8.58,-9.06612,4.21964,17.16,-9.00535,4.28275,17.16
8.59,-9.04064,4.27396,17.18,-8.9818,4.33486,17.18
8.6,-9.01484,4.32813,17.2,-8.95804,4.38691,17.2
8.61,-8.98871,4.38214,17.22,-8.93405,4.4389,17.22
8.62,-8.96225,4.436,17.24,-8.90983,4.49085,17.24
8.63,-8.93547,4.48969,17.26,-8.88538,4.54274,17.26
8.64,-8.90838,4.54322,17.28,-8.86068,4.59458,17.28
8.65,-8.88096,4.59659,17.3,-8.83575,4.64638,17.3
8.66,-8.85322,4.64979,17.32,-8.81056,4.69812,17.32
8.67,-8.82516,4.70283,17.34,-8.78513,4.74982,17.34
8.68,-8.79678,4.75569,17.36,-8.75943,4.80147,17.36
8.69,-8.76809,4.80839,17.38,-8.73347,4.85307,17.38
8.7,-8.73908,4.86091,17.4,-8.70725,4.90461,17.4
8.71,-8.70976,4.91326,17.42,-8.68075,4.95611,17.42
8.72,-8.68012,4.96543,17.44,-8.65397,5.00756,17.44
8.73,-8.65018,5.01742,17.46,-8.62691,5.05895,17.46
8.74,-8.61992,5.06923,17.48,-8.59955,5.11029,17.48
8.75,-8.58934,5.12085,17.5,-8.57191,5.16158,17.5
8.76,-8.55847,5.1723,17.52,-8.54396,5.2128,17.52
8.77,-8.52728,5.22356,17.54,-8.5157,5.26397,17.54
8.78,-8.49578,5.27463,17.56,-8.48714,5.31508,17.56
8.79,-8.46398,5.3255,17.58,-8.45825,5.36612,17.58
8.8,-8.43188,5.37619,17.6,-8.42905,5.41709,17.6
8.81,-8.39947,5.42669,17.62,-8.39951,5.468,17.62
8.82,-8.36676,5.47699,17.64,-8.36964,5.51883,17.64
8.83,-8.33375,5.52709,17.66,-8.33944,5.56958,17.66
8.84,-8.30043,5.57699,17.68,-8.30889,5.62026,17.68
8.85,-8.26682,5.62669,17.7,-8.27799,5.67085,17.7
8.86,-8.23291,5.67619,17.72,-8.24674,5.72135,17.72
8.87,-8.19871,5.72549,17.74,-8.21513,5.77177,17.74
8.88,-8.16421,5.77457,17.76,-8.18316,5.82208,17.76
8.89,-8.12941,5.82346,17.78,-8.15082,5.8723,17.78
8.9,-8.09433,5.87213,17.8,-8.1181,5.92241,17.8
8.91,-8.05895,5.92059,17.82,-8.08502,5.97241,17.82
8.92,-8.02328,5.96883,17.84,-8.05155,6.02229,17.84
8.93,-7.98732,6.01687,17.86,-8.01769,6.07206,17.86
8.94,-7.95108,6.06468,17.88,-7.98345,6.12169,17.88
8.95,-7.91455,6.11228,17.9,-7.94882,6.1712,17.9
8.96,-7.87773,6.15966,17.92,-7.9138,6.22057,17.92
8.97,-7.84063,6.20681,17.94,-7.87837,6.26979,17.94
8.98,-7.80325,6.25374,17.96,-7.84255,6.31887,17.96
8.99,-7.76559,6.30045,17.98,-7.80632,6.36779,17.98
9,-7.72764,6.34693,18,-7.76969,6.41655,18
9.01,-7.68942,6.39318,18.02,-7.73265,6.46515,18.02
9.02,-7.65093,6.4392,18.04,-7.6952,6.51357,18.04
9.03,-7.61215,6.48499,18.06,-7.65734,6.56181,18.06
9.04,-7.57311,6.53055,18.08,-7.61907,6.60986,18.08
9.05,-7.53379,6.57587,18.1,-7.58039,6.65773,18.1
9.06,-7.4942,6.62095,18.12,-7.5413,6.70539,18.12
9.07,-7.45434,6.6658,18.14,-7.50179,6.75284,18.14
9.08,-7.41421,6.7104,18.16,-7.46186,6.80009,18.16
9.09,-7.37381,6.75477,18.18,-7.42153,6.84711,18.18
9.1,-7.33315,6.79889,18.2,-7.38078,6.89391,18.2
9.11,-7.29223,6.84276,18.22,-7.33962,6.94048,18.22
9.12,-7.25104,6.88639,18.24,-7.29804,6.98681,18.24
9.13,-7.20959,6.92978,18.26,-7.25606,7.03289,18.26
9.14,-7.16788,6.97291,18.28,-7.21367,7.07872,18.28
9.15,-7.12592,7.01579,18.3,-7.17087,7.12429,18.3
9.16,-7.08369,7.05842,18.32,-7.12767,7.1696,18.32
9.17,-7.04122,7.10079,18.34,-7.08406,7.21464,18.34
9.18,-6.99848,7.14291,18.36,-7.04006,7.2594,18.36
9.19,-6.9555,7.18478,18.38,-6.99566,7.30388,18.38
9.2,-6.91227,7.22638,18.4,-6.95087,7.34807,18.4
9.21,-6.86879,7.26772,18.42,-6.90568,7.39196,18.42
9.22,-6.82506,7.3088,18.44,-6.86012,7.43556,18.44
9.23,-6.78108,7.34962,18.46,-6.81417,7.47885,18.46
9.24,-6.73686,7.39018,18.48,-6.76784,7.52182,18.48
9.25,-6.6924,7.43046,18.5,-6.72114,7.56448,18.5
9.26,-6.6477,7.47048,18.52,-6.67407,7.60681,18.52
9.27,-6.60275,7.51024,18.54,-6.62663,7.64882,18.54
9.28,-6.55757,7.54972,18.56,-6.57884,7.6905,18.56
9.29,-6.51216,7.58893,18.58,-6.5307,7.73183,18.58
9.3,-6.46651,7.62786,18.6,-6.4822,7.77283,18.6
9.31,-6.42062,7.66652,18.62,-6.43337,7.81347,18.62
9.32,-6.37451,7.70491,18.64,-6.3842,7.85377,18.64
9.33,-6.32817,7.74302,18.66,-6.3347,7.89371,18.66
9.34,-6.28159,7.78085,18.68,-6.28487,7.93328,18.68
9.35,-6.2348,7.8184,18.7,-6.23473,7.9725,18.7
9.36,-6.18777,7.85566,18.72,-6.18428,8.01135,18.72
9.37,-6.14053,7.89265,18.74,-6.13352,8.04982,18.74
9.38,-6.09306,7.92935,18.76,-6.08246,8.08792,18.76
9.39,-6.04538,7.96577,18.78,-6.03112,8.12565,18.78
9.4,-5.99747,8.00189,18.8,-5.97949,8.16299,18.8
9.41,-5.94935,8.03774,18.82,-5.92758,8.19995,18.82
9.42,-5.90102,8.07329,18.84,-5.87541,8.23652,18.84
9.43,-5.85248,8.10855,18.86,-5.82297,8.2727,18.86
9.44,-5.80372,8.14352,18.88,-5.77028,8.30849,18.88
9.45,-5.75475,8.17819,18.9,-5.71734,8.34389,18.9
9.46,-5.70558,8.21257,18.92,-5.66416,8.37889,18.92
9.47,-5.6562,8.24666,18.94,-5.61075,8.4135,18.94
9.48,-5.60662,8.28045,18.96,-5.55711,8.4477,18.96
9.49,-5.55684,8.31394,18.98,-5.50325,8.4815,18.98
9.5,-5.50686,8.34713,19,-5.44919,8.51491,19
9.51,-5.45667,8.38002,19.02,-5.39492,8.5479,19.02
9.52,-5.4063,8.41261,19.04,-5.34046,8.5805,19.04
9.53,-5.35572,8.44489,19.06,-5.28581,8.61268,19.06
9.54,-5.30496,8.47688,19.08,-5.23098,8.64447,19.08
9.55,-5.254,8.50855,19.1,-5.17598,8.67584,19.1
9.56,-5.20286,8.53992,19.12,-5.12081,8.70681,19.12
9.57,-5.15152,8.57099,19.14,-5.06549,8.73737,19.14
9.58,-5.1,8.60174,19.16,-5.01001,8.76752,19.16
9.59,-5.0483,8.63219,19.18,-4.95439,8.79727,19.18
9.6,-4.99642,8.66232,19.2,-4.89864,8.82661,19.2
9.61,-4.94436,8.69214,19.22,-4.84276,8.85554,19.22
9.62,-4.89211,8.72165,19.24,-4.78675,8.88407,19.24
9.63,-4.8397,8.75085,19.26,-4.73063,8.9122,19.26
9.64,-4.7871,8.77973,19.28,-4.67441,8.93991,19.28
9.65,-4.73434,8.80829,19.3,-4.61808,8.96723,19.3
9.66,-4.68141,8.83654,19.32,-4.56165,8.99414,19.32
9.67,-4.6283,8.86447,19.34,-4.50514,9.02065,19.34
9.68,-4.57503,8.89208,19.36,-4.44855,9.04676,19.36
9.69,-4.5216,8.91937,19.38,-4.39188,9.07248,19.38
9.7,-4.468,8.94634,19.4,-4.33514,9.0978,19.4
9.71,-4.41424,8.97299,19.42,-4.27833,9.12272,19.42
9.72,-4.36033,8.99931,19.44,-4.22147,9.14725,19.44
9.73,-4.30625,9.02531,19.46,-4.16456,9.17138,19.46
9.74,-4.25202,9.05098,19.48,-4.10759,9.19513,19.48
9.75,-4.19764,9.07633,19.5,-4.05059,9.21849,19.5
9.76,-4.14311,9.10136,19.52,-3.99355,9.24147,19.52
9.77,-4.08842,9.12605,19.54,-3.93647,9.26406,19.54
9.78,-4.0336,9.15042,19.56,-3.87937,9.28627,19.56
9.79,-3.97862,9.17445,19.58,-3.82224,9.30811,19.58
9.8,-3.9235,9.19816,19.6,-3.7651,9.32957,19.6
9.81,-3.86824,9.22153,19.62,-3.70793,9.35065,19.62
9.82,-3.81284,9.24458,19.64,-3.65076,9.37137,19.64
9.83,-3.75731,9.26729,19.66,-3.59358,9.39172,19.66
9.84,-3.70164,9.28967,19.68,-3.5364,9.4117,19.68
9.85,-3.64583,9.31171,19.7,-3.47921,9.43132,19.7
9.86,-3.5899,9.33341,19.72,-3.42203,9.45059,19.72
9.87,-3.53383,9.35479,19.74,-3.36485,9.46949,19.74
9.88,-3.47764,9.37582,19.76,-3.30768,9.48804,19.76
9.89,-3.42132,9.39652,19.78,-3.25051,9.50624,19.78
9.9,-3.36488,9.41688,19.8,-3.19336,9.5241,19.8
9.91,-3.30832,9.4369,19.82,-3.13622,9.5416,19.82
9.92,-3.25164,9.45658,19.84,-3.0791,9.55877,19.84
9.93,-3.19484,9.47592,19.86,-3.022,9.57559,19.86
9.94,-3.13793,9.49491,19.88,-2.96491,9.59208,19.88
9.95,-3.08091,9.51357,19.9,-2.90784,9.60824,19.9
9.96,-3.02377,9.53188,19.92,-2.8508,9.62406,19.92
9.97,-2.96652,9.54986,19.94,-2.79377,9.63956,19.94
9.98,-2.90917,9.56748,19.96,-2.73677,9.65473,19.96
9.99,-2.85171,9.58477,19.98,-2.67978,9.66957,19.98
10,-2.79415,9.6017,20,-2.62282,9.6841,20
10.01,-2.73649,9.61829,20.02,-2.56588,9.69831,20.02
10.02,-2.67874,9.63454,20.04,-2.50897,9.7122,20.04
10.03,-2.62088,9.65044,20.06,-2.45207,9.72578,20.06
10.04,-2.56293,9.66599,20.08,-2.3952,9.73906,20.08
10.05,-2.50489,9.68119,20.1,-2.33834,9.75202,20.1
10.06,-2.44676,9.69605,20.12,-2.28151,9.76468,20.12
10.07,-2.38854,9.71056,20.14,-2.22469,9.77703,20.14
10.08,-2.33023,9.72471,20.16,-2.16789,9.78909,20.16
10.09,-2.27184,9.73852,20.18,-2.1111,9.80084,20.18
10.1,-2.21337,9.75197,20.2,-2.05433,9.8123,20.2
10.11,-2.15482,9.76508,20.22,-1.99757,9.82346,20.22
10.12,-2.09619,9.77783,20.24,-1.94082,9.83432,20.24
10.13,-2.03749,9.79023,20.26,-1.88408,9.8449,20.26
10.14,-1.97871,9.80228,20.28,-1.82734,9.85518,20.28
10.15,-1.91986,9.81398,20.3,-1.77061,9.86518,20.3
10.16,-1.86094,9.82532,20.32,-1.71388,9.87488,20.32
10.17,-1.80196,9.83631,20.34,-1.65715,9.8843,20.34
10.18,-1.74291,9.84694,20.36,-1.60042,9.89343,20.36
10.19,-1.68379,9.85722,20.38,-1.54369,9.90228,20.38
10.2,-1.62462,9.86715,20.4,-1.48694,9.91085,20.4
10.21,-1.56539,9.87672,20.42,-1.43019,9.91913,20.42
10.22,-1.5061,9.88593,20.44,-1.37342,9.92712,20.44
10.23,-1.44676,9.89479,20.46,-1.31664,9.93484,20.46
10.24,-1.38736,9.90329,20.48,-1.25983,9.94227,20.48
10.25,-1.32792,9.91144,20.5,-1.20301,9.94942,20.5
10.26,-1.26843,9.91923,20.52,-1.14616,9.95629,20.52
10.27,-1.20889,9.92666,20.54,-1.08928,9.96288,20.54
10.28,-1.14931,9.93374,20.56,-1.03238,9.96919,20.56
10.29,-1.08968,9.94045,20.58,-0.97544,9.97521,20.58
10.3,-1.03002,9.94681,20.6,-0.918465,9.98095,20.6
10.31,-0.970324,9.95281,20.62,-0.861451,9.98641,20.62
10.32,-0.91059,9.95845,20.64,-0.804395,9.99158,20.64
10.33,-0.850823,9.96374,20.66,-0.747295,9.99647,20.66
10.34,-0.791026,9.96866,20.68,-0.690148,10.0011,20.68
10.35,-0.7312,9.97323,20.7,-0.632951,10.0054,20.7
10.36,-0.671348,9.97744,20.72,-0.5757,10.0094,20.72
10.37,-0.611471,9.98129,20.74,-0.518395,10.0131,20.74
10.38,-0.551573,9.98478,20.76,-0.461031,10.0166,20.76
10.39,-0.491655,9.98791,20.78,-0.403607,10.0197,20.78
10.4,-0.431719,9.99068,20.8,-0.34612,10.0226,20.8
10.41,-0.371767,9.99309,20.82,-0.288567,10.0252,20.82
10.42,-0.311803,9.99514,20.84,-0.230947,10.0274,20.84
10.43,-0.251826,9.99683,20.86,-0.173257,10.0294,20.86
10.44,-0.191841,9.99816,20.88,-0.115496,10.0311,20.88
10.45,-0.131849,9.99913,20.9,-0.0576611,10.0324,20.9
10.46,-0.0718525,9.99974,20.92,0.000249307,10.0335,20.92
10.47,-0.0118531,9.99999,20.94,0.0582368,10.0342,20.94
10.48,0.0481467,9.99988,20.96,0.116303,10.0347,20.96
10.49,0.108145,9.99942,20.98,0.174449,10.0348,20.98
10.5,0.168139,9.99859,21,0.232677,10.0346,21
10.51,0.228127,9.9974,21.02,0.290986,10.0341,21.02
10.52,0.288107,9.99585,21.04,0.34938,10.0333,21.04
10.53,0.348077,9.99394,21.06,0.407857,10.0321,21.06
10.54,0.408034,9.99167,21.08,0.466419,10.0307,21.08
10.55,0.467976,9.98904,21.1,0.525066,10.0289,21.1
10.56,0.527901,9.98606,21.12,0.583799,10.0267,21.12
10.57,0.587808,9.98271,21.14,0.642618,10.0243,21.14
10.58,0.647693,9.979,21.16,0.701522,10.0215,21.16
10.59,0.707555,9.97494,21.18,0.760511,10.0183,21.18
10.6,0.767392,9.97051,21.2,0.819585,10.0149,21.2
10.61,0.827201,9.96573,21.22,0.878744,10.011,21.22
10.62,0.88698,9.96059,21.24,0.937986,10.0068,21.24
10.63,0.946727,9.95508,21.26,0.99731,10.0023,21.26
10.64,1.00644,9.94923,21.28,1.05672,9.99744,21.28
10.65,1.06612,9.94301,21.3,1.1162,9.99221,21.3
10.66,1.12576,9.93643,21.32,1.17577,9.98661,21.32
10.67,1.18535,9.9295,21.34,1.23541,9.98065,21.34
10.68,1.24491,9.92221,21.36,1.29512,9.97433,21.36
10.69,1.30442,9.91456,21.38,1.35491,9.96765,21.38
10.7,1.36388,9.90655,21.4,1.41477,9.96059,21.4
10.71,1.4233,9.89819,21.42,1.47469,9.95316,21.42
10.72,1.48266,9.88948,21.44,1.53468,9.94535,21.44
10.73,1.54197,9.8804,21.46,1.59474,9.93717,21.46
10.74,1.60122,9.87097,21.48,1.65485,9.92861,21.48
10.75,1.66042,9.86119,21.5,1.71501,9.91966,21.5
10.76,1.71956,9.85105,21.52,1.77523,9.91033,21.52
10.77,1.77863,9.84055,21.54,1.8355,9.90062,21.54
10.78,1.83764,9.8297,21.56,1.89581,9.89051,21.56
10.79,1.89659,9.8185,21.58,1.95617,9.88001,21.58
10.8,1.95547,9.80694,21.6,2.01655,9.86912,21.6
10.81,2.01427,9.79504,21.62,2.07698,9.85784,21.62
10.82,2.073,9.78277,21.64,2.13742,9.84616,21.64
10.83,2.13166,9.77016,21.66,2.1979,9.83408,21.66
10.84,2.19025,9.75719,21.68,2.25839,9.8216,21.68
10.85,2.24875,9.74388,21.7,2.31889,9.80871,21.7
10.86,2.30717,9.73021,21.72,2.3794,9.79543,21.72
10.87,2.36551,9.71619,21.74,2.43992,9.78174,21.74
10.88,2.42377,9.70182,21.76,2.50043,9.76764,21.76
10.89,2.48193,9.68711,21.78,2.56093,9.75314,21.78
10.9,2.54001,9.67204,21.8,2.62142,9.73822,21.8
10.91,2.598,9.65663,21.82,2.68189,9.7229,21.82
10.92,2.65589,9.64086,21.84,2.74234,9.70717,21.84
10.93,2.71369,9.62476,21.86,2.80275,9.69103,21.86
10.94,2.77139,9.6083,21.88,2.86313,9.67448,21.88
10.95,2.82898,9.5915,21.9,2.92346,9.65751,21.9
10.96,2.88648,9.57435,21.92,2.98375,9.64014,21.92
10.97,2.94388,9.55686,21.94,3.04397,9.62235,21.94
10.98,3.00116,9.53903,21.96,3.10414,9.60415,21.96
10.99,3.05834,9.52085,21.98,3.16423,9.58553,21.98
11,3.11541,9.50233,22,3.22425,9.56651,22
11.01,3.17237,9.48346,22.02,3.28419,9.54707,22.02
11.02,3.22921,9.46426,22.04,3.34404,9.52722,22.04
11.03,3.28594,9.44471,22.06,3.40379,9.50696,22.06
11.04,3.34255,9.42483,22.08,3.46344,9.48629,22.08
11.05,3.39904,9.4046,22.1,3.52299,9.46521,22.1
11.06,3.4554,9.38404,22.12,3.58241,9.44372,22.12
11.07,3.51165,9.36314,22.14,3.64172,9.42182,22.14
11.08,3.56776,9.3419,22.16,3.70089,9.39952,22.16
11.09,3.62375,9.32032,22.18,3.75993,9.37681,22.18
11.1,3.67961,9.29841,22.2,3.81883,9.35369,22.2
11.11,3.73533,9.27617,22.22,3.87758,9.33018,22.22
11.12,3.79092,9.25359,22.24,3.93617,9.30626,22.24
11.13,3.84637,9.23068,22.26,3.9946,9.28194,22.26
11.14,3.90169,9.20743,22.28,4.05286,9.25723,22.28
11.15,3.95686,9.18386,22.3,4.11094,9.23211,22.3
11.16,4.01189,9.15995,22.32,4.16884,9.20661,22.32
11.17,4.06678,9.13572,22.34,4.22656,9.18071,22.34
11.18,4.12152,9.11115,22.36,4.28408,9.15443,22.36
11.19,4.17611,9.08626,22.38,4.3414,9.12776,22.38
11.2,4.23055,9.06104,22.4,4.39851,9.1007,22.4
11.21,4.28484,9.03549,22.42,4.45541,9.07326,22.42
11.22,4.33898,9.00962,22.44,4.51209,9.04545,22.44
11.23,4.39296,8.98342,22.46,4.56854,9.01725,22.46
11.24,4.44678,8.95691,22.48,4.62477,8.98869,22.48
11.25,4.50044,8.93006,22.5,4.68076,8.95975,22.5
11.26,4.55394,8.9029,22.52,4.7365,8.93045,22.52
11.27,4.60727,8.87542,22.54,4.79201,8.90078,22.54
11.28,4.66044,8.84761,22.56,4.84725,8.87076,22.56
11.29,4.71345,8.81949,22.58,4.90225,8.84037,22.58
11.3,4.76628,8.79105,22.6,4.95698,8.80963,22.6
11.31,4.81894,8.7623,22.62,5.01145,8.77855,22.62
11.32,4.87142,8.73323,22.64,5.06564,8.74711,22.64
11.33,4.92374,8.70384,22.66,5.11956,8.71533,22.66
11.34,4.97587,8.67414,22.68,5.1732,8.68322,22.68
11.35,5.02782,8.64413,22.7,5.22656,8.65077,22.7
11.36,5.0796,8.61381,22.72,5.27963,8.61798,22.72
11.37,5.13119,8.58317,22.74,5.33242,8.58487,22.74
11.38,5.1826,8.55223,22.76,5.3849,8.55144,22.76
11.39,5.23382,8.52098,22.78,5.4371,8.51768,22.78
11.4,5.28485,8.48943,22.8,5.48899,8.48361,22.8
11.41,5.33569,8.45757,22.82,5.54058,8.44923,22.82
11.42,5.38634,8.4254,22.84,5.59186,8.41454,22.84
11.43,5.43679,8.39293,22.86,5.64284,8.37955,22.86
11.44,5.48705,8.36016,22.88,5.69351,8.34426,22.88
11.45,5.53711,8.32709,22.9,5.74386,8.30867,22.9
11.46,5.58698,8.29371,22.92,5.7939,8.27279,22.92
11.47,5.63664,8.26004,22.94,5.84363,8.23662,22.94
11.48,5.6861,8.22607,22.96,5.89304,8.20017,22.96
11.49,5.73535,8.19181,22.98,5.94213,8.16345,22.98
11.5,5.7844,8.15725,23,5.99091,8.12644,23
11.51,5.83324,8.1224,23.02,6.03936,8.08917,23.02
11.52,5.88187,8.08725,23.04,6.08749,8.05163,23.04
11.53,5.93028,8.05182,23.06,6.1353,8.01382,23.06
11.54,5.97849,8.01609,23.08,6.18279,7.97576,23.08
11.55,6.02648,7.98007,23.1,6.22996,7.93744,23.1
11.56,6.07425,7.94377,23.12,6.27681,7.89887,23.12
11.57,6.1218,7.90718,23.14,6.32334,7.86006,23.14
11.58,6.16913,7.87031,23.16,6.36954,7.82099,23.16
11.59,6.21624,7.83315,23.18,6.41543,7.78169,23.18
11.6,6.26313,7.79572,23.2,6.46099,7.74215,23.2
11.61,6.30979,7.758,23.22,6.50624,7.70238,23.22
11.62,6.35623,7.72,23.24,6.55117,7.66238,23.24
11.63,6.40243,7.68172,23.26,6.59578,7.62216,23.26
11.64,6.44841,7.64317,23.28,6.64008,7.58171,23.28
11.65,6.49415,7.60434,23.3,6.68406,7.54104,23.3
11.66,6.53966,7.56524,23.32,6.72773,7.50015,23.32
11.67,6.58493,7.52587,23.34,6.77108,7.45905,23.34
11.68,6.62997,7.48622,23.36,6.81413,7.41774,23.36
11.69,6.67477,7.44631,23.38,6.85687,7.37622,23.38
11.7,6.71932,7.40613,23.4,6.89931,7.3345,23.4
11.71,6.76364,7.36568,23.42,6.94144,7.29258,23.42
11.72,6.80771,7.32496,23.44,6.98327,7.25045,23.44
11.73,6.85154,7.28399,23.46,7.0248,7.20813,23.46
11.74,6.89512,7.24275,23.48,7.06603,7.16561,23.48
11.75,6.93845,7.20124,23.5,7.10697,7.1229,23.5
11.76,6.98153,7.15948,23.52,7.14761,7.08,23.52
11.77,7.02436,7.11747,23.54,7.18797,7.03691,23.54
11.78,7.06694,7.07519,23.56,7.22803,6.99364,23.56
11.79,7.10926,7.03266,23.58,7.26781,6.95018,23.58
11.8,7.15133,6.98988,23.6,7.30731,6.90654,23.6
11.81,7.19314,6.94685,23.62,7.34653,6.86272,23.62
11.82,7.23469,6.90356,23.64,7.38547,6.81871,23.64
11.83,7.27598,6.86003,23.66,7.42413,6.77453,23.66
11.84,7.31701,6.81625,23.68,7.46252,6.73017,23.68
11.85,7.35778,6.77223,23.7,7.50064,6.68564,23.7
11.86,7.39828,6.72796,23.72,7.53849,6.64093,23.72
11.87,7.43851,6.68345,23.74,7.57608,6.59605,23.74
11.88,7.47848,6.6387,23.76,7.61341,6.55099,23.76
11.89,7.51818,6.59371,23.78,7.65047,6.50577,23.78
11.9,7.55761,6.54848,23.8,7.68728,6.46037,23.8
11.91,7.59676,6.50302,23.82,7.72383,6.4148,23.82
11.92,7.63564,6.45732,23.84,7.76013,6.36906,23.84
11.93,7.67425,6.41139,23.86,7.79618,6.32316,23.86
11.94,7.71258,6.36523,23.88,7.83198,6.27708,23.88
11.95,7.75063,6.31884,23.9,7.86753,6.23083,23.9
11.96,7.7884,6.27222,23.92,7.90284,6.18442,23.92
11.97,7.8259,6.22538,23.94,7.93791,6.13783,23.94
11.98,7.86311,6.17831,23.96,7.97273,6.09108,23.96
11.99,7.90003,6.13102,23.98,8.00732,6.04416,23.98
12,7.93668,6.08351,24,8.04168,5.99707,24
12.01,7.97304,6.03578,24.02,8.0758,5.94981,24.02
12.02,8.00911,5.98784,24.04,8.10968,5.90238,24.04
12.03,8.04489,5.93968,24.06,8.14333,5.85478,24.06
12.04,8.08038,5.8913,24.08,8.17676,5.80701,24.08
12.05,8.11559,5.84271,24.1,8.20995,5.75907,24.1
12.06,8.1505,5.79391,24.12,8.24292,5.71096,24.12
12.07,8.18511,5.74491,24.14,8.27566,5.66268,24.14
12.08,8.21943,5.69569,24.16,8.30818,5.61422,24.16
12.09,8.25346,5.64627,24.18,8.34047,5.56559,24.18
12.1,8.28719,5.59665,24.2,8.37254,5.51679,24.2
12.11,8.32062,5.54683,24.22,8.40438,5.46781,24.22
12.12,8.35375,5.4968,24.24,8.43601,5.41866,24.24
12.13,8.38658,5.44658,24.26,8.4674,5.36933,24.26
12.14,8.41911,5.39617,24.28,8.49858,5.31982,24.28
12.15,8.45133,5.34555,24.3,8.52954,5.27014,24.3
12.16,8.48326,5.29475,24.32,8.56027,5.22027,24.32
12.17,8.51487,5.24376,24.34,8.59078,5.17023,24.34
12.18,8.54618,5.19257,24.36,8.62107,5.12001,24.36
12.19,8.57718,5.1412,24.38,8.65114,5.0696,24.38
12.2,8.60787,5.08965,24.4,8.68098,5.01901,24.4
12.21,8.63826,5.03791,24.42,8.7106,4.96824,24.42
12.22,8.66833,4.98599,24.44,8.73999,4.91728,24.44
12.23,8.69809,4.93389,24.46,8.76916,4.86614,24.46
12.24,8.72753,4.88161,24.48,8.7981,4.81482,24.48
12.25,8.75667,4.82916,24.5,8.82681,4.7633,24.5
12.26,8.78548,4.77653,24.52,8.85529,4.7116,24.52
12.27,8.81399,4.72373,24.54,8.88354,4.65971,24.54
12.28,8.84217,4.67077,24.56,8.91156,4.60763,24.56
12.29,8.87003,4.61763,24.58,8.93934,4.55536,24.58
12.3,8.89758,4.56433,24.6,8.96688,4.5029,24.6
12.31,8.92481,4.51086,24.62,8.99419,4.45025,24.62
12.32,8.95171,4.45723,24.64,9.02125,4.39741,24.64
12.33,8.97829,4.40344,24.66,9.04807,4.34437,24.66
12.34,9.00455,4.34949,24.68,9.07465,4.29115,24.68
12.35,9.03049,4.29538,24.7,9.10097,4.23773,24.7
12.36,9.0561,4.24112,24.72,9.12704,4.18412,24.72
12.37,9.08138,4.18671,24.74,9.15286,4.13031,24.74
12.38,9.10634,4.13215,24.76,9.17842,4.07631,24.76
12.39,9.13096,4.07744,24.78,9.20372,4.02211,24.78
12.4,9.15526,4.02258,24.8,9.22876,3.96773,24.8
12.41,9.17923,3.96757,24.82,9.25353,3.91315,24.82
12.42,9.20288,3.91243,24.84,9.27803,3.85837,24.84
12.43,9.22618,3.85714,24.86,9.30226,3.8034,24.86
12.44,9.24916,3.80171,24.88,9.32621,3.74824,24.88
12.45,9.2718,3.74615,24.9,9.34988,3.69289,24.9
12.46,9.29411,3.69045,24.92,9.37326,3.63735,24.92
12.47,9.31609,3.63462,24.94,9.39636,3.58161,24.94
12.48,9.33773,3.57866,24.96,9.41916,3.52568,24.96
12.49,9.35903,3.52257,24.98,9.44167,3.46957,24.98
12.5,9.38,3.46635,25,9.46388,3.41326,25
12.51,9.40063,3.41001,25.02,9.48578,3.35677,25.02
12.52,9.42092,3.35355,25.04,9.50737,3.30009,25.04
12.53,9.44087,3.29696,25.06,9.52866,3.24323,25.06
12.54,9.46048,3.24026,25.08,9.54962,3.18618,25.08
12.55,9.47975,3.18344,25.1,9.57027,3.12895,25.1
12.56,9.49868,3.1265,25.12,9.59059,3.07154,25.12
12.57,9.51727,3.06945,25.14,9.61058,3.01395,25.14
12.58,9.53552,3.01229,25.16,9.63024,2.95619,25.16
12.59,9.55342,2.95503,25.18,9.64956,2.89825,25.18
12.6,9.57098,2.89765,25.2,9.66854,2.84013,25.2
12.61,9.58819,2.84018,25.22,9.68718,2.78185,25.22
12.62,9.60506,2.7826,25.24,9.70546,2.7234,25.24
12.63,9.62158,2.72492,25.26,9.72339,2.66478,25.26
12.64,9.63776,2.66714,25.28,9.74096,2.606,25.28
12.65,9.65359,2.60926,25.3,9.75817,2.54706,25.3
12.66,9.66907,2.5513,25.32,9.77501,2.48797,25.32
12.67,9.6842,2.49324,25.34,9.79148,2.42871,25.34
12.68,9.69899,2.43509,25.36,9.80758,2.36931,25.36
12.69,9.71342,2.37685,25.38,9.8233,2.30976,25.38
12.7,9.72751,2.31852,25.4,9.83863,2.25006,25.4
12.71,9.74125,2.26012,25.42,9.85358,2.19023,25.42
12.72,9.75463,2.20163,25.44,9.86815,2.13025,25.44
12.73,9.76766,2.14306,25.46,9.88231,2.07014,25.46
12.74,9.78035,2.08442,25.48,9.89608,2.0099,25.48
12.75,9.79268,2.0257,25.5,9.90946,1.94953,25.5
12.76,9.80466,1.96691,25.52,9.92242,1.88904,25.52
12.77,9.81628,1.90804,25.54,9.93498,1.82843,25.54
12.78,9.82755,1.84911,25.56,9.94714,1.76771,25.56
12.79,9.83847,1.79012,25.58,9.95888,1.70688,25.58
12.8,9.84903,1.73105,25.6,9.9702,1.64594,25.6
12.81,9.85924,1.67193,25.62,9.98111,1.58489,25.62
12.82,9.8691,1.61274,25.64,9.99159,1.52375,25.64
12.83,9.8786,1.5535,25.66,10.0017,1.46252,25.66
12.84,9.88774,1.4942,25.68,10.0113,1.4012,25.68
12.85,9.89653,1.43485,25.7,10.0205,1.33979,25.7
12.86,9.90496,1.37544,25.72,10.0293,1.27831,25.72
12.87,9.91303,1.31599,25.74,10.0376,1.21675,25.74
12.88,9.92075,1.25649,25.76,10.0456,1.15512,25.76
12.89,9.92811,1.19694,25.78,10.053,1.09342,25.78
12.9,9.93511,1.13735,25.8,10.0601,1.03167,25.8
12.91,9.94176,1.07772,25.82,10.0667,0.969858,25.82
12.92,9.94804,1.01805,25.84,10.0729,0.907998,25.84
12.93,9.95397,0.958343,25.86,10.0786,0.846092,25.86
12.94,9.95954,0.898603,25.88,10.0839,0.784146,25.88
12.95,9.96476,0.838829,25.9,10.0887,0.722164,25.9
12.96,9.96961,0.779026,25.92,10.0932,0.660151,25.92
12.97,9.9741,0.719195,25.94,10.0971,0.598113,25.94
12.98,9.97824,0.659338,25.96,10.1007,0.536054,25.96
12.99,9.98202,0.599457,25.98,10.1038,0.473979,25.98
13,9.98543,0.539554,26,10.1064,0.411894,26
13.01,9.98849,0.479632,26.02,10.1086,0.349802,26.02
13.02,9.99119,0.419693,26.04,10.1104,0.287709,26.04
13.03,9.99353,0.359739,26.06,10.1117,0.22562,26.06
13.04,9.99551,0.299771,26.08,10.1126,0.163539,26.08
13.05,9.99712,0.239793,26.1,10.1131,0.101472,26.1
13.06,9.99838,0.179807,26.12,10.1131,0.0394221,26.12
13.07,9.99928,0.119813,26.14,10.1127,-0.0226047,26.14
13.08,9.99982,0.059816,26.16,10.1118,-0.0846042,26.16
13.09,10,-0.00018366,26.18,10.1105,-0.146572,26.18
13.1,9.99982,-0.0601833,26.2,10.1088,-0.208503,26.2
13.11,9.99928,-0.120181,26.22,10.1067,-0.270394,26.22
13.12,9.99838,-0.180174,26.24,10.1041,-0.332239,26.24
13.13,9.99712,-0.240161,26.26,10.1011,-0.394035,26.26
13.14,9.99549,-0.300139,26.28,10.0977,-0.455777,26.28
13.15,9.99351,-0.360106,26.3,10.0939,-0.517461,26.3
13.16,9.99117,-0.42006,26.32,10.0896,-0.579083,26.32
13.17,9.98847,-0.479999,26.34,10.0849,-0.640639,26.34
13.18,9.98541,-0.539921,26.36,10.0798,-0.702125,26.36
13.19,9.98199,-0.599823,26.38,10.0744,-0.763537,26.38
13.2,9.97822,-0.659704,26.4,10.0684,-0.824872,26.4
13.21,9.97408,-0.719561,26.42,10.0621,-0.886126,26.42
13.22,9.96958,-0.779392,26.44,10.0554,-0.947295,26.44
13.23,9.96473,-0.839196,26.46,10.0483,-1.00838,26.46
13.24,9.95951,-0.898968,26.48,10.0408,-1.06937,26.48
13.25,9.95394,-0.958709,26.5,10.0329,-1.13026,26.5
13.26,9.94801,-1.01841,26.52,10.0246,-1.19106,26.52
13.27,9.94172,-1.07808,26.54,10.0159,-1.25175,26.54
13.28,9.93507,-1.13771,26.56,10.0069,-1.31234,26.56
13.29,9.92806,-1.1973,26.58,9.99744,-1.37283,26.58
13.3,9.9207,-1.25685,26.6,9.98762,-1.4332,26.6
13.31,9.91298,-1.31635,26.62,9.97742,-1.49347,26.62
13.32,9.90491,-1.37581,26.64,9.96686,-1.55361,26.64
13.33,9.89647,-1.43521,26.66,9.95593,-1.61365,26.66
13.34,9.88768,-1.49456,26.68,9.94463,-1.67356,26.68
13.35,9.87854,-1.55386,26.7,9.93297,-1.73334,26.7
13.36,9.86904,-1.6131,26.72,9.92096,-1.79301,26.72
13.37,9.85918,-1.67229,26.74,9.90859,-1.85255,26.74
13.38,9.84897,-1.73141,26.76,9.89587,-1.91196,26.76
13.39,9.8384,-1.79048,26.78,9.8828,-1.97124,26.78
13.4,9.82748,-1.84947,26.8,9.86939,-2.03039,26.8
13.41,9.81621,-1.90841,26.82,9.85564,-2.0894,26.82
13.42,9.80458,-1.96727,26.84,9.84155,-2.14828,26.84
13.43,9.7926,-2.02606,26.86,9.82712,-2.20702,26.86
13.44,9.78027,-2.08478,26.88,9.81237,-2.26563,26.88
13.45,9.76759,-2.14342,26.9,9.79729,-2.3241,26.9
13.46,9.75455,-2.20199,26.92,9.78188,-2.38242,26.92
13.47,9.74116,-2.26048,26.94,9.76615,-2.44061,26.94
13.48,9.72742,-2.31888,26.96,9.7501,-2.49865,26.96
13.49,9.71334,-2.3772,26.98,9.73374,-2.55655,26.98
13.5,9.6989,-2.43544,27,9.71707,-2.6143,27
13.51,9.68411,-2.49359,27.02,9.70008,-2.67191,27.02
13.52,9.66898,-2.55165,27.04,9.68279,-2.72938,27.04
13.53,9.65349,-2.60962,27.06,9.6652,-2.78669,27.06
13.54,9.63766,-2.66749,27.08,9.6473,-2.84386,27.08
13.55,9.62148,-2.72527,27.1,9.62911,-2.90089,27.1
13.56,9.60496,-2.78295,27.12,9.61062,-2.95776,27.12
13.57,9.58809,-2.84053,27.14,9.59183,-3.01449,27.14
13.58,9.57087,-2.898,27.16,9.57276,-3.07106,27.16
13.59,9.55331,-2.95538,27.18,9.55339,-3.12749,27.18
13.6,9.53541,-3.01264,27.2,9.53374,-3.18377,27.2
13.61,9.51716,-3.0698,27.22,9.5138,-3.23991,27.22
13.62,9.49857,-3.12685,27.24,9.49358,-3.29589,27.24
13.63,9.47964,-3.18378,27.26,9.47308,-3.35172,27.26
13.64,9.46036,-3.2406,27.28,9.4523,-3.40741,27.28
13.65,9.44075,-3.29731,27.3,9.43125,-3.46294,27.3
13.66,9.4208,-3.35389,27.32,9.40991,-3.51833,27.32
13.67,9.4005,-3.41036,27.34,9.38831,-3.57357,27.34
13.68,9.37987,-3.4667,27.36,9.36643,-3.62866,27.36
13.69,9.3589,-3.52291,27.38,9.34428,-3.6836,27.38
13.7,9.3376,-3.579,27.4,9.32185,-3.73839,27.4
13.71,9.31596,-3.63496,27.42,9.29916,-3.79303,27.42
13.72,9.29398,-3.69079,27.44,9.2762,-3.84753,27.44
13.73,9.27167,-3.74649,27.46,9.25298,-3.90188,27.46
13.74,9.24902,-3.80205,27.48,9.22948,-3.95608,27.48
13.75,9.22604,-3.85748,27.5,9.20573,-4.01014,27.5
13.76,9.20273,-3.91277,27.52,9.1817,-4.06405,27.52
13.77,9.17909,-3.96791,27.54,9.15741,-4.11781,27.54
13.78,9.15512,-4.02291,27.56,9.13286,-4.17143,27.56
13.79,9.13081,-4.07777,27.58,9.10804,-4.2249,27.58
13.8,9.10618,-4.13248,27.6,9.08296,-4.27823,27.6
13.81,9.08123,-4.18705,27.62,9.05762,-4.33141,27.62
13.82,9.05594,-4.24146,27.64,9.03201,-4.38444,27.64
13.83,9.03033,-4.29572,27.66,9.00614,-4.43733,27.66
13.84,9.00439,-4.34982,27.68,8.98,-4.49008,27.68
13.85,8.97813,-4.40377,27.7,8.9536,-4.54268,27.7
13.86,8.95155,-4.45756,27.72,8.92694,-4.59514,27.72
13.87,8.92464,-4.51119,27.74,8.90001,-4.64746,27.74
13.88,8.89741,-4.56465,27.76,8.87281,-4.69963,27.76
13.89,8.86986,-4.61795,27.78,8.84535,-4.75165,27.78
13.9,8.842,-4.67109,27.8,8.81762,-4.80354,27.8
13.91,8.81381,-4.72406,27.82,8.78963,-4.85527,27.82
13.92,8.78531,-4.77686,27.84,8.76136,-4.90687,27.84
13.93,8.75649,-4.82948,27.86,8.73283,-4.95832,27.86
13.94,8.72736,-4.88193,27.88,8.70402,-5.00962,27.88
13.95,8.69791,-4.93421,27.9,8.67495,-5.06078,27.9
13.96,8.66815,-4.98631,27.92,8.6456,-5.1118,27.92
13.97,8.63807,-5.03823,27.94,8.61598,-5.16267,27.94
13.98,8.60769,-5.08996,27.96,8.58608,-5.21339,27.96
13.99,8.57699,-5.14152,27.98,8.55591,-5.26397,27.98
14,8.54599,-5.19289,28,8.52546,-5.3144,28
14.01,8.51468,-5.24407,28.02,8.49473,-5.36468,28.02
14.02,8.48306,-5.29506,28.04,8.46372,-5.41482,28.04
14.03,8.45114,-5.34586,28.06,8.43243,-5.4648,28.06
14.04,8.41891,-5.39648,28.08,8.40086,-5.51464,28.08
14.05,8.38638,-5.44689,28.1,8.369,-5.56432,28.1
14.06,8.35355,-5.49711,28.12,8.33686,-5.61386,28.12
14.07,8.32042,-5.54713,28.14,8.30443,-5.66324,28.14
14.08,8.28698,-5.59696,28.16,8.27171,-5.71246,28.16
14.09,8.25325,-5.64658,28.18,8.2387,-5.76153,28.18
14.1,8.21922,-5.69599,28.2,8.2054,-5.81045,28.2
14.11,8.1849,-5.74521,28.22,8.17181,-5.8592,28.22
14.12,8.15028,-5.79421,28.24,8.13792,-5.9078,28.24
14.13,8.11537,-5.84301,28.26,8.10374,-5.95623,28.26
14.14,8.08017,-5.8916,28.28,8.06926,-6.00451,28.28
14.15,8.04467,-5.93997,28.3,8.03448,-6.05261,28.3
14.16,8.00889,-5.98813,28.32,7.9994,-6.10055,28.32
14.17,7.97281,-6.03608,28.34,7.96402,-6.14833,28.34
14.18,7.93646,-6.0838,28.36,7.92833,-6.19593,28.36
14.19,7.89981,-6.13131,28.38,7.89235,-6.24336,28.38
14.2,7.86288,-6.1786,28.4,7.85605,-6.29062,28.4
14.21,7.82567,-6.22567,28.42,7.81945,-6.3377,28.42
14.22,7.78817,-6.27251,28.44,7.78255,-6.3846,28.44
14.23,7.7504,-6.31913,28.46,7.74533,-6.43133,28.46
14.24,7.71234,-6.36551,28.48,7.70781,-6.47786,28.48
14.25,7.67401,-6.41167,28.5,7.66997,-6.52422,28.5
14.26,7.6354,-6.4576,28.52,7.63183,-6.57038,28.52
14.27,7.59652,-6.5033,28.54,7.59337,-6.61635,28.54
14.28,7.55736,-6.54876,28.56,7.5546,-6.66214,28.56
14.29,7.51794,-6.59398,28.58,7.51551,-6.70772,28.58
14.3,7.47824,-6.63897,28.6,7.47612,-6.7531,28.6
14.31,7.43827,-6.68372,28.62,7.4364,-6.79829,28.62
14.32,7.39803,-6.72823,28.64,7.39638,-6.84327,28.64
14.33,7.35753,-6.7725,28.66,7.35604,-6.88804,28.66
14.34,7.31676,-6.81652,28.68,7.31538,-6.9326,28.68
14.35,7.27573,-6.8603,28.7,7.27441,-6.97695,28.7
14.36,7.23444,-6.90383,28.72,7.23313,-7.02108,28.72
14.37,7.19289,-6.94711,28.74,7.19153,-7.06499,28.74
14.38,7.15108,-6.99014,28.76,7.14962,-7.10868,28.76
14.39,7.10901,-7.03292,28.78,7.10739,-7.15214,28.78
14.4,7.06668,-7.07545,28.8,7.06485,-7.19537,28.8
14.41,7.0241,-7.11772,28.82,7.022,-7.23837,28.82
14.42,6.98127,-7.15974,28.84,6.97883,-7.28114,28.84
14.43,6.93818,-7.2015,28.86,6.93536,-7.32367,28.86
14.44,6.89485,-7.243,28.88,6.89157,-7.36595,28.88
14.45,6.85127,-7.28424,28.9,6.84748,-7.40799,28.9
14.46,6.80744,-7.32521,28.92,6.80307,-7.44978,28.92
14.47,6.76337,-7.36593,28.94,6.75836,-7.49132,28.94
14.48,6.71905,-7.40637,28.96,6.71335,-7.5326,28.96
14.49,6.67449,-7.44655,28.98,6.66803,-7.57362,28.98
14.5,6.62969,-7.48647,29,6.62241,-7.61438,29
14.51,6.58465,-7.52611,29.02,6.57649,-7.65488,29.02
14.52,6.53938,-7.56548,29.04,6.53028,-7.6951,29.04
14.53,6.49387,-7.60458,29.06,6.48376,-7.73506,29.06
14.54,6.44813,-7.64341,29.08,6.43696,-7.77473,29.08
14.55,6.40215,-7.68196,29.1,6.38986,-7.81413,29.1
14.56,6.35594,-7.72023,29.12,6.34247,-7.85325,29.12
14.57,6.30951,-7.75823,29.14,6.29479,-7.89208,29.14
14.58,6.26284,-7.79595,29.16,6.24683,-7.93063,29.16
14.59,6.21596,-7.83338,29.18,6.19859,-7.96888,29.18
14.6,6.16884,-7.87054,29.2,6.15007,-8.00684,29.2
14.61,6.12151,-7.90741,29.22,6.10128,-8.0445,29.22
14.62,6.07396,-7.944,29.24,6.05221,-8.08186,29.24
14.63,6.02618,-7.9803,29.26,6.00287,-8.11891,29.26
14.64,5.97819,-8.01631,29.28,5.95326,-8.15566,29.28
14.65,5.92999,-8.05203,29.3,5.90339,-8.1921,29.3
14.66,5.88157,-8.08747,29.32,5.85326,-8.22822,29.32
14.67,5.83294,-8.12261,29.34,5.80287,-8.26403,29.34
14.68,5.7841,-8.15746,29.36,5.75223,-8.29953,29.36
14.69,5.73505,-8.19202,29.38,5.70134,-8.3347,29.38
14.7,5.68579,-8.22628,29.4,5.6502,-8.36954,29.4
14.71,5.63633,-8.26025,29.42,5.59882,-8.40406,29.42
14.72,5.58667,-8.29392,29.44,5.5472,-8.43825,29.44
14.73,5.53681,-8.32729,29.46,5.49535,-8.47211,29.46
14.74,5.48675,-8.36036,29.48,5.44326,-8.50564,29.48
14.75,5.43648,-8.39313,29.5,5.39095,-8.53882,29.5
14.76,5.38603,-8.4256,29.52,5.33842,-8.57167,29.52
14.77,5.33538,-8.45776,29.54,5.28567,-8.60418,29.54
14.78,5.28454,-8.48962,29.56,5.2327,-8.63635,29.56
14.79,5.2335,-8.52118,29.58,5.17952,-8.66817,29.58
14.8,5.18228,-8.55242,29.6,5.12613,-8.69964,29.6
14.81,5.13087,-8.58336,29.62,5.07255,-8.73077,29.62
14.82,5.07928,-8.61399,29.64,5.01876,-8.76154,29.64
14.83,5.02751,-8.64431,29.66,4.96478,-8.79196,29.66
14.84,4.97555,-8.67432,29.68,4.91062,-8.82203,29.68
14.85,4.92342,-8.70402,29.7,4.85626,-8.85174,29.7
14.86,4.8711,-8.7334,29.72,4.80173,-8.88109,29.72
14.87,4.81862,-8.76247,29.74,4.74702,-8.91008,29.74
14.88,4.76595,-8.79123,29.76,4.69214,-8.93871,29.76
14.89,4.71312,-8.81966,29.78,4.63709,-8.96698,29.78
14.9,4.66012,-8.84778,29.8,4.58188,-8.99489,29.8
14.91,4.60695,-8.87559,29.82,4.5265,-9.02243,29.82
14.92,4.55361,-8.90307,29.84,4.47098,-9.04961,29.84
14.93,4.50011,-8.93023,29.86,4.4153,-9.07642,29.86
14.94,4.44645,-8.95707,29.88,4.35948,-9.10286,29.88
14.95,4.39263,-8.98359,29.9,4.30352,-9.12893,29.9
14.96,4.33865,-9.00978,29.92,4.24742,-9.15464,29.92
14.97,4.28451,-9.03565,29.94,4.19118,-9.17997,29.94
14.98,4.23022,-9.06119,29.96,4.13482,-9.20494,29.96
14.99,4.17578,-9.08641,29.98,4.07833,-9.22953,29.98
15,4.12118,-9.1113,30,4.02173,-9.25375,30
15.01,4.06644,-9.13587,30.02,3.965,-9.2776,30.02
15.02,4.01156,-9.1601,30.04,3.90817,-9.30108,30.04
15.03,3.95652,-9.184,30.06,3.85122,-9.32418,30.06
15.04,3.90135,-9.20758,30.08,3.79417,-9.34691,30.08
15.05,3.84603,-9.23082,30.1,3.73703,-9.36927,30.1
15.06,3.79058,-9.25373,30.12,3.67978,-9.39126,30.12
15.07,3.73499,-9.27631,30.14,3.62244,-9.41287,30.14
15.08,3.67926,-9.29855,30.16,3.56501,-9.43411,30.16
15.09,3.62341,-9.32046,30.18,3.5075,-9.45498,30.18
15.1,3.56742,-9.34203,30.2,3.44991,-9.47548,30.2
15.11,3.5113,-9.36327,30.22,3.39223,-9.4956,30.22
15.12,3.45506,-9.38417,30.24,3.33448,-9.51535,30.24
15.13,3.39869,-9.40473,30.26,3.27666,-9.53473,30.26
15.14,3.3422,-9.42495,30.28,3.21877,-9.55374,30.28
15.15,3.28559,-9.44483,30.3,3.16082,-9.57238,30.3
15.16,3.22887,-9.46438,30.32,3.10281,-9.59065,30.32
15.17,3.17202,-9.48358,30.34,3.04473,-9.60855,30.34
15.18,3.11506,-9.50244,30.36,2.9866,-9.62608,30.36
15.19,3.05799,-9.52096,30.38,2.92842,-9.64325,30.38
15.2,3.00081,-9.53914,30.4,2.87018,-9.66005,30.4
15.21,2.94353,-9.55697,30.42,2.8119,-9.67648,30.42
15.22,2.88613,-9.57446,30.44,2.75357,-9.69255,30.44
15.23,2.82863,-9.5916,30.46,2.6952,-9.70825,30.46
15.24,2.77103,-9.6084,30.48,2.63679,-9.72359,30.48
15.25,2.71333,-9.62485,30.5,2.57835,-9.73856,30.5
15.26,2.65553,-9.64096,30.52,2.51986,-9.75318,30.52
15.27,2.59764,-9.65672,30.54,2.46135,-9.76743,30.54
15.28,2.53965,-9.67213,30.56,2.4028,-9.78133,30.56
15.29,2.48158,-9.6872,30.58,2.34422,-9.79486,30.58
15.3,2.42341,-9.70191,30.6,2.28562,-9.80804,30.6
15.31,2.36515,-9.71628,30.62,2.22698,-9.82087,30.62
15.32,2.30681,-9.73029,30.64,2.16833,-9.83333,30.64
15.33,2.24839,-9.74396,30.66,2.10965,-9.84545,30.66
15.34,2.18989,-9.75727,30.68,2.05095,-9.85721,30.68
15.35,2.1313,-9.77024,30.7,1.99224,-9.86862,30.7
15.36,2.07265,-9.78285,30.72,1.9335,-9.87968,30.72
15.37,2.01391,-9.79511,30.74,1.87475,-9.89039,30.74
15.38,1.9551,-9.80702,30.76,1.81598,-9.90075,30.76
15.39,1.89623,-9.81857,30.78,1.7572,-9.91076,30.78
15.4,1.83728,-9.82977,30.8,1.6984,-9.92043,30.8
15.41,1.77827,-9.84062,30.82,1.63959,-9.92975,30.82
15.42,1.7192,-9.85111,30.84,1.58077,-9.93873,30.84
15.43,1.66006,-9.86125,30.86,1.52194,-9.94736,30.86
15.44,1.60086,-9.87103,30.88,1.4631,-9.95566,30.88
15.45,1.54161,-9.88046,30.9,1.40425,-9.96361,30.9
15.46,1.4823,-9.88953,30.92,1.34539,-9.97122,30.92
15.47,1.42293,-9.89825,30.94,1.28652,-9.97849,30.94
15.48,1.36352,-9.9066,30.96,1.22764,-9.98543,30.96
15.49,1.30405,-9.91461,30.98,1.16876,-9.99203,30.98
15.5,1.24454,-9.92225,31,1.10987,-9.99829,31
15.51,1.18499,-9.92954,31.02,1.05097,-10.0042,31.02
15.52,1.12539,-9.93647,31.04,0.992071,-10.0098,31.04
15.53,1.06575,-9.94305,31.06,0.933162,-10.0151,31.06
15.54,1.00607,-9.94926,31.08,0.874247,-10.02,31.08
15.55,0.946361,-9.95512,31.1,0.815326,-10.0246,31.1
15.56,0.886614,-9.96062,31.12,0.756399,-10.0289,31.12
15.57,0.826835,-9.96576,31.14,0.697467,-10.0328,31.14
15.58,0.767026,-9.97054,31.16,0.63853,-10.0364,31.16
15.59,0.707189,-9.97496,31.18,0.579586,-10.0397,31.18
15.6,0.647327,-9.97903,31.2,0.520638,-10.0426,31.2
15.61,0.587441,-9.98273,31.22,0.461683,-10.0452,31.22
15.62,0.527535,-9.98608,31.24,0.402723,-10.0475,31.24
15.63,0.467609,-9.98906,31.26,0.343758,-10.0495,31.26
15.64,0.407667,-9.99169,31.28,0.284787,-10.0511,31.28
15.65,0.34771,-9.99395,31.3,0.22581,-10.0524,31.3
15.66,0.28774,-9.99586,31.32,0.166828,-10.0534,31.32
15.67,0.22776,-9.99741,31.34,0.107839,-10.054,31.34
15.68,0.167772,-9.99859,31.36,0.0488452,-10.0543,31.36
15.69,0.107778,-9.99942,31.38,-0.0101549,-10.0543,31.38
15.7,0.0477794,-9.99989,31.4,-0.069161,-10.054,31.4
15.71,-0.0122204,-9.99999,31.42,-0.128173,-10.0534,31.42
15.72,-0.0722198,-9.99974,31.44,-0.187191,-10.0524,31.44
15.73,-0.132217,-9.99913,31.46,-0.246215,-10.0511,31.46
15.74,-0.192209,-9.99815,31.48,-0.305244,-10.0494,31.48
15.75,-0.252194,-9.99682,31.5,-0.36428,-10.0475,31.5
15.76,-0.31217,-9.99513,31.52,-0.423321,-10.0452,31.52
15.77,-0.372134,-9.99307,31.54,-0.482367,-10.0426,31.54
15.78,-0.432086,-9.99066,31.56,-0.541419,-10.0396,31.56
15.79,-0.492022,-9.98789,31.58,-0.600476,-10.0363,31.58
15.8,-0.55194,-9.98476,31.6,-0.659538,-10.0327,31.6
15.81,-0.611838,-9.98127,31.62,-0.718604,-10.0288,31.62
15.82,-0.671714,-9.97741,31.64,-0.777675,-10.0245,31.64
15.83,-0.731566,-9.9732,31.66,-0.836749,-10.0199,31.66
15.84,-0.791392,-9.96864,31.68,-0.895826,-10.015,31.68
15.85,-0.851189,-9.96371,31.7,-0.954906,-10.0097,31.7
15.86,-0.910956,-9.95842,31.72,-1.01399,-10.0042,31.72
15.87,-0.97069,-9.95278,31.74,-1.07307,-9.99823,31.74
15.88,-1.03039,-9.94677,31.76,-1.13216,-9.99197,31.76
15.89,-1.09005,-9.94041,31.78,-1.19124,-9.98538,31.78
15.9,-1.14967,-9.93369,31.8,-1.25032,-9.97846,31.8
15.91,-1.20925,-9.92662,31.82,-1.3094,-9.97119,31.82
15.92,-1.26879,-9.91918,31.84,-1.36848,-9.96359,31.84
15.93,-1.32828,-9.91139,31.86,-1.42756,-9.95565,31.86
15.94,-1.38773,-9.90324,31.88,-1.48663,-9.94738,31.88
15.95,-1.44712,-9.89474,31.9,-1.54569,-9.93876,31.9
15.96,-1.50646,-9.88588,31.92,-1.60474,-9.9298,31.92
15.97,-1.56575,-9.87666,31.94,-1.66379,-9.9205,31.94
15.98,-1.62498,-9.86709,31.96,-1.72283,-9.91086,31.96
15.99,-1.68416,-9.85716,31.98,-1.78185,-9.90088,31.98
16,-1.74327,-9.84688,32,-1.84086,-9.89055,32
16.01,-1.80232,-9.83624,32.02,-1.89985,-9.87988,32.02
16.02,-1.8613,-9.82525,32.04,-1.95883,-9.86886,32.04
16.03,-1.92022,-9.81391,32.06,-2.01779,-9.85749,32.06
16.04,-1.97907,-9.80221,32.08,-2.07673,-9.84577,32.08
16.05,-2.03785,-9.79016,32.1,-2.13564,-9.83371,32.1
16.06,-2.09655,-9.77775,32.12,-2.19453,-9.82129,32.12
16.07,-2.15518,-9.765,32.14,-2.2534,-9.80853,32.14
16.08,-2.21373,-9.75189,32.16,-2.31223,-9.79541,32.16
16.09,-2.2722,-9.73843,32.18,-2.37103,-9.78194,32.18
16.1,-2.33059,-9.72463,32.2,-2.4298,-9.76811,32.2
16.11,-2.38889,-9.71047,32.22,-2.48853,-9.75394,32.22
16.12,-2.44711,-9.69596,32.24,-2.54722,-9.7394,32.24
16.13,-2.50525,-9.6811,32.26,-2.60586,-9.72451,32.26
16.14,-2.56329,-9.6659,32.28,-2.66447,-9.70926,32.28
16.15,-2.62124,-9.65034,32.3,-2.72302,-9.69366,32.3
16.16,-2.67909,-9.63444,32.32,-2.78153,-9.67769,32.32
16.17,-2.73685,-9.61819,32.34,-2.83998,-9.66137,32.34
16.18,-2.79451,-9.6016,32.36,-2.89837,-9.64468,32.36
16.19,-2.85207,-9.58466,32.38,-2.95671,-9.62764,32.38
16.2,-2.90952,-9.56738,32.4,-3.01498,-9.61023,32.4
16.21,-2.96687,-9.54975,32.42,-3.07318,-9.59247,32.42
16.22,-3.02412,-9.53177,32.44,-3.13132,-9.57434,32.44
16.23,-3.08126,-9.51346,32.46,-3.18938,-9.55584,32.46
16.24,-3.13828,-9.4948,32.48,-3.24736,-9.53699,32.48
16.25,-3.19519,-9.4758,32.5,-3.30527,-9.51777,32.5
16.26,-3.25199,-9.45646,32.52,-3.36309,-9.49818,32.52
16.27,-3.30867,-9.43677,32.54,-3.42083,-9.47823,32.54
16.28,-3.36523,-9.41675,32.56,-3.47847,-9.45792,32.56
16.29,-3.42167,-9.39639,32.58,-3.53602,-9.43724,32.58
16.3,-3.47799,-9.37569,32.6,-3.59348,-9.4162,32.6
16.31,-3.53418,-9.35466,32.62,-3.65083,-9.39479,32.62
16.32,-3.59024,-9.33328,32.64,-3.70807,-9.37302,32.64
16.33,-3.64618,-9.31157,32.66,-3.7652,-9.35089,32.66
16.34,-3.70198,-9.28953,32.68,-3.82223,-9.32838,32.68
16.35,-3.75765,-9.26715,32.7,-3.87913,-9.30552,32.7
16.36,-3.81318,-9.24444,32.72,-3.93591,-9.28229,32.72
16.37,-3.86858,-9.22139,32.74,-3.99257,-9.25869,32.74
16.38,-3.92384,-9.19801,32.76,-4.0491,-9.23473,32.76
16.39,-3.97896,-9.17431,32.78,-4.10549,-9.21041,32.78
16.4,-4.03393,-9.15027,32.8,-4.16175,-9.18573,32.8
16.41,-4.08876,-9.1259,32.82,-4.21787,-9.16068,32.82
16.42,-4.14344,-9.1012,32.84,-4.27384,-9.13528,32.84
16.43,-4.19797,-9.07618,32.86,-4.32966,-9.10951,32.86
16.44,-4.25235,-9.05083,32.88,-4.38533,-9.08338,32.88
16.45,-4.30658,-9.02515,32.9,-4.44084,-9.05689,32.9
16.46,-4.36066,-8.99915,32.92,-4.49619,-9.03005,32.92
16.47,-4.41457,-8.97282,32.94,-4.55137,-9.00285,32.94
16.48,-4.46833,-8.94617,32.96,-4.60639,-8.97529,32.96
16.49,-4.52193,-8.9192,32.98,-4.66123,-8.94737,32.98
16.5,-4.57536,-8.89191,33,-4.7159,-8.91911,33
16.51,-4.62863,-8.8643,33.02,-4.77038,-8.89049,33.02
16.52,-4.68173,-8.83637,33.04,-4.82468,-8.86152,33.04
16.53,-4.73466,-8.80812,33.06,-4.8788,-8.8322,33.06
16.54,-4.78743,-8.77955,33.08,-4.93271,-8.80253,33.08
16.55,-4.84002,-8.75067,33.1,-4.98644,-8.77251,33.1
16.56,-4.89243,-8.72147,33.12,-5.03996,-8.74215,33.12
16.57,-4.94467,-8.69196,33.14,-5.09328,-8.71145,33.14
16.58,-4.99674,-8.66214,33.16,-5.1464,-8.68041,33.16
16.59,-5.04862,-8.632,33.18,-5.1993,-8.64902,33.18
16.6,-5.10032,-8.60155,33.2,-5.25199,-8.6173,33.2
16.61,-5.15184,-8.5708,33.22,-5.30446,-8.58524,33.22
16.62,-5.20317,-8.53973,33.24,-5.35671,-8.55285,33.24
16.63,-5.25431,-8.50836,33.26,-5.40874,-8.52012,33.26
16.64,-5.30527,-8.47668,33.28,-5.46054,-8.48707,33.28
16.65,-5.35603,-8.4447,33.3,-5.51211,-8.45368,33.3
16.66,-5.4066,-8.41241,33.32,-5.56345,-8.41998,33.32
16.67,-5.45698,-8.37982,33.34,-5.61454,-8.38594,33.34
16.68,-5.50716,-8.34693,33.36,-5.6654,-8.35159,33.36
16.69,-5.55714,-8.31373,33.38,-5.71602,-8.31692,33.38
16.7,-5.60693,-8.28024,33.4,-5.7664,-8.28193,33.4
16.71,-5.65651,-8.24645,33.42,-5.81652,-8.24663,33.42
16.72,-5.70588,-8.21236,33.44,-5.86639,-8.21102,33.44
16.73,-5.75505,-8.17798,33.46,-5.91602,-8.1751,33.46
16.74,-5.80402,-8.1433,33.48,-5.96538,-8.13887,33.48
16.75,-5.85277,-8.10833,33.5,-6.01449,-8.10234,33.5
16.76,-5.90132,-8.07307,33.52,-6.06334,-8.06551,33.52
16.77,-5.94965,-8.03752,33.54,-6.11192,-8.02837,33.54
16.78,-5.99777,-8.00167,33.56,-6.16025,-7.99095,33.56
16.79,-6.04567,-7.96554,33.58,-6.2083,-7.95323,33.58
16.8,-6.09335,-7.92913,33.6,-6.25609,-7.91522,33.6
16.81,-6.14082,-7.89242,33.62,-6.30361,-7.87692,33.62
16.82,-6.18806,-7.85544,33.64,-6.35085,-7.83833,33.64
16.83,-6.23508,-7.81817,33.66,-6.39782,-7.79947,33.66
16.84,-6.28188,-7.78062,33.68,-6.44452,-7.76032,33.68
16.85,-6.32845,-7.74279,33.7,-6.49094,-7.7209,33.7
16.86,-6.37479,-7.70468,33.72,-6.53708,-7.68121,33.72
16.87,-6.42091,-7.66629,33.74,-6.58294,-7.64124,33.74
16.88,-6.46679,-7.62763,33.76,-6.62852,-7.601,33.76
16.89,-6.51244,-7.58869,33.78,-6.67382,-7.5605,33.78
16.9,-6.55785,-7.54948,33.8,-6.71883,-7.51974,33.8
16.91,-6.60303,-7.50999,33.82,-6.76357,-7.47871,33.82
16.92,-6.64797,-7.47024,33.84,-6.80801,-7.43743,33.84
16.93,-6.69267,-7.43022,33.86,-6.85217,-7.39589,33.86
16.94,-6.73713,-7.38993,33.88,-6.89605,-7.35411,33.88
16.95,-6.78135,-7.34937,33.9,-6.93964,-7.31207,33.9
16.96,-6.82532,-7.30855,33.92,-6.98294,-7.26978,33.92
16.97,-6.86905,-7.26747,33.94,-7.02595,-7.22725,33.94
16.98,-6.91253,-7.22613,33.96,-7.06867,-7.18448,33.96
16.99,-6.95577,-7.18452,33.98,-7.1111,-7.14148,33.98
17,-6.99875,-7.14266,34,-7.15325,-7.09823,34
17.01,-7.04148,-7.10054,34.02,-7.1951,-7.05475,34.02
17.02,-7.08395,-7.05816,34.04,-7.23667,-7.01105,34.04
17.03,-7.12617,-7.01553,34.06,-7.27794,-6.96711,34.06
17.04,-7.16814,-6.97265,34.08,-7.31892,-6.92294,34.08
17.05,-7.20985,-6.92951,34.1,-7.35961,-6.87856,34.1
17.06,-7.25129,-6.88613,34.12,-7.40002,-6.83395,34.12
17.07,-7.29248,-6.8425,34.14,-7.44013,-6.78912,34.14
17.08,-7.3334,-6.79862,34.16,-7.47995,-6.74408,34.16
17.09,-7.37406,-6.7545,34.18,-7.51948,-6.69882,34.18
17.1,-7.41446,-6.71013,34.2,-7.55872,-6.65335,34.2
17.11,-7.45458,-6.66552,34.22,-7.59767,-6.60767,34.22
17.12,-7.49444,-6.62068,34.24,-7.63633,-6.56178,34.24
17.13,-7.53403,-6.57559,34.26,-7.67471,-6.51569,34.26
17.14,-7.57335,-6.53027,34.28,-7.71279,-6.46939,34.28
17.15,-7.61239,-6.48471,34.3,-7.75058,-6.42289,34.3
17.16,-7.65116,-6.43892,34.32,-7.78809,-6.37619,34.32
17.17,-7.68966,-6.3929,34.34,-7.8253,-6.3293,34.34
17.18,-7.72788,-6.34664,34.36,-7.86223,-6.28221,34.36
17.19,-7.76582,-6.30016,34.38,-7.89888,-6.23492,34.38
17.2,-7.80348,-6.25346,34.4,-7.93523,-6.18744,34.4
17.21,-7.84086,-6.20652,34.42,-7.9713,-6.13977,34.42
17.22,-7.87796,-6.15937,34.44,-8.00708,-6.09192,34.44
17.23,-7.91477,-6.11199,34.46,-8.04258,-6.04387,34.46
17.24,-7.9513,-6.06439,34.48,-8.07779,-5.99564,34.48
17.25,-7.98754,-6.01657,34.5,-8.11271,-5.94722,34.5
17.26,-8.0235,-5.96854,34.52,-8.14735,-5.89863,34.52
17.27,-8.05917,-5.92029,34.54,-8.18171,-5.84985,34.54
17.28,-8.09454,-5.87183,34.56,-8.21578,-5.80089,34.56
17.29,-8.12963,-5.82316,34.58,-8.24957,-5.75175,34.58
17.3,-8.16442,-5.77427,34.6,-8.28307,-5.70244,34.6
17.31,-8.19892,-5.72518,34.62,-8.31629,-5.65295,34.62
17.32,-8.23312,-5.67589,34.64,-8.34923,-5.60328,34.64
17.33,-8.26703,-5.62639,34.66,-8.38189,-5.55344,34.66
17.34,-8.30064,-5.57668,34.68,-8.41426,-5.50343,34.68
17.35,-8.33395,-5.52678,34.7,-8.44635,-5.45325,34.7
17.36,-8.36696,-5.47668,34.72,-8.47816,-5.4029,34.72
17.37,-8.39967,-5.42638,34.74,-8.50969,-5.35237,34.74
17.38,-8.43207,-5.37588,34.76,-8.54093,-5.30168,34.76
17.39,-8.46418,-5.32519,34.78,-8.5719,-5.25083,34.78
17.4,-8.49598,-5.27431,34.8,-8.60258,-5.1998,34.8
17.41,-8.52747,-5.22324,34.82,-8.63298,-5.14861,34.82
17.42,-8.55866,-5.17198,34.84,-8.6631,-5.09726,34.84
17.43,-8.58953,-5.12054,34.86,-8.69294,-5.04574,34.86
17.44,-8.6201,-5.06891,34.88,-8.72249,-4.99406,34.88
17.45,-8.65036,-5.0171,34.9,-8.75176,-4.94222,34.9
17.46,-8.68031,-4.96511,34.92,-8.78075,-4.89022,34.92
17.47,-8.70994,-4.91294,34.94,-8.80946,-4.83805,34.94
17.48,-8.73926,-4.86059,34.96,-8.83788,-4.78573,34.96
17.49,-8.76827,-4.80807,34.98,-8.86602,-4.73324,34.98
17.5,-8.79696,-4.75537,35,-8.89388,-4.6806,35
17.51,-8.82533,-4.7025,35.02,-8.92145,-4.6278,35.02
17.52,-8.85339,-4.64947,35.04,-8.94874,-4.57484,35.04
17.53,-8.88112,-4.59626,35.06,-8.97574,-4.52173,35.06
17.54,-8.90854,-4.54289,35.08,-9.00246,-4.46846,35.08
17.55,-8.93564,-4.48936,35.1,-9.02889,-4.41503,35.1
17.56,-8.96241,-4.43567,35.12,-9.05503,-4.36145,35.12
17.57,-8.98887,-4.38181,35.14,-9.08088,-4.30772,35.14
17.58,-9.015,-4.3278,35.16,-9.10644,-4.25383,35.16
17.59,-9.0408,-4.27363,35.18,-9.13171,-4.19979,35.18
17.6,-9.06628,-4.21931,35.2,-9.15669,-4.1456,35.2
17.61,-9.09143,-4.16484,35.22,-9.18138,-4.09126,35.22
17.62,-9.11626,-4.11021,35.24,-9.20577,-4.03677,35.24
17.63,-9.14075,-4.05544,35.26,-9.22987,-3.98212,35.26
17.64,-9.16492,-4.00053,35.28,-9.25368,-3.92733,35.28
17.65,-9.18876,-3.94547,35.3,-9.27718,-3.87239,35.3
17.66,-9.21227,-3.89026,35.32,-9.30039,-3.8173,35.32
17.67,-9.23544,-3.83492,35.34,-9.3233,-3.76206,35.34
17.68,-9.25829,-3.77944,35.36,-9.34591,-3.70668,35.36
17.69,-9.2808,-3.72382,35.38,-9.36821,-3.65116,35.38
17.7,-9.30297,-3.66807,35.4,-9.39022,-3.59548,35.4
17.71,-9.32481,-3.61218,35.42,-9.41191,-3.53967,35.42
17.72,-9.34632,-3.55617,35.44,-9.4333,-3.48371,35.44
17.73,-9.36749,-3.50003,35.46,-9.45438,-3.42761,35.46
17.74,-9.38832,-3.44376,35.48,-9.47515,-3.37137,35.48
17.75,-9.40881,-3.38737,35.5,-9.4956,-3.31499,35.5
17.76,-9.42897,-3.33086,35.52,-9.51575,-3.25847,35.52
17.77,-9.44878,-3.27422,35.54,-9.53557,-3.20181,35.54
17.78,-9.46826,-3.21747,35.56,-9.55508,-3.14501,35.56
17.79,-9.48739,-3.16061,35.58,-9.57427,-3.08808,35.58
17.8,-9.50618,-3.10362,35.6,-9.59314,-3.03102,35.6
17.81,-9.52463,-3.04653,35.62,-9.61169,-2.97382,35.62
17.82,-9.54274,-2.98933,35.64,-9.62991,-2.91649,35.64
17.83,-9.56051,-2.93202,35.66,-9.64781,-2.85903,35.66
17.84,-9.57793,-2.8746,35.68,-9.66538,-2.80144,35.68
17.85,-9.595,-2.81709,35.7,-9.68261,-2.74372,35.7
17.86,-9.61173,-2.75946,35.72,-9.69951,-2.68588,35.72
17.87,-9.62811,-2.70175,35.74,-9.71608,-2.62791,35.74
17.88,-9.64415,-2.64393,35.76,-9.73232,-2.56982,35.76
17.89,-9.65984,-2.58602,35.78,-9.74821,-2.5116,35.78
17.9,-9.67518,-2.52801,35.8,-9.76376,-2.45327,35.8
17.91,-9.69018,-2.46991,35.82,-9.77897,-2.39482,35.82
17.92,-9.70482,-2.41173,35.84,-9.79384,-2.33625,35.84
17.93,-9.71912,-2.35346,35.86,-9.80836,-2.27757,35.86
17.94,-9.73306,-2.2951,35.88,-9.82253,-2.21877,35.88
17.95,-9.74666,-2.23666,35.9,-9.83635,-2.15987,35.9
17.96,-9.7599,-2.17814,35.92,-9.84982,-2.10086,35.92
17.97,-9.7728,-2.11954,35.94,-9.86294,-2.04174,35.94
17.98,-9.78534,-2.06087,35.96,-9.87569,-1.98251,35.96
17.99,-9.79753,-2.00212,35.98,-9.88809,-1.92318,35.98
18,-9.80936,-1.9433,36,-9.90014,-1.86376,36
18.01,-9.82085,-1.88441,36.02,-9.91181,-1.80423,36.02
18.02,-9.83198,-1.82545,36.04,-9.92313,-1.74461,36.04
18.03,-9.84275,-1.76643,36.06,-9.93408,-1.6849,36.06
18.04,-9.85317,-1.70734,36.08,-9.94466,-1.6251,36.08
18.05,-9.86324,-1.64819,36.1,-9.95487,-1.56521,36.1
18.06,-9.87295,-1.58898,36.12,-9.96472,-1.50523,36.12
18.07,-9.88231,-1.52971,36.14,-9.97419,-1.44517,36.14
18.08,-9.89131,-1.47039,36.16,-9.98329,-1.38504,36.16
18.09,-9.89995,-1.41102,36.18,-9.99201,-1.32482,36.18
18.1,-9.90824,-1.35159,36.2,-10.0004,-1.26453,36.2
18.11,-9.91617,-1.29212,36.22,-10.0083,-1.20417,36.22
18.12,-9.92374,-1.2326,36.24,-10.0159,-1.14374,36.24
18.13,-9.93096,-1.17304,36.26,-10.0231,-1.08324,36.26
18.14,-9.93782,-1.11343,36.28,-10.0299,-1.02268,36.28
18.15,-9.94432,-1.05378,36.3,-10.0364,-0.96206,36.3
18.16,-9.95047,-0.994098,36.32,-10.0424,-0.901383,36.32
18.17,-9.95625,-0.934378,36.34,-10.0481,-0.840652,36.34
18.18,-9.96168,-0.874624,36.36,-10.0534,-0.77987,36.36
18.19,-9.96675,-0.814838,36.38,-10.0583,-0.71904,36.38
18.2,-9.97146,-0.755024,36.4,-10.0628,-0.658166,36.4
18.21,-9.97581,-0.695182,36.42,-10.0669,-0.59725,36.42
18.22,-9.9798,-0.635315,36.44,-10.0706,-0.536296,36.44
18.23,-9.98343,-0.575425,36.46,-10.074,-0.475307,36.46
18.24,-9.9867,-0.515514,36.48,-10.0769,-0.414286,36.48
18.25,-9.98962,-0.455585,36.5,-10.0795,-0.353237,36.5
18.26,-9.99217,-0.39564,36.52,-10.0816,-0.292163,36.52
18.27,-9.99436,-0.33568,36.54,-10.0834,-0.231067,36.54
18.28,-9.9962,-0.275708,36.56,-10.0848,-0.169952,36.56
18.29,-9.99767,-0.215726,36.58,-10.0858,-0.108823,36.58
18.3,-9.99879,-0.155737,36.6,-10.0863,-0.0476814,36.6
18.31,-9.99954,-0.0957414,36.62,-10.0865,0.0134683,36.62
18.32,-9.99994,-0.0357428,36.64,-10.0863,0.074623,36.64
18.33,-9.99997,0.0242571,36.66,-10.0857,0.135779,36.66
18.34,-9.99965,0.0842561,36.68,-10.0847,0.196934,36.68
18.35,-9.99896,0.144252,36.7,-10.0834,0.258083,36.7
18.36,-9.99791,0.204243,36.72,-10.0816,0.319224,36.72
18.37,-9.99651,0.264226,36.74,-10.0794,0.380353,36.74
18.38,-9.99474,0.3242,36.76,-10.0768,0.441466,36.76
18.39,-9.99262,0.384163,36.78,-10.0739,0.502561,36.78
18.4,-9.99013,0.444111,36.8,-10.0705,0.563633,36.8
18.41,-9.98729,0.504043,36.82,-10.0668,0.624681,36.82
18.42,-9.98408,0.563958,36.84,-10.0627,0.685699,36.84
18.43,-9.98052,0.623852,36.86,-10.0581,0.746686,36.86
18.44,-9.9766,0.683723,36.88,-10.0532,0.807637,36.88
18.45,-9.97232,0.74357,36.9,-10.0479,0.868549,36.9
18.46,-9.96768,0.80339,36.92,-10.0422,0.92942,36.92
18.47,-9.96268,0.863182,36.94,-10.0361,0.990246,36.94
18.48,-9.95732,0.922942,36.96,-10.0297,1.05102,36.96
18.49,-9.9516,0.982669,36.98,-10.0228,1.11175,36.98
18.5,-9.94553,1.04236,37,-10.0156,1.17242,37
18.51,-9.93909,1.10201,37.02,-10.008,1.23303,37.02
18.52,-9.9323,1.16163,37.04,-9.99998,1.29359,37.04
18.53,-9.92515,1.2212,37.06,-9.9916,1.35407,37.06
18.54,-9.91765,1.28073,37.08,-9.98284,1.4145,37.08
18.55,-9.90978,1.34021,37.1,-9.9737,1.47485,37.1
18.56,-9.90157,1.39965,37.12,-9.96419,1.53513,37.12
18.57,-9.89299,1.45903,37.14,-9.9543,1.59533,37.14
18.58,-9.88406,1.51836,37.16,-9.94403,1.65545,37.16
18.59,-9.87477,1.57764,37.18,-9.93339,1.7155,37.18
18.6,-9.86513,1.63686,37.2,-9.92239,1.77545,37.2
18.61,-9.85513,1.69602,37.22,-9.91101,1.83533,37.22
18.62,-9.84477,1.75512,37.24,-9.89927,1.89511,37.24
18.63,-9.83407,1.81416,37.26,-9.88715,1.9548,37.26
18.64,-9.823,1.87313,37.28,-9.87468,2.01439,37.28
18.65,-9.81159,1.93203,37.3,-9.86184,2.07389,37.3
18.66,-9.79982,1.99087,37.32,-9.84864,2.13329,37.32
18.67,-9.7877,2.04963,37.34,-9.83508,2.19258,37.34
18.68,-9.77522,2.10832,37.36,-9.82116,2.25177,37.36
18.69,-9.7624,2.16693,37.38,-9.80689,2.31085,37.38
18.7,-9.74922,2.22547,37.4,-9.79226,2.36982,37.4
18.71,-9.73569,2.28392,37.42,-9.77728,2.42869,37.42
18.72,-9.72181,2.34229,37.44,-9.76194,2.48743,37.44
18.73,-9.70759,2.40058,37.46,-9.74626,2.54606,37.46
18.74,-9.69301,2.45878,37.48,-9.73023,2.60457,37.48
18.75,-9.67808,2.5169,37.5,-9.71386,2.66296,37.5
18.76,-9.6628,2.57492,37.52,-9.69714,2.72123,37.52
18.77,-9.64718,2.63285,37.54,-9.68007,2.77937,37.54
18.78,-9.63121,2.69068,37.56,-9.66267,2.83739,37.56
18.79,-9.61489,2.74842,37.58,-9.64493,2.89528,37.58
18.8,-9.59823,2.80606,37.6,-9.62685,2.95304,37.6
18.81,-9.58122,2.8636,37.62,-9.60844,3.01066,37.62
18.82,-9.56387,2.92104,37.64,-9.58969,3.06815,37.64
18.83,-9.54617,2.97837,37.66,-9.57061,3.12551,37.66
18.84,-9.52813,3.03559,37.68,-9.5512,3.18273,37.68
18.85,-9.50974,3.0927,37.7,-9.53146,3.23981,37.7
18.86,-9.49101,3.14971,37.72,-9.5114,3.29675,37.72
18.87,-9.47195,3.2066,37.74,-9.49101,3.35354,37.74
18.88,-9.45254,3.26337,37.76,-9.47029,3.41019,37.76
18.89,-9.43279,3.32003,37.78,-9.44925,3.4667,37.78
18.9,-9.4127,3.37656,37.8,-9.4279,3.52306,37.8
18.91,-9.39227,3.43298,37.82,-9.40622,3.57928,37.82
18.92,-9.3715,3.48927,37.84,-9.38423,3.63534,37.84
18.93,-9.3504,3.54543,37.86,-9.36192,3.69125,37.86
18.94,-9.32895,3.60147,37.88,-9.33929,3.74701,37.88
18.95,-9.30718,3.65738,37.9,-9.31635,3.80262,37.9
18.96,-9.28507,3.71316,37.92,-9.29311,3.85807,37.92
18.97,-9.26262,3.7688,37.94,-9.26955,3.91337,37.94
18.98,-9.23984,3.82431,37.96,-9.24568,3.96851,37.96
18.99,-9.21673,3.87968,37.98,-9.2215,4.02349,37.98
19,-9.19329,3.93491,38,-9.19702,4.07831,38
19.01,-9.16951,3.99,38.02,-9.17223,4.13298,38.02
19.02,-9.14541,4.04494,38.04,-9.14714,4.18748,38.04
19.03,-9.12097,4.09974,38.06,-9.12174,4.24181,38.06
19.04,-9.09621,4.15439,38.08,-9.09604,4.29599,38.08
19.05,-9.07112,4.2089,38.1,-9.07005,4.35,38.1
19.06,-9.0457,4.26325,38.12,-9.04375,4.40385,38.12
19.07,-9.01996,4.31744,38.14,-9.01715,4.45753,38.14
19.08,-8.99389,4.37148,38.16,-8.99026,4.51104,38.16
19.09,-8.9675,4.42537,38.18,-8.96307,4.56438,38.18
19.1,-8.94079,4.47909,38.2,-8.93558,4.61755,38.2
19.11,-8.91375,4.53266,38.22,-8.9078,4.67056,38.22
19.12,-8.8864,4.58606,38.24,-8.87973,4.72339,38.24
19.13,-8.85872,4.63929,38.26,-8.85136,4.77605,38.26
19.14,-8.83073,4.69236,38.28,-8.8227,4.82854,38.28
19.15,-8.80241,4.74526,38.3,-8.79375,4.88085,38.3
19.16,-8.77378,4.79799,38.32,-8.76451,4.93299,38.32
19.17,-8.74484,4.85055,38.34,-8.73497,4.98495,38.34
19.18,-8.71558,4.90293,38.36,-8.70515,5.03674,38.36
19.19,-8.686,4.95513,38.38,-8.67504,5.08835,38.38
19.2,-8.65612,5.00716,38.4,-8.64464,5.13978,38.4
19.21,-8.62592,5.05901,38.42,-8.61395,5.19103,38.42
19.22,-8.59541,5.11067,38.44,-8.58298,5.2421,38.44
19.23,-8.56459,5.16215,38.46,-8.55171,5.29299,38.46
19.24,-8.53346,5.21344,38.48,-8.52016,5.3437,38.48
19.25,-8.50203,5.26455,38.5,-8.48833,5.39422,38.5
19.26,-8.47029,5.31547,38.52,-8.45621,5.44456,38.52
19.27,-8.43824,5.36619,38.54,-8.4238,5.49472,38.54
19.28,-8.4059,5.41673,38.56,-8.39111,5.54468,38.56
19.29,-8.37324,5.46706,38.58,-8.35814,5.59447,38.58
19.3,-8.34029,5.51721,38.6,-8.32488,5.64406,38.6
19.31,-8.30704,5.56715,38.62,-8.29134,5.69346,38.62
19.32,-8.27349,5.61689,38.64,-8.25751,5.74268,38.64
19.33,-8.23964,5.66643,38.66,-8.2234,5.7917,38.66
19.34,-8.20549,5.71576,38.68,-8.18901,5.84053,38.68
19.35,-8.17105,5.76489,38.7,-8.15434,5.88917,38.7
19.36,-8.13631,5.81382,38.72,-8.11938,5.93761,38.72
19.37,-8.10128,5.86253,38.74,-8.08414,5.98586,38.74
19.38,-8.06596,5.91103,38.76,-8.04862,6.0339,38.76
19.39,-8.03035,5.95932,38.78,-8.01282,6.08175,38.78
19.4,-7.99445,6.00739,38.8,-7.97674,6.1294,38.8
19.41,-7.95826,6.05525,38.82,-7.94037,6.17685,38.82
19.42,-7.92179,6.10289,38.84,-7.90373,6.2241,38.84
19.43,-7.88503,6.15031,38.86,-7.8668,6.27115,38.86
19.44,-7.84798,6.19751,38.88,-7.8296,6.31799,38.88
19.45,-7.81066,6.24449,38.9,-7.79211,6.36462,38.9
19.46,-7.77305,6.29124,38.92,-7.75435,6.41104,38.92
19.47,-7.73516,6.33776,38.94,-7.7163,6.45726,38.94
19.48,-7.697,6.38406,38.96,-7.67798,6.50326,38.96
19.49,-7.65855,6.43013,38.98,-7.63937,6.54906,38.98
19.5,-7.61984,6.47596,39,-7.60049,6.59464,39
19.51,-7.58084,6.52157,39.02,-7.56133,6.64,39.02
19.52,-7.54158,6.56693,39.04,-7.52189,6.68515,39.04
19.53,-7.50204,6.61206,39.06,-7.48218,6.73008,39.06
19.54,-7.46223,6.65696,39.08,-7.44219,6.77479,39.08
19.55,-7.42216,6.70161,39.1,-7.40192,6.81927,39.1
19.56,-7.38181,6.74602,39.12,-7.36137,6.86354,39.12
19.57,-7.34121,6.79019,39.14,-7.32055,6.90758,39.14
19.58,-7.30033,6.83412,39.16,-7.27946,6.95139,39.16
19.59,-7.2592,6.87779,39.18,-7.23809,6.99497,39.18
19.6,-7.2178,6.92123,39.2,-7.19644,7.03832,39.2
19.61,-7.17614,6.96441,39.22,-7.15453,7.08144,39.22
19.62,-7.13423,7.00734,39.24,-7.11234,7.12433,39.24
19.63,-7.09205,7.05002,39.26,-7.06987,7.16698,39.26
19.64,-7.04963,7.09244,39.28,-7.02714,7.20939,39.28
19.65,-7.00695,7.13461,39.3,-6.98414,7.25156,39.3
19.66,-6.96401,7.17653,39.32,-6.94086,7.29349,39.32
19.67,-6.92083,7.21818,39.34,-6.89732,7.33517,39.34
19.68,-6.87739,7.25958,39.36,-6.85351,7.37661,39.36
19.69,-6.83371,7.30071,39.38,-6.80943,7.41781,39.38
19.7,-6.78979,7.34158,39.4,-6.76509,7.45875,39.4
19.71,-6.74562,7.38219,39.42,-6.72048,7.49944,39.42
19.72,-6.7012,7.42253,39.44,-6.67561,7.53987,39.44
19.73,-6.65655,7.4626,39.46,-6.63048,7.58005,39.46
19.74,-6.61165,7.5024,39.48,-6.58508,7.61998,39.48
19.75,-6.56652,7.54194,39.5,-6.53942,7.65964,39.5
19.76,-6.52115,7.5812,39.52,-6.49351,7.69904,39.52
19.77,-6.47554,7.62019,39.54,-6.44733,7.73817,39.54
19.78,-6.42971,7.65891,39.56,-6.4009,7.77704,39.56
19.79,-6.38364,7.69735,39.58,-6.35422,7.81564,39.58
19.8,-6.33734,7.73551,39.6,-6.30728,7.85397,39.6
19.81,-6.29081,7.7734,39.62,-6.26009,7.89203,39.62
19.82,-6.24406,7.811,39.64,-6.21265,7.92981,39.64
19.83,-6.19708,7.84832,39.66,-6.16496,7.96731,39.66
19.84,-6.14988,7.88537,39.68,-6.11702,8.00454,39.68
19.85,-6.10246,7.92212,39.7,-6.06884,8.04148,39.7
19.86,-6.05481,7.95859,39.72,-6.02041,8.07814,39.72
19.87,-6.00695,7.99478,39.74,-5.97174,8.11452,39.74
19.88,-5.95888,8.03068,39.76,-5.92284,8.1506,39.76
19.89,-5.91059,8.06629,39.78,-5.87369,8.1864,39.78
19.9,-5.86208,8.1016,39.8,-5.82431,8.22191,39.8
19.91,-5.81337,8.13663,39.82,-5.77469,8.25712,39.82
19.92,-5.76444,8.17136,39.84,-5.72485,8.29203,39.84
19.93,-5.71531,8.2058,39.86,-5.67477,8.32665,39.86
19.94,-5.66597,8.23995,39.88,-5.62446,8.36097,39.88
19.95,-5.61643,8.27379,39.9,-5.57393,8.39498,39.9
19.96,-5.56669,8.30734,39.92,-5.52318,8.42869,39.92
19.97,-5.51675,8.34059,39.94,-5.4722,8.4621,39.94
19.98,-5.4666,8.37354,39.96,-5.42101,8.49519,39.96
19.99,-5.41626,8.40619,39.98,-5.3696,8.52798,39.98
20,-5.36573,8.43854,40,-5.31798,8.56045,40
20.01,-5.315,8.47058,40.02,-5.26614,8.59261,40.02
20.02,-5.26408,8.50232,40.04,-5.2141,8.62445,40.04
20.03,-5.21297,8.53375,40.06,-5.16185,8.65598,40.06
20.04,-5.16168,8.56487,40.08,-5.10939,8.68719,40.08
20.05,-5.1102,8.59569,40.1,-5.05674,8.71807,40.1
20.06,-5.05853,8.6262,40.12,-5.00389,8.74863,40.12
20.07,-5.00668,8.65639,40.14,-4.95084,8.77887,40.14
20.08,-4.95465,8.68628,40.16,-4.8976,8.80878,40.16
20.09,-4.90245,8.71585,40.18,-4.84416,8.83836,40.18
20.1,-4.85007,8.74511,40.2,-4.79054,8.86762,40.2
20.11,-4.79751,8.77405,40.22,-4.73674,8.89654,40.22
20.12,-4.74478,8.80268,40.24,-4.68275,8.92513,40.24
20.13,-4.69188,8.83099,40.26,-4.62859,8.95338,40.26
20.14,-4.63881,8.85898,40.28,-4.57424,8.9813,40.28
20.15,-4.58557,8.88665,40.3,-4.51973,9.00887,40.3
20.16,-4.53217,8.914,40.32,-4.46504,9.03611,40.32
20.17,-4.4786,8.94104,40.34,-4.41019,9.06301,40.34
20.18,-4.42488,8.96775,40.36,-4.35517,9.08957,40.36
20.19,-4.37099,8.99413,40.38,-4.29999,9.11579,40.38
20.2,-4.31695,9.0202,40.4,-4.24465,9.14166,40.4
20.21,-4.26275,9.04594,40.42,-4.18916,9.16718,40.42
20.22,-4.2084,9.07135,40.44,-4.13351,9.19236,40.44
20.23,-4.15389,9.09644,40.46,-4.07771,9.21719,40.46
20.24,-4.09924,9.1212,40.48,-4.02177,9.24167,40.48
20.25,-4.04444,9.14563,40.5,-3.96568,9.2658,40.5
20.26,-3.98949,9.16973,40.52,-3.90945,9.28958,40.52
20.27,-3.9344,9.1935,40.54,-3.85309,9.31301,40.54
20.28,-3.87917,9.21694,40.56,-3.79658,9.33608,40.56
20.29,-3.8238,9.24005,40.58,-3.73995,9.3588,40.58
20.3,-3.76829,9.26283,40.6,-3.68319,9.38117,40.6
20.31,-3.71265,9.28527,40.62,-3.6263,9.40317,40.62
20.32,-3.65687,9.30738,40.64,-3.56929,9.42483,40.64
20.33,-3.60096,9.32915,40.66,-3.51216,9.44612,40.66
20.34,-3.54492,9.35059,40.68,-3.45491,9.46706,40.68
20.35,-3.48875,9.37169,40.7,-3.39754,9.48764,40.7
20.36,-3.43246,9.39246,40.72,-3.34007,9.50786,40.72
20.37,-3.37604,9.41288,40.74,-3.28249,9.52772,40.74
20.38,-3.31951,9.43297,40.76,-3.2248,9.54722,40.76
20.39,-3.26285,9.45272,40.78,-3.16701,9.56636,40.78
20.4,-3.20607,9.47212,40.8,-3.10911,9.58514,40.8
20.41,-3.14918,9.49119,40.82,-3.05113,9.60355,40.82
20.42,-3.09218,9.50991,40.84,-2.99304,9.62161,40.84
20.43,-3.03507,9.52829,40.86,-2.93487,9.6393,40.86
20.44,-2.97784,9.54633,40.88,-2.87661,9.65663,40.88
20.45,-2.92051,9.56403,40.9,-2.81826,9.6736,40.9
20.46,-2.86307,9.58138,40.92,-2.75983,9.6902,40.92
20.47,-2.80553,9.59838,40.94,-2.70131,9.70644,40.94
20.48,-2.74789,9.61504,40.96,-2.64272,9.72232,40.96
20.49,-2.69015,9.63136,40.98,-2.58406,9.73784,40.98
20.5,-2.63232,9.64733,41,-2.52532,9.75299,41
20.51,-2.57439,9.66295,41.02,-2.46651,9.76777,41.02
20.52,-2.51636,9.67822,41.04,-2.40763,9.7822,41.04
20.53,-2.45825,9.69314,41.06,-2.34869,9.79626,41.06
20.54,-2.40005,9.70772,41.08,-2.28969,9.80995,41.08
20.55,-2.34176,9.72194,41.1,-2.23062,9.82329,41.1
20.56,-2.28338,9.73582,41.12,-2.1715,9.83626,41.12
20.57,-2.22493,9.74934,41.14,-2.11232,9.84886,41.14
20.58,-2.16639,9.76252,41.16,-2.05309,9.86111,41.16
20.59,-2.10778,9.77534,41.18,-1.99381,9.87299,41.18
20.6,-2.04909,9.78781,41.2,-1.93448,9.88451,41.2
20.61,-1.99033,9.79993,41.22,-1.8751,9.89566,41.22
20.62,-1.93149,9.81169,41.24,-1.81568,9.90646,41.24
20.63,-1.87259,9.82311,41.26,-1.75621,9.91689,41.26
20.64,-1.81361,9.83417,41.28,-1.69671,9.92696,41.28
20.65,-1.75458,9.84487,41.3,-1.63716,9.93667,41.3
20.66,-1.69548,9.85522,41.32,-1.57759,9.94602,41.32
20.67,-1.63631,9.86522,41.34,-1.51797,9.95501,41.34
20.68,-1.57709,9.87486,41.36,-1.45833,9.96364,41.36
20.69,-1.51782,9.88414,41.38,-1.39865,9.97191,41.38
20.7,-1.45849,9.89307,41.4,-1.33895,9.97981,41.4
20.71,-1.3991,9.90164,41.42,-1.27922,9.98736,41.42
20.72,-1.33967,9.90986,41.44,-1.21947,9.99456,41.44
20.73,-1.28018,9.91772,41.46,-1.15969,10.0014,41.46
20.74,-1.22065,9.92522,41.48,-1.09989,10.0079,41.48
20.75,-1.16108,9.93237,41.5,-1.04008,10.014,41.5
20.76,-1.10147,9.93915,41.52,-0.980242,10.0197,41.52
20.77,-1.04181,9.94558,41.54,-0.920391,10.0251,41.54
20.78,-0.98212,9.95166,41.56,-0.860527,10.0302,41.56
20.79,-0.922393,9.95737,41.58,-0.800649,10.0349,41.58
20.8,-0.862633,9.96272,41.6,-0.740761,10.0392,41.6
20.81,-0.802841,9.96772,41.62,-0.680863,10.0432,41.62
20.82,-0.743021,9.97236,41.64,-0.620957,10.0468,41.64
20.83,-0.683174,9.97664,41.66,-0.561045,10.0501,41.66
20.84,-0.623302,9.98056,41.68,-0.501128,10.053,41.68
20.85,-0.563408,9.98412,41.7,-0.441207,10.0556,41.7
20.86,-0.503493,9.98732,41.72,-0.381284,10.0578,41.72
20.87,-0.443561,9.99016,41.74,-0.32136,10.0597,41.74
20.88,-0.383612,9.99264,41.76,-0.261437,10.0612,41.76
20.89,-0.32365,9.99476,41.78,-0.201516,10.0624,41.78
20.9,-0.263676,9.99652,41.8,-0.141599,10.0632,41.8
20.91,-0.203692,9.99793,41.82,-0.0816865,10.0636,41.82
20.92,-0.143701,9.99897,41.84,-0.0217801,10.0637,41.84
20.93,-0.0837052,9.99965,41.86,0.0381188,10.0635,41.86
20.94,-0.0237061,9.99997,41.88,0.098009,10.0629,41.88
20.95,0.0362938,9.99993,41.9,0.157889,10.062,41.9
20.96,0.0962924,9.99954,41.92,0.217758,10.0607,41.92
20.97,0.156287,9.99878,41.94,0.277614,10.0591,41.94
20.98,0.216277,9.99766,41.96,0.337456,10.0571,41.96
20.99,0.276259,9.99618,41.98,0.397283,10.0547,41.98
21,0.33623,9.99435,42,0.457094,10.0521,42
21.01,0.39619,9.99215,42.02,0.516887,10.049,42.02
21.02,0.456136,9.98959,42.04,0.57666,10.0457,42.04
21.03,0.516065,9.98667,42.06,0.636414,10.0419,42.06
21.04,0.575975,9.9834,42.08,0.696146,10.0379,42.08
21.05,0.635865,9.97976,42.1,0.755855,10.0335,42.1
21.06,0.695731,9.97577,42.12,0.81554,10.0287,42.12
21.07,0.755573,9.97141,42.14,0.8752,10.0236,42.14
21.08,0.815388,9.9667,42.16,0.934833,10.0182,42.16
21.09,0.875173,9.96163,42.18,0.994438,10.0124,42.18
21.1,0.934926,9.9562,42.2,1.05401,10.0062,42.2
21.11,0.994646,9.95041,42.22,1.11356,9.99973,42.22
21.12,1.05433,9.94426,42.24,1.17307,9.9929,42.24
21.13,1.11398,9.93776,42.26,1.23255,9.98572,42.26
21.14,1.17358,9.9309,42.28,1.292,9.9782,42.28
21.15,1.23315,9.92368,42.3,1.35141,9.97034,42.3
21.16,1.29267,9.9161,42.32,1.41078,9.96213,42.32
21.17,1.35214,9.90816,42.34,1.47011,9.95357,42.34
21.18,1.41156,9.89987,42.36,1.5294,9.94467,42.36
21.19,1.47094,9.89123,42.38,1.58865,9.93543,42.38
21.2,1.53026,9.88222,42.4,1.64786,9.92584,42.4
21.21,1.58952,9.87286,42.42,1.70702,9.91591,42.42
21.22,1.64873,9.86315,42.44,1.76614,9.90563,42.44
21.23,1.70788,9.85308,42.46,1.82521,9.89501,42.46
21.24,1.76697,9.84265,42.48,1.88423,9.88404,42.48
21.25,1.82599,9.83187,42.5,1.9432,9.87273,42.5
21.26,1.88495,9.82074,42.52,2.00211,9.86107,42.52
21.27,1.94384,9.80926,42.54,2.06097,9.84907,42.54
21.28,2.00266,9.79742,42.56,2.11978,9.83673,42.56
21.29,2.06141,9.78522,42.58,2.17853,9.82404,42.58
21.3,2.12008,9.77268,42.6,2.23721,9.811,42.6
21.31,2.17868,9.75978,42.62,2.29584,9.79762,42.62
21.32,2.2372,9.74653,42.64,2.3544,9.7839,42.64
21.33,2.29564,9.73294,42.66,2.4129,9.76983,42.66
21.34,2.35399,9.71899,42.68,2.47133,9.75541,42.68
21.35,2.41226,9.70469,42.7,2.5297,9.74065,42.7
21.36,2.47045,9.69004,42.72,2.58799,9.72555,42.72
21.37,2.52854,9.67504,42.74,2.64621,9.7101,42.74
21.38,2.58655,9.6597,42.76,2.70436,9.6943,42.76
21.39,2.64446,9.64401,42.78,2.76243,9.67816,42.78
21.4,2.70228,9.62796,42.8,2.82042,9.66168,42.8
21.41,2.75999,9.61158,42.82,2.87833,9.64484,42.82
21.42,2.81761,9.59485,42.84,2.93615,9.62767,42.84
21.43,2.87513,9.57777,42.86,2.9939,9.61015,42.86
21.44,2.93255,9.56034,42.88,3.05155,9.59228,42.88
21.45,2.98986,9.54258,42.9,3.10912,9.57407,42.9
21.46,3.04706,9.52447,42.92,3.16659,9.55551,42.92
21.47,3.10415,9.50601,42.94,3.22397,9.53661,42.94
21.48,3.16113,9.48722,42.96,3.28126,9.51736,42.96
21.49,3.21799,9.46808,42.98,3.33844,9.49777,42.98
21.5,3.27474,9.4486,43,3.39553,9.47783,43
21.51,3.33138,9.42878,43.02,3.45251,9.45755,43.02
21.52,3.38789,9.40862,43.04,3.50939,9.43692,43.04
21.53,3.44428,9.38813,43.06,3.56616,9.41595,43.06
21.54,3.50055,9.36729,43.08,3.62281,9.39464,43.08
21.55,3.55669,9.34612,43.1,3.67936,9.37298,43.1
21.56,3.6127,9.32461,43.12,3.73579,9.35098,43.12
21.57,3.66858,9.30277,43.14,3.7921,9.32863,43.14
21.58,3.72433,9.28059,43.16,3.84829,9.30594,43.16
21.59,3.77995,9.25808,43.18,3.90436,9.28291,43.18
21.6,3.83543,9.23523,43.2,3.9603,9.25953,43.2
21.61,3.89077,9.21205,43.22,4.01612,9.23581,43.22
21.62,3.94597,9.18854,43.24,4.0718,9.21175,43.24
21.63,4.00103,9.1647,43.26,4.12735,9.18735,43.26
21.64,4.05595,9.14053,43.28,4.18277,9.16261,43.28
21.65,4.11072,9.11603,43.3,4.23804,9.13752,43.3
21.66,4.16534,9.0912,43.32,4.29318,9.1121,43.32
21.67,4.21981,9.06605,43.34,4.34817,9.08634,43.34
21.68,4.27413,9.04056,43.36,4.40301,9.06023,43.36
21.69,4.3283,9.01476,43.38,4.4577,9.03379,43.38
21.7,4.38231,8.98863,43.4,4.51224,9.00701,43.4
21.71,4.43616,8.96217,43.42,4.56663,8.9799,43.42
21.72,4.48985,8.93539,43.44,4.62086,8.95245,43.44
21.73,4.54338,8.90829,43.46,4.67492,8.92466,43.46
21.74,4.59675,8.88087,43.48,4.72883,8.89654,43.48
21.75,4.64995,8.85313,43.5,4.78257,8.86808,43.5
21.76,4.70299,8.82507,43.52,4.83614,8.83929,43.52
21.77,4.75585,8.7967,43.54,4.88953,8.81017,43.54
21.78,4.80855,8.768,43.56,4.94276,8.78071,43.56
21.79,4.86107,8.73899,43.58,4.99581,8.75093,43.58
21.8,4.91342,8.70967,43.6,5.04867,8.72081,43.6
21.81,4.96558,8.68003,43.62,5.10136,8.69037,43.62
21.82,5.01758,8.65008,43.64,5.15386,8.6596,43.64
21.83,5.06939,8.61982,43.66,5.20617,8.62851,43.66
21.84,5.12101,8.58925,43.68,5.2583,8.59708,43.68
21.85,5.17246,8.55837,43.7,5.31023,8.56534,43.7
21.86,5.22371,8.52718,43.72,5.36196,8.53327,43.72
21.87,5.27478,8.49569,43.74,5.4135,8.50088,43.74
21.88,5.32566,8.46388,43.76,5.46483,8.46817,43.76
21.89,5.37635,8.43178,43.78,5.51596,8.43514,43.78
21.9,5.42684,8.39937,43.8,5.56689,8.4018,43.8
21.91,5.47714,8.36666,43.82,5.61761,8.36814,43.82
21.92,5.52724,8.33364,43.84,5.66812,8.33416,43.84
21.93,5.57714,8.30033,43.86,5.71841,8.29987,43.86
21.94,5.62684,8.26672,43.88,5.76849,8.26527,43.88
21.95,5.67634,8.23281,43.9,5.81835,8.23036,43.9
21.96,5.72564,8.1986,43.92,5.86798,8.19513,43.92
21.97,5.77472,8.1641,43.94,5.9174,8.15961,43.94
21.98,5.82361,8.12931,43.96,5.96659,8.12377,43.96
21.99,5.87228,8.09422,43.98,6.01555,8.08764,43.98
22,5.92074,8.05884,44,6.06428,8.0512,44
22.01,5.96898,8.02317,44.02,6.11278,8.01446,44.02
22.02,6.01701,7.98721,44.04,6.16105,7.97742,44.04
22.03,6.06483,7.95097,44.06,6.20908,7.94009,44.06
22.04,6.11242,7.91443,44.08,6.25687,7.90246,44.08
22.05,6.1598,7.87762,44.1,6.30442,7.86454,44.1
22.06,6.20695,7.84052,44.12,6.35172,7.82633,44.12
22.07,6.25389,7.80313,44.14,6.39879,7.78782,44.14
22.08,6.30059,7.76547,44.16,6.4456,7.74903,44.16
22.09,6.34707,7.72753,44.18,6.49216,7.70996,44.18
22.1,6.39332,7.68931,44.2,6.53848,7.6706,44.2
22.11,6.43934,7.65081,44.22,6.58454,7.63096,44.22
22.12,6.48513,7.61204,44.24,6.63035,7.59104,44.24
22.13,6.53069,7.57299,44.26,6.6759,7.55084,44.26
22.14,6.57601,7.53367,44.28,6.72119,7.51037,44.28
22.15,6.62109,7.49408,44.3,6.76622,7.46962,44.3
22.16,6.66593,7.45422,44.32,6.81099,7.4286,44.32
22.17,6.71054,7.41409,44.34,6.8555,7.38732,44.34
22.18,6.7549,7.37369,44.36,6.89974,7.34576,44.36
22.19,6.79902,7.33303,44.38,6.94372,7.30394,44.38
22.2,6.8429,7.2921,44.4,6.98743,7.26186,44.4
22.21,6.88653,7.25091,44.42,7.03087,7.21952,44.42
22.22,6.92991,7.20946,44.44,7.07404,7.17691,44.44
22.23,6.97304,7.16775,44.46,7.11693,7.13405,44.46
22.24,7.01592,7.12579,44.48,7.15955,7.09094,44.48
22.25,7.05855,7.08356,44.5,7.2019,7.04757,44.5
22.26,7.10092,7.04109,44.52,7.24397,7.00396,44.52
22.27,7.14304,6.99835,44.54,7.28577,6.96009,44.54
22.28,7.1849,6.95537,44.56,7.32728,6.91598,44.56
22.29,7.22651,6.91213,44.58,7.36852,6.87163,44.58
22.3,7.26785,6.86865,44.6,7.40947,6.82703,44.6
22.31,7.30893,6.82492,44.62,7.45015,6.78219,44.62
22.32,7.34975,6.78095,44.64,7.49054,6.73712,44.64
22.33,7.3903,6.73672,44.66,7.53064,6.69181,44.66
22.34,7.43059,6.69226,44.68,7.57046,6.64627,44.68
22.35,7.47061,6.64756,44.7,7.61,6.6005,44.7
22.36,7.51036,6.60262,44.72,7.64924,6.5545,44.72
22.37,7.54984,6.55743,44.74,7.6882,6.50827,44.74
22.38,7.58905,6.51202,44.76,7.72687,6.46181,44.76
22.39,7.62798,6.46637,44.78,7.76525,6.41514,44.78
22.4,7.66664,6.42048,44.8,7.80334,6.36824,44.8
22.41,7.70503,6.37437,44.82,7.84114,6.32113,44.82
22.42,7.74313,6.32802,44.84,7.87865,6.2738,44.84
22.43,7.78096,6.28145,44.86,7.91586,6.22625,44.86
22.44,7.81851,6.23465,44.88,7.95278,6.1785,44.88
22.45,7.85578,6.18763,44.9,7.98941,6.13053,44.9
22.46,7.89276,6.14038,44.92,8.02574,6.08235,44.92
22.47,7.92946,6.09292,44.94,8.06178,6.03397,44.94
22.48,7.96588,6.04523,44.96,8.09752,5.98538,44.96
22.49,8.002,5.99733,44.98,8.13296,5.93659,44.98
22.5,8.03784,5.94921,45,8.16811,5.88761,45
22.51,8.07339,5.90087,45.02,8.20295,5.83842,45.02
22.52,8.10865,5.85233,45.04,8.2375,5.78904,45.04
22.53,8.14362,5.80357,45.06,8.27175,5.73946,45.06
22.54,8.1783,5.7546,45.08,8.3057,5.68969,45.08
22.55,8.21268,5.70543,45.1,8.33935,5.63972,45.1
22.56,8.24676,5.65605,45.12,8.3727,5.58957,45.12
22.57,8.28055,5.60647,45.14,8.40574,5.53924,45.14
22.58,8.31404,5.55669,45.16,8.43849,5.48871,45.16
22.59,8.34723,5.5067,45.18,8.47093,5.43801,45.18
22.6,8.38012,5.45652,45.2,8.50307,5.38712,45.2
22.61,8.41271,5.40614,45.22,8.53491,5.33605,45.22
22.62,8.44499,5.35557,45.24,8.56644,5.2848,45.24
22.63,8.47697,5.3048,45.26,8.59767,5.23338,45.26
22.64,8.50865,5.25384,45.28,8.62859,5.18178,45.28
22.65,8.54002,5.2027,45.3,8.65921,5.13001,45.3
22.66,8.57108,5.15137,45.32,8.68952,5.07807,45.32
22.67,8.60184,5.09985,45.34,8.71953,5.02596,45.34
22.68,8.63228,5.04814,45.36,8.74922,4.97368,45.36
22.69,8.66241,4.99626,45.38,8.77862,4.92124,45.38
22.7,8.69223,4.9442,45.4,8.8077,4.86863,45.4
22.71,8.72174,4.89195,45.42,8.83647,4.81585,45.42
22.72,8.75094,4.83954,45.44,8.86494,4.76292,45.44
22.73,8.77982,4.78694,45.46,8.89309,4.70982,45.46
22.74,8.80838,4.73418,45.48,8.92094,4.65657,45.48
22.75,8.83663,4.68124,45.5,8.94848,4.60316,45.5
22.76,8.86455,4.62814,45.52,8.9757,4.54959,45.52
22.77,8.89216,4.57487,45.54,9.00261,4.49587,45.54
22.78,8.91945,4.52143,45.56,9.02921,4.442,45.56
22.79,8.94642,4.46784,45.58,9.0555,4.38798,45.58
22.8,8.97307,4.41408,45.6,9.08147,4.3338,45.6
22.81,8.99939,4.36016,45.62,9.10713,4.27949,45.62
22.82,9.02539,4.30609,45.64,9.13248,4.22502,45.64
22.83,9.05106,4.25186,45.66,9.15751,4.17041,45.66
22.84,9.07641,4.19747,45.68,9.18222,4.11565,45.68
22.85,9.10143,4.14294,45.7,9.20662,4.06076,45.7
22.86,9.12612,4.08826,45.72,9.2307,4.00572,45.72
22.87,9.15049,4.03343,45.74,9.25446,3.95055,45.74
22.88,9.17453,3.97845,45.76,9.2779,3.89523,45.76
22.89,9.19823,3.92333,45.78,9.30102,3.83978,45.78
22.9,9.22161,3.86807,45.8,9.32383,3.7842,45.8
22.91,9.24465,3.81267,45.82,9.34631,3.72848,45.82
22.92,9.26736,3.75714,45.84,9.36847,3.67264,45.84
22.93,9.28973,3.70147,45.86,9.39031,3.61666,45.86
22.94,9.31177,3.64566,45.88,9.41182,3.56055,45.88
22.95,9.33348,3.58973,45.9,9.43301,3.50432,45.9
22.96,9.35485,3.53366,45.92,9.45388,3.44796,45.92
22.97,9.37588,3.47747,45.94,9.47441,3.39147,45.94
22.98,9.39658,3.42115,45.96,9.49463,3.33486,45.96
22.99,9.41694,3.36471,45.98,9.51451,3.27813,45.98
23,9.43696,3.30815,46,9.53407,3.22128,46
23.01,9.45664,3.25147,46.02,9.5533,3.16432,46.02
23.02,9.47597,3.19467,46.04,9.57219,3.10723,46.04
23.03,9.49497,3.13776,46.06,9.59076,3.05003,46.06
23.04,9.51363,3.08073,46.08,9.60899,2.99272,46.08
23.05,9.53194,3.02359,46.1,9.62689,2.93529,46.1
23.06,9.54991,2.96635,46.12,9.64446,2.87775,46.12
23.07,9.56754,2.909,46.14,9.66169,2.82011,46.14
23.08,9.58482,2.85154,46.16,9.67859,2.76235,46.16
23.09,9.60175,2.79398,46.18,9.69515,2.70449,46.18
23.1,9.61835,2.73632,46.2,9.71137,2.64653,46.2
23.11,9.63459,2.67856,46.22,9.72725,2.58846,46.22
23.12,9.65049,2.6207,46.24,9.7428,2.53029,46.24
23.13,9.66604,2.56275,46.26,9.758,2.47202,46.26
23.14,9.68124,2.50471,46.28,9.77286,2.41365,46.28
23.15,9.69609,2.44658,46.3,9.78738,2.35519,46.3
23.16,9.7106,2.38836,46.32,9.80156,2.29664,46.32
23.17,9.72475,2.33005,46.34,9.81539,2.23799,46.34
23.18,9.73856,2.27166,46.36,9.82887,2.17924,46.36
23.19,9.75201,2.21319,46.38,9.84201,2.12041,46.38
23.2,9.76512,2.15464,46.4,9.8548,2.0615,46.4
23.21,9.77787,2.09601,46.42,9.86724,2.00249,46.42
23.22,9.79027,2.03731,46.44,9.87933,1.94341,46.44
23.23,9.80232,1.97853,46.46,9.89107,1.88424,46.46
23.24,9.81401,1.91968,46.48,9.90246,1.82499,46.48
23.25,9.82535,1.86076,46.5,9.9135,1.76566,46.5
23.26,9.83634,1.80178,46.52,9.92418,1.70626,46.52
23.27,9.84697,1.74273,46.54,9.93451,1.64678,46.54
23.28,9.85725,1.68361,46.56,9.94449,1.58723,46.56
23.29,9.86718,1.62444,46.58,9.95411,1.52761,46.58
23.3,9.87675,1.56521,46.6,9.96337,1.46793,46.6
23.31,9.88596,1.50592,46.62,9.97227,1.40817,46.62
23.32,9.89482,1.44658,46.64,9.98081,1.34836,46.64
23.33,9.90332,1.38718,46.66,9.989,1.28848,46.66
23.34,9.91146,1.32774,46.68,9.99682,1.22854,46.68
23.35,9.91925,1.26824,46.7,10.0043,1.16854,46.7
23.36,9.92668,1.20871,46.72,10.0114,1.10849,46.72
23.37,9.93376,1.14913,46.74,10.0181,1.04838,46.74
23.38,9.94047,1.0895,46.76,10.0245,0.988227,46.76
23.39,9.94683,1.02984,46.78,10.0305,0.928022,46.78
23.4,9.95283,0.970141,46.8,10.0361,0.867771,46.8
23.41,9.95847,0.910407,46.82,10.0414,0.807475,46.82
23.42,9.96375,0.85064,46.84,10.0463,0.747138,46.84
23.43,9.96868,0.790843,46.86,10.0509,0.686761,46.86
23.44,9.97324,0.731017,46.88,10.055,0.626346,46.88
23.45,9.97745,0.671164,46.9,10.0588,0.565898,46.9
23.46,9.9813,0.611288,46.92,10.0623,0.505416,46.92
23.47,9.98479,0.55139,46.94,10.0653,0.444905,46.94
23.48,9.98792,0.491471,46.96,10.068,0.384367,46.96
23.49,9.99068,0.431535,46.98,10.0704,0.323803,46.98
23.5,9.99309,0.371584,47,10.0723,0.263217,47
23.51,9.99514,0.311619,47.02,10.0739,0.202611,47.02
23.52,9.99683,0.251643,47.04,10.0751,0.141987,47.04
23.53,9.99816,0.191658,47.06,10.0759,0.0813484,47.06
23.54,9.99913,0.131666,47.08,10.0764,0.0206974,47.08
23.55,9.99974,0.0716688,47.1,10.0765,-0.0399635,47.1
23.56,9.99999,0.0116694,47.12,10.0762,-0.100632,47.12
23.57,9.99988,-0.0483304,47.14,10.0755,-0.161305,47.14
23.58,9.99941,-0.108328,47.16,10.0745,-0.22198,47.16
23.59,9.99858,-0.168323,47.18,10.0731,-0.282654,47.18
23.6,9.99739,-0.228311,47.2,10.0713,-0.343325,47.2
23.61,9.99584,-0.288291,47.22,10.0692,-0.403991,47.22
23.62,9.99393,-0.34826,47.24,10.0666,-0.464648,47.24
23.63,9.99166,-0.408217,47.26,10.0637,-0.525294,47.26
23.64,9.98904,-0.468159,47.28,10.0604,-0.585926,47.28
23.65,9.98605,-0.528085,47.3,10.0568,-0.646542,47.3
23.66,9.9827,-0.587991,47.32,10.0528,-0.707139,47.32
23.67,9.97899,-0.647876,47.34,10.0484,-0.767714,47.34
23.68,9.97492,-0.707738,47.36,10.0436,-0.828264,47.36
23.69,9.9705,-0.767575,47.38,10.0384,-0.888788,47.38
23.7,9.96571,-0.827384,47.4,10.0329,-0.949281,47.4
23.71,9.96057,-0.887163,47.42,10.027,-1.00974,47.42
23.72,9.95507,-0.94691,47.44,10.0207,-1.07017,47.44
23.73,9.94921,-1.00662,47.46,10.0141,-1.13056,47.46
23.74,9.94299,-1.0663,47.48,10.0071,-1.1909,47.48
23.75,9.93641,-1.12594,47.5,9.9997,-1.25121,47.5
23.76,9.92948,-1.18554,47.52,9.99194,-1.31147,47.52
23.77,9.92218,-1.24509,47.54,9.98381,-1.37168,47.54
23.78,9.91454,-1.3046,47.56,9.97531,-1.43184,47.56
23.79,9.90653,-1.36406,47.58,9.96644,-1.49194,47.58
23.8,9.89817,-1.42348,47.6,9.9572,-1.55199,47.6
23.81,9.88945,-1.48284,47.62,9.94759,-1.61198,47.62
23.82,9.88037,-1.54215,47.64,9.93761,-1.67191,47.64
23.83,9.87094,-1.60141,47.66,9.92726,-1.73177,47.66
23.84,9.86116,-1.6606,47.68,9.91655,-1.79156,47.68
23.85,9.85102,-1.71974,47.7,9.90547,-1.85129,47.7
23.86,9.84052,-1.77881,47.72,9.89402,-1.91095,47.72
23.87,9.82967,-1.83782,47.74,9.88221,-1.97052,47.74
23.88,9.81847,-1.89677,47.76,9.87004,-2.03003,47.76
23.89,9.80691,-1.95565,47.78,9.8575,-2.08945,47.78
23.9,9.795,-2.01445,47.8,9.8446,-2.14879,47.8
23.91,9.78274,-2.07318,47.82,9.83134,-2.20804,47.82
23.92,9.77012,-2.13184,47.84,9.81772,-2.26721,47.84
23.93,9.75715,-2.19043,47.86,9.80374,-2.32629,47.86
23.94,9.74384,-2.24893,47.88,9.78939,-2.38527,47.88
23.95,9.73017,-2.30735,47.9,9.7747,-2.44417,47.9
23.96,9.71615,-2.36569,47.92,9.75964,-2.50296,47.92
23.97,9.70178,-2.42394,47.94,9.74423,-2.56165,47.94
23.98,9.68706,-2.48211,47.96,9.72846,-2.62024,47.96
23.99,9.67199,-2.54019,47.98,9.71234,-2.67873,47.98
24,9.65658,-2.59817,48,9.69587,-2.73711,48
24.01,9.64081,-2.65607,48.02,9.67904,-2.79538,48.02
24.02,9.62471,-2.71386,48.04,9.66187,-2.85355,48.04
24.03,9.60825,-2.77156,48.06,9.64434,-2.91159,48.06
24.04,9.59145,-2.82916,48.08,9.62647,-2.96952,48.08
24.05,9.5743,-2.88666,48.1,9.60824,-3.02734,48.1
24.06,9.55681,-2.94405,48.12,9.58968,-3.08503,48.12
24.07,9.53897,-3.00134,48.14,9.57076,-3.1426,48.14
24.08,9.52079,-3.05852,48.16,9.55151,-3.20005,48.16
24.09,9.50227,-3.11559,48.18,9.53191,-3.25736,48.18
24.1,9.4834,-3.17255,48.2,9.51197,-3.31455,48.2
24.11,9.4642,-3.22939,48.22,9.49169,-3.37161,48.22
24.12,9.44465,-3.28612,48.24,9.47106,-3.42854,48.24
24.13,9.42477,-3.34272,48.26,9.45011,-3.48533,48.26
24.14,9.40454,-3.39921,48.28,9.42881,-3.54198,48.28
24.15,9.38397,-3.45558,48.3,9.40718,-3.5985,48.3
24.16,9.36307,-3.51182,48.32,9.38521,-3.65487,48.32
24.17,9.34183,-3.56793,48.34,9.36292,-3.7111,48.34
24.18,9.32026,-3.62392,48.36,9.34029,-3.76719,48.36
24.19,9.29835,-3.67978,48.38,9.31732,-3.82313,48.38
24.2,9.2761,-3.7355,48.4,9.29403,-3.87892,48.4
24.21,9.25352,-3.79109,48.42,9.27041,-3.93456,48.42
24.22,9.23061,-3.84654,48.44,9.24647,-3.99005,48.44
24.23,9.20736,-3.90186,48.46,9.2222,-4.04538,48.46
24.24,9.18379,-3.95703,48.48,9.1976,-4.10056,48.48
24.25,9.15988,-4.01206,48.5,9.17268,-4.15557,48.5
24.26,9.13564,-4.06695,48.52,9.14744,-4.21043,48.52
24.27,9.11108,-4.12169,48.54,9.12188,-4.26513,48.54
24.28,9.08618,-4.17628,48.56,9.09599,-4.31967,48.56
24.29,9.06096,-4.23072,48.58,9.06979,-4.37404,48.58
24.3,9.03541,-4.28501,48.6,9.04327,-4.42824,48.6
24.31,9.00954,-4.33914,48.62,9.01644,-4.48228,48.62
24.32,8.98334,-4.39312,48.64,8.98929,-4.53614,48.64
24.33,8.95682,-4.44694,48.66,8.96182,-4.58984,48.66
24.34,8.92998,-4.5006,48.68,8.93405,-4.64336,48.68
24.35,8.90282,-4.5541,48.7,8.90596,-4.69671,48.7
24.36,8.87533,-4.60744,48.72,8.87756,-4.74988,48.72
24.37,8.84753,-4.66061,48.74,8.84885,-4.80287,48.74
24.38,8.8194,-4.71361,48.76,8.81984,-4.85569,48.76
24.39,8.79096,-4.76644,48.78,8.79052,-4.90832,48.78
24.4,8.76221,-4.8191,48.8,8.76089,-4.96077,48.8
24.41,8.73314,-4.87158,48.82,8.73095,-5.01304,48.82
24.42,8.70375,-4.9239,48.84,8.70072,-5.06512,48.84
24.43,8.67405,-4.97603,48.86,8.67018,-5.11702,48.86
24.44,8.64404,-5.02798,48.88,8.63934,-5.16873,48.88
24.45,8.61371,-5.07976,48.9,8.6082,-5.22025,48.9
24.46,8.58308,-5.13135,48.92,8.57676,-5.27157,48.92
24.47,8.55214,-5.18275,48.94,8.54503,-5.32271,48.94
24.48,8.52089,-5.23397,48.96,8.51299,-5.37365,48.96
24.49,8.48933,-5.285,48.98,8.48066,-5.4244,48.98
24.5,8.45747,-5.33584,49,8.44804,-5.47495,49
24.51,8.4253,-5.38649,49.02,8.41512,-5.5253,49.02
24.52,8.39283,-5.43695,49.04,8.38191,-5.57545,49.04
24.53,8.36006,-5.48721,49.06,8.34841,-5.6254,49.06
24.54,8.32698,-5.53727,49.08,8.31461,-5.67515,49.08
24.55,8.29361,-5.58713,49.1,8.28053,-5.7247,49.1
24.56,8.25994,-5.63679,49.12,8.24616,-5.77404,49.12
24.57,8.22597,-5.68625,49.14,8.2115,-5.82318,49.14
24.58,8.19171,-5.7355,49.16,8.17656,-5.8721,49.16
24.59,8.15714,-5.78455,49.18,8.14133,-5.92082,49.18
24.6,8.12229,-5.83339,49.2,8.10581,-5.96933,49.2
24.61,8.08714,-5.88201,49.22,8.07001,-6.01763,49.22
24.62,8.05171,-5.93043,49.24,8.03393,-6.06571,49.24
24.63,8.01598,-5.97863,49.26,7.99757,-6.11358,49.26
24.64,7.97996,-6.02662,49.28,7.96093,-6.16123,49.28
24.65,7.94366,-6.07439,49.3,7.92401,-6.20867,49.3
24.66,7.90707,-6.12195,49.32,7.88681,-6.25588,49.32
24.67,7.8702,-6.16928,49.34,7.84933,-6.30288,49.34
24.68,7.83304,-6.21639,49.36,7.81157,-6.34966,49.36
24.69,7.7956,-6.26327,49.38,7.77354,-6.39621,49.38
24.7,7.75788,-6.30993,49.4,7.73524,-6.44254,49.4
24.71,7.71988,-6.35637,49.42,7.69666,-6.48865,49.42
24.72,7.68161,-6.40257,49.44,7.65781,-6.53453,49.44
24.73,7.64305,-6.44855,49.46,7.61868,-6.58018,49.46
24.74,7.60422,-6.49429,49.48,7.57929,-6.6256,49.48
24.75,7.56512,-6.5398,49.5,7.53963,-6.67079,49.5
24.76,7.52575,-6.58507,49.52,7.4997,-6.71575,49.52
24.77,7.4861,-6.6301,49.54,7.4595,-6.76047,49.54
24.78,7.44619,-6.6749,49.56,7.41903,-6.80496,49.56
24.79,7.406,-6.71946,49.58,7.3783,-6.84922,49.58
24.8,7.36555,-6.76377,49.6,7.33731,-6.89323,49.6
24.81,7.32484,-6.80784,49.62,7.29605,-6.93701,49.62
24.82,7.28386,-6.85167,49.64,7.25453,-6.98054,49.64
24.83,7.24262,-6.89525,49.66,7.21274,-7.02384,49.66
24.84,7.20112,-6.93858,49.68,7.1707,-7.06689,49.68
24.85,7.15936,-6.98166,49.7,7.1284,-7.10969,49.7
24.86,7.11734,-7.02449,49.72,7.08584,-7.15225,49.72
24.87,7.07506,-7.06707,49.74,7.04303,-7.19456,49.74
24.88,7.03253,-7.10939,49.76,6.99995,-7.23662,49.76
24.89,6.98975,-7.15146,49.78,6.95663,-7.27843,49.78
24.9,6.94672,-7.19327,49.8,6.91305,-7.31999,49.8
24.91,6.90343,-7.23482,49.82,6.86921,-7.3613,49.82
24.92,6.8599,-7.27611,49.84,6.82513,-7.40235,49.84
24.93,6.81612,-7.31714,49.86,6.7808,-7.44314,49.86
24.94,6.77209,-7.3579,49.88,6.73621,-7.48367,49.88
24.95,6.72782,-7.3984,49.9,6.69139,-7.52395,49.9
24.96,6.68331,-7.43864,49.92,6.64631,-7.56396,49.92
24.97,6.63856,-7.4786,49.94,6.60099,-7.60371,49.94
24.98,6.59357,-7.5183,49.96,6.55542,-7.64319,49.96
24.99,6.54834,-7.55773,49.98,6.50962,-7.68241,49.98
25,6.50288,-7.59688,50,6.46357,-7.72137,50
25.01,6.45718,-7.63576,50.02,6.41728,-7.76005,50.02
25.02,6.41125,-7.67436,50.04,6.37076,-7.79846,50.04
25.03,6.36509,-7.71269,50.06,6.32399,-7.8366,50.06
25.04,6.3187,-7.75075,50.08,6.277,-7.87447,50.08
25.05,6.27208,-7.78852,50.1,6.22976,-7.91206,50.1
25.06,6.22524,-7.82601,50.12,6.1823,-7.94937,50.12
25.07,6.17817,-7.86322,50.14,6.1346,-7.98641,50.14
25.08,6.13088,-7.90015,50.16,6.08668,-8.02316,50.16
25.09,6.08337,-7.93679,50.18,6.03852,-8.05964,50.18
25.1,6.03564,-7.97315,50.2,5.99014,-8.09583,50.2
25.11,5.98769,-8.00922,50.22,5.94154,-8.13174,50.22
25.12,5.93953,-8.045,50.24,5.89271,-8.16736,50.24
25.13,5.89115,-8.08049,50.26,5.84366,-8.20269,50.26
25.14,5.84256,-8.11569,50.28,5.79439,-8.23773,50.28
25.15,5.79376,-8.1506,50.3,5.7449,-8.27249,50.3
25.16,5.74476,-8.18522,50.32,5.6952,-8.30695,50.32
25.17,5.69554,-8.21954,50.34,5.64528,-8.34111,50.34
25.18,5.64612,-8.25356,50.36,5.59514,-8.37498,50.36
25.19,5.5965,-8.28729,50.38,5.5448,-8.40855,50.38
25.2,5.54667,-8.32072,50.4,5.49424,-8.44183,50.4
25.21,5.49665,-8.35385,50.42,5.44348,-8.4748,50.42
25.22,5.44643,-8.38668,50.44,5.39251,-8.50747,50.44
25.23,5.39601,-8.41921,50.46,5.34134,-8.53984,50.46
25.24,5.3454,-8.45143,50.48,5.28996,-8.57191,50.48
25.25,5.29459,-8.48335,50.5,5.23838,-8.60367,50.5
25.26,5.2436,-8.51497,50.52,5.18661,-8.63512,50.52
25.27,5.19242,-8.54628,50.54,5.13464,-8.66626,50.54
25.28,5.14104,-8.57728,50.56,5.08247,-8.69709,50.56
25.29,5.08949,-8.60797,50.58,5.03011,-8.7276,50.58
25.3,5.03775,-8.63835,50.6,4.97757,-8.75781,50.6
25.31,4.98583,-8.66842,50.62,4.92483,-8.7877,50.62
25.32,4.93373,-8.69818,50.64,4.8719,-8.81727,50.64
25.33,4.88145,-8.72762,50.66,4.8188,-8.84652,50.66
25.34,4.829,-8.75676,50.68,4.7655,-8.87546,50.68
25.35,4.77637,-8.78557,50.7,4.71203,-8.90407,50.7
25.36,4.72357,-8.81407,50.72,4.65839,-8.93236,50.72
25.37,4.6706,-8.84225,50.74,4.60456,-8.96033,50.74
25.38,4.61747,-8.87012,50.76,4.55056,-8.98798,50.76
25.39,4.56416,-8.89766,50.78,4.49639,-9.01529,50.78
25.4,4.51069,-8.92489,50.8,4.44205,-9.04228,50.8
25.41,4.45706,-8.95179,50.82,4.38755,-9.06894,50.82
25.42,4.40327,-8.97837,50.84,4.33288,-9.09527,50.84
25.43,4.34932,-9.00463,50.86,4.27805,-9.12127,50.86
25.44,4.29522,-9.03056,50.88,4.22305,-9.14694,50.88
25.45,4.24096,-9.05617,50.9,4.1679,-9.17227,50.9
25.46,4.18655,-9.08146,50.92,4.1126,-9.19727,50.92
25.47,4.13198,-9.10641,50.94,4.05714,-9.22194,50.94
25.48,4.07727,-9.13104,50.96,4.00153,-9.24626,50.96
25.49,4.02241,-9.15534,50.98,3.94577,-9.27025,50.98
25.5,3.96741,-9.17931,51,3.88986,-9.29389,51
25.51,3.91226,-9.20295,51.02,3.83381,-9.3172,51.02
25.52,3.85697,-9.22625,51.04,3.77762,-9.34016,51.04
25.53,3.80154,-9.24923,51.06,3.7213,-9.36279,51.06
25.54,3.74598,-9.27187,51.08,3.66483,-9.38506,51.08
25.55,3.69028,-9.29418,51.1,3.60823,-9.407,51.1
25.56,3.63445,-9.31616,51.12,3.5515,-9.42859,51.12
25.57,3.57849,-9.33779,51.14,3.49464,-9.44983,51.14
25.58,3.5224,-9.3591,51.16,3.43765,-9.47072,51.16
25.59,3.46618,-9.38006,51.18,3.38054,-9.49127,51.18
25.6,3.40984,-9.40069,51.2,3.32331,-9.51146,51.2
25.61,3.35337,-9.42098,51.22,3.26596,-9.53131,51.22
25.62,3.29679,-9.44093,51.24,3.20849,-9.55081,51.24
25.63,3.24008,-9.46054,51.26,3.1509,-9.56995,51.26
25.64,3.18326,-9.47981,51.28,3.09321,-9.58874,51.28
25.65,3.12633,-9.49874,51.3,3.0354,-9.60718,51.3
25.66,3.06928,-9.51733,51.32,2.97749,-9.62526,51.32
25.67,3.01212,-9.53557,51.34,2.91947,-9.64299,51.34
25.68,2.95485,-9.55347,51.36,2.86135,-9.66037,51.36
25.69,2.89748,-9.57103,51.38,2.80313,-9.67739,51.38
25.7,2.84,-9.58824,51.4,2.74482,-9.69405,51.4
25.71,2.78242,-9.60511,51.42,2.68641,-9.71035,51.42
25.72,2.72474,-9.62163,51.44,2.6279,-9.7263,51.44
25.73,2.66696,-9.63781,51.46,2.56931,-9.74189,51.46
25.74,2.60909,-9.65364,51.48,2.51063,-9.75712,51.48
25.75,2.55112,-9.66912,51.5,2.45186,-9.77199,51.5
25.76,2.49306,-9.68425,51.52,2.39301,-9.78651,51.52
25.77,2.43491,-9.69903,51.54,2.33408,-9.80066,51.54
25.78,2.37667,-9.71347,51.56,2.27508,-9.81445,51.56
25.79,2.31835,-9.72755,51.58,2.216,-9.82788,51.58
25.8,2.25994,-9.74129,51.6,2.15684,-9.84096,51.6
25.81,2.20145,-9.75467,51.62,2.09762,-9.85366,51.62
25.82,2.14288,-9.7677,51.64,2.03832,-9.86601,51.64
25.83,2.08424,-9.78039,51.66,1.97896,-9.878,51.66
25.84,2.02552,-9.79272,51.68,1.91954,-9.88962,51.68
25.85,1.96673,-9.80469,51.7,1.86006,-9.90089,51.7
25.86,1.90786,-9.81632,51.72,1.80051,-9.91178,51.72
25.87,1.84893,-9.82759,51.74,1.74092,-9.92232,51.74
25.88,1.78993,-9.8385,51.76,1.68126,-9.9325,51.76
25.89,1.73087,-9.84907,51.78,1.62156,-9.94231,51.78
25.9,1.67175,-9.85927,51.8,1.5618,-9.95175,51.8
25.91,1.61256,-9.86913,51.82,1.502,-9.96084,51.82
25.92,1.55332,-9.87862,51.84,1.44216,-9.96956,51.84
25.93,1.49402,-9.88777,51.86,1.38227,-9.97792,51.86
25.94,1.43466,-9.89655,51.88,1.32234,-9.98591,51.88
25.95,1.37526,-9.90498,51.9,1.26237,-9.99354,51.9
25.96,1.31581,-9.91305,51.92,1.20237,-10.0008,51.92
25.97,1.2563,-9.92077,51.94,1.14233,-10.0077,51.94
25.98,1.19676,-9.92813,51.96,1.08226,-10.0143,51.96
25.99,1.13717,-9.93513,51.98,1.02216,-10.0204,51.98
26,1.07754,-9.94178,52,0.962036,-10.0263,52
26.01,1.01787,-9.94806,52.02,0.901885,-10.0317,52.02
26.02,0.95816,-9.95399,52.04,0.841711,-10.0368,52.04
26.03,0.89842,-9.95956,52.06,0.781517,-10.0415,52.06
26.04,0.838646,-9.96477,52.08,0.721303,-10.0459,52.08
26.05,0.778843,-9.96962,52.1,0.661073,-10.0499,52.1
26.06,0.719012,-9.97412,52.12,0.600828,-10.0535,52.12
26.07,0.659154,-9.97825,52.14,0.540571,-10.0568,52.14
26.08,0.599273,-9.98203,52.16,0.480303,-10.0597,52.16
26.09,0.539371,-9.98544,52.18,0.420026,-10.0623,52.18
26.1,0.479449,-9.9885,52.2,0.359743,-10.0645,52.2
26.11,0.41951,-9.9912,52.22,0.299456,-10.0663,52.22
26.12,0.359555,-9.99353,52.24,0.239166,-10.0678,52.24
26.13,0.299588,-9.99551,52.26,0.178876,-10.0689,52.26
26.14,0.23961,-9.99713,52.28,0.118587,-10.0696,52.28
26.15,0.179623,-9.99839,52.3,0.0583013,-10.07,52.3
26.16,0.11963,-9.99928,52.32,-0.00197879,-10.07,52.32
26.17,0.0596323,-9.99982,52.34,-0.0622516,-10.0697,52.34
26.18,-0.000367321,-10,52.36,-0.122515,-10.069,52.36
26.19,-0.060367,-9.99982,52.38,-0.182768,-10.068,52.38
26.2,-0.120364,-9.99928,52.4,-0.243007,-10.0666,52.4
26.21,-0.180358,-9.99837,52.42,-0.303232,-10.0648,52.42
26.22,-0.240344,-9.99711,52.44,-0.36344,-10.0627,52.44
26.23,-0.300322,-9.99549,52.46,-0.423629,-10.0602,52.46
26.24,-0.360289,-9.99351,52.48,-0.483798,-10.0574,52.48
26.25,-0.420244,-9.99117,52.5,-0.543944,-10.0542,52.5
26.26,-0.480183,-9.98846,52.52,-0.604066,-10.0506,52.52
26.27,-0.540104,-9.9854,52.54,-0.664162,-10.0467,52.54
26.28,-0.600007,-9.98198,52.56,-0.72423,-10.0424,52.56
26.29,-0.659887,-9.9782,52.58,-0.784269,-10.0378,52.58
26.3,-0.719744,-9.97406,52.6,-0.844276,-10.0328,52.6
26.31,-0.779576,-9.96957,52.62,-0.90425,-10.0275,52.62
26.32,-0.839379,-9.96471,52.64,-0.964188,-10.0218,52.64
26.33,-0.899151,-9.95949,52.66,-1.02409,-10.0158,52.66
26.34,-0.958892,-9.95392,52.68,-1.08395,-10.0094,52.68
26.35,-1.0186,-9.94799,52.7,-1.14378,-10.0026,52.7
26.36,-1.07827,-9.9417,52.72,-1.20356,-9.99551,52.72
26.37,-1.1379,-9.93505,52.74,-1.26329,-9.98805,52.74
26.38,-1.19749,-9.92804,52.76,-1.32298,-9.98024,52.76
26.39,-1.25703,-9.92068,52.78,-1.38262,-9.97208,52.78
26.4,-1.31653,-9.91296,52.8,-1.44222,-9.96356,52.8
26.41,-1.37599,-9.90488,52.82,-1.50176,-9.9547,52.82
26.42,-1.43539,-9.89645,52.84,-1.56125,-9.94548,52.84
26.43,-1.49474,-9.88766,52.86,-1.62068,-9.93591,52.86
26.44,-1.55404,-9.87851,52.88,-1.68006,-9.92599,52.88
26.45,-1.61329,-9.86901,52.9,-1.73938,-9.91572,52.9
26.46,-1.67247,-9.85915,52.92,-1.79864,-9.9051,52.92
26.47,-1.7316,-9.84894,52.94,-1.85783,-9.89413,52.94
26.48,-1.79066,-9.83837,52.96,-1.91697,-9.88282,52.96
26.49,-1.84965,-9.82745,52.98,-1.97603,-9.87115,52.98
26.5,-1.90859,-9.81618,53,-2.03503,-9.85913,53
26.51,-1.96745,-9.80455,53.02,-2.09396,-9.84677,53.02
26.52,-2.02624,-9.79257,53.04,-2.15282,-9.83406,53.04
26.53,-2.08496,-9.78023,53.06,-2.21161,-9.821,53.06
26.54,-2.1436,-9.76755,53.08,-2.27032,-9.8076,53.08
26.55,-2.20217,-9.75451,53.1,-2.32896,-9.79384,53.1
26.56,-2.26066,-9.74112,53.12,-2.38752,-9.77975,53.12
26.57,-2.31906,-9.72738,53.14,-2.44599,-9.7653,53.14
26.58,-2.37738,-9.71329,53.16,-2.50439,-9.75051,53.16
26.59,-2.43562,-9.69885,53.18,-2.5627,-9.73538,53.18
26.6,-2.49377,-9.68407,53.2,-2.62093,-9.7199,53.2
26.61,-2.55183,-9.66893,53.22,-2.67906,-9.70407,53.22
26.62,-2.6098,-9.65344,53.24,-2.73711,-9.6879,53.24
26.63,-2.66767,-9.63761,53.26,-2.79507,-9.67139,53.26
26.64,-2.72545,-9.62143,53.28,-2.85293,-9.65454,53.28
26.65,-2.78312,-9.60491,53.3,-2.9107,-9.63734,53.3
26.66,-2.8407,-9.58803,53.32,-2.96837,-9.6198,53.32
26.67,-2.89818,-9.57082,53.34,-3.02595,-9.60191,53.34
26.68,-2.95555,-9.55326,53.36,-3.08342,-9.58369,53.36
26.69,-3.01282,-9.53535,53.38,-3.14078,-9.56512,53.38
26.7,-3.06998,-9.5171,53.4,-3.19805,-9.54622,53.4
26.71,-3.12702,-9.49851,53.42,-3.2552,-9.52697,53.42
26.72,-3.18396,-9.47958,53.44,-3.31225,-9.50738,53.44
26.73,-3.24078,-9.4603,53.46,-3.36919,-9.48745,53.46
26.74,-3.29748,-9.44069,53.48,-3.42601,-9.46719,53.48
26.75,-3.35407,-9.42073,53.5,-3.48272,-9.44658,53.5
26.76,-3.41053,-9.40044,53.52,-3.53931,-9.42564,53.52
26.77,-3.46687,-9.37981,53.54,-3.59578,-9.40436,53.54
26.78,-3.52309,-9.35884,53.56,-3.65214,-9.38274,53.56
26.79,-3.57918,-9.33753,53.58,-3.70836,-9.36078,53.58
26.8,-3.63514,-9.31589,53.6,-3.76447,-9.33849,53.6
26.81,-3.69097,-9.29391,53.62,-3.82044,-9.31586,53.62
26.82,-3.74666,-9.2716,53.64,-3.87629,-9.2929,53.64
26.83,-3.80222,-9.24895,53.66,-3.93201,-9.2696,53.66
26.84,-3.85765,-9.22597,53.68,-3.98759,-9.24597,53.68
26.85,-3.91293,-9.20266,53.7,-4.04304,-9.22201,53.7
26.86,-3.96808,-9.17902,53.72,-4.09834,-9.19771,53.72
26.87,-4.02308,-9.15504,53.74,-4.15351,-9.17308,53.74
26.88,-4.07794,-9.13074,53.76,-4.20854,-9.14812,53.76
26.89,-4.13265,-9.10611,53.78,-4.26342,-9.12282,53.78
26.9,-4.18721,-9.08115,53.8,-4.31816,-9.0972,53.8
26.91,-4.24162,-9.05586,53.82,-4.37275,-9.07125,53.82
26.92,-4.29588,-9.03025,53.84,-4.42719,-9.04496,53.84
26.93,-4.34999,-9.00431,53.86,-4.48147,-9.01835,53.86
26.94,-4.40393,-8.97805,53.88,-4.53561,-8.99141,53.88
26.95,-4.45772,-8.95146,53.9,-4.58958,-8.96414,53.9
26.96,-4.51135,-8.92456,53.92,-4.64339,-8.93655,53.92
26.97,-4.56482,-8.89733,53.94,-4.69705,-8.90863,53.94
26.98,-4.61812,-8.86978,53.96,-4.75054,-8.88039,53.96
26.99,-4.67125,-8.84191,53.98,-4.80386,-8.85182,53.98
27,-4.72422,-8.81372,54,-4.85702,-8.82293,54
27.01,-4.77702,-8.78522,54.02,-4.91001,-8.79372,54.02
27.02,-4.82964,-8.7564,54.04,-4.96282,-8.76419,54.04
27.03,-4.88209,-8.72727,54.06,-5.01546,-8.73433,54.06
27.04,-4.93437,-8.69782,54.08,-5.06793,-8.70416,54.08
27.05,-4.98647,-8.66805,54.1,-5.12021,-8.67366,54.1
27.06,-5.03838,-8.63798,54.12,-5.17231,-8.64285,54.12
27.07,-5.09012,-8.60759,54.14,-5.22423,-8.61172,54.14
27.08,-5.14167,-8.5769,54.16,-5.27597,-8.58028,54.16
27.09,-5.19304,-8.54589,54.18,-5.32752,-8.54852,54.18
27.1,-5.24423,-8.51458,54.2,-5.37888,-8.51645,54.2
27.11,-5.29522,-8.48296,54.22,-5.43004,-8.48406,54.22
27.12,-5.34602,-8.45104,54.24,-5.48102,-8.45137,54.24
27.13,-5.39663,-8.41881,54.26,-5.53179,-8.41836,54.26
27.14,-5.44705,-8.38628,54.28,-5.58237,-8.38504,54.28
27.15,-5.49726,-8.35345,54.3,-5.63275,-8.35142,54.3
27.16,-5.54729,-8.32031,54.32,-5.68292,-8.31748,54.32
27.17,-5.59711,-8.28688,54.34,-5.7329,-8.28324,54.34
27.18,-5.64673,-8.25315,54.36,-5.78266,-8.2487,54.36
27.19,-5.69614,-8.21912,54.38,-5.83222,-8.21385,54.38
27.2,-5.74536,-8.1848,54.4,-5.88156,-8.17871,54.4
27.21,-5.79436,-8.15018,54.42,-5.93069,-8.14325,54.42
27.22,-5.84316,-8.11526,54.44,-5.97961,-8.1075,54.44
27.23,-5.89174,-8.08006,54.46,-6.02831,-8.07146,54.46
27.24,-5.94012,-8.04456,54.48,-6.07678,-8.03511,54.48
27.25,-5.98828,-8.00878,54.5,-6.12504,-7.99847,54.5
27.26,-6.03622,-7.9727,54.52,-6.17308,-7.96154,54.52
27.27,-6.08395,-7.93634,54.54,-6.22089,-7.92431,54.54
27.28,-6.13146,-7.8997,54.56,-6.26847,-7.88679,54.56
27.29,-6.17875,-7.86277,54.58,-6.31582,-7.84898,54.58
27.3,-6.22581,-7.82555,54.6,-6.36295,-7.81088,54.6
27.31,-6.27265,-7.78806,54.62,-6.40983,-7.7725,54.62
27.32,-6.31927,-7.75028,54.64,-6.45649,-7.73383,54.64
27.33,-6.36566,-7.71223,54.66,-6.5029,-7.69487,54.66
27.34,-6.41181,-7.67389,54.68,-6.54908,-7.65563,54.68
27.35,-6.45774,-7.63529,54.7,-6.59502,-7.61612,54.7
27.36,-6.50344,-7.5964,54.72,-6.64071,-7.57632,54.72
27.37,-6.5489,-7.55724,54.74,-6.68616,-7.53625,54.74
27.38,-6.59412,-7.51782,54.76,-6.73137,-7.4959,54.76
27.39,-6.63911,-7.47812,54.78,-6.77632,-7.45527,54.78
27.4,-6.68386,-7.43815,54.8,-6.82103,-7.41437,54.8
27.41,-6.72837,-7.39791,54.82,-6.86548,-7.37321,54.82
27.42,-6.77263,-7.35741,54.84,-6.90968,-7.33177,54.84
27.43,-6.81666,-7.31664,54.86,-6.95362,-7.29006,54.86
27.44,-6.86043,-7.27561,54.88,-6.99731,-7.24809,54.88
27.45,-6.90396,-7.23431,54.9,-7.04074,-7.20586,54.9
27.46,-6.94724,-7.19276,54.92,-7.08391,-7.16336,54.92
27.47,-6.99028,-7.15095,54.94,-7.12682,-7.1206,54.94
27.48,-7.03306,-7.10888,54.96,-7.16946,-7.07759,54.96
27.49,-7.07558,-7.06655,54.98,-7.21184,-7.03432,54.98
27.5,-7.11785,-7.02397,55,-7.25395,-6.99079,55
27.51,-7.15987,-6.98114,55.02,-7.2958,-6.94701,55.02
27.52,-7.20163,-6.93805,55.04,-7.33737,-6.90297,55.04
27.53,-7.24313,-6.89472,55.06,-7.37867,-6.85869,55.06
27.54,-7.28436,-6.85114,55.08,-7.4197,-6.81416,55.08
27.55,-7.32534,-6.80731,55.1,-7.46046,-6.76939,55.1
27.56,-7.36605,-6.76323,55.12,-7.50094,-6.72437,55.12
27.57,-7.4065,-6.71891,55.14,-7.54114,-6.67911,55.14
27.58,-7.44668,-6.67435,55.16,-7.58107,-6.6336,55.16
27.59,-7.48659,-6.62955,55.18,-7.62072,-6.58786,55.18
27.6,-7.52623,-6.58452,55.2,-7.66008,-6.54189,55.2
27.61,-7.5656,-6.53924,55.22,-7.69916,-6.49568,55.22
27.62,-7.6047,-6.49373,55.24,-7.73796,-6.44923,55.24
27.63,-7.64353,-6.44798,55.26,-7.77647,-6.40256,55.26
27.64,-7.68208,-6.40201,55.28,-7.8147,-6.35566,55.28
27.65,-7.72035,-6.3558,55.3,-7.85264,-6.30853,55.3
27.66,-7.75835,-6.30936,55.32,-7.89029,-6.26117,55.32
27.67,-7.79606,-6.2627,55.34,-7.92765,-6.2136,55.34
27.68,-7.8335,-6.21581,55.36,-7.96472,-6.1658,55.36
27.69,-7.87065,-6.1687,55.38,-8.00149,-6.11779,55.38
27.7,-7.90752,-6.12136,55.4,-8.03798,-6.06955,55.4
27.71,-7.94411,-6.07381,55.42,-8.07416,-6.0211,55.42
27.72,-7.98041,-6.02604,55.44,-8.11006,-5.97244,55.44
27.73,-8.01642,-5.97805,55.46,-8.14565,-5.92357,55.46
27.74,-8.05214,-5.92984,55.48,-8.18095,-5.87449,55.48
27.75,-8.08758,-5.88142,55.5,-8.21595,-5.8252,55.5
27.76,-8.12272,-5.83279,55.52,-8.25065,-5.77571,55.52
27.77,-8.15757,-5.78395,55.54,-8.28504,-5.72602,55.54
27.78,-8.19213,-5.7349,55.56,-8.31914,-5.67612,55.56
27.79,-8.22639,-5.68564,55.58,-8.35293,-5.62602,55.58
27.8,-8.26035,-5.63618,55.6,-8.38642,-5.57573,55.6
27.81,-8.29402,-5.58652,55.62,-8.4196,-5.52524,55.62
27.82,-8.32739,-5.53666,55.64,-8.45248,-5.47456,55.64
27.83,-8.36046,-5.48659,55.66,-8.48505,-5.42368,55.66
27.84,-8.39323,-5.43633,55.68,-8.51731,-5.37262,55.68
27.85,-8.4257,-5.38587,55.7,-8.54927,-5.32137,55.7
27.86,-8.45786,-5.33522,55.72,-8.58091,-5.26993,55.72
27.87,-8.48972,-5.28438,55.74,-8.61225,-5.21831,55.74
27.88,-8.52127,-5.23335,55.76,-8.64327,-5.16651,55.76
27.89,-8.55252,-5.18212,55.78,-8.67398,-5.11453,55.78
27.9,-8.58346,-5.13072,55.8,-8.70438,-5.06237,55.8
27.91,-8.61409,-5.07912,55.82,-8.73446,-5.01004,55.82
27.92,-8.64441,-5.02735,55.84,-8.76423,-4.95753,55.84
27.93,-8.67442,-4.97539,55.86,-8.79368,-4.90485,55.86
27.94,-8.70411,-4.92326,55.88,-8.82282,-4.852,55.88
27.95,-8.73349,-4.87094,55.9,-8.85164,-4.79898,55.9
27.96,-8.76256,-4.81845,55.92,-8.88015,-4.74579,55.92
27.97,-8.79131,-4.76579,55.94,-8.90833,-4.69244,55.94
27.98,-8.81975,-4.71296,55.96,-8.93619,-4.63893,55.96
27.99,-8.84787,-4.65996,55.98,-8.96374,-4.58526,55.98
28,-8.87567,-4.60679,56,-8.99096,-4.53142,56
28.01,-8.90315,-4.55345,56.02,-9.01787,-4.47744,56.02
28.02,-8.93031,-4.49995,56.04,-9.04445,-4.42329,56.04
28.03,-8.95715,-4.44629,56.06,-9.0707,-4.36899,56.06
28.04,-8.98367,-4.39246,56.08,-9.09664,-4.31455,56.08
28.05,-9.00986,-4.33848,56.1,-9.12225,-4.25995,56.1
28.06,-9.03573,-4.28435,56.12,-9.14753,-4.2052,56.12
28.07,-9.06127,-4.23005,56.14,-9.17249,-4.15031,56.14
28.08,-9.08649,-4.17561,56.16,-9.19712,-4.09527,56.16
28.09,-9.11138,-4.12102,56.18,-9.22142,-4.0401,56.18
28.1,-9.13594,-4.06628,56.2,-9.2454,-3.98478,56.2
28.11,-9.16017,-4.01139,56.22,-9.26905,-3.92932,56.22
28.12,-9.18408,-3.95635,56.24,-9.29237,-3.87373,56.24
28.13,-9.20765,-3.90118,56.26,-9.31536,-3.818,56.26
28.14,-9.23089,-3.84586,56.28,-9.33801,-3.76214,56.28
28.15,-9.2538,-3.79041,56.3,-9.36034,-3.70615,56.3
28.16,-9.27638,-3.73482,56.32,-9.38233,-3.65003,56.32
28.17,-9.29862,-3.67909,56.34,-9.404,-3.59378,56.34
28.18,-9.32052,-3.62324,56.36,-9.42532,-3.53741,56.36
28.19,-9.3421,-3.56725,56.38,-9.44632,-3.48091,56.38
28.2,-9.36333,-3.51113,56.4,-9.46698,-3.42429,56.4
28.21,-9.38423,-3.45489,56.42,-9.4873,-3.36755,56.42
28.22,-9.40479,-3.39852,56.44,-9.50729,-3.31069,56.44
28.23,-9.42501,-3.34203,56.46,-9.52694,-3.25372,56.46
28.24,-9.44489,-3.28542,56.48,-9.54626,-3.19663,56.48
28.25,-9.46444,-3.22869,56.5,-9.56524,-3.13942,56.5
28.26,-9.48364,-3.17185,56.52,-9.58387,-3.08211,56.52
28.27,-9.5025,-3.11489,56.54,-9.60217,-3.02469,56.54
28.28,-9.52102,-3.05782,56.56,-9.62013,-2.96716,56.56
28.29,-9.53919,-3.00064,56.58,-9.63775,-2.90952,56.58
28.3,-9.55702,-2.94335,56.6,-9.65503,-2.85178,56.6
28.31,-9.57451,-2.88595,56.62,-9.67196,-2.79394,56.62
28.32,-9.59165,-2.82846,56.64,-9.68856,-2.736,56.64
28.33,-9.60845,-2.77086,56.66,-9.70481,-2.67796,56.66
28.34,-9.6249,-2.71316,56.68,-9.72071,-2.61982,56.68
28.35,-9.64101,-2.65536,56.7,-9.73628,-2.56159,56.7
28.36,-9.65677,-2.59746,56.72,-9.75149,-2.50326,56.72
28.37,-9.67218,-2.53948,56.74,-9.76637,-2.44485,56.74
28.38,-9.68724,-2.4814,56.76,-9.78089,-2.38634,56.76
28.39,-9.70196,-2.42323,56.78,-9.79507,-2.32775,56.78
28.4,-9.71632,-2.36498,56.8,-9.8089,-2.26907,56.8
28.41,-9.73034,-2.30664,56.82,-9.82239,-2.21031,56.82
28.42,-9.744,-2.24821,56.84,-9.83552,-2.15147,56.84
28.43,-9.75731,-2.18971,56.86,-9.84831,-2.09255,56.86
28.44,-9.77028,-2.13113,56.88,-9.86074,-2.03355,56.88
28.45,-9.78289,-2.07247,56.9,-9.87283,-1.97447,56.9
28.46,-9.79515,-2.01373,56.92,-9.88456,-1.91532,56.92
28.47,-9.80705,-1.95492,56.94,-9.89594,-1.8561,56.94
28.48,-9.8186,-1.89605,56.96,-9.90697,-1.79681,56.96
28.49,-9.8298,-1.8371,56.98,-9.91765,-1.73745,56.98
28.5,-9.84065,-1.77809,57,-9.92798,-1.67802,57
28.51,-9.85114,-1.71902,57.02,-9.93795,-1.61853,57.02
28.52,-9.86128,-1.65988,57.04,-9.94756,-1.55898,57.04
28.53,-9.87106,-1.60068,57.06,-9.95683,-1.49937,57.06
28.54,-9.88049,-1.54143,57.08,-9.96573,-1.43969,57.08
28.55,-9.88956,-1.48212,57.1,-9.97428,-1.37996,57.1
28.56,-9.89827,-1.42275,57.12,-9.98248,-1.32018,57.12
28.57,-9.90663,-1.36334,57.14,-9.99031,-1.26035,57.14
28.58,-9.91463,-1.30387,57.16,-9.99779,-1.20046,57.16
28.59,-9.92228,-1.24436,57.18,-10.0049,-1.14053,57.18
28.6,-9.92956,-1.18481,57.2,-10.0117,-1.08055,57.2
28.61,-9.93649,-1.12521,57.22,-10.0181,-1.02052,57.22
28.62,-9.94307,-1.06557,57.24,-10.0241,-0.960454,57.24
28.63,-9.94928,-1.00589,57.26,-10.0298,-0.900347,57.26
28.64,-9.95514,-0.946178,57.28,-10.0351,-0.840202,57.28
28.65,-9.96063,-0.886431,57.3,-10.0401,-0.780021,57.3
28.66,-9.96577,-0.826652,57.32,-10.0447,-0.719806,57.32
28.67,-9.97055,-0.766842,57.34,-10.0489,-0.659559,57.34
28.68,-9.97498,-0.707006,57.36,-10.0528,-0.599283,57.36
28.69,-9.97904,-0.647143,57.38,-10.0563,-0.538979,57.38
28.7,-9.98274,-0.587258,57.4,-10.0595,-0.47865,57.4
28.71,-9.98609,-0.527351,57.42,-10.0623,-0.418298,57.42
28.72,-9.98907,-0.467426,57.44,-10.0647,-0.357925,57.44
28.73,-9.99169,-0.407483,57.46,-10.0668,-0.297533,57.46
28.74,-9.99396,-0.347526,57.48,-10.0685,-0.237125,57.48
28.75,-9.99586,-0.287556,57.5,-10.0698,-0.176702,57.5
28.76,-9.99741,-0.227576,57.52,-10.0708,-0.116267,57.52
28.77,-9.9986,-0.167588,57.54,-10.0714,-0.0558214,57.54
28.78,-9.99942,-0.107594,57.56,-10.0717,0.0046314,57.56
28.79,-9.99989,-0.0475958,57.58,-10.0715,0.0650897,57.58
28.8,-9.99999,0.012404,57.6,-10.071,0.125551,57.6
28.81,-9.99974,0.0724034,57.62,-10.0702,0.186014,57.62
28.82,-9.99912,0.1324,57.64,-10.069,0.246475,57.64
28.83,-9.99815,0.192392,57.66,-10.0674,0.306933,57.66
28.84,-9.99681,0.252377,57.68,-10.0655,0.367385,57.68
28.85,-9.99512,0.312353,57.7,-10.0631,0.427829,57.7
28.86,-9.99307,0.372318,57.72,-10.0605,0.488262,57.72
28.87,-9.99065,0.432269,57.74,-10.0574,0.548683,57.74
28.88,-9.98788,0.492205,57.76,-10.054,0.609088,57.76
28.89,-9.98475,0.552123,57.78,-10.0502,0.669477,57.78
28.9,-9.98125,0.612021,57.8,-10.0461,0.729845,57.8
28.91,-9.9774,0.671897,57.82,-10.0416,0.790192,57.82
28.92,-9.97319,0.731749,57.84,-10.0367,0.850514,57.84
28.93,-9.96862,0.791575,57.86,-10.0315,0.91081,57.86
28.94,-9.96369,0.851372,57.88,-10.0259,0.971076,57.88
28.95,-9.9584,0.911139,57.9,-10.0199,1.03131,57.9
28.96,-9.95276,0.970872,57.92,-10.0136,1.09151,57.92
28.97,-9.94675,1.03057,57.94,-10.0069,1.15168,57.94
28.98,-9.94039,1.09023,57.96,-9.9998,1.2118,57.96
28.99,-9.93367,1.14986,57.98,-9.99237,1.27189,57.98
29,-9.92659,1.20944,58,-9.98458,1.33193,58
29.01,-9.91916,1.26897,58.02,-9.97642,1.39193,58.02
29.02,-9.91137,1.32847,58.04,-9.9679,1.45188,58.04
29.03,-9.90322,1.38791,58.06,-9.95901,1.51178,58.06
29.04,-9.89471,1.4473,58.08,-9.94976,1.57162,58.08
29.05,-9.88585,1.50664,58.1,-9.94015,1.63142,58.1
29.06,-9.87663,1.56593,58.12,-9.93018,1.69115,58.12
29.07,-9.86706,1.62516,58.14,-9.91984,1.75082,58.14
29.08,-9.85713,1.68434,58.16,-9.90914,1.81043,58.16
29.09,-9.84685,1.74345,58.18,-9.89808,1.86998,58.18
29.1,-9.83621,1.8025,58.2,-9.88666,1.92946,58.2
29.11,-9.82522,1.86148,58.22,-9.87488,1.98887,58.22
29.12,-9.81387,1.9204,58.24,-9.86274,2.04821,58.24
29.13,-9.80217,1.97925,58.26,-9.85024,2.10748,58.26
29.14,-9.79012,2.03803,58.28,-9.83737,2.16667,58.28
29.15,-9.77772,2.09673,58.3,-9.82416,2.22578,58.3
29.16,-9.76496,2.15536,58.32,-9.81058,2.28481,58.32
29.17,-9.75185,2.21391,58.34,-9.79664,2.34375,58.34
29.18,-9.73839,2.27238,58.36,-9.78235,2.40261,58.36
29.19,-9.72458,2.33077,58.38,-9.76771,2.46139,58.38
29.2,-9.71042,2.38907,58.4,-9.7527,2.52007,58.4
29.21,-9.69591,2.44729,58.42,-9.73735,2.57866,58.42
29.22,-9.68106,2.50542,58.44,-9.72163,2.63715,58.44
29.23,-9.66585,2.56346,58.46,-9.70557,2.69555,58.46
29.24,-9.6503,2.62141,58.48,-9.68915,2.75385,58.48
29.25,-9.63439,2.67927,58.5,-9.67238,2.81204,58.5
29.26,-9.61814,2.73702,58.52,-9.65526,2.87013,58.52
29.27,-9.60155,2.79468,58.54,-9.63779,2.92812,58.54
29.28,-9.58461,2.85224,58.56,-9.61997,2.986,58.56
29.29,-9.56732,2.9097,58.58,-9.6018,3.04376,58.58
29.3,-9.54969,2.96705,58.6,-9.58328,3.10141,58.6
29.31,-9.53172,3.02429,58.62,-9.56442,3.15895,58.62
29.32,-9.5134,3.08143,58.64,-9.54521,3.21637,58.64
29.33,-9.49474,3.13845,58.66,-9.52565,3.27367,58.66
29.34,-9.47574,3.19537,58.68,-9.50575,3.33085,58.68
29.35,-9.4564,3.25216,58.7,-9.48551,3.3879,58.7
29.36,-9.43671,3.30884,58.72,-9.46492,3.44483,58.72
29.37,-9.41669,3.3654,58.74,-9.44399,3.50163,58.74
29.38,-9.39633,3.42184,58.76,-9.42272,3.5583,58.76
29.39,-9.37563,3.47816,58.78,-9.40111,3.61484,58.78
29.4,-9.35459,3.53435,58.8,-9.37916,3.67124,58.8
29.41,-9.33322,3.59041,58.82,-9.35687,3.7275,58.82
29.42,-9.31151,3.64635,58.84,-9.33425,3.78363,58.84
29.43,-9.28946,3.70215,58.86,-9.31129,3.83961,58.86
29.44,-9.26708,3.75782,58.88,-9.28799,3.89545,58.88
29.45,-9.24437,3.81335,58.9,-9.26436,3.95115,58.9
29.46,-9.22132,3.86875,58.92,-9.2404,4.0067,58.92
29.47,-9.19794,3.92401,58.94,-9.21611,4.0621,58.94
29.48,-9.17423,3.97913,58.96,-9.19148,4.11735,58.96
29.49,-9.15019,4.0341,58.98,-9.16653,4.17244,58.98
29.5,-9.12582,4.08893,59,-9.14124,4.22738,59
29.51,-9.10113,4.14361,59.02,-9.11563,4.28216,59.02
29.52,-9.0761,4.19814,59.04,-9.0897,4.33679,59.04
29.53,-9.05075,4.25252,59.06,-9.06343,4.39125,59.06
29.54,-9.02507,4.30675,59.08,-9.03685,4.44555,59.08
29.55,-8.99907,4.36082,59.1,-9.00994,4.49968,59.1
29.56,-8.97274,4.41474,59.12,-8.9827,4.55365,59.12
29.57,-8.94609,4.46849,59.14,-8.95515,4.60745,59.14
29.58,-8.91912,4.52209,59.16,-8.92728,4.66107,59.16
29.59,-8.89183,4.57552,59.18,-8.89909,4.71453,59.18
29.6,-8.86421,4.62879,59.2,-8.87058,4.76781,59.2
29.61,-8.83628,4.68189,59.22,-8.84175,4.82091,59.22
29.62,-8.80803,4.73483,59.24,-8.81261,4.87384,59.24
29.63,-8.77946,4.78759,59.26,-8.78316,4.92659,59.26
29.64,-8.75058,4.84018,59.28,-8.75339,4.97915,59.28
29.65,-8.72138,4.89259,59.3,-8.72331,5.03153,59.3
29.66,-8.69187,4.94483,59.32,-8.69292,5.08373,59.32
29.67,-8.66205,4.9969,59.34,-8.66222,5.13574,59.34
29.68,-8.63191,5.04878,59.36,-8.63121,5.18756,59.36
29.69,-8.60146,5.10048,59.38,-8.5999,5.23919,59.38
29.7,-8.5707,5.152,59.4,-8.56828,5.29063,59.4
29.71,-8.53964,5.20333,59.42,-8.53636,5.34187,59.42
29.72,-8.50826,5.25447,59.44,-8.50413,5.39292,59.44
29.73,-8.47658,5.30542,59.46,-8.4716,5.44377,59.46
29.74,-8.4446,5.35619,59.48,-8.43877,5.49443,59.48
29.75,-8.41231,5.40676,59.5,-8.40564,5.54488,59.5
29.76,-8.37972,5.45714,59.52,-8.37221,5.59513,59.52
29.77,-8.34682,5.50732,59.54,-8.33849,5.64517,59.54
29.78,-8.31363,5.5573,59.56,-8.30446,5.69501,59.56
29.79,-8.28014,5.60708,59.58,-8.27015,5.74465,59.58
29.8,-8.24635,5.65666,59.6,-8.23554,5.79407,59.6
29.81,-8.21226,5.70603,59.62,-8.20064,5.84329,59.62
29.82,-8.17787,5.7552,59.64,-8.16545,5.89229,59.64
29.83,-8.1432,5.80417,59.66,-8.12996,5.94108,59.66
29.84,-8.10822,5.85292,59.68,-8.09419,5.98965,59.68
29.85,-8.07296,5.90147,59.7,-8.05813,6.03801,59.7
29.86,-8.03741,5.9498,59.72,-8.02179,6.08615,59.72
29.87,-8.00156,5.99791,59.74,-7.98516,6.13407,59.74
29.88,-7.96543,6.04582,59.76,-7.94825,6.18177,59.76
29.89,-7.92901,6.0935,59.78,-7.91106,6.22924,59.78
29.9,-7.89231,6.14096,59.8,-7.87358,6.27649,59.8
29.91,-7.85532,6.18821,59.82,-7.83583,6.32352,59.82
29.92,-7.81805,6.23523,59.84,-7.79779,6.37032,59.84
29.93,-7.7805,6.28202,59.86,-7.75948,6.41688,59.86
29.94,-7.74267,6.32859,59.88,-7.7209,6.46322,59.88
29.95,-7.70456,6.37493,59.9,-7.68204,6.50933,59.9
29.96,-7.66617,6.42105,59.92,-7.64291,6.5552,59.92
29.97,-7.62751,6.46693,59.94,-7.6035,6.60084,59.94
29.98,-7.58857,6.51258,59.96,-7.56383,6.64625,59.96
29.99,-7.54936,6.55799,59.98,-7.52388,6.69141,59.98
