t,x_true,x_est,y_true,y_est,z_true,z_est,vx_true,vx_est,vy_true,vy_est,vz_true,vz_est,phi_true,phi_est,theta_true,theta_est,psi_true,psi_est,p_true,p_est,q_true,q_est,r_true,r_est
0,4.60183,4.62073,4.96252,4.93487,0.313534,0.342837,0,0.0213406,0,0.00196529,0,0.0284559,0.0259383,-0.00321989,-0.00691345,-0.014886,0.0170917,0.00649193,0,-0.0251015,0,0.0173935,0,0.000333685
0.01,4.60183,4.62243,4.9625,4.93207,0.313935,0.344516,-0.00111296,0.0191097,-0.00459479,0.00286702,0.0797738,0.112168,0.0252695,-0.00345492,-0.00626778,-0.012258,0.017107,0.00707376,-0.131978,-0.157498,0.127409,0.148183,0.00306668,0.00316542
0.02,4.60181,4.62306,4.96243,4.92947,0.31512,0.347307,-0.00199106,0.0174381,-0.0088849,0.00232548,0.156781,0.19312,0.0233336,-0.00542226,-0.00439895,-0.00906929,0.017153,0.007414,-0.253491,-0.280555,0.244715,0.26878,0.00612099,0.00601527
0.03,4.60179,4.62323,4.96232,4.92723,0.317062,0.350374,-0.00244271,0.0164361,-0.0126667,0.00136826,0.231111,0.271277,0.0202328,-0.00852719,-0.00140549,-0.00523772,0.0172294,0.00758192,-0.365053,-0.393252,0.352415,0.379326,0.00916286,0.00887462
0.04,4.60177,4.62337,4.96218,4.92514,0.319734,0.353606,-0.00230095,0.0164133,-0.0157627,0.00107232,0.302851,0.347293,0.0160641,-0.0125761,0.00261893,-0.000565704,0.0173362,0.00764604,-0.467162,-0.496097,0.450989,0.480542,0.0121922,0.0117663
0.05,4.60175,4.6237,4.96201,4.92309,0.323111,0.357167,-0.00142134,0.0175911,-0.0180196,0.00213773,0.372085,0.42125,0.0109195,-0.0174806,0.0075854,0.00500858,0.0174732,0.0076612,-0.560297,-0.589497,0.5409,0.572789,0.015209,0.0146915
0.06,4.60174,4.62422,4.96182,4.92113,0.327168,0.361255,0.000320321,0.0200474,-0.0193054,0.00484452,0.438896,0.492782,0.00488649,-0.0231459,0.0134096,0.0114074,0.0176403,0.00766765,-0.644926,-0.673707,0.622599,0.656239,0.0182131,0.0176318
0.07,4.60176,4.62487,4.96163,4.91939,0.331881,0.366023,0.00302984,0.0237558,-0.0195076,0.00919376,0.503362,0.561471,-0.00195216,-0.0294635,0.0200115,0.0184851,0.0178374,0.00769282,-0.721499,-0.749069,0.696521,0.731175,0.0212046,0.0205647
0.08,4.6018,4.62554,4.96144,4.91799,0.337227,0.371558,0.00679656,0.0286554,-0.0185308,0.0150537,0.565559,0.627077,-0.00951809,-0.0363296,0.0273155,0.0260942,0.0180644,0.00775459,-0.790452,-0.816088,0.763087,0.798075,0.0241832,0.0234737
0.09,4.6019,4.62618,4.96126,4.91701,0.343185,0.377879,0.0116949,0.0346792,-0.0162951,0.0222707,0.625563,0.689575,-0.0177372,-0.0436567,0.03525,0.0341151,0.0183211,0.00786475,-0.852205,-0.875391,0.822702,0.857549,0.027149,0.026351
0.1,4.60204,4.62677,4.96111,4.91648,0.349731,0.384964,0.0177862,0.0417854,-0.0127342,0.0307119,0.683444,0.749095,-0.0265395,-0.0513781,0.0437476,0.0424614,0.0186073,0.00803113,-0.907163,-0.927638,0.875757,0.910249,0.0301018,0.0291962
0.11,4.60226,4.62729,4.96101,4.91637,0.356847,0.392764,0.0251195,0.0499483,-0.0077938,0.0402902,0.739273,0.805851,-0.0358591,-0.0594429,0.0527446,0.0510747,0.018923,0.00825895,-0.955716,-0.973443,0.922629,0.956791,0.0330417,0.0320134
0.12,4.60255,4.62778,4.96096,4.91666,0.36451,0.401216,0.0337336,0.0591712,-0.00143016,0.0509581,0.793117,0.860086,-0.0456338,-0.0678134,0.0621808,0.0599167,0.0192681,0.00855229,-0.998241,-1.01334,0.963682,0.997713,0.0359685,0.0348088
0.13,4.60293,4.62828,4.96099,4.91729,0.372703,0.410252,0.0436576,0.0694704,0.00639116,0.0627049,0.845042,0.912034,-0.055805,-0.0764598,0.072,0.0689623,0.0196424,0.00891413,-1.0351,-1.04777,0.999263,1.03347,0.0388821,0.0375895
0.14,4.60343,4.62882,4.9611,4.91821,0.381405,0.419804,0.0549126,0.0808757,0.0156966,0.0755435,0.89511,0.961906,-0.066318,-0.0853562,0.082149,0.0781938,0.0200457,0.00934662,-1.06664,-1.0771,1.02971,1.06444,0.0417826,0.0403619
0.15,4.60404,4.62945,4.96131,4.91936,0.390599,0.429813,0.0675118,0.0934204,0.0265056,0.0895028,0.943382,1.00988,-0.0771211,-0.0944803,0.0925781,0.0875977,0.020478,0.00985102,-1.09319,-1.10163,1.05534,1.09092,0.0446699,0.0431321
0.16,4.60478,4.63021,4.96163,4.92071,0.400267,0.440232,0.0814623,0.107144,0.0388314,0.10463,0.989919,1.05612,-0.0881662,-0.103812,0.103241,0.0971622,0.0209391,0.0104276,-1.11507,-1.12161,1.07647,1.11317,0.0475438,0.0459047
0.17,4.60567,4.63115,4.96209,4.9222,0.410392,0.451025,0.0967652,0.12208,0.0526822,0.120971,1.03478,1.10074,-0.099408,-0.11333,0.114093,0.106876,0.0214288,0.0110761,-1.13259,-1.13724,1.09338,1.13139,0.0504044,0.0486831
0.18,4.60672,4.63227,4.96269,4.92382,0.420957,0.462163,0.113417,0.13826,0.0680616,0.138576,1.07801,1.14383,-0.110804,-0.123014,0.125095,0.116726,0.0219471,0.0117949,-1.14605,-1.14874,1.10637,1.14577,0.0532516,0.0514696
0.19,4.60794,4.63363,4.96345,4.92553,0.431947,0.473627,0.131408,0.155705,0.0849693,0.157488,1.11968,1.18548,-0.122316,-0.132843,0.136209,0.126699,0.0224938,0.0125818,-1.15571,-1.15629,1.1157,1.15648,0.0560852,0.0542649
0.2,4.60935,4.63522,4.96439,4.92731,0.443345,0.485409,0.150728,0.174433,0.103402,0.177748,1.15983,1.22576,-0.133907,-0.142796,0.147398,0.136778,0.0230688,0.0134331,-1.16186,-1.16009,1.12164,1.1637,0.0589053,0.0570687
0.21,4.61096,4.63707,4.96553,4.92917,0.455138,0.497504,0.171361,0.194446,0.123353,0.199384,1.19851,1.2647,-0.145543,-0.152849,0.158631,0.146946,0.0236719,0.0143444,-1.16474,-1.16035,1.12442,1.16757,0.0617118,0.059879
0.22,4.61279,4.63918,4.96687,4.93108,0.467311,0.509907,0.193288,0.215735,0.144814,0.222417,1.23578,1.30235,-0.157192,-0.162981,0.169877,0.157184,0.024303,0.0153103,-1.16461,-1.15731,1.12429,1.16828,0.0645046,0.0626928
0.23,4.61483,4.64155,4.96843,4.93306,0.479849,0.522626,0.216488,0.238277,0.167774,0.24685,1.27167,1.33873,-0.168825,-0.173168,0.181108,0.167469,0.0249619,0.0163244,-1.16169,-1.15122,1.12147,1.16602,0.0672837,0.0655059
0.24,4.61712,4.64418,4.97023,4.93511,0.49274,0.535657,0.240939,0.262039,0.192219,0.272677,1.30624,1.37389,-0.180417,-0.183384,0.192298,0.177778,0.0256486,0.0173798,-1.1562,-1.14234,1.11617,1.16099,0.070049,0.0683129
0.25,4.61966,4.64708,4.97228,4.93723,0.50597,0.549009,0.266615,0.286975,0.218138,0.299876,1.33953,1.40783,-0.191942,-0.193606,0.203423,0.188089,0.0263628,0.0184691,-1.14835,-1.13098,1.1086,1.15341,0.0728005,0.071108
0.26,4.62246,4.65023,4.97459,4.93945,0.519526,0.562682,0.293491,0.31303,0.245512,0.328413,1.37159,1.44059,-0.203377,-0.203811,0.214463,0.198375,0.0271045,0.0195843,-1.13835,-1.11744,1.09894,1.1435,0.0755381,0.0738847
0.27,4.62553,4.65366,4.97719,4.94177,0.533398,0.576681,0.321538,0.34014,0.274327,0.358246,1.40244,1.47221,-0.214702,-0.213975,0.225396,0.208614,0.0278736,0.0207174,-1.12639,-1.10203,1.08739,1.13153,0.0782618,0.0766362
0.28,4.62889,4.65734,4.98009,4.94421,0.547572,0.591008,0.350727,0.368238,0.304565,0.389319,1.43215,1.5027,-0.225899,-0.224077,0.236205,0.218784,0.0286697,0.0218611,-1.11264,-1.08507,1.07412,1.11774,0.0809714,0.079356
0.29,4.63255,4.6613,4.98329,4.94679,0.562037,0.605667,0.38103,0.397257,0.336207,0.421577,1.46073,1.53212,-0.236949,-0.234095,0.246873,0.228864,0.0294929,0.023008,-1.09727,-1.06686,1.05929,1.10239,0.083667,0.0820378
0.3,4.63651,4.66555,4.98681,4.94953,0.576783,0.620664,0.412415,0.427131,0.369233,0.454959,1.48824,1.5605,-0.247839,-0.244012,0.257386,0.238836,0.030343,0.0241522,-1.08045,-1.04767,1.04305,1.08575,0.0863485,0.0846765
0.31,4.6408,4.67011,4.99068,4.95245,0.591798,0.636001,0.444852,0.457804,0.403625,0.489406,1.51471,1.5879,-0.258554,-0.253809,0.26773,0.248686,0.0312199,0.0252886,-1.06233,-1.02772,1.02555,1.06806,0.0890159,0.0872675
0.32,4.64541,4.67502,4.99489,4.95557,0.607073,0.651685,0.478309,0.489226,0.439361,0.52487,1.54017,1.61437,-0.269082,-0.263472,0.277893,0.258404,0.0321233,0.0264133,-1.04305,-1.00717,1.00694,1.04955,0.091669,0.0898082
0.33,4.65037,4.68029,4.99947,4.95892,0.622598,0.667721,0.512754,0.52137,0.476421,0.561311,1.56465,1.63997,-0.279412,-0.272982,0.287865,0.267984,0.0330532,0.0275244,-1.02274,-0.986085,0.987337,1.03042,0.0943079,0.0922974
0.34,4.65567,4.68595,5.00442,4.96252,0.638363,0.684111,0.548156,0.554225,0.514783,0.598708,1.5882,1.66474,-0.289534,-0.282323,0.297637,0.277425,0.0340094,0.0286215,-1.00154,-0.964404,0.966871,1.01083,0.0969325,0.0947361
0.35,4.66134,4.69204,5.00977,4.96641,0.654359,0.70085,0.584481,0.587798,0.554424,0.637055,1.61084,1.68876,-0.29944,-0.29147,0.3072,0.286726,0.0349918,0.0297061,-0.979568,-0.941932,0.945655,0.990913,0.0995428,0.0971274
0.36,4.66737,4.69858,5.01552,4.97064,0.670577,0.717927,0.621699,0.622128,0.595322,0.676369,1.6326,1.71205,-0.309123,-0.300394,0.316548,0.295895,0.0360002,0.0307812,-0.956929,-0.918298,0.9238,0.970735,0.102139,0.0994765
0.37,4.67377,4.70557,5.02168,4.97523,0.687009,0.735325,0.659776,0.657265,0.637455,0.716689,1.65352,1.73467,-0.318577,-0.309056,0.325675,0.304935,0.0370345,0.0318512,-0.933731,-0.892948,0.901406,0.950322,0.10472,0.101791
0.38,4.68056,4.713,5.02827,4.98026,0.703645,0.753011,0.69868,0.69329,0.680798,0.758069,1.67362,1.75665,-0.327795,-0.317406,0.334575,0.313853,0.0380946,0.0329221,-0.909878,-0.86514,0.878568,0.929658,0.107287,0.10408
0.39,4.68775,4.72088,5.0353,4.98577,0.720478,0.770946,0.73838,0.730289,0.725327,0.800574,1.69293,1.77799,-0.336778,-0.325381,0.343245,0.322655,0.0391802,0.0340001,-0.886238,-0.833976,0.855375,0.90869,0.109839,0.106354
0.4,4.69533,4.72916,5.04278,4.99181,0.737501,0.789087,0.778844,0.768352,0.771018,0.844267,1.71148,1.79871,-0.34549,-0.332912,0.351681,0.331344,0.0402913,0.0350921,-0.854477,-0.798464,0.831911,0.887352,0.112377,0.108625
0.41,4.70333,4.7378,5.05072,4.99844,0.754705,0.807388,0.820041,0.807558,0.817836,0.889193,1.72929,1.81879,-0.353833,-0.339922,0.359882,0.339919,0.0414277,0.0362043,-0.812474,-0.757615,0.808253,0.865579,0.1149,0.110903
0.42,4.71174,4.74678,5.05914,5.00569,0.772084,0.825803,0.86194,0.847958,0.865731,0.935362,1.74639,1.83823,-0.361709,-0.346339,0.367846,0.348378,0.0425893,0.0373419,-0.761283,-0.71055,0.784472,0.843323,0.117409,0.113198
0.43,4.72057,4.75606,5.06804,5.01356,0.789631,0.844295,0.904513,0.889563,0.914641,0.982734,1.76281,1.85701,-0.369031,-0.3521,0.375572,0.356712,0.0437758,0.0385086,-0.701753,-0.65662,0.760635,0.820577,0.119903,0.115517
0.44,4.72983,4.7656,5.07744,5.02206,0.807338,0.862828,0.947731,0.932336,0.96449,1.03121,1.77856,1.87513,-0.375719,-0.357156,0.383059,0.364912,0.0449873,0.0397064,-0.634682,-0.595488,0.736804,0.797373,0.122382,0.117863
0.45,4.73953,4.77538,5.08733,5.03115,0.8252,0.881378,0.991567,0.976192,1.01519,1.08064,1.79368,1.89258,-0.381702,-0.361475,0.390308,0.372966,0.0462234,0.0409347,-0.560813,-0.527144,0.713035,0.773789,0.124846,0.120237
0.46,4.74966,4.78539,5.09774,5.04078,0.84321,0.899922,1.036,1.02101,1.06665,1.13083,1.80818,1.90938,-0.386915,-0.365042,0.39732,0.38086,0.0474841,0.0421922,-0.480841,-0.45188,0.689381,0.749944,0.127296,0.122636
0.47,4.76025,4.79563,5.10867,5.0509,0.861362,0.918452,1.08099,1.06663,1.11876,1.18156,1.82208,1.92554,-0.3913,-0.367857,0.404096,0.388579,0.0487693,0.0434759,-0.395408,-0.370204,0.665889,0.725975,0.12973,0.125057
0.48,4.77128,4.80612,5.12012,5.06147,0.87965,0.936968,1.12653,1.11292,1.17141,1.23261,1.83541,1.94109,-0.394807,-0.369926,0.410638,0.396108,0.0500787,0.0447824,-0.305109,-0.282743,0.642604,0.70204,0.13215,0.127493
0.49,4.78278,4.81687,5.1321,5.07244,0.898068,0.955484,1.17259,1.15972,1.22447,1.28379,1.84819,1.95607,-0.397388,-0.371259,0.416949,0.403436,0.0514122,0.0461087,-0.210491,-0.190147,0.619565,0.678289,0.134555,0.129941
0.5,4.79474,4.82792,5.14461,5.08379,0.916612,0.974027,1.21916,1.20692,1.27781,1.33493,1.86043,1.97049,-0.399004,-0.371865,0.42303,0.41055,0.0527698,0.0474526,-0.112052,-0.0930311,0.59681,0.654857,0.136945,0.132397
0.51,4.80716,4.83931,5.15766,5.0955,0.935275,0.992627,1.2662,1.25444,1.33131,1.38589,1.87216,1.98441,-0.399618,-0.371747,0.428886,0.417442,0.0541511,0.0488122,-0.0102476,0.00806891,0.57437,0.631855,0.13932,0.134857
0.52,4.82006,4.85109,5.17124,5.10757,0.954053,1.01132,1.31371,1.30224,1.38481,1.43658,1.88339,1.99786,-0.399199,-0.370901,0.434519,0.424104,0.0555561,0.0501873,0.0945144,0.11268,0.552276,0.609362,0.141679,0.137322
0.53,4.83344,4.8633,5.18535,5.12004,0.972941,1.03015,1.36166,1.35028,1.43819,1.48694,1.89414,2.01086,-0.397719,-0.369317,0.439933,0.430531,0.0569846,0.0515776,0.201869,0.220385,0.530554,0.587423,0.144024,0.139789
0.54,4.8473,4.87596,5.2,5.13293,0.991935,1.04915,1.41004,1.39857,1.49129,1.53694,1.90443,2.02345,-0.395154,-0.366974,0.445131,0.436714,0.0584365,0.0529834,0.311496,0.330754,0.509228,0.566056,0.146354,0.142261
0.55,4.86164,4.88912,5.21518,5.14629,1.01103,1.06833,1.45884,1.44714,1.54397,1.58654,1.91427,2.03564,-0.391482,-0.363844,0.450119,0.44265,0.0599116,0.054405,0.423118,0.443326,0.488318,0.545246,0.148668,0.144736
0.56,4.87648,4.90278,5.23088,5.16018,1.03022,1.0877,1.50804,1.49602,1.59607,1.63571,1.92368,2.04745,-0.386686,-0.359892,0.454899,0.448328,0.0614098,0.055842,0.536498,0.557555,0.467843,0.524958,0.150967,0.147215
0.57,4.8918,4.91695,5.24709,5.17465,1.0495,1.10725,1.55763,1.54521,1.64745,1.68441,1.93268,2.0589,-0.380747,-0.355077,0.459477,0.453741,0.0629309,0.0572934,0.651444,0.672772,0.447818,0.505145,0.153252,0.149696
0.58,4.90763,4.93163,5.26382,5.18976,1.06887,1.12694,1.60761,1.59476,1.69796,1.73259,1.94128,2.06999,-0.373652,-0.349354,0.463857,0.458878,0.0644748,0.0587573,0.767807,0.788167,0.428257,0.485746,0.15552,0.152176
0.59,4.92396,4.94679,5.28105,5.20556,1.08833,1.14674,1.65795,1.64467,1.74745,1.78016,1.94949,2.08072,-0.365387,-0.342676,0.468044,0.463727,0.0660413,0.0602311,0.885481,0.902796,0.409171,0.466704,0.157774,0.15465
0.6,4.94079,4.96242,5.29877,5.22208,1.10786,1.16659,1.70866,1.69493,1.79578,1.82702,1.95734,2.09108,-0.355938,-0.334998,0.472042,0.468276,0.0676302,0.0617117,1.00441,1.01558,0.39057,0.447963,0.160012,0.157115
0.61,4.95813,4.97848,5.31696,5.23936,1.12747,1.18645,1.75973,1.74556,1.8428,1.87303,1.96482,2.10107,-0.345294,-0.326278,0.475857,0.472514,0.0692415,0.0631956,1.12458,1.12537,0.37246,0.429478,0.162235,0.159563
0.62,4.97599,4.99495,5.33562,5.25739,1.14715,1.20625,1.81115,1.79652,1.88836,1.91805,1.97196,2.11068,-0.333448,-0.316483,0.479493,0.476434,0.0708749,0.0646801,1.2437,1.23095,0.354848,0.411227,0.164443,0.161989
0.63,4.99436,5.01181,5.35472,5.27617,1.16691,1.22597,1.86291,1.84781,1.93233,1.96192,1.97877,2.11989,-0.320456,-0.30559,0.482956,0.480032,0.0725303,0.0661627,1.35258,1.33113,0.337738,0.393197,0.166635,0.164385
0.64,5.01325,5.02906,5.37426,5.29566,1.18673,1.24559,1.91502,1.89942,1.97458,2.00445,1.98526,2.1287,-0.306435,-0.293593,0.48625,0.483309,0.0742076,0.0676427,1.44968,1.42483,0.321133,0.375394,0.168812,0.166748
0.65,5.03266,5.04668,5.39421,5.31581,1.20661,1.26511,1.96747,1.95132,2.01503,2.04548,1.99144,2.1371,-0.291499,-0.280503,0.48938,0.486277,0.0759065,0.0691203,1.53584,1.51108,0.305032,0.357848,0.170973,0.169073
0.66,5.0526,5.06469,5.41455,5.33653,1.22656,1.28457,2.02025,2.00353,2.05356,2.08486,1.99733,2.14507,-0.275753,-0.266349,0.492352,0.488952,0.077627,0.0705981,1.6117,1.58914,0.289437,0.340596,0.173119,0.171357
0.67,5.07306,5.08311,5.43527,5.35774,1.24656,1.30401,2.07336,2.05603,2.09013,2.12244,2.00293,2.15263,-0.259297,-0.251186,0.49517,0.491358,0.0793688,0.0720798,1.67785,1.65849,0.274345,0.323693,0.17525,0.1736
0.68,5.09406,5.10198,5.45635,5.37935,1.26661,1.32349,2.1268,2.10885,2.12466,2.1581,2.00825,2.15978,-0.242226,-0.235087,0.49784,0.493527,0.0811319,0.0735694,1.73488,1.71883,0.259755,0.307203,0.177365,0.175803
0.69,5.1156,5.1213,5.47776,5.40126,1.28672,1.34306,2.18056,2.16198,2.15712,2.19173,2.01331,2.16653,-0.224628,-0.218144,0.500367,0.495492,0.0829161,0.0750726,1.78336,1.77012,0.245662,0.291189,0.179464,0.177968
0.7,5.13768,5.14113,5.49949,5.42339,1.30688,1.36278,2.23464,2.21544,2.18746,2.22326,2.01812,2.1729,-0.206586,-0.200466,0.502755,0.497292,0.0847211,0.076594,1.82383,1.81254,0.232063,0.275716,0.181548,0.180097
0.71,5.16029,5.16146,5.5215,5.44566,1.32708,1.38268,2.28903,2.26922,2.21566,2.25263,2.02268,2.17891,-0.188177,-0.182174,0.50501,0.498964,0.086547,0.0781383,1.85681,1.84643,0.218952,0.260845,0.183616,0.182193
0.72,5.18346,5.18234,5.54379,5.46801,1.34733,1.40278,2.34373,2.32331,2.24171,2.27981,2.027,2.18459,-0.169473,-0.163391,0.507136,0.500544,0.0883934,0.0797091,1.88279,1.87225,0.206323,0.246625,0.185669,0.184261
0.73,5.20717,5.20376,5.56633,5.49041,1.36762,1.42308,2.39874,2.37771,2.2656,2.30478,2.0311,2.18995,-0.150542,-0.144243,0.509138,0.502064,0.0902603,0.0813089,1.90226,1.89061,0.194169,0.233101,0.187706,0.186302
0.74,5.23143,5.22573,5.5891,5.51284,1.38795,1.44357,2.45404,2.43241,2.28731,2.32752,2.03498,2.19503,-0.131448,-0.124851,0.511021,0.50355,0.0921475,0.0829395,1.91565,1.90211,0.182484,0.220291,0.189728,0.18832
0.75,5.25625,5.24823,5.61207,5.53529,1.40832,1.46422,2.50965,2.48739,2.30686,2.34806,2.03865,2.19984,-0.112248,-0.105325,0.512789,0.505024,0.0940548,0.0846015,1.92342,1.90742,0.171258,0.208209,0.191734,0.190317
0.76,5.28163,5.27127,5.63523,5.55778,1.42873,1.48497,2.56555,2.54266,2.32425,2.36639,2.04212,2.20439,-0.0929971,-0.0857598,0.514448,0.5065,0.0959821,0.0862949,1.92596,1.90718,0.160484,0.196846,0.193724,0.192294
0.77,5.30756,5.29483,5.65855,5.58036,1.44916,1.50579,2.62174,2.59819,2.3395,2.38255,2.04539,2.20869,-0.073745,-0.0662371,0.516,0.507987,0.0979292,0.0880198,1.92369,1.90199,0.150153,0.186182,0.195698,0.194252
0.78,5.33406,5.3189,5.68201,5.60305,1.46963,1.52662,2.67822,2.654,2.35262,2.39654,2.04848,2.21275,-0.0545382,-0.0468204,0.517452,0.509486,0.099896,0.0897752,1.91697,1.89242,0.140256,0.176179,0.197657,0.196194
0.79,5.36113,5.34346,5.70559,5.62591,1.49013,1.5474,2.73499,2.71009,2.36362,2.40841,2.05139,2.21654,-0.0354193,-0.0275589,0.518807,0.510996,0.101882,0.0915609,1.90616,1.879,0.130782,0.166787,0.1996,0.19812
0.8,5.38876,5.3685,5.72927,5.64899,1.51066,1.56808,2.79203,2.76647,2.37254,2.41816,2.05413,2.22008,-0.0164275,-0.00848615,0.520069,0.512507,0.103888,0.0933761,1.8916,1.86216,0.121723,0.157949,0.201528,0.20003
0.81,5.41697,5.39402,5.75304,5.67233,1.53122,1.58864,2.84936,2.82316,2.37939,2.42583,2.0567,2.22332,0.00240135,0.0103755,0.521243,0.514008,0.105913,0.0952206,1.87362,1.84233,0.113068,0.149597,0.203439,0.201927
0.82,5.44575,5.42001,5.77686,5.69598,1.55179,1.60902,2.90697,2.88016,2.38421,2.43144,2.05911,2.22627,0.0210345,0.0290124,0.522332,0.515483,0.107957,0.0970943,1.85252,1.81985,0.104807,0.141656,0.205335,0.20381
0.83,5.47511,5.44646,5.80071,5.71998,1.5724,1.62921,2.96485,2.93748,2.38701,2.43501,2.06138,2.22891,0.0394423,0.0474166,0.52334,0.516915,0.110019,0.0989971,1.82859,1.79502,0.0969291,0.134058,0.207216,0.205681
0.84,5.50505,5.47337,5.82459,5.74434,1.59302,1.64919,3.023,2.99512,2.38784,2.43656,2.06349,2.23124,0.0575979,0.0655821,0.524272,0.518284,0.112101,0.100929,1.80211,1.76809,0.089424,0.126729,0.20908,0.207541
0.85,5.53557,5.50075,5.84846,5.76905,1.61367,1.66896,3.08143,3.05308,2.38672,2.43613,2.06547,2.23325,0.075477,0.0835024,0.52513,0.519573,0.114201,0.102891,1.77334,1.73927,0.0822812,0.1196,0.210928,0.209392
0.86,5.56668,5.52858,5.87232,5.79411,1.63433,1.68853,3.14013,3.11135,2.38369,2.43375,2.06731,2.23497,0.0930578,0.101167,0.525918,0.520763,0.116319,0.104883,1.74252,1.70873,0.07549,0.112608,0.212761,0.211237
0.87,5.59838,5.55688,5.89613,5.81945,1.65501,1.70794,3.19909,3.16991,2.37878,2.42946,2.06902,2.23643,0.110321,0.118557,0.526641,0.521841,0.118456,0.106906,1.70988,1.6766,0.0690395,0.105704,0.214578,0.213079
0.88,5.63066,5.58563,5.91989,5.84502,1.67571,1.72724,3.25832,3.22877,2.37203,2.42332,2.07061,2.23771,0.12725,0.13565,0.5273,0.5228,0.120611,0.108959,1.67565,1.64296,0.0629191,0.098855,0.216379,0.214924
0.89,5.66354,5.61483,5.94357,5.87071,1.69642,1.74652,3.31782,3.2879,2.36347,2.4154,2.07207,2.23889,0.14383,0.152413,0.5279,0.523643,0.122784,0.111043,1.64002,1.60785,0.0571181,0.0920441,0.218165,0.216781
0.9,5.69702,5.64447,5.96715,5.8964,1.71715,1.76589,3.37759,3.34733,2.35314,2.40581,2.07343,2.24012,0.160047,0.168822,0.528444,0.524388,0.124974,0.113155,1.60319,1.57126,0.051626,0.0852795,0.219934,0.218666
0.91,5.7311,5.67457,5.99062,5.92196,1.73789,1.78548,3.43761,3.40708,2.34108,2.39465,2.07467,2.24155,0.17589,0.184892,0.528934,0.525085,0.127182,0.115282,1.56534,1.53321,0.046432,0.0785585,0.221688,0.220606
0.92,5.76577,5.70513,6.01397,5.94734,1.75864,1.80545,3.4979,3.4672,2.32732,2.38204,2.07582,2.24342,0.191351,0.200764,0.529373,0.525828,0.129408,0.117391,1.52664,1.49381,0.0415259,0.0718672,0.223426,0.222659
0.93,5.80105,5.73622,6.03716,5.97263,1.77941,1.82604,3.55846,3.52767,2.31192,2.36802,2.07686,2.24601,0.206421,0.216803,0.529765,0.526785,0.131651,0.119399,1.48725,1.45343,0.0368972,0.0653045,0.225148,0.224931
0.94,5.83694,5.76796,6.0602,5.99811,1.80018,1.84753,3.61927,3.58794,2.2949,2.35226,2.0778,2.24935,0.221094,0.233201,0.530112,0.52806,0.133911,0.12117,1.44732,1.41214,0.0325358,0.0600791,0.226854,0.227522
0.95,5.87344,5.80057,6.08306,6.02368,1.82096,1.86888,3.68034,3.64643,2.2763,2.33369,2.07866,2.25219,0.235366,0.248175,0.530417,0.529119,0.136188,0.122699,1.40698,1.36898,0.0283812,0.0592795,0.228544,0.230156
0.96,5.91055,5.83427,6.10572,6.04871,1.84175,1.88765,3.74166,3.70331,2.25617,2.31192,2.07942,2.25261,0.249233,0.259953,0.529872,0.52879,0.138482,0.124327,1.36636,1.32628,-0.180286,0.0534811,0.230218,0.232326
0.97,5.94827,5.86916,6.12817,6.07284,1.86255,1.90765,3.80293,3.76114,2.23455,2.28914,2.0801,2.2528,0.262692,0.271447,0.526731,0.526767,0.140792,0.126114,1.32558,1.28516,-0.437491,-0.0303299,0.231877,0.234261
0.98,5.98661,5.90497,6.15041,6.09614,1.88336,1.93184,3.86387,3.82123,2.21148,2.26719,2.08071,2.25457,0.275744,0.283553,0.52125,0.523608,0.143119,0.127905,1.28476,1.24393,-0.655585,-0.230921,0.233519,0.236208
0.99,6.02555,5.94139,6.1724,6.11995,1.90417,1.95479,3.92417,3.8818,2.18701,2.24405,2.08123,2.25553,0.288388,0.29581,0.51368,0.519244,0.145462,0.129721,1.24398,1.20279,-0.855337,-0.447761,0.235146,0.238107
1,6.06509,5.97845,6.19414,6.14447,1.92498,1.9753,3.98359,3.94171,2.16117,2.21892,2.08169,2.25517,0.300624,0.307966,0.504201,0.513339,0.147822,0.131587,1.20336,1.16224,-1.03768,-0.646109,0.236757,0.239923
1.01,6.10522,6.0162,6.21562,6.16929,1.9458,1.99445,4.04191,4.00049,2.13403,2.19193,2.08207,2.25404,0.312456,0.3199,0.492982,0.505728,0.150198,0.133516,1.16296,1.12252,-1.2035,-0.829551,0.238352,0.241651
1.02,6.14592,6.05459,6.23682,6.19401,1.96662,2.01302,4.09892,4.05785,2.10563,2.16326,2.08238,2.25248,0.323884,0.331563,0.480183,0.496421,0.152589,0.135523,1.12288,1.0836,-1.35369,-0.999398,0.239931,0.243298
1.03,6.18719,6.0936,6.25773,6.21835,1.98745,2.03147,4.15447,4.11362,2.07601,2.13305,2.08264,2.25062,0.334914,0.342927,0.465958,0.485521,0.154996,0.137626,1.08318,1.04535,-1.48908,-1.15482,0.241494,0.244873
1.04,6.22901,6.1332,6.27833,6.24212,2.00827,2.0501,4.20841,4.1678,2.04522,2.10148,2.08283,2.24853,0.34555,0.353972,0.450448,0.473158,0.157419,0.139837,1.04393,1.00766,-1.61048,-1.2957,0.243041,0.246391
1.05,6.27135,6.1734,6.29863,6.26521,2.0291,2.06913,4.26062,4.2204,2.01331,2.06873,2.08296,2.24621,0.355795,0.364683,0.433792,0.459452,0.159857,0.142167,1.00519,0.970402,-1.71868,-1.42281,0.244573,0.247867
1.06,6.31421,6.21423,6.3186,6.2876,2.04993,2.08869,4.31101,4.27149,1.9803,2.03495,2.08304,2.2437,0.365655,0.375048,0.416116,0.444508,0.16231,0.144619,0.96702,0.933515,-1.81444,-1.53724,0.246088,0.249313
1.07,6.35757,6.25577,6.33823,6.30929,2.07076,2.10885,4.35949,4.32108,1.94624,2.00025,2.08307,2.241,0.375137,0.385064,0.397542,0.428419,0.164779,0.14719,0.929458,0.896979,-1.89847,-1.63988,0.247588,0.250742
1.08,6.4014,6.29805,6.35752,6.33031,2.09159,2.12959,4.406,4.36915,1.91117,1.9647,2.08304,2.23814,0.384247,0.394726,0.378184,0.411277,0.167262,0.149874,0.892551,0.860819,-1.97148,-1.73138,0.249072,0.252164
1.09,6.44568,6.34111,6.37645,6.35072,2.11242,2.15084,4.45051,4.41566,1.87509,1.92834,2.08297,2.23513,0.392991,0.404034,0.358147,0.393177,0.16976,0.152658,0.856338,0.825089,-2.03414,-1.81214,0.25054,0.253585
1.1,6.4904,6.38497,6.39502,6.37055,2.13325,2.17251,4.49296,4.46055,1.83805,1.89118,2.08286,2.23199,0.401376,0.412991,0.337533,0.374221,0.172273,0.155526,0.820852,0.789861,-2.0871,-1.88248,0.251992,0.25501
1.11,6.53553,6.42962,6.41321,6.38986,2.15408,2.19448,4.53335,4.50375,1.80007,1.8532,2.0827,2.22877,0.40941,0.421599,0.316435,0.354517,0.1748,0.158464,0.786122,0.755224,-2.13097,-1.9427,0.253428,0.256442
1.12,6.58106,6.47503,6.43102,6.40869,2.17491,2.21664,4.57166,4.5452,1.76115,1.81438,2.0825,2.22547,0.417101,0.42986,0.294942,0.334174,0.177341,0.161454,0.752174,0.721256,-2.16636,-1.99319,0.254848,0.257882
1.13,6.62696,6.52117,6.44843,6.42705,2.19573,2.23889,4.60789,4.58484,1.72133,1.77471,2.08226,2.22212,0.424456,0.437779,0.273135,0.313302,0.179897,0.164481,0.71903,0.688029,-2.19381,-2.0344,0.256253,0.259331
1.14,6.67321,6.56797,6.46544,6.44496,2.21655,2.26116,4.64203,4.62262,1.68061,1.73415,2.08198,2.21876,0.431484,0.44536,0.25109,0.292003,0.182466,0.167534,0.686706,0.655607,-2.21389,-2.06685,0.257641,0.260787
1.15,6.71979,6.61539,6.48204,6.46244,2.23737,2.2834,4.67411,4.65849,1.639,1.6927,2.08167,2.2154,0.438193,0.452607,0.22888,0.270371,0.185049,0.170601,0.655218,0.624036,-2.2271,-2.09112,0.259014,0.262248
1.16,6.76669,6.66335,6.49822,6.4795,2.25819,2.30558,4.70412,4.69244,1.59651,1.65033,2.08133,2.21206,0.444591,0.459525,0.206569,0.24849,0.187646,0.173673,0.624577,0.593355,-2.23395,-2.1078,0.260371,0.263713
1.17,6.81387,6.71181,6.51396,6.49612,2.279,2.32767,4.73211,4.72444,1.55316,1.60703,2.08096,2.20876,0.450688,0.466119,0.18422,0.226428,0.190257,0.176745,0.594792,0.563586,-2.23491,-2.11748,0.261713,0.265179
1.18,6.86132,6.7607,6.52928,6.51231,2.2998,2.3497,4.75808,4.7545,1.50894,1.5628,2.08056,2.20552,0.45649,0.472392,0.161889,0.204246,0.192881,0.179812,0.565868,0.53474,-2.23042,-2.12074,0.263038,0.266644
1.19,6.90902,6.80998,6.54414,6.52806,2.32061,2.37167,4.78207,4.78259,1.46387,1.51763,2.08013,2.20234,0.462008,0.478349,0.139629,0.18199,0.195518,0.182871,0.537808,0.506826,-2.22093,-2.11812,0.264348,0.268106
1.2,6.95696,6.85961,6.55855,6.54337,2.34141,2.39361,4.8041,4.80874,1.41794,1.47153,2.07967,2.19923,0.467249,0.483992,0.117486,0.159701,0.198168,0.185921,0.510614,0.47984,-2.20682,-2.11013,0.265641,0.269561
1.21,7.0051,6.90953,6.5725,6.55821,2.3622,2.41554,4.8242,4.83294,1.37115,1.42449,2.07919,2.19621,0.472223,0.489327,0.0955062,0.137411,0.20083,0.188961,0.484284,0.453774,-2.1885,-2.09725,0.26692,0.271009
1.22,7.05343,6.95973,6.58597,6.57257,2.38299,2.43749,4.84242,4.85521,1.32351,1.37654,2.07869,2.19327,0.476938,0.494358,0.073729,0.115148,0.203506,0.191991,0.458815,0.428618,-2.16633,-2.07989,0.268182,0.272446
1.23,7.10194,7.01016,6.59896,6.58646,2.40378,2.45948,4.85877,4.87557,1.27503,1.32767,2.07816,2.19041,0.481402,0.499089,0.0521912,0.0929381,0.206194,0.195012,0.434202,0.404361,-2.14067,-2.05847,0.269428,0.273872
1.24,7.1506,7.0608,6.61147,6.59985,2.42455,2.48154,4.8733,4.89403,1.22569,1.27789,2.07762,2.18764,0.485625,0.503525,0.0309262,0.0708044,0.208894,0.198025,0.410439,0.38098,-2.11183,-2.03334,0.270659,0.275284
1.25,7.1994,7.1116,6.62348,6.61273,2.44533,2.50368,4.88605,4.91062,1.1755,1.22721,2.07706,2.18497,0.489614,0.507672,0.00996412,0.0487723,0.211607,0.20103,0.387516,0.358464,-2.08014,-2.00485,0.271874,0.276681
1.26,7.24832,7.16256,6.63498,6.62509,2.4661,2.52591,4.89705,4.92536,1.12447,1.17566,2.07648,2.18237,0.493378,0.511536,-0.010668,0.0268689,0.214332,0.20403,0.365425,0.336793,-2.04588,-1.97333,0.273074,0.278061
1.27,7.29734,7.21363,6.64596,6.63693,2.48686,2.54822,4.90634,4.93827,1.07258,1.12323,2.07588,2.17986,0.496925,0.515125,-0.030946,0.00512196,0.217068,0.207025,0.344155,0.315947,-2.00935,-1.93907,0.274258,0.279423
1.28,7.34644,7.26479,6.65642,6.64822,2.50761,2.57063,4.91395,4.94939,1.01985,1.06994,2.07527,2.17742,0.500264,0.518447,-0.0508483,-0.0164383,0.219817,0.210015,0.323693,0.295908,-1.9708,-1.90237,0.275426,0.280765
1.29,7.39561,7.31601,6.66636,6.65896,2.52836,2.59311,4.91994,4.95875,0.966278,1.0158,2.07464,2.17506,0.503401,0.52151,-0.0703561,-0.0377798,0.222577,0.213003,0.304027,0.276651,-1.93048,-1.86351,0.276578,0.282086
1.3,7.44483,7.36726,6.67575,6.66913,2.54911,2.61565,4.92432,4.96637,0.911856,0.960815,2.074,2.17277,0.506347,0.524325,-0.0894528,-0.058868,0.225348,0.215988,0.285143,0.258159,-1.88862,-1.82274,0.277715,0.283386
1.31,7.49409,7.41851,6.68459,6.67874,2.56984,2.63824,4.92716,4.97231,0.856592,0.904995,2.07335,2.17054,0.509107,0.5269,-0.108124,-0.0796668,0.228131,0.218972,0.267025,0.240409,-1.84544,-1.78032,0.278836,0.284664
1.32,7.54337,7.46975,6.69288,6.68777,2.59057,2.66086,4.92848,4.97657,0.800487,0.848348,2.07268,2.16836,0.51169,0.529248,-0.126358,-0.100141,0.230925,0.221955,0.249659,0.223382,-1.80115,-1.7365,0.279942,0.285918
1.33,7.59266,7.52094,6.7006,6.6962,2.6113,2.68348,4.92832,4.97922,0.743545,0.79088,2.07201,2.16623,0.514102,0.531379,-0.144144,-0.120252,0.23373,0.224938,0.233029,0.207054,-1.75594,-1.6915,0.281031,0.287147
1.34,7.64193,7.57206,6.70774,6.70404,2.63201,2.70608,4.92673,4.98028,0.685769,0.7326,2.07133,2.16414,0.516353,0.533305,-0.161474,-0.139966,0.236546,0.227921,0.217117,0.191406,-1.70999,-1.64554,0.282106,0.288352
1.35,7.69119,7.62308,6.71431,6.71127,2.65272,2.72863,4.92375,4.9798,0.627164,0.673509,2.07064,2.16209,0.518447,0.535036,-0.178342,-0.159247,0.239372,0.230905,0.201907,0.176413,-1.66346,-1.59884,0.283165,0.289532
1.36,7.7404,7.67398,6.72029,6.71789,2.67343,2.75112,4.91941,4.97781,0.567735,0.613617,2.06994,2.16006,0.520393,0.536584,-0.194742,-0.178062,0.242209,0.233889,0.187382,0.162058,-1.61651,-1.55158,0.284208,0.290685
1.37,7.78957,7.72474,6.72566,6.72389,2.69412,2.77351,4.91375,4.97437,0.507487,0.552926,2.06923,2.15807,0.522197,0.537961,-0.210671,-0.196379,0.245056,0.236875,0.173523,0.148316,-1.56929,-1.50396,0.285236,0.291813
1.38,7.83867,7.77535,6.73043,6.72926,2.71481,2.79578,4.90682,4.9695,0.446428,0.491442,2.06852,2.15608,0.523866,0.539179,-0.226127,-0.214171,0.247914,0.239862,0.160313,0.13517,-1.52193,-1.45614,0.286248,0.292915
1.39,7.8877,7.82579,6.73459,6.73399,2.73549,2.81793,4.89866,4.96325,0.384565,0.429171,2.0678,2.15411,0.525405,0.540247,-0.24111,-0.231411,0.250781,0.242852,0.147734,0.122597,-1.47456,-1.40828,0.287245,0.29399
1.4,7.93664,7.87604,6.73812,6.73808,2.75617,2.83992,4.8893,4.95567,0.321905,0.36612,2.06708,2.15215,0.526822,0.541177,-0.255619,-0.248078,0.253658,0.245844,0.135766,0.110578,-1.42728,-1.36053,0.288226,0.295038
1.41,7.98548,7.9261,6.74102,6.74151,2.77683,2.86175,4.87878,4.9468,0.258459,0.302293,2.06635,2.1502,0.528123,0.541979,-0.269656,-0.264153,0.256546,0.248838,0.124393,0.0990939,-1.38022,-1.31301,0.289192,0.29606
1.42,8.03422,7.97595,6.74329,6.7443,2.79749,2.8834,4.86716,4.93668,0.194236,0.2377,2.06563,2.14824,0.529312,0.542663,-0.283224,-0.27962,0.259442,0.251835,0.113595,0.0881259,-1.33345,-1.26586,0.290143,0.297056
1.43,8.08282,8.02558,6.74491,6.74641,2.81815,2.90486,4.85445,4.92536,0.129246,0.172349,2.06489,2.14628,0.530396,0.543238,-0.296327,-0.29447,0.262348,0.254836,0.103355,0.0776557,-1.28708,-1.21917,0.291078,0.298026
1.44,8.1313,8.07499,6.74587,6.74786,2.83879,2.92612,4.84072,4.91288,0.0635001,0.10625,2.06416,2.14432,0.531381,0.543712,-0.308967,-0.308692,0.265264,0.25784,0.0936536,0.0676664,-1.24118,-1.17305,0.291998,0.29897
1.45,8.17963,8.12418,6.74617,6.74862,2.85943,2.94719,4.82598,4.89929,-0.0029888,0.0394113,2.06342,2.14235,0.532271,0.544095,-0.321152,-0.322284,0.268188,0.260848,0.0844732,0.0581407,-1.19583,-1.12757,0.292902,0.299888
1.46,8.22782,8.17313,6.74581,6.7487,2.88006,2.96805,4.81029,4.88463,-0.0702084,-0.0281521,2.06269,2.14037,0.533072,0.544393,-0.332886,-0.335245,0.271122,0.26386,0.0757957,0.0490642,-1.15109,-1.08281,0.293791,0.300781
1.47,8.27584,8.22185,6.74477,6.74809,2.90068,2.98871,4.79369,4.86895,-0.138146,-0.0964269,2.06195,2.13838,0.533789,0.544614,-0.344176,-0.347575,0.274064,0.266876,0.0676033,0.0404189,-1.10703,-1.03884,0.294665,0.301649
1.48,8.32369,8.27034,6.74304,6.74678,2.9213,3.00917,4.7762,4.85229,-0.206786,-0.1654,2.06121,2.13639,0.534426,0.544765,-0.355029,-0.359283,0.277015,0.269897,0.0598783,0.0321932,-1.0637,-0.995693,0.295524,0.302492
1.49,8.37136,8.31859,6.74063,6.74476,2.94191,3.02943,4.75788,4.8347,-0.276116,-0.235055,2.06047,2.13439,0.534988,0.544852,-0.365453,-0.370375,0.279974,0.272922,0.0526035,0.0243739,-1.02114,-0.953437,0.296367,0.303312
1.5,8.41884,8.36661,6.73752,6.74203,2.96251,3.04949,4.73875,4.81623,-0.34612,-0.30537,2.05973,2.13238,0.535479,0.544882,-0.375455,-0.380861,0.282942,0.275952,0.0457616,0.0169469,-0.979401,-0.912101,0.297196,0.304109
1.51,8.46613,8.41439,6.7337,6.73859,2.9831,3.06937,4.71886,4.79693,-0.416782,-0.376333,2.059,2.13036,0.535904,0.544858,-0.385043,-0.390756,0.285918,0.278987,0.0393358,0.00990175,-0.938518,-0.871716,0.298009,0.304883
1.52,8.51322,8.46193,6.72918,6.73443,3.00369,3.08908,4.69824,4.77683,-0.488087,-0.447923,2.05826,2.12834,0.536267,0.544786,-0.394228,-0.400075,0.288902,0.282025,0.0333095,0.00322842,-0.898525,-0.832305,0.298807,0.305634
1.53,8.56009,8.50925,6.72394,6.72954,3.02427,3.10861,4.67693,4.75599,-0.560019,-0.520118,2.05753,2.12632,0.536572,0.544671,-0.403017,-0.408834,0.291894,0.285069,0.0276666,-0.00308562,-0.859448,-0.793885,0.299589,0.306364
1.54,8.60675,8.55632,6.71798,6.72392,3.04484,3.12798,4.65497,4.73446,-0.63256,-0.592894,2.0568,2.12429,0.536822,0.544517,-0.41142,-0.417051,0.294894,0.288116,0.022391,-0.00904465,-0.821311,-0.756476,0.300357,0.307073
1.55,8.65319,8.60317,6.71129,6.71757,3.0654,3.14719,4.63239,4.71227,-0.705694,-0.666235,2.05607,2.12228,0.537021,0.544328,-0.419446,-0.424747,0.297901,0.291167,0.0174673,-0.0146606,-0.784134,-0.72008,0.30111,0.307762
1.56,8.6994,8.64978,6.70386,6.71048,3.08596,3.16626,4.60923,4.68948,-0.779405,-0.740111,2.05534,2.12026,0.537172,0.544107,-0.427106,-0.431942,0.300916,0.294222,0.0128801,-0.0199361,-0.747931,-0.684704,0.301848,0.308431
1.57,8.74537,8.69615,6.6957,6.70266,3.10651,3.18521,4.58553,4.66614,-0.853674,-0.814505,2.05462,2.11826,0.53728,0.543858,-0.434408,-0.438658,0.303938,0.29728,0.00861474,-0.0248814,-0.712715,-0.650349,0.30257,0.309081
1.58,8.79111,8.7423,6.68679,6.69409,3.12705,3.20402,4.5613,4.64228,-0.928484,-0.889389,2.0539,2.11627,0.537346,0.543583,-0.441364,-0.444918,0.306968,0.300342,0.00465658,-0.0294998,-0.678494,-0.617012,0.303278,0.309713
1.59,8.8366,8.7882,6.67713,6.68477,3.14759,3.22273,4.5366,4.61795,-1.00382,-0.964742,2.05318,2.11429,0.537374,0.543286,-0.447982,-0.450742,0.310004,0.303405,0.000991561,-0.0337948,-0.645275,-0.584693,0.303971,0.310326
1.6,8.88184,8.83387,6.66671,6.67472,3.16812,3.24134,4.51146,4.5932,-1.07966,-1.04054,2.05247,2.11234,0.537367,0.542969,-0.454272,-0.456156,0.313047,0.306471,-0.00239406,-0.0377699,-0.613059,-0.553379,0.304648,0.310923
1.61,8.92683,8.8793,6.65553,6.66392,3.18864,3.25986,4.4859,4.56806,-1.15599,-1.11676,2.05176,2.1104,0.537327,0.542635,-0.460246,-0.461181,0.316097,0.309537,-0.00551364,-0.0414286,-0.581848,-0.523064,0.305311,0.311503
1.62,8.97156,8.92449,6.64359,6.65237,3.20915,3.27829,4.45995,4.54259,-1.23279,-1.19338,2.05106,2.10849,0.537257,0.542285,-0.465913,-0.46584,0.319153,0.312605,-0.00838012,-0.0447712,-0.551639,-0.493741,0.30596,0.312067
1.63,9.01602,8.96944,6.63087,6.64007,3.22966,3.29666,4.43366,4.51681,-1.31004,-1.27037,2.05036,2.10662,0.53716,0.541923,-0.471282,-0.470155,0.322216,0.315673,-0.0110061,-0.0477979,-0.522427,-0.465397,0.306593,0.312615
1.64,9.06023,9.01414,6.61738,6.62703,3.25016,3.31497,4.40704,4.49077,-1.38773,-1.34771,2.04966,2.10477,0.537038,0.54155,-0.476365,-0.474149,0.325285,0.318741,-0.0134037,-0.050514,-0.494206,-0.438016,0.307212,0.313149
1.65,9.10416,9.0586,6.60312,6.61324,3.27065,3.33322,4.38013,4.46451,-1.46584,-1.4254,2.04897,2.10296,0.536893,0.541167,-0.48117,-0.477842,0.32836,0.321808,-0.0155848,-0.0529151,-0.466968,-0.411589,0.307815,0.313668
1.66,9.14783,9.1028,6.58807,6.59871,3.29114,3.35143,4.35295,4.43806,-1.54436,-1.50339,2.04829,2.1012,0.536727,0.540779,-0.485707,-0.481256,0.331441,0.324875,-0.0175608,-0.0550046,-0.440702,-0.3861,0.308405,0.314174
1.67,9.19122,9.14675,6.57223,6.58343,3.31162,3.36962,4.32554,4.41144,-1.62326,-1.58167,2.04761,2.09947,0.536542,0.540385,-0.489987,-0.484412,0.334528,0.327939,-0.0193427,-0.0567789,-0.415397,-0.361532,0.308979,0.314666
1.68,9.23434,9.19045,6.5556,6.5674,3.33209,3.38778,4.29792,4.38471,-1.70253,-1.66023,2.04693,2.09779,0.53634,0.539988,-0.494018,-0.487327,0.337621,0.331002,-0.0209411,-0.0582402,-0.39104,-0.337873,0.309539,0.315146
1.69,9.27718,9.23388,6.53818,6.55063,3.35256,3.40592,4.27011,4.35788,-1.78215,-1.73905,2.04626,2.09616,0.536124,0.539589,-0.497811,-0.490022,0.340719,0.334062,-0.0223663,-0.0593869,-0.367616,-0.315105,0.310084,0.315613
1.7,9.31974,9.27705,6.51996,6.53311,3.37301,3.42407,4.24214,4.33098,-1.86211,-1.81811,2.0456,2.09458,0.535894,0.539191,-0.501374,-0.492513,0.343822,0.33712,-0.0236282,-0.0602192,-0.34511,-0.293213,0.310615,0.316069
1.71,9.36202,9.31995,6.50093,6.51485,3.39347,3.44221,4.21405,4.30404,-1.9424,-1.89739,2.04494,2.09306,0.535652,0.538795,-0.504716,-0.494818,0.346931,0.340175,-0.0247364,-0.0607383,-0.323505,-0.272177,0.311131,0.316513
1.72,9.40402,9.36259,6.48111,6.49584,3.41391,3.46037,4.18584,4.27708,-2.02299,-1.97688,2.04429,2.09159,0.535399,0.538402,-0.507847,-0.496953,0.350045,0.343226,-0.0256999,-0.0609442,-0.302785,-0.251986,0.311633,0.316946
1.73,9.44574,9.40495,6.46047,6.47609,3.43435,3.47855,4.15754,4.25012,-2.10388,-2.05658,2.04364,2.09018,0.535138,0.538014,-0.510775,-0.498933,0.353164,0.346274,-0.0265276,-0.0608416,-0.28293,-0.232617,0.31212,0.317368
1.74,9.48717,9.44704,6.43903,6.45558,3.45479,3.49676,4.12917,4.22319,-2.18505,-2.13645,2.043,2.08882,0.534869,0.537633,-0.513508,-0.500772,0.356287,0.349318,-0.0272279,-0.060431,-0.263922,-0.214058,0.312593,0.31778
1.75,9.52832,9.48886,6.41677,6.43434,3.47521,3.51501,4.10076,4.19631,-2.26648,-2.21651,2.04237,2.08753,0.534594,0.53726,-0.516056,-0.502483,0.359416,0.352359,-0.027809,-0.0597152,-0.245741,-0.196287,0.313051,0.318182
1.76,9.56919,9.5304,6.3937,6.41235,3.49563,3.53329,4.07233,4.16948,-2.34817,-2.29673,2.04174,2.08631,0.534313,0.536897,-0.518426,-0.50408,0.362548,0.355397,-0.0282786,-0.058703,-0.228368,-0.179287,0.313496,0.318574
1.77,9.60977,9.57166,6.36981,6.3896,3.51605,3.55163,4.04388,4.14273,-2.4301,-2.37712,2.04112,2.08514,0.534029,0.536544,-0.520626,-0.505573,0.365685,0.358431,-0.0286442,-0.0574002,-0.211782,-0.163043,0.313926,0.318957
1.78,9.65007,9.61264,6.3451,6.36611,3.53646,3.57003,4.01546,4.11606,-2.51225,-2.45765,2.0405,2.08404,0.533741,0.536203,-0.522664,-0.506973,0.368827,0.361461,-0.0289129,-0.0558128,-0.195962,-0.147536,0.314341,0.319331
1.79,9.69008,9.65335,6.31956,6.34186,3.55686,3.58849,3.98706,4.0895,-2.59462,-2.53833,2.03989,2.08301,0.533451,0.535876,-0.524547,-0.508291,0.371972,0.364488,-0.0290915,-0.0539579,-0.180888,-0.132749,0.314743,0.319696
1.8,9.72981,9.69377,6.2932,6.31686,3.57725,3.60703,3.95871,4.06304,-2.67719,-2.61915,2.03929,2.08204,0.533159,0.535564,-0.526284,-0.509535,0.375122,0.367513,-0.0291864,-0.0518433,-0.166539,-0.118663,0.31513,0.320052
1.81,9.76925,9.73392,6.26602,6.29109,3.59764,3.62564,3.93042,4.0367,-2.75996,-2.70011,2.03869,2.08114,0.532867,0.535266,-0.527881,-0.510714,0.378275,0.370534,-0.029204,-0.0494889,-0.152892,-0.105263,0.315503,0.320399
1.82,9.80842,9.7738,6.238,6.26456,3.61803,3.64433,3.90221,4.01048,-2.84291,-2.78121,2.0381,2.0803,0.532576,0.534985,-0.529344,-0.511836,0.381432,0.373553,-0.02915,-0.0469121,-0.139928,-0.0925265,0.315862,0.320739
1.83,9.8473,9.8134,6.20916,6.23726,3.63841,3.66312,3.8741,3.9844,-2.92603,-2.86244,2.03752,2.07953,0.532285,0.534721,-0.530681,-0.512907,0.384592,0.37657,-0.0290302,-0.0441336,-0.127624,-0.0804406,0.316207,0.32107
1.84,9.8859,9.85273,6.17948,6.20918,3.65878,3.68199,3.8461,3.95846,-3.00931,-2.9438,2.03694,2.07883,0.531995,0.534474,-0.531899,-0.513934,0.387756,0.379585,-0.0288498,-0.0411801,-0.11596,-0.0689865,0.316538,0.321393
1.85,9.92422,9.89179,6.14897,6.18032,3.67915,3.70096,3.81821,3.93265,-3.09275,-3.02531,2.03637,2.07819,0.531708,0.534245,-0.533003,-0.514923,0.390923,0.382598,-0.028614,-0.0380795,-0.104914,-0.0581456,0.316855,0.321709
1.86,9.96226,9.93059,6.11763,6.15066,3.69951,3.72003,3.79047,3.907,-3.17633,-3.10695,2.03581,2.07761,0.531423,0.534035,-0.533999,-0.515879,0.394093,0.385611,-0.0283276,-0.0348669,-0.0944647,-0.0479014,0.317158,0.322017
1.87,10,9.96913,6.08544,6.12021,3.71986,3.7392,3.76286,3.88149,-3.26005,-3.18873,2.03525,2.0771,0.531141,0.533841,-0.534894,-0.516806,0.397266,0.388623,-0.0279952,-0.0315782,-0.0845922,-0.038234,0.317448,0.322318
1.88,10.0375,10.0074,6.05242,6.08895,3.74021,3.75848,3.73542,3.85613,-3.34389,-3.27066,2.0347,2.07665,0.530863,0.533666,-0.535693,-0.517709,0.400442,0.391635,-0.0276211,-0.0282571,-0.0752756,-0.0291329,0.317723,0.322611
1.89,10.0747,10.0454,6.01857,6.05686,3.76056,3.77787,3.70814,3.83093,-3.42785,-3.35275,2.03416,2.07626,0.530589,0.533506,-0.536401,-0.518592,0.40362,0.394648,-0.0272094,-0.0249498,-0.0664944,-0.0205753,0.317985,0.322897
1.9,10.1117,10.0832,5.98387,6.02395,3.78089,3.79736,3.68104,3.80589,-3.51193,-3.43499,2.03362,2.07594,0.530319,0.533363,-0.537024,-0.519457,0.406801,0.397661,-0.026764,-0.0217124,-0.0582287,-0.0125456,0.318233,0.323177
1.91,10.1484,10.1208,5.94833,5.9902,3.80123,3.81696,3.65413,3.781,-3.59611,-3.51741,2.03309,2.07566,0.530054,0.533233,-0.537567,-0.520307,0.409985,0.400676,-0.0262886,-0.0186023,-0.0504585,-0.00502585,0.318467,0.323449
1.92,10.1848,10.1581,5.91194,5.95559,3.82156,3.83667,3.62742,3.75627,-3.68039,-3.59999,2.03256,2.07545,0.529794,0.533115,-0.538035,-0.521145,0.413171,0.403693,-0.0257865,-0.01569,-0.0431646,0.00199863,0.318687,0.323715
1.93,10.2209,10.1952,5.87472,5.92012,3.84188,3.85648,3.60091,3.7317,-3.76477,-3.68277,2.03204,2.07529,0.529538,0.533007,-0.538432,-0.521973,0.416358,0.406712,-0.0252611,-0.0130469,-0.0363277,0.00854787,0.318894,0.323973
1.94,10.2568,10.2321,5.83665,5.88377,3.8622,3.87639,3.57462,3.70729,-3.84923,-3.76573,2.03153,2.07519,0.529288,0.532905,-0.538763,-0.522793,0.419548,0.409734,-0.0247155,-0.0107592,-0.0299293,0.0146339,0.319088,0.324226
1.95,10.2924,10.2687,5.79773,5.84652,3.88251,3.89641,3.54855,3.68304,-3.93377,-3.8489,2.03103,2.07513,0.529044,0.532804,-0.539032,-0.523606,0.42274,0.41276,-0.0241524,-0.00891948,-0.0239508,0.0202764,0.319268,0.324472
1.96,10.3278,10.3052,5.75797,5.80838,3.90282,3.91651,3.5227,3.65895,-4.01839,-3.93226,2.03053,2.07512,0.528805,0.532701,-0.539243,-0.524412,0.425934,0.415789,-0.0235746,-0.00762976,-0.0183745,0.0254916,0.319434,0.324711
1.97,10.3629,10.3415,5.71737,5.76931,3.92312,3.93671,3.49709,3.63503,-4.10308,-4.01584,2.03004,2.07516,0.528573,0.532588,-0.539401,-0.525214,0.429129,0.418823,-0.0229845,-0.00700367,-0.0131828,0.0302993,0.319587,0.324943
1.98,10.3977,10.3775,5.67591,5.72932,3.94342,3.95698,3.47173,3.61126,-4.18784,-4.09964,2.02955,2.07525,0.528346,0.532459,-0.539508,-0.526011,0.432325,0.421861,-0.0223847,-0.007172,-0.00835858,0.034712,0.319727,0.32517
1.99,10.4323,10.4134,5.63361,5.68838,3.96371,3.97732,3.4466,3.58766,-4.27267,-4.18364,2.02907,2.07537,0.528125,0.532306,-0.539569,-0.526805,0.435523,0.424904,-0.0217772,-0.00826789,-0.00388518,0.0387523,0.319853,0.325389
2,10.4666,10.4491,5.59046,5.64651,3.984,3.99772,3.42173,3.56423,-4.35755,-4.26786,2.0286,2.07554,0.52791,0.532119,-0.539587,-0.527594,0.438722,0.427951,-0.021164,-0.0104497,0.000253627,0.042435,0.319966,0.325603
2.01,10.5007,10.4845,5.54646,5.60369,4.00428,4.01816,3.39712,3.54095,-4.44248,-4.35227,2.02813,2.07574,0.527702,0.531885,-0.539565,-0.528379,0.441923,0.431002,-0.0205472,-0.0138815,0.00407362,0.045777,0.320066,0.325809
2.02,10.5346,10.5198,5.50161,5.55991,4.02456,4.03863,3.37277,3.51784,-4.52747,-4.43687,2.02767,2.07597,0.527499,0.531591,-0.539507,-0.52916,0.445124,0.434058,-0.0199285,-0.018749,0.00759013,0.0487987,0.320153,0.326008
2.03,10.5682,10.5549,5.45591,5.51519,4.04484,4.05912,3.34868,3.49489,-4.61251,-4.52163,2.02722,2.07623,0.527303,0.531222,-0.539414,-0.529936,0.448326,0.437118,-0.0193099,-0.0252521,0.010818,0.0515188,0.320226,0.3262
2.04,10.6016,10.5899,5.40936,5.46952,4.06511,4.0796,3.32486,3.47211,-4.69759,-4.60652,2.02677,2.07652,0.527113,0.53076,-0.539291,-0.530706,0.451528,0.440181,-0.018661,-0.0336058,0.0137718,0.0539557,0.320287,0.326385
2.05,10.6347,10.6246,5.36196,5.42292,4.08537,4.10005,3.30132,3.44948,-4.78271,-4.69151,2.02633,2.07683,0.526931,0.530184,-0.53914,-0.531467,0.454731,0.443246,-0.0183189,-0.0440379,0.0164654,0.0561278,0.320334,0.326562
2.06,10.6676,10.659,5.3137,5.3754,4.10563,4.12046,3.27805,3.42701,-4.86788,-4.77656,2.02589,2.07716,0.52672,0.529472,-0.538963,-0.53222,0.457935,0.446313,-0.0252862,-0.0567957,0.0189123,0.0580606,0.320369,0.32673
2.07,10.7002,10.6933,5.2646,5.32698,4.12589,4.14081,3.25505,3.4047,-4.95307,-4.86161,2.02546,2.0775,0.526397,0.528596,-0.538762,-0.532961,0.461139,0.44938,-0.0405077,-0.0721358,0.0211257,0.0597671,0.32039,0.32689
2.08,10.7327,10.7274,5.21464,5.27767,4.14614,4.16108,3.23232,3.38253,-5.03826,-4.9466,2.02504,2.07786,0.525885,0.52753,-0.538541,-0.533689,0.464343,0.452445,-0.063241,-0.0903273,0.0231181,0.0612688,0.320399,0.327041
2.09,10.7649,10.7611,5.16383,5.22751,4.16639,4.18124,3.20984,3.36049,-5.12342,-5.03148,2.02462,2.07822,0.52511,0.52624,-0.538301,-0.534398,0.467547,0.455508,-0.0927934,-0.111645,0.0249019,0.0625852,0.320395,0.327181
2.1,10.7969,10.7947,5.11217,5.17652,4.18663,4.20129,3.18759,3.33859,-5.20851,-5.11618,2.02421,2.07859,0.524008,0.524693,-0.538044,-0.535086,0.47075,0.458567,-0.128519,-0.136361,0.0264887,0.0637382,0.320378,0.327312
2.11,10.8286,10.8279,5.05966,5.12472,4.20687,4.22121,3.16555,3.31679,-5.29347,-5.20061,2.0238,2.07896,0.522521,0.522851,-0.537772,-0.535748,0.473954,0.461619,-0.169819,-0.16475,0.0278898,0.0647414,0.320348,0.327431
2.12,10.8602,10.8609,5.0063,5.07214,4.22711,4.24099,3.14369,3.29509,-5.37826,-5.28472,2.0234,2.07933,0.520595,0.520675,-0.537486,-0.53638,0.477157,0.464664,-0.216134,-0.19707,0.0291162,0.0656138,0.320306,0.327539
2.13,10.8915,10.8936,4.9521,5.01881,4.24734,4.26064,3.12198,3.27346,-5.4628,-5.36842,2.02301,2.07968,0.518183,0.518121,-0.53719,-0.536974,0.48036,0.4677,-0.266949,-0.233565,0.0301784,0.0663736,0.320251,0.327634
2.14,10.9226,10.926,4.89705,4.96475,4.26757,4.28016,3.10038,3.25188,-5.54703,-5.45165,2.02262,2.08003,0.515243,0.515148,-0.536883,-0.537526,0.483562,0.470726,-0.321787,-0.274437,0.0310865,0.0670304,0.320183,0.327716
2.15,10.9535,10.958,4.84116,4.90998,4.2878,4.29956,3.07886,3.23032,-5.63087,-5.53435,2.02224,2.08036,0.511735,0.51171,-0.536569,-0.538028,0.486764,0.473741,-0.380208,-0.319861,0.03185,0.0675963,0.320103,0.327785
2.16,10.9842,10.9898,4.78443,4.85451,4.30802,4.31886,3.05737,3.20875,-5.71426,-5.61646,2.02186,2.08067,0.507628,0.507763,-0.536247,-0.538473,0.489964,0.476744,-0.441807,-0.369953,0.0324784,0.0680839,0.320011,0.32784
2.17,11.0147,11.0213,4.72688,4.79835,4.32823,4.33808,3.03586,3.18712,-5.7971,-5.69792,2.02149,2.08096,0.50289,0.503264,-0.535919,-0.538855,0.493164,0.479735,-0.506214,-0.424771,0.0329804,0.0684948,0.319906,0.32788
2.18,11.0449,11.0525,4.66849,4.7415,4.34845,4.35726,3.0143,3.16539,-5.87933,-5.7787,2.02113,2.08122,0.497495,0.498168,-0.535588,-0.539167,0.496362,0.482715,-0.573091,-0.484292,0.0333646,0.0688345,0.319789,0.327905
2.19,11.075,11.0833,4.60929,4.68396,4.36866,4.37643,2.99263,3.14353,-5.96086,-5.85875,2.02076,2.08146,0.491421,0.492438,-0.535252,-0.539403,0.49956,0.485684,-0.642129,-0.548416,0.0336391,0.0691047,0.319659,0.327916
2.2,11.1048,11.114,4.54928,4.62572,4.38886,4.39564,2.9708,3.12149,-6.04161,-5.93804,2.02041,2.08166,0.484647,0.486037,-0.534915,-0.539558,0.502756,0.488645,-0.713049,-0.616946,0.0338117,0.0693064,0.319517,0.327911
2.21,11.1344,11.1443,4.48846,4.56677,4.40906,4.41492,2.94876,3.09922,-6.12149,-6.01654,2.02006,2.08182,0.477155,0.478933,-0.534577,-0.53963,0.50595,0.491599,-0.7856,-0.689593,0.0338898,0.069435,0.319363,0.327891
2.22,11.1637,11.1744,4.42685,4.5071,4.42926,4.43432,2.92645,3.07668,-6.20043,-6.09422,2.01972,2.08195,0.46893,0.471102,-0.534238,-0.539616,0.509143,0.49455,-0.859557,-0.765964,0.0338805,0.0694879,0.319197,0.327855
2.23,11.1929,11.2043,4.36446,4.4467,4.44946,4.45387,2.90384,3.05382,-6.27834,-6.17105,2.01938,2.08204,0.459959,0.462523,-0.533899,-0.539519,0.512334,0.497499,-0.934717,-0.84557,0.0337906,0.0694561,0.319019,0.327804
2.24,11.2218,11.234,4.30129,4.38557,4.46965,4.47359,2.88085,3.0306,-6.35514,-6.247,2.01904,2.08208,0.450232,0.453184,-0.533562,-0.53934,0.515523,0.500451,-1.0109,-0.927827,0.0336263,0.0693334,0.318829,0.327738
2.25,11.2505,11.2634,4.23736,4.3237,4.48984,4.49352,2.85744,3.00697,-6.43076,-6.322,2.01872,2.08208,0.439738,0.443079,-0.533227,-0.539086,0.51871,0.50341,-1.08796,-1.01207,0.033394,0.069118,0.318627,0.327657
2.26,11.279,11.2926,4.17268,4.26108,4.51002,4.51366,2.83355,2.98291,-6.50512,-6.39603,2.01839,2.08203,0.42847,0.432209,-0.532894,-0.538764,0.521896,0.50638,-1.16575,-1.09757,0.0330992,0.0688026,0.318412,0.32756
2.27,11.3072,11.3216,4.10726,4.19774,4.53021,4.53402,2.80913,2.95836,-6.57814,-6.469,2.01807,2.08193,0.416421,0.420582,-0.532565,-0.538386,0.525079,0.509364,-1.24415,-1.18353,0.0327477,0.0683792,0.318186,0.327449
2.28,11.3352,11.3504,4.04112,4.13368,4.55039,4.5546,2.78413,2.9333,-6.64975,-6.54087,2.01776,2.08178,0.403586,0.408211,-0.53224,-0.537962,0.528259,0.512367,-1.32308,-1.26914,0.0323445,0.0678483,0.317949,0.327323
2.29,11.3629,11.379,3.97427,4.0689,4.57056,4.57539,2.75849,2.90769,-6.71988,-6.61155,2.01745,2.08158,0.389958,0.395115,-0.531918,-0.537507,0.531438,0.515394,-1.40245,-1.35357,0.0318946,0.0672057,0.317699,0.327182
2.3,11.3903,11.4073,3.90673,4.00344,4.59073,4.59636,2.73215,2.88151,-6.78847,-6.68097,2.01715,2.08132,0.375535,0.381321,-0.531602,-0.537034,0.534613,0.518447,-1.48219,-1.43601,0.0314027,0.0664483,0.317438,0.327026
2.31,11.4175,11.4354,3.83851,3.93731,4.6109,4.6175,2.70507,2.85472,-6.85544,-6.74905,2.01685,2.081,0.360313,0.366855,-0.53129,-0.536558,0.537786,0.521531,-1.56227,-1.51567,0.0308731,0.0655801,0.317165,0.326856
2.32,11.4444,11.4633,3.76962,3.87053,4.63107,4.63877,2.6772,2.82728,-6.92074,-6.81572,2.01655,2.08063,0.34429,0.35175,-0.530984,-0.536095,0.540957,0.52465,-1.6426,-1.59182,0.0303101,0.0646032,0.316881,0.326671
2.33,11.471,11.4908,3.7001,3.80313,4.65124,4.66013,2.64847,2.79916,-6.98431,-6.8809,2.01626,2.0802,0.327462,0.336041,-0.530684,-0.535656,0.544124,0.527805,-1.72213,-1.66379,0.0297176,0.0635172,0.316585,0.326471
2.34,11.4974,11.5181,3.62994,3.73511,4.6714,4.68156,2.61885,2.77034,-7.04608,-6.94452,2.01598,2.07972,0.309882,0.319765,-0.53039,-0.535255,0.547288,0.530999,-1.79208,-1.73101,0.0290993,0.0623313,0.316278,0.326257
2.35,11.5234,11.5451,3.55918,3.6665,4.69156,4.70303,2.58828,2.74077,-7.10601,-7.00652,2.0157,2.07917,0.291652,0.30296,-0.530102,-0.534903,0.550449,0.534234,-1.85235,-1.79297,0.0284586,0.0610535,0.315959,0.326029
2.36,11.5491,11.5718,3.48783,3.5973,4.71171,4.72449,2.55672,2.71041,-7.16406,-7.06684,2.01542,2.07857,0.272866,0.285666,-0.529821,-0.534608,0.553607,0.537511,-1.90353,-1.84927,0.0277988,0.0596882,0.315629,0.325786
2.37,11.5746,11.5982,3.41591,3.52753,4.73186,4.74593,2.52415,2.67923,-7.22022,-7.12544,2.01515,2.07791,0.25361,0.267925,-0.529547,-0.534379,0.556762,0.54083,-1.9462,-1.89962,0.0271229,0.0582484,0.315287,0.32553
2.38,11.5996,11.6242,3.34343,3.4572,4.75201,4.76731,2.49054,2.64718,-7.27446,-7.18228,2.01488,2.0772,0.233968,0.249778,-0.529279,-0.534219,0.559913,0.544192,-1.98092,-1.94378,0.0264339,0.0567393,0.314935,0.325258
2.39,11.6244,11.65,3.27042,3.38631,4.77216,4.7886,2.45586,2.61422,-7.32679,-7.23733,2.01462,2.07644,0.214017,0.231269,-0.529018,-0.534133,0.563061,0.547595,-2.00821,-1.98165,0.0257343,0.0551784,0.314571,0.324973
2.4,11.6487,11.6754,3.1969,3.31487,4.79231,4.80978,2.4201,2.58032,-7.37718,-7.29055,2.01436,2.07563,0.193827,0.212441,-0.528764,-0.534122,0.566204,0.551039,-2.02858,-2.01318,0.0250268,0.053574,0.314196,0.324674
2.41,11.6728,11.7005,3.12289,3.24289,4.81245,4.83083,2.38323,2.54542,-7.42566,-7.34194,2.01411,2.07477,0.173466,0.193338,-0.528517,-0.534185,0.569344,0.55452,-2.04251,-2.0384,0.0243134,0.0519353,0.31381,0.324361
2.42,11.6964,11.7252,3.0484,3.17036,4.83259,4.85174,2.34525,2.50949,-7.47223,-7.39148,2.01386,2.07387,0.152997,0.174004,-0.528278,-0.534319,0.572481,0.558038,-2.05046,-2.05742,0.0235966,0.0502805,0.313413,0.324035
2.43,11.7197,11.7496,2.97345,3.0973,4.85273,4.8725,2.30615,2.4725,-7.51691,-7.43916,2.01361,2.07294,0.132476,0.154485,-0.528045,-0.534522,0.575613,0.561588,-2.05288,-2.0704,0.0228781,0.0486158,0.313006,0.323695
2.44,11.7425,11.7736,2.89806,3.0237,4.87286,4.89309,2.26593,2.4344,-7.55971,-7.485,2.01337,2.07197,0.111956,0.134825,-0.52782,-0.534789,0.578741,0.565167,-2.05017,-2.07756,0.02216,0.0469577,0.312587,0.323342
2.45,11.765,11.7972,2.82226,2.94959,4.89299,4.91351,2.22456,2.39517,-7.60065,-7.52898,2.01313,2.07098,0.0914879,0.115068,-0.527602,-0.535113,0.581864,0.568771,-2.04275,-2.07916,0.0214438,0.0453122,0.312157,0.322976
2.46,11.787,11.8204,2.74606,2.87496,4.91312,4.93375,2.18206,2.35478,-7.63976,-7.57113,2.0129,2.06996,0.0711157,0.0952589,-0.527391,-0.535487,0.584984,0.572396,-2.031,-2.07549,0.0207312,0.0436941,0.311717,0.322597
2.47,11.8086,11.8432,2.66947,2.79984,4.93325,4.95383,2.13843,2.3132,-7.67706,-7.61145,2.01267,2.06893,0.0508812,0.0754411,-0.527188,-0.535905,0.588099,0.576037,-2.01527,-2.06686,0.0200236,0.0421146,0.311266,0.322205
2.48,11.8298,11.8656,2.59252,2.72424,4.95338,4.97373,2.09366,2.27041,-7.71259,-7.64997,2.01244,2.06789,0.0308224,0.0556572,-0.526991,-0.536357,0.591209,0.57969,-1.99591,-2.05362,0.0193222,0.0405779,0.310805,0.321801
2.49,11.8505,11.8876,2.51523,2.64818,4.9735,4.99346,2.04775,2.22641,-7.74636,-7.6867,2.01222,2.06685,0.010974,0.0359498,-0.526801,-0.536837,0.594315,0.58335,-1.97324,-2.03613,0.0186284,0.0390949,0.310332,0.321384
2.5,11.8707,11.9091,2.4376,2.57168,4.99362,5.01305,2.00071,2.18118,-7.77841,-7.72168,2.012,2.06581,-0.00863241,0.016358,-0.526618,-0.537334,0.597416,0.587013,-1.94758,-2.01473,0.0179432,0.037671,0.30985,0.320954
2.51,11.8905,11.9301,2.35966,2.49476,5.01374,5.03247,1.95255,2.13472,-7.80877,-7.75492,2.01178,2.06479,-0.0279685,-0.0030792,-0.526442,-0.537841,0.600512,0.590673,-1.91921,-1.98979,0.0172676,0.0363112,0.309357,0.320512
2.52,11.9098,11.9506,2.28143,2.41745,5.03386,5.05177,1.90327,2.08702,-7.83748,-7.78646,2.01157,2.06378,-0.0470084,-0.0223257,-0.526273,-0.538349,0.603603,0.594326,-1.88841,-1.96166,0.0166024,0.0350208,0.308853,0.320057
2.53,11.9286,11.9706,2.20292,2.33978,5.05397,5.07094,1.85287,2.0381,-7.86457,-7.81634,2.01136,2.0628,-0.0657294,-0.0413477,-0.52611,-0.53885,0.606689,0.597968,-1.85544,-1.9307,0.0159485,0.033799,0.30834,0.31959
2.54,11.9468,11.9901,2.12414,2.26178,5.07408,5.09,1.80137,1.98795,-7.89007,-7.84459,2.01116,2.06186,-0.0841108,-0.0601132,-0.525954,-0.539335,0.60977,0.601594,-1.82055,-1.89724,0.0153065,0.0326523,0.307815,0.319111
2.55,11.9646,12.009,2.04512,2.18347,5.09419,5.10897,1.74877,1.93659,-7.91403,-7.87124,2.01096,2.06094,-0.102135,-0.0785938,-0.525804,-0.539799,0.612845,0.6052,-1.78397,-1.86161,0.0146772,0.0315783,0.307281,0.318619
2.56,11.9818,12.0273,1.96587,2.10488,5.1143,5.12786,1.69508,1.88405,-7.93646,-7.89634,2.01076,2.06008,-0.119785,-0.0967626,-0.52566,-0.540233,0.615915,0.608784,-1.74592,-1.8241,0.0140609,0.0305741,0.306737,0.318115
2.57,11.9985,12.0451,1.8864,2.02605,5.13441,5.14669,1.64032,1.83032,-7.95742,-7.91993,2.01056,2.05926,-0.137049,-0.114597,-0.525523,-0.540631,0.61898,0.612341,-1.7066,-1.78502,0.0134583,0.0296403,0.306182,0.317598
2.58,12.0146,12.0622,1.80673,1.94698,5.15451,5.16547,1.58449,1.77544,-7.97693,-7.94204,2.01037,2.05849,-0.153914,-0.132077,-0.525391,-0.540988,0.622039,0.615869,-1.6662,-1.74462,0.0128697,0.0287752,0.305618,0.317068
2.59,12.0302,12.0787,1.72686,1.86771,5.17462,5.18422,1.5276,1.71942,-7.99504,-7.96271,2.01019,2.05778,-0.17037,-0.149184,-0.525265,-0.541298,0.625092,0.619366,-1.62491,-1.70315,0.0122954,0.0279695,0.305044,0.316526
2.6,12.0451,12.0945,1.64683,1.78826,5.19472,5.20296,1.46967,1.66228,-8.01178,-7.98199,2.01,2.05713,-0.186409,-0.165906,-0.525145,-0.541556,0.62814,0.622828,-1.58288,-1.66084,0.0117357,0.027224,0.304459,0.315971
2.61,12.0596,12.1097,1.56663,1.70865,5.21482,5.2217,1.41071,1.60405,-8.0272,-7.99993,2.00982,2.05654,-0.202026,-0.182228,-0.52503,-0.541758,0.631181,0.626256,-1.54029,-1.6179,0.0111909,0.0265312,0.303865,0.315403
2.62,12.0734,12.1243,1.48629,1.6289,5.23491,5.24045,1.35073,1.54475,-8.04132,-8.01655,2.00964,2.05601,-0.217214,-0.198143,-0.524921,-0.5419,0.634217,0.629646,-1.49727,-1.57451,0.0106611,0.0258853,0.303261,0.314821
2.63,12.0866,12.1382,1.40581,1.54902,5.25501,5.25925,1.28976,1.48441,-8.05418,-8.0319,2.00947,2.05555,-0.23197,-0.213643,-0.524817,-0.54198,0.637246,0.632999,-1.45396,-1.53083,0.0101464,0.0252796,0.302648,0.314227
2.64,12.0992,12.1514,1.32521,1.46902,5.2751,5.27808,1.22779,1.42304,-8.06583,-8.04601,2.00929,2.05516,-0.246292,-0.228723,-0.524718,-0.541994,0.64027,0.636313,-1.41049,-1.48703,0.0096469,0.0247087,0.302025,0.31362
2.65,12.1111,12.164,1.2445,1.38892,5.2952,5.29697,1.16486,1.36068,-8.0763,-8.05894,2.00912,2.05483,-0.26018,-0.243381,-0.524624,-0.541941,0.643287,0.639588,-1.36697,-1.44323,0.00916263,0.0241684,0.301392,0.312999
2.66,12.1224,12.1759,1.16369,1.30873,5.31529,5.31592,1.10097,1.29734,-8.08563,-8.0707,2.00896,2.05458,-0.273632,-0.257614,-0.524535,-0.54182,0.646298,0.642824,-1.32352,-1.39954,0.00869359,0.0236466,0.30075,0.312365
2.67,12.1331,12.1871,1.08279,1.22845,5.33538,5.33495,1.03614,1.23306,-8.09386,-8.08135,2.00879,2.05439,-0.286651,-0.271424,-0.52445,-0.541628,0.649302,0.64602,-1.28023,-1.35608,0.00823972,0.0231424,0.300098,0.311717
2.68,12.1432,12.1976,1.00181,1.14809,5.35546,5.35405,0.970389,1.16784,-8.10102,-8.0909,2.00863,2.05426,-0.299238,-0.284811,-0.52437,-0.541365,0.6523,0.649177,-1.23719,-1.31293,0.00780096,0.0226478,0.299437,0.311056
2.69,12.1525,12.2075,0.920773,1.06766,5.37555,5.37325,0.903736,1.10173,-8.10716,-8.09939,2.00847,2.05421,-0.311396,-0.297779,-0.524294,-0.541031,0.655291,0.652294,-1.19448,-1.27016,0.00737719,0.0221545,0.298766,0.310382
2.7,12.1612,12.2168,0.839674,0.987148,5.39563,5.39253,0.836198,1.03473,-8.11232,-8.10686,2.00832,2.05422,-0.323129,-0.310331,-0.524223,-0.540625,0.658275,0.655373,-1.1522,-1.22786,0.00696829,0.0216566,0.298087,0.309695
2.71,12.1693,12.2253,0.758529,0.906573,5.41571,5.41191,0.767793,0.966882,-8.11653,-8.11333,2.00817,2.05429,-0.334441,-0.322471,-0.524155,-0.540148,0.661252,0.658413,-1.11039,-1.18607,0.00657408,0.0211507,0.297398,0.308994
2.72,12.1766,12.2332,0.677347,0.825931,5.4358,5.43137,0.69854,0.898198,-8.11982,-8.11883,2.00802,2.05442,-0.345338,-0.334205,-0.524091,-0.5396,0.664223,0.661416,-1.06913,-1.14486,0.00619439,0.0206326,0.2967,0.30828
2.73,12.1832,12.2405,0.596136,0.745227,5.45587,5.45093,0.628459,0.828708,-8.12224,-8.12338,2.00787,2.05462,-0.355826,-0.345537,-0.524031,-0.538983,0.667186,0.664381,-1.02848,-1.10425,0.00582901,0.0200932,0.295993,0.307553
2.74,12.1892,12.2471,0.514905,0.664466,5.47595,5.47058,0.55757,0.758434,-8.12383,-8.12701,2.00773,2.05487,-0.36591,-0.356472,-0.523974,-0.538297,0.670143,0.66731,-0.988478,-1.0643,0.00547772,0.0195306,0.295277,0.306814
2.75,12.1944,12.2531,0.433662,0.583651,5.49603,5.49032,0.485892,0.687402,-8.12462,-8.12974,2.00758,2.05517,-0.375598,-0.367019,-0.523921,-0.537542,0.673092,0.670202,-0.949179,-1.02503,0.00514028,0.0189383,0.294552,0.306061
2.76,12.1989,12.2584,0.352415,0.502783,5.5161,5.51015,0.413446,0.615634,-8.12465,-8.1316,2.00744,2.05553,-0.384896,-0.377181,-0.523872,-0.536722,0.676034,0.67306,-0.910622,-0.986475,0.00481644,0.0183157,0.293818,0.305297
2.77,12.2026,12.2631,0.271171,0.421871,5.53618,5.53005,0.340253,0.543161,-8.12395,-8.1326,2.00731,2.05594,-0.393813,-0.386967,-0.523825,-0.535838,0.678968,0.675883,-0.872842,-0.948657,0.00450592,0.0176575,0.293076,0.304521
2.78,12.2057,12.2672,0.189938,0.340916,5.55625,5.55003,0.266333,0.470003,-8.12257,-8.13276,2.00717,2.0564,-0.402356,-0.396382,-0.523781,-0.53489,0.681895,0.678672,-0.83587,-0.911598,0.00420846,0.016964,0.292324,0.303733
2.79,12.208,12.2706,0.108722,0.259928,5.57632,5.57008,0.191707,0.39619,-8.12053,-8.13211,2.00704,2.0569,-0.410533,-0.405434,-0.523741,-0.533883,0.684815,0.681428,-0.799733,-0.875313,0.00392375,0.0162267,0.291564,0.302934
2.8,12.2095,12.2734,0.0275295,0.178911,5.59639,5.5902,0.116397,0.321748,-8.11788,-8.13066,2.00691,2.05745,-0.418353,-0.414129,-0.523703,-0.532817,0.687726,0.684152,-0.764453,-0.839818,0.00365151,0.0154531,0.290796,0.302124
2.81,12.2103,12.2756,-0.0536335,0.0978727,5.61646,5.61037,0.0404226,0.246704,-8.11464,-8.12842,2.00678,2.05803,-0.425825,-0.422475,-0.523668,-0.531697,0.69063,0.686845,-0.730049,-0.805126,0.00339143,0.0146378,0.290019,0.301305
2.82,12.2103,12.2771,-0.134761,0.0168197,5.63653,5.6306,-0.0361937,0.171082,-8.11086,-8.12543,2.00666,2.05865,-0.432957,-0.430478,-0.523635,-0.530524,0.693527,0.689509,-0.696536,-0.771247,0.0031432,0.0137859,0.289233,0.300475
2.83,12.2096,12.278,-0.215849,-0.0642379,5.65659,5.65088,-0.113431,0.0949136,-8.10655,-8.12169,2.00653,2.0593,-0.439759,-0.438147,-0.523605,-0.529303,0.696415,0.692144,-0.663927,-0.738188,0.00290651,0.0128944,0.288439,0.299637
2.84,12.208,12.2783,-0.296891,-0.145289,5.67666,5.6712,-0.191268,0.0182238,-8.10177,-8.11722,2.00641,2.05998,-0.446239,-0.445489,-0.523577,-0.528037,0.699295,0.694753,-0.632231,-0.705958,0.00268103,0.0119706,0.287637,0.298791
2.85,12.2057,12.278,-0.377883,-0.226329,5.69672,5.69156,-0.269684,-0.058961,-8.09654,-8.11205,2.00629,2.06069,-0.452406,-0.452511,-0.523551,-0.52673,0.702168,0.697336,-0.601452,-0.67456,0.00246644,0.0110188,0.286826,0.297937
2.86,12.2026,12.277,-0.45882,-0.307344,5.71678,5.71196,-0.348658,-0.136614,-8.09089,-8.10618,2.00618,2.06142,-0.458271,-0.459222,-0.523527,-0.525389,0.705032,0.699897,-0.571595,-0.643997,0.00226243,0.0100442,0.286007,0.297076
2.87,12.1988,12.2753,-0.539699,-0.388326,5.73684,5.73239,-0.428168,-0.214709,-8.08485,-8.09965,2.00606,2.06217,-0.463841,-0.465631,-0.523506,-0.524018,0.707888,0.702437,-0.542661,-0.614272,0.00206867,0.00905497,0.28518,0.29621
2.88,12.1941,12.273,-0.620516,-0.469273,5.7569,5.75286,-0.508195,-0.29323,-8.07846,-8.09247,2.00595,2.06292,-0.469127,-0.471746,-0.523486,-0.522624,0.710735,0.704959,-0.514647,-0.585386,0.00188484,0.00806563,0.284345,0.29534
2.89,12.1886,12.2701,-0.701267,-0.550166,5.77696,5.77336,-0.588717,-0.372143,-8.07173,-8.08466,2.00584,2.06369,-0.474137,-0.477576,-0.523468,-0.521218,0.713575,0.707468,-0.487552,-0.557337,0.00171061,0.00708798,0.283502,0.294467
2.9,12.1823,12.2664,-0.78195,-0.631004,5.79702,5.7939,-0.669714,-0.451437,-8.06471,-8.07625,2.00573,2.06446,-0.478881,-0.483131,-0.523452,-0.519807,0.716405,0.709966,-0.461368,-0.530127,0.00154567,0.00613803,0.282651,0.293592
2.91,12.1752,12.2621,-0.862561,-0.711779,5.81708,5.81448,-0.751166,-0.531094,-8.05742,-8.06727,2.00562,2.06522,-0.483368,-0.488419,-0.523437,-0.518405,0.719228,0.71246,-0.436089,-0.503753,0.0013897,0.00523651,0.281792,0.292718
2.92,12.1673,12.2571,-0.943097,-0.792491,5.83713,5.8351,-0.833054,-0.611104,-8.04988,-8.05774,2.00552,2.06598,-0.487606,-0.493451,-0.523424,-0.517027,0.722041,0.714955,-0.411706,-0.478214,0.00124238,0.00441267,0.280925,0.291845
2.93,12.1585,12.2513,-1.02356,-0.873134,5.85719,5.85576,-0.915358,-0.691459,-8.04212,-8.04769,2.00541,2.06672,-0.491605,-0.498238,-0.523412,-0.515692,0.724846,0.717457,-0.388209,-0.453509,0.0011034,0.00368556,0.28005,0.290976
2.94,12.149,12.2448,-1.10394,-0.953708,5.87724,5.87648,-0.998059,-0.772158,-8.03418,-8.03717,2.00531,2.06743,-0.495373,-0.502791,-0.523402,-0.514422,0.727642,0.719977,-0.365586,-0.429634,0.000972459,0.00309399,0.279168,0.290114
2.95,12.1386,12.2376,-1.18424,-1.03422,5.89729,5.89725,-1.08114,-0.85321,-8.02606,-8.02621,2.00521,2.0681,-0.498919,-0.50712,-0.523393,-0.513246,0.73043,0.722523,-0.343823,-0.406589,0.000849249,0.00267246,0.278278,0.28926
2.96,12.1273,12.2295,-1.26446,-1.11467,5.91735,5.91809,-1.16458,-0.934625,-8.0178,-8.01485,2.00512,2.06873,-0.502252,-0.511238,-0.523385,-0.512199,0.733208,0.725108,-0.322909,-0.384375,0.000733471,0.00245854,0.277381,0.288418
2.97,12.1153,12.2205,-1.3446,-1.19508,5.9374,5.93899,-1.24836,-1.01644,-8.00941,-8.00315,2.00502,2.0693,-0.50538,-0.515157,-0.523378,-0.511326,0.735977,0.727746,-0.302826,-0.362992,0.000624832,0.00248878,0.276476,0.28759
2.98,12.1024,12.2107,-1.42465,-1.27546,5.95745,5.95996,-1.33246,-1.09869,-8.00093,-7.99117,2.00493,2.0698,-0.508311,-0.518889,-0.523372,-0.510678,0.738737,0.730454,-0.28356,-0.342442,0.000523046,0.00280376,0.275564,0.286779
2.99,12.0886,12.1999,-1.50461,-1.35583,5.9775,5.98099,-1.41688,-1.18143,-7.99236,-7.97897,2.00483,2.07021,-0.511054,-0.522448,-0.523368,-0.510319,0.741488,0.733249,-0.265095,-0.322728,0.000427828,0.00342831,0.274644,0.285986
3,12.074,12.1881,-1.58449,-1.43621,5.99754,6.00209,-1.50158,-1.26475,-7.98374,-7.96664,2.00474,2.07052,-0.513616,-0.525846,-0.523364,-0.510325,0.74423,0.736154,-0.247412,-0.303854,0.000338904,0.00437339,0.273717,0.285213
3.01,12.0586,12.1753,-1.66429,-1.51663,6.01759,6.02324,-1.58656,-1.34873,-7.97508,-7.95426,2.00465,2.07069,-0.516005,-0.529095,-0.523361,-0.510784,0.746963,0.739191,-0.230494,-0.285826,0.000256002,0.00562999,0.272783,0.284457
3.02,12.0423,12.1613,-1.744,-1.59711,6.03764,6.04439,-1.6718,-1.43347,-7.96639,-7.94193,2.00457,2.07072,-0.518228,-0.532209,-0.523359,-0.511789,0.749686,0.74238,-0.214323,-0.268647,0.000178859,0.00714384,0.271842,0.283715
3.03,12.0252,12.1462,-1.82362,-1.67765,6.05768,6.0655,-1.75728,-1.5191,-7.95771,-7.92978,2.00448,2.07058,-0.520294,-0.535197,-0.523357,-0.513439,0.7524,0.745743,-0.198881,-0.252317,0.000107218,0.00883031,0.270893,0.282981
3.04,12.0072,12.13,-1.90315,-1.75826,6.07773,6.08647,-1.84299,-1.60568,-7.94903,-7.91792,2.0044,2.07024,-0.522208,-0.538064,-0.523356,-0.515823,0.755104,0.749289,-0.184149,-0.236831,4.08268e-05,0.0105499,0.269938,0.282245
3.05,11.9883,12.1125,-1.9826,-1.83886,6.09777,6.10716,-1.92892,-1.69326,-7.94039,-7.9065,2.00431,2.06967,-0.523979,-0.540813,-0.523356,-0.519002,0.757798,0.753019,-0.170106,-0.222175,-2.05579e-05,0.0121114,0.268975,0.281496
3.06,11.9686,12.094,-2.06196,-1.91933,6.11781,6.12734,-2.01504,-1.78175,-7.93179,-7.89563,2.00423,2.06885,-0.525613,-0.543436,-0.523357,-0.522981,0.760483,0.75691,-0.156735,-0.208322,-7.71737e-05,0.0132456,0.268006,0.280722
3.07,11.948,12.0744,-2.14123,-1.99951,6.13785,6.14682,-2.10136,-1.87096,-7.92325,-7.88543,2.00415,2.06774,-0.527116,-0.545915,-0.523358,-0.527679,0.763158,0.760911,-0.144015,-0.195226,-0.000129251,0.0135467,0.26703,0.279919
3.08,11.9266,12.0539,-2.22042,-2.07923,6.1579,6.16541,-2.18785,-1.96059,-7.91478,-7.87596,2.00408,2.06632,-0.528495,-0.548218,-0.523359,-0.532888,0.765824,0.764934,-0.131927,-0.182831,-0.000177014,0.0123704,0.266047,0.279085
3.09,11.9042,12.0326,-2.29953,-2.15845,6.17794,6.18316,-2.2745,-2.05032,-7.9064,-7.86718,2.004,2.06456,-0.529757,-0.550303,-0.523361,-0.538255,0.768479,0.768858,-0.120452,-0.171071,-0.00022068,0.00890687,0.265057,0.278229
3.1,11.8811,12.0106,-2.37855,-2.23735,6.19798,6.20048,-2.3613,-2.13998,-7.89812,-7.85894,2.00392,2.0625,-0.530906,-0.552129,-0.523364,-0.543286,0.771125,0.772545,-0.10957,-0.159893,-0.000260459,0.0031177,0.264061,0.277359
3.11,11.857,11.9876,-2.45749,-2.31629,6.21801,6.21802,-2.44824,-2.22957,-7.88994,-7.85094,2.00385,2.06023,-0.53195,-0.553691,-0.523367,-0.547379,0.77376,0.775884,-0.0992608,-0.149274,-0.000296553,-0.00166045,0.263058,0.27648
3.12,11.8321,11.9638,-2.53635,-2.39547,6.23805,6.23638,-2.53532,-2.31917,-7.88189,-7.84285,2.00378,2.058,-0.532893,-0.555051,-0.52337,-0.549909,0.776386,0.778841,-0.0895061,-0.139236,-0.00032916,0.00480713,0.262049,0.275591
3.13,11.8063,11.9393,-2.61513,-2.47471,6.25809,6.25561,-2.62251,-2.40865,-7.87397,-7.83443,2.00371,2.05614,-0.533742,-0.556349,-0.523158,-0.550342,0.779001,0.781487,-0.0802863,-0.129815,0.0893058,0.0392877,0.261033,0.274684
3.14,11.7797,11.9142,-2.69383,-2.55368,6.27813,6.27538,-2.70967,-2.49781,-7.86612,-7.82556,2.00364,2.0549,-0.534501,-0.557737,-0.520932,-0.548391,0.781607,0.783955,-0.0715825,-0.121016,0.359798,0.116725,0.260011,0.273752
3.15,11.7521,11.8885,-2.77245,-2.63233,6.29816,6.29543,-2.7965,-2.58662,-7.85818,-7.81628,2.00357,2.05433,-0.535175,-0.559287,-0.516184,-0.544085,0.784202,0.786366,-0.0633759,-0.112768,0.583361,0.24026,0.258983,0.272788
3.16,11.7237,11.8621,-2.85099,-2.71093,6.3182,6.31566,-2.88274,-2.67517,-7.85003,-7.80672,2.0035,2.0542,-0.53577,-0.560966,-0.509315,-0.537709,0.786786,0.788795,-0.0556481,-0.104941,0.787534,0.399964,0.257948,0.271789
3.17,11.6945,11.8347,-2.92945,-2.78973,6.33823,6.336,-2.96815,-2.76344,-7.84153,-7.79703,2.00343,2.05422,-0.53629,-0.562668,-0.500492,-0.529638,0.789361,0.791275,-0.0483807,-0.0973954,0.974118,0.579715,0.256907,0.270761
3.18,11.6644,11.8062,-3.00782,-2.86874,6.35827,6.3563,-3.05251,-2.85123,-7.83257,-7.78726,2.00337,2.05408,-0.536739,-0.564265,-0.489888,-0.520193,0.791924,0.793819,-0.0415558,-0.0900425,1.14402,0.764391,0.25586,0.269714
3.19,11.6334,11.7767,-3.0861,-2.94778,6.3783,6.37649,-3.13564,-2.93826,-7.82303,-7.77737,2.0033,2.05359,-0.537122,-0.565645,-0.477664,-0.509587,0.794478,0.796433,-0.0351559,-0.082865,1.29811,0.943247,0.254807,0.268658
3.2,11.6017,11.7462,-3.16428,-3.02665,6.39833,6.39653,-3.21739,-3.02427,-7.81283,-7.76725,2.00324,2.05267,-0.537443,-0.566732,-0.463976,-0.497937,0.797021,0.799118,-0.0291635,-0.0758948,1.43723,1.11019,0.253748,0.267601
3.21,11.5691,11.7147,-3.24236,-3.10519,6.41836,6.41648,-3.29763,-3.10907,-7.80187,-7.75676,2.00318,2.0513,-0.537707,-0.567486,-0.448967,-0.485299,0.799553,0.801873,-0.0235619,-0.0691895,1.5622,1.26261,0.252684,0.266548
3.22,11.5357,11.6823,-3.32032,-3.18331,6.4384,6.4364,-3.37627,-3.19254,-7.79007,-7.74576,2.00312,2.04952,-0.537916,-0.567905,-0.432776,-0.471709,0.802074,0.804696,-0.0183342,-0.0628062,1.67382,1.40007,0.251613,0.265501
3.23,11.5016,11.6489,-3.39815,-3.261,6.45843,6.45633,-3.45321,-3.27458,-7.77737,-7.73415,2.00306,2.04737,-0.538075,-0.568013,-0.415533,-0.457202,0.804585,0.807583,-0.0134645,-0.0567906,1.77283,1.52326,0.250537,0.264458
3.24,11.4666,11.6147,-3.47586,-3.33828,6.47846,6.47629,-3.5284,-3.35512,-7.7637,-7.72184,2.003,2.04494,-0.538186,-0.567851,-0.397359,-0.441818,0.807085,0.810528,-0.00893684,-0.051168,1.85997,1.63328,0.249454,0.263417
3.25,11.431,11.5795,-3.55342,-3.41521,6.49849,6.49628,-3.6018,-3.43408,-7.749,-7.70879,2.00295,2.04227,-0.538254,-0.567469,-0.378371,-0.425606,0.809574,0.813526,-0.0047358,-0.045942,1.93594,1.73125,0.248367,0.262375
3.26,11.3946,11.5434,-3.63084,-3.49184,6.51852,6.51627,-3.67338,-3.51138,-7.73321,-7.69495,2.00289,2.03944,-0.538282,-0.566918,-0.358675,-0.408621,0.812052,0.816572,-0.00084638,-0.0411013,2.00142,1.81815,0.247273,0.261328
3.27,11.3575,11.5065,-3.70809,-3.56824,6.53855,6.53626,-3.74312,-3.58698,-7.7163,-7.68029,2.00283,2.03651,-0.538272,-0.56625,-0.338375,-0.390919,0.814519,0.819659,0.00274604,-0.03662,2.05706,1.89477,0.246174,0.260271
3.28,11.3198,11.4687,-3.78516,-3.64446,6.55857,6.55624,-3.81102,-3.66079,-7.69822,-7.66474,2.00278,2.03352,-0.538228,-0.565509,-0.317565,-0.372557,0.816976,0.822782,0.00605567,-0.0324685,2.10348,1.96169,0.24507,0.2592
3.29,11.2813,11.4301,-3.86205,-3.72056,6.5786,6.5762,-3.87709,-3.73279,-7.67893,-7.64827,2.00273,2.03052,-0.538152,-0.564735,-0.296334,-0.353592,0.819421,0.825935,0.00909629,-0.0286084,2.14128,2.01937,0.24396,0.258111
3.3,11.2422,11.3906,-3.93873,-3.79656,6.59863,6.59618,-3.94133,-3.80293,-7.65841,-7.63081,2.00268,2.02757,-0.538047,-0.563961,-0.274766,-0.334082,0.821855,0.829111,0.0118813,-0.0250055,2.17103,2.06816,0.242846,0.257
3.31,11.2025,11.3503,-4.01521,-3.8725,6.61865,6.61619,-4.00378,-3.87122,-7.63663,-7.61231,2.00262,2.02469,-0.537915,-0.563215,-0.252938,-0.314087,0.824278,0.832303,0.0144236,-0.0216266,2.19328,2.10839,0.241725,0.255863
3.32,11.1622,11.3092,-4.09146,-3.94836,6.63868,6.63626,-4.06447,-3.93765,-7.61355,-7.59271,2.00257,2.02193,-0.537759,-0.562516,-0.230924,-0.293669,0.826689,0.835506,0.0167359,-0.0184401,2.20855,2.14039,0.2406,0.2547
3.33,11.1212,11.2675,-4.16748,-4.02415,6.65871,6.65643,-4.12341,-4.00226,-7.58917,-7.57196,2.00253,2.01929,-0.537581,-0.561879,-0.208789,-0.272892,0.82909,0.83871,0.0188301,-0.0154215,2.21733,2.16449,0.239469,0.253508
3.34,11.0797,11.225,-4.24324,-4.09985,6.67873,6.67671,-4.18066,-4.06509,-7.56345,-7.55,2.00248,2.01681,-0.537383,-0.561316,-0.186597,-0.251827,0.831479,0.841908,0.0207181,-0.012552,2.22012,2.18111,0.238334,0.252288
3.35,11.0376,11.1819,-4.31874,-4.1754,6.69876,6.69712,-4.23624,-4.1262,-7.5364,-7.52679,2.00243,2.01449,-0.537168,-0.56083,-0.164405,-0.230543,0.833856,0.845091,0.0224112,-0.0098177,2.21736,2.19069,0.237193,0.251041
3.36,10.995,11.1383,-4.39396,-4.25078,6.71878,6.71767,-4.29021,-4.18566,-7.50798,-7.5023,2.00238,2.01233,-0.536936,-0.560426,-0.142267,-0.209112,0.836223,0.848249,0.0239203,-0.00720975,2.20949,2.19372,0.236048,0.249767
3.37,10.9518,11.0941,-4.4689,-4.32594,6.7388,6.73833,-4.3426,-4.24355,-7.47819,-7.4765,2.00234,2.01034,-0.53669,-0.560102,-0.120231,-0.187606,0.838577,0.851374,0.0252559,-0.004727,2.19691,2.19071,0.234898,0.24847
3.38,10.9081,11.0496,-4.54352,-4.40082,6.75883,6.75911,-4.39346,-4.29995,-7.44703,-7.44936,2.00229,2.00852,-0.536431,-0.559857,-0.0983429,-0.166093,0.84092,0.854457,0.0264281,-0.0023682,2.18002,2.18221,0.233743,0.247151
3.39,10.8639,11.0046,-4.61783,-4.47537,6.77885,6.77998,-4.44284,-4.35495,-7.41448,-7.42087,2.00225,2.00685,-0.536162,-0.559687,-0.0766436,-0.144638,0.843252,0.857491,0.0274467,-0.000140741,2.1592,2.16874,0.232583,0.245814
3.4,10.8193,10.9592,-4.69181,-4.54956,6.79887,6.80091,-4.49078,-4.40863,-7.38055,-7.39102,2.00221,2.00534,-0.535883,-0.559588,-0.0551709,-0.123295,0.845572,0.860467,0.0283211,0.00194899,2.13479,2.15084,0.231418,0.244461
3.41,10.7741,10.9135,-4.76544,-4.62334,6.81889,6.82189,-4.53733,-4.46106,-7.34522,-7.3598,2.00216,2.00395,-0.535596,-0.559554,-0.0339587,-0.102114,0.84788,0.863381,0.0290603,0.00389064,2.10713,2.129,0.230249,0.243096
3.42,10.7285,10.8676,-4.83871,-4.6967,6.83891,6.84288,-4.58253,-4.51232,-7.3085,-7.3272,2.00212,2.00269,-0.535302,-0.559579,-0.0130381,-0.0811355,0.850177,0.866228,0.0296728,0.00567129,2.07653,2.10368,0.229076,0.24172
3.43,10.6825,10.8213,-4.9116,-4.7696,6.85894,6.86385,-4.62643,-4.56246,-7.27039,-7.29321,2.00208,2.00154,-0.535003,-0.55966,0.00756306,-0.0603906,0.852462,0.869004,0.0301669,0.00728063,2.0433,2.0753,0.227898,0.240336
3.44,10.636,10.7748,-4.98411,-4.84205,6.87896,6.8848,-4.66908,-4.61154,-7.23089,-7.25784,2.00204,2.00049,-0.534699,-0.559791,0.0278199,-0.0399022,0.854735,0.871708,0.0305506,0.00870533,2.00771,2.04424,0.226715,0.238945
3.45,10.5891,10.728,-5.05622,-4.91403,6.89898,6.9057,-4.71052,-4.65961,-7.19,-7.22108,2.002,1.99952,-0.534392,-0.559965,0.0477103,-0.0196872,0.856996,0.874339,0.0308314,0.00993577,1.97004,2.01084,0.225528,0.237551
3.46,10.5418,10.681,-5.12791,-4.98554,6.919,6.92653,-4.7508,-4.70669,-7.14773,-7.18294,2.00197,1.99862,-0.534083,-0.560179,0.0672146,0.000245694,0.859246,0.876898,0.0310165,0.0109635,1.93053,1.9754,0.224337,0.236153
3.47,10.4941,10.6337,-5.19917,-5.0566,6.93902,6.94728,-4.78996,-4.75282,-7.10409,-7.1434,2.00193,1.99778,-0.533772,-0.560428,0.0863156,0.0198924,0.861483,0.879386,0.0311129,0.0117807,1.88942,1.93816,0.223142,0.234752
3.48,10.446,10.586,-5.26998,-5.1272,6.95903,6.96795,-4.82805,-4.79802,-7.05908,-7.10248,2.00189,1.99697,-0.533461,-0.560707,0.104998,0.0392518,0.863708,0.881804,0.0311271,0.0123862,1.84694,1.89936,0.221943,0.233351
3.49,10.3975,10.5381,-5.34034,-5.19735,6.97905,6.98852,-4.8651,-4.8423,-7.01272,-7.06016,2.00185,1.9962,-0.53315,-0.56101,0.12325,0.058326,0.865922,0.884157,0.0310655,0.0127815,1.80328,1.8592,0.220739,0.231949
3.5,10.3487,10.4898,-5.41023,-5.26706,6.99907,7.009,-4.90115,-4.88566,-6.96501,-7.01645,2.00182,1.99545,-0.53284,-0.561333,0.141061,0.0771194,0.868123,0.886445,0.030934,0.0129738,1.75865,1.81785,0.219532,0.230546
3.51,10.2995,10.4412,-5.47964,-5.33633,7.01909,7.02937,-4.93626,-4.92812,-6.91597,-6.97136,2.00178,1.9947,-0.532531,-0.561669,0.158421,0.095635,0.870312,0.888674,0.0307383,0.0129736,1.71322,1.77547,0.218321,0.229144
3.52,10.25,10.3922,-5.54855,-5.40516,7.03911,7.04963,-4.97046,-4.96966,-6.86561,-6.92487,2.00175,1.99394,-0.532225,-0.562012,0.175323,0.113877,0.87249,0.890846,0.0304839,0.0128043,1.66718,1.73219,0.217105,0.227741
3.53,10.2001,10.3429,-5.61695,-5.47354,7.05912,7.06977,-5.00378,-5.0103,-6.81395,-6.87701,2.00172,1.99317,-0.531922,-0.562355,0.191763,0.131848,0.874655,0.892965,0.0301757,0.0124898,1.62066,1.68814,0.215886,0.226339
3.54,10.1499,10.2932,-5.68482,-5.54147,7.07914,7.0898,-5.03627,-5.05002,-6.761,-6.82776,2.00168,1.99238,-0.531622,-0.562692,0.207735,0.149548,0.876807,0.895034,0.0298188,0.0120655,1.57383,1.64347,0.214663,0.224938
3.55,10.0994,10.243,-5.75216,-5.60893,7.09916,7.10971,-5.06797,-5.08882,-6.70678,-6.77714,2.00165,1.99155,-0.531325,-0.563012,0.223239,0.166975,0.878948,0.897056,0.0294176,0.0115771,1.52683,1.59827,0.213437,0.223537
3.56,10.0486,10.1925,-5.81895,-5.67592,7.11917,7.1295,-5.0989,-5.1267,-6.65131,-6.72515,2.00162,1.99068,-0.531033,-0.563308,0.238272,0.184126,0.881076,0.899035,0.0289767,0.0110748,1.47976,1.55268,0.212207,0.222138
3.57,9.99742,10.1415,-5.88518,-5.74241,7.13919,7.14916,-5.12911,-5.16367,-6.5946,-6.6718,2.00159,1.98976,-0.530746,-0.563568,0.252834,0.200995,0.883192,0.900974,0.0285,0.0106225,1.43276,1.5068,0.210973,0.22074
3.58,9.94598,10.0902,-5.95084,-5.80839,7.15921,7.16869,-5.15863,-5.19973,-6.53669,-6.61711,2.00156,1.98879,-0.530464,-0.563781,0.266928,0.217572,0.885295,0.902875,0.0279916,0.0102901,1.38594,1.46075,0.209736,0.219344
3.59,9.89425,10.0385,-6.01591,-5.87383,7.17922,7.18809,-5.18749,-5.23489,-6.47759,-6.56108,2.00153,1.98776,-0.530186,-0.563936,0.280554,0.233845,0.887387,0.90474,0.027455,0.0101613,1.33938,1.41464,0.208495,0.217949
3.6,9.84223,9.98634,-6.08039,-5.9387,7.19924,7.20736,-5.21573,-5.26915,-6.41732,-6.50372,2.0015,1.98667,-0.529915,-0.564018,0.293716,0.2498,0.889465,0.906572,0.0268936,0.0103241,1.29319,1.36859,0.207251,0.216557
3.61,9.78993,9.93383,-6.14426,-6.00299,7.21925,7.2265,-5.24338,-5.30254,-6.35591,-6.44505,2.00147,1.98551,-0.529648,-0.564014,0.306419,0.265422,0.891532,0.908373,0.0263109,0.0108782,1.24744,1.32272,0.206004,0.215166
3.62,9.73736,9.88094,-6.2075,-6.06666,7.23927,7.24551,-5.27047,-5.33507,-6.29338,-6.38508,2.00144,1.98429,-0.529388,-0.563909,0.318667,0.280693,0.893585,0.910145,0.0257097,0.0119327,1.20221,1.27713,0.204753,0.213779
3.63,9.68453,9.8277,-6.27012,-6.1297,7.25928,7.26438,-5.29702,-5.36677,-6.22976,-6.32384,2.00141,1.983,-0.529134,-0.563686,0.330465,0.295594,0.895627,0.911889,0.0250931,0.0136001,1.15757,1.23193,0.2035,0.212395
3.64,9.63142,9.7741,-6.3321,-6.19208,7.27929,7.28314,-5.32307,-5.39767,-6.16508,-6.26134,2.00139,1.98164,-0.528887,-0.563329,0.341821,0.310104,0.897655,0.913606,0.0244635,0.016,1.11359,1.18724,0.202243,0.211014
3.65,9.57807,9.72016,-6.39342,-6.25378,7.29931,7.30178,-5.34865,-5.4278,-6.09935,-6.19761,2.00136,1.98022,-0.528645,-0.562821,0.352739,0.324203,0.899672,0.915298,0.0238236,0.0192571,1.07031,1.14314,0.200983,0.209636
3.66,9.52445,9.66588,-6.45408,-6.31478,7.31932,7.3203,-5.37379,-5.45719,-6.03262,-6.13266,2.00133,1.97875,-0.52841,-0.562144,0.363229,0.33787,0.901675,0.916966,0.0231756,0.0234964,1.02778,1.09973,0.19972,0.208263
3.67,9.47059,9.61128,-6.51407,-6.37507,7.33934,7.33873,-5.3985,-5.48588,-5.9649,-6.06653,2.00131,1.97722,-0.528182,-0.56128,0.373298,0.351086,0.903666,0.918612,0.0225218,0.028843,0.986059,1.0571,0.198454,0.206893
3.68,9.41648,9.55635,-6.57338,-6.43464,7.35935,7.35708,-5.42282,-5.51391,-5.89622,-5.99925,2.00128,1.97565,-0.52796,-0.560213,0.382953,0.363833,0.905644,0.920236,0.0218642,0.0354183,0.945176,1.01532,0.197185,0.205527
3.69,9.36214,9.5011,-6.63199,-6.49348,7.37936,7.37535,-5.44677,-5.54132,-5.82662,-5.93084,2.00126,1.97403,-0.527743,-0.558925,0.392204,0.376092,0.90761,0.921839,0.0217534,0.0433401,0.905165,0.974437,0.195914,0.204166
3.7,9.30755,9.44553,-6.6899,-6.55157,7.39937,7.39357,-5.47038,-5.56814,-5.75613,-5.86134,2.00123,1.97239,-0.527512,-0.557399,0.40106,0.387848,0.909562,0.923424,0.0252781,0.0527162,0.866055,0.934515,0.19464,0.202808
3.71,9.25273,9.38964,-6.74711,-6.60892,7.41939,7.41175,-5.49366,-5.59441,-5.68477,-5.7908,2.00121,1.97072,-0.527223,-0.555619,0.409528,0.399088,0.911502,0.924991,0.0330712,0.0636427,0.827873,0.895574,0.193363,0.201454
3.72,9.19768,9.33344,-6.8036,-6.66553,7.4394,7.42991,-5.51663,-5.62016,-5.61258,-5.71925,2.00119,1.96905,-0.526838,-0.553571,0.41762,0.409799,0.91343,0.926541,0.0446725,0.0762017,0.790637,0.857641,0.192083,0.200104
3.73,9.1424,9.27691,-6.85936,-6.72139,7.45941,7.44806,-5.5393,-5.64541,-5.53961,-5.64675,2.00116,1.96737,-0.526318,-0.55124,0.425344,0.419974,0.915344,0.928077,0.059727,0.0904604,0.754365,0.820707,0.190801,0.198757
3.74,9.08689,9.22004,-6.91439,-6.77652,7.47942,7.46624,-5.56166,-5.6702,-5.46589,-5.57334,2.00114,1.9657,-0.525633,-0.548615,0.432711,0.429606,0.917246,0.929597,0.0778874,0.106464,0.71907,0.78476,0.189516,0.197414
3.75,9.03117,9.16285,-6.96867,-6.83091,7.49943,7.48446,-5.58371,-5.69454,-5.39148,-5.49909,2.00112,1.96405,-0.524751,-0.545685,0.439729,0.43869,0.919134,0.931105,0.0988252,0.124238,0.684761,0.749762,0.188229,0.196074
3.76,8.97522,9.1053,-7.02221,-6.88457,7.51944,7.50273,-5.60546,-5.71844,-5.31643,-5.42405,2.0011,1.96243,-0.523648,-0.542442,0.446409,0.447225,0.92101,0.932601,0.12223,0.143785,0.651445,0.715662,0.18694,0.194736
3.77,8.91906,9.04742,-7.075,-6.9375,7.53945,7.52107,-5.62689,-5.74189,-5.24077,-5.34829,2.00108,1.96086,-0.5223,-0.53888,0.452761,0.455212,0.922873,0.934086,0.147808,0.165087,0.619125,0.682391,0.185648,0.193401
3.78,8.86268,8.98919,-7.12703,-6.98971,7.55946,7.5395,-5.64798,-5.76491,-5.16458,-5.27188,2.00105,1.95935,-0.520686,-0.534992,0.458795,0.462654,0.924723,0.93556,0.175285,0.188098,0.587803,0.649861,0.184354,0.192068
3.79,8.8061,8.9306,-7.17829,-7.04119,7.57947,7.55803,-5.66872,-5.78747,-5.08789,-5.19488,2.00103,1.95791,-0.518788,-0.530776,0.464521,0.469554,0.92656,0.937025,0.204399,0.212751,0.557478,0.617971,0.183058,0.190737
3.8,8.74931,8.87167,-7.22878,-7.09196,7.59949,7.57668,-5.6891,-5.80955,-5.01077,-5.11739,2.00101,1.95655,-0.516593,-0.526232,0.469948,0.47592,0.928384,0.93848,0.234907,0.238956,0.528144,0.586607,0.18176,0.189406
3.81,8.69232,8.81239,-7.2785,-7.14201,7.6195,7.59545,-5.70909,-5.83113,-4.93326,-5.03947,2.00099,1.95528,-0.514086,-0.521359,0.475087,0.481758,0.930195,0.939926,0.26658,0.266603,0.499798,0.555636,0.180459,0.188077
3.82,8.63513,8.75276,-7.32745,-7.19134,7.63951,7.61435,-5.72866,-5.85217,-4.85543,-4.9612,2.00098,1.95412,-0.511258,-0.516161,0.479947,0.487077,0.931994,0.941363,0.299204,0.295562,0.47243,0.524918,0.179157,0.186749
3.83,8.57775,8.69279,-7.37561,-7.23995,7.65951,7.63339,-5.7478,-5.87264,-4.77733,-4.88267,2.00096,1.95308,-0.5081,-0.510641,0.484539,0.491887,0.933779,0.94279,0.332578,0.325689,0.446031,0.494311,0.177852,0.18542
3.84,8.52018,8.6325,-7.42299,-7.28783,7.67952,7.65257,-5.76647,-5.89249,-4.69902,-4.80395,2.00094,1.95217,-0.504605,-0.504804,0.488871,0.496197,0.935551,0.944207,0.366514,0.356825,0.420591,0.463658,0.176546,0.184092
3.85,8.46242,8.57188,-7.46959,-7.33498,7.69953,7.67189,-5.78465,-5.91167,-4.62054,-4.72512,2.00092,1.95141,-0.500768,-0.498658,0.492953,0.500018,0.93731,0.945612,0.400839,0.388803,0.39557,0.432811,0.175238,0.182763
3.86,8.40448,8.51096,-7.5154,-7.38139,7.71954,7.69135,-5.80231,-5.93013,-4.54196,-4.64627,2.0009,1.95079,-0.496587,-0.492209,0.496774,0.503362,0.939055,0.947007,0.435387,0.421447,0.368117,0.401617,0.173928,0.181434
3.87,8.34637,8.44975,-7.56043,-7.42707,7.73955,7.71095,-5.81942,-5.94783,-4.46334,-4.56746,2.00088,1.95034,-0.49206,-0.485467,0.500305,0.506239,0.940788,0.948389,0.470008,0.454578,0.337714,0.369932,0.172617,0.180105
3.88,8.2881,8.38826,-7.60467,-7.47199,7.75956,7.73068,-5.83595,-5.96471,-4.38473,-4.48879,2.00087,1.95005,-0.487187,-0.47844,0.503519,0.508662,0.942508,0.949759,0.504558,0.488021,0.304777,0.33762,0.171303,0.178774
3.89,8.22966,8.32653,-7.64813,-7.51616,7.77957,7.75054,-5.85188,-5.98072,-4.30619,-4.41033,2.00085,1.94993,-0.48197,-0.47114,0.506393,0.510641,0.944214,0.951114,0.538902,0.521597,0.269627,0.304567,0.169989,0.177443
3.9,8.17106,8.26456,-7.6908,-7.55958,7.79958,7.77052,-5.8672,-5.99583,-4.22781,-4.33214,2.00083,1.95,-0.47641,-0.463575,0.508906,0.51219,0.945907,0.952456,0.572918,0.555136,0.232566,0.270664,0.168672,0.17611
3.91,8.11232,8.20238,-7.73268,-7.60223,7.81959,7.79061,-5.88187,-6.01,-4.14964,-4.25431,2.00082,1.95024,-0.470513,-0.455759,0.511039,0.51332,0.947588,0.953782,0.606488,0.588477,0.193875,0.235833,0.167354,0.174777
3.92,8.05343,8.14002,-7.77379,-7.64411,7.83959,7.81079,-5.89588,-6.0232,-4.07175,-4.1769,2.0008,1.95067,-0.464283,-0.447701,0.512779,0.514044,0.949255,0.955093,0.639506,0.621467,0.15381,0.200013,0.166035,0.173443
3.93,7.9944,8.07751,-7.81412,-7.68523,7.8596,7.83106,-5.90921,-6.0354,-3.99422,-4.09999,2.00079,1.95127,-0.457725,-0.439415,0.514111,0.514374,0.950908,0.956388,0.671872,0.653962,0.112609,0.163163,0.164714,0.172108
3.94,7.93524,8.01487,-7.85368,-7.72558,7.87961,7.8514,-5.92184,-6.04658,-3.91712,-4.02365,2.00077,1.95204,-0.450848,-0.430912,0.515028,0.514323,0.952549,0.957669,0.703495,0.685833,0.0704879,0.125278,0.163393,0.170773
3.95,7.87597,7.95214,-7.89246,-7.76517,7.89962,7.87179,-5.93377,-6.05673,-3.84052,-3.94792,2.00076,1.95299,-0.443658,-0.422205,0.515519,0.513904,0.954176,0.958936,0.73429,0.716961,0.0276452,0.086366,0.162069,0.169437
3.96,7.81657,7.88933,-7.93049,-7.80399,7.91962,7.89222,-5.94499,-6.06586,-3.7645,-3.87289,2.00074,1.95409,-0.436165,-0.413305,0.515579,0.513129,0.95579,0.960188,0.76418,0.74724,-0.0157373,0.0464586,0.160745,0.168101
3.97,7.75707,7.82648,-7.96776,-7.84205,7.93963,7.91267,-5.95547,-6.07396,-3.68911,-3.79862,2.00073,1.95534,-0.428378,-0.404224,0.515203,0.51201,0.957391,0.961428,0.793092,0.776577,-0.0594942,0.0056231,0.159419,0.166766
3.98,7.69746,7.76362,-8.00427,-7.87937,7.95964,7.93312,-5.96522,-6.08104,-3.61443,-3.72516,2.00071,1.95673,-0.420306,-0.394976,0.514388,0.510562,0.958979,0.962656,0.82096,0.804888,-0.103474,-0.0360697,0.158093,0.165431
3.99,7.63777,7.70077,-8.04005,-7.91594,7.97965,7.95357,-5.97424,-6.08712,-3.54053,-3.65256,2.0007,1.95824,-0.411962,-0.385571,0.513133,0.508794,0.960553,0.963875,0.847725,0.832109,-0.14754,-0.0785257,0.156765,0.164098
4,7.57798,7.63796,-8.07509,-7.95178,7.99965,7.97398,-5.98251,-6.09222,-3.46748,-3.58088,2.00069,1.95986,-0.403356,-0.376021,0.511437,0.50672,0.962114,0.965084,0.873331,0.858172,-0.191568,-0.121634,0.155437,0.162766
4.01,7.51812,7.57522,-8.1094,-7.98689,8.01966,7.99436,-5.99004,-6.09636,-3.39533,-3.51018,2.00067,1.96157,-0.394499,-0.366336,0.509302,0.50435,0.963662,0.966287,0.897726,0.88303,-0.235442,-0.165277,0.154107,0.161435
4.02,7.45818,7.51257,-8.143,-8.02129,8.03967,8.01467,-5.99683,-6.09958,-3.32416,-3.4405,2.00066,1.96336,-0.385405,-0.356528,0.506729,0.501695,0.965196,0.967485,0.920865,0.906639,-0.279061,-0.209327,0.152777,0.160107
4.03,7.39819,7.45001,-8.17589,-8.05499,8.05967,8.03492,-6.00289,-6.10188,-3.25401,-3.37187,2.00065,1.96521,-0.376086,-0.346606,0.503722,0.498766,0.966717,0.968681,0.942704,0.928962,-0.322331,-0.253652,0.151446,0.158781
4.04,7.33813,7.38759,-8.20808,-8.08801,8.07968,8.05509,-6.00822,-6.10333,-3.18495,-3.30435,2.00063,1.96712,-0.366556,-0.33658,0.500284,0.495572,0.968225,0.969875,0.963204,0.949966,-0.365166,-0.298116,0.150114,0.157458
4.05,7.27802,7.32529,-8.23959,-8.12037,8.09969,8.07518,-6.01283,-6.10393,-3.11703,-3.23797,2.00062,1.96905,-0.356827,-0.326458,0.496421,0.49212,0.969719,0.97107,0.982328,0.969631,-0.407489,-0.34259,0.148782,0.156137
4.06,7.21787,7.26315,-8.27042,-8.15207,8.11969,8.09517,-6.01672,-6.10372,-3.05029,-3.17275,2.00061,1.971,-0.346914,-0.316249,0.492136,0.488421,0.971201,0.972268,1.00004,0.98793,-0.449229,-0.386933,0.147449,0.154819
4.07,7.15769,7.20116,-8.3006,-8.18314,8.1397,8.11506,-6.01992,-6.10274,-2.9848,-3.10872,2.0006,1.97295,-0.336831,-0.30596,0.487438,0.484478,0.972668,0.973471,1.01632,1.00485,-0.49032,-0.431026,0.146115,0.153503
4.08,7.09748,7.13934,-8.33012,-8.21359,8.1597,8.13485,-6.02242,-6.10101,-2.92059,-3.04592,2.00059,1.97489,-0.326592,-0.2956,0.482332,0.480301,0.974123,0.974681,1.03112,1.02037,-0.530703,-0.474741,0.144781,0.152191
4.09,7.03724,7.07767,-8.35902,-8.24343,8.17971,8.15454,-6.02426,-6.09856,-2.8577,-2.98436,2.00057,1.97681,-0.316213,-0.285176,0.476827,0.475893,0.975564,0.975899,1.04444,1.03447,-0.570321,-0.517963,0.143446,0.150881
4.1,6.977,7.01618,-8.38728,-8.2727,8.19972,8.17412,-6.02543,-6.09542,-2.79618,-2.92406,2.00056,1.9787,-0.305709,-0.274695,0.470929,0.471259,0.976992,0.977127,1.05623,1.04715,-0.609123,-0.560582,0.142111,0.149574
4.11,6.91674,6.95483,-8.41494,-8.30141,8.21972,8.19361,-6.02596,-6.09162,-2.73606,-2.86502,2.00055,1.98053,-0.295094,-0.264163,0.464647,0.466403,0.978406,0.978367,1.06648,1.05839,-0.64706,-0.602497,0.140776,0.148269
4.12,6.85648,6.89365,-8.44201,-8.32957,8.23973,8.21302,-6.02587,-6.08719,-2.67737,-2.80728,2.00054,1.98232,-0.284384,-0.253589,0.457991,0.461328,0.979807,0.979619,1.07516,1.06818,-0.684084,-0.643609,0.13944,0.146967
4.13,6.79622,6.83262,-8.4685,-8.3572,8.25973,8.23233,-6.02517,-6.08214,-2.62014,-2.75083,2.00053,1.98404,-0.273596,-0.242979,0.450969,0.456037,0.981195,0.980885,1.08227,1.07651,-0.720151,-0.683833,0.138104,0.145666
4.14,6.73598,6.77172,-8.49442,-8.38432,8.27974,8.25156,-6.02389,-6.0765,-2.5644,-2.69568,2.00052,1.98568,-0.262744,-0.232342,0.443591,0.450532,0.982569,0.982165,1.08778,1.08336,-0.755217,-0.723082,0.136768,0.144366
4.15,6.67575,6.71096,-8.51979,-8.41095,8.29974,8.27073,-6.02205,-6.0703,-2.51018,-2.64184,2.00051,1.98726,-0.251846,-0.221685,0.435868,0.444813,0.98393,0.983461,1.09167,1.08874,-0.789238,-0.761284,0.135432,0.143068
4.16,6.61554,6.65031,-8.54463,-8.4371,8.31975,8.28984,-6.01967,-6.06355,-2.45749,-2.58931,2.0005,1.98875,-0.240917,-0.211017,0.42781,0.438884,0.985278,0.984773,1.09393,1.09262,-0.822171,-0.798368,0.134096,0.14177
4.17,6.55536,6.58977,-8.56894,-8.4628,8.33975,8.30889,-6.01678,-6.05628,-2.40636,-2.5381,2.00049,1.99015,-0.229973,-0.200347,0.419428,0.432743,0.986612,0.986101,1.09455,1.09501,-0.853975,-0.834268,0.132759,0.140472
4.18,6.4952,6.52933,-8.59276,-8.48806,8.35976,8.32791,-6.01339,-6.04851,-2.35679,-2.48821,2.00048,1.99146,-0.219031,-0.189687,0.410734,0.426392,0.987933,0.987446,1.09352,1.09588,-0.884607,-0.868925,0.131423,0.139174
4.19,6.43509,6.46896,-8.61608,-8.51289,8.37976,8.3469,-6.00953,-6.04026,-2.30881,-2.43964,2.00047,1.99267,-0.208108,-0.179046,0.40174,0.419832,0.989241,0.988808,1.09082,1.09523,-0.914022,-0.902281,0.130087,0.137875
4.2,6.37501,6.40868,-8.63894,-8.53731,8.39977,8.36587,-6.00522,-6.03155,-2.26243,-2.39239,2.00046,1.99379,-0.19722,-0.168437,0.392458,0.413063,0.990535,0.990185,1.08646,1.09305,-0.942177,-0.934284,0.128751,0.136575
4.21,6.31499,6.34844,-8.66134,-8.56134,8.41977,8.38483,-6.0005,-6.02241,-2.21764,-2.34647,2.00045,1.99482,-0.186384,-0.157872,0.382901,0.406085,0.991816,0.991579,1.08043,1.08934,-0.969028,-0.964883,0.127415,0.135274
4.22,6.25501,6.28826,-8.6833,-8.58498,8.43978,8.4038,-5.99538,-6.01286,-2.17447,-2.30187,2.00044,1.99574,-0.175617,-0.147368,0.373082,0.3989,0.993083,0.992987,1.07273,1.08409,-0.994528,-0.99403,0.126079,0.133971
4.23,6.19508,6.22811,-8.70483,-8.60825,8.45978,8.42278,-5.98989,-6.00291,-2.1329,-2.2586,2.00044,1.99657,-0.164935,-0.136937,0.363015,0.391508,0.994337,0.994411,1.06335,1.0773,-1.01863,-1.02168,0.124744,0.132666
4.24,6.13521,6.168,-8.72596,-8.63117,8.47978,8.44178,-5.98405,-5.9926,-2.09295,-2.21665,2.00043,1.9973,-0.154356,-0.126598,0.352714,0.38391,0.995578,0.995847,1.05231,1.06896,-1.04129,-1.04779,0.123409,0.131358
4.25,6.0754,6.1079,-8.7467,-8.65374,8.49979,8.46081,-5.9779,-5.98194,-2.05461,-2.17603,2.00042,1.99794,-0.143895,-0.116367,0.342194,0.376108,0.996806,0.997297,1.0396,1.05908,-1.06246,-1.07233,0.122075,0.130047
4.26,6.01565,6.04782,-8.76706,-8.67597,8.51979,8.47987,-5.97146,-5.97097,-2.01788,-2.13673,2.00041,1.99848,-0.133569,-0.106261,0.33147,0.368104,0.99802,0.998756,1.02524,1.04765,-1.08209,-1.09524,0.120741,0.128733
4.27,5.95597,5.98776,-8.78706,-8.69788,8.5398,8.49898,-5.96474,-5.95971,-1.98275,-2.09877,2.0004,1.99893,-0.123395,-0.0963021,0.320557,0.359902,0.99922,1.00023,1.00923,1.03468,-1.10014,-1.11648,0.119407,0.127416
4.28,5.89636,5.9277,-8.80672,-8.71948,8.5598,8.51813,-5.95779,-5.94819,-1.94923,-2.06213,2.0004,1.99929,-0.11339,-0.086508,0.309473,0.351504,1.00041,1.0017,0.991604,1.02018,-1.11655,-1.13604,0.118074,0.126096
4.29,5.83682,5.86764,-8.82605,-8.74077,8.5798,8.53734,-5.95062,-5.93644,-1.91729,-2.02682,2.00039,1.99957,-0.103569,-0.0768999,0.298232,0.342913,1.00158,1.00319,0.972369,1.00416,-1.13129,-1.15387,0.116742,0.124773
4.3,5.77735,5.80759,-8.84507,-8.76176,8.59981,8.5566,-5.94327,-5.92448,-1.88693,-1.99284,2.00038,1.99977,-0.0939478,-0.0674986,0.286853,0.334135,1.00274,1.00467,0.95155,0.986624,-1.1443,-1.16993,0.11541,0.123445
4.31,5.71795,5.74755,-8.86379,-8.78245,8.61981,8.57591,-5.93574,-5.91235,-1.85813,-1.96019,2.00037,1.99988,-0.0845429,-0.0583257,0.275352,0.325174,1.00389,1.00616,0.929175,0.967591,-1.15554,-1.1842,0.114079,0.122115
4.32,5.65863,5.68752,-8.88224,-8.80286,8.63982,8.59528,-5.92808,-5.90007,-1.83089,-1.92886,2.00037,1.99993,-0.0753694,-0.0494024,0.263748,0.316036,1.00502,1.00765,0.905273,0.947077,-1.16497,-1.19664,0.112748,0.120781
4.33,5.59939,5.62749,-8.90042,-8.823,8.65982,8.6147,-5.92031,-5.88768,-1.80518,-1.89885,2.00036,1.9999,-0.0664424,-0.0407496,0.252059,0.30673,1.00615,1.00914,0.87988,0.925105,-1.17255,-1.20724,0.111419,0.119444
4.34,5.54023,5.56749,-8.91835,-8.84286,8.67982,8.63418,-5.91244,-5.87521,-1.78098,-1.87016,2.00035,1.99981,-0.0577766,-0.0323894,0.240303,0.29726,1.00725,1.01063,0.853032,0.901699,-1.17824,-1.21596,0.11009,0.118103
4.35,5.48114,5.50751,-8.93604,-8.86246,8.69983,8.65371,-5.90451,-5.86269,-1.75829,-1.84278,2.00034,1.99965,-0.0493865,-0.024342,0.2285,0.287637,1.00835,1.0121,0.824772,0.876886,-1.18201,-1.22279,0.108763,0.11676
4.36,5.42214,5.44756,-8.95352,-8.88179,8.71983,8.67328,-5.89654,-5.85015,-1.73707,-1.81671,2.00034,1.99944,-0.0412857,-0.0166274,0.216669,0.277869,1.00943,1.01357,0.795146,0.850695,-1.18384,-1.22771,0.107436,0.115414
4.37,5.36321,5.38766,-8.97079,-8.90088,8.73983,8.69291,-5.88855,-5.83763,-1.71731,-1.79194,2.00033,1.99919,-0.0334879,-0.00926403,0.20483,0.267967,1.0105,1.01503,0.764202,0.823161,-1.18368,-1.2307,0.10611,0.114065
4.38,5.30437,5.3278,-8.98787,-8.91972,8.75984,8.71258,-5.88058,-5.82514,-1.69897,-1.76845,2.00032,1.99888,-0.0260059,-0.00227037,0.193002,0.257941,1.01155,1.01647,0.731994,0.794319,-1.18153,-1.23175,0.104785,0.112715
4.39,5.2456,5.268,-9.00477,-8.93832,8.77984,8.73229,-5.87263,-5.81274,-1.68204,-1.74623,2.00032,1.99853,-0.0188521,0.00433716,0.181206,0.247804,1.01259,1.0179,0.698578,0.764213,-1.17736,-1.23086,0.103462,0.111362
4.4,5.18691,5.20826,-9.02151,-8.95669,8.79984,8.75203,-5.86473,-5.80044,-1.66648,-1.72527,2.00031,1.99815,-0.0120382,0.0105435,0.169462,0.237567,1.01362,1.01932,0.664014,0.732881,-1.17117,-1.22802,0.102139,0.110007
4.41,5.1283,5.1486,-9.03811,-8.97483,8.81985,8.7718,-5.85692,-5.78828,-1.65227,-1.70555,2.00031,1.99774,-0.00557543,0.0163337,0.15779,0.227244,1.01463,1.02071,0.628364,0.700374,-1.16294,-1.22323,0.100818,0.108652
4.42,5.06977,5.08901,-9.05456,-8.99275,8.83985,8.7916,-5.8492,-5.77629,-1.63937,-1.68705,2.0003,1.9973,0.000525675,0.0216969,0.14621,0.216849,1.01564,1.02209,0.591694,0.66674,-1.15267,-1.21649,0.0994982,0.107295
4.43,5.01132,5.02952,-9.0709,-9.01047,8.85985,8.81143,-5.84161,-5.76449,-1.62776,-1.66975,2.00029,1.99683,0.00625527,0.0266216,0.134743,0.206397,1.01662,1.02344,0.554072,0.632031,-1.14037,-1.20781,0.0981796,0.105937
4.44,4.95294,4.97013,-9.08712,-9.02798,8.87985,8.83128,-5.83416,-5.75291,-1.6174,-1.65362,2.00029,1.99635,0.0116042,0.0311004,0.123409,0.195904,1.0176,1.02477,0.51557,0.5963,-1.12605,-1.19719,0.0968622,0.104579
4.45,4.89464,4.91084,-9.10325,-9.0453,8.89986,8.85114,-5.82688,-5.74159,-1.60825,-1.63864,2.00028,1.99585,0.016564,0.0351256,0.112229,0.185385,1.01856,1.02607,0.476259,0.559609,-1.10972,-1.18466,0.0955463,0.103221
4.46,4.8364,4.85166,-9.11929,-9.06245,8.91986,8.87102,-5.81978,-5.73054,-1.60028,-1.62479,2.00028,1.99534,0.0211269,0.0386928,0.101221,0.174857,1.01951,1.02735,0.436214,0.522017,-1.0914,-1.17021,0.0942318,0.101863
4.47,4.77824,4.7926,-9.13526,-9.07942,8.93986,8.89092,-5.8129,-5.7198,-1.59344,-1.61202,2.00027,1.99483,0.0252861,0.0417983,0.0904072,0.164339,1.02045,1.0286,0.395512,0.483591,-1.07111,-1.15388,0.0929188,0.100506
4.48,4.72014,4.73365,-9.15116,-9.09623,8.95987,8.91082,-5.80624,-5.70939,-1.58771,-1.60032,2.00027,1.99431,0.0290352,0.0444419,0.0798056,0.153846,1.02137,1.02982,0.354229,0.444391,-1.04889,-1.13568,0.0916073,0.0991492
4.49,4.66211,4.67483,-9.16702,-9.11289,8.97987,8.93074,-5.79984,-5.69933,-1.58303,-1.58963,2.00026,1.99379,0.032369,0.0466222,0.0694358,0.143398,1.02228,1.03102,0.312445,0.404493,-1.02476,-1.11562,0.0902974,0.0977936
4.5,4.60415,4.61613,-9.18283,-9.12941,8.99987,8.95068,-5.7937,-5.68965,-1.57937,-1.57994,2.00026,1.99327,0.0352827,0.0483419,0.0593166,0.133013,1.02317,1.03218,0.270237,0.363958,-0.99877,-1.09375,0.0889891,0.0964392
4.51,4.54624,4.55756,-9.19861,-9.14581,9.01987,8.97062,-5.78785,-5.68037,-1.57668,-1.5712,2.00025,1.99276,0.0377726,0.0496049,0.0494665,0.12271,1.02406,1.03332,0.227687,0.322864,-0.970956,-1.07006,0.0876825,0.0950863
4.52,4.48839,4.4991,-9.21437,-9.16209,9.03988,8.99058,-5.78232,-5.67151,-1.57492,-1.56336,2.00025,1.99225,0.0398355,0.0504151,0.0399034,0.112508,1.02493,1.03443,0.184872,0.281287,-0.941365,-1.04461,0.0863776,0.0937351
4.53,4.43059,4.44077,-9.23011,-9.17828,9.05988,9.01056,-5.77711,-5.6631,-1.57404,-1.55641,2.00024,1.99175,0.0414694,0.0507787,0.0306449,0.102428,1.02579,1.0355,0.141874,0.239297,-0.910047,-1.01739,0.0850745,0.0923857
4.54,4.37285,4.38256,-9.24585,-9.19438,9.07988,9.03056,-5.77224,-5.65516,-1.57398,-1.55029,2.00024,1.99126,0.0426727,0.0507032,0.021708,0.092488,1.02663,1.03655,0.0987698,0.196976,-0.877054,-0.988455,0.0837731,0.0910384
4.55,4.31515,4.32445,-9.26159,-9.2104,9.09988,9.05059,-5.76774,-5.6477,-1.57471,-1.54496,2.00023,1.99079,0.0434447,0.0501966,0.0131092,0.0827084,1.02746,1.03757,0.0556392,0.154397,-0.84244,-0.957816,0.0824736,0.089693
4.56,4.25749,4.26645,-9.27735,-9.22636,9.11989,9.07064,-5.76361,-5.64074,-1.57618,-1.54039,2.00023,1.99033,0.0437856,0.0492675,0.00486446,0.0731098,1.02828,1.03855,0.0125598,0.111645,-0.806263,-0.925506,0.0811761,0.0883499
4.57,4.19987,4.20855,-9.29312,-9.24227,9.13989,9.09072,-5.75989,-5.63431,-1.57832,-1.53653,2.00022,1.98988,0.0436963,0.0479263,-0.00301099,0.0637114,1.02908,1.03951,-0.0303919,0.0687895,-0.76858,-0.891546,0.0798804,0.0870089
4.58,4.14229,4.15075,-9.30891,-9.25814,9.15989,9.11084,-5.75657,-5.62842,-1.58109,-1.53333,2.00022,1.98945,0.0431785,0.0461831,-0.0105023,0.0545347,1.02988,1.04044,-0.0731402,0.0259205,-0.729454,-0.855969,0.0785868,0.0856704
4.59,4.08474,4.09302,-9.32474,-9.274,9.17989,9.131,-5.75369,-5.62309,-1.58443,-1.53077,2.00021,1.98904,0.0422344,0.0440489,-0.0175954,0.0455987,1.03066,1.04134,-0.115611,-0.0168899,-0.688944,-0.818792,0.0772951,0.0843341
4.6,4.02721,4.03537,-9.3406,-9.28984,9.19989,9.15121,-5.75124,-5.61833,-1.58829,-1.52879,2.00021,1.98865,0.0408674,0.0415345,-0.0242768,0.0369251,1.03142,1.04221,-0.157731,-0.0595568,-0.647113,-0.780052,0.0760056,0.0830001
4.61,3.96971,3.97778,-9.35651,-9.30568,9.2199,9.17147,-5.74925,-5.61418,-1.59262,-1.52736,2.00021,1.98827,0.0390812,0.0386516,-0.0305335,0.0285333,1.03218,1.04306,-0.199429,-0.102006,-0.604024,-0.739771,0.0747181,0.0816685
4.62,3.91223,3.92024,-9.37246,-9.32154,9.2399,9.19179,-5.74773,-5.61062,-1.59736,-1.52643,2.0002,1.98792,0.0368805,0.0354118,-0.0363533,0.0204443,1.03292,1.04387,-0.240636,-0.144153,-0.55974,-0.697977,0.0734328,0.080339
4.63,3.85476,3.86275,-9.38846,-9.33741,9.2599,9.21217,-5.74669,-5.60769,-1.60244,-1.52597,2.0002,1.98759,0.0342704,0.0318268,-0.0417245,0.012678,1.03364,1.04467,-0.281282,-0.185927,-0.514323,-0.6547,0.0721497,0.0790117
4.64,3.79729,3.80528,-9.40451,-9.35332,9.2799,9.23261,-5.74614,-5.6054,-1.60782,-1.52593,2.00019,1.98728,0.0312569,0.0279081,-0.0466362,0.00525575,1.03436,1.04543,-0.321303,-0.227244,-0.467837,-0.609968,0.0708689,0.0776866
4.65,3.73983,3.74783,-9.42061,-9.36927,9.2999,9.25313,-5.7461,-5.60375,-1.61343,-1.52627,2.00019,1.98699,0.0278466,0.0236681,-0.0510779,-0.00180314,1.03506,1.04617,-0.360632,-0.268037,-0.420343,-0.563817,0.0695903,0.0763636
4.66,3.68237,3.69039,-9.43678,-9.38527,9.31991,9.27372,-5.74656,-5.60277,-1.61922,-1.52694,2.00019,1.98672,0.0240468,0.0191183,-0.0550399,-0.0084773,1.03575,1.04689,-0.399206,-0.308222,-0.371903,-0.516286,0.0683141,0.0750425
4.67,3.6249,3.63295,-9.453,-9.40132,9.33991,9.29439,-5.74754,-5.60245,-1.62512,-1.52792,2.00018,1.98647,0.0198652,0.0142693,-0.058513,-0.0147473,1.03643,1.04758,-0.436965,-0.347734,-0.322579,-0.467407,0.0670402,0.0737233
4.68,3.56742,3.5755,-9.46928,-9.41744,9.35991,9.31514,-5.74906,-5.60281,-1.63108,-1.52915,2.00018,1.98625,0.0153104,0.00913342,-0.0614887,-0.0205923,1.03709,1.04825,-0.473848,-0.386495,-0.27243,-0.417224,0.0657687,0.0724062
4.69,3.50992,3.51803,-9.48562,-9.43363,9.37991,9.33596,-5.7511,-5.60386,-1.63703,-1.5306,2.00018,1.98605,0.0103914,0.00372139,-0.0639591,-0.0259927,1.03774,1.0489,-0.509797,-0.424438,-0.221517,-0.365785,0.0644997,0.0710906
4.7,3.45239,3.46053,-9.50202,-9.44988,9.39991,9.35686,-5.75368,-5.60559,-1.64292,-1.53223,2.00017,1.98587,0.00511779,-0.00195503,-0.0659167,-0.030929,1.03838,1.04953,-0.544754,-0.461491,-0.169898,-0.313143,0.0632332,0.0697768
4.71,3.39484,3.40299,-9.51848,-9.46622,9.41992,9.37785,-5.75681,-5.60802,-1.64868,-1.53398,2.00017,1.98571,-0.000500199,-0.00788532,-0.0673549,-0.0353814,1.03901,1.05013,-0.578664,-0.49759,-0.117633,-0.259357,0.0619692,0.0684646
4.72,3.33725,3.3454,-9.53499,-9.48262,9.43992,9.39891,-5.76048,-5.61115,-1.65425,-1.53582,2.00017,1.98558,-0.00645182,-0.0140588,-0.0682674,-0.0393309,1.03962,1.05071,-0.611473,-0.532668,-0.0647798,-0.204493,0.0607078,0.0671539
4.73,3.27963,3.28777,-9.55156,-9.49911,9.45992,9.42004,-5.7647,-5.61497,-1.65958,-1.53771,2.00016,1.98547,-0.0127258,-0.0204646,-0.0686487,-0.0427597,1.04022,1.05128,-0.643127,-0.56666,-0.0113965,-0.148625,0.059449,0.0658449
4.74,3.22196,3.23007,-9.56818,-9.51566,9.47992,9.44124,-5.76946,-5.61949,-1.6646,-1.53959,2.00016,1.98538,-0.0193104,-0.0270922,-0.0684938,-0.0456499,1.04081,1.05182,-0.673575,-0.599504,0.0424583,-0.0918321,0.0581928,0.0645375
4.75,3.16424,3.17232,-9.58485,-9.53229,9.49992,9.46251,-5.77478,-5.62471,-1.66925,-1.54142,2.00016,1.98531,-0.0261931,-0.0339318,-0.0677982,-0.0479849,1.04139,1.05235,-0.702766,-0.631136,0.0967258,-0.0342067,0.0569394,0.0632316
4.76,3.10646,3.1145,-9.60157,-9.54898,9.51992,9.48382,-5.78064,-5.63061,-1.67348,-1.54316,2.00015,1.98527,-0.0333613,-0.0409724,-0.0665581,-0.0497493,1.04195,1.05285,-0.730648,-0.661498,0.151346,0.0241478,0.0556886,0.0619272
4.77,3.04862,3.05662,-9.61832,-9.56574,9.53992,9.50518,-5.78704,-5.6372,-1.67721,-1.54475,2.00015,1.98525,-0.0408016,-0.0482036,-0.0647703,-0.0509285,1.0425,1.05334,-0.757174,-0.690532,0.206259,0.0831182,0.0544407,0.0606247
4.78,2.99072,2.99867,-9.63511,-9.58255,9.55993,9.52659,-5.79398,-5.64447,-1.6804,-1.54614,2.00015,1.98524,-0.0485001,-0.0556159,-0.0624321,-0.0515102,1.04304,1.0538,-0.782293,-0.71818,0.261401,0.142588,0.0531955,0.0593237
4.79,2.93274,2.94064,-9.65193,-9.59941,9.57993,9.54801,-5.80146,-5.65241,-1.68299,-1.54728,2.00014,1.98526,-0.0564426,-0.0631985,-0.0595417,-0.0514834,1.04356,1.05425,-0.805959,-0.744384,0.316707,0.202411,0.0519532,0.0580246
4.8,2.87469,2.88255,-9.66877,-9.61631,9.59993,9.56945,-5.80946,-5.661,-1.6849,-1.54811,2.00014,1.9853,-0.0646143,-0.070943,-0.0560977,-0.0508395,1.04408,1.05469,-0.828124,-0.769093,0.372109,0.262454,0.0507138,0.0567274
4.81,2.81655,2.82438,-9.68562,-9.63323,9.61993,9.5909,-5.81799,-5.67024,-1.6861,-1.54858,2.00014,1.98535,-0.0729999,-0.0788373,-0.0520994,-0.0495718,1.04458,1.0551,-0.848742,-0.792252,0.427537,0.322545,0.0494773,0.0554325
4.82,2.75833,2.76614,-9.70249,-9.65017,9.63993,9.61234,-5.82702,-5.6801,-1.68651,-1.54862,2.00014,1.98542,-0.0815838,-0.0868729,-0.0475471,-0.0476765,1.04507,1.0555,-0.867766,-0.81381,0.482914,0.382522,0.0482438,0.0541398
4.83,2.70001,2.70783,-9.71935,-9.66712,9.65993,9.63376,-5.83656,-5.69059,-1.6861,-1.54818,2.00013,1.98551,-0.0903498,-0.0950383,-0.0424416,-0.0451525,1.04554,1.05589,-0.885153,-0.833717,0.538161,0.442191,0.0470132,0.0528496
4.84,2.64159,2.64944,-9.73621,-9.68407,9.67993,9.65515,-5.84659,-5.70168,-1.68478,-1.5472,2.00013,1.98561,-0.0992812,-0.103325,-0.0367846,-0.0420018,1.04601,1.05626,-0.900856,-0.851925,0.593191,0.501367,0.0457857,0.0515622
4.85,2.58308,2.59099,-9.75304,-9.701,9.69994,9.6765,-5.8571,-5.71335,-1.68253,-1.5456,2.00013,1.98572,-0.108361,-0.111721,-0.0305788,-0.0382296,1.04646,1.05661,-0.914833,-0.868385,0.647913,0.559837,0.0445613,0.0502777
4.86,2.52445,2.53245,-9.76985,-9.7179,9.71994,9.69779,-5.86807,-5.72558,-1.67927,-1.54332,2.00013,1.98584,-0.117572,-0.120218,-0.0238277,-0.0338437,1.0469,1.05695,-0.927042,-0.883057,0.702228,0.617387,0.04334,0.0489963
4.87,2.46571,2.47384,-9.78662,-9.73476,9.73994,9.71902,-5.8795,-5.73836,-1.67496,-1.5403,2.00012,1.98598,-0.126896,-0.128803,-0.0165359,-0.0288565,1.04733,1.05728,-0.937442,-0.895894,0.75603,0.673793,0.0421218,0.0477186
4.88,2.40686,2.41515,-9.80335,-9.75156,9.75994,9.74018,-5.89137,-5.75167,-1.66955,-1.53646,2.00012,1.98611,-0.136315,-0.137468,-0.00870919,-0.0232824,1.04774,1.05759,-0.945992,-0.90686,0.809205,0.728822,0.0409068,0.0464444
4.89,2.34788,2.35638,-9.82001,-9.76829,9.77994,9.76125,-5.90367,-5.76549,-1.66298,-1.53174,2.00012,1.98625,-0.14581,-0.1462,-0.000354337,-0.0171406,1.04814,1.05789,-0.952655,-0.915913,0.861629,0.782245,0.039695,0.0451742
4.9,2.28878,2.29752,-9.8366,-9.78494,9.79994,9.78223,-5.91637,-5.77979,-1.65521,-1.52607,2.00012,1.9864,-0.155361,-0.154989,0.00852046,-0.0104522,1.04854,1.05818,-0.957397,-0.923021,0.913172,0.833823,0.0384865,0.0439084
4.91,2.22956,2.23857,-9.85311,-9.8015,9.81994,9.80311,-5.92946,-5.79457,-1.64619,-1.51938,2.00011,1.98654,-0.164951,-0.163822,0.0179059,-0.00324223,1.04891,1.05845,-0.960182,-0.92815,0.963656,0.883319,0.0372813,0.0426472
4.92,2.17019,2.17952,-9.86952,-9.81795,9.83994,9.8239,-5.94293,-5.80979,-1.63587,-1.51159,2.00011,1.98668,-0.174558,-0.172689,0.0277793,0.00446262,1.04928,1.05872,-0.960981,-0.931273,1.01003,0.930506,0.0360793,0.0413904
4.93,2.1107,2.12037,-9.88582,-9.83428,9.85995,9.84458,-5.95675,-5.82545,-1.6242,-1.50265,2.00011,1.98682,-0.184164,-0.181576,0.0380855,0.0126315,1.04964,1.05898,-0.959767,-0.932362,1.05022,0.975158,0.0348808,0.0401387
4.94,2.05106,2.06111,-9.902,-9.85048,9.87995,9.86516,-5.97092,-5.84151,-1.61116,-1.4925,2.00011,1.98695,-0.193747,-0.190472,0.0487653,0.0212337,1.04998,1.05923,-0.956517,-0.931398,1.08483,1.01708,0.0336856,0.038892
4.95,1.99128,2.00173,-9.91804,-9.86654,9.89995,9.88564,-5.98541,-5.85797,-1.59671,-1.48106,2.0001,1.98707,-0.203287,-0.199361,0.0597646,0.0302344,1.05031,1.05947,-0.951213,-0.928362,1.11418,1.05605,0.0324939,0.0376508
4.96,1.93135,1.94222,-9.93393,-9.88244,9.91995,9.90601,-6.00022,-5.87481,-1.58082,-1.46829,2.0001,1.98718,-0.212764,-0.208231,0.0710325,0.0396,1.05063,1.0597,-0.943841,-0.923243,1.13859,1.09192,0.0313056,0.0364149
4.97,1.87127,1.88257,-9.94965,-9.89817,9.93995,9.9263,-6.01534,-5.89201,-1.56347,-1.45413,2.0001,1.98729,-0.222157,-0.217066,0.0825211,0.0492935,1.05094,1.05992,-0.934395,-0.916033,1.15839,1.12452,0.0301208,0.0351845
4.98,1.81104,1.82276,-9.9652,-9.91373,9.95995,9.94649,-6.03075,-5.90956,-1.54464,-1.43852,2.0001,1.98738,-0.231445,-0.225852,0.0941859,0.0592801,1.05123,1.06014,-0.922874,-0.906728,1.17389,1.15373,0.0289396,0.0339597
4.99,1.75065,1.7628,-9.98054,-9.9291,9.97995,9.96661,-6.04645,-5.92744,-1.52432,-1.42145,2.0001,1.98746,-0.240608,-0.234571,0.105985,0.0695223,1.05151,1.06035,-0.909286,-0.895336,1.18537,1.17944,0.0277619,0.0327404
5,1.69011,1.70266,-9.99568,-9.94427,9.99995,9.98665,-6.06242,-5.94565,-1.50249,-1.40285,2.00009,1.98754,-0.249624,-0.243206,0.117881,0.0799847,1.05179,1.06055,-0.893642,-0.881863,1.19313,1.20159,0.0265878,0.0315266
5.01,1.62941,1.64233,-10.0106,-9.95923,10.02,10.0066,-6.07866,-5.96415,-1.47916,-1.38271,2.00009,1.9876,-0.258474,-0.25174,0.129836,0.0906323,1.05205,1.06075,-0.875965,-0.866328,1.19742,1.22013,0.0254173,0.0303184
5.02,1.56854,1.58182,-10.0253,-9.97396,10.04,10.0266,-6.09515,-5.98296,-1.45431,-1.361,2.00009,1.98766,-0.267137,-0.260152,0.141819,0.10143,1.05229,1.06094,-0.856284,-0.848753,1.1985,1.23506,0.0242505,0.0291156
5.03,1.5075,1.52109,-10.0397,-9.98847,10.06,10.0465,-6.11188,-6.00204,-1.42795,-1.3377,2.00009,1.98771,-0.275593,-0.268424,0.153797,0.112345,1.05253,1.06112,-0.834636,-0.829169,1.19663,1.24639,0.0230873,0.0279182
5.04,1.4463,1.46014,-10.0538,-10.0027,10.08,10.0663,-6.12885,-6.0214,-1.40008,-1.31281,2.00009,1.98776,-0.283823,-0.276534,0.165742,0.123346,1.05276,1.0613,-0.811063,-0.80762,1.19202,1.25418,0.0219279,0.0267261
5.05,1.38492,1.39897,-10.0677,-10.0167,10.1,10.0862,-6.14604,-6.04102,-1.37071,-1.28631,2.00009,1.9878,-0.291808,-0.284462,0.177629,0.134401,1.05297,1.06147,-0.785619,-0.784143,1.1849,1.25852,0.0207723,0.025539
5.06,1.32338,1.33757,-10.0812,-10.0305,10.12,10.1061,-6.16344,-6.06088,-1.33984,-1.25823,2.00008,1.98785,-0.299529,-0.292185,0.189432,0.145482,1.05317,1.06163,-0.758363,-0.758799,1.17549,1.2595,0.0196204,0.024357
5.07,1.26165,1.27591,-10.0945,-10.0439,10.14,10.1259,-6.18103,-6.08097,-1.3075,-1.22855,2.00008,1.98789,-0.306969,-0.29968,0.201131,0.156562,1.05336,1.06179,-0.729359,-0.731644,1.16397,1.25727,0.0184724,0.0231799
5.08,1.19976,1.21402,-10.1074,-10.0571,10.16,10.1458,-6.19881,-6.10127,-1.27368,-1.19732,2.00008,1.98795,-0.314111,-0.306925,0.212706,0.167615,1.05354,1.06194,-0.698682,-0.702749,1.15055,1.25199,0.0173281,0.0220078
5.09,1.13768,1.15187,-10.1199,-10.07,10.18,10.1658,-6.21675,-6.12178,-1.23843,-1.16453,2.00008,1.98801,-0.320938,-0.313897,0.224137,0.178618,1.05371,1.06209,-0.666408,-0.672186,1.13539,1.24382,0.0161878,0.0208401
5.1,1.07542,1.08947,-10.1321,-10.0825,10.2,10.1857,-6.23484,-6.14246,-1.20174,-1.13023,2.00008,1.98808,-0.327434,-0.320571,0.235408,0.189547,1.05386,1.06223,-0.632622,-0.64004,1.11867,1.23296,0.0150514,0.0196774
5.11,1.01298,1.02681,-10.144,-10.0947,10.22,10.2058,-6.25306,-6.1633,-1.16366,-1.09445,2.00008,1.98817,-0.333585,-0.326927,0.246505,0.200384,1.05401,1.06236,-0.597412,-0.606393,1.10055,1.21962,0.0139189,0.0185191
5.12,0.950358,0.963909,-10.1554,-10.1066,10.24,10.2259,-6.27139,-6.18427,-1.12419,-1.05722,2.00007,1.98827,-0.339378,-0.332942,0.257415,0.211107,1.05414,1.06248,-0.560871,-0.571339,1.08118,1.204,0.0127904,0.0173657
5.13,0.887552,0.900747,-10.1664,-10.1181,10.26,10.246,-6.28982,-6.20536,-1.08338,-1.01858,2.00007,1.9884,-0.344799,-0.338595,0.268125,0.221701,1.05427,1.0626,-0.523095,-0.534972,1.0607,1.18632,0.0116658,0.0162165
5.14,0.824562,0.83734,-10.1771,-10.1292,10.28,10.2662,-6.30831,-6.22653,-1.04124,-0.978581,2.00007,1.98854,-0.349836,-0.343864,0.278626,0.232148,1.05438,1.06271,-0.484182,-0.49739,1.03925,1.16679,0.0105453,0.015072
5.15,0.761386,0.773686,-10.1873,-10.1399,10.3,10.2866,-6.32684,-6.24776,-0.997819,-0.937266,2.00007,1.9887,-0.354479,-0.348733,0.288907,0.242437,1.05448,1.06281,-0.444235,-0.458692,1.01695,1.14563,0.00942887,0.013932
5.16,0.698025,0.709796,-10.197,-10.1503,10.32,10.3069,-6.34539,-6.26901,-0.953142,-0.894686,2.00007,1.98889,-0.358718,-0.353183,0.298962,0.252552,1.05457,1.0629,-0.403355,-0.418984,0.99392,1.12306,0.00831649,0.0127966
5.17,0.634478,0.645672,-10.2063,-10.1602,10.34,10.3274,-6.36393,-6.29026,-0.907247,-0.85089,2.00007,1.9891,-0.362543,-0.3572,0.308784,0.262484,1.05464,1.06299,-0.361647,-0.378363,0.970275,1.09928,0.00720823,0.0116656
5.18,0.570746,0.581322,-10.2152,-10.1697,10.36,10.3479,-6.38243,-6.31148,-0.860172,-0.80593,2.00007,1.98934,-0.365948,-0.360769,0.318366,0.272222,1.05471,1.06307,-0.319213,-0.33694,0.946117,1.07449,0.0061041,0.0105393
5.19,0.50683,0.516754,-10.2235,-10.1787,10.38,10.3686,-6.40086,-6.33262,-0.811955,-0.759857,2.00007,1.9896,-0.368926,-0.36388,0.327705,0.281758,1.05476,1.06313,-0.276158,-0.294813,0.921544,1.04887,0.00500413,0.00941745
5.2,0.44273,0.451982,-10.2314,-10.1872,10.4,10.3893,-6.41919,-6.35366,-0.762638,-0.71273,2.00006,1.98989,-0.37147,-0.366522,0.336796,0.291084,1.05481,1.06319,-0.232583,-0.252087,0.896646,1.0226,0.00390835,0.00830043
5.21,0.378447,0.387005,-10.2388,-10.1953,10.42,10.4101,-6.43739,-6.37456,-0.712262,-0.664598,2.00006,1.9902,-0.373576,-0.368689,0.345637,0.300196,1.05484,1.06324,-0.188592,-0.208854,0.871509,0.995841,0.0028168,0.00718789
5.22,0.313982,0.321838,-10.2456,-10.2029,10.44,10.4309,-6.45542,-6.39528,-0.660873,-0.615515,2.00006,1.99054,-0.37524,-0.370376,0.354226,0.309088,1.05487,1.06329,-0.144283,-0.165225,0.846211,0.968746,0.00172948,0.00607994
5.23,0.249339,0.256487,-10.252,-10.21,10.46,10.4518,-6.47326,-6.41579,-0.608513,-0.565537,2.00006,1.9909,-0.376461,-0.37158,0.362561,0.317758,1.05488,1.06332,-0.0997531,-0.121282,0.820825,0.941447,0.000646443,0.00497664
5.24,0.184518,0.190968,-10.2578,-10.2166,10.48,10.4728,-6.49085,-6.43605,-0.555228,-0.514717,2.00006,1.99128,-0.377235,-0.3723,0.370642,0.326201,1.05488,1.06334,-0.0550985,-0.0771306,0.79542,0.914072,-0.0004323,0.00387806
5.25,0.119523,0.125281,-10.2631,-10.2227,10.5,10.4939,-6.50817,-6.45602,-0.501066,-0.463106,2.00006,1.99168,-0.377563,-0.372538,0.378469,0.334418,1.05487,1.06336,-0.0104112,-0.03285,0.770057,0.886731,-0.00150672,0.00278393
5.26,0.0543555,0.0594405,-10.2678,-10.2283,10.52,10.515,-6.52519,-6.47567,-0.446073,-0.410758,2.00006,1.9921,-0.377443,-0.372297,0.386043,0.342408,1.05485,1.06336,0.0342195,0.0114635,0.744794,0.859512,-0.00257679,0.00169452
5.27,-0.01098,-0.00653894,-10.272,-10.2333,10.54,10.5361,-6.54185,-6.49495,-0.390297,-0.357728,2.00006,1.99254,-0.376879,-0.371582,0.393366,0.350171,1.05482,1.06336,0.0787076,0.0557261,0.719684,0.83251,-0.00364248,0.00060983
5.28,-0.0764803,-0.0726552,-10.2756,-10.2378,10.56,10.5573,-6.55813,-6.51383,-0.333786,-0.304059,2.00005,1.99299,-0.37587,-0.370399,0.400438,0.357708,1.05478,1.06334,0.12297,0.0998613,0.694776,0.805788,-0.00470378,-0.00047042
5.29,-0.142141,-0.138895,-10.2787,-10.2417,10.58,10.5785,-6.57399,-6.53227,-0.276589,-0.249805,2.00005,1.99345,-0.37442,-0.368757,0.407262,0.365021,1.05472,1.06331,0.166928,0.143783,0.670114,0.77941,-0.00576065,-0.00154592
5.3,-0.207959,-0.20525,-10.2811,-10.2451,10.6,10.5998,-6.58938,-6.55024,-0.218755,-0.195015,2.00005,1.99393,-0.372533,-0.366664,0.413841,0.372113,1.05466,1.06328,0.210505,0.187418,0.645739,0.753427,-0.00681307,-0.00261693
5.31,-0.273927,-0.271712,-10.283,-10.2479,10.62,10.621,-6.60428,-6.5677,-0.160332,-0.139735,2.00005,1.99441,-0.370212,-0.364132,0.420178,0.378986,1.05459,1.06323,0.25363,0.230696,0.621687,0.727878,-0.00786102,-0.00368339
5.32,-0.340042,-0.338268,-10.2844,-10.2501,10.64,10.6423,-6.61864,-6.58461,-0.10137,-0.0840078,2.00005,1.99489,-0.367462,-0.36117,0.426276,0.385643,1.0545,1.06318,0.296233,0.273546,0.59799,0.702793,-0.00890448,-0.00474525
5.33,-0.406298,-0.404912,-10.2851,-10.2518,10.66,10.6635,-6.63242,-6.60095,-0.0419158,-0.0278822,2.00005,1.99538,-0.364289,-0.357791,0.432139,0.392088,1.05441,1.06311,0.33825,0.315896,0.574679,0.6782,-0.00994341,-0.00580252
5.34,-0.472689,-0.471641,-10.2852,-10.2529,10.68,10.6848,-6.64559,-6.61667,0.0179813,0.0286039,2.00005,1.99586,-0.360699,-0.354007,0.437771,0.398325,1.0543,1.06303,0.379618,0.357687,0.55178,0.654109,-0.0109778,-0.00685539
5.35,-0.539208,-0.538437,-10.2847,-10.2534,10.7,10.706,-6.65811,-6.63174,0.0782738,0.0854011,2.00005,1.99634,-0.356699,-0.349832,0.443176,0.404358,1.05419,1.06294,0.420281,0.398853,0.529315,0.630535,-0.0120076,-0.00790372
5.36,-0.605849,-0.605294,-10.2836,-10.2534,10.72,10.7272,-6.66995,-6.64612,0.138915,0.142474,2.00005,1.99681,-0.352296,-0.345277,0.448359,0.41019,1.05406,1.06284,0.460182,0.43934,0.507307,0.607477,-0.0130328,-0.00894757
5.37,-0.672604,-0.672212,-10.2819,-10.2527,10.74,10.7483,-6.68106,-6.6598,0.199857,0.199788,2.00005,1.99727,-0.347498,-0.340357,0.453324,0.415827,1.05393,1.06273,0.49927,0.479085,0.485772,0.584938,-0.0140535,-0.00998709
5.38,-0.739467,-0.739176,-10.2796,-10.2515,10.76,10.7694,-6.69142,-6.67273,0.261055,0.2573,2.00004,1.99772,-0.342313,-0.335086,0.458076,0.421272,1.05378,1.06261,0.537496,0.518039,0.464726,0.562909,-0.0150694,-0.0110219
5.39,-0.80643,-0.80618,-10.2767,-10.2497,10.78,10.7905,-6.701,-6.68489,0.322465,0.314974,2.00004,1.99816,-0.336751,-0.329475,0.46262,0.426529,1.05363,1.06247,0.574815,0.556144,0.444181,0.541382,-0.0160808,-0.0120525
5.4,-0.873485,-0.873223,-10.2732,-10.2473,10.8,10.8115,-6.70975,-6.69624,0.384041,0.37278,2.00004,1.99857,-0.33082,-0.323539,0.466961,0.431603,1.05346,1.06232,0.611183,0.593354,0.424149,0.520342,-0.0170874,-0.0130787
5.41,-0.940622,-0.940294,-10.269,-10.2444,10.82,10.8324,-6.71766,-6.70676,0.445741,0.430682,2.00004,1.99897,-0.324531,-0.31729,0.471105,0.436496,1.05329,1.06216,0.64656,0.62962,0.404639,0.499776,-0.0180893,-0.0141005
5.42,-1.00783,-1.00739,-10.2643,-10.2408,10.84,10.8532,-6.72468,-6.71643,0.507522,0.488652,2.00004,1.99934,-0.317893,-0.310741,0.475056,0.441215,1.0531,1.06199,0.680907,0.6649,0.385656,0.479662,-0.0190866,-0.0151181
5.43,-1.07511,-1.0745,-10.2589,-10.2366,10.86,10.874,-6.73079,-6.7252,0.569344,0.546653,2.00004,1.99969,-0.310916,-0.303905,0.47882,0.44576,1.0529,1.06181,0.714189,0.699142,0.367207,0.459985,-0.020079,-0.0161313
5.44,-1.14245,-1.14163,-10.2529,-10.2319,10.88,10.8947,-6.73597,-6.73307,0.631168,0.604667,2.00004,2.00002,-0.303612,-0.296794,0.482402,0.450136,1.0527,1.06161,0.746371,0.732312,0.349294,0.440719,-0.0210668,-0.0171405
5.45,-1.20983,-1.20876,-10.2463,-10.2266,10.9,10.9153,-6.74018,-6.74,0.692953,0.662654,2.00004,2.00031,-0.295993,-0.28942,0.485807,0.454346,1.05248,1.0614,0.777421,0.764363,0.331919,0.421845,-0.0220497,-0.0181454
5.46,-1.27725,-1.2759,-10.239,-10.2207,10.92,10.9358,-6.74341,-6.74597,0.754664,0.720599,2.00004,2.00058,-0.288068,-0.281795,0.489042,0.458393,1.05226,1.06118,0.80731,0.795261,0.315082,0.403332,-0.0230278,-0.019146
5.47,-1.34469,-1.34303,-10.2312,-10.2142,10.94,10.9562,-6.74563,-6.75095,0.816263,0.778466,2.00004,2.00082,-0.27985,-0.273929,0.492111,0.46228,1.05202,1.06095,0.836008,0.824965,0.298783,0.385163,-0.0240011,-0.0201425
5.48,-1.41216,-1.41016,-10.2227,-10.2071,10.96,10.9766,-6.74681,-6.75493,0.877717,0.836237,2.00004,2.00103,-0.271352,-0.265835,0.495019,0.466008,1.05178,1.0607,0.863488,0.853444,0.28302,0.367308,-0.0249696,-0.0211353
5.49,-1.47963,-1.47728,-10.2136,-10.1995,10.98,10.9968,-6.74694,-6.75788,0.938991,0.893882,2.00004,2.0012,-0.262585,-0.257523,0.497773,0.46958,1.05152,1.06044,0.889725,0.880659,0.267789,0.349741,-0.0259332,-0.0221238
5.5,-1.54709,-1.54439,-10.2039,-10.1913,11,11.017,-6.74601,-6.75978,1.00005,0.951386,2.00004,2.00135,-0.253562,-0.249004,0.500377,0.472997,1.05126,1.06017,0.914692,0.906578,0.253085,0.332436,-0.0268919,-0.0231085
5.51,-1.61454,-1.61148,-10.1936,-10.1824,11.02,11.037,-6.74398,-6.76061,1.06087,1.00872,2.00003,2.00146,-0.244295,-0.240288,0.502836,0.476261,1.05098,1.05988,0.938367,0.931172,0.238904,0.315365,-0.0278457,-0.0240892
5.52,-1.68197,-1.67853,-10.1827,-10.173,11.04,11.057,-6.74084,-6.76036,1.12142,1.06586,2.00003,2.00154,-0.234799,-0.231385,0.505157,0.479372,1.0507,1.05958,0.960727,0.954407,0.22524,0.298506,-0.0287946,-0.0250661
5.53,-1.74936,-1.74557,-10.1712,-10.163,11.06,11.0769,-6.73659,-6.759,1.18167,1.12279,2.00003,2.00159,-0.225085,-0.222306,0.507343,0.482331,1.05041,1.05927,0.981751,0.976258,0.212085,0.281828,-0.0297386,-0.0260392
5.54,-1.8167,-1.81257,-10.1591,-10.1525,11.08,11.0967,-6.73121,-6.75651,1.2416,1.17949,2.00003,2.00161,-0.215168,-0.213062,0.5094,0.485139,1.05011,1.05894,1.00142,0.996694,0.199431,0.265305,-0.0306776,-0.0270084
5.55,-1.88398,-1.87953,-10.1463,-10.1413,11.1,11.1164,-6.72468,-6.75289,1.30117,1.23593,2.00003,2.0016,-0.205061,-0.203661,0.511333,0.487795,1.0498,1.0586,1.0197,1.01569,0.187272,0.248913,-0.0316116,-0.0279741
5.56,-1.95119,-1.94644,-10.133,-10.1296,11.12,11.136,-6.71699,-6.74811,1.36036,1.29211,2.00003,2.00156,-0.194779,-0.194114,0.513147,0.4903,1.04947,1.05825,1.03659,1.03322,0.175598,0.232626,-0.0325406,-0.0289362
5.57,-2.01831,-2.01331,-10.1191,-10.1173,11.14,11.1556,-6.70814,-6.74216,1.41916,1.34798,2.00003,2.0015,-0.184334,-0.184431,0.514847,0.492652,1.04914,1.05788,1.05207,1.04927,0.164399,0.216415,-0.0334647,-0.0298947
5.58,-2.08534,-2.08012,-10.1047,-10.1044,11.16,11.1751,-6.69812,-6.73503,1.47753,1.40354,2.00003,2.00141,-0.173742,-0.174624,0.516437,0.494851,1.04881,1.0575,1.06611,1.06381,0.153667,0.200256,-0.0343837,-0.0308495
5.59,-2.15227,-2.14687,-10.0896,-10.0909,11.18,11.1945,-6.68691,-6.72671,1.53547,1.45876,2.00003,2.0013,-0.163017,-0.164701,0.517921,0.496895,1.04846,1.05711,1.0787,1.07682,0.143371,0.184128,-0.0352976,-0.0318009
5.6,-2.21908,-2.21354,-10.074,-10.0769,11.2,11.2139,-6.67453,-6.71719,1.59294,1.51363,2.00003,2.00117,-0.152173,-0.154674,0.519306,0.498782,1.0481,1.0567,1.08983,1.08828,0.133474,0.168,-0.0362065,-0.0327488
5.61,-2.28576,-2.28014,-10.0577,-10.0623,11.22,11.2333,-6.66095,-6.70645,1.64994,1.56812,2.00003,2.00102,-0.141225,-0.144554,0.520588,0.500512,1.04773,1.05628,1.09947,1.09817,0.122691,0.151856,-0.0371104,-0.0336932
5.62,-2.35229,-2.34666,-10.041,-10.0471,11.24,11.2526,-6.64619,-6.69449,1.70645,1.62222,2.00003,2.00086,-0.130188,-0.134351,0.521754,0.502082,1.04736,1.05584,1.10763,1.10649,0.110408,0.135668,-0.0380091,-0.0346342
5.63,-2.41868,-2.41308,-10.0236,-10.0313,11.26,11.2718,-6.63024,-6.68131,1.76244,1.67591,2.00003,2.00068,-0.119078,-0.124076,0.522791,0.503489,1.04697,1.05539,1.11427,1.11323,0.0967498,0.119416,-0.0389027,-0.0355717
5.64,-2.4849,-2.4794,-10.0057,-10.015,11.28,11.291,-6.6131,-6.66691,1.8179,1.72916,2.00003,2.0005,-0.107908,-0.113743,0.523685,0.504732,1.04658,1.05493,1.1194,1.11836,0.0818035,0.103078,-0.0397913,-0.0365059
5.65,-2.55094,-2.54561,-9.98725,-9.99811,11.3,11.3102,-6.59478,-6.65127,1.8728,1.78196,2.00003,2.00032,-0.0966947,-0.103362,0.524423,0.505807,1.04618,1.05445,1.12301,1.12188,0.0656545,0.0866352,-0.0406746,-0.0374366
5.66,-2.61679,-2.6117,-9.96825,-9.98068,11.32,11.3294,-6.57528,-6.6344,1.92713,1.83429,2.00003,2.00013,-0.0854528,-0.0929455,0.524994,0.506712,1.04577,1.05396,1.1251,1.12379,0.0483871,0.0700685,-0.0415529,-0.0383639
5.67,-2.68244,-2.67765,-9.94871,-9.96268,11.34,11.3486,-6.55462,-6.6163,1.98086,1.88613,2.00003,1.99995,-0.0741979,-0.0825066,0.525388,0.507444,1.04535,1.05346,1.12565,1.12409,0.0300845,0.0533587,-0.0424259,-0.0392878
5.68,-2.74788,-2.74346,-9.92864,-9.94414,11.36,11.3678,-6.53282,-6.59698,2.03398,1.93746,2.00002,1.99978,-0.062945,-0.0720585,0.525593,0.508,1.04492,1.05295,1.12466,1.12277,0.0108289,0.0364952,-0.0432938,-0.0402081
5.69,-2.81309,-2.80912,-9.90803,-9.92505,11.38,11.3869,-6.50987,-6.57644,2.08645,1.98825,2.00002,1.99962,-0.0517097,-0.0616133,0.525601,0.508377,1.04448,1.05242,1.12215,1.11983,-0.00929794,0.0194569,-0.0441565,-0.0411249
5.7,-2.87807,-2.87461,-9.88691,-9.90543,11.4,11.4061,-6.4858,-6.5547,2.13827,2.0385,2.00002,1.99948,-0.040507,-0.0511859,0.525404,0.508573,1.04403,1.05188,1.11812,1.11529,-0.030215,0.00223745,-0.045014,-0.0420382
5.71,-2.9428,-2.93993,-9.86527,-9.88526,11.42,11.4253,-6.46064,-6.53175,2.1894,2.08819,2.00002,1.99936,-0.0293524,-0.0407892,0.524995,0.508584,1.04358,1.05133,1.11256,1.10915,-0.0518414,-0.015177,-0.0458663,-0.0429477
5.72,-3.00728,-3.00505,-9.84313,-9.86457,11.44,11.4445,-6.43439,-6.50762,2.23982,2.13729,2.00002,1.99926,-0.0182609,-0.0304381,0.524365,0.508407,1.04312,1.05077,1.10549,1.10141,-0.0740968,-0.0327917,-0.0467133,-0.0438534
5.73,-3.07149,-3.06997,-9.82048,-9.84335,11.46,11.4637,-6.40708,-6.48232,2.28951,2.18578,2.00002,1.9992,-0.00724757,-0.0201457,0.523511,0.50804,1.04265,1.05019,1.09692,1.0921,-0.0969008,-0.0506135,-0.0475551,-0.0447556
5.74,-3.13542,-3.13466,-9.79734,-9.82162,11.48,11.4829,-6.37874,-6.45587,2.33846,2.23366,2.00002,1.99917,0.00367264,-0.00992808,0.522426,0.507482,1.04217,1.04961,1.08687,1.08123,-0.120174,-0.0686505,-0.0483916,-0.0456537
5.75,-3.19906,-3.19913,-9.77371,-9.79938,11.5,11.5022,-6.3494,-6.4283,2.38664,2.2809,2.00002,1.99917,0.014485,0.000201029,0.521106,0.506728,1.04168,1.04901,1.07535,1.06883,-0.143835,-0.0868987,-0.0492229,-0.0465478
5.76,-3.2624,-3.26335,-9.74961,-9.77665,11.52,11.5215,-6.31907,-6.39962,2.43402,2.32749,2.00002,1.99922,0.0251749,0.0102273,0.519548,0.505778,1.04118,1.0484,1.06239,1.05491,-0.167806,-0.105355,-0.0500489,-0.0474377
5.77,-3.32544,-3.32732,-9.72503,-9.75342,11.54,11.5409,-6.2878,-6.36985,2.4806,2.3734,2.00002,1.99931,0.035728,0.0201343,0.517749,0.504631,1.04068,1.04778,1.04799,1.03951,-0.192008,-0.124015,-0.0508696,-0.0483233
5.78,-3.38815,-3.39101,-9.7,-9.72971,11.56,11.5602,-6.25562,-6.33904,2.52635,2.41864,2.00002,1.99945,0.0461301,0.0299091,0.515707,0.503285,1.04016,1.04715,1.0322,1.02264,-0.216362,-0.142871,-0.0516849,-0.0492045
5.79,-3.45055,-3.4544,-9.67451,-9.70553,11.58,11.5797,-6.22255,-6.30721,2.57125,2.46317,2.00002,1.99964,0.0563674,0.0395361,0.513422,0.501739,1.03964,1.04651,1.01504,1.00436,-0.240791,-0.16191,-0.052495,-0.0500809
5.8,-3.5126,-3.5175,-9.64858,-9.68088,11.6,11.5991,-6.18863,-6.27439,2.61529,2.50699,2.00002,1.99988,0.0664264,0.0490014,0.510892,0.499995,1.03911,1.04586,0.996531,0.984685,-0.265217,-0.181116,-0.0532997,-0.0509527
5.81,-3.57432,-3.58029,-9.62221,-9.65578,11.62,11.6186,-6.15391,-6.24062,2.65845,2.55009,2.00002,2.00018,0.0762937,0.0582897,0.508118,0.498051,1.03858,1.0452,0.976716,0.963665,-0.289564,-0.200472,-0.0540991,-0.0518194
5.82,-3.63568,-3.64274,-9.59541,-9.63024,11.64,11.6382,-6.11841,-6.20594,2.70072,2.59245,2.00002,2.00053,0.0859565,0.0673883,0.505101,0.495908,1.03803,1.04454,0.955628,0.941341,-0.313759,-0.219951,-0.0548931,-0.052681
5.83,-3.69668,-3.70484,-9.56819,-9.60427,11.66,11.6578,-6.08218,-6.17039,2.74209,2.63406,2.00002,2.00093,0.0954021,0.076283,0.501843,0.49357,1.03748,1.04386,0.933305,0.917759,-0.337727,-0.239529,-0.0556818,-0.0535371
5.84,-3.75732,-3.76659,-9.54057,-9.57788,11.68,11.6774,-6.04525,-6.13401,2.78254,2.67492,2.00002,2.00139,0.104619,0.0849606,0.498347,0.491037,1.03692,1.04317,0.909787,0.892965,-0.361397,-0.25918,-0.0564651,-0.0543878
5.85,-3.81758,-3.82797,-9.51255,-9.55108,11.7,11.6971,-6.00767,-6.09684,2.82206,2.71501,2.00002,2.0019,0.113594,0.0934082,0.494616,0.488313,1.03635,1.04248,0.885117,0.867015,-0.384699,-0.278867,-0.057243,-0.0552325
5.86,-3.87747,-3.88898,-9.48413,-9.52388,11.72,11.7168,-5.96948,-6.05894,2.86064,2.75433,2.00002,2.00247,0.122317,0.101614,0.490655,0.485399,1.03577,1.04178,0.85934,0.839958,-0.407565,-0.29855,-0.0580156,-0.0560714
5.87,-3.93697,-3.94958,-9.45534,-9.49629,11.74,11.7365,-5.93072,-6.02035,2.89828,2.79287,2.00002,2.00308,0.130777,0.109567,0.486467,0.482302,1.03519,1.04107,0.832503,0.811855,-0.429929,-0.318192,-0.0587827,-0.056904
5.88,-3.99608,-4.00978,-9.42617,-9.46833,11.76,11.7563,-5.89144,-5.98111,2.93497,2.83063,2.00002,2.00375,0.138964,0.117254,0.482058,0.479025,1.0346,1.04035,0.804654,0.782759,-0.451728,-0.337749,-0.0595444,-0.0577301
5.89,-4.0548,-4.06957,-9.39664,-9.44,11.78,11.7761,-5.85167,-5.94129,2.97071,2.86761,2.00002,2.00446,0.146867,0.124667,0.477434,0.475573,1.034,1.03962,0.775844,0.752733,-0.472902,-0.357176,-0.0603007,-0.0585497
5.9,-4.11311,-4.12894,-9.36676,-9.41132,11.8,11.7959,-5.81146,-5.90092,3.00549,2.9038,2.00002,2.00521,0.154478,0.131797,0.472602,0.471952,1.03339,1.03888,0.746124,0.721838,-0.493391,-0.376423,-0.0610516,-0.0593624
5.91,-4.17103,-4.18787,-9.33653,-9.3823,11.82,11.8158,-5.77086,-5.86007,3.03931,2.9392,2.00002,2.00599,0.161787,0.138632,0.467569,0.468169,1.03278,1.03814,0.715548,0.690142,-0.513141,-0.395435,-0.061797,-0.060168
5.92,-4.22853,-4.24636,-9.30598,-9.35294,11.84,11.8357,-5.72991,-5.81879,3.07217,2.97381,2.00002,2.00681,0.168786,0.145166,0.462342,0.464229,1.03216,1.03739,0.684171,0.657701,-0.532099,-0.41416,-0.062537,-0.0609663
5.93,-4.28562,-4.30441,-9.27509,-9.32327,11.86,11.8556,-5.68865,-5.77713,3.10408,3.00764,2.00001,2.00766,0.175468,0.151391,0.45693,0.460141,1.03153,1.03663,0.652049,0.624588,-0.550216,-0.432544,-0.0632716,-0.0617572
5.94,-4.3423,-4.36201,-9.2439,-9.29329,11.88,11.8755,-5.64713,-5.73514,3.13504,3.04069,2.00001,2.00852,0.181825,0.157301,0.451341,0.455913,1.03089,1.03586,0.619239,0.590864,-0.567446,-0.450528,-0.0640007,-0.0625404
5.95,-4.39857,-4.41914,-9.2124,-9.26301,11.9,11.8955,-5.60539,-5.69288,3.16505,3.07296,2.00001,2.0094,0.18785,0.162889,0.445584,0.451551,1.03025,1.03508,0.585797,0.556599,-0.583746,-0.468051,-0.0647243,-0.0633156
5.96,-4.45441,-4.47582,-9.1806,-9.23244,11.92,11.9155,-5.56348,-5.65039,3.19412,3.10446,2.00001,2.01029,0.193539,0.168151,0.439669,0.447065,1.0296,1.03429,0.551784,0.521854,-0.599076,-0.485059,-0.0654425,-0.064083
5.97,-4.50983,-4.53203,-9.14852,-9.20159,11.94,11.9354,-5.52144,-5.60775,3.22226,3.13519,2.00001,2.01118,0.198884,0.173082,0.433606,0.442463,1.02894,1.0335,0.517257,0.486701,-0.613399,-0.50149,-0.0661551,-0.064842
5.98,-4.56484,-4.58778,-9.11616,-9.17048,11.96,11.9554,-5.47931,-5.56498,3.24948,3.16517,2.00001,2.01206,0.203882,0.177678,0.427405,0.437753,1.02827,1.0327,0.482276,0.451204,-0.626684,-0.517285,-0.0668623,-0.0655928
5.99,-4.61942,-4.64305,-9.08353,-9.1391,11.98,11.9754,-5.43714,-5.52214,3.27578,3.1944,2.00001,2.01293,0.208529,0.181937,0.421076,0.432945,1.0276,1.03189,0.446901,0.415427,-0.6389,-0.532388,-0.067564,-0.0663351
6,-4.67358,-4.69787,-9.05065,-9.10747,12,11.9954,-5.39497,-5.47929,3.30119,3.2229,2.00001,2.01378,0.212819,0.185858,0.41463,0.428049,1.02692,1.03106,0.411191,0.379432,-0.65002,-0.546735,-0.0682602,-0.0670688
6.01,-4.72732,-4.75222,-9.01751,-9.07559,12.02,12.0154,-5.35283,-5.43647,3.32572,3.25067,2.00001,2.01461,0.216751,0.189436,0.408079,0.423072,1.02624,1.03023,0.375206,0.343285,-0.660023,-0.560276,-0.0689509,-0.0677938
6.02,-4.78064,-4.8061,-8.98413,-9.04347,12.04,12.0354,-5.31077,-5.39372,3.34937,3.27773,2.00001,2.0154,0.220323,0.192673,0.401434,0.418025,1.02554,1.0294,0.339005,0.307048,-0.668887,-0.572953,-0.0696361,-0.0685099
6.03,-4.83354,-4.85952,-8.95053,-9.01112,12.06,12.0553,-5.26884,-5.3511,3.37217,3.30408,2.00001,2.01615,0.223531,0.195568,0.394705,0.412915,1.02484,1.02855,0.302648,0.270776,-0.676597,-0.584714,-0.0703158,-0.0692172
6.04,-4.88602,-4.91247,-8.91669,-8.97854,12.08,12.0753,-5.22706,-5.30863,3.39414,3.32975,2.00001,2.01685,0.226375,0.198122,0.387906,0.407753,1.02414,1.02769,0.266193,0.234532,-0.683139,-0.59551,-0.0709899,-0.0699156
6.05,-4.93808,-4.96498,-8.88265,-8.94575,12.1,12.0953,-5.18547,-5.26638,3.41529,3.35474,2.00001,2.0175,0.228855,0.200334,0.381046,0.402547,1.02342,1.02682,0.229699,0.198368,-0.688501,-0.605291,-0.0716585,-0.070605
6.06,-4.98973,-5.01703,-8.84839,-8.91273,12.12,12.1153,-5.14412,-5.22436,3.43564,3.37907,2.00001,2.01808,0.230969,0.202208,0.374139,0.397305,1.0227,1.02594,0.193224,0.162342,-0.692678,-0.614017,-0.0723216,-0.0712853
6.07,-5.04096,-5.06864,-8.81394,-8.87951,12.14,12.1353,-5.10304,-5.18262,3.45522,3.40276,2.00001,2.0186,0.23272,0.203745,0.367197,0.392036,1.02198,1.02505,0.156825,0.126504,-0.695663,-0.621647,-0.0729792,-0.0719567
6.08,-5.09179,-5.11981,-8.77929,-8.84608,12.16,12.1552,-5.06226,-5.14119,3.47404,3.42583,2.00001,2.01905,0.234106,0.204947,0.36023,0.386749,1.02124,1.02415,0.120558,0.0909058,-0.697455,-0.628137,-0.0736312,-0.0726191
6.09,-5.14221,-5.17055,-8.74446,-8.81244,12.18,12.1752,-5.02181,-5.10011,3.49213,3.44828,2.00001,2.01942,0.235131,0.205817,0.353252,0.381451,1.0205,1.02324,0.0844789,0.0555927,-0.698055,-0.633462,-0.0742777,-0.0732724
6.1,-5.19223,-5.22085,-8.70945,-8.77861,12.2,12.1952,-4.98174,-5.05941,3.50951,3.47014,2.00001,2.01972,0.235797,0.20636,0.346273,0.376149,1.01976,1.02232,0.0486423,0.0206157,-0.697465,-0.637585,-0.0749186,-0.0739168
6.11,-5.24184,-5.27075,-8.67427,-8.74457,12.22,12.2151,-4.94206,-5.0191,3.52621,3.49142,2.00001,2.01992,0.236105,0.206578,0.339306,0.370852,1.01901,1.02139,0.013102,-0.0139881,-0.695692,-0.640484,-0.075554,-0.0745521
6.12,-5.29107,-5.32022,-8.63893,-8.71034,12.24,12.2351,-4.90282,-4.97922,3.54225,3.51214,2.00001,2.02004,0.23606,0.206476,0.332363,0.365567,1.01825,1.02045,-0.0220893,-0.0481684,-0.692742,-0.642138,-0.0761838,-0.0751787
6.13,-5.3399,-5.36931,-8.60343,-8.67591,12.26,12.255,-4.86403,-4.9398,3.55766,3.53233,2.00001,2.02006,0.235665,0.206059,0.325455,0.360299,1.01748,1.0195,-0.0568797,-0.0818922,-0.688626,-0.642527,-0.0768081,-0.0757964
6.14,-5.38835,-5.41799,-8.56778,-8.64129,12.28,12.275,-4.82573,-4.90085,3.57246,3.55199,2.00001,2.01999,0.234924,0.205333,0.318594,0.355056,1.01671,1.01853,-0.0912187,-0.115116,-0.683356,-0.641642,-0.0774268,-0.0764054
6.15,-5.43642,-5.46629,-8.53198,-8.60649,12.3,12.2949,-4.78794,-4.86239,3.58668,3.57116,2.00001,2.01982,0.233842,0.204301,0.311792,0.349845,1.01593,1.01756,-0.125057,-0.147808,-0.676946,-0.639468,-0.07804,-0.0770058
6.16,-5.48411,-5.51421,-8.49604,-8.57149,12.32,12.3148,-4.75069,-4.82445,3.60035,3.58983,2.00001,2.01956,0.232425,0.202971,0.305059,0.34467,1.01515,1.01657,-0.158345,-0.179929,-0.669412,-0.636008,-0.0786476,-0.0775977
6.17,-5.53143,-5.56177,-8.45997,-8.5363,12.34,12.3348,-4.71399,-4.78703,3.61349,3.60805,2.00001,2.0192,0.230677,0.201347,0.298407,0.339537,1.01436,1.01557,-0.191037,-0.211452,-0.660771,-0.631254,-0.0792496,-0.0781811
6.18,-5.57839,-5.60896,-8.42377,-8.50092,12.36,12.3547,-4.67788,-4.75016,3.62614,3.62582,2.00001,2.01873,0.228606,0.199437,0.291847,0.334453,1.01357,1.01457,-0.223086,-0.242336,-0.651043,-0.625219,-0.0798461,-0.0787561
6.19,-5.62499,-5.6558,-8.38745,-8.46536,12.38,12.3747,-4.64237,-4.71384,3.63832,3.64318,2.00001,2.01817,0.226218,0.197248,0.28539,0.329422,1.01276,1.01355,-0.254447,-0.272559,-0.640248,-0.617905,-0.080437,-0.0793229
6.2,-5.67124,-5.70231,-8.35101,-8.4296,12.4,12.3946,-4.60748,-4.67809,3.65007,3.66012,2.00001,2.01751,0.223519,0.194786,0.279046,0.32445,1.01196,1.01252,-0.285077,-0.302085,-0.62841,-0.609329,-0.0810223,-0.0798818
6.21,-5.71714,-5.74848,-8.31445,-8.39367,12.42,12.4145,-4.57324,-4.64293,3.6614,3.67669,2.00001,2.01676,0.220519,0.192059,0.272825,0.31954,1.01114,1.01148,-0.314933,-0.330891,-0.615552,-0.599502,-0.081602,-0.0804326
6.22,-5.76271,-5.79432,-8.27778,-8.35755,12.44,12.4345,-4.53964,-4.60835,3.67235,3.69291,2.00001,2.01591,0.217223,0.189074,0.266738,0.314699,1.01032,1.01043,-0.343973,-0.358942,-0.601698,-0.588452,-0.0821762,-0.0809756
6.23,-5.80794,-5.83986,-8.24101,-8.32125,12.46,12.4544,-4.50672,-4.57436,3.68295,3.70878,2.00001,2.01497,0.213642,0.18584,0.260795,0.309929,1.0095,1.00937,-0.372158,-0.386222,-0.586876,-0.5762,-0.0827448,-0.081511
6.24,-5.85285,-5.88508,-8.20413,-8.28476,12.48,12.4743,-4.47448,-4.54099,3.69324,3.72434,2.00001,2.01394,0.209783,0.182364,0.255004,0.305236,1.00867,1.0083,-0.399448,-0.412696,-0.571114,-0.562774,-0.0833079,-0.0820388
6.25,-5.89743,-5.93,-8.16714,-8.24809,12.5,12.4943,-4.44294,-4.50822,3.70323,3.73961,2.00001,2.01282,0.205656,0.178656,0.249375,0.300624,1.00783,1.00723,-0.425806,-0.438341,-0.55444,-0.548209,-0.0838653,-0.0825592
6.26,-5.94171,-5.97464,-8.13006,-8.21124,12.52,12.5142,-4.4121,-4.47607,3.71296,3.7546,2.00001,2.01163,0.20127,0.174724,0.243918,0.296097,1.00699,1.00614,-0.451197,-0.463134,-0.536884,-0.532534,-0.0844172,-0.0830724
6.27,-5.98568,-6.01899,-8.09288,-8.17421,12.54,12.5341,-4.38198,-4.44454,3.72247,3.76935,2.00001,2.01035,0.196636,0.170577,0.238641,0.291658,1.00615,1.00504,-0.475583,-0.487047,-0.518478,-0.515791,-0.0849635,-0.0835784
6.28,-6.02935,-6.06306,-8.05561,-8.13701,12.56,12.5541,-4.35258,-4.41364,3.73177,3.78387,2.00001,2.00901,0.191762,0.166225,0.233551,0.287313,1.00529,1.00394,-0.498932,-0.51006,-0.499254,-0.498026,-0.0855043,-0.0840775
6.29,-6.07273,-6.10686,-8.01825,-8.09963,12.58,12.574,-4.32391,-4.38337,3.7409,3.79819,2.00001,2.00759,0.186661,0.161676,0.228658,0.283063,1.00444,1.00283,-0.521212,-0.532142,-0.479246,-0.47928,-0.0860394,-0.0845697
6.3,-6.11583,-6.1504,-7.9808,-8.06208,12.6,12.5939,-4.29598,-4.35373,3.7499,3.81234,2.00001,2.00612,0.181342,0.156942,0.223969,0.278914,1.00357,1.00171,-0.54239,-0.553275,-0.458488,-0.459601,-0.086569,-0.0850552
6.31,-6.15865,-6.19369,-7.94325,-8.02436,12.62,12.6138,-4.26878,-4.32474,3.75878,3.82632,2.00001,2.00458,0.175817,0.152032,0.219491,0.27487,1.0027,1.00059,-0.562438,-0.573432,-0.437016,-0.439042,-0.0870931,-0.085534
6.32,-6.20121,-6.23672,-7.90562,-7.98646,12.64,12.6337,-4.24233,-4.29637,3.76759,3.84018,2.00001,2.003,0.170097,0.146956,0.215231,0.270933,1.00183,0.999457,-0.581326,-0.592593,-0.414867,-0.417649,-0.0876115,-0.0860064
6.33,-6.2435,-6.27951,-7.8679,-7.94841,12.66,12.6536,-4.21661,-4.26866,3.77634,3.85393,2.00001,2.00138,0.164194,0.141726,0.211195,0.267108,1.00095,0.998321,-0.599027,-0.610731,-0.392078,-0.395483,-0.0881244,-0.0864725
6.34,-6.28554,-6.32206,-7.83009,-7.91019,12.68,12.6734,-4.19164,-4.24158,3.78508,3.8676,2.00001,1.99972,0.15812,0.136352,0.207391,0.263399,1.00007,0.99718,-0.615517,-0.627821,-0.36869,-0.372592,-0.0886318,-0.0869324
6.35,-6.32734,-6.36438,-7.7922,-7.87182,12.7,12.6933,-4.16741,-4.21515,3.79382,3.88121,2.00001,1.99803,0.151888,0.130845,0.203824,0.259809,0.999179,0.996035,-0.63077,-0.643845,-0.34474,-0.349045,-0.0891335,-0.0873861
6.36,-6.36889,-6.40646,-7.75422,-7.83328,12.72,12.7131,-4.14391,-4.18937,3.8026,3.89478,2.00001,1.99631,0.145509,0.125216,0.200498,0.256341,0.998286,0.994885,-0.644764,-0.658774,-0.320272,-0.324893,-0.0896297,-0.0878339
6.37,-6.41022,-6.44833,-7.71615,-7.79459,12.74,12.7329,-4.12114,-4.16423,3.81145,3.90834,2.00001,1.99458,0.138997,0.119477,0.19742,0.252999,0.997387,0.993732,-0.657478,-0.672592,-0.295326,-0.300204,-0.0901204,-0.0882757
6.38,-6.45132,-6.48998,-7.67799,-7.75575,12.76,12.7526,-4.0991,-4.13974,3.8204,3.92191,2.00001,1.99284,0.132364,0.113639,0.194593,0.249788,0.996483,0.992577,-0.668894,-0.685272,-0.269946,-0.275032,-0.0906055,-0.0887118
6.39,-6.4922,-6.53141,-7.63974,-7.71677,12.78,12.7724,-4.07778,-4.11589,3.82946,3.93551,2.00001,1.9911,0.125623,0.107714,0.192022,0.24671,0.995575,0.991419,-0.678992,-0.696792,-0.244176,-0.24944,-0.091085,-0.0891421
6.4,-6.53288,-6.57264,-7.6014,-7.67764,12.8,12.7921,-4.05717,-4.09269,3.83868,3.94918,2.00001,1.98937,0.118788,0.101712,0.189711,0.243769,0.994662,0.99026,-0.687758,-0.707134,-0.218061,-0.223496,-0.091559,-0.0895669
6.41,-6.57335,-6.61365,-7.56296,-7.63836,12.82,12.8117,-4.03725,-4.07013,3.84807,3.96292,2.00001,1.98764,0.111873,0.0956478,0.187662,0.240969,0.993744,0.9891,-0.695178,-0.716275,-0.191648,-0.197254,-0.0920274,-0.0899861
6.42,-6.61362,-6.65446,-7.52444,-7.59895,12.84,12.8313,-4.01803,-4.04821,3.85767,3.97677,2.00001,1.98594,0.104889,0.089531,0.185879,0.238313,0.992821,0.98794,-0.701239,-0.724195,-0.164984,-0.170785,-0.0924903,-0.0903998
6.43,-6.65371,-6.69508,-7.48581,-7.5594,12.86,12.8509,-3.99949,-4.02693,3.8675,3.99075,2.00001,1.98426,0.0978524,0.0833743,0.184363,0.235805,0.991894,0.98678,-0.705931,-0.730876,-0.138115,-0.144143,-0.0929477,-0.0908082
6.44,-6.69361,-6.7355,-7.44708,-7.51971,12.88,12.8704,-3.98161,-4.00628,3.87759,4.00487,2.00001,1.98262,0.0907753,0.0771896,0.183117,0.233448,0.990962,0.985621,-0.709248,-0.7363,-0.111092,-0.117395,-0.0933995,-0.0912114
6.45,-6.73334,-6.77573,-7.40826,-7.47989,12.9,12.8899,-3.96438,-3.98626,3.88796,4.01915,2.00001,1.98101,0.083672,0.0709888,0.182141,0.231244,0.990026,0.984463,-0.711181,-0.74045,-0.0839635,-0.0905979,-0.0938458,-0.0916092
6.46,-6.7729,-6.81578,-7.36932,-7.43994,12.92,12.9094,-3.94779,-3.96687,3.89863,4.03363,2.00001,1.97945,0.0765563,0.0647837,0.181438,0.229198,0.989085,0.983307,-0.711729,-0.74331,-0.0567799,-0.0638099,-0.0942865,-0.0920019
6.47,-6.8123,-6.85564,-7.33028,-7.39985,12.94,12.9288,-3.93182,-3.94809,3.90963,4.04831,2.00001,1.97794,0.0694421,0.0585864,0.181006,0.227312,0.98814,0.982154,-0.710889,-0.744868,-0.0295919,-0.0370935,-0.0947218,-0.0923896
6.48,-6.85154,-6.89532,-7.29113,-7.35963,12.96,12.9481,-3.91644,-3.92993,3.92098,4.06321,2,1.97649,0.0623431,0.0524079,0.180846,0.225589,0.987191,0.981003,-0.708663,-0.745112,-0.00245069,-0.0104956,-0.0951515,-0.0927722
6.49,-6.89063,-6.93482,-7.25186,-7.31929,12.98,12.9674,-3.90165,-3.91237,3.93271,4.07836,2,1.9751,0.0552734,0.0462609,0.180956,0.224032,0.986237,0.979855,-0.705055,-0.744032,0.0245921,0.0159164,-0.0955757,-0.0931497
6.5,-6.92958,-6.97415,-7.21247,-7.2788,13,12.9867,-3.88743,-3.89541,3.94484,4.09377,2,1.97377,0.0482466,0.0401559,0.181337,0.222642,0.985279,0.97871,-0.700068,-0.741617,0.0514848,0.0421027,-0.0959944,-0.0935223
6.51,-6.96838,-7.01332,-7.17296,-7.23819,13.02,13.0059,-3.87374,-3.87903,3.95738,4.10945,2,1.97252,0.0412766,0.0341052,0.181985,0.221424,0.984317,0.97757,-0.693713,-0.737863,0.0781756,0.0680052,-0.0964075,-0.0938899
6.52,-7.00705,-7.05232,-7.13333,-7.19744,13.04,13.0251,-3.86057,-3.86322,3.97036,4.12542,2,1.97134,0.0343769,0.0281197,0.1829,0.220377,0.983351,0.976433,-0.686,-0.732772,0.104613,0.0935767,-0.0968152,-0.0942528
6.53,-7.0456,-7.09115,-7.09356,-7.15656,13.06,13.0442,-3.84791,-3.84797,3.98379,4.1417,2,1.97024,0.0275611,0.0222106,0.184077,0.219505,0.982381,0.975301,-0.676942,-0.726332,0.130745,0.118774,-0.0972174,-0.0946107
6.54,-7.08401,-7.12984,-7.05365,-7.11553,13.08,13.0633,-3.83571,-3.83327,3.99769,4.15829,2,1.96922,0.0208425,0.0163897,0.185513,0.218809,0.981407,0.974174,-0.666555,-0.718554,0.15652,0.143547,-0.0976141,-0.0949639
6.55,-7.12231,-7.16837,-7.0136,-7.07437,13.1,13.0823,-3.82397,-3.8191,4.01209,4.17522,2,1.96829,0.0142343,0.0106667,0.187206,0.21829,0.980429,0.973051,-0.654858,-0.709437,0.181889,0.167863,-0.0980054,-0.0953123
6.56,-7.1605,-7.20675,-6.9734,-7.03306,13.12,13.1014,-3.81266,-3.80544,4.02699,4.19248,2,1.96744,0.00774963,0.00505285,0.18915,0.21795,0.979447,0.971933,-0.641871,-0.69899,0.206801,0.191677,-0.0983911,-0.0956559
6.57,-7.19857,-7.24499,-6.93306,-6.99161,13.14,13.1204,-3.80174,-3.79228,4.04241,4.21009,2,1.96668,0.00140114,-0.000441665,0.19134,0.217788,0.978461,0.97082,-0.627618,-0.68722,0.231208,0.214957,-0.0987714,-0.0959947
6.58,-7.23653,-7.28308,-6.89255,-6.95001,13.16,13.1393,-3.7912,-3.77959,4.05837,4.22806,2,1.96602,-0.0047986,-0.00580635,0.193772,0.217807,0.977471,0.969712,-0.612126,-0.674145,0.255062,0.237663,-0.0991463,-0.0963289
6.59,-7.27439,-7.32103,-6.85189,-6.90824,13.18,13.1583,-3.781,-3.76736,4.07487,4.2464,2,1.96544,-0.0108373,-0.0110313,0.196439,0.218005,0.976478,0.968609,-0.595422,-0.659781,0.278316,0.259771,-0.0995156,-0.0966583
6.6,-7.31215,-7.35885,-6.81106,-6.86632,13.2,13.1772,-3.77112,-3.75556,4.09194,4.2651,2,1.96495,-0.0167031,-0.0161062,0.199336,0.218383,0.975481,0.967512,-0.577537,-0.644142,0.300925,0.281246,-0.0998796,-0.0969829
6.61,-7.34982,-7.39655,-6.77005,-6.82423,13.22,13.1961,-3.76153,-3.74418,4.10957,4.28418,2,1.96455,-0.0223843,-0.0210218,0.202456,0.218941,0.97448,0.966419,-0.558506,-0.627251,0.322847,0.302064,-0.100238,-0.0973028
6.62,-7.38738,-7.43411,-6.72886,-6.78198,13.24,13.215,-3.7522,-3.73317,4.12778,4.30365,2,1.96424,-0.0278695,-0.0257684,0.205791,0.219677,0.973476,0.965332,-0.538363,-0.60914,0.344039,0.322197,-0.100591,-0.0976181
6.63,-7.42486,-7.47155,-6.68749,-6.73955,13.26,13.2339,-3.74311,-3.72253,4.14658,4.32349,2,1.96402,-0.0331479,-0.0303367,0.209334,0.220591,0.972469,0.964249,-0.517146,-0.589832,0.364462,0.341625,-0.100939,-0.0979286
6.64,-7.46225,-7.50887,-6.64593,-6.69693,13.28,13.2528,-3.73421,-3.71221,4.16597,4.34372,2,1.96388,-0.038209,-0.0347179,0.213077,0.22168,0.971457,0.963171,-0.494896,-0.569361,0.384079,0.360329,-0.101281,-0.0982344
6.65,-7.49954,-7.54607,-6.60417,-6.65414,13.3,13.2717,-3.72549,-3.7022,4.18596,4.36433,2,1.96383,-0.0430425,-0.0389036,0.217013,0.222944,0.970443,0.962097,-0.471653,-0.54776,0.402853,0.378287,-0.101618,-0.0985354
6.66,-7.53676,-7.58316,-6.56221,-6.61115,13.32,13.2906,-3.7169,-3.69246,4.20655,4.38532,2,1.96387,-0.0476389,-0.0428845,0.221131,0.22438,0.969425,0.961028,-0.447463,-0.525069,0.420752,0.395484,-0.101949,-0.0988316
6.67,-7.57388,-7.62013,-6.52004,-6.56797,13.34,13.3096,-3.70843,-3.68296,4.22776,4.4067,2,1.96398,-0.0519888,-0.0466525,0.225425,0.225986,0.968404,0.959963,-0.422369,-0.501327,0.437745,0.411905,-0.102275,-0.099123
6.68,-7.61093,-7.657,-6.47765,-6.52458,13.36,13.3285,-3.70003,-3.67367,4.24956,4.42847,2,1.96417,-0.0560834,-0.0501996,0.229883,0.22776,0.96738,0.958902,-0.396421,-0.476575,0.453803,0.427538,-0.102596,-0.0994096
6.69,-7.64788,-7.69377,-6.43504,-6.48099,13.38,13.3475,-3.69168,-3.66455,4.27198,4.4506,2,1.96443,-0.0599145,-0.0535184,0.234497,0.229697,0.966352,0.957845,-0.369665,-0.450868,0.468902,0.442369,-0.102911,-0.0996915
6.7,-7.68476,-7.73042,-6.39221,-6.43719,13.4,13.3665,-3.68334,-3.65557,4.29501,4.47311,2,1.96477,-0.0634742,-0.0566008,0.239258,0.231794,0.965321,0.956791,-0.342152,-0.424248,0.483018,0.456389,-0.103221,-0.0999683
6.71,-7.72155,-7.76697,-6.34914,-6.39317,13.42,13.3855,-3.67498,-3.64671,4.31864,4.49599,2,1.96517,-0.0667552,-0.0594403,0.244154,0.234048,0.964288,0.95574,-0.313933,-0.396768,0.49613,0.469589,-0.103525,-0.10024
6.72,-7.75826,-7.80342,-6.30583,-6.34894,13.44,13.4046,-3.66657,-3.63791,4.34287,4.51923,2,1.96563,-0.0697507,-0.0620292,0.249177,0.236455,0.963251,0.954693,-0.285061,-0.368483,0.508221,0.481963,-0.103825,-0.100507
6.73,-7.79488,-7.83976,-6.26228,-6.30448,13.46,13.4237,-3.65808,-3.62915,4.3677,4.54282,2,1.96615,-0.0724544,-0.0643615,0.254315,0.23901,0.962211,0.953648,-0.255588,-0.339448,0.519274,0.493498,-0.104118,-0.100769
6.74,-7.83142,-7.876,-6.21848,-6.25979,13.48,13.4428,-3.64948,-3.62039,4.39312,4.56676,2,1.96673,-0.0748606,-0.0664305,0.259559,0.241709,0.961169,0.952606,-0.225569,-0.309716,0.529279,0.504194,-0.104407,-0.101026
6.75,-7.86787,-7.91214,-6.17442,-6.21487,13.5,13.462,-3.64072,-3.61159,4.41913,4.59104,2,1.96735,-0.0769642,-0.0682308,0.264897,0.244546,0.960123,0.951565,-0.195058,-0.279352,0.538224,0.514044,-0.10469,-0.101278
6.76,-7.90423,-7.94818,-6.13009,-6.16971,13.52,13.4813,-3.63179,-3.60271,4.44571,4.61565,2,1.96802,-0.0787603,-0.0697563,0.27032,0.247517,0.959075,0.950527,-0.164109,-0.24842,0.546101,0.52304,-0.104968,-0.101525
6.77,-7.94051,-7.98411,-6.0855,-6.12431,13.54,13.5006,-3.62264,-3.59373,4.47286,4.64059,2,1.96874,-0.0802451,-0.0710023,0.275816,0.250616,0.958024,0.949491,-0.132779,-0.216976,0.552907,0.531185,-0.105241,-0.101767
6.78,-7.97669,-8.01995,-6.04063,-6.07867,13.56,13.5199,-3.61326,-3.58459,4.50057,4.66583,2,1.96949,-0.0814148,-0.071964,0.281375,0.253837,0.95697,0.948456,-0.101123,-0.185085,0.558637,0.538475,-0.105508,-0.102003
6.79,-8.01277,-8.05568,-5.99549,-6.03278,13.58,13.5393,-3.60359,-3.57526,4.52882,4.69137,2,1.97027,-0.0822666,-0.0726364,0.286985,0.257174,0.955914,0.947422,-0.0691953,-0.152812,0.563292,0.5449,-0.10577,-0.102234
6.8,-8.04876,-8.0913,-5.95006,-5.98665,13.6,13.5587,-3.59362,-3.56571,4.55759,4.7172,2,1.97108,-0.082798,-0.0730165,0.292637,0.260621,0.954855,0.946389,-0.0370529,-0.120217,0.566872,0.550465,-0.106027,-0.10246
6.81,-8.08464,-8.1268,-5.90433,-5.94026,13.62,13.5782,-3.58331,-3.55589,4.58688,4.74331,2,1.97192,-0.0830072,-0.0731002,0.298319,0.264172,0.953793,0.945357,-0.00475056,-0.0873743,0.569383,0.555167,-0.106278,-0.10268
6.82,-8.12042,-8.1622,-5.85832,-5.89362,13.64,13.5978,-3.57263,-3.54578,4.61668,4.76968,2,1.97277,-0.0828927,-0.072885,0.304021,0.26782,0.952729,0.944325,0.0276566,-0.0543432,0.570829,0.559004,-0.106524,-0.102895
6.83,-8.15609,-8.19749,-5.812,-5.84673,13.66,13.6174,-3.56155,-3.53533,4.64695,4.79631,2,1.97365,-0.0824539,-0.0723679,0.309732,0.271558,0.951663,0.943294,0.0601141,-0.0211883,0.571218,0.561972,-0.106765,-0.103104
6.84,-8.19165,-8.23266,-5.76538,-5.79957,13.68,13.637,-3.55005,-3.52451,4.67768,4.82317,2,1.97453,-0.0816904,-0.0715471,0.315442,0.27538,0.950594,0.942263,0.0925678,0.0120229,0.570559,0.564075,-0.107001,-0.103308
6.85,-8.22709,-8.2677,-5.71844,-5.75216,13.7,13.6567,-3.53808,-3.51329,4.70886,4.85026,2,1.97542,-0.0806027,-0.070421,0.32114,0.279277,0.949523,0.941231,0.124964,0.0452263,0.568864,0.565313,-0.107232,-0.103507
6.86,-8.26241,-8.30263,-5.6712,-5.70449,13.72,13.6765,-3.52563,-3.50162,4.74047,4.87756,2,1.97632,-0.0791915,-0.0689885,0.326816,0.283243,0.948449,0.940199,0.15725,0.078357,0.566145,0.565683,-0.107457,-0.103699
6.87,-8.2976,-8.33742,-5.62363,-5.65656,13.74,13.6963,-3.51266,-3.48948,4.77248,4.90506,2,1.97722,-0.0774582,-0.0672495,0.332459,0.287271,0.947374,0.939166,0.189375,0.111351,0.562416,0.565185,-0.107677,-0.103886
6.88,-8.33266,-8.37208,-5.57575,-5.60836,13.76,13.7161,-3.49915,-3.47684,4.80487,4.93274,2,1.97812,-0.0754047,-0.0652042,0.338061,0.291352,0.946296,0.938133,0.221286,0.14415,0.557692,0.563822,-0.107892,-0.104067
6.89,-8.36758,-8.40661,-5.52753,-5.55989,13.78,13.736,-3.48507,-3.46365,4.83761,4.9606,2,1.97901,-0.0730334,-0.0628524,0.34361,0.29548,0.945216,0.937098,0.252933,0.176686,0.551989,0.561598,-0.108102,-0.104243
6.9,-8.40236,-8.441,-5.47899,-5.51116,13.8,13.7559,-3.47039,-3.4499,4.87069,4.98861,2,1.9799,-0.0703471,-0.0601958,0.349097,0.299646,0.944134,0.936063,0.284267,0.208908,0.545324,0.558503,-0.108307,-0.104413
6.91,-8.43699,-8.47523,-5.43012,-5.46216,13.82,13.7759,-3.45509,-3.43555,4.90408,5.01675,2,1.98078,-0.0673493,-0.0572363,0.354513,0.303843,0.94305,0.935026,0.31524,0.240748,0.537716,0.554546,-0.108506,-0.104576
6.92,-8.47146,-8.50932,-5.38091,-5.4129,13.84,13.7959,-3.43915,-3.42057,4.93775,5.04502,2,1.98165,-0.0640437,-0.0539761,0.359848,0.308063,0.941964,0.933988,0.345805,0.272155,0.529183,0.549735,-0.108701,-0.104734
6.93,-8.50577,-8.54324,-5.33136,-5.36336,13.86,13.8159,-3.42254,-3.40494,4.97168,5.0734,2,1.9825,-0.0604347,-0.0504179,0.365094,0.312299,0.940876,0.932948,0.375915,0.303073,0.519745,0.544062,-0.10889,-0.104886
6.94,-8.53991,-8.57701,-5.28148,-5.31355,13.88,13.8359,-3.40524,-3.38863,5.00583,5.10187,2,1.98335,-0.056527,-0.0465649,0.37024,0.316541,0.939786,0.931907,0.405525,0.333448,0.509423,0.537537,-0.109074,-0.105032
6.95,-8.57387,-8.61061,-5.23125,-5.26346,13.9,13.856,-3.38722,-3.37161,5.04018,5.13042,2,1.98417,-0.052326,-0.0424222,0.375279,0.320782,0.938694,0.930863,0.434592,0.363225,0.498238,0.53016,-0.109253,-0.105172
6.96,-8.60765,-8.64402,-5.18067,-5.2131,13.92,13.8761,-3.36847,-3.35387,5.0747,5.15902,2,1.98498,-0.0478372,-0.0379936,0.380202,0.325016,0.937601,0.929818,0.463072,0.39236,0.48621,0.521941,-0.109427,-0.105307
6.97,-8.64124,-8.67727,-5.12975,-5.16247,13.94,13.8963,-3.34897,-3.33538,5.10937,5.18767,2,1.98577,-0.0430666,-0.0332841,0.385001,0.329232,0.936506,0.928771,0.490924,0.420801,0.473362,0.512876,-0.109596,-0.105435
6.98,-8.67463,-8.71033,-5.07848,-5.11156,13.96,13.9164,-3.3287,-3.31611,5.14414,5.21635,2,1.98654,-0.0380209,-0.0282998,0.389667,0.333424,0.935409,0.927721,0.518108,0.448504,0.459716,0.502977,-0.10976,-0.105557
6.99,-8.70781,-8.74318,-5.02687,-5.06037,13.98,13.9366,-3.30764,-3.29606,5.17899,5.24503,2,1.9873,-0.0327068,-0.023047,0.394193,0.337583,0.93431,0.92667,0.544585,0.475425,0.445294,0.492249,-0.109919,-0.105673
7,-8.74078,-8.77584,-4.9749,-5.0089,14,13.9568,-3.28578,-3.27521,5.21389,5.27371,2,1.98803,-0.0271317,-0.0175323,0.39857,0.341702,0.93321,0.925616,0.570317,0.501523,0.430119,0.480697,-0.110073,-0.105784
7.01,-8.77352,-8.8083,-4.92259,-4.95715,14.02,13.977,-3.2631,-3.25353,5.24881,5.30236,2,1.98874,-0.0213031,-0.0117632,0.402793,0.345773,0.932109,0.924559,0.595267,0.526759,0.414214,0.468331,-0.110222,-0.105888
7.02,-8.80604,-8.84054,-4.86993,-4.90512,14.04,13.9972,-3.23959,-3.23102,5.28371,5.33097,2,1.98944,-0.0152291,-0.00574817,0.406852,0.349788,0.931006,0.923501,0.6194,0.551096,0.397603,0.455164,-0.110366,-0.105986
7.03,-8.83831,-8.87256,-4.81692,-4.8528,14.06,14.0174,-3.21523,-3.20766,5.31856,5.35952,2,1.99012,-0.00891793,0.000505784,0.410742,0.353739,0.929902,0.922439,0.642682,0.5745,0.380308,0.441201,-0.110505,-0.106079
7.04,-8.87034,-8.90435,-4.76356,-4.8002,14.08,14.0376,-3.19002,-3.18344,5.35333,5.38799,2,1.99078,-0.00237837,0.00698813,0.414456,0.357618,0.928796,0.921376,0.66508,0.596936,0.362355,0.426454,-0.110638,-0.106165
7.05,-8.90211,-8.9359,-4.70985,-4.74731,14.1,14.0577,-3.16395,-3.15835,5.38799,5.41636,2,1.99143,0.00438062,0.013691,0.417987,0.361419,0.927689,0.92031,0.686563,0.618377,0.343767,0.410941,-0.110767,-0.106246
7.06,-8.93362,-8.96721,-4.6558,-4.69414,14.12,14.0779,-3.13701,-3.13239,5.42249,5.44461,2,1.99205,0.0113497,0.0206029,0.421329,0.365132,0.926581,0.919241,0.7071,0.638792,0.324569,0.39467,-0.110891,-0.10632
7.07,-8.96485,-8.99828,-4.6014,-4.64067,14.14,14.0981,-3.10919,-3.10554,5.45682,5.47274,2,1.99267,0.0185194,0.0277153,0.424477,0.368752,0.925471,0.918169,0.726662,0.65816,0.304785,0.377661,-0.111011,-0.106389
7.08,-8.9958,-9.02908,-4.54666,-4.58692,14.16,14.1183,-3.08049,-3.07781,5.49092,5.5007,2,1.99327,0.0258796,0.0350157,0.427423,0.372271,0.92436,0.917095,0.745223,0.676453,0.284442,0.359925,-0.111125,-0.106452
7.09,-9.02645,-9.05962,-4.49158,-4.53288,14.18,14.1384,-3.0509,-3.04919,5.52478,5.5285,2,1.99385,0.0334204,0.0424939,0.430164,0.375682,0.923249,0.916019,0.762755,0.693653,0.263564,0.341487,-0.111234,-0.10651
7.1,-9.05681,-9.08989,-4.43617,-4.47854,14.2,14.1585,-3.02043,-3.01968,5.55836,5.5561,2,1.99443,0.0411312,0.0501374,0.432693,0.378976,0.922136,0.91494,0.779235,0.709737,0.242179,0.322367,-0.111338,-0.106562
7.11,-9.08686,-9.11987,-4.38042,-4.42392,14.22,14.1786,-2.98907,-2.98928,5.59161,5.58349,2,1.99499,0.0490015,0.057935,0.435006,0.382149,0.921022,0.913859,0.794638,0.724692,0.220312,0.302584,-0.111438,-0.106608
7.12,-9.11659,-9.14957,-4.32434,-4.36901,14.24,14.1987,-2.95682,-2.95799,5.62452,5.61066,2,1.99555,0.0570203,0.0658742,0.437098,0.385192,0.919907,0.912775,0.808943,0.738501,0.197992,0.28216,-0.111533,-0.106649
7.13,-9.14599,-9.17897,-4.26793,-4.3138,14.26,14.2188,-2.92369,-2.92582,5.65704,5.63757,2,1.9961,0.0651766,0.073942,0.438964,0.388099,0.918791,0.911689,0.82213,0.751152,0.175247,0.261125,-0.111623,-0.106684
7.14,-9.17506,-9.20807,-4.2112,-4.25831,14.28,14.2388,-2.88968,-2.89277,5.68915,5.66421,2,1.99664,0.0734591,0.0821255,0.440601,0.390864,0.917675,0.910601,0.834179,0.762635,0.152106,0.239499,-0.111708,-0.106714
7.15,-9.20378,-9.23685,-4.15415,-4.20252,14.3,14.2588,-2.8548,-2.85885,5.7208,5.69055,2,1.99718,0.0818563,0.090411,0.442005,0.393481,0.916557,0.909511,0.845073,0.772939,0.128599,0.217319,-0.111788,-0.106738
7.16,-9.23215,-9.2653,-4.09678,-4.14645,14.32,14.2788,-2.81905,-2.82407,5.75198,5.71659,2,1.99772,0.0903567,0.0987846,0.443172,0.395943,0.915439,0.908418,0.854797,0.78206,0.104757,0.194611,-0.111863,-0.106758
7.17,-9.26016,-9.29343,-4.03911,-4.09009,14.34,14.2987,-2.78244,-2.78843,5.78264,5.74229,2,1.99825,0.0989483,0.107234,0.444099,0.398244,0.91432,0.907324,0.863336,0.789992,0.0806104,0.171408,-0.111934,-0.106772
7.18,-9.2878,-9.32122,-3.98113,-4.03345,14.36,14.3186,-2.74499,-2.75196,5.81275,5.76764,2,1.99879,0.107619,0.115743,0.444783,0.400379,0.9132,0.906228,0.870679,0.796734,0.0561931,0.147747,-0.112,-0.106781
7.19,-9.31506,-9.34866,-3.92286,-3.97651,14.38,14.3385,-2.70671,-2.71466,5.84229,5.79262,2,1.99932,0.116358,0.124298,0.445222,0.402342,0.91208,0.905131,0.876813,0.802281,0.0315388,0.123661,-0.112061,-0.106785
7.2,-9.34193,-9.37574,-3.86429,-3.9193,14.4,14.3583,-2.6676,-2.67655,5.87122,5.8172,2,1.99986,0.125152,0.132885,0.445414,0.404128,0.910959,0.904032,0.881732,0.806638,0.00668205,0.0991916,-0.112118,-0.106785
7.21,-9.36841,-9.40246,-3.80543,-3.86181,14.42,14.3781,-2.62768,-2.63765,5.89952,5.84136,2,2.0004,0.133988,0.14149,0.445355,0.405731,0.909838,0.902932,0.885426,0.809804,-0.0183411,0.0743789,-0.11217,-0.10678
7.22,-9.39448,-9.4288,-3.7463,-3.80405,14.44,14.3978,-2.58698,-2.59797,5.92715,5.86509,2,2.00095,0.142856,0.150096,0.445046,0.407148,0.908716,0.901831,0.887892,0.811788,-0.0434936,0.0492636,-0.112217,-0.10677
7.23,-9.42015,-9.45476,-3.68689,-3.74601,14.46,14.4175,-2.5455,-2.55754,5.95409,5.88837,2,2.0015,0.151742,0.158691,0.444485,0.408373,0.907593,0.900729,0.889127,0.812589,-0.0687373,0.0238871,-0.112259,-0.106756
7.24,-9.44539,-9.48033,-3.62722,-3.68771,14.48,14.4372,-2.50327,-2.51637,5.98032,5.91116,2,2.00206,0.160634,0.167257,0.443671,0.409402,0.90647,0.899627,0.889128,0.81222,-0.0940332,-0.00170465,-0.112297,-0.106738
7.25,-9.47021,-9.5055,-3.56729,-3.62913,14.5,14.4568,-2.4603,-2.47448,6.0058,5.93346,2,2.00262,0.169521,0.175782,0.442604,0.410231,0.905347,0.898524,0.887898,0.810689,-0.119341,-0.0274642,-0.11233,-0.106716
7.26,-9.49459,-9.53026,-3.50711,-3.5703,14.52,14.4764,-2.41663,-2.43191,6.03052,5.95523,2,2.00319,0.178388,0.184251,0.441285,0.410856,0.904224,0.897421,0.885439,0.808004,-0.144619,-0.0533424,-0.112359,-0.106689
7.27,-9.51854,-9.55459,-3.44668,-3.51121,14.54,14.4959,-2.37226,-2.38866,6.05444,5.97647,2,2.00377,0.187225,0.192648,0.439712,0.411274,0.9031,0.896318,0.881756,0.804177,-0.169826,-0.0792891,-0.112383,-0.106659
7.28,-9.54204,-9.57851,-3.38602,-3.45188,14.56,14.5154,-2.32723,-2.34478,6.07756,5.99715,2,2.00436,0.196019,0.200959,0.437889,0.411482,0.901976,0.895216,0.876856,0.799224,-0.194919,-0.105258,-0.112402,-0.106625
7.29,-9.56508,-9.60198,-3.32513,-3.3923,14.58,14.5349,-2.28156,-2.30028,6.09983,6.01725,2,2.00496,0.204758,0.209171,0.435814,0.411476,0.900852,0.894115,0.87075,0.793159,-0.219853,-0.131196,-0.112417,-0.106587
7.3,-9.58767,-9.62502,-3.26403,-3.33248,14.6,14.5543,-2.23528,-2.25519,6.12126,6.03675,2,2.00557,0.21343,0.217268,0.433492,0.411255,0.899728,0.893015,0.863448,0.785995,-0.244585,-0.157053,-0.112427,-0.106546
7.31,-9.60979,-9.6476,-3.20271,-3.27243,14.62,14.5737,-2.1884,-2.20954,6.14181,6.05563,2,2.00618,0.222023,0.225237,0.430924,0.410815,0.898604,0.891916,0.854965,0.777754,-0.26907,-0.182773,-0.112433,-0.106502
7.32,-9.63143,-9.66972,-3.14119,-3.21214,14.64,14.5931,-2.14097,-2.16336,6.16148,6.07388,2,2.00681,0.230526,0.233065,0.428112,0.410156,0.897479,0.890818,0.845318,0.76845,-0.293263,-0.208309,-0.112434,-0.106455
7.33,-9.6526,-9.69138,-3.07948,-3.15164,14.66,14.6124,-2.09301,-2.11667,6.18024,6.09147,2,2.00744,0.238926,0.240738,0.425059,0.409276,0.896355,0.889723,0.834524,0.758102,-0.317118,-0.233604,-0.112431,-0.106404
7.34,-9.67329,-9.71256,-3.01759,-3.09093,14.68,14.6317,-2.04455,-2.06951,6.19808,6.1084,2,2.00808,0.247213,0.248244,0.421771,0.408172,0.895231,0.88863,0.822604,0.746736,-0.340591,-0.258607,-0.112423,-0.106351
7.35,-9.69349,-9.73326,-2.95553,-3.03,14.7,14.651,-1.99562,-2.0219,6.21499,6.12464,2,2.00873,0.255374,0.255571,0.418249,0.406846,0.894106,0.887538,0.809581,0.734371,-0.363635,-0.283266,-0.112411,-0.106295
7.36,-9.7132,-9.75346,-2.8933,-2.96888,14.72,14.6703,-1.94625,-1.97388,6.23096,6.14018,2,2.00939,0.263401,0.262706,0.414499,0.405296,0.892982,0.886451,0.79548,0.721029,-0.386207,-0.307521,-0.112394,-0.106236
7.37,-9.73242,-9.77317,-2.83091,-2.90756,14.74,14.6895,-1.89647,-1.92547,6.24598,6.15501,2,2.01006,0.27128,0.269638,0.410527,0.403523,0.891859,0.885366,0.780329,0.706733,-0.408262,-0.331331,-0.112373,-0.106176
7.38,-9.75113,-9.79238,-2.76838,-2.84606,14.76,14.7088,-1.84632,-1.87671,6.26005,6.1691,2,2.01073,0.279004,0.276358,0.406336,0.401527,0.890735,0.884284,0.764157,0.691511,-0.429757,-0.354642,-0.112348,-0.106112
7.39,-9.76934,-9.81108,-2.70571,-2.78438,14.78,14.728,-1.79582,-1.82763,6.27315,6.18246,2,2.01141,0.28656,0.282853,0.401934,0.399309,0.889612,0.883206,0.746995,0.675385,-0.450648,-0.377404,-0.112318,-0.106047
7.4,-9.78705,-9.82927,-2.64292,-2.72252,14.8,14.7473,-1.74501,-1.77824,6.28527,6.19506,2,2.0121,0.29394,0.289116,0.397325,0.39687,0.888489,0.882132,0.728876,0.658387,-0.470895,-0.399569,-0.112284,-0.10598
7.41,-9.80424,-9.84694,-2.58001,-2.66051,14.82,14.7665,-1.69392,-1.7286,6.29643,6.20691,2,2.01279,0.301135,0.295138,0.392518,0.394212,0.887366,0.881063,0.709837,0.640543,-0.490457,-0.421093,-0.112245,-0.105911
7.42,-9.82092,-9.86408,-2.51699,-2.59833,14.84,14.7857,-1.64259,-1.67872,6.30661,6.21798,2,2.01349,0.308134,0.30091,0.387519,0.391338,0.886244,0.879997,0.689913,0.621881,-0.509295,-0.44193,-0.112202,-0.10584
7.43,-9.83709,-9.88069,-2.45388,-2.53601,14.86,14.805,-1.59104,-1.62864,6.31582,6.22827,2,2.01419,0.31493,0.306425,0.382335,0.38825,0.885122,0.878937,0.669144,0.602435,-0.527373,-0.462036,-0.112155,-0.105768
7.44,-9.85274,-9.89678,-2.39068,-2.47355,14.88,14.8243,-1.53932,-1.57838,6.32406,6.23778,2,2.01489,0.321514,0.311677,0.376974,0.384952,0.884001,0.877881,0.64757,0.582234,-0.544654,-0.481376,-0.112104,-0.105694
7.45,-9.86788,-9.91233,-2.3274,-2.41095,14.9,14.8436,-1.48745,-1.52799,6.33132,6.24651,2,2.0156,0.327879,0.316659,0.371444,0.381447,0.88288,0.876831,0.625233,0.561308,-0.561106,-0.499902,-0.112048,-0.105618
7.46,-9.88249,-9.92734,-2.26406,-2.34823,14.92,14.8629,-1.43547,-1.47747,6.33763,6.25445,2,2.0163,0.334017,0.321368,0.365754,0.37774,0.88176,0.875786,0.602177,0.539695,-0.576697,-0.51759,-0.111988,-0.105542
7.47,-9.89659,-9.94181,-2.20065,-2.28539,14.94,14.8823,-1.38342,-1.42687,6.34297,6.26159,2,2.01701,0.33992,0.325799,0.359913,0.373836,0.88064,0.874746,0.578445,0.51743,-0.591398,-0.534397,-0.111924,-0.105464
7.48,-9.91016,-9.95575,-2.1372,-2.22244,14.96,14.9017,-1.33131,-1.37621,6.34737,6.26795,2,2.01771,0.345584,0.329948,0.35393,0.36974,0.879521,0.873712,0.554084,0.494545,-0.605182,-0.550299,-0.111855,-0.105385
7.49,-9.92321,-9.96914,-2.07371,-2.1594,14.98,14.9212,-1.27919,-1.32552,6.35082,6.27352,2,2.01842,0.351,0.333814,0.347813,0.365458,0.878403,0.872684,0.529141,0.471082,-0.618024,-0.56526,-0.111783,-0.105305
7.5,-9.93574,-9.98199,-2.01019,-2.09626,15,14.9407,-1.22709,-1.27484,6.35334,6.27831,2,2.01912,0.356165,0.337395,0.341572,0.360996,0.877286,0.871663,0.503662,0.447078,-0.629902,-0.579265,-0.111706,-0.105224
7.51,-9.94775,-9.99429,-1.94665,-2.03304,15.02,14.9603,-1.17504,-1.22417,6.35494,6.28232,2,2.01982,0.361072,0.340689,0.335218,0.356361,0.876169,0.870647,0.477696,0.42257,-0.640798,-0.592286,-0.111625,-0.105141
7.52,-9.95925,-10.0061,-1.88309,-1.96975,15.04,14.9799,-1.12307,-1.17357,6.35563,6.28556,2,2.02052,0.365717,0.343698,0.32876,0.351562,0.875053,0.869637,0.451292,0.397605,-0.650693,-0.604304,-0.11154,-0.105058
7.53,-9.97022,-10.0173,-1.81954,-1.9064,15.06,14.9996,-1.07122,-1.12304,6.35544,6.28804,2,2.02121,0.370096,0.346422,0.322208,0.346605,0.873938,0.868634,0.4245,0.372216,-0.659574,-0.615298,-0.111451,-0.104974
7.54,-9.98067,-10.028,-1.75599,-1.84298,15.08,15.0194,-1.01951,-1.07262,6.35436,6.28978,2,2.02189,0.374206,0.348863,0.315572,0.341499,0.872824,0.867637,0.39737,0.346455,-0.667429,-0.625262,-0.111357,-0.104889
7.55,-9.99061,-10.0382,-1.69245,-1.77952,15.1,15.0392,-0.967964,-1.02233,6.35243,6.29079,2,2.02257,0.378043,0.351022,0.308862,0.336254,0.871711,0.866646,0.36995,0.32036,-0.674249,-0.634181,-0.11126,-0.104803
7.56,-10,-10.0478,-1.62894,-1.71604,15.12,15.0591,-0.916624,-0.972205,6.34965,6.29107,2,2.02324,0.381604,0.352905,0.30209,0.330879,0.870599,0.865662,0.342291,0.293983,-0.680026,-0.642048,-0.111159,-0.104716
7.57,-10.0089,-10.0569,-1.56546,-1.65252,15.14,15.079,-0.865514,-0.922263,6.34605,6.29066,2,2.0239,0.384888,0.354514,0.295265,0.325383,0.869488,0.864684,0.314444,0.267362,-0.684757,-0.648858,-0.111053,-0.104628
7.58,-10.0173,-10.0655,-1.50202,-1.58898,15.16,15.099,-0.814661,-0.87253,6.34165,6.28956,2,2.02455,0.387893,0.355855,0.288398,0.319777,0.868378,0.863713,0.286457,0.240547,-0.688441,-0.654604,-0.110944,-0.104539
7.59,-10.0252,-10.0735,-1.43863,-1.52544,15.18,15.1191,-0.764093,-0.823033,6.33647,6.28779,2,2.0252,0.390617,0.356932,0.2815,0.314071,0.867269,0.862747,0.258381,0.213588,-0.691078,-0.659291,-0.11083,-0.104449
7.6,-10.0326,-10.0811,-1.3753,-1.46191,15.2,15.1393,-0.713834,-0.773795,6.33052,6.28538,2,2.02583,0.39306,0.357751,0.27458,0.308277,0.866161,0.861789,0.230265,0.186534,-0.69267,-0.662923,-0.110713,-0.104358
7.61,-10.0395,-10.0881,-1.31202,-1.39839,15.22,15.1595,-0.663911,-0.724837,6.32383,6.28235,2,2.02645,0.395222,0.358319,0.26765,0.302404,0.865055,0.860836,0.202156,0.159433,-0.693225,-0.665497,-0.110591,-0.104266
7.62,-10.0459,-10.0946,-1.24882,-1.3349,15.24,15.1797,-0.614347,-0.676187,6.31643,6.27872,2,2.02705,0.397103,0.358643,0.260719,0.296466,0.863949,0.859889,0.174103,0.132328,-0.692749,-0.667022,-0.110466,-0.104172
7.63,-10.0518,-10.1007,-1.1857,-1.27144,15.26,15.2001,-0.565166,-0.627863,6.30834,6.27451,2,2.02764,0.398704,0.358731,0.253798,0.290473,0.862845,0.858948,0.146153,0.105276,-0.691253,-0.667512,-0.110337,-0.104077
7.64,-10.0572,-10.1062,-1.12266,-1.20803,15.28,15.2205,-0.516391,-0.579889,6.29958,6.26975,2,2.02822,0.400027,0.35859,0.246898,0.284436,0.861743,0.858013,0.118353,0.0783265,-0.688747,-0.666976,-0.110204,-0.10398
7.65,-10.0621,-10.1113,-1.05971,-1.14468,15.3,15.2409,-0.468043,-0.532288,6.29017,6.26448,2,2.02878,0.401072,0.358228,0.240027,0.278369,0.860641,0.857084,0.0907481,0.0515258,-0.685246,-0.665431,-0.110067,-0.103883
7.66,-10.0666,-10.1159,-0.996855,-1.0814,15.32,15.2614,-0.420142,-0.485077,6.28015,6.2587,2,2.02933,0.401843,0.357655,0.233196,0.272283,0.859541,0.856161,0.0633826,0.0249217,-0.680766,-0.662884,-0.109926,-0.103783
7.67,-10.0705,-10.12,-0.934106,-1.01819,15.34,15.2819,-0.372709,-0.438276,6.26954,6.25245,2,2.02986,0.402341,0.356879,0.226415,0.266188,0.858443,0.855242,0.0363,-0.00143413,-0.675323,-0.659359,-0.109781,-0.103682
7.68,-10.074,-10.1237,-0.871466,-0.955071,15.36,15.3025,-0.325761,-0.391909,6.25837,6.24576,2,2.03037,0.40257,0.35591,0.219693,0.260099,0.857346,0.854328,0.00954294,-0.0274934,-0.668936,-0.654873,-0.109633,-0.103578
7.69,-10.0771,-10.1269,-0.808941,-0.89205,15.38,15.3231,-0.279316,-0.345985,6.24665,6.23865,2,2.03086,0.402533,0.354755,0.213039,0.254025,0.85625,0.85342,-0.0168475,-0.0532124,-0.661626,-0.649442,-0.109481,-0.103473
7.7,-10.0796,-10.1296,-0.746535,-0.829139,15.4,15.3437,-0.233391,-0.30053,6.23443,6.23115,2,2.03133,0.402234,0.353426,0.206463,0.247978,0.855156,0.852516,-0.0428311,-0.0785422,-0.653415,-0.643092,-0.109325,-0.103366
7.71,-10.0817,-10.1319,-0.684254,-0.76634,15.42,15.3644,-0.188001,-0.255554,6.22172,6.2233,2,2.03179,0.401678,0.351931,0.199974,0.24197,0.854064,0.851617,-0.0683692,-0.10344,-0.644326,-0.635842,-0.109165,-0.103257
7.72,-10.0834,-10.1338,-0.622102,-0.703669,15.44,15.3851,-0.14316,-0.211076,6.20856,6.21511,2,2.03222,0.400868,0.350279,0.19358,0.236011,0.852973,0.850721,-0.0934243,-0.127861,-0.634382,-0.62772,-0.109001,-0.103145
7.73,-10.0846,-10.1353,-0.560084,-0.641128,15.46,15.4057,-0.0988805,-0.167103,6.19497,6.20661,2,2.03263,0.399811,0.348481,0.187289,0.230113,0.851884,0.84983,-0.11796,-0.151762,-0.623609,-0.61874,-0.108834,-0.103031
7.74,-10.0854,-10.1363,-0.498204,-0.578733,15.48,15.4264,-0.0551758,-0.123658,6.18098,6.19783,2,2.03302,0.398511,0.346547,0.18111,0.224285,0.850796,0.848943,-0.141942,-0.175105,-0.612034,-0.60894,-0.108663,-0.102914
7.75,-10.0857,-10.137,-0.436466,-0.516485,15.5,15.4471,-0.0120562,-0.0807449,6.16661,6.18879,2,2.03338,0.396974,0.344484,0.175051,0.218537,0.84971,0.848058,-0.165336,-0.197853,-0.599683,-0.598336,-0.108489,-0.102795
7.76,-10.0856,-10.1372,-0.374873,-0.454388,15.52,15.4678,0.0304684,-0.0383727,6.1519,6.17952,2,2.03372,0.395206,0.342302,0.169119,0.212878,0.848626,0.847177,-0.188111,-0.219966,-0.586585,-0.586963,-0.108311,-0.102673
7.77,-10.0851,-10.1371,-0.313429,-0.392457,15.54,15.4885,0.0723894,0.00344262,6.13687,6.17005,2,2.03404,0.393214,0.34001,0.163321,0.207318,0.847544,0.846299,-0.210236,-0.24141,-0.572769,-0.574842,-0.108129,-0.102549
7.78,-10.0842,-10.1365,-0.252136,-0.330689,15.56,15.5092,0.113699,0.0446984,6.12156,6.16039,2,2.03433,0.391004,0.337618,0.157666,0.201865,0.846464,0.845423,-0.231681,-0.262156,-0.558264,-0.561999,-0.107944,-0.102421
7.79,-10.0828,-10.1356,-0.190999,-0.269095,15.58,15.5298,0.154392,0.0853879,6.10598,6.15057,2,2.0346,0.388583,0.335135,0.152158,0.196527,0.845385,0.844549,-0.252418,-0.282168,-0.5431,-0.548471,-0.107755,-0.10229
7.8,-10.0811,-10.1343,-0.130018,-0.207675,15.6,15.5505,0.194461,0.125504,6.09016,6.14061,2,2.03484,0.385958,0.332567,0.146806,0.191312,0.844309,0.843677,-0.272422,-0.301423,-0.527308,-0.534279,-0.107562,-0.102157
7.81,-10.0789,-10.1326,-0.069196,-0.146441,15.62,15.5711,0.233904,0.165042,6.07414,6.13054,2,2.03506,0.383137,0.329925,0.141614,0.186226,0.843234,0.842806,-0.291667,-0.319892,-0.510918,-0.519455,-0.107366,-0.10202
7.82,-10.0764,-10.1306,-0.00853545,-0.0853866,15.64,15.5917,0.272717,0.204005,6.05794,6.12036,2,2.03525,0.380127,0.327215,0.136589,0.181275,0.842161,0.841936,-0.31013,-0.337558,-0.493963,-0.504027,-0.107167,-0.101879
7.83,-10.0735,-10.1282,0.0519623,-0.0245176,15.66,15.6123,0.310897,0.242387,6.04158,6.1101,2,2.03542,0.376937,0.324446,0.131737,0.176467,0.841091,0.841068,-0.327788,-0.354388,-0.476473,-0.488022,-0.106964,-0.101736
7.84,-10.0702,-10.1255,0.112296,0.0361676,15.68,15.6328,0.348446,0.28019,6.02509,6.09979,2,2.03556,0.373574,0.321625,0.127062,0.171804,0.840022,0.840199,-0.34462,-0.370374,-0.458482,-0.471471,-0.106758,-0.101589
7.85,-10.0665,-10.1225,0.172464,0.09666,15.7,15.6533,0.385362,0.317413,6.00851,6.08941,2,2.03567,0.370047,0.31876,0.122569,0.167294,0.838956,0.839331,-0.360609,-0.385496,-0.440022,-0.454408,-0.106548,-0.101438
7.86,-10.0625,-10.1191,0.232466,0.156966,15.72,15.6738,0.421646,0.354062,5.99184,6.07901,2,2.03576,0.366365,0.315856,0.118263,0.162938,0.837891,0.838462,-0.375734,-0.399739,-0.421125,-0.436856,-0.106334,-0.101285
7.87,-10.0581,-10.1153,0.2923,0.217078,15.74,15.6943,0.457303,0.390136,5.97512,6.06859,2,2.03582,0.362536,0.312921,0.114148,0.158743,0.836829,0.837593,-0.389981,-0.413088,-0.401824,-0.418847,-0.106118,-0.101127
7.88,-10.0533,-10.1113,0.351968,0.277011,15.76,15.7147,0.492334,0.425648,5.95838,6.05816,2,2.03585,0.358568,0.309961,0.110227,0.154709,0.835769,0.836722,-0.403333,-0.425539,-0.382152,-0.40041,-0.105898,-0.100966
7.89,-10.0482,-10.1069,0.411468,0.33675,15.78,15.7351,0.526745,0.460594,5.94163,6.04774,2,2.03585,0.354472,0.306984,0.106506,0.15084,0.834711,0.83585,-0.415778,-0.437079,-0.362142,-0.381579,-0.105674,-0.100801
7.9,-10.0428,-10.1022,0.470801,0.396307,15.8,15.7555,0.56054,0.494988,5.9249,6.03734,2,2.03583,0.350256,0.303993,0.102986,0.147138,0.833655,0.834976,-0.427303,-0.447702,-0.341827,-0.362382,-0.105448,-0.100633
7.91,-10.037,-10.0972,0.529966,0.455672,15.82,15.7758,0.593728,0.528833,5.90821,6.02696,2,2.03578,0.345929,0.300995,0.09967,0.143605,0.832602,0.8341,-0.437896,-0.457407,-0.321241,-0.342845,-0.105218,-0.100461
7.92,-10.0309,-10.0919,0.588965,0.514863,15.84,15.7961,0.626314,0.562142,5.89159,6.01662,2,2.0357,0.341501,0.297996,0.0965615,0.140241,0.831551,0.833221,-0.447549,-0.466189,-0.300417,-0.323004,-0.104984,-0.100285
7.93,-10.0245,-10.0863,0.647798,0.573871,15.86,15.8164,0.658308,0.594923,5.87506,6.00632,2,2.03559,0.336981,0.295,0.0936623,0.137048,0.830502,0.83234,-0.456253,-0.474051,-0.279389,-0.302885,-0.104748,-0.100105
7.94,-10.0178,-10.0804,0.706467,0.632707,15.88,15.8367,0.689719,0.627187,5.85864,5.99608,2,2.03546,0.332379,0.292013,0.0909743,0.134025,0.829456,0.831454,-0.464002,-0.480988,-0.258189,-0.28252,-0.104508,-0.099922
7.95,-10.0107,-10.0742,0.764971,0.691366,15.9,15.8569,0.720557,0.658944,5.84235,5.98589,2,2.0353,0.327704,0.289039,0.088499,0.131173,0.828412,0.830565,-0.470789,-0.487004,-0.236851,-0.26194,-0.104265,-0.099735
7.96,-10.0033,-10.0677,0.823314,0.749864,15.92,15.8771,0.750834,0.690209,5.8262,5.97577,2,2.03511,0.322967,0.286082,0.0862376,0.128491,0.827371,0.829672,-0.476612,-0.49211,-0.215408,-0.241171,-0.104019,-0.0995439
7.97,-9.99569,-10.061,0.881496,0.808191,15.94,15.8973,0.780562,0.72099,5.81023,5.96571,2,2.03489,0.318175,0.283148,0.0841911,0.125978,0.826332,0.828774,-0.481466,-0.496302,-0.193894,-0.220245,-0.103769,-0.0993491
7.98,-9.98774,-10.0539,0.939519,0.866361,15.96,15.9175,0.809753,0.751307,5.79445,5.95574,2,2.03465,0.31334,0.28024,0.0823599,0.123634,0.825295,0.827871,-0.485352,-0.499592,-0.172342,-0.199199,-0.103517,-0.0991505
7.99,-9.9795,-10.0466,0.997386,0.924375,15.98,15.9377,0.838421,0.781169,5.77887,5.94584,2,2.03438,0.308472,0.277363,0.0807442,0.121457,0.824262,0.826963,-0.488268,-0.501985,-0.150784,-0.178056,-0.103261,-0.0989482
8,-9.97097,-10.039,1.0551,0.982238,16,15.9578,0.86658,0.810592,5.76351,5.93602,2,2.03408,0.303578,0.27452,0.0793441,0.119444,0.82323,0.826049,-0.490217,-0.503492,-0.129255,-0.156847,-0.103002,-0.098742
8.01,-9.96217,-10.0311,1.11266,1.03996,16.02,15.978,0.894247,0.83959,5.7484,5.92628,2,2.03375,0.29867,0.271714,0.0781589,0.117595,0.822202,0.825128,-0.4912,-0.504121,-0.107786,-0.135608,-0.102741,-0.098532
8.02,-9.95309,-10.0229,1.17007,1.09753,16.04,15.9981,0.921436,0.868178,5.73354,5.91664,2,2.0334,0.293758,0.268951,0.0771881,0.115906,0.821175,0.824201,-0.491223,-0.503883,-0.0864094,-0.114362,-0.102476,-0.0983181
8.03,-9.94374,-10.0145,1.22733,1.15497,16.06,16.0182,0.948164,0.896375,5.71895,5.90708,2,2.03302,0.288849,0.266233,0.0764303,0.114377,0.820152,0.823268,-0.49029,-0.502792,-0.0651589,-0.0931435,-0.102208,-0.0981006
8.04,-9.93413,-10.0058,1.28445,1.21228,16.08,16.0384,0.974449,0.924192,5.70464,5.89761,2,2.03261,0.283955,0.263563,0.0758844,0.113003,0.819131,0.822326,-0.488409,-0.500856,-0.0440662,-0.0719845,-0.101937,-0.097879
8.05,-9.92425,-9.99689,1.34142,1.26946,16.1,16.0585,1.00031,0.951651,5.69064,5.88824,2,2.03218,0.279084,0.260946,0.0755484,0.111783,0.818113,0.821377,-0.485587,-0.498093,-0.023163,-0.0509156,-0.101663,-0.0976536
8.06,-9.91412,-9.98768,1.39826,1.32652,16.12,16.0786,1.02576,0.978766,5.67694,5.87896,2,2.03172,0.274246,0.258383,0.0754204,0.110712,0.817098,0.82042,-0.481835,-0.494512,-0.00248121,-0.0299621,-0.101386,-0.0974245
8.07,-9.90374,-9.97821,1.45496,1.38345,16.14,16.0987,1.05082,1.00555,5.66357,5.86977,2,2.03123,0.26945,0.25588,0.0754979,0.109789,0.816086,0.819454,-0.477162,-0.490132,0.017948,-0.00916554,-0.101106,-0.0971915
8.08,-9.89311,-9.96848,1.51153,1.44029,16.16,16.1188,1.07552,1.03203,5.65053,5.86069,2,2.03071,0.264706,0.253438,0.0757784,0.10901,0.815076,0.818479,-0.471581,-0.484967,0.0380938,0.0114561,-0.100824,-0.0969548
8.09,-9.88223,-9.9585,1.56797,1.49701,16.18,16.139,1.09986,1.05821,5.63783,5.85169,2,2.03017,0.260022,0.25106,0.0762587,0.108372,0.814069,0.817496,-0.465105,-0.47903,0.0579254,0.0318618,-0.100538,-0.0967142
8.1,-9.87111,-9.94827,1.62429,1.55363,16.2,16.1591,1.12388,1.08412,5.62549,5.8428,2,2.0296,0.255407,0.24875,0.0769357,0.107871,0.813065,0.816503,-0.45775,-0.472336,0.0774129,0.052023,-0.100249,-0.0964697
8.11,-9.85975,-9.93778,1.68048,1.61015,16.22,16.1792,1.14759,1.10977,5.61351,5.834,2,2.02901,0.25087,0.246511,0.0778058,0.107504,0.812064,0.815499,-0.44953,-0.464904,0.0965266,0.0719126,-0.0999581,-0.0962215
8.12,-9.84816,-9.92704,1.73656,1.66657,16.24,16.1994,1.17101,1.13517,5.6019,5.82529,2,2.02839,0.246419,0.244346,0.0788649,0.107267,0.811066,0.814486,-0.440465,-0.456752,0.115237,0.0915003,-0.0996639,-0.0959693
8.13,-9.83633,-9.91606,1.79252,1.72291,16.26,16.2195,1.19417,1.16036,5.59066,5.81668,2,2.02774,0.242063,0.242256,0.0801091,0.107157,0.810071,0.813463,-0.430571,-0.447895,0.133517,0.110754,-0.0993669,-0.0957133
8.14,-9.82428,-9.90483,1.84838,1.77917,16.28,16.2397,1.21708,1.18533,5.5798,5.80817,2,2.02707,0.23781,0.240246,0.0815337,0.107169,0.809079,0.812428,-0.419869,-0.438349,0.151337,0.129644,-0.0990671,-0.0954536
8.15,-9.81199,-9.89335,1.90412,1.83534,16.3,16.2598,1.23977,1.21012,5.56933,5.79975,2,2.02637,0.233668,0.238318,0.0831342,0.107301,0.80809,0.811383,-0.40838,-0.428137,0.16867,0.148138,-0.0987646,-0.0951899
8.16,-9.79948,-9.88163,1.95976,1.89143,16.32,16.28,1.26226,1.23473,5.55925,5.79143,2,2.02565,0.229645,0.236474,0.0849054,0.107548,0.807103,0.810327,-0.396126,-0.417272,0.18549,0.166211,-0.0984593,-0.0949223
8.17,-9.78675,-9.86966,2.01531,1.94746,16.34,16.3002,1.28457,1.2592,5.54956,5.7832,2,2.0249,0.225748,0.234718,0.0868422,0.107907,0.80612,0.809259,-0.38313,-0.405775,0.20177,0.18383,-0.0981514,-0.094651
8.18,-9.77379,-9.85745,2.07076,2.00341,16.36,16.3204,1.30673,1.28352,5.54026,5.77506,2,2.02412,0.221985,0.233051,0.0889389,0.108374,0.80514,0.808179,-0.369417,-0.393664,0.217486,0.20097,-0.0978407,-0.0943757
8.19,-9.76061,-9.845,2.12611,2.0593,16.38,16.3406,1.32876,1.30772,5.53136,5.76702,2,2.02332,0.218362,0.231477,0.0911899,0.108944,0.804164,0.807088,-0.355012,-0.38096,0.232614,0.217595,-0.0975274,-0.0940965
8.2,-9.74722,-9.83231,2.18138,2.11513,16.4,16.3608,1.35067,1.33182,5.52285,5.75907,2,2.0225,0.214887,0.229998,0.0935892,0.109615,0.80319,0.805985,-0.339942,-0.367684,0.247129,0.233687,-0.0972114,-0.0938134
8.21,-9.7336,-9.81937,2.23657,2.17089,16.42,16.381,1.3725,1.35583,5.51474,5.7512,2,2.02165,0.211566,0.228617,0.0961304,0.110382,0.802219,0.80487,-0.324234,-0.353852,0.261009,0.24921,-0.0968928,-0.0935264
8.22,-9.71977,-9.8062,2.29168,2.2266,16.44,16.4012,1.39427,1.37978,5.50703,5.74343,2,2.02078,0.208404,0.227335,0.0988072,0.111241,0.801252,0.803742,-0.307918,-0.339483,0.274233,0.264142,-0.0965716,-0.0932354
8.23,-9.70572,-9.79279,2.34671,2.28226,16.46,16.4214,1.41599,1.40366,5.4997,5.73574,2,2.01989,0.205409,0.226156,0.101613,0.112189,0.800288,0.802603,-0.291022,-0.324604,0.286779,0.278456,-0.0962479,-0.0929405
8.24,-9.69145,-9.77913,2.40168,2.33786,16.48,16.4417,1.43769,1.42752,5.49276,5.72813,2,2.01897,0.202586,0.225081,0.10454,0.113221,0.799327,0.801451,-0.273577,-0.309232,0.298629,0.292127,-0.0959216,-0.0926417
8.25,-9.67696,-9.76524,2.45657,2.39342,16.5,16.4619,1.4594,1.45135,5.4862,5.72061,2,2.01803,0.199939,0.224113,0.107583,0.114334,0.79837,0.800288,-0.255613,-0.293388,0.309762,0.30513,-0.0955927,-0.0923388
8.26,-9.66226,-9.7511,2.5114,2.44893,16.52,16.4821,1.48113,1.47518,5.48003,5.71317,2,2.01707,0.197475,0.223254,0.110733,0.115524,0.797415,0.799112,-0.237164,-0.277097,0.320162,0.317444,-0.0952614,-0.0920319
8.27,-9.64734,-9.73672,2.56617,2.50441,16.54,16.5024,1.50291,1.49902,5.47422,5.70581,2,2.01609,0.195198,0.222506,0.113984,0.116786,0.796464,0.797923,-0.218262,-0.260378,0.329812,0.329037,-0.0949276,-0.091721
8.28,-9.6322,-9.72211,2.62089,2.55983,16.56,16.5226,1.52475,1.52288,5.46878,5.69851,2,2.01509,0.193111,0.221871,0.117327,0.118117,0.795517,0.796724,-0.19894,-0.243257,0.338696,0.339897,-0.0945913,-0.0914061
8.29,-9.61684,-9.70725,2.67555,2.61522,16.58,16.5429,1.54669,1.54679,5.4637,5.69131,2,2.01407,0.19122,0.22135,0.120755,0.119514,0.794572,0.795512,-0.179232,-0.225755,0.3468,0.349998,-0.0942526,-0.0910872
8.3,-9.60127,-9.69214,2.73016,2.67057,16.6,16.5631,1.56874,1.57075,5.45896,5.68416,2,2.01303,0.189528,0.220947,0.12426,0.120972,0.793632,0.794289,-0.159173,-0.207895,0.354111,0.359324,-0.0939114,-0.0907642
8.31,-9.58547,-9.6768,2.78473,2.72589,16.62,16.5834,1.59092,1.59478,5.45456,5.67709,2,2.01198,0.188038,0.220661,0.127835,0.122488,0.792694,0.793054,-0.138798,-0.189702,0.360616,0.367852,-0.0935679,-0.0904371
8.32,-9.56945,-9.66121,2.83925,2.78117,16.64,16.6037,1.61326,1.6189,5.4505,5.67008,2,2.01091,0.186753,0.220496,0.13147,0.124056,0.79176,0.791808,-0.118142,-0.171204,0.366305,0.37557,-0.0932221,-0.0901061
8.33,-9.5532,-9.64538,2.89374,2.83642,16.66,16.6239,1.63577,1.64312,5.44675,5.66312,2,2.00982,0.185676,0.220451,0.135158,0.125675,0.79083,0.790552,-0.0972423,-0.152419,0.371167,0.382458,-0.0928738,-0.0897708
8.34,-9.53673,-9.62929,2.94819,2.89163,16.68,16.6441,1.65847,1.66745,5.44331,5.65622,2,2.00872,0.184809,0.220529,0.13889,0.127338,0.789903,0.789285,-0.0761341,-0.133382,0.375194,0.388506,-0.0925233,-0.0894316
8.35,-9.52003,-9.61296,3.00261,2.94682,16.7,16.6644,1.68139,1.69191,5.44016,5.64938,2,2.00761,0.184154,0.220731,0.142659,0.129044,0.788979,0.788008,-0.0548542,-0.114114,0.378378,0.393696,-0.0921705,-0.0890882
8.36,-9.5031,-9.59639,3.05699,3.00197,16.72,16.6846,1.70453,1.71651,5.43729,5.64258,2,2.00649,0.183712,0.221057,0.146455,0.130788,0.788059,0.786722,-0.0334396,-0.094645,0.380714,0.39802,-0.0918154,-0.0887407
8.37,-9.48594,-9.57956,3.11135,3.0571,16.74,16.7049,1.72793,1.74127,5.43468,5.63582,2,2.00536,0.183485,0.221509,0.15027,0.132565,0.787143,0.785427,-0.0119273,-0.0749978,0.382196,0.401468,-0.0914581,-0.0883891
8.38,-9.46854,-9.56248,3.16569,3.11219,16.76,16.7251,1.75159,1.76618,5.43233,5.6291,2,2.00422,0.183474,0.222086,0.154096,0.134373,0.78623,0.784124,0.0096457,-0.0552045,0.382821,0.404027,-0.0910985,-0.0880335
8.39,-9.45091,-9.54513,3.22,3.16726,16.78,16.7453,1.77554,1.79128,5.43021,5.62241,2,2.00307,0.183678,0.22279,0.157924,0.136207,0.785321,0.782813,0.0312421,-0.0352939,0.382585,0.405697,-0.0907367,-0.0876736
8.4,-9.43303,-9.52754,3.27429,3.22229,16.8,16.7655,1.79979,1.81656,5.42832,5.61575,2,2.00192,0.184098,0.223621,0.161745,0.138063,0.784416,0.781495,0.0528249,-0.0152945,0.381487,0.406471,-0.0903728,-0.0873099
8.41,-9.41491,-9.50968,3.32857,3.2773,16.82,16.7857,1.82435,1.84205,5.42662,5.6091,2,2.00077,0.184734,0.224579,0.165551,0.139937,0.783514,0.780171,0.0743569,0.00476462,0.379528,0.40634,-0.0900067,-0.086942
8.42,-9.39654,-9.49157,3.38283,3.33228,16.84,16.8059,1.84925,1.86775,5.42511,5.60247,2,1.99961,0.185585,0.225665,0.169333,0.141826,0.782615,0.778841,0.0958011,0.0248529,0.376707,0.405307,-0.0896384,-0.0865701
8.43,-9.37792,-9.47318,3.43707,3.38723,16.86,16.826,1.8745,1.89367,5.42377,5.59584,2,1.99846,0.18665,0.226877,0.173082,0.143725,0.781721,0.777507,0.117121,0.044936,0.373027,0.403372,-0.0892681,-0.0861942
8.44,-9.35905,-9.45454,3.4913,3.44215,16.88,16.8462,1.9001,1.91982,5.42258,5.58921,2,1.99731,0.187927,0.228216,0.17679,0.14563,0.78083,0.776168,0.138279,0.0649818,0.368492,0.400536,-0.0888957,-0.0858142
8.45,-9.33992,-9.43561,3.54552,3.49704,16.9,16.8663,1.92608,1.94621,5.42151,5.58256,2,1.99617,0.189415,0.22968,0.180449,0.147537,0.779943,0.774827,0.159241,0.0849624,0.363106,0.396802,-0.0885212,-0.0854304
8.46,-9.32053,-9.41642,3.59973,3.55189,16.92,16.8864,1.95244,1.97286,5.42056,5.5759,2,1.99503,0.191111,0.23127,0.18405,0.149443,0.77906,0.773484,0.179969,0.104842,0.356875,0.392176,-0.0881446,-0.0850426
8.47,-9.30087,-9.39696,3.65394,3.60671,16.94,16.9065,1.9792,1.99976,5.41969,5.56921,2,1.99391,0.193013,0.232983,0.187584,0.151342,0.77818,0.77214,0.200428,0.124588,0.349805,0.386665,-0.0877661,-0.0846508
8.48,-9.28094,-9.37722,3.70813,3.6615,16.96,16.9266,2.00637,2.02693,5.4189,5.56248,2,1.99279,0.195119,0.23482,0.191043,0.153232,0.777304,0.770796,0.220583,0.144165,0.341905,0.380279,-0.0873856,-0.0842552
8.49,-9.26074,-9.35719,3.76231,3.71625,16.98,16.9467,2.03395,2.05438,5.41815,5.5557,2,1.9917,0.197424,0.236778,0.194419,0.155108,0.776432,0.769453,0.2404,0.163545,0.333185,0.373024,-0.0870031,-0.0838559
8.5,-9.24026,-9.33688,3.81649,3.77096,17,16.9667,2.06196,2.08211,5.41743,5.54888,2,1.99062,0.199926,0.238855,0.197704,0.156965,0.775564,0.768112,0.259845,0.182689,0.323654,0.364914,-0.0866186,-0.0834528
8.51,-9.2195,-9.31629,3.87066,3.82564,17.02,16.9867,2.0904,2.11013,5.41671,5.54198,2,1.98956,0.20262,0.241051,0.20089,0.158801,0.7747,0.766775,0.278883,0.201561,0.313325,0.355964,-0.0862322,-0.0830459
8.52,-9.19845,-9.2954,3.92483,3.88027,17.04,17.0067,2.11929,2.13845,5.41597,5.53501,2,1.98852,0.205502,0.243363,0.203968,0.160609,0.77384,0.765442,0.297483,0.220129,0.302211,0.346189,-0.085844,-0.0826354
8.53,-9.17711,-9.27422,3.97898,3.93485,17.06,17.0267,2.14862,2.16707,5.41519,5.52796,2,1.98751,0.208568,0.245788,0.206931,0.162387,0.772983,0.764116,0.315612,0.238358,0.290326,0.335606,-0.0854538,-0.0822214
8.54,-9.15548,-9.25274,4.03313,3.98939,17.08,17.0467,2.1784,2.196,5.41435,5.52081,2,1.98652,0.211812,0.248324,0.209772,0.16413,0.772131,0.762795,0.33324,0.256214,0.277685,0.324231,-0.0850618,-0.0818039
8.55,-9.13355,-9.23096,4.08727,4.04388,17.1,17.0666,2.20864,2.22524,5.41342,5.51354,2,1.98557,0.215231,0.250969,0.212483,0.165834,0.771282,0.761484,0.350335,0.27366,0.264305,0.312086,-0.084668,-0.0813828
8.56,-9.11131,-9.20888,4.1414,4.09832,17.12,17.0866,2.23934,2.25479,5.41239,5.50616,2,1.98465,0.218817,0.25372,0.215056,0.167495,0.770437,0.760181,0.366868,0.290663,0.250204,0.299191,-0.0842723,-0.0809584
8.57,-9.08876,-9.18649,4.19552,4.1527,17.14,17.1065,2.2705,2.28467,5.41122,5.49866,2,1.98377,0.222566,0.256573,0.217484,0.169108,0.769596,0.758889,0.382811,0.307188,0.235401,0.28557,-0.0838749,-0.0805308
8.58,-9.06589,-9.16379,4.24962,4.20703,17.16,17.1263,2.30212,2.31486,5.40989,5.49101,2,1.98292,0.226471,0.259525,0.219761,0.170669,0.76876,0.757609,0.398135,0.323207,0.219917,0.271245,-0.0834757,-0.0801
8.59,-9.04271,-9.14077,4.30371,4.26129,17.18,17.1462,2.3342,2.34539,5.40838,5.4832,2,1.98212,0.230527,0.262573,0.22188,0.172174,0.767927,0.756342,0.412815,0.338677,0.203774,0.256243,-0.0830748,-0.079666
8.6,-9.01921,-9.11743,4.35779,4.31549,17.2,17.166,2.36675,2.37624,5.40667,5.47523,2,1.98136,0.234725,0.265713,0.223835,0.173619,0.767098,0.755089,0.426824,0.353575,0.186994,0.240589,-0.0826721,-0.079229
8.61,-8.99538,-9.09378,4.41184,4.36962,17.22,17.1858,2.39975,2.40742,5.40473,5.46709,2,1.98065,0.239061,0.268941,0.225618,0.174999,0.766274,0.753852,0.440138,0.367863,0.169603,0.224315,-0.0822678,-0.0787891
8.62,-8.97121,-9.0698,4.46588,4.42368,17.24,17.2056,2.43322,2.43893,5.40254,5.45875,2,1.97998,0.243526,0.272254,0.227225,0.17631,0.765453,0.752631,0.452734,0.38151,0.151624,0.207442,-0.0818618,-0.0783463
8.63,-8.94671,-9.04549,4.51989,4.47766,17.26,17.2254,2.46713,2.47076,5.40008,5.45021,2,1.97936,0.248113,0.275646,0.228649,0.177548,0.764636,0.751428,0.464589,0.394493,0.133086,0.190004,-0.0814541,-0.0779006
8.64,-8.92187,-9.02085,4.57388,4.53157,17.28,17.2452,2.50149,2.50293,5.39732,5.44146,2,1.9788,0.252815,0.279113,0.229885,0.178709,0.763824,0.750244,0.475683,0.406774,0.114016,0.172031,-0.0810448,-0.0774524
8.65,-8.89668,-8.99588,4.62784,4.58538,17.3,17.2649,2.53629,2.53542,5.39423,5.43249,2,1.97829,0.257624,0.28265,0.230928,0.179789,0.763015,0.74908,0.485997,0.418334,0.0944442,0.153553,-0.080634,-0.0770017
8.66,-8.87114,-8.97057,4.68177,4.63912,17.32,17.2846,2.57153,2.56824,5.39081,5.42327,2,1.97784,0.262532,0.286253,0.231772,0.180783,0.762211,0.747936,0.495511,0.429139,0.0744007,0.134603,-0.0802215,-0.0765484
8.67,-8.84525,-8.94491,4.73565,4.69277,17.34,17.3043,2.60719,2.60138,5.38702,5.4138,2,1.97745,0.267532,0.289917,0.232414,0.181687,0.761411,0.746815,0.50421,0.439169,0.0539176,0.115211,-0.0798075,-0.0760928
8.68,-8.819,-8.91891,4.7895,4.74631,17.36,17.3239,2.64327,2.63484,5.38284,5.40408,2,1.97711,0.272614,0.293635,0.232849,0.182498,0.760615,0.745717,0.512078,0.448399,0.0330278,0.0954127,-0.0793919,-0.075635
8.69,-8.79238,-8.89256,4.84331,4.79976,17.38,17.3436,2.67976,2.66861,5.37825,5.39408,2,1.97684,0.27777,0.297404,0.233073,0.18321,0.759823,0.744642,0.519101,0.456807,0.0117656,0.0752449,-0.0789749,-0.075175
8.7,-8.7654,-8.86587,4.89707,4.85311,17.4,17.3632,2.71664,2.70269,5.37323,5.3838,2,1.97663,0.282993,0.301217,0.233083,0.183821,0.759036,0.743592,0.525267,0.464375,-0.00983353,0.054734,-0.0785563,-0.0747129
8.71,-8.73805,-8.83881,4.95077,4.90635,17.42,17.3828,2.7539,2.73708,5.36775,5.37322,2,1.97649,0.288273,0.305069,0.232876,0.184326,0.758252,0.742567,0.530566,0.471082,-0.0317332,0.0339198,-0.0781363,-0.074249
8.72,-8.71032,-8.8114,5.00442,4.95948,17.44,17.4024,2.79154,2.77176,5.36181,5.36233,2,1.97641,0.293601,0.308954,0.232448,0.184722,0.757473,0.741568,0.534987,0.476914,-0.0538959,0.0128351,-0.0777149,-0.0737832
8.73,-8.68221,-8.78363,5.05801,5.01249,17.46,17.422,2.82953,2.80674,5.35537,5.35112,2,1.97639,0.29897,0.312865,0.231797,0.185005,0.756698,0.740596,0.538524,0.481854,-0.076283,-0.00848041,-0.077292,-0.0733159
8.74,-8.65373,-8.75549,5.11153,5.06538,17.48,17.4415,2.86786,2.842,5.34842,5.33959,2,1.97644,0.304369,0.316797,0.230921,0.185171,0.755927,0.739651,0.54117,0.485894,-0.0988554,-0.0299947,-0.0768677,-0.0728468
8.75,-8.62486,-8.72699,5.16497,5.11815,17.5,17.4611,2.90652,2.87754,5.34094,5.32771,2,1.97656,0.30979,0.320743,0.229819,0.185215,0.75516,0.738733,0.542923,0.489022,-0.121573,-0.0516747,-0.0764421,-0.0723762
8.76,-8.5956,-8.69812,5.21834,5.17078,17.52,17.4806,2.94549,2.91334,5.33291,5.31548,2,1.97674,0.315224,0.324696,0.22849,0.185136,0.754398,0.737843,0.543778,0.491225,-0.144394,-0.0734811,-0.0760151,-0.0719043
8.77,-8.56595,-8.66887,5.27163,5.22329,17.54,17.5002,2.98475,2.94939,5.32431,5.3029,2,1.97699,0.320663,0.328652,0.226931,0.18493,0.75364,0.736982,0.543736,0.492506,-0.167277,-0.095378,-0.0755867,-0.0714312
8.78,-8.5359,-8.63926,5.32483,5.27565,17.56,17.5197,3.02428,2.98569,5.31514,5.28994,2,1.9773,0.326096,0.332601,0.225144,0.184592,0.752886,0.736149,0.542798,0.492858,-0.190181,-0.117326,-0.0751571,-0.070957
8.79,-8.50546,-8.60927,5.37793,5.32788,17.58,17.5392,3.06407,3.02223,5.30536,5.27661,2,1.97768,0.331516,0.336539,0.223128,0.184121,0.752137,0.735344,0.540966,0.49228,-0.213062,-0.1393,-0.0747262,-0.0704816
8.8,-8.47462,-8.5789,5.43093,5.37996,17.6,17.5587,3.1041,3.05899,5.29498,5.26288,2,1.97812,0.336912,0.340458,0.220883,0.183513,0.751392,0.734568,0.538245,0.490771,-0.235878,-0.161255,-0.074294,-0.0700053
8.81,-8.44338,-8.54815,5.48383,5.43189,17.62,17.5782,3.14434,3.09596,5.28396,5.24876,2,1.97863,0.342277,0.344351,0.218411,0.182765,0.750651,0.73382,0.534641,0.488337,-0.258586,-0.18316,-0.0738606,-0.0695282
8.82,-8.41173,-8.51701,5.53661,5.48367,17.64,17.5977,3.18478,3.13312,5.27231,5.23424,2,1.9792,0.347602,0.348211,0.215712,0.181874,0.749915,0.733101,0.530163,0.484982,-0.281141,-0.204973,-0.0734259,-0.0690504
8.83,-8.37968,-8.48549,5.58927,5.53529,17.66,17.6172,3.22539,3.17047,5.26001,5.2193,2,1.97983,0.352878,0.352032,0.212788,0.180838,0.749183,0.73241,0.524819,0.480715,-0.303502,-0.226668,-0.0729901,-0.068572
8.84,-8.34722,-8.45359,5.64181,5.58674,17.68,17.6367,3.26616,3.20799,5.24705,5.20394,2,1.98052,0.358096,0.355807,0.209643,0.179654,0.748455,0.731746,0.518623,0.475545,-0.325624,-0.248205,-0.0725531,-0.0680932
8.85,-8.31436,-8.42129,5.69421,5.63803,17.7,17.6562,3.30706,3.24566,5.23341,5.18816,2,1.98126,0.363248,0.359527,0.206277,0.178321,0.747732,0.731111,0.511587,0.469484,-0.347466,-0.269551,-0.0721149,-0.067614
8.86,-8.28108,-8.38861,5.74647,5.68914,17.72,17.6758,3.34806,3.28346,5.21909,5.17194,2,1.98206,0.368325,0.363187,0.202694,0.176835,0.747013,0.730502,0.503725,0.462546,-0.368985,-0.290669,-0.0716756,-0.0671347
8.87,-8.24739,-8.35555,5.79859,5.74009,17.74,17.6953,3.38916,3.32139,5.20409,5.15529,2,1.98292,0.373319,0.366779,0.198898,0.175196,0.746298,0.72992,0.495055,0.45475,-0.39014,-0.311528,-0.0712352,-0.066655
8.88,-8.2133,-8.32208,5.85055,5.79085,17.76,17.7148,3.43032,3.35942,5.18838,5.13819,2,1.98382,0.378223,0.370297,0.194893,0.173401,0.745588,0.729364,0.485595,0.446113,-0.410889,-0.332094,-0.0707937,-0.0661754
8.89,-8.17879,-8.28823,5.90236,5.84143,17.78,17.7343,3.47151,3.39754,5.17198,5.12064,2,1.98477,0.383029,0.373735,0.190682,0.171449,0.744882,0.728833,0.475364,0.436656,-0.431193,-0.352335,-0.0703512,-0.0656959
8.9,-8.14387,-8.25398,5.95399,5.89181,17.8,17.7539,3.51273,3.43572,5.15486,5.10263,2,1.98577,0.387728,0.377083,0.186271,0.169339,0.744181,0.728327,0.464384,0.426401,-0.451013,-0.372218,-0.0699076,-0.0652164
8.91,-8.10853,-8.21934,6.00545,5.94202,17.82,17.7734,3.55394,3.47396,5.13704,5.08418,2,1.98681,0.392314,0.380337,0.181664,0.16707,0.743484,0.727845,0.452678,0.415371,-0.47031,-0.391713,-0.069463,-0.0647374
8.92,-8.07279,-8.18431,6.05673,5.99202,17.84,17.793,3.59512,3.51223,5.1185,5.06525,2,1.9879,0.396779,0.383491,0.176866,0.16464,0.742792,0.727386,0.440268,0.403594,-0.489049,-0.410785,-0.0690174,-0.0642586
8.93,-8.03663,-8.14887,6.10782,6.04183,17.86,17.8126,3.63624,3.55051,5.09924,5.04586,2,1.98902,0.401117,0.386537,0.171885,0.16205,0.742104,0.72695,0.427182,0.391093,-0.507193,-0.429412,-0.0685708,-0.0637803
8.94,-8.00006,-8.11306,6.15871,6.09142,17.88,17.8322,3.67729,3.58879,5.07927,5.02601,2,1.99017,0.405321,0.38947,0.166725,0.1593,0.74142,0.726534,0.413445,0.377904,-0.52471,-0.447555,-0.0681232,-0.0633027
8.95,-7.96309,-8.07684,6.2094,6.14081,17.9,17.8518,3.71824,3.62704,5.05858,5.00569,2,1.99136,0.409384,0.392284,0.161393,0.15639,0.740741,0.72614,0.399086,0.36405,-0.541568,-0.465194,-0.0676748,-0.0628256
8.96,-7.9257,-8.04024,6.25988,6.18999,17.92,17.8714,3.75906,3.66526,5.03718,4.9849,2,1.99257,0.4133,0.394973,0.155895,0.153319,0.740067,0.725765,0.384133,0.349566,-0.557735,-0.482295,-0.0672254,-0.0623493
8.97,-7.88791,-8.00324,6.31014,6.23896,17.94,17.8911,3.79974,3.7034,5.01506,4.96364,2,1.99381,0.417065,0.397531,0.15024,0.150089,0.739397,0.725408,0.368616,0.334485,-0.573185,-0.498836,-0.0667751,-0.0618739
8.98,-7.84971,-7.96585,6.36018,6.2877,17.96,17.9108,3.84024,3.74146,4.99223,4.9419,2,1.99507,0.420671,0.399954,0.144434,0.146701,0.738731,0.72507,0.352567,0.318839,-0.587889,-0.514786,-0.0663239,-0.0613994
8.99,-7.8111,-7.92807,6.40999,6.33622,17.98,17.9305,3.88055,3.77943,4.9687,4.91971,2,1.99635,0.424114,0.402237,0.138485,0.143156,0.73807,0.724747,0.336016,0.302663,-0.601823,-0.530129,-0.065872,-0.0609259
9,-7.7721,-7.88989,6.45955,6.38452,18,17.9502,3.92065,3.81727,4.94446,4.89704,2,1.99765,0.42739,0.404376,0.1324,0.139456,0.737414,0.724441,0.318998,0.285993,-0.614964,-0.544836,-0.0654191,-0.0604534
9.01,-7.73269,-7.85134,6.50887,6.43258,18.02,17.9699,3.9605,3.85496,4.91954,4.8739,2,1.99896,0.430493,0.406366,0.126188,0.135603,0.736762,0.724149,0.301544,0.268867,-0.627293,-0.558886,-0.0649655,-0.0599822
9.02,-7.69289,-7.8124,6.55794,6.48041,18.04,17.9897,4.0001,3.8925,4.89392,4.8503,2,2.00028,0.433419,0.408204,0.119857,0.131599,0.736114,0.723871,0.283689,0.251318,-0.63879,-0.572258,-0.0645111,-0.0595121
9.03,-7.65269,-7.77308,6.60675,6.528,18.06,18.0095,4.03941,3.92985,4.86763,4.82625,2,2.0016,0.436165,0.409886,0.113416,0.127448,0.735472,0.723606,0.265467,0.233389,-0.649439,-0.584932,-0.064056,-0.0590434
9.04,-7.6121,-7.73338,6.65529,6.57534,18.08,18.0293,4.07842,3.96701,4.84067,4.80173,2,2.00293,0.438728,0.411409,0.106871,0.123152,0.734833,0.723353,0.246914,0.215111,-0.659225,-0.596892,-0.0636001,-0.0585759
9.05,-7.57112,-7.6933,6.70356,6.62245,18.1,18.0492,4.1171,4.00394,4.81305,4.77675,2,2.00427,0.441103,0.412772,0.100234,0.118715,0.7342,0.72311,0.228063,0.196526,-0.668138,-0.608119,-0.0631434,-0.0581099
9.06,-7.52976,-7.65284,6.75155,6.6693,18.12,18.069,4.15543,4.04064,4.78478,4.75134,2,2.0056,0.443288,0.413972,0.0935117,0.11414,0.73357,0.722877,0.208951,0.177673,-0.676165,-0.618595,-0.0626861,-0.0576452
9.07,-7.48801,-7.61202,6.79925,6.7159,18.14,18.0889,4.1934,4.07708,4.75588,4.72548,2,2.00693,0.445281,0.415007,0.0867136,0.109434,0.732946,0.722653,0.189612,0.158591,-0.683301,-0.628307,-0.0622281,-0.0571821
9.08,-7.44589,-7.57083,6.84666,6.76224,18.16,18.1088,4.23099,4.11325,4.72634,4.69919,2,2.00825,0.44708,0.415877,0.0798487,0.104599,0.732326,0.722438,0.170083,0.139314,-0.689538,-0.63725,-0.0617695,-0.0567204
9.09,-7.40339,-7.52927,6.89378,6.80833,18.18,18.1288,4.26817,4.14913,4.6962,4.67247,2,2.00956,0.448682,0.41658,0.0729258,0.0996414,0.73171,0.722229,0.150399,0.119882,-0.694874,-0.645404,-0.0613102,-0.0562603
9.1,-7.36053,-7.48735,6.94059,6.85415,18.2,18.1488,4.30493,4.1847,4.66546,4.64532,2,2.01087,0.450087,0.417118,0.0659542,0.0945657,0.7311,0.722027,0.130596,0.100337,-0.699307,-0.65276,-0.0608503,-0.0558017
9.11,-7.3173,-7.44508,6.98709,6.8997,18.22,18.1687,4.34124,4.21994,4.63413,4.61777,2,2.01216,0.451294,0.417489,0.0589427,0.0893788,0.730493,0.721831,0.110708,0.0807154,-0.702837,-0.659312,-0.0603898,-0.0553447
9.12,-7.27371,-7.40246,7.03327,6.94499,18.24,18.1888,4.3771,4.25484,4.60224,4.58981,2,2.01344,0.452301,0.417695,0.0519004,0.0840863,0.729892,0.721639,0.0907707,0.0610537,-0.705466,-0.665053,-0.0599287,-0.0548893
9.13,-7.22976,-7.35949,7.07913,6.99001,18.26,18.2088,4.41248,4.28938,4.56979,4.56145,2,2.0147,0.453109,0.417737,0.0448364,0.0786945,0.729295,0.721452,0.0708189,0.0413883,-0.707199,-0.669976,-0.0594671,-0.0544355
9.14,-7.18546,-7.31618,7.12466,7.03475,18.28,18.2289,4.44738,4.32356,4.53681,4.53272,2,2.01594,0.453718,0.417617,0.0377594,0.0732105,0.728703,0.721269,0.0508867,0.0217586,-0.708041,-0.67408,-0.0590049,-0.0539833
9.15,-7.14081,-7.27253,7.16986,7.07921,18.3,18.249,4.48177,4.35734,4.50331,4.50361,2,2.01717,0.454127,0.417337,0.0306785,0.0676418,0.728115,0.721088,0.031008,0.00220138,-0.708001,-0.677361,-0.0585423,-0.0535327
9.16,-7.09582,-7.22855,7.21473,7.12338,18.32,18.2691,4.51563,4.39072,4.4693,4.47413,2,2.01838,0.454338,0.4169,0.0236023,0.0619954,0.727532,0.72091,0.0112161,-0.0172484,-0.707087,-0.679821,-0.0580791,-0.0530836
9.17,-7.0505,-7.18424,7.25925,7.16727,18.34,18.2892,4.54897,4.42369,4.43481,4.4443,2,2.01956,0.454352,0.416308,0.0165396,0.0562784,0.726953,0.720733,-0.00845647,-0.0365565,-0.705311,-0.681459,-0.0576155,-0.0526361
9.18,-7.00485,-7.13962,7.30342,7.21088,18.36,18.3093,4.58175,4.45622,4.39985,4.41414,2,2.02073,0.454169,0.415567,0.00949893,0.0505,0.726379,0.720558,-0.0279775,-0.0556899,-0.702685,-0.682278,-0.0571514,-0.0521902
9.19,-6.95887,-7.09468,7.34724,7.2542,18.38,18.3295,4.61398,4.48832,4.36444,4.38365,2,2.02187,0.453793,0.414678,0.0024887,0.0446681,0.72581,0.720384,-0.0473157,-0.0746094,-0.699223,-0.682278,-0.0566869,-0.0517458
9.2,-6.91257,-7.04944,7.39071,7.29722,18.4,18.3497,4.64563,4.51997,4.3286,4.35284,2,2.02299,0.453224,0.413647,-0.0044828,0.0387904,0.725246,0.72021,-0.0664404,-0.0932868,-0.694941,-0.681469,-0.056222,-0.0513029
9.21,-6.86596,-7.00389,7.43381,7.33994,18.42,18.3699,4.6767,4.55115,4.29235,4.32173,2,2.02408,0.452465,0.412478,-0.0114074,0.0328752,0.724686,0.720037,-0.0853217,-0.111693,-0.689855,-0.679856,-0.0557567,-0.0508615
9.22,-6.81904,-6.95805,7.47655,7.38237,18.44,18.3901,4.70718,4.58186,4.25571,4.29033,2,2.02515,0.451518,0.411177,-0.0182773,0.0269323,0.724131,0.719863,-0.103931,-0.12979,-0.683982,-0.677448,-0.0552911,-0.0504214
9.23,-6.77182,-6.91192,7.51893,7.42449,18.46,18.4103,4.73705,4.61208,4.2187,4.25866,2,2.02619,0.450387,0.409748,-0.0250845,0.02097,0.72358,0.719688,-0.122239,-0.147551,-0.677342,-0.674255,-0.054825,-0.0499828
9.24,-6.7243,-6.86552,7.56093,7.46632,18.48,18.4305,4.76632,4.64181,4.18134,4.22673,2,2.02722,0.449075,0.408197,-0.0318216,0.0149964,0.723034,0.719513,-0.14022,-0.164949,-0.669954,-0.670284,-0.0543587,-0.0495455
9.25,-6.67649,-6.81883,7.60255,7.50783,18.5,18.4508,4.79496,4.67105,4.14365,4.19455,2,2.02821,0.447584,0.406529,-0.0384812,0.00902079,0.722493,0.719337,-0.157846,-0.181954,-0.66184,-0.665549,-0.0538921,-0.0491094
9.26,-6.6284,-6.77188,7.6438,7.54904,18.52,18.471,4.82298,4.69977,4.10564,4.16213,2,2.02918,0.445919,0.404752,-0.0450561,0.00305182,0.721956,0.719159,-0.175093,-0.198542,-0.653021,-0.660065,-0.0534251,-0.0486746
9.27,-6.58003,-6.72466,7.68466,7.58994,18.54,18.4913,4.85036,4.72798,4.06734,4.1295,2,2.03013,0.444083,0.402871,-0.0515393,-0.00290096,0.721424,0.71898,-0.191936,-0.214683,-0.643519,-0.653845,-0.0529579,-0.0482411
9.28,-6.5314,-6.67719,7.72514,7.63051,18.56,18.5115,4.87711,4.75567,4.02878,4.09667,2,2.03105,0.442082,0.400891,-0.0579243,-0.00882898,0.720897,0.718799,-0.208352,-0.230355,-0.633358,-0.6469,-0.0524905,-0.0478086
9.29,-6.48249,-6.62948,7.76524,7.67078,18.58,18.5318,4.90321,4.78284,3.98996,4.06364,2,2.03195,0.439918,0.398821,-0.0642044,-0.0147245,0.720374,0.718616,-0.224317,-0.245536,-0.622562,-0.639253,-0.0520228,-0.0473771
9.3,-6.43333,-6.58153,7.80494,7.71073,18.6,18.5521,4.92867,4.80947,3.95092,4.03043,2,2.03282,0.437597,0.396666,-0.0703735,-0.0205783,0.719857,0.718431,-0.239811,-0.260204,-0.611156,-0.630917,-0.0515549,-0.0469467
9.31,-6.38392,-6.53334,7.84426,7.75036,18.62,18.5723,4.95348,4.83557,3.91166,3.99707,2,2.03367,0.435123,0.394433,-0.0764255,-0.0263817,0.719343,0.718244,-0.254814,-0.274339,-0.599164,-0.621911,-0.0510868,-0.0465173
9.32,-6.33427,-6.48493,7.88318,7.78967,18.64,18.5926,4.97764,4.86113,3.87222,3.96355,2,2.0345,0.432502,0.392129,-0.0823549,-0.0321274,0.718835,0.718055,-0.269305,-0.28792,-0.586611,-0.612258,-0.0506185,-0.0460887
9.33,-6.28437,-6.43629,7.9217,7.82865,18.66,18.6128,5.00114,4.88615,3.83261,3.92989,2,2.0353,0.429739,0.389759,-0.088156,-0.0378072,0.718331,0.717864,-0.283267,-0.300935,-0.573525,-0.601973,-0.0501501,-0.0456608
9.34,-6.23425,-6.38744,7.95983,7.86731,18.68,18.6331,5.02399,4.91063,3.79285,3.89611,2,2.03608,0.426839,0.387332,-0.0938237,-0.043413,0.717832,0.71767,-0.296682,-0.313359,-0.55993,-0.591076,-0.0496816,-0.0452338
9.35,-6.18389,-6.33838,7.99756,7.90564,18.7,18.6533,5.04619,4.93457,3.75296,3.86222,2,2.03684,0.423807,0.384853,-0.099353,-0.0489384,0.717337,0.717474,-0.309535,-0.325185,-0.545855,-0.579596,-0.0492129,-0.0448074
9.36,-6.13332,-6.28913,8.03489,7.94366,18.72,18.6736,5.06773,4.95796,3.71296,3.82823,2,2.03758,0.42065,0.382331,-0.104739,-0.0543752,0.716848,0.717275,-0.321809,-0.336395,-0.531325,-0.567549,-0.0487442,-0.0443816
9.37,-6.08254,-6.23967,8.07182,7.98133,18.74,18.6938,5.08862,4.98082,3.67288,3.79416,2,2.03829,0.417373,0.379768,-0.109978,-0.0597175,0.716362,0.717073,-0.333491,-0.346979,-0.516367,-0.554959,-0.0482754,-0.0439565
9.38,-6.03155,-6.19002,8.10834,8.01868,18.76,18.714,5.10887,5.00314,3.63273,3.76001,2,2.03898,0.413982,0.377174,-0.115065,-0.0649589,0.715882,0.716869,-0.344568,-0.356929,-0.501009,-0.541851,-0.0478065,-0.0435317
9.39,-5.98037,-6.14019,8.14447,8.0557,18.78,18.7342,5.12847,5.02492,3.59253,3.72579,2,2.03965,0.410484,0.374553,-0.119997,-0.0700932,0.715406,0.716662,-0.355027,-0.36623,-0.485279,-0.528245,-0.0473376,-0.0431072
9.4,-5.92899,-6.09018,8.18019,8.09239,18.8,18.7544,5.14742,5.04616,3.5523,3.69153,2,2.0403,0.406884,0.371913,-0.12477,-0.075114,0.714935,0.716451,-0.364858,-0.374877,-0.469203,-0.514172,-0.0468686,-0.0426833
9.41,-5.87742,-6.04,8.21552,8.12874,18.82,18.7746,5.16575,5.06687,3.51206,3.65722,2,2.04093,0.403189,0.369259,-0.12938,-0.0800174,0.714469,0.716238,-0.374051,-0.382866,-0.45281,-0.499653,-0.0463997,-0.0422596
9.42,-5.82567,-5.98964,8.25044,8.16476,18.84,18.7948,5.18344,5.08705,3.47182,3.62287,2,2.04154,0.399405,0.366596,-0.133825,-0.0847983,0.714007,0.716022,-0.382598,-0.390192,-0.436127,-0.484715,-0.0459308,-0.0418359
9.43,-5.77375,-5.93912,8.28495,8.20046,18.86,18.815,5.20051,5.10672,3.43162,3.5885,2,2.04213,0.395539,0.363929,-0.138102,-0.0894517,0.71355,0.715802,-0.390489,-0.396849,-0.41918,-0.469378,-0.0454619,-0.0414125
9.44,-5.72167,-5.88844,8.31907,8.2358,18.88,18.8352,5.21696,5.12586,3.39145,3.55411,2,2.0427,0.391597,0.361266,-0.142208,-0.0939732,0.713098,0.715579,-0.397719,-0.402833,-0.401999,-0.453684,-0.0449931,-0.0409893
9.45,-5.66942,-5.8376,8.35278,8.27083,18.9,18.8553,5.2328,5.1445,3.35135,3.51972,2,2.04325,0.387587,0.358608,-0.146141,-0.0983608,0.712651,0.715352,-0.404282,-0.408148,-0.38461,-0.43764,-0.0445244,-0.040566
9.46,-5.61701,-5.78661,8.38609,8.30551,18.92,18.8755,5.24805,5.16263,3.31132,3.48533,2,2.04378,0.383514,0.355964,-0.149899,-0.10261,0.712208,0.715122,-0.410172,-0.412793,-0.367041,-0.421286,-0.0440557,-0.0401427
9.47,-5.56446,-5.73547,8.41901,8.33987,18.94,18.8956,5.2627,5.18027,3.27138,3.45094,2,2.04428,0.379386,0.353336,-0.153481,-0.106719,0.711769,0.714887,-0.415387,-0.416768,-0.349318,-0.404642,-0.0435872,-0.0397192
9.48,-5.51176,-5.68419,8.45152,8.37388,18.96,18.9157,5.27677,5.19741,3.23156,3.41657,2,2.04477,0.375208,0.350729,-0.156885,-0.110685,0.711336,0.714648,-0.419923,-0.420076,-0.33147,-0.387744,-0.0431188,-0.0392957
9.49,-5.45892,-5.63276,8.48364,8.40756,18.98,18.9359,5.29027,5.21408,3.19186,3.38221,2,2.04523,0.370989,0.348148,-0.16011,-0.114506,0.710907,0.714406,-0.423778,-0.422722,-0.313523,-0.370611,-0.0426505,-0.0388719
9.5,-5.40596,-5.5812,8.51536,8.44091,19,18.956,5.30321,5.23028,3.15231,3.34788,2,2.04567,0.366735,0.345595,-0.163156,-0.11818,0.710483,0.714158,-0.426953,-0.424711,-0.295504,-0.353277,-0.0421825,-0.0384477
9.51,-5.35286,-5.52949,8.54669,8.47392,19.02,18.9761,5.31561,5.24601,3.11291,3.31359,2,2.04609,0.362453,0.343075,-0.16602,-0.121707,0.710063,0.713906,-0.429447,-0.426049,-0.277439,-0.335765,-0.0417146,-0.0380234
9.52,-5.29965,-5.47766,8.57762,8.5066,19.04,18.9962,5.32746,5.26129,3.07367,3.27932,2,2.04649,0.358148,0.340592,-0.168704,-0.125086,0.709649,0.713649,-0.431261,-0.426743,-0.259355,-0.318109,-0.0412469,-0.0375987
9.53,-5.24631,-5.4257,8.60816,8.53894,19.06,19.0163,5.3388,5.27613,3.03463,3.2451,2,2.04687,0.35383,0.338148,-0.171207,-0.128316,0.709238,0.713387,-0.432398,-0.426802,-0.241278,-0.300332,-0.0407794,-0.0371736
9.54,-5.19287,-5.37361,8.63831,8.57095,19.08,19.0364,5.34962,5.29054,2.99577,3.21093,2,2.04722,0.349503,0.335747,-0.17353,-0.131398,0.708833,0.713119,-0.43286,-0.426236,-0.223235,-0.282464,-0.0403121,-0.036748
9.55,-5.13932,-5.32139,8.66808,8.60262,19.1,19.0565,5.35995,5.30453,2.95713,3.17679,2,2.04755,0.345175,0.333391,-0.175672,-0.134331,0.708432,0.712845,-0.432652,-0.425052,-0.205249,-0.264537,-0.0398451,-0.0363219
9.56,-5.08567,-5.26905,8.69746,8.63396,19.12,19.0766,5.3698,5.31811,2.91871,3.14271,2,2.04785,0.340852,0.331083,-0.177635,-0.137116,0.708036,0.712565,-0.431779,-0.423262,-0.187348,-0.24657,-0.0393784,-0.0358954
9.57,-5.03193,-5.21659,8.72645,8.66496,19.14,19.0967,5.37918,5.33129,2.88052,3.10869,2,2.04812,0.336541,0.328826,-0.17942,-0.139755,0.707645,0.712279,-0.430247,-0.42088,-0.169556,-0.228604,-0.038912,-0.0354683
9.58,-4.97809,-5.16402,8.75507,8.69563,19.16,19.1167,5.38811,5.34408,2.84257,3.07471,2,2.04837,0.332249,0.326621,-0.181027,-0.142248,0.707258,0.711986,-0.428062,-0.417914,-0.151898,-0.210653,-0.0384459,-0.0350406
9.59,-4.92417,-5.11132,8.7833,8.72597,19.18,19.1368,5.39661,5.3565,2.80487,3.0408,2,2.04859,0.327982,0.32447,-0.182458,-0.144598,0.706876,0.711686,-0.425232,-0.414381,-0.134398,-0.192761,-0.0379801,-0.0346124
9.6,-4.87016,-5.05851,8.81117,8.75598,19.2,19.1569,5.40468,5.36856,2.76744,3.00694,2,2.04878,0.323747,0.322376,-0.183715,-0.146806,0.706498,0.711379,-0.421766,-0.410295,-0.11708,-0.174945,-0.0375147,-0.0341835
9.61,-4.81608,-5.00558,8.83865,8.78564,19.22,19.177,5.41235,5.38027,2.73028,2.97314,2,2.04895,0.319549,0.32034,-0.1848,-0.148873,0.706125,0.711065,-0.417673,-0.405666,-0.0999679,-0.157235,-0.0370496,-0.0337539
9.62,-4.76192,-4.95255,8.86577,8.81498,19.24,19.1971,5.41964,5.39164,2.69339,2.93941,2,2.04908,0.315395,0.318364,-0.185715,-0.150803,0.705757,0.710742,-0.412964,-0.400512,-0.0830851,-0.139664,-0.0365849,-0.0333236
9.63,-4.70768,-4.8994,8.89252,8.84399,19.26,19.2172,5.42655,5.40269,2.65679,2.90573,2,2.04918,0.311292,0.316448,-0.186463,-0.152598,0.705394,0.710411,-0.40765,-0.394848,-0.0664542,-0.122252,-0.0361206,-0.0328927
9.64,-4.65339,-4.84614,8.91891,8.87265,19.28,19.2373,5.43311,5.41343,2.62049,2.87212,2,2.04925,0.307244,0.314594,-0.187045,-0.15426,0.705035,0.710071,-0.401743,-0.388688,-0.0500976,-0.105029,-0.0356567,-0.0324611
9.65,-4.59902,-4.79278,8.94493,8.90099,19.3,19.2574,5.43934,5.42387,2.58448,2.83857,2,2.04928,0.303259,0.312804,-0.187466,-0.155793,0.704681,0.709723,-0.395256,-0.38205,-0.0340375,-0.0880256,-0.0351932,-0.0320288
9.66,-4.5446,-4.73931,8.9706,8.929,19.32,19.2775,5.44524,5.43402,2.54877,2.80509,2,2.04928,0.299341,0.311077,-0.187727,-0.157199,0.704331,0.709365,-0.388203,-0.37495,-0.0182951,-0.0712629,-0.0347302,-0.0315956
9.67,-4.49012,-4.68573,8.99591,8.95667,19.34,19.2976,5.45085,5.4439,2.51338,2.77167,2,2.04924,0.295497,0.309414,-0.187833,-0.158482,0.703986,0.708998,-0.380597,-0.367404,-0.00289143,-0.0547697,-0.0342676,-0.0311618
9.68,-4.43558,-4.63205,9.02087,8.98401,19.36,19.3177,5.45617,5.45352,2.4783,2.7383,2,2.04916,0.291731,0.307817,-0.187786,-0.159645,0.703646,0.708621,-0.372455,-0.359431,0.012153,-0.0385721,-0.0338055,-0.0307272
9.69,-4.381,-4.57827,9.04548,9.01101,19.38,19.3378,5.46123,5.46289,2.44353,2.70501,2,2.04905,0.288049,0.306286,-0.187591,-0.16069,0.70331,0.708233,-0.363793,-0.351048,0.0268182,-0.0226977,-0.0333439,-0.0302918
9.7,-4.32636,-4.52438,9.06974,9.03768,19.4,19.3579,5.46604,5.47202,2.40908,2.67177,2,2.0489,0.284457,0.30482,-0.187251,-0.161624,0.702979,0.707836,-0.354627,-0.342272,0.0410848,-0.00716715,-0.0328829,-0.0298557
9.71,-4.27168,-4.47039,9.09366,9.06402,19.42,19.3781,5.47062,5.48093,2.37495,2.63859,2,2.0487,0.280958,0.30342,-0.186771,-0.162448,0.702652,0.707427,-0.344974,-0.33312,0.0549341,0.00799541,-0.0324223,-0.0294188
9.72,-4.21695,-4.41631,9.11724,9.09003,19.44,19.3982,5.47499,5.48963,2.34115,2.60547,2,2.04847,0.277559,0.302087,-0.186154,-0.163166,0.70233,0.707008,-0.334853,-0.323608,0.0683479,0.0227636,-0.0319623,-0.0289811
9.73,-4.16218,-4.36212,9.14048,9.1157,19.46,19.4184,5.47917,5.49814,2.30766,2.57242,2,2.04819,0.274263,0.300821,-0.185405,-0.163783,0.702013,0.706577,-0.324283,-0.313761,0.0813084,0.0371151,-0.0315029,-0.0285427
9.74,-4.10737,-4.30784,9.16339,9.14104,19.48,19.4385,5.48317,5.50645,2.2745,2.53942,2,2.04786,0.271074,0.299621,-0.184529,-0.164302,0.7017,0.706135,-0.313284,-0.303592,0.0937989,0.0510269,-0.031044,-0.0281036
9.75,-4.05251,-4.25346,9.18597,9.16604,19.5,19.4587,5.48701,5.51459,2.24166,2.50647,2,2.0475,0.267998,0.298488,-0.183531,-0.164727,0.701392,0.705681,-0.301874,-0.293123,0.105803,0.0644797,-0.0305857,-0.0276636
9.76,-3.99763,-4.19898,9.20823,9.19071,19.52,19.4789,5.49071,5.52257,2.20913,2.47358,2,2.04708,0.265038,0.29742,-0.182415,-0.165061,0.701088,0.705215,-0.290076,-0.282367,0.117305,0.0774516,-0.0301281,-0.027223
9.77,-3.9427,-4.1444,9.23016,9.21505,19.54,19.4991,5.49429,5.5304,2.17693,2.44074,2,2.04662,0.262198,0.296418,-0.181187,-0.16531,0.700789,0.704738,-0.277911,-0.271346,0.128289,0.0899205,-0.029671,-0.0267816
9.78,-3.88774,-4.08974,9.25177,9.23905,19.56,19.5193,5.49776,5.53808,2.14504,2.40795,2,2.04612,0.259481,0.295481,-0.179851,-0.165477,0.700495,0.704248,-0.2654,-0.26008,0.138743,0.101869,-0.0292146,-0.0263394
9.79,-3.83275,-4.03498,9.27306,9.26271,19.58,19.5395,5.50115,5.54563,2.11346,2.37521,2,2.04556,0.256891,0.294609,-0.178414,-0.165566,0.700205,0.703746,-0.252566,-0.248586,0.148652,0.113276,-0.0287589,-0.0258966
9.8,-3.77772,-3.98011,9.29404,9.28605,19.6,19.5597,5.50446,5.55307,2.08219,2.34252,2,2.04496,0.254431,0.293802,-0.17688,-0.165581,0.69992,0.703232,-0.239432,-0.236881,0.158003,0.124131,-0.0283038,-0.0254529
9.81,-3.72266,-3.92516,9.3147,9.30904,19.62,19.5799,5.50772,5.5604,2.05122,2.30987,2,2.04431,0.252103,0.293058,-0.175255,-0.165526,0.699639,0.702706,-0.226021,-0.224988,0.166784,0.134413,-0.0278494,-0.0250086
9.82,-3.66756,-3.87013,9.33506,9.3317,19.64,19.6001,5.51093,5.56763,2.02055,2.27727,2,2.04361,0.249911,0.292378,-0.173546,-0.165406,0.699363,0.702167,-0.212358,-0.212922,0.174984,0.144104,-0.0273957,-0.0245636
9.83,-3.61244,-3.81499,9.35512,9.35403,19.66,19.6203,5.51413,5.57476,1.99017,2.2447,2,2.04286,0.247857,0.291759,-0.171758,-0.165224,0.699091,0.701616,-0.198465,-0.200704,0.182593,0.153196,-0.0269427,-0.024118
9.84,-3.55728,-3.75976,9.37487,9.37602,19.68,19.6405,5.51732,5.58182,1.96008,2.21218,2,2.04206,0.245943,0.291202,-0.169896,-0.164983,0.698824,0.701052,-0.184369,-0.188351,0.189601,0.161671,-0.0264905,-0.0236716
9.85,-3.50209,-3.70444,9.39432,9.39767,19.7,19.6608,5.52051,5.58881,1.93026,2.17969,2,2.04121,0.24417,0.290705,-0.167968,-0.16469,0.698561,0.700477,-0.170095,-0.175882,0.195999,0.169519,-0.026039,-0.0232245
9.86,-3.44687,-3.64904,9.41347,9.41899,19.72,19.681,5.52373,5.59574,1.90071,2.14724,2,2.04031,0.242541,0.290269,-0.165978,-0.164346,0.698303,0.69989,-0.155666,-0.16332,0.201778,0.176726,-0.0255883,-0.022777
9.87,-3.39162,-3.59354,9.43233,9.43997,19.74,19.7013,5.52699,5.60261,1.87143,2.11481,2,2.03935,0.241057,0.28989,-0.163934,-0.163957,0.69805,0.699291,-0.14111,-0.150677,0.206933,0.183285,-0.0251383,-0.0223288
9.88,-3.33633,-3.53795,9.4509,9.46062,19.76,19.7215,5.53029,5.60943,1.8424,2.08242,2,2.03835,0.239719,0.289569,-0.161842,-0.163525,0.6978,0.69868,-0.126452,-0.137977,0.211456,0.189189,-0.0246892,-0.0218799
9.89,-3.28101,-3.48228,9.46918,9.48093,19.78,19.7418,5.53367,5.61622,1.81361,2.05005,2,2.0373,0.238529,0.289304,-0.159707,-0.163056,0.697556,0.698059,-0.111717,-0.125236,0.215343,0.194427,-0.0242408,-0.0214304
9.9,-3.22566,-3.42652,9.48718,9.5009,19.8,19.762,5.53712,5.62298,1.78506,2.01771,2,2.0362,0.237485,0.289095,-0.157537,-0.162552,0.697316,0.697426,-0.0969336,-0.112475,0.218587,0.198993,-0.0237933,-0.0209805
9.91,-3.17027,-3.37066,9.50489,9.52053,19.82,19.7822,5.54066,5.62971,1.75673,1.98539,2,2.03505,0.23659,0.288939,-0.155338,-0.162018,0.69708,0.696783,-0.0821265,-0.0997102,0.221187,0.202882,-0.0233466,-0.0205299
9.92,-3.11484,-3.31472,9.52231,9.53983,19.84,19.8025,5.5443,5.63642,1.72862,1.95308,2,2.03385,0.235843,0.288836,-0.153115,-0.161458,0.696849,0.69613,-0.0673226,-0.086962,0.223139,0.206094,-0.0229008,-0.0200788
9.93,-3.05938,-3.25869,9.53946,9.5588,19.86,19.8227,5.54806,5.64312,1.70071,1.92079,2,2.03261,0.235243,0.288783,-0.150877,-0.160874,0.696622,0.695467,-0.0525485,-0.0742463,0.224441,0.208621,-0.0224558,-0.0196273
9.94,-3.00388,-3.20258,9.55633,9.57743,19.88,19.843,5.55195,5.64982,1.67299,1.88852,2,2.03132,0.234792,0.288781,-0.148629,-0.16027,0.6964,0.694794,-0.0378308,-0.0615871,0.225092,0.210464,-0.0220117,-0.0191753
9.95,-2.94834,-3.14638,9.57292,9.59572,19.9,19.8632,5.55597,5.65651,1.64545,1.85625,2,2.02998,0.234487,0.288826,-0.146377,-0.159652,0.696182,0.694114,-0.0231962,-0.0489982,0.225093,0.211624,-0.0215685,-0.0187227
9.96,-2.89276,-3.0901,9.58924,9.61367,19.92,19.8835,5.56014,5.66321,1.61808,1.82399,2,2.0286,0.234327,0.288918,-0.144129,-0.159021,0.695968,0.693425,-0.0086711,-0.036499,0.224445,0.212102,-0.0211262,-0.0182696
9.97,-2.83714,-3.03372,9.60528,9.63129,19.94,19.9037,5.56446,5.66992,1.59087,1.79174,2,2.02718,0.234313,0.289055,-0.141891,-0.158381,0.695759,0.692728,0.00571802,-0.0241091,0.223148,0.211901,-0.0206848,-0.0178163
9.98,-2.78147,-2.97727,9.62105,9.64858,19.96,19.9239,5.56895,5.67664,1.5638,1.75948,2,2.02571,0.234441,0.289235,-0.139668,-0.157736,0.695555,0.692025,0.0199449,-0.0118486,0.221207,0.211026,-0.0202444,-0.0173625
9.99,-2.72576,-2.92072,9.63656,9.66552,19.98,19.9442,5.57361,5.68337,1.53687,1.72723,2,2.02421,0.234711,0.289456,-0.137469,-0.15709,0.695354,0.691316,0.0339833,0.000267744,0.218625,0.209478,-0.0198049,-0.0169085
10,-2.67,-2.8641,9.65179,9.68213,20,19.9644,5.57845,5.69013,1.51005,1.69496,2,2.02267,0.23512,0.289717,-0.135298,-0.156445,0.695158,0.690601,0.0478074,0.0122197,0.215407,0.207268,-0.0193664,-0.0164539
10.01,-2.61419,-2.80738,9.66676,9.69841,20.02,19.9846,5.58348,5.69691,1.48333,1.66269,2,2.02109,0.235666,0.290017,-0.133163,-0.155805,0.694967,0.689882,0.0613915,0.0239901,0.211559,0.204402,-0.0189289,-0.0159991
10.02,-2.55833,-2.75058,9.68146,9.71435,20.04,20.0048,5.58871,5.70371,1.4567,1.63041,2,2.01948,0.236347,0.290351,-0.131069,-0.155174,0.69478,0.689159,0.0747104,0.0355588,0.207087,0.200888,-0.0184923,-0.0155439
10.03,-2.50242,-2.6937,9.69589,9.72996,20.06,20.025,5.59413,5.71054,1.43015,1.59812,2,2.01783,0.237159,0.29072,-0.129023,-0.154554,0.694597,0.688434,0.087739,0.0469084,0.202,0.196738,-0.0180568,-0.0150887
10.04,-2.44645,-2.63674,9.71006,9.74523,20.08,20.0451,5.59976,5.71739,1.40366,1.5658,2,2.01616,0.238101,0.291121,-0.127031,-0.153948,0.694419,0.687707,0.100453,0.0580218,0.196306,0.191963,-0.0176223,-0.0146331
10.05,-2.39042,-2.57969,9.72397,9.76017,20.1,20.0653,5.6056,5.72428,1.37722,1.53346,2,2.01445,0.239167,0.291552,-0.125099,-0.153359,0.694245,0.686979,0.112827,0.068882,0.190016,0.186573,-0.0171888,-0.0141773
10.06,-2.33433,-2.52256,9.73761,9.77478,20.12,20.0854,5.61165,5.7312,1.35081,1.5011,2,2.01273,0.240356,0.292011,-0.123232,-0.152792,0.694075,0.686251,0.12484,0.0794674,0.183139,0.180584,-0.0167563,-0.0137213
10.07,-2.27819,-2.46535,9.75098,9.78905,20.14,20.1056,5.61791,5.73815,1.32443,1.46872,2,2.01098,0.241663,0.292496,-0.121438,-0.152249,0.69391,0.685523,0.136466,0.0897666,0.175689,0.174009,-0.0163249,-0.0132653
10.08,-2.22197,-2.40805,9.76409,9.80299,20.16,20.1257,5.6244,5.74513,1.29804,1.4363,2,2.00921,0.243084,0.293004,-0.119721,-0.151731,0.693748,0.684799,0.147684,0.0997571,0.167678,0.166864,-0.0158946,-0.0128091
10.09,-2.1657,-2.35068,9.77694,9.8166,20.18,20.1458,5.6311,5.75215,1.27165,1.40385,2,2.00742,0.244615,0.293534,-0.118086,-0.151243,0.693592,0.684077,0.158472,0.109424,0.159119,0.159168,-0.0154653,-0.012353
10.1,-2.10935,-2.29322,9.78953,9.82988,20.2,20.1659,5.63803,5.7592,1.24523,1.37136,2,2.00561,0.246252,0.294083,-0.11654,-0.150787,0.693439,0.683359,0.168808,0.118751,0.150028,0.150934,-0.0150372,-0.0118967
10.11,-2.05294,-2.23568,9.80185,9.84282,20.22,20.186,5.64518,5.76627,1.21878,1.33883,2,2.0038,0.24799,0.294649,-0.115087,-0.150367,0.693291,0.682648,0.178673,0.127719,0.140421,0.142185,-0.0146102,-0.0114407
10.12,-1.99645,-2.17806,9.8139,9.85543,20.24,20.206,5.65254,5.77338,1.19227,1.30626,2,2.00198,0.249824,0.29523,-0.113733,-0.149983,0.693147,0.681942,0.188045,0.136314,0.130314,0.132936,-0.0141843,-0.0109846
10.13,-1.93988,-2.12035,9.82569,9.86772,20.26,20.2261,5.66013,5.78051,1.1657,1.27363,2,2.00015,0.251749,0.295823,-0.112483,-0.14964,0.693007,0.681244,0.196908,0.144521,0.119726,0.123212,-0.0137595,-0.0105286
10.14,-1.88324,-2.06257,9.83722,9.87967,20.28,20.2461,5.66794,5.78768,1.13904,1.24096,2,1.99832,0.25376,0.296427,-0.11134,-0.149339,0.692872,0.680555,0.205241,0.152324,0.108675,0.113027,-0.0133358,-0.0100728
10.15,-1.82652,-2.00471,9.84847,9.89128,20.3,20.2661,5.67596,5.79486,1.11228,1.20824,2,1.99649,0.255852,0.297038,-0.110311,-0.149084,0.69274,0.679876,0.213029,0.159704,0.097181,0.102411,-0.0129134,-0.00961728
10.16,-1.76972,-1.94676,9.85946,9.90258,20.32,20.2861,5.68419,5.80207,1.08542,1.17546,2,1.99466,0.258019,0.297654,-0.109398,-0.148875,0.692613,0.679208,0.220254,0.166649,0.0852647,0.0913787,-0.0124921,-0.00916198
10.17,-1.71284,-1.88874,9.87018,9.91354,20.34,20.3061,5.69263,5.8093,1.05843,1.14262,2,1.99284,0.260255,0.298273,-0.108607,-0.148717,0.692491,0.678553,0.226902,0.173147,0.0729477,0.0799561,-0.0120719,-0.008707
10.18,-1.65587,-1.83063,9.88063,9.92417,20.36,20.326,5.70128,5.81655,1.03131,1.10972,2,1.99103,0.262555,0.298894,-0.10794,-0.14861,0.692372,0.677911,0.232959,0.17918,0.0602525,0.068168,-0.011653,-0.00825242
10.19,-1.59881,-1.77245,9.89081,9.93447,20.38,20.346,5.71013,5.82381,1.00403,1.07676,2,1.98924,0.264912,0.299512,-0.107403,-0.148558,0.692258,0.677283,0.238411,0.184737,0.0472023,0.056033,-0.0112353,-0.0077982
10.2,-1.54167,-1.71419,9.90071,9.94444,20.4,20.3659,5.71916,5.83108,0.976588,1.04372,2,1.98746,0.267321,0.300126,-0.106997,-0.148562,0.692147,0.676671,0.243247,0.189803,0.0338214,0.0435805,-0.0108188,-0.00734448
10.21,-1.48443,-1.65584,9.91034,9.95408,20.42,20.3858,5.72839,5.83836,0.94897,1.01061,2,1.9857,0.269775,0.300734,-0.106727,-0.148623,0.692041,0.676076,0.247455,0.19437,0.0201344,0.0308329,-0.0104035,-0.00689129
10.22,-1.4271,-1.59742,9.91969,9.9634,20.44,20.4057,5.73779,5.84565,0.921161,0.97743,2,1.98397,0.272268,0.301333,-0.106596,-0.148745,0.691939,0.675498,0.251025,0.198423,0.00616712,0.0178124,-0.0099895,-0.00643878
10.23,-1.36967,-1.53892,9.92876,9.97238,20.46,20.4256,5.74737,5.85293,0.89315,0.944175,2,1.98226,0.274793,0.30192,-0.106605,-0.148928,0.691841,0.67494,0.25395,0.20195,-0.00805434,0.00454894,-0.00957673,-0.00598679
10.24,-1.31215,-1.48034,9.93755,9.98104,20.48,20.4454,5.75711,5.86021,0.864924,0.910837,2,1.98058,0.277345,0.302494,-0.106757,-0.149175,0.691748,0.674402,0.256222,0.204943,-0.0225031,-0.00893521,-0.00916522,-0.0055356
10.25,-1.25453,-1.42167,9.94606,9.98937,20.5,20.4653,5.76701,5.86748,0.836472,0.877416,2,1.97894,0.279916,0.303052,-0.107056,-0.149487,0.691658,0.673885,0.257835,0.207394,-0.0371517,-0.0226149,-0.00875499,-0.00508514
10.26,-1.19681,-1.36293,9.95428,9.99736,20.52,20.4851,5.77705,5.87473,0.807783,0.843909,2,1.97733,0.282499,0.303592,-0.107501,-0.149866,0.691573,0.67339,0.258785,0.209292,-0.0519723,-0.0364637,-0.00834605,-0.00463554
10.27,-1.13899,-1.30411,9.96221,10.005,20.54,20.5049,5.78723,5.88197,0.778846,0.810316,2,1.97576,0.285089,0.304111,-0.108096,-0.150313,0.691491,0.672917,0.259068,0.210628,-0.0669365,-0.0504597,-0.00793841,-0.00418688
10.28,-1.08107,-1.24522,9.96986,10.0124,20.56,20.5248,5.79753,5.88918,0.74965,0.776633,2,1.97423,0.287679,0.304607,-0.10884,-0.150829,0.691414,0.672469,0.258682,0.211397,-0.0820156,-0.0645708,-0.00753207,-0.00373916
10.29,-1.02304,-1.18624,9.97721,10.0194,20.58,20.5446,5.80794,5.89637,0.720185,0.742857,2,1.97275,0.290261,0.305078,-0.109736,-0.151416,0.691341,0.672045,0.257626,0.211593,-0.0971806,-0.0787765,-0.00712706,-0.00329252
10.3,-0.964906,-1.12719,9.98426,10.0261,20.6,20.5644,5.81846,5.90352,0.690443,0.708987,2,1.97132,0.292829,0.305521,-0.110784,-0.152074,0.691271,0.671647,0.255901,0.211211,-0.112402,-0.0930531,-0.00672339,-0.00284695
10.31,-0.906669,-1.06805,9.99101,10.0324,20.62,20.5842,5.82907,5.91064,0.660413,0.675016,2,1.96994,0.295376,0.305935,-0.111984,-0.152805,0.691206,0.671275,0.253509,0.210244,-0.127651,-0.107372,-0.00632105,-0.00240247
10.32,-0.848325,-1.00884,9.99747,10.0384,20.64,20.604,5.83975,5.9177,0.630088,0.640953,2,1.96861,0.297897,0.306316,-0.113337,-0.15361,0.691145,0.67093,0.250453,0.20869,-0.142898,-0.121704,-0.00592007,-0.00195943
10.33,-0.789873,-0.949554,10.0036,10.0441,20.66,20.6238,5.8505,5.92472,0.59946,0.606784,2,1.96734,0.300383,0.306664,-0.114842,-0.154489,0.691088,0.670613,0.246739,0.20655,-0.158113,-0.136037,-0.00552045,-0.00151753
10.34,-0.731314,-0.890184,10.0095,10.0495,20.68,20.6436,5.8613,5.93168,0.568521,0.572512,2,1.96613,0.302829,0.306976,-0.116499,-0.155443,0.691034,0.670324,0.242372,0.20382,-0.173268,-0.150334,-0.00512221,-0.00107708
10.35,-0.672647,-0.830738,10.015,10.0545,20.7,20.6634,5.87214,5.93858,0.537264,0.538133,2,1.96498,0.305229,0.307249,-0.118307,-0.156473,0.690985,0.670064,0.237359,0.200499,-0.188332,-0.16458,-0.00472535,-0.000637924
10.36,-0.613872,-0.771219,10.0202,10.0592,20.72,20.6832,5.883,5.9454,0.505683,0.503656,2,1.96389,0.307574,0.307482,-0.120265,-0.157579,0.69094,0.669833,0.23171,0.19659,-0.203277,-0.178743,-0.00432989,-0.000200441
10.37,-0.554987,-0.711618,10.0251,10.0636,20.74,20.703,5.89387,5.95216,0.473773,0.469065,2,1.96287,0.309861,0.307673,-0.122372,-0.158761,0.690899,0.669631,0.225434,0.192095,-0.218075,-0.192806,-0.00393584,0.000235515
10.38,-0.495994,-0.65194,10.0297,10.0676,20.76,20.7229,5.90473,5.95882,0.441528,0.434364,2,1.96192,0.312081,0.307819,-0.124626,-0.16002,0.690861,0.66946,0.218542,0.187017,-0.232697,-0.206746,-0.0035432,0.000669798
10.39,-0.436893,-0.592186,10.0339,10.0713,20.78,20.7427,5.91557,5.96541,0.408944,0.399553,2,1.96103,0.314229,0.30792,-0.127025,-0.161356,0.690828,0.669318,0.211047,0.181359,-0.247115,-0.220536,-0.00315198,0.00110255
10.4,-0.377683,-0.53236,10.0379,10.0747,20.8,20.7625,5.92637,5.97189,0.376018,0.364633,2,1.96022,0.3163,0.307972,-0.129568,-0.162768,0.690798,0.669208,0.202963,0.175129,-0.261303,-0.234157,-0.00276221,0.00153327
10.41,-0.318365,-0.472458,10.0414,10.0777,20.82,20.7824,5.93712,5.97828,0.342745,0.329599,2,1.95949,0.318287,0.307975,-0.132251,-0.164258,0.690772,0.669127,0.194305,0.168332,-0.275234,-0.247586,-0.00237388,0.00196233
10.42,-0.258941,-0.412477,10.0447,10.0804,20.84,20.8022,5.9478,5.98455,0.309123,0.294449,2,1.95883,0.320184,0.307926,-0.135071,-0.165823,0.690751,0.669077,0.185088,0.160977,-0.288882,-0.260801,-0.001987,0.00238953
10.43,-0.19941,-0.352425,10.0476,10.0828,20.86,20.8221,5.9584,5.99071,0.27515,0.259187,2,1.95824,0.321987,0.307824,-0.138027,-0.167465,0.690733,0.669058,0.175329,0.153073,-0.302222,-0.273785,-0.00160159,0.00281481
10.44,-0.139773,-0.292305,10.0502,10.0848,20.88,20.842,5.96889,5.99674,0.240826,0.223812,2,1.95773,0.323689,0.307667,-0.141115,-0.169181,0.690719,0.669069,0.165048,0.144633,-0.315231,-0.286512,-0.00121765,0.00323805
10.45,-0.0800323,-0.232112,10.0524,10.0865,20.9,20.8619,5.97926,6.00265,0.206148,0.188321,2,1.9573,0.325286,0.307454,-0.144331,-0.170973,0.690708,0.66911,0.154262,0.135665,-0.327884,-0.298966,-0.000835199,0.0036593
10.46,-0.0201884,-0.171849,10.0543,10.0878,20.92,20.8819,5.9895,6.00841,0.171118,0.152714,2,1.95695,0.326773,0.307182,-0.147671,-0.172838,0.690702,0.669182,0.142991,0.126185,-0.34016,-0.311129,-0.00045424,0.00407837
10.47,0.0397573,-0.111512,10.0559,10.0888,20.94,20.9018,5.99959,6.01403,0.135736,0.116989,2,1.95668,0.328144,0.306851,-0.151133,-0.174778,0.690699,0.669283,0.131258,0.116204,-0.352037,-0.322979,-7.47835e-05,0.0044953
10.48,0.0998029,-0.0511213,10.057,10.0895,20.96,20.9218,6.00951,6.0195,0.100002,0.0811577,2,1.95649,0.329396,0.306459,-0.154711,-0.176788,0.6907,0.669413,0.119082,0.105741,-0.363495,-0.334496,0.000303161,0.00491004
10.49,0.159947,0.00934778,10.0579,10.0898,20.98,20.9418,6.01925,6.0248,0.0639192,0.0452027,2,1.95638,0.330525,0.306005,-0.158401,-0.17887,0.690705,0.669572,0.106487,0.0948065,-0.374516,-0.345668,0.000679585,0.00532257
10.5,0.220187,0.0698729,10.0583,10.0898,21,20.9618,6.02878,6.02994,0.0274896,0.00913758,2,1.95636,0.331525,0.305486,-0.162199,-0.181022,0.690714,0.66976,0.0934964,0.0834234,-0.385079,-0.356477,0.00105448,0.00573281
10.51,0.280522,0.13046,10.0584,10.0894,21.02,20.9818,6.03809,6.0349,-0.00928372,-0.0270426,2,1.95641,0.332393,0.304903,-0.166101,-0.183242,0.690726,0.669976,0.0801329,0.0716092,-0.39517,-0.366903,0.00142783,0.00614081
10.52,0.340948,0.191106,10.0581,10.0887,21.04,21.0019,6.04717,6.03967,-0.046397,-0.0633351,2,1.95655,0.333126,0.304254,-0.170101,-0.185529,0.690743,0.670218,0.0664214,0.0593838,-0.404772,-0.376933,0.00179964,0.00654633
10.53,0.401464,0.251807,10.0575,10.0876,21.06,21.0219,6.056,6.04425,-0.0838461,-0.0997376,2,1.95677,0.333721,0.303537,-0.174195,-0.187881,0.690762,0.670487,0.0523865,0.0467679,-0.413871,-0.386552,0.00216989,0.00694955
10.54,0.462067,0.312566,10.0565,10.0862,21.08,21.042,6.06456,6.04863,-0.121626,-0.136255,2,1.95706,0.334173,0.302752,-0.178377,-0.190297,0.690786,0.670782,0.0380535,0.0337823,-0.422453,-0.395744,0.00253858,0.00735037
10.55,0.522755,0.373373,10.055,10.0844,21.1,21.0622,6.07283,6.05281,-0.159732,-0.172878,2,1.95744,0.334481,0.301897,-0.182642,-0.192775,0.690813,0.671101,0.0234481,0.0204508,-0.430506,-0.404495,0.00290569,0.00774869
10.56,0.583523,0.43423,10.0533,10.0823,21.12,21.0823,6.0808,6.05676,-0.198156,-0.209609,2,1.9579,0.334641,0.300971,-0.186985,-0.195313,0.690844,0.671444,0.00859628,0.00679559,-0.438019,-0.412795,0.00327123,0.00814462
10.57,0.64437,0.495127,10.0511,10.0799,21.14,21.1025,6.08846,6.06049,-0.236894,-0.246445,2,1.95843,0.334652,0.299975,-0.191401,-0.197909,0.690879,0.671811,-0.00647588,-0.00715487,-0.444983,-0.420626,0.00363517,0.00853808
10.58,0.705291,0.556073,10.0485,10.0771,21.16,21.1226,6.09578,6.06399,-0.275938,-0.283389,2,1.95905,0.334511,0.298906,-0.195883,-0.200561,0.690917,0.672199,-0.021742,-0.0213808,-0.451389,-0.427981,0.00399751,0.00892902
10.59,0.766284,0.617054,10.0456,10.0739,21.18,21.1428,6.10275,6.06725,-0.315279,-0.320433,2,1.95974,0.334217,0.297765,-0.200427,-0.203266,0.690959,0.672608,-0.0371754,-0.0358537,-0.457229,-0.434845,0.00435825,0.00931754
10.6,0.827345,0.678071,10.0422,10.0704,21.2,21.1631,6.10936,6.07025,-0.354911,-0.357575,2,1.96051,0.333767,0.296549,-0.205026,-0.206023,0.691004,0.673037,-0.0527497,-0.0505473,-0.462497,-0.44121,0.00471738,0.00970342
10.61,0.88847,0.739112,10.0385,10.0665,21.22,21.1833,6.11559,6.073,-0.394824,-0.394813,2,1.96134,0.333161,0.29526,-0.209675,-0.208829,0.691053,0.673485,-0.0684383,-0.0654321,-0.467189,-0.447065,0.00507488,0.0100867
10.62,0.949655,0.800189,10.0343,10.0622,21.24,21.2035,6.12143,6.07549,-0.43501,-0.432148,2,1.96226,0.332398,0.293896,-0.214368,-0.211682,0.691105,0.67395,-0.0842144,-0.0804837,-0.4713,-0.452401,0.00543075,0.0104677
10.63,1.0109,0.861292,10.0298,10.0576,21.26,21.2238,6.12686,6.07769,-0.475458,-0.469578,2,1.96324,0.331477,0.292457,-0.219099,-0.214578,0.691161,0.674431,-0.100052,-0.0956711,-0.474827,-0.45721,0.00578499,0.010846
10.64,1.07219,0.922413,10.0248,10.0526,21.28,21.244,6.13186,6.07962,-0.516159,-0.507095,2,1.96429,0.330397,0.290942,-0.223862,-0.217516,0.691221,0.674928,-0.115924,-0.11097,-0.477769,-0.461484,0.00613758,0.0112218
10.65,1.13353,0.983539,10.0194,10.0473,21.3,21.2643,6.13643,6.08125,-0.557103,-0.544694,2,1.96541,0.329158,0.289351,-0.228652,-0.220493,0.691284,0.675439,-0.131805,-0.126345,-0.480126,-0.465214,0.00648852,0.0115951
10.66,1.19492,1.04469,10.0137,10.0416,21.32,21.2846,6.14055,6.08259,-0.598278,-0.582379,2,1.96659,0.327761,0.287684,-0.233463,-0.223506,0.691351,0.675962,-0.147669,-0.141775,-0.481896,-0.468398,0.00683779,0.0119658
10.67,1.25634,1.10584,10.0075,10.0356,21.34,21.3049,6.1442,6.08362,-0.639674,-0.620144,2,1.96784,0.326205,0.28594,-0.238288,-0.226552,0.691421,0.676497,-0.163491,-0.157224,-0.483083,-0.471027,0.0071854,0.0123341
10.68,1.3178,1.16699,10.0009,10.0291,21.36,21.3251,6.14738,6.08433,-0.681279,-0.657983,2,1.96915,0.324491,0.284121,-0.243122,-0.229629,0.691495,0.677042,-0.179244,-0.172666,-0.483687,-0.473097,0.00753134,0.0126998
10.69,1.37929,1.22813,9.99385,10.0223,21.38,21.3454,6.15007,6.08473,-0.72308,-0.695889,2,1.97051,0.32262,0.282225,-0.24796,-0.232734,0.691572,0.677595,-0.194905,-0.18807,-0.483712,-0.474606,0.00787559,0.0130631
10.7,1.4408,1.28927,9.98641,10.0151,21.4,21.3657,6.15227,6.08479,-0.765067,-0.733866,2,1.97193,0.320594,0.280252,-0.252795,-0.235863,0.691652,0.678157,-0.210448,-0.203409,-0.483162,-0.47555,0.00821816,0.0134238
10.71,1.50233,1.3504,9.97854,10.0076,21.42,21.386,6.15395,6.08452,-0.807225,-0.771909,2,1.97341,0.318412,0.278203,-0.257621,-0.239014,0.691736,0.678725,-0.22585,-0.218654,-0.482042,-0.475926,0.00855903,0.0137821
10.72,1.56388,1.41151,9.97026,9.99966,21.44,21.4062,6.15511,6.08389,-0.849544,-0.810009,2,1.97493,0.316077,0.276079,-0.262434,-0.242185,0.691823,0.679297,-0.241087,-0.233778,-0.480358,-0.475734,0.0088982,0.014138
10.73,1.62543,1.47259,9.96155,9.99136,21.46,21.4265,6.15575,6.08292,-0.892008,-0.848161,2,1.97651,0.313591,0.273878,-0.267226,-0.245371,0.691914,0.679873,-0.256137,-0.248748,-0.478116,-0.474971,0.00923566,0.0144915
10.74,1.68699,1.53365,9.95242,9.98267,21.48,21.4467,6.15584,6.08159,-0.934606,-0.886369,2,1.97813,0.310955,0.271603,-0.271994,-0.24857,0.692008,0.680452,-0.270975,-0.26354,-0.475323,-0.473642,0.0095714,0.0148425
10.75,1.74855,1.59468,9.94286,9.97361,21.5,21.4669,6.15538,6.07989,-0.977324,-0.924617,2,1.97979,0.308172,0.269253,-0.276731,-0.251779,0.692105,0.681032,-0.285582,-0.278128,-0.471987,-0.471744,0.00990542,0.0151911
10.76,1.8101,1.65567,9.93287,9.96416,21.52,21.4871,6.15436,6.07782,-1.02015,-0.962908,2,1.98149,0.305244,0.26683,-0.281432,-0.254995,0.692206,0.681612,-0.299934,-0.292483,-0.468117,-0.469282,0.0102377,0.0155374
10.77,1.87163,1.71661,9.92246,9.95433,21.54,21.5073,6.15278,6.07537,-1.06306,-1.00123,2,1.98323,0.302174,0.264333,-0.286092,-0.258215,0.69231,0.682191,-0.314013,-0.30658,-0.463722,-0.466257,0.0105683,0.0158813
10.78,1.93315,1.77751,9.91161,9.94411,21.56,21.5274,6.15063,6.07253,-1.10606,-1.03959,2,1.985,0.298965,0.261764,-0.290705,-0.261436,0.692417,0.682768,-0.327796,-0.320391,-0.458811,-0.462675,0.0108971,0.0162229
10.79,1.99464,1.83835,9.90034,9.9335,21.58,21.5476,6.14789,6.0693,-1.14911,-1.07797,2,1.98681,0.295619,0.259124,-0.295266,-0.264654,0.692528,0.683341,-0.341265,-0.333896,-0.453396,-0.45854,0.0112241,0.0165622
10.8,2.05611,1.89914,9.88863,9.9225,21.6,21.5677,6.14457,6.06567,-1.19222,-1.11637,2,1.98864,0.292141,0.256413,-0.299771,-0.267868,0.692642,0.683909,-0.354401,-0.347071,-0.447487,-0.453859,0.0115495,0.0168992
10.81,2.11753,1.95986,9.87649,9.91111,21.62,21.5877,6.14066,6.06164,-1.23536,-1.15479,2,1.9905,0.288533,0.253633,-0.304214,-0.271074,0.692759,0.684473,-0.367187,-0.359893,-0.441095,-0.448639,0.011873,0.017234
10.82,2.17892,2.02051,9.86392,9.89933,21.64,21.6078,6.13615,6.0572,-1.27852,-1.19321,2,1.99238,0.284798,0.250785,-0.308591,-0.274269,0.692879,0.685029,-0.379603,-0.372338,-0.434233,-0.442887,0.0121948,0.0175665
10.83,2.24025,2.0811,9.85092,9.88715,21.66,21.6278,6.13105,6.05235,-1.32169,-1.23163,2,1.99427,0.280942,0.247871,-0.312898,-0.27745,0.693003,0.685578,-0.391635,-0.384392,-0.426914,-0.436611,0.0125148,0.0178969
10.84,2.30154,2.1416,9.83749,9.87457,21.68,21.6478,6.12534,6.04707,-1.36485,-1.27006,2,1.99619,0.276967,0.244891,-0.317128,-0.280614,0.69313,0.686119,-0.403265,-0.396028,-0.419149,-0.42982,0.0128331,0.018225
10.85,2.36276,2.20203,9.82362,9.86159,21.7,21.6677,6.11902,6.04137,-1.40799,-1.30847,2,1.99811,0.272878,0.241848,-0.321279,-0.283759,0.69326,0.68665,-0.414479,-0.407235,-0.410953,-0.422528,0.0131495,0.0185509
10.86,2.42391,2.26236,9.80933,9.84822,21.72,21.6876,6.11209,6.03525,-1.45109,-1.34687,2,2.00005,0.268679,0.238743,-0.325346,-0.286882,0.693393,0.687172,-0.425261,-0.417988,-0.402339,-0.414746,0.0134642,0.0188747
10.87,2.485,2.3226,9.7946,9.83443,21.74,21.7075,6.10456,6.02869,-1.49413,-1.38525,2,2.00199,0.264374,0.235577,-0.329325,-0.289979,0.693529,0.687682,-0.435599,-0.42828,-0.393322,-0.406485,0.0137771,0.0191965
10.88,2.546,2.38276,9.77945,9.82025,21.76,21.7274,6.09641,6.0217,-1.53711,-1.4236,2,2.00394,0.259968,0.232353,-0.333211,-0.293048,0.693668,0.688181,-0.445479,-0.43809,-0.383916,-0.397758,0.0140881,0.0195162
10.89,2.60692,2.4428,9.76386,9.80566,21.78,21.7472,6.08765,6.01427,-1.58001,-1.46192,2,2.00589,0.255466,0.229073,-0.337002,-0.296087,0.693811,0.688668,-0.454889,-0.447409,-0.374136,-0.388579,0.0143974,0.0198337
10.9,2.66775,2.50274,9.74785,9.79067,21.8,21.7669,6.07828,6.00641,-1.62281,-1.50019,2,2.00783,0.250872,0.225738,-0.340693,-0.299093,0.693956,0.689143,-0.463817,-0.45622,-0.363998,-0.378967,0.0147049,0.0201491
10.91,2.72849,2.56258,9.73141,9.77527,21.82,21.7867,6.0683,5.9981,-1.6655,-1.53843,2,2.00977,0.246191,0.222352,-0.34428,-0.302063,0.694105,0.689603,-0.472253,-0.464515,-0.353517,-0.368934,0.0150105,0.0204626
10.92,2.78912,2.6223,9.71454,9.75946,21.84,21.8064,6.05771,5.98934,-1.70806,-1.57661,2,2.0117,0.241429,0.218914,-0.347762,-0.304995,0.694256,0.690051,-0.480187,-0.472288,-0.34271,-0.358499,0.0153143,0.0207741
10.93,2.84964,2.68191,9.69724,9.74324,21.86,21.8261,6.04652,5.98014,-1.75049,-1.61472,2,2.01362,0.236589,0.21543,-0.351134,-0.307886,0.694411,0.690484,-0.48761,-0.479526,-0.331592,-0.347677,0.0156164,0.0210836
10.94,2.91005,2.74139,9.67953,9.72661,21.88,21.8457,6.03472,5.9705,-1.79276,-1.65278,2,2.01552,0.231678,0.211901,-0.354393,-0.310734,0.694569,0.690902,-0.494513,-0.486222,-0.320181,-0.336492,0.0159165,0.0213912
10.95,2.97033,2.80075,9.66139,9.70957,21.9,21.8653,6.02233,5.9604,-1.83487,-1.69076,2,2.01741,0.226701,0.208328,-0.357536,-0.313537,0.694729,0.691306,-0.500889,-0.492373,-0.308493,-0.324956,0.0162149,0.0216967
10.96,3.03049,2.85998,9.64283,9.69211,21.92,21.8849,6.00934,5.94986,-1.8768,-1.72866,2,2.01928,0.221662,0.204715,-0.360562,-0.316292,0.694893,0.691695,-0.506732,-0.497975,-0.296546,-0.31309,0.0165114,0.0220005
10.97,3.09052,2.91908,9.62385,9.67425,21.94,21.9044,5.99577,5.93887,-1.91853,-1.76648,2,2.02112,0.216568,0.201065,-0.363466,-0.318997,0.69506,0.692068,-0.512034,-0.503021,-0.284357,-0.300918,0.016806,0.0223022
10.98,3.15041,2.97804,9.60446,9.65597,21.96,21.9239,5.98161,5.92742,-1.96006,-1.8042,2,2.02294,0.211423,0.19738,-0.366248,-0.32165,0.695229,0.692426,-0.516792,-0.507512,-0.271944,-0.288462,0.0170988,0.0226022
10.99,3.21015,3.03687,9.58465,9.63728,21.98,21.9434,5.96687,5.91554,-2.00137,-1.84183,2,2.02473,0.206234,0.193664,-0.368905,-0.324249,0.695401,0.692769,-0.521001,-0.511446,-0.259325,-0.275739,0.0173898,0.0229002
11,3.26974,3.09555,9.56443,9.61818,22,21.9629,5.95157,5.90321,-2.04244,-1.87935,2,2.02648,0.201005,0.189919,-0.371434,-0.326792,0.695577,0.693096,-0.524658,-0.514826,-0.246518,-0.262774,0.0176789,0.0231964
11.01,3.32918,3.15409,9.54381,9.59867,22.02,21.9823,5.9357,5.89043,-2.08327,-1.91676,2,2.02821,0.195743,0.186147,-0.373834,-0.329277,0.695755,0.693407,-0.527759,-0.51765,-0.233542,-0.249588,0.0179662,0.0234908
11.02,3.38845,3.21248,9.52277,9.57875,22.04,22.0017,5.91928,5.87721,-2.12384,-1.95405,2,2.02989,0.190452,0.182353,-0.376104,-0.331702,0.695936,0.693704,-0.530303,-0.51992,-0.220415,-0.236205,0.0182515,0.0237835
11.03,3.44756,3.27071,9.50133,9.55842,22.06,22.0211,5.90231,5.86355,-2.16415,-1.99121,2,2.03154,0.185138,0.178539,-0.378242,-0.334065,0.69612,0.693985,-0.532289,-0.521645,-0.207156,-0.222649,0.0185351,0.0240743
11.04,3.5065,3.32879,9.47949,9.53768,22.08,22.0405,5.88481,5.84946,-2.20418,-2.02825,2,2.03315,0.179808,0.174708,-0.380247,-0.336365,0.696307,0.694251,-0.533717,-0.522823,-0.193784,-0.208942,0.0188167,0.0243635
11.05,3.56526,3.38672,9.45725,9.51653,22.1,22.0599,5.86679,5.83493,-2.24391,-2.06514,2,2.03471,0.174466,0.170864,-0.382118,-0.338599,0.696496,0.694502,-0.534587,-0.523462,-0.180319,-0.195107,0.0190965,0.0246509
11.06,3.62383,3.44449,9.43461,9.49498,22.12,22.0793,5.84824,5.81998,-2.28335,-2.10189,2,2.03623,0.169118,0.167009,-0.383853,-0.340768,0.696689,0.694739,-0.534901,-0.523573,-0.166779,-0.18117,0.0193744,0.0249366
11.07,3.68222,3.50208,9.41158,9.47303,22.14,22.0986,5.8292,5.8046,-2.32247,-2.13849,2,2.0377,0.16377,0.163148,-0.385453,-0.342868,0.696884,0.694961,-0.534661,-0.523157,-0.153184,-0.167155,0.0196504,0.0252206
11.08,3.74041,3.55952,9.38816,9.45068,22.16,22.118,5.80966,5.78879,-2.36127,-2.17494,2,2.03912,0.158427,0.159282,-0.386917,-0.344898,0.697082,0.695169,-0.533869,-0.522225,-0.139553,-0.153086,0.0199245,0.025503
11.09,3.79841,3.61679,9.36436,9.42793,22.18,22.1374,5.78964,5.77258,-2.39974,-2.21122,2,2.04049,0.153094,0.155417,-0.388244,-0.346858,0.697282,0.695364,-0.53253,-0.520784,-0.125907,-0.138987,0.0201967,0.0257838
11.1,3.8562,3.67389,9.34017,9.40478,22.2,22.1567,5.76915,5.75595,-2.43787,-2.24733,2,2.04181,0.147778,0.151553,-0.389435,-0.348745,0.697486,0.695546,-0.530648,-0.518847,-0.112263,-0.124881,0.020467,0.026063
11.11,3.91379,3.73081,9.3156,9.38124,22.22,22.1761,5.7482,5.73893,-2.47565,-2.28327,2,2.04307,0.142483,0.147697,-0.390489,-0.35056,0.697692,0.695715,-0.528228,-0.51642,-0.0986432,-0.110795,0.0207355,0.0263405
11.12,3.97117,3.78756,9.29066,9.3573,22.24,22.1955,5.72682,5.7215,-2.51308,-2.31903,2,2.04428,0.137215,0.14385,-0.391408,-0.352299,0.6979,0.695872,-0.525277,-0.513518,-0.0850654,-0.0967485,0.021002,0.0266165
11.13,4.02833,3.84413,9.26534,9.33299,22.26,22.2148,5.705,5.70368,-2.55014,-2.3546,2,2.04543,0.131979,0.140015,-0.392191,-0.353964,0.698112,0.696018,-0.521801,-0.510152,-0.0715497,-0.0827685,0.0212667,0.0268908
11.14,4.08527,3.90052,9.23966,9.30829,22.28,22.2342,5.68277,5.68547,-2.58683,-2.38998,2,2.04652,0.126781,0.136197,-0.392839,-0.355552,0.698326,0.696152,-0.517809,-0.506331,-0.0581153,-0.0688758,0.0215294,0.0271638
11.15,4.14198,3.95672,9.21361,9.28322,22.3,22.2536,5.66014,5.66689,-2.62314,-2.42516,2,2.04755,0.121625,0.132398,-0.393354,-0.357064,0.698542,0.696275,-0.513308,-0.502071,-0.0447816,-0.0550972,0.0217902,0.027435
11.16,4.19847,4.01274,9.18719,9.25777,22.32,22.2731,5.63713,5.64795,-2.65907,-2.46014,2,2.04852,0.116516,0.128622,-0.393735,-0.358498,0.698762,0.696389,-0.508307,-0.497383,-0.0315678,-0.0414506,0.0220491,0.0277048
11.17,4.25472,4.06857,9.16043,9.23195,22.34,22.2925,5.61374,5.62864,-2.69461,-2.49492,2,2.04943,0.11146,0.124871,-0.393985,-0.359853,0.698983,0.696494,-0.502816,-0.492281,-0.0184929,-0.0279606,0.0223061,0.0279732
11.18,4.31074,4.12421,9.1333,9.20576,22.36,22.312,5.58999,5.60897,-2.72975,-2.52948,2,2.05027,0.106462,0.12115,-0.394106,-0.361129,0.699208,0.696589,-0.496846,-0.486778,-0.00557565,-0.0146467,0.0225612,0.0282399
11.19,4.36652,4.17966,9.10583,9.17922,22.38,22.3315,5.56591,5.58897,-2.7645,-2.56383,2,2.05105,0.101525,0.117461,-0.394097,-0.362326,0.699435,0.696677,-0.490409,-0.480892,0.00716534,-0.00153175,0.0228144,0.0285053
11.2,4.42206,4.23491,9.07801,9.15232,22.4,22.351,5.5415,5.56863,-2.79884,-2.59796,2,2.05177,0.096655,0.113807,-0.393963,-0.363443,0.699664,0.696757,-0.483515,-0.474634,0.0197117,0.0113652,0.0230656,0.0287692
11.21,4.47735,4.28997,9.04986,9.12507,22.42,22.3706,5.51679,5.54796,-2.83278,-2.63186,2,2.05243,0.0918561,0.110191,-0.393704,-0.36448,0.699896,0.696831,-0.476177,-0.468018,0.0320455,0.0240243,0.023315,0.0290315
11.22,4.53239,4.34482,9.02136,9.09748,22.44,22.3902,5.49177,5.52697,-2.86631,-2.66553,2,2.05302,0.0871329,0.106617,-0.393323,-0.365437,0.70013,0.696899,-0.46841,-0.461059,0.044149,0.0364253,0.0235623,0.0292924
11.23,4.58718,4.39947,8.99253,9.06954,22.46,22.4098,5.46649,5.50569,-2.89943,-2.69898,2,2.05354,0.0824893,0.103087,-0.392822,-0.366313,0.700367,0.696961,-0.460225,-0.453774,0.0560049,0.0485522,0.0238078,0.0295518
11.24,4.64172,4.45392,8.96337,9.04128,22.48,22.4295,5.44094,5.4841,-2.93213,-2.73218,2,2.05401,0.0779297,0.0996036,-0.392204,-0.36711,0.700606,0.697019,-0.451638,-0.446179,0.0675961,0.0603865,0.0240513,0.0298098
11.25,4.696,4.50817,8.93389,9.01268,22.5,22.4492,5.41514,5.46223,-2.96442,-2.76515,2,2.05441,0.0734579,0.09617,-0.391471,-0.367826,0.700848,0.697072,-0.442664,-0.438284,0.0789062,0.0719137,0.0242929,0.0300662
11.26,4.75002,4.5622,8.90409,8.98377,22.52,22.469,5.38912,5.44008,-2.99629,-2.79788,2,2.05474,0.0690776,0.092788,-0.390626,-0.368462,0.701092,0.697123,-0.433319,-0.430109,0.089919,0.0831147,0.0245326,0.0303212
11.27,4.80378,4.61602,8.87397,8.95454,22.54,22.4887,5.36288,5.41767,-3.02775,-2.83036,2,2.05502,0.0647927,0.0894619,-0.389673,-0.369019,0.701339,0.697171,-0.423618,-0.421669,0.100619,0.0939758,0.0247703,0.0305747
11.28,4.85728,4.66962,8.84353,8.92501,22.56,22.5086,5.33644,5.39501,-3.0588,-2.86259,2,2.05523,0.0606064,0.0861928,-0.388615,-0.369496,0.701588,0.697218,-0.413577,-0.412978,0.110991,0.104482,0.0250061,0.0308266
11.29,4.91051,4.72302,8.81279,8.89516,22.58,22.5284,5.30983,5.3721,-3.08943,-2.89457,2,2.05538,0.0565222,0.0829826,-0.387455,-0.369895,0.701839,0.697264,-0.403215,-0.404051,0.121021,0.114623,0.02524,0.0310771
11.3,4.96348,4.7762,8.78175,8.86502,22.6,22.5484,5.28305,5.34897,-3.11965,-2.92631,2,2.05547,0.0525431,0.0798352,-0.386196,-0.370216,0.702092,0.697309,-0.392548,-0.394905,0.130694,0.124384,0.0254719,0.0313259
11.31,5.01617,4.82915,8.7504,8.83459,22.62,22.5683,5.25612,5.32561,-3.14946,-2.95779,2,2.0555,0.0486722,0.0767511,-0.384842,-0.370459,0.702348,0.697354,-0.381595,-0.385555,0.139998,0.133756,0.0257019,0.0315732
11.32,5.0686,4.88188,8.71876,8.80388,22.64,22.5883,5.22905,5.30205,-3.17886,-2.98901,2,2.05547,0.0449121,0.0737335,-0.383397,-0.370625,0.702606,0.697401,-0.370374,-0.376015,0.148919,0.142726,0.0259299,0.0318189
11.33,5.12075,4.93438,8.68682,8.77289,22.66,22.6084,5.20187,5.27829,-3.20785,-3.01998,2,2.05539,0.0412655,0.0707834,-0.381865,-0.370716,0.702867,0.69745,-0.358903,-0.366302,0.157445,0.151286,0.026156,0.032063
11.34,5.17264,4.98666,8.6546,8.74162,22.68,22.6285,5.17459,5.25434,-3.23645,-3.05069,2,2.05525,0.0377348,0.0679033,-0.38025,-0.370733,0.70313,0.697501,-0.347202,-0.35643,0.165565,0.159425,0.0263801,0.0323055
11.35,5.22424,5.03871,8.6221,8.71008,22.7,22.6486,5.14721,5.23022,-3.26465,-3.08115,2,2.05506,0.0343222,0.0650937,-0.378555,-0.370675,0.703394,0.697555,-0.33529,-0.346415,0.173269,0.167138,0.0266023,0.0325462
11.36,5.27558,5.09053,8.58931,8.67828,22.72,22.6688,5.11977,5.20593,-3.29245,-3.11134,2,2.05481,0.0310297,0.0623574,-0.376786,-0.370545,0.703662,0.697613,-0.323187,-0.336271,0.180545,0.174419,0.0268226,0.0327852
11.37,5.32664,5.14211,8.55625,8.64623,22.74,22.689,5.09226,5.1815,-3.31987,-3.14128,2,2.05451,0.027859,0.0596955,-0.374946,-0.370343,0.703931,0.697676,-0.310913,-0.326012,0.187386,0.181257,0.0270408,0.0330224
11.38,5.37743,5.19346,8.52291,8.61392,22.76,22.7093,5.06471,5.15692,-3.34691,-3.17096,2,2.05417,0.0248119,0.0571084,-0.373039,-0.370072,0.704202,0.697744,-0.298489,-0.315655,0.193782,0.187652,0.0272572,0.0332579
11.39,5.42793,5.24458,8.48931,8.58137,22.78,22.7296,5.03713,5.13221,-3.37357,-3.20038,2,2.05378,0.0218897,0.054598,-0.371072,-0.369732,0.704476,0.697817,-0.285933,-0.305213,0.199725,0.193597,0.0274716,0.0334915
11.4,5.47817,5.29545,8.45544,8.54858,22.8,22.7499,5.00953,5.10739,-3.39987,-3.22954,2,2.05334,0.0190936,0.0521647,-0.369046,-0.369325,0.704752,0.697897,-0.273268,-0.2947,0.205209,0.199087,0.027684,0.0337233
11.41,5.52812,5.34609,8.42131,8.51555,22.82,22.7703,4.98193,5.08246,-3.4258,-3.25845,2,2.05285,0.0164246,0.0498103,-0.366969,-0.368853,0.70503,0.697983,-0.260514,-0.284134,0.210227,0.204123,0.0278945,0.0339532
11.42,5.57781,5.39648,8.38693,8.48229,22.84,22.7907,4.95434,5.05744,-3.45137,-3.2871,2,2.05233,0.0138836,0.0475346,-0.364844,-0.368317,0.70531,0.698077,-0.247691,-0.273523,0.214775,0.2087,0.028103,0.0341812
11.43,5.62721,5.44662,8.35229,8.4488,22.86,22.8112,4.92677,5.03232,-3.4766,-3.3155,2,2.05176,0.011471,0.0453386,-0.362675,-0.367718,0.705592,0.698179,-0.234822,-0.262886,0.218846,0.212818,0.0283096,0.0344071
11.44,5.67634,5.49652,8.3174,8.41508,22.88,22.8316,4.89923,5.00714,-3.50149,-3.34365,2,2.05116,0.00918721,0.0432226,-0.360468,-0.36706,0.705876,0.69829,-0.221925,-0.252236,0.222439,0.216477,0.0285142,0.034631
11.45,5.7252,5.54617,8.28226,8.38115,22.9,22.8522,4.87174,4.98188,-3.52604,-3.37155,2,2.05052,0.00703246,0.0411866,-0.358228,-0.366343,0.706162,0.698409,-0.209024,-0.241584,0.225549,0.219675,0.0287169,0.0348528
11.46,5.77378,5.59558,8.24688,8.34699,22.92,22.8727,4.8443,4.95657,-3.55028,-3.3992,2,2.04985,0.00500668,0.0392306,-0.355959,-0.36557,0.70645,0.698538,-0.196138,-0.230947,0.228174,0.222417,0.0289176,0.0350726
11.47,5.82208,5.64474,8.21126,8.31261,22.94,22.8933,4.81693,4.93121,-3.5742,-3.42661,2,2.04914,0.00310958,0.0373547,-0.353666,-0.364743,0.70674,0.698677,-0.183289,-0.220335,0.230314,0.224701,0.0291163,0.0352901
11.48,5.87012,5.69364,8.1754,8.27803,22.96,22.9139,4.78964,4.90582,-3.59781,-3.45377,2,2.0484,0.00134071,0.0355593,-0.351354,-0.363864,0.707033,0.698825,-0.170497,-0.209766,0.231968,0.226531,0.0293131,0.0355054
11.49,5.91788,5.7423,8.1393,8.24323,22.98,22.9345,4.76244,4.88039,-3.62113,-3.48069,2,2.04764,-0.00030062,0.0338436,-0.349028,-0.362934,0.707327,0.698985,-0.157783,-0.19925,0.233137,0.227908,0.0295079,0.0357185
11.5,5.96536,5.79071,8.10297,8.20822,23,22.9551,4.73533,4.85495,-3.64416,-3.50738,2,2.04684,-0.00181529,0.0322067,-0.346693,-0.361957,0.707623,0.699155,-0.145168,-0.1888,0.233821,0.228838,0.0297008,0.0359293
11.51,6.01258,5.83886,8.06642,8.17299,23.02,22.9758,4.70833,4.82949,-3.66692,-3.53384,2,2.04603,-0.00320438,0.0306488,-0.344353,-0.360934,0.707921,0.699336,-0.132672,-0.178429,0.234022,0.229322,0.0298918,0.036138
11.52,6.05953,5.88676,8.02964,8.13757,23.04,22.9965,4.68144,4.80402,-3.68942,-3.56007,2,2.04518,-0.0044692,0.0291687,-0.342014,-0.359869,0.708221,0.699528,-0.120316,-0.168152,0.233744,0.229366,0.0300807,0.0363442
11.53,6.10621,5.93441,7.99263,8.10193,23.06,23.0172,4.65468,4.77855,-3.71165,-3.58607,2,2.04432,-0.00561123,0.0277654,-0.33968,-0.358762,0.708522,0.699732,-0.108119,-0.157982,0.232991,0.228977,0.0302677,0.036548
11.54,6.15263,5.9818,7.9554,8.06609,23.08,23.0379,4.62804,4.7531,-3.73365,-3.61185,2,2.04343,-0.00663217,0.0264383,-0.337356,-0.357617,0.708826,0.699948,-0.0961006,-0.147928,0.231766,0.228157,0.0304528,0.0367494
11.55,6.19877,6.02895,7.91796,8.03003,23.1,23.0586,4.60154,4.72765,-3.75541,-3.63742,2,2.04253,-0.0075339,0.0251853,-0.335046,-0.356438,0.709131,0.700176,-0.0842809,-0.138007,0.230075,0.226916,0.0306359,0.0369485
11.56,6.24466,6.07584,7.8803,7.99377,23.12,23.0793,4.57518,4.70223,-3.77695,-3.66278,2,2.04161,-0.00831851,0.0240057,-0.332756,-0.355224,0.709439,0.700415,-0.0726788,-0.128229,0.227925,0.225257,0.0308171,0.037145
11.57,6.29028,6.12247,7.84242,7.95729,23.14,23.1,4.54897,4.67683,-3.79827,-3.68793,2,2.04067,-0.00898827,0.0228981,-0.330489,-0.353981,0.709748,0.700667,-0.061313,-0.118609,0.225322,0.223188,0.0309963,0.0373391
11.58,6.33564,6.16886,7.80433,7.92061,23.16,23.1207,4.52291,4.65146,-3.8194,-3.71288,2,2.03972,-0.00954562,0.0218603,-0.328251,-0.35271,0.710059,0.70093,-0.0502017,-0.109155,0.222274,0.220718,0.0311735,0.0375306
11.59,6.38074,6.215,7.76603,7.88371,23.18,23.1414,4.49701,4.62612,-3.84033,-3.73763,2,2.03876,-0.00999321,0.0208909,-0.326045,-0.351414,0.710371,0.701206,-0.039363,-0.0998825,0.218789,0.217853,0.0313488,0.0377197
11.6,6.42558,6.26088,7.72753,7.84659,23.2,23.1621,4.47127,4.60082,-3.86109,-3.76219,2,2.03778,-0.0103338,0.0199879,-0.323877,-0.350096,0.710685,0.701494,-0.0288142,-0.0908021,0.214877,0.214601,0.0315222,0.0379063
11.61,6.47016,6.30652,7.68881,7.80925,23.22,23.1828,4.44569,4.57556,-3.88168,-3.78657,2,2.03679,-0.0105705,0.019149,-0.321749,-0.348759,0.711002,0.701794,-0.0185724,-0.0819278,0.210548,0.210973,0.0316936,0.0380903
11.62,6.51449,6.35191,7.64989,7.77169,23.24,23.2035,4.42029,4.55035,-3.90212,-3.81076,2,2.0358,-0.0107064,0.0183728,-0.319667,-0.347406,0.711319,0.702105,-0.00865412,-0.0732723,0.205811,0.206976,0.031863,0.0382717
11.63,6.55857,6.39705,7.61077,7.73391,23.26,23.2242,4.39505,4.52518,-3.92241,-3.83479,2,2.03479,-0.0107447,0.017656,-0.317634,-0.34604,0.711639,0.702428,0.000924747,-0.0648469,0.200679,0.20262,0.0320305,0.0384506
11.64,6.60239,6.44195,7.57144,7.6959,23.28,23.2449,4.36999,4.50006,-3.94257,-3.85864,2,2.03377,-0.0106891,0.0169967,-0.315655,-0.344662,0.71196,0.702763,0.0101488,-0.0566627,0.195164,0.197915,0.032196,0.0386268
11.65,6.64597,6.48659,7.53192,7.65766,23.3,23.2656,4.3451,4.47499,-3.9626,-3.88234,2,2.03275,-0.010543,0.0163927,-0.313732,-0.343278,0.712283,0.703108,0.0190031,-0.0487346,0.189278,0.192873,0.0323597,0.0388006
11.66,6.6893,6.531,7.49219,7.61919,23.32,23.2862,4.32039,4.44997,-3.98253,-3.90588,2,2.03172,-0.0103103,0.0158405,-0.31187,-0.341889,0.712607,0.703465,0.0274734,-0.0410719,0.183034,0.1875,0.0325213,0.0389717
11.67,6.73238,6.57517,7.45227,7.58048,23.34,23.3068,4.29585,4.425,-4.00236,-3.92927,2,2.03068,-0.00999484,0.0153377,-0.310073,-0.340499,0.712933,0.703833,0.0355463,-0.0336836,0.176447,0.181811,0.032681,0.0391402
11.68,6.77521,6.6191,7.41215,7.54152,23.36,23.3274,4.27149,4.40009,-4.02209,-3.95252,2,2.02964,-0.00960072,0.0148815,-0.308343,-0.33911,0.713261,0.704211,0.0432087,-0.0265896,0.16953,0.175815,0.0328388,0.0393062
11.69,6.81781,6.66278,7.37183,7.50232,23.38,23.348,4.2473,4.37523,-4.04175,-3.97563,2,2.02859,-0.00913208,0.0144686,-0.306683,-0.337727,0.71359,0.704598,0.0504483,-0.0197968,0.1623,0.169527,0.0329946,0.0394695
11.7,6.86016,6.70623,7.33131,7.46288,23.4,23.3686,4.22329,4.35042,-4.06134,-3.99861,2,2.02754,-0.0085932,0.0140967,-0.305098,-0.336351,0.713921,0.704996,0.0572536,-0.0133171,0.154771,0.162954,0.0331485,0.0396304
11.71,6.90227,6.74944,7.2906,7.42318,23.42,23.3891,4.19944,4.32567,-4.08088,-4.02147,2,2.02649,-0.00798849,0.0137618,-0.303589,-0.334986,0.714253,0.705402,0.0636137,-0.00716101,0.146959,0.15611,0.0333005,0.0397886
11.72,6.94415,6.79242,7.24969,7.38321,23.44,23.4096,4.17577,4.30097,-4.10037,-4.04422,2,2.02543,-0.00732245,0.0134608,-0.302159,-0.333636,0.714587,0.705818,0.0695186,-0.0013418,0.138882,0.149009,0.0334505,0.0399442
11.73,6.98579,6.83517,7.20859,7.343,23.46,23.4301,4.15226,4.27632,-4.11982,-4.06685,2,2.02437,-0.00659967,0.0131904,-0.300812,-0.332302,0.714922,0.706242,0.0749588,0.00412954,0.130555,0.141663,0.0335986,0.0400973
11.74,7.0272,6.87768,7.1673,7.30252,23.48,23.4505,4.12892,4.25172,-4.13925,-4.08938,2,2.0233,-0.00582485,0.0129478,-0.299549,-0.330989,0.715259,0.706673,0.0799257,0.00924458,0.121998,0.134084,0.0337447,0.0402478
11.75,7.06837,6.91996,7.12581,7.26177,23.5,23.471,4.10573,4.22717,-4.15866,-4.11181,2,2.02223,-0.00500276,0.0127293,-0.298373,-0.329699,0.715597,0.707112,0.0844116,0.0139897,0.113226,0.126289,0.033889,0.0403959
11.76,7.10931,6.96201,7.08412,7.22075,23.52,23.4914,4.0827,4.20266,-4.17807,-4.13415,2,2.02116,-0.00413824,0.0125309,-0.297285,-0.328435,0.715936,0.707559,0.0884095,0.0183557,0.104259,0.118287,0.0340312,0.0405414
11.77,7.15002,7.00384,7.04225,7.17946,23.54,23.5117,4.05982,4.1782,-4.19747,-4.1564,2,2.02009,-0.00323621,0.0123495,-0.296288,-0.3272,0.716277,0.708011,0.0919133,0.022333,0.0951157,0.110095,0.0341716,0.0406843
11.78,7.19051,7.04543,7.00017,7.13789,23.56,23.5321,4.03709,4.15379,-4.21689,-4.17858,2,2.01901,-0.00230164,0.0121812,-0.295383,-0.325997,0.71662,0.70847,0.0949175,0.0259108,0.0858138,0.101726,0.0343101,0.0408247
11.79,7.23077,7.0868,6.95791,7.09604,23.58,23.5524,4.01449,4.12941,-4.23633,-4.20068,2,2.01794,-0.00133954,0.0120231,-0.294572,-0.324829,0.716964,0.708934,0.0974178,0.0290823,0.0763728,0.0931965,0.0344466,0.0409625
11.8,7.2708,7.12795,6.91545,7.05391,23.6,23.5726,3.99203,4.10507,-4.2558,-4.22272,2,2.01686,-0.000354977,0.0118715,-0.293856,-0.323699,0.717309,0.709402,0.0994106,0.0318346,0.0668119,0.0845177,0.0345812,0.0410979
11.81,7.31061,7.16887,6.87279,7.0115,23.62,23.5929,3.9697,4.08077,-4.27531,-4.24469,2,2.01578,0.000646966,0.0117222,-0.293236,-0.322609,0.717655,0.709875,0.100893,0.0341666,0.0571506,0.0757094,0.0347139,0.0412308
11.82,7.35019,7.20956,6.82994,6.96881,23.64,23.6131,3.94749,4.0565,-4.29486,-4.2666,2,2.0147,0.00166117,0.0115721,-0.292713,-0.321562,0.718003,0.710352,0.101863,0.0360634,0.0474085,0.0667838,0.0348446,0.0413612
11.83,7.38956,7.25003,6.78689,6.92583,23.66,23.6332,3.92539,4.03225,-4.31447,-4.28847,2,2.01361,0.00268252,0.0114177,-0.292288,-0.320561,0.718352,0.710832,0.10232,0.0375214,0.0376052,0.057755,0.0349735,0.0414892
11.84,7.4287,7.29028,6.74365,6.88256,23.68,23.6534,3.9034,4.00804,-4.33414,-4.31029,2,2.01253,0.00370586,0.0112551,-0.291961,-0.319607,0.718702,0.711316,0.102264,0.0385353,0.0277606,0.0486422,0.0351004,0.0416146
11.85,7.46762,7.3303,6.70021,6.839,23.7,23.6735,3.8815,3.98385,-4.35387,-4.33206,2,2.01145,0.00472608,0.011081,-0.291733,-0.318703,0.719054,0.711801,0.101695,0.039097,0.0178945,0.0394588,0.0352255,0.0417377
11.86,7.50633,7.37009,6.65657,6.79516,23.72,23.6936,3.8597,3.95968,-4.37368,-4.3538,2,2.01037,0.00573806,0.0108917,-0.291604,-0.317851,0.719407,0.712288,0.100615,0.0392038,0.00802651,0.030224,0.0353486,0.0418582
11.87,7.54482,7.40966,6.61274,6.75103,23.74,23.7136,3.83798,3.93552,-4.39356,-4.3755,2,2.00929,0.00673669,0.0106845,-0.291573,-0.317054,0.719761,0.712777,0.0990267,0.0388514,-0.00182348,0.0209514,0.0354698,0.0419765
11.88,7.58309,7.44901,6.5687,6.70661,23.76,23.7336,3.81633,3.91138,-4.41353,-4.39718,2,2.00821,0.00771691,0.010455,-0.29164,-0.316313,0.720116,0.713266,0.0969335,0.0380351,-0.0116358,0.0116563,0.0355891,0.0420923
11.89,7.62115,7.48813,6.52447,6.6619,23.78,23.7536,3.79474,3.88725,-4.43359,-4.41882,2,2.00713,0.00867369,0.0102006,-0.291805,-0.315629,0.720473,0.713756,0.0943396,0.0367566,-0.021391,0.00235632,0.0357066,0.0422056
11.9,7.65899,7.52702,6.48003,6.61692,23.8,23.7735,3.77321,3.86312,-4.45375,-4.44044,2,2.00606,0.00960205,0.00991789,-0.292068,-0.315004,0.72083,0.714246,0.0912502,0.0350121,-0.0310697,-0.00692925,0.0358221,0.0423166
11.91,7.69661,7.56568,6.43539,6.57164,23.82,23.7934,3.75172,3.839,-4.47401,-4.46204,2,2.00499,0.0104971,0.00960375,-0.292426,-0.31444,0.721189,0.714736,0.0876713,0.0328028,-0.0406526,-0.0161877,0.0359357,0.0424252
11.92,7.73402,7.60412,6.39055,6.52609,23.84,23.8133,3.73026,3.81487,-4.49437,-4.48362,2,2.00392,0.0113539,0.00925502,-0.29288,-0.313938,0.721549,0.715224,0.0836097,0.0301284,-0.050121,-0.0254001,0.0360475,0.0425315
11.93,7.77122,7.64232,6.3455,6.48025,23.86,23.8331,3.70883,3.79073,-4.51484,-4.50519,2,2.00286,0.0121677,0.00886892,-0.293428,-0.313498,0.72191,0.715712,0.0790731,0.0269923,-0.059456,-0.0345504,0.0361574,0.0426353
11.94,7.8082,7.68029,6.30025,6.43415,23.88,23.8529,3.68741,3.76659,-4.53542,-4.52674,2,2.0018,0.0129338,0.0084428,-0.294069,-0.313122,0.722272,0.716197,0.0740701,0.0233975,-0.0686393,-0.0436208,0.0362654,0.0427369
11.95,7.84496,7.71802,6.2548,6.38776,23.9,23.8727,3.666,3.74243,-4.55611,-4.54827,2,2.00075,0.0136475,0.00797346,-0.2948,-0.31281,0.722636,0.716681,0.0686099,0.0193458,-0.077653,-0.0525963,0.0363715,0.0428363
11.96,7.88152,7.75552,6.20913,6.34111,23.92,23.8925,3.64458,3.71825,-4.57692,-4.5698,2,1.99971,0.0143045,0.0074585,-0.295621,-0.312562,0.723,0.717163,0.0627026,0.0148477,-0.0864794,-0.0614605,0.0364757,0.0429334
11.97,7.91786,7.79278,6.16326,6.2942,23.94,23.9122,3.62313,3.69404,-4.59784,-4.5913,2,1.99868,0.0149001,0.00689537,-0.296529,-0.312379,0.723365,0.717643,0.0563592,0.00990583,-0.0951013,-0.0701941,0.0365781,0.0430282
11.98,7.95398,7.8298,6.11717,6.24702,23.96,23.9319,3.60166,3.66981,-4.61889,-4.6128,2,1.99765,0.0154302,0.00628168,-0.297523,-0.312261,0.723731,0.718119,0.0495911,0.00452973,-0.103502,-0.0787824,0.0366786,0.0431208
11.99,7.98989,7.86658,6.07088,6.19958,23.98,23.9515,3.58015,3.64554,-4.64005,-4.63428,2,1.99664,0.0158906,0.00561488,-0.298599,-0.312207,0.724099,0.718593,0.0424108,-0.00127195,-0.111665,-0.0872085,0.0367772,0.0432113
12,8.02558,7.90311,6.02437,6.1519,24,23.9712,3.55858,3.62123,-4.66134,-4.65575,2,1.99564,0.0162771,0.00489303,-0.299755,-0.312217,0.724467,0.719063,0.0348313,-0.00748943,-0.119575,-0.0954569,0.036874,0.0432995
12.01,8.06106,7.9394,5.97765,6.10396,24.02,23.9908,3.53695,3.59687,-4.68274,-4.6772,2,1.99465,0.0165859,0.00411438,-0.300989,-0.312291,0.724836,0.71953,0.0268662,-0.0141116,-0.127216,-0.103511,0.0369689,0.0433858
12.02,8.09632,7.97544,5.93072,6.05578,24.04,24.0104,3.51524,3.57247,-4.70427,-4.69864,2,1.99367,0.0168132,0.00327652,-0.302298,-0.312428,0.725206,0.719994,0.01853,-0.0211273,-0.134574,-0.111356,0.0370619,0.0434699
12.03,8.13136,8.01122,5.88357,6.00736,24.06,24.0299,3.49345,3.54801,-4.72591,-4.72006,2,1.99271,0.0169553,0.00237831,-0.30368,-0.312625,0.725577,0.720454,0.00983742,-0.0285184,-0.141634,-0.118975,0.0371531,0.0435519
12.04,8.16619,8.04675,5.8362,5.9587,24.08,24.0495,3.47155,3.52348,-4.74768,-4.74146,2,1.99177,0.0170088,0.00141767,-0.30513,-0.312884,0.725949,0.72091,0.000804164,-0.0362787,-0.148384,-0.126354,0.0372425,0.0436321
12.05,8.20079,8.08203,5.78861,5.90982,24.1,24.069,3.44955,3.49888,-4.76955,-4.76285,2,1.99084,0.0169703,0.000393102,-0.306646,-0.313202,0.726322,0.721363,-0.00855373,-0.0443873,-0.154809,-0.133476,0.03733,0.0437104
12.06,8.23518,8.11704,5.74081,5.86071,24.12,24.0885,3.42743,3.47421,-4.79154,-4.7842,2,1.98994,0.0168367,-0.000696672,-0.308225,-0.313578,0.726696,0.721811,-0.0182196,-0.0528295,-0.160899,-0.140329,0.0374157,0.0437866
12.07,8.26934,8.15179,5.69278,5.81139,24.14,24.108,3.40517,3.44946,-4.81364,-4.80553,2,1.98905,0.016605,-0.00185286,-0.309863,-0.314009,0.72707,0.722256,-0.0281765,-0.0615909,-0.166641,-0.146897,0.0374995,0.0438612
12.08,8.30328,8.18629,5.64453,5.76185,24.16,24.1274,3.38276,3.42462,-4.83585,-4.82683,2,1.98819,0.0162723,-0.00307675,-0.311557,-0.314494,0.727446,0.722696,-0.0384067,-0.0706494,-0.172024,-0.153167,0.0375815,0.0439339
12.09,8.337,8.22052,5.59606,5.7121,24.18,24.1469,3.3602,3.39968,-4.85816,-4.8481,2,1.98734,0.015836,-0.0043689,-0.313302,-0.315032,0.727822,0.723133,-0.0488923,-0.0799893,-0.177039,-0.159126,0.0376617,0.0440049
12.1,8.37049,8.25448,5.54737,5.66214,24.2,24.1663,3.33747,3.37465,-4.88058,-4.86933,2,1.98653,0.0152937,-0.00573079,-0.315096,-0.31562,0.728199,0.723565,-0.059615,-0.0895916,-0.181675,-0.164761,0.03774,0.0440743
12.11,8.40375,8.28817,5.49845,5.612,24.22,24.1857,3.31457,3.3495,-4.90308,-4.89052,2,1.98574,0.014643,-0.0071623,-0.316935,-0.316255,0.728577,0.723994,-0.0705559,-0.0994356,-0.185925,-0.17006,0.0378166,0.0441421
12.12,8.43678,8.3216,5.44931,5.56165,24.24,24.2051,3.29147,3.32424,-4.92568,-4.91167,2,1.98497,0.0138819,-0.00866489,-0.318813,-0.316936,0.728955,0.724418,-0.0816962,-0.109506,-0.189779,-0.175011,0.0378913,0.0442085
12.13,8.46958,8.35475,5.39994,5.5111,24.26,24.2245,3.26817,3.29885,-4.94835,-4.93278,2,1.98423,0.0130084,-0.0102385,-0.320729,-0.31766,0.729335,0.724839,-0.0930164,-0.119779,-0.19323,-0.179601,0.0379642,0.0442732
12.14,8.50214,8.38763,5.35034,5.46038,24.28,24.2439,3.24466,3.27333,-4.97111,-4.95383,2,1.98353,0.012021,-0.0118837,-0.322677,-0.318423,0.729715,0.725256,-0.104497,-0.130232,-0.196273,-0.183822,0.0380353,0.0443368
12.15,8.53447,8.42023,5.30052,5.40947,24.3,24.2633,3.22093,3.24767,-4.99394,-4.97482,2,1.98285,0.010918,-0.0136004,-0.324653,-0.319225,0.730095,0.725669,-0.116118,-0.140845,-0.1989,-0.187666,0.0381046,0.0443989
12.16,8.56656,8.45256,5.25046,5.35838,24.32,24.2827,3.19696,3.22187,-5.01683,-4.99576,2,1.9822,0.00969824,-0.0153891,-0.326653,-0.320061,0.730477,0.726079,-0.127861,-0.151601,-0.201107,-0.191117,0.0381721,0.0444598
12.17,8.59841,8.4846,5.20018,5.30712,24.34,24.3021,3.17275,3.19591,-5.03978,-5.01664,2,1.98159,0.00836049,-0.0172496,-0.328674,-0.320929,0.730859,0.726485,-0.139703,-0.162477,-0.202889,-0.194171,0.0382378,0.0445196
12.18,8.63001,8.51638,5.14967,5.25569,24.36,24.3214,3.14829,3.16979,-5.06279,-5.03745,2,1.98101,0.0069039,-0.0191817,-0.33071,-0.321826,0.731242,0.726888,-0.151626,-0.173447,-0.204242,-0.196821,0.0383017,0.0445783
12.19,8.66137,8.54787,5.09892,5.20409,24.38,24.3408,3.12357,3.1435,-5.08583,-5.05818,2,1.98046,0.00532776,-0.021185,-0.332757,-0.322749,0.731625,0.727287,-0.16361,-0.184492,-0.205165,-0.199058,0.0383639,0.0446359
12.2,8.69248,8.57908,5.04795,5.15232,24.4,24.3602,3.09857,3.11703,-5.10891,-5.07883,2,1.97995,0.00363158,-0.0232594,-0.334811,-0.323695,0.732009,0.727683,-0.175633,-0.195596,-0.205653,-0.200876,0.0384242,0.0446926
12.21,8.72334,8.61001,4.99674,5.1004,24.42,24.3796,3.0733,3.09038,-5.13201,-5.09941,2,1.97947,0.00181504,-0.0254047,-0.336869,-0.324662,0.732393,0.728076,-0.187676,-0.206731,-0.205706,-0.202269,0.0384828,0.0447484
12.22,8.75395,8.64066,4.94531,5.0483,24.44,24.399,3.04773,3.06353,-5.15513,-5.1199,2,1.97904,-0.000121945,-0.02762,-0.338924,-0.325645,0.732778,0.728466,-0.199718,-0.21788,-0.205322,-0.203232,0.0385396,0.0448034
12.23,8.7843,8.67102,4.89364,4.99606,24.46,24.4185,3.02186,3.03649,-5.17826,-5.1403,2,1.97863,-0.00217926,-0.0299043,-0.340974,-0.326643,0.733164,0.728853,-0.21174,-0.229018,-0.204502,-0.203762,0.0385947,0.0448576
12.24,8.81438,8.70111,4.84174,4.94366,24.48,24.4379,2.99569,3.00925,-5.20138,-5.16061,2,1.97827,-0.00435661,-0.0322573,-0.343013,-0.327651,0.73355,0.729238,-0.223721,-0.240131,-0.203246,-0.203854,0.0386479,0.0449113
12.25,8.84421,8.73091,4.78961,4.8911,24.5,24.4574,2.96921,2.98178,-5.22449,-5.18081,2,1.97795,-0.00665348,-0.034678,-0.345037,-0.328667,0.733937,0.72962,-0.235641,-0.251191,-0.201555,-0.203508,0.0386995,0.0449642
12.26,8.87377,8.76043,4.73725,4.83838,24.52,24.4769,2.9424,2.9541,-5.24758,-5.20091,2,1.97766,-0.00906916,-0.0371654,-0.347042,-0.329688,0.734324,0.73,-0.24748,-0.262184,-0.199432,-0.202722,0.0387493,0.0450166
12.27,8.90305,8.78966,4.68466,4.78552,24.54,24.4964,2.91526,2.92619,-5.27063,-5.2209,2,1.97742,-0.0116028,-0.039718,-0.349024,-0.330711,0.734712,0.730378,-0.25922,-0.273088,-0.196878,-0.201493,0.0387973,0.0450685
12.28,8.93207,8.81861,4.63184,4.73251,24.56,24.5159,2.88779,2.89806,-5.29364,-5.24078,2,1.97721,-0.0142532,-0.0423347,-0.350978,-0.331732,0.7351,0.730754,-0.27084,-0.283884,-0.193897,-0.199823,0.0388436,0.04512
12.29,8.96081,8.84728,4.57879,4.67934,24.58,24.5355,2.85998,2.86968,-5.3166,-5.26053,2,1.97705,-0.0170191,-0.0450148,-0.352901,-0.332749,0.735489,0.731128,-0.282321,-0.294554,-0.190493,-0.197713,0.0388881,0.045171
12.3,8.98927,8.87566,4.52551,4.62603,24.6,24.555,2.83182,2.84106,-5.33949,-5.28017,2,1.97692,-0.019899,-0.0477561,-0.354787,-0.333758,0.735878,0.7315,-0.293644,-0.305077,-0.186669,-0.195164,0.038931,0.0452218
12.31,9.01744,8.90376,4.472,4.57256,24.62,24.5747,2.8033,2.81219,-5.3623,-5.29967,2,1.97684,-0.0228914,-0.050558,-0.356633,-0.334758,0.736268,0.731871,-0.304792,-0.315439,-0.182432,-0.192178,0.0389721,0.0452722
12.32,9.04533,8.93157,4.41826,4.51895,24.64,24.5943,2.77443,2.78306,-5.38502,-5.31904,2,1.97679,-0.0259942,-0.0534179,-0.358434,-0.335744,0.736657,0.73224,-0.315746,-0.32562,-0.177787,-0.18876,0.0390115,0.0453223
12.33,9.07293,8.9591,4.3643,4.46519,24.66,24.614,2.7452,2.75368,-5.40764,-5.33827,2,1.97679,-0.0292056,-0.0563347,-0.360187,-0.336714,0.737048,0.732608,-0.326488,-0.335603,-0.172741,-0.184915,0.0390491,0.0453722
12.34,9.10024,8.98635,4.31011,4.41128,24.68,24.6337,2.7156,2.72403,-5.43014,-5.35735,2,1.97683,-0.0325232,-0.0593065,-0.361888,-0.337665,0.737438,0.732976,-0.337,-0.345372,-0.167299,-0.180647,0.0390851,0.0454219
12.35,9.12724,9.0133,4.2557,4.35721,24.7,24.6534,2.68563,2.69412,-5.45252,-5.37629,2,1.97691,-0.0359448,-0.0623315,-0.363532,-0.338595,0.737829,0.733342,-0.347266,-0.354912,-0.16147,-0.175962,0.0391193,0.0454714
12.36,9.15395,9.03997,4.20106,4.30301,24.72,24.6732,2.65529,2.66394,-5.47476,-5.39506,2,1.97703,-0.0394677,-0.0654071,-0.365116,-0.339499,0.738221,0.733708,-0.357269,-0.364205,-0.155262,-0.170868,0.0391519,0.0455207
12.37,9.18035,9.06635,4.1462,4.24864,24.74,24.693,2.62458,2.63348,-5.49685,-5.41369,2,1.97719,-0.0430892,-0.0685324,-0.366636,-0.340377,0.738612,0.734073,-0.366993,-0.373239,-0.148683,-0.165371,0.0391828,0.04557
12.38,9.20644,9.09244,4.09113,4.19413,24.76,24.7129,2.59348,2.60275,-5.51878,-5.43214,2,1.97738,-0.0468065,-0.0717042,-0.368088,-0.341225,0.739004,0.734438,-0.376422,-0.381997,-0.141743,-0.15948,0.0392119,0.045619
12.39,9.23222,9.11825,4.03583,4.13947,24.78,24.7328,2.56201,2.57174,-5.54053,-5.45043,2,1.97762,-0.0506166,-0.0749211,-0.36947,-0.342041,0.739397,0.734803,-0.385541,-0.390465,-0.13445,-0.153204,0.0392394,0.0456679
12.4,9.25768,9.14375,3.98031,4.08466,24.8,24.7527,2.53016,2.54045,-5.5621,-5.46853,2,1.9779,-0.0545163,-0.0781801,-0.370776,-0.342822,0.739789,0.735168,-0.394336,-0.398633,-0.126816,-0.146555,0.0392652,0.0457167
12.41,9.28282,9.16897,3.92459,4.02969,24.82,24.7727,2.49793,2.50888,-5.58346,-5.48645,2,1.97822,-0.0585022,-0.0814794,-0.372005,-0.343565,0.740182,0.735533,-0.402792,-0.406481,-0.118851,-0.13954,0.0392894,0.0457652
12.42,9.30763,9.1939,3.86865,3.97457,24.84,24.7926,2.46532,2.47703,-5.60462,-5.50419,2,1.97857,-0.062571,-0.0848164,-0.373152,-0.344269,0.740575,0.735899,-0.410897,-0.414004,-0.110567,-0.132172,0.0393119,0.0458136
12.43,9.33212,9.21853,3.8125,3.91929,24.86,24.8127,2.43233,2.4449,-5.62554,-5.52174,2,1.97896,-0.0667189,-0.0881883,-0.374215,-0.344931,0.740968,0.736265,-0.418636,-0.421187,-0.101974,-0.124465,0.0393327,0.0458618
12.44,9.35628,9.24286,3.75614,3.86387,24.88,24.8327,2.39897,2.4125,-5.64623,-5.53908,2,1.97939,-0.0709424,-0.0915928,-0.375191,-0.345548,0.741362,0.736632,-0.425999,-0.428017,-0.093086,-0.116429,0.0393519,0.0459099
12.45,9.3801,9.26689,3.69957,3.80829,24.9,24.8528,2.36522,2.3798,-5.66667,-5.55622,2,1.97985,-0.0752376,-0.0950275,-0.376076,-0.346118,0.741755,0.737,-0.432972,-0.434484,-0.0839146,-0.108079,0.0393694,0.0459576
12.46,9.40358,9.29062,3.6428,3.75255,24.92,24.873,2.3311,2.34683,-5.68684,-5.57315,2,1.98035,-0.0796005,-0.0984894,-0.376868,-0.34664,0.742149,0.737369,-0.439546,-0.440578,-0.0744732,-0.099426,0.0393853,0.0460051
12.47,9.42672,9.31405,3.58584,3.69665,24.94,24.8931,2.29661,2.31358,-5.70674,-5.58986,2,1.98089,-0.0840272,-0.101977,-0.377564,-0.347111,0.742543,0.737739,-0.445709,-0.446289,-0.0647753,-0.0904866,0.0393995,0.0460523
12.48,9.44951,9.33716,3.52867,3.64061,24.96,24.9133,2.26176,2.28007,-5.72635,-5.60635,2,1.98145,-0.0885133,-0.105485,-0.378163,-0.347529,0.742937,0.738111,-0.451452,-0.451608,-0.0548351,-0.0812758,0.0394121,0.0460991
12.49,9.47196,9.35997,3.47131,3.58441,24.98,24.9335,2.22654,2.24627,-5.74567,-5.62261,2,1.98205,-0.0930548,-0.109012,-0.37866,-0.347891,0.743331,0.738484,-0.456767,-0.456526,-0.0446668,-0.0718072,0.0394231,0.0461456
12.5,9.49404,9.38247,3.41376,3.52805,25,24.9537,2.19095,2.21221,-5.76467,-5.63864,2,1.98269,-0.0976472,-0.112556,-0.379055,-0.348197,0.743725,0.738859,-0.461644,-0.461032,-0.0342852,-0.0620977,0.0394325,0.0461915
12.51,9.51577,9.40465,3.35602,3.47153,25.02,24.974,2.15502,2.17787,-5.78335,-5.65443,2,1.98335,-0.102286,-0.116114,-0.379345,-0.348445,0.74412,0.739236,-0.466076,-0.465126,-0.0237056,-0.0521625,0.0394403,0.046237
12.52,9.53714,9.42651,3.29809,3.41486,25.04,24.9943,2.11873,2.14328,-5.80169,-5.66997,2,1.98405,-0.106967,-0.119682,-0.379529,-0.348633,0.744514,0.739616,-0.470056,-0.468796,-0.0129435,-0.0420181,0.0394464,0.0462818
12.53,9.55815,9.44805,3.23998,3.35804,25.06,25.0145,2.0821,2.10843,-5.81969,-5.68525,2,1.98477,-0.111686,-0.123257,-0.379604,-0.348758,0.744909,0.739997,-0.473578,-0.472035,-0.00201472,-0.0316825,0.039451,0.0463261
12.54,9.57878,9.46927,3.1817,3.30105,25.08,25.0348,2.04513,2.07332,-5.83734,-5.70028,2,1.98552,-0.116437,-0.126838,-0.379569,-0.348821,0.745303,0.740381,-0.476637,-0.474838,0.00906444,-0.0211713,0.039454,0.0463696
12.55,9.59905,9.49015,3.12324,3.24391,25.1,25.0552,2.00783,2.03796,-5.85461,-5.71505,2,1.9863,-0.121217,-0.130421,-0.379422,-0.348819,0.745698,0.740767,-0.479227,-0.477202,0.0202775,-0.0104998,0.0394553,0.0464125
12.56,9.61894,9.51071,3.06461,3.18663,25.12,25.0755,1.9702,2.00235,-5.87151,-5.72955,2,1.9871,-0.12602,-0.134003,-0.379163,-0.34875,0.746092,0.741156,-0.481346,-0.47912,0.0316076,0.000310019,0.0394551,0.0464544
12.57,9.63845,9.53093,3.00581,3.12919,25.14,25.0958,1.93226,1.96651,-5.88802,-5.74377,2,1.98793,-0.130842,-0.137581,-0.37879,-0.348614,0.746487,0.741548,-0.48299,-0.480589,0.0430377,0.0112425,0.0394534,0.0464955
12.58,9.65758,9.55081,2.94685,3.07159,25.16,25.1161,1.89401,1.93043,-5.90414,-5.75771,2,1.98878,-0.135678,-0.141153,-0.378302,-0.34841,0.746881,0.741942,-0.484156,-0.48161,0.0545505,0.0222821,0.03945,0.0465356
12.59,9.67633,9.57034,2.88773,3.01384,25.18,25.1365,1.85546,1.89412,-5.91984,-5.77137,2,1.98966,-0.140524,-0.144716,-0.377698,-0.348137,0.747276,0.74234,-0.484843,-0.482177,0.0661284,0.0334102,0.0394451,0.0465746
12.6,9.69469,9.58953,2.82845,2.95594,25.2,25.1568,1.81662,1.8576,-5.93514,-5.78473,2,1.99055,-0.145374,-0.148267,-0.376979,-0.347793,0.74767,0.74274,-0.48505,-0.482292,0.0777537,0.0446069,0.0394386,0.0466126
12.61,9.71266,9.60837,2.76903,2.8979,25.22,25.1771,1.7775,1.82085,-5.95,-5.7978,2,1.99147,-0.150223,-0.151802,-0.376143,-0.347378,0.748065,0.743144,-0.484778,-0.481952,0.0894086,0.0558547,0.0394306,0.0466492
12.62,9.73024,9.62685,2.70945,2.83971,25.24,25.1974,1.7381,1.7839,-5.96444,-5.81057,2,1.9924,-0.155068,-0.155321,-0.375191,-0.346892,0.748459,0.743551,-0.484027,-0.481158,0.101075,0.0671383,0.0394211,0.0466847
12.63,9.74742,9.64498,2.64974,2.78136,25.26,25.2177,1.69845,1.74674,-5.97843,-5.82304,2,1.99335,-0.159902,-0.15882,-0.374122,-0.346333,0.748853,0.743961,-0.482798,-0.479913,0.112735,0.0784394,0.03941,0.0467187
12.64,9.76421,9.66275,2.58989,2.72288,25.28,25.238,1.65854,1.70939,-5.99198,-5.83519,2,1.99431,-0.164722,-0.162296,-0.372936,-0.345702,0.749247,0.744375,-0.481094,-0.478218,0.12437,0.0897385,0.0393974,0.0467513
12.65,9.78059,9.68015,2.5299,2.66426,25.3,25.2583,1.61839,1.67185,-6.00507,-5.84703,2,1.99529,-0.169522,-0.165748,-0.371634,-0.344999,0.749641,0.744792,-0.478919,-0.476079,0.135962,0.101019,0.0393832,0.0467824
12.66,9.79658,9.69718,2.46979,2.6055,25.32,25.2786,1.57802,1.63413,-6.0177,-5.85855,2,1.99629,-0.174299,-0.169172,-0.370217,-0.344222,0.750035,0.745212,-0.476275,-0.473496,0.147493,0.112264,0.0393676,0.0468118
12.67,9.81215,9.71384,2.40955,2.54659,25.34,25.2988,1.53742,1.59623,-6.02986,-5.86975,2,1.99729,-0.179046,-0.172567,-0.368685,-0.343372,0.750428,0.745637,-0.473169,-0.470478,0.158944,0.123456,0.0393504,0.0468396
12.68,9.82732,9.73012,2.34919,2.48755,25.36,25.3191,1.49662,1.55817,-6.04155,-5.88062,2,1.9983,-0.183761,-0.175929,-0.367039,-0.342449,0.750822,0.746064,-0.469604,-0.467029,0.170298,0.134578,0.0393318,0.0468655
12.69,9.84208,9.74603,2.28872,2.42839,25.38,25.3393,1.45562,1.51995,-6.05276,-5.89117,2,1.99933,-0.188437,-0.179257,-0.365279,-0.341454,0.751215,0.746495,-0.465589,-0.463155,0.181537,0.145611,0.0393116,0.0468896
12.7,9.85644,9.76155,2.22814,2.36909,25.4,25.3595,1.41444,1.48158,-6.06348,-5.90139,2,2.00035,-0.193071,-0.18255,-0.363408,-0.340387,0.751608,0.746929,-0.461129,-0.458867,0.192642,0.156543,0.0392899,0.0469119
12.71,9.87037,9.77669,2.16745,2.30967,25.42,25.3796,1.37309,1.44306,-6.07372,-5.91127,2,2.00139,-0.197658,-0.185804,-0.361427,-0.339248,0.752001,0.747367,-0.456232,-0.45417,0.203596,0.167355,0.0392668,0.046932
12.72,9.8839,9.79144,2.10667,2.25012,25.44,25.3998,1.33158,1.40441,-6.08347,-5.92081,2,2.00242,-0.202194,-0.189018,-0.359337,-0.338038,0.752393,0.747807,-0.450907,-0.449076,0.214381,0.178032,0.0392422,0.0469499
12.73,9.897,9.8058,2.04578,2.19046,25.46,25.4199,1.28993,1.36564,-6.09272,-5.93002,2,2.00346,-0.206675,-0.192189,-0.35714,-0.336758,0.752786,0.748252,-0.445162,-0.443597,0.224981,0.188556,0.0392161,0.0469658
12.74,9.90969,9.81977,1.98481,2.13067,25.48,25.44,1.24814,1.32675,-6.10148,-5.93889,2,2.0045,-0.211096,-0.195317,-0.354838,-0.335409,0.753178,0.748699,-0.439009,-0.437742,0.235377,0.198916,0.0391886,0.0469794
12.75,9.92197,9.83334,1.92376,2.07077,25.5,25.46,1.20623,1.28774,-6.10973,-5.94742,2,2.00554,-0.215454,-0.1984,-0.352433,-0.333992,0.753569,0.74915,-0.432457,-0.431524,0.245555,0.209094,0.0391596,0.0469906
12.76,9.93382,9.84651,1.86262,2.01076,25.52,25.4801,1.16422,1.24863,-6.11749,-5.95561,2,2.00657,-0.219744,-0.201436,-0.349928,-0.332507,0.753961,0.749603,-0.425517,-0.424954,0.255496,0.219077,0.0391292,0.0469995
12.77,9.94525,9.85929,1.80141,1.95065,25.54,25.5001,1.12211,1.20942,-6.12474,-5.96346,2,2.0076,-0.223963,-0.204424,-0.347324,-0.330957,0.754352,0.75006,-0.418202,-0.41805,0.265187,0.228851,0.0390973,0.0470059
12.78,9.95626,9.87167,1.74013,1.89044,25.56,25.5201,1.07992,1.17014,-6.13149,-5.97096,2,2.00863,-0.228107,-0.207362,-0.344625,-0.329343,0.754743,0.750519,-0.410524,-0.410825,0.27461,0.2384,0.039064,0.0470098
12.79,9.96685,9.88364,1.67878,1.83012,25.58,25.54,1.03766,1.13077,-6.13774,-5.97812,2,2.00964,-0.232172,-0.210249,-0.341833,-0.327667,0.755133,0.750981,-0.402495,-0.40329,0.283752,0.247715,0.0390292,0.047011
12.8,9.97701,9.89521,1.61737,1.76971,25.6,25.56,0.995342,1.09133,-6.14348,-5.98494,2,2.01065,-0.236155,-0.213084,-0.338951,-0.325928,0.755523,0.751445,-0.39413,-0.395467,0.292598,0.25678,0.0389931,0.0470096
12.81,9.98676,9.90637,1.55591,1.70921,25.62,25.5799,0.952984,1.05183,-6.14873,-5.99142,2,2.01164,-0.240054,-0.215866,-0.335982,-0.324131,0.755913,0.751912,-0.385442,-0.38737,0.301133,0.265586,0.0389555,0.0470055
12.82,9.99607,9.91713,1.4944,1.64863,25.64,25.5998,0.910596,1.01227,-6.15347,-5.99755,2,2.01263,-0.243863,-0.218594,-0.332929,-0.322276,0.756303,0.752381,-0.376447,-0.379015,0.309346,0.274117,0.0389165,0.0469984
12.83,10.005,9.92748,1.43284,1.58797,25.66,25.6197,0.868191,0.97267,-6.15771,-6.00335,2,2.0136,-0.247582,-0.221267,-0.329796,-0.320365,0.756691,0.752852,-0.367158,-0.37042,0.317222,0.282367,0.0388762,0.0469887
12.84,10.0134,9.93743,1.37125,1.52723,25.68,25.6395,0.825782,0.933029,-6.16146,-6.00881,2,2.01455,-0.251206,-0.223884,-0.326586,-0.3184,0.75708,0.753325,-0.357593,-0.361602,0.324751,0.290322,0.0388344,0.046976
12.85,10.0215,9.94696,1.30962,1.46641,25.7,25.6593,0.783382,0.893356,-6.16472,-6.01394,2,2.01548,-0.254733,-0.226445,-0.323302,-0.316383,0.757468,0.753799,-0.347767,-0.352584,0.33192,0.297974,0.0387912,0.0469603
12.86,10.0291,9.95609,1.24796,1.40553,25.72,25.6792,0.741003,0.853665,-6.16748,-6.01873,2,2.0164,-0.25816,-0.228949,-0.319949,-0.314317,0.757856,0.754275,-0.337696,-0.343379,0.338719,0.305311,0.0387467,0.0469417
12.87,10.0363,9.96481,1.18627,1.34459,25.74,25.699,0.698656,0.813954,-6.16976,-6.02318,2,2.01729,-0.261486,-0.231396,-0.316529,-0.312204,0.758243,0.754753,-0.327397,-0.334007,0.345139,0.312326,0.0387008,0.0469201
12.88,10.0431,9.97312,1.12456,1.28359,25.76,25.7187,0.656355,0.77424,-6.17156,-6.02732,2,2.01817,-0.264707,-0.233786,-0.313047,-0.310044,0.75863,0.755231,-0.316887,-0.324489,0.351169,0.319011,0.0386536,0.0468953
12.89,10.0494,9.98102,1.06284,1.22253,25.78,25.7385,0.614112,0.734523,-6.17288,-6.03112,2,2.01902,-0.267823,-0.236117,-0.309507,-0.307842,0.759016,0.755711,-0.306184,-0.31484,0.356802,0.325357,0.038605,0.0468675
12.9,10.0554,9.98852,1.00111,1.16144,25.8,25.7583,0.571938,0.694818,-6.17373,-6.0346,2,2.01984,-0.27083,-0.238389,-0.305912,-0.305599,0.759402,0.756191,-0.295305,-0.305083,0.36203,0.331356,0.038555,0.0468365
12.91,10.0609,9.9956,0.939367,1.10029,25.82,25.778,0.529844,0.655124,-6.17411,-6.03776,2,2.02064,-0.273728,-0.240604,-0.302268,-0.303318,0.759787,0.756672,-0.284268,-0.295235,0.366845,0.337005,0.0385037,0.0468025
12.92,10.066,10.0023,0.877626,1.03912,25.84,25.7978,0.487842,0.615455,-6.17404,-6.0406,2,2.02141,-0.276515,-0.24276,-0.298577,-0.301,0.760172,0.757153,-0.273091,-0.285317,0.371243,0.342296,0.0384511,0.0467652
12.93,10.0706,10.0086,0.815887,0.977905,25.86,25.8175,0.445944,0.575813,-6.17351,-6.04313,2,2.02216,-0.27919,-0.244857,-0.294844,-0.298648,0.760556,0.757634,-0.261792,-0.275347,0.375217,0.347223,0.0383971,0.0467246
12.94,10.0749,10.0144,0.754157,0.916671,25.88,25.8372,0.404159,0.536212,-6.17253,-6.04534,2,2.02287,-0.281751,-0.246896,-0.291074,-0.296265,0.76094,0.758116,-0.25039,-0.265344,0.378763,0.351781,0.0383419,0.0466809
12.95,10.0787,10.0199,0.692438,0.855413,25.9,25.8569,0.362498,0.496653,-6.17111,-6.04726,2,2.02355,-0.284197,-0.248877,-0.287271,-0.293853,0.761323,0.758597,-0.238903,-0.255327,0.381877,0.355968,0.0382853,0.0466339
12.96,10.0821,10.025,0.630736,0.79414,25.92,25.8767,0.320972,0.457143,-6.16926,-6.04887,2,2.0242,-0.286529,-0.2508,-0.283438,-0.291414,0.761706,0.759077,-0.22735,-0.245315,0.384557,0.359778,0.0382274,0.0465837
12.97,10.0851,10.0296,0.569055,0.732853,25.94,25.8964,0.279591,0.417688,-6.16698,-6.05018,2,2.02482,-0.288744,-0.252665,-0.279581,-0.28895,0.762088,0.759558,-0.215748,-0.235324,0.386801,0.36321,0.0381682,0.0465303
12.98,10.0877,10.0339,0.507398,0.671568,25.96,25.9161,0.238363,0.3783,-6.16429,-6.05119,2,2.0254,-0.290844,-0.254473,-0.275703,-0.286464,0.762469,0.760037,-0.204117,-0.225373,0.388607,0.36626,0.0381077,0.0464736
12.99,10.0899,10.0377,0.44577,0.610277,25.98,25.9359,0.197298,0.338978,-6.16119,-6.05192,2,2.02595,-0.292826,-0.256224,-0.27181,-0.283958,0.76285,0.760516,-0.192475,-0.21548,0.389976,0.36893,0.038046,0.0464137
13,10.0917,10.0412,0.384176,0.54899,26,25.9556,0.156406,0.299731,-6.15769,-6.05236,2,2.02646,-0.294693,-0.257918,-0.267905,-0.281434,0.76323,0.760993,-0.18084,-0.205659,0.390907,0.371214,0.037983,0.0463506
13.01,10.093,10.0443,0.322618,0.487714,26.02,25.9754,0.115694,0.260563,-6.1538,-6.05252,2,2.02694,-0.296443,-0.259557,-0.263993,-0.278894,0.763609,0.761469,-0.169231,-0.195929,0.391402,0.373116,0.0379187,0.0462842
13.02,10.094,10.0469,0.261101,0.426449,26.04,25.9951,0.0751707,0.221482,-6.14952,-6.05241,2,2.02738,-0.298078,-0.261141,-0.260079,-0.276341,0.763988,0.761944,-0.157665,-0.186306,0.391464,0.374632,0.0378532,0.0462146
13.03,10.0945,10.0492,0.199629,0.365218,26.06,26.0149,0.034844,0.182499,-6.14488,-6.05202,2,2.02778,-0.299597,-0.26267,-0.256166,-0.273776,0.764367,0.762417,-0.14616,-0.176805,0.391094,0.375766,0.0377864,0.0461418
13.04,10.0947,10.0511,0.138205,0.304,26.08,26.0347,-0.00527878,0.143608,-6.13987,-6.05136,2,2.02814,-0.301001,-0.264145,-0.252258,-0.271202,0.764744,0.762889,-0.134734,-0.167439,0.390297,0.376518,0.0377183,0.0460659
13.05,10.0944,10.0526,0.0768325,0.242816,26.1,26.0545,-0.0451906,0.104821,-6.13451,-6.05044,2,2.02846,-0.302292,-0.265567,-0.248361,-0.268621,0.765121,0.763359,-0.123405,-0.158224,0.389077,0.37689,0.0376491,0.0459867
13.06,10.0938,10.0537,0.0155156,0.181664,26.12,26.0743,-0.0848849,0.0661395,-6.1288,-6.04926,2,2.02875,-0.30347,-0.266937,-0.244478,-0.266035,0.765497,0.763827,-0.11219,-0.149173,0.38744,0.376885,0.0375786,0.0459046
13.07,10.0927,10.0545,-0.0457425,0.120555,26.14,26.0941,-0.124355,0.0275709,-6.12277,-6.04782,2,2.02899,-0.304536,-0.268255,-0.240614,-0.263445,0.765872,0.764293,-0.101105,-0.140302,0.38539,0.376506,0.0375069,0.0458193
13.08,10.0913,10.0548,-0.106939,0.0594867,26.16,26.114,-0.163596,-0.0108831,-6.11641,-6.04614,2,2.0292,-0.305492,-0.269523,-0.236772,-0.260854,0.766247,0.764756,-0.0901665,-0.131618,0.382936,0.375756,0.0374339,0.045731
13.09,10.0895,10.0548,-0.16807,-0.00153838,26.18,26.1338,-0.202602,-0.0492188,-6.10974,-6.04421,2,2.02937,-0.30634,-0.270742,-0.232956,-0.258262,0.766621,0.765218,-0.0793916,-0.123136,0.380083,0.374639,0.0373598,0.0456397
13.1,10.0872,10.0544,-0.229132,-0.0625025,26.2,26.1537,-0.241368,-0.0874281,-6.10277,-6.04204,2,2.02949,-0.307081,-0.271912,-0.229171,-0.255673,0.766994,0.765677,-0.0687958,-0.114867,0.376841,0.373161,0.0372845,0.0455454
13.11,10.0846,10.0536,-0.290124,-0.123409,26.22,26.1736,-0.27989,-0.125509,-6.09551,-6.03963,2,2.02958,-0.307717,-0.273034,-0.225421,-0.253088,0.767367,0.766134,-0.0583944,-0.106821,0.373218,0.371327,0.037208,0.0454482
13.12,10.0816,10.0524,-0.351042,-0.184265,26.24,26.1935,-0.318163,-0.163463,-6.08796,-6.03698,2,2.02962,-0.308249,-0.27411,-0.221708,-0.250507,0.767738,0.766588,-0.0482024,-0.0990077,0.369222,0.369139,0.0371303,0.0453481
13.13,10.0783,10.0509,-0.411882,-0.245056,26.26,26.2135,-0.356183,-0.201284,-6.08015,-6.03411,2,2.02963,-0.308681,-0.27514,-0.218037,-0.247933,0.768109,0.767039,-0.0382342,-0.0914377,0.364864,0.366608,0.0370514,0.0452452
13.14,10.0745,10.049,-0.472644,-0.305782,26.28,26.2334,-0.393948,-0.238968,-6.07208,-6.03102,2,2.02959,-0.309015,-0.276127,-0.214412,-0.245367,0.76848,0.767488,-0.0285041,-0.0841142,0.360155,0.36374,0.0369714,0.0451395
13.15,10.0704,10.0467,-0.533323,-0.366428,26.3,26.2534,-0.431454,-0.276508,-6.06376,-6.02771,2,2.02952,-0.309252,-0.27707,-0.210836,-0.242811,0.768849,0.767934,-0.0190254,-0.0770528,0.355104,0.360539,0.0368902,0.0450311
13.16,10.0659,10.044,-0.593918,-0.42701,26.32,26.2734,-0.468699,-0.313914,-6.05521,-6.02417,2,2.0294,-0.309396,-0.277972,-0.207311,-0.240266,0.769217,0.768378,-0.00981135,-0.0702567,0.349725,0.357015,0.0368079,0.04492
13.17,10.061,10.041,-0.654427,-0.487513,26.34,26.2934,-0.505681,-0.351174,-6.04642,-6.02043,2,2.02925,-0.309449,-0.278832,-0.203842,-0.237732,0.769585,0.768818,-0.000874411,-0.0637293,0.344028,0.353177,0.0367244,0.0448064
13.18,10.0558,10.0377,-0.714846,-0.547943,26.36,26.3135,-0.542399,-0.388291,-6.03743,-6.01648,2,2.02906,-0.309415,-0.279654,-0.200432,-0.235213,0.769952,0.769256,0.00777342,-0.0574819,0.338026,0.349031,0.0366398,0.04469
13.19,10.0502,10.0339,-0.775174,-0.608283,26.38,26.3336,-0.578851,-0.425258,-6.02822,-6.01232,2,2.02883,-0.309295,-0.280437,-0.197083,-0.232708,0.770318,0.76969,0.0161207,-0.0515171,0.331732,0.344586,0.0365541,0.0445713
13.2,10.0442,10.0298,-0.83541,-0.668549,26.4,26.3536,-0.615036,-0.462081,-6.01883,-6.00797,2,2.02856,-0.309093,-0.281184,-0.193798,-0.230218,0.770683,0.770122,0.0241566,-0.0458398,0.325159,0.339854,0.0364673,0.0444501
13.21,10.0379,10.0254,-0.89555,-0.728727,26.42,26.3737,-0.650954,-0.498756,-6.00925,-6.00341,2,2.02826,-0.308813,-0.281895,-0.19058,-0.227744,0.771047,0.770551,0.0318708,-0.0404533,0.318322,0.334843,0.0363793,0.0443266
13.22,10.0312,10.0205,-0.955594,-0.788821,26.44,26.3939,-0.686606,-0.535281,-5.99949,-5.99866,2,2.02792,-0.308457,-0.282572,-0.187432,-0.225289,0.77141,0.770977,0.0392537,-0.0353603,0.311233,0.329559,0.0362903,0.0442007
13.23,10.0241,10.0154,-1.01554,-0.848819,26.46,26.414,-0.721991,-0.571653,-5.98957,-5.99373,2,2.02754,-0.308029,-0.283217,-0.184356,-0.222851,0.771773,0.7714,0.0462962,-0.0305679,0.303908,0.324019,0.0362001,0.0440726
13.24,10.0167,10.0099,-1.07539,-0.908732,26.48,26.4342,-0.757111,-0.607879,-5.9795,-5.9886,2,2.02713,-0.307532,-0.28383,-0.181355,-0.220433,0.772134,0.77182,0.0529898,-0.0260742,0.296362,0.318229,0.0361089,0.0439424
13.25,10.009,10.004,-1.13513,-0.968557,26.5,26.4544,-0.791966,-0.643955,-5.96929,-5.98329,2,2.02668,-0.30697,-0.284413,-0.17843,-0.218035,0.772495,0.772237,0.0593267,-0.0218822,0.288608,0.312203,0.0360166,0.0438099
13.26,10.0009,9.99775,-1.19477,-1.02829,26.52,26.4746,-0.826559,-0.679884,-5.95894,-5.9778,2,2.0262,-0.306347,-0.284968,-0.175583,-0.215658,0.772855,0.772651,0.0652998,-0.0179931,0.280663,0.305949,0.0359232,0.0436755
13.27,9.99247,9.99118,-1.25431,-1.08793,26.54,26.4948,-0.860891,-0.715662,-5.94847,-5.97213,2,2.02568,-0.305666,-0.285496,-0.172817,-0.213301,0.773214,0.773061,0.0709026,-0.0144067,0.272541,0.29948,0.0358287,0.0435392
13.28,9.98369,9.98425,-1.31374,-1.14747,26.56,26.515,-0.894966,-0.751289,-5.93789,-5.96629,2,2.02513,-0.30493,-0.285998,-0.170133,-0.210968,0.773571,0.773469,0.0761291,-0.0111251,0.26426,0.292809,0.0357332,0.0434008
13.29,9.97457,9.97698,-1.37306,-1.20693,26.58,26.5353,-0.928785,-0.786773,-5.9272,-5.96027,2,2.02456,-0.304144,-0.286476,-0.167532,-0.208656,0.773928,0.773874,0.0809742,-0.0081451,0.255833,0.285947,0.0356367,0.0432607
13.3,9.96511,9.96937,-1.43228,-1.26629,26.6,26.5556,-0.962352,-0.822113,-5.91641,-5.95408,2,2.02395,-0.303312,-0.286931,-0.165017,-0.206367,0.774284,0.774276,0.0854332,-0.00546838,0.247278,0.278905,0.0355391,0.0431189
13.31,9.95532,9.9614,-1.49139,-1.32556,26.62,26.5758,-0.995671,-0.857309,-5.90554,-5.94773,2,2.02331,-0.302437,-0.287365,-0.162587,-0.204102,0.774639,0.774674,0.0895023,-0.00309337,0.238611,0.271698,0.0354405,0.0429752
13.32,9.9452,9.9531,-1.55039,-1.38474,26.64,26.5961,-1.02874,-0.89236,-5.89459,-5.94121,2,2.02264,-0.301523,-0.28778,-0.160245,-0.201861,0.774993,0.77507,0.0931783,-0.00101627,0.229848,0.264336,0.0353409,0.0428299
13.33,9.93475,9.94445,-1.60928,-1.44383,26.66,26.6165,-1.06158,-0.927273,-5.88357,-5.93453,2,2.02195,-0.300575,-0.288176,-0.157991,-0.199643,0.775346,0.775462,0.0964585,0.000762694,0.221004,0.256834,0.0352403,0.0426832
13.34,9.92397,9.93546,-1.66806,-1.50282,26.68,26.6368,-1.09418,-0.96205,-5.87249,-5.92768,2,2.02122,-0.299595,-0.288556,-0.155825,-0.197451,0.775698,0.775852,0.0993412,0.00224673,0.212097,0.249203,0.0351386,0.0425349
13.35,9.91287,9.92612,-1.72673,-1.56173,26.7,26.6571,-1.12654,-0.996691,-5.86136,-5.92068,2,2.02048,-0.298589,-0.288921,-0.153749,-0.195283,0.776049,0.776239,0.101825,0.00343906,0.203143,0.241456,0.035036,0.0423852
13.36,9.90144,9.91645,-1.78529,-1.62055,26.72,26.6775,-1.15868,-1.0312,-5.85018,-5.91352,2,2.01971,-0.29756,-0.289271,-0.151762,-0.19314,0.776398,0.776622,0.103909,0.00434374,0.194157,0.233609,0.0349323,0.0422341
13.37,9.88969,9.90644,-1.84374,-1.67927,26.74,26.6978,-1.1906,-1.06557,-5.83896,-5.9062,2,2.01891,-0.296512,-0.28961,-0.149866,-0.191022,0.776747,0.777003,0.105595,0.00496315,0.185158,0.225675,0.0348277,0.0420817
13.38,9.87763,9.89609,-1.90207,-1.73791,26.76,26.7182,-1.22231,-1.09982,-5.82771,-5.89874,2,2.01809,-0.29545,-0.289938,-0.148059,-0.18893,0.777095,0.777381,0.106881,0.00530457,0.176159,0.217666,0.0347221,0.0419281
13.39,9.86525,9.8854,-1.96029,-1.79647,26.78,26.7385,-1.2538,-1.13394,-5.81644,-5.89111,2,2.01725,-0.294376,-0.290257,-0.146342,-0.186863,0.777442,0.777755,0.107771,0.00536703,0.167179,0.209595,0.0346156,0.0417734
13.4,9.85255,9.87438,-2.0184,-1.85493,26.8,26.7589,-1.2851,-1.16794,-5.80515,-5.88334,2,2.01639,-0.293295,-0.290569,-0.144715,-0.184822,0.777787,0.778127,0.108266,0.00516021,0.158233,0.201478,0.0345081,0.0416176
13.41,9.83955,9.86301,-2.07639,-1.91332,26.82,26.7793,-1.3162,-1.20183,-5.79384,-5.87542,2,2.01551,-0.292212,-0.290874,-0.143178,-0.182805,0.778132,0.778496,0.108368,0.00468623,0.149338,0.193327,0.0343996,0.0414608
13.42,9.82623,9.85131,-2.13428,-1.97162,26.84,26.7997,-1.3471,-1.2356,-5.78253,-5.86735,2,2.01462,-0.291129,-0.291174,-0.141728,-0.180815,0.778475,0.778862,0.108081,0.00395166,0.140508,0.185157,0.0342902,0.0413029
13.43,9.81261,9.83927,-2.19205,-2.02985,26.86,26.82,-1.37783,-1.26925,-5.77122,-5.85914,2,2.0137,-0.290052,-0.291471,-0.140367,-0.17885,0.778818,0.779224,0.10741,0.00296234,0.131759,0.176983,0.0341799,0.0411442
13.44,9.79867,9.8269,-2.2497,-2.08798,26.88,26.8404,-1.40838,-1.3028,-5.75992,-5.85078,2,2.01277,-0.288982,-0.291767,-0.139093,-0.176911,0.779159,0.779584,0.106358,0.00172507,0.123108,0.168817,0.0340687,0.0409848
13.45,9.78444,9.81419,-2.30724,-2.14605,26.9,26.8608,-1.43876,-1.33624,-5.74862,-5.84227,2,2.01183,-0.287926,-0.292062,-0.137905,-0.174996,0.779499,0.779941,0.104931,0.000242822,0.114569,0.160673,0.0339565,0.0408245
13.46,9.7699,9.80114,-2.36467,-2.20404,26.92,26.8812,-1.46899,-1.36959,-5.73733,-5.83362,2,2.01087,-0.286885,-0.292358,-0.136801,-0.173107,0.779838,0.780295,0.103135,-0.00147475,0.106158,0.152565,0.0338434,0.0406635
13.47,9.75506,9.78776,-2.42199,-2.26195,26.94,26.9015,-1.49906,-1.40283,-5.72607,-5.82483,2,2.0099,-0.285864,-0.292656,-0.135781,-0.171243,0.780176,0.780646,0.100977,-0.00342203,0.0978887,0.144509,0.0337294,0.0405019
13.48,9.73992,9.77404,-2.47919,-2.31979,26.96,26.9219,-1.52898,-1.43598,-5.71482,-5.8159,2,2.00892,-0.284867,-0.292959,-0.134843,-0.169404,0.780513,0.780994,0.0984622,-0.00559128,0.0897765,0.136518,0.0336146,0.0403397
13.49,9.72448,9.75999,-2.53629,-2.37755,26.98,26.9423,-1.55877,-1.46904,-5.7036,-5.80683,2,2.00793,-0.283896,-0.293266,-0.133985,-0.16759,0.780848,0.781339,0.0955996,-0.0079763,0.0818354,0.128605,0.0334988,0.0401771
13.5,9.70874,9.74561,-2.59327,-2.43525,27,26.9626,-1.58843,-1.50201,-5.6924,-5.79761,2,2.00693,-0.282956,-0.293581,-0.133205,-0.1658,0.781183,0.781682,0.092397,-0.0105707,0.0740794,0.120786,0.0333822,0.0400139
13.51,9.69271,9.73089,-2.65014,-2.49288,27.02,26.983,-1.61797,-1.53491,-5.68124,-5.78826,2,2.00593,-0.282049,-0.293903,-0.132503,-0.164034,0.781516,0.782021,0.088863,-0.0133625,0.0665221,0.113073,0.0332647,0.0398503
13.52,9.67638,9.71583,-2.70689,-2.55043,27.04,27.0033,-1.64739,-1.56772,-5.67011,-5.77877,2,2.00491,-0.28118,-0.294234,-0.131874,-0.162291,0.781848,0.782357,0.085007,-0.0163483,0.0591768,0.10548,0.0331464,0.0396865
13.53,9.65976,9.70044,-2.76354,-2.60791,27.06,27.0237,-1.67671,-1.60045,-5.65901,-5.76914,2,2.0039,-0.28035,-0.294576,-0.131318,-0.160573,0.782179,0.78269,0.0808386,-0.0195211,0.0520563,0.0980203,0.0330272,0.0395223
13.54,9.64285,9.68472,-2.82007,-2.66533,27.08,27.044,-1.70594,-1.63312,-5.64795,-5.75937,2,2.00288,-0.279564,-0.29493,-0.130832,-0.158877,0.782508,0.783021,0.0763681,-0.022867,0.0451733,0.0907099,0.0329071,0.0393579
13.55,9.62565,9.66866,-2.8765,-2.72268,27.1,27.0643,-1.73508,-1.66571,-5.63693,-5.74947,2,2.00185,-0.278824,-0.295296,-0.130414,-0.157205,0.782837,0.783348,0.0716061,-0.0263827,0.0385398,0.0835583,0.0327862,0.0391933
13.56,9.60815,9.65227,-2.93281,-2.77996,27.12,27.0846,-1.76414,-1.69824,-5.62594,-5.73943,2,2.00083,-0.278133,-0.295676,-0.130061,-0.155554,0.783164,0.783673,0.0665639,-0.0300585,0.0321676,0.0765828,0.0326645,0.0390286
13.57,9.59036,9.63554,-2.98902,-2.83717,27.14,27.1049,-1.79313,-1.7307,-5.61499,-5.72925,2,1.99981,-0.277493,-0.296072,-0.12977,-0.153926,0.78349,0.783994,0.061253,-0.0338837,0.0260679,0.0697938,0.032542,0.0388639
13.58,9.57229,9.61848,-3.04511,-2.89432,27.16,27.1251,-1.82206,-1.76311,-5.60408,-5.71894,2,1.99878,-0.276909,-0.296483,-0.129538,-0.152319,0.783815,0.784312,0.0556854,-0.037853,0.0202516,0.0632037,0.0324187,0.0386991
13.59,9.55392,9.60109,-3.1011,-2.95139,27.18,27.1454,-1.85094,-1.79546,-5.59321,-5.70849,2,1.99776,-0.276381,-0.296912,-0.129364,-0.150733,0.784139,0.784628,0.0498736,-0.0419538,0.014729,0.0568291,0.0322946,0.0385344
13.6,9.53527,9.58336,-3.15698,-3.00841,27.2,27.1656,-1.87977,-1.82776,-5.58238,-5.69791,2,1.99674,-0.275912,-0.29736,-0.129243,-0.149168,0.784461,0.78494,0.0438304,-0.04618,0.00951016,0.0506781,0.0321696,0.0383697
13.61,9.51633,9.56531,-3.21275,-3.06535,27.22,27.1858,-1.90856,-1.86001,-5.57158,-5.68719,2,1.99573,-0.275505,-0.297826,-0.129173,-0.147623,0.784782,0.78525,0.037569,-0.0505211,0.00460434,0.044764,0.0320439,0.0382052
13.62,9.4971,9.54692,-3.26841,-3.12222,27.24,27.206,-1.93733,-1.89221,-5.56081,-5.67634,2,1.99473,-0.275161,-0.298313,-0.12915,-0.146098,0.785102,0.785556,0.0311029,-0.054968,2.049e-05,0.0390995,0.0319174,0.0380407
13.63,9.47758,9.52819,-3.32396,-3.17902,27.26,27.2262,-1.96607,-1.92437,-5.55008,-5.66536,2,1.99373,-0.274883,-0.29882,-0.129171,-0.144591,0.78542,0.78586,0.024446,-0.0595108,-0.00423301,0.0336956,0.0317902,0.0378766
13.64,9.45778,9.50914,-3.37941,-3.23575,27.28,27.2463,-1.9948,-1.95648,-5.53938,-5.65424,2,1.99274,-0.274673,-0.29935,-0.129233,-0.143103,0.785738,0.78616,0.0176122,-0.0641429,-0.0081483,0.0285629,0.0316621,0.0377127
13.65,9.43768,9.48975,-3.43475,-3.29241,27.3,27.2664,-2.02353,-1.98855,-5.52871,-5.64299,2,1.99176,-0.274532,-0.299902,-0.129333,-0.141633,0.786053,0.786458,0.0106162,-0.0688536,-0.0117181,0.0237141,0.0315334,0.037549
13.66,9.41731,9.47004,-3.48998,-3.34899,27.32,27.2865,-2.05227,-2.02059,-5.51806,-5.6316,2,1.99079,-0.274461,-0.300477,-0.129466,-0.140179,0.786368,0.786752,0.00347242,-0.0736313,-0.0149356,0.0191583,0.0314038,0.0373858
13.67,9.39664,9.44999,-3.54511,-3.4055,27.34,27.3066,-2.08101,-2.05259,-5.50743,-5.62008,2,1.98983,-0.274463,-0.301076,-0.12963,-0.138743,0.786682,0.787043,-0.00380414,-0.0784698,-0.0177946,0.0149069,0.0312736,0.0372229
13.68,9.37569,9.42961,-3.60013,-3.46193,27.36,27.3266,-2.10978,-2.08456,-5.49682,-5.60843,2,1.98889,-0.274537,-0.3017,-0.129821,-0.137322,0.786994,0.787332,-0.0111984,-0.0833564,-0.0202895,0.0109685,0.0311426,0.0370602
13.69,9.35444,9.4089,-3.65505,-3.51827,27.38,27.3467,-2.13857,-2.11649,-5.48623,-5.59664,2,1.98796,-0.274687,-0.302348,-0.130035,-0.135916,0.787304,0.787618,-0.0186952,-0.0882818,-0.0224152,0.0073507,0.0310109,0.0368981
13.7,9.33291,9.38787,-3.70986,-3.57454,27.4,27.3667,-2.16739,-2.1484,-5.47564,-5.58472,2,1.98704,-0.274912,-0.303022,-0.130268,-0.134525,0.787614,0.7879,-0.026279,-0.0932405,-0.0241674,0.00406499,0.0308785,0.0367364
13.71,9.3111,9.36651,-3.76456,-3.63072,27.42,27.3866,-2.19626,-2.18027,-5.46506,-5.57267,2,1.98615,-0.275213,-0.303722,-0.130517,-0.133148,0.787922,0.78818,-0.0339344,-0.0982184,-0.0255421,0.00111903,0.0307454,0.0365753
13.72,9.28899,9.34482,-3.81916,-3.68681,27.44,27.4065,-2.22517,-2.21212,-5.45449,-5.56048,2,1.98527,-0.275591,-0.304448,-0.130778,-0.131783,0.788229,0.788457,-0.0416458,-0.10321,-0.026536,-0.00148015,0.0306116,0.0364146
13.73,9.26659,9.3228,-3.87365,-3.74281,27.46,27.4265,-2.25414,-2.24394,-5.4439,-5.54816,2,1.9844,-0.276046,-0.3052,-0.131046,-0.130431,0.788534,0.788731,-0.0493973,-0.108199,-0.0271467,-0.00372423,0.030477,0.0362544
13.74,9.24391,9.30046,-3.92804,-3.79871,27.48,27.4463,-2.28316,-2.27573,-5.43331,-5.5357,2,1.98356,-0.276579,-0.305979,-0.131319,-0.12909,0.788838,0.789002,-0.0571732,-0.113185,-0.0273719,-0.00560825,0.0303419,0.0360948
13.75,9.22093,9.27779,-3.98232,-3.85453,27.5,27.4662,-2.31226,-2.3075,-5.4227,-5.52311,2,1.98274,-0.277189,-0.306785,-0.131593,-0.127759,0.789141,0.78927,-0.0649579,-0.118151,-0.0272105,-0.00712468,0.030206,0.0359357
13.76,9.19766,9.2548,-4.03649,-3.91024,27.52,27.486,-2.34142,-2.33925,-5.41207,-5.51038,2,1.98194,-0.277878,-0.307618,-0.131862,-0.126438,0.789442,0.789535,-0.0727355,-0.123092,-0.0266615,-0.00827082,0.0300695,0.0357772
13.77,9.1741,9.23148,-4.09056,-3.96584,27.54,27.5058,-2.37067,-2.37097,-5.40142,-5.49752,2,1.98116,-0.278644,-0.308477,-0.132125,-0.125126,0.789742,0.789797,-0.0804902,-0.127998,-0.0257248,-0.00903742,0.0299323,0.0356192
13.78,9.15025,9.20785,-4.14452,-4.02133,27.56,27.5255,-2.4,-2.40266,-5.39072,-5.48453,2,1.98041,-0.279487,-0.309364,-0.132375,-0.123822,0.790041,0.790057,-0.0882064,-0.132857,-0.0244011,-0.00942494,0.0297945,0.035462
13.79,9.1261,9.18389,-4.19837,-4.07671,27.58,27.5452,-2.42941,-2.43434,-5.37999,-5.47139,2,1.97968,-0.280408,-0.310277,-0.132611,-0.122524,0.790338,0.790314,-0.0958685,-0.137662,-0.0226913,-0.00942521,0.029656,0.0353053
13.8,9.10166,9.15961,-4.25212,-4.13199,27.6,27.5649,-2.45892,-2.46599,-5.36921,-5.45812,2,1.97897,-0.281405,-0.311216,-0.132828,-0.121232,0.790634,0.790568,-0.103461,-0.142404,-0.0205973,-0.00903989,0.0295169,0.0351491
13.81,9.07692,9.13501,-4.30576,-4.18713,27.62,27.5846,-2.48852,-2.49761,-5.35837,-5.44471,2,1.97829,-0.282477,-0.312181,-0.133022,-0.119946,0.790929,0.79082,-0.110969,-0.147074,-0.0181216,-0.0082631,0.0293772,0.0349936
13.82,9.05189,9.11009,-4.35928,-4.24216,27.64,27.6042,-2.51823,-2.52922,-5.34747,-5.43116,2,1.97764,-0.283624,-0.313172,-0.133189,-0.118663,0.791222,0.79107,-0.118376,-0.151662,-0.0152672,-0.0070978,0.0292369,0.0348387
13.83,9.02656,9.08485,-4.4127,-4.29706,27.66,27.6239,-2.54804,-2.5608,-5.33651,-5.41747,2,1.97701,-0.284844,-0.314189,-0.133326,-0.117383,0.791513,0.791316,-0.125668,-0.15616,-0.0120378,-0.00554003,0.029096,0.0346844
13.84,9.00093,9.0593,-4.46601,-4.35182,27.68,27.6434,-2.57796,-2.59235,-5.32546,-5.40363,2,1.97642,-0.286136,-0.31523,-0.133429,-0.116105,0.791804,0.791561,-0.13283,-0.160561,-0.00843788,-0.00359093,0.0289544,0.0345306
13.85,8.975,9.03343,-4.51921,-4.40645,27.7,27.663,-2.60799,-2.62388,-5.31433,-5.38966,2,1.97585,-0.2875,-0.316295,-0.133494,-0.114828,0.792092,0.791803,-0.139848,-0.164855,-0.00447231,-0.00125249,0.0288123,0.0343774
13.86,8.94877,9.00725,-4.5723,-4.46094,27.72,27.6825,-2.63813,-2.65538,-5.3031,-5.37554,2,1.97531,-0.288933,-0.317384,-0.133517,-0.113551,0.79238,0.792043,-0.146707,-0.169033,-0.000146782,0.00147493,0.0286696,0.0342248
13.87,8.92223,8.98074,-4.62528,-4.51528,27.74,27.702,-2.66839,-2.68686,-5.29177,-5.36127,2,1.9748,-0.290434,-0.318495,-0.133495,-0.112272,0.792666,0.792281,-0.153393,-0.173086,0.00453243,0.00458683,0.0285263,0.0340727
13.88,8.8954,8.95393,-4.67814,-4.56948,27.76,27.7215,-2.69877,-2.71832,-5.28033,-5.34685,2,1.97432,-0.292,-0.319629,-0.133425,-0.11099,0.79295,0.792516,-0.159893,-0.177009,0.00955843,0.00808422,0.0283825,0.033921
13.89,8.86826,8.9268,-4.73088,-4.62353,27.78,27.7409,-2.72927,-2.74974,-5.26877,-5.33229,2,1.97387,-0.293631,-0.320783,-0.133303,-0.109704,0.793234,0.79275,-0.166193,-0.180793,0.0149237,0.0119561,0.028238,0.03377
13.9,8.84081,8.89937,-4.78351,-4.67742,27.8,27.7603,-2.75988,-2.78114,-5.25708,-5.31757,2,1.97345,-0.295323,-0.321957,-0.133126,-0.108413,0.793515,0.792982,-0.17228,-0.18443,0.0206201,0.0162029,0.0280931,0.0336193
13.91,8.81306,8.87162,-4.83602,-4.73115,27.82,27.7798,-2.79062,-2.81251,-5.24526,-5.3027,2,1.97306,-0.297076,-0.323151,-0.13289,-0.107116,0.793795,0.793212,-0.178142,-0.187913,0.0266388,0.0208173,0.0279476,0.0334692
13.92,8.785,8.84355,-4.88842,-4.78472,27.84,27.7991,-2.82148,-2.84385,-5.23329,-5.28767,2,1.97271,-0.298885,-0.324362,-0.132592,-0.105811,0.794074,0.79344,-0.183766,-0.191233,0.0329706,0.0257919,0.0278015,0.0333194
13.93,8.75663,8.81518,-4.94069,-4.83812,27.86,27.8185,-2.85246,-2.87515,-5.22117,-5.27249,2,1.97239,-0.30075,-0.32559,-0.132229,-0.104497,0.794351,0.793667,-0.189141,-0.194384,0.0396055,0.0311203,0.027655,0.0331699
13.94,8.72795,8.7865,-4.99284,-4.89134,27.88,27.8379,-2.88356,-2.90642,-5.20889,-5.25714,2,1.97209,-0.302667,-0.326835,-0.131799,-0.103173,0.794627,0.793893,-0.194256,-0.19736,0.046533,0.0367921,0.0275079,0.0330208
13.95,8.69896,8.7575,-5.04487,-4.9444,27.9,27.8572,-2.91478,-2.93767,-5.19643,-5.24163,2,1.97184,-0.304634,-0.328092,-0.131298,-0.101838,0.794902,0.794117,-0.199099,-0.200153,0.053742,0.042801,0.0273603,0.032872
13.96,8.66965,8.7282,-5.09677,-4.99727,27.92,27.8765,-2.94612,-2.96887,-5.1838,-5.22596,2,1.97161,-0.306648,-0.329363,-0.130723,-0.10049,0.795174,0.794341,-0.203661,-0.202759,0.0612209,0.0491358,0.0272122,0.0327235
13.97,8.64003,8.69859,-5.14854,-5.04997,27.94,27.8959,-2.97758,-3.00004,-5.17098,-5.21011,2,1.97142,-0.308707,-0.330646,-0.130072,-0.0991267,0.795446,0.794563,-0.207931,-0.205169,0.0689575,0.0557851,0.0270636,0.0325751
13.98,8.6101,8.66867,-5.20019,-5.10248,27.96,27.9152,-3.00915,-3.03118,-5.15796,-5.19409,2,1.97126,-0.310806,-0.331938,-0.129343,-0.0977484,0.795716,0.794785,-0.2119,-0.207377,0.0769392,0.0627391,0.0269145,0.0324269
13.99,8.57985,8.63844,-5.2517,-5.1548,27.98,27.9345,-3.04084,-3.06227,-5.14473,-5.17789,2,1.97113,-0.312944,-0.333239,-0.128533,-0.0963531,0.795984,0.795006,-0.21556,-0.209378,0.0851529,0.0699858,0.026765,0.0322789
14,8.54928,8.60791,-5.30308,-5.20694,28,27.9538,-3.07263,-3.09333,-5.13129,-5.16152,2,1.97104,-0.315116,-0.334547,-0.127639,-0.0949396,0.796251,0.795226,-0.218902,-0.211169,0.0935848,0.0775098,0.0266149,0.0321309
14.01,8.5184,8.57706,-5.35432,-5.25888,28.02,27.9731,-3.10454,-3.12435,-5.11763,-5.14496,2,1.97098,-0.31732,-0.33586,-0.12666,-0.0935058,0.796516,0.795446,-0.221919,-0.212743,0.102221,0.0853009,0.0264644,0.0319829
14.02,8.48719,8.54591,-5.40543,-5.31063,28.04,27.9924,-3.13654,-3.15532,-5.10373,-5.12822,2,1.97095,-0.319553,-0.337177,-0.125594,-0.0920511,0.79678,0.795667,-0.224605,-0.214093,0.111047,0.0933417,0.0263135,0.0318349
14.03,8.45567,8.51445,-5.4564,-5.36217,28.06,28.0117,-3.16864,-3.18625,-5.0896,-5.11129,2,1.97095,-0.321811,-0.338496,-0.124439,-0.0905738,0.797043,0.795887,-0.226951,-0.215217,0.120047,0.101618,0.0261621,0.0316868
14.04,8.42382,8.48268,-5.50722,-5.41352,28.08,28.0311,-3.20084,-3.21713,-5.07522,-5.09416,2,1.97099,-0.324091,-0.339815,-0.123193,-0.0890724,0.797304,0.796107,-0.228954,-0.216108,0.129207,0.110116,0.0260103,0.0315386
14.05,8.39165,8.4506,-5.5579,-5.46467,28.1,28.0504,-3.23313,-3.24797,-5.06058,-5.07684,2,1.97105,-0.326389,-0.341132,-0.121854,-0.0875457,0.797563,0.796329,-0.230608,-0.216766,0.138511,0.118819,0.025858,0.0313902
14.06,8.35916,8.41821,-5.60843,-5.51561,28.12,28.0698,-3.26551,-3.27877,-5.04568,-5.05932,2,1.97115,-0.328702,-0.342446,-0.120422,-0.0859918,0.797821,0.79655,-0.231908,-0.217183,0.147942,0.127709,0.0257053,0.0312416
14.07,8.32634,8.38551,-5.65881,-5.56634,28.14,28.0891,-3.29796,-3.30951,-5.0305,-5.04159,2,1.97128,-0.331026,-0.343754,-0.118895,-0.0844098,0.798077,0.796773,-0.232851,-0.217358,0.157485,0.136769,0.0255522,0.0310926
14.08,8.2932,8.3525,-5.70904,-5.61687,28.16,28.1085,-3.33049,-3.3402,-5.01505,-5.02365,2,1.97144,-0.333358,-0.345055,-0.117272,-0.0827984,0.798332,0.796997,-0.233434,-0.217287,0.167123,0.145983,0.0253987,0.0309434
14.09,8.25973,8.31919,-5.75911,-5.66719,28.18,28.1279,-3.36309,-3.37084,-4.99931,-5.0055,2,1.97163,-0.335694,-0.346348,-0.115552,-0.0811555,0.798585,0.797222,-0.233654,-0.216967,0.176839,0.155332,0.0252447,0.0307938
14.1,8.22594,8.28556,-5.80903,-5.7173,28.2,28.1473,-3.39574,-3.40143,-4.98328,-4.98714,2,1.97185,-0.33803,-0.347629,-0.113735,-0.0794806,0.798837,0.797448,-0.23351,-0.216395,0.186616,0.1648,0.0250904,0.0306437
14.11,8.19181,8.25162,-5.85878,-5.76719,28.22,28.1668,-3.42846,-3.43196,-4.96695,-4.96856,2,1.97211,-0.340363,-0.348897,-0.11182,-0.0777718,0.799087,0.797677,-0.233001,-0.215572,0.196437,0.174361,0.0249357,0.030493
14.12,8.15737,8.21737,-5.90837,-5.81687,28.24,28.1863,-3.46122,-3.46243,-4.95031,-4.94975,2,1.97238,-0.342689,-0.350151,-0.109806,-0.0760282,0.799335,0.797907,-0.232125,-0.214493,0.206284,0.184003,0.0247807,0.0303419
14.13,8.12259,8.18281,-5.95778,-5.86634,28.26,28.2058,-3.49402,-3.49284,-4.93336,-4.93071,2,1.97269,-0.345004,-0.351388,-0.107694,-0.0742483,0.799582,0.798139,-0.230884,-0.213156,0.216141,0.193705,0.0246252,0.0301901
14.14,8.08749,8.14794,-6.00703,-5.91559,28.28,28.2253,-3.52686,-3.5232,-4.91608,-4.91145,2,1.97303,-0.347305,-0.352606,-0.105483,-0.0724313,0.799828,0.798373,-0.229279,-0.211561,0.22599,0.203447,0.0244694,0.0300377
14.15,8.05205,8.11275,-6.0561,-5.96463,28.3,28.2449,-3.55972,-3.55349,-4.89849,-4.89195,2,1.97339,-0.349588,-0.353804,-0.103174,-0.0705758,0.800072,0.79861,-0.227311,-0.209708,0.235813,0.213205,0.0243132,0.0298846
14.16,8.01629,8.07726,-6.105,-6.01344,28.32,28.2645,-3.59259,-3.58372,-4.88056,-4.87221,2,1.97378,-0.35185,-0.354979,-0.100767,-0.0686803,0.800314,0.79885,-0.224983,-0.207595,0.245593,0.222967,0.0241567,0.0297308
14.17,7.9802,8.04145,-6.15371,-6.06204,28.34,28.2842,-3.62548,-3.61388,-4.8623,-4.85223,2,1.97419,-0.354087,-0.356131,-0.0982627,-0.0667444,0.800555,0.799093,-0.222298,-0.205225,0.255313,0.23271,0.0239999,0.0295761
14.18,7.94378,8.00533,-6.20224,-6.11042,28.36,28.3038,-3.65837,-3.64397,-4.84369,-4.832,2,1.97463,-0.356295,-0.357256,-0.0956613,-0.0647667,0.800794,0.799338,-0.219259,-0.202593,0.264956,0.242413,0.0238427,0.0294206
14.19,7.90703,7.9689,-6.25059,-6.15858,28.38,28.3236,-3.69125,-3.67399,-4.82474,-4.81154,2,1.97509,-0.358471,-0.358353,-0.0929639,-0.0627468,0.801032,0.799588,-0.215872,-0.199706,0.274503,0.252053,0.0236852,0.0292643
14.2,7.86996,7.93215,-6.29874,-6.20652,28.4,28.3434,-3.72411,-3.70394,-4.80545,-4.79081,2,1.97558,-0.360611,-0.359421,-0.0901716,-0.060683,0.801268,0.79984,-0.21214,-0.196563,0.28394,0.261621,0.0235274,0.029107
14.21,7.83255,7.89509,-6.34669,-6.25423,28.42,28.3632,-3.75694,-3.73381,-4.78579,-4.76984,2,1.97609,-0.362713,-0.360457,-0.0872856,-0.0585754,0.801502,0.800096,-0.20807,-0.193164,0.293247,0.271086,0.0233692,0.0289488
14.22,7.79482,7.85772,-6.39445,-6.30173,28.44,28.383,-3.78974,-3.76361,-4.76579,-4.74861,2,1.97662,-0.364772,-0.361461,-0.0843071,-0.0564226,0.801735,0.800356,-0.203667,-0.189512,0.30241,0.280438,0.0232108,0.0287896
14.23,7.75676,7.82004,-6.44201,-6.34899,28.46,28.4029,-3.8225,-3.79332,-4.74542,-4.72713,2,1.97717,-0.366785,-0.36243,-0.0812379,-0.0542247,0.801966,0.800619,-0.19894,-0.185611,0.311412,0.289649,0.0230521,0.0286293
14.24,7.71837,7.78204,-6.48936,-6.39604,28.48,28.4229,-3.8552,-3.82295,-4.72469,-4.70539,2,1.97775,-0.368749,-0.363362,-0.0780795,-0.0519806,0.802196,0.800887,-0.193895,-0.181463,0.320238,0.298707,0.022893,0.0284681
14.25,7.67965,7.74374,-6.5365,-6.44286,28.5,28.4429,-3.88784,-3.85249,-4.70359,-4.68338,2,1.97834,-0.370662,-0.364257,-0.0748338,-0.04969,0.802424,0.801159,-0.18854,-0.177071,0.328871,0.307596,0.0227337,0.0283057
14.26,7.64061,7.70513,-6.58343,-6.48946,28.52,28.4629,-3.9204,-3.88195,-4.68212,-4.66111,2,1.97895,-0.372519,-0.365113,-0.0715028,-0.0473524,0.802651,0.801435,-0.182885,-0.172439,0.337296,0.316292,0.0225742,0.0281424
14.27,7.60124,7.6662,-6.63014,-6.53583,28.54,28.483,-3.95288,-3.91131,-4.66029,-4.63858,2,1.97957,-0.374318,-0.365928,-0.0680886,-0.0449685,0.802876,0.801715,-0.176937,-0.167569,0.3455,0.324782,0.0224143,0.0279779
14.28,7.56155,7.62698,-6.67664,-6.58197,28.56,28.5032,-3.98526,-3.94057,-4.63808,-4.61579,2,1.98022,-0.376057,-0.366702,-0.0645936,-0.042537,0.803099,0.802,-0.170708,-0.162473,0.353468,0.333047,0.0222543,0.0278122
14.29,7.52154,7.58744,-6.7229,-6.62788,28.58,28.5233,-4.01754,-3.96974,-4.61551,-4.59273,2,1.98087,-0.377732,-0.367432,-0.0610201,-0.0400586,0.803321,0.802289,-0.164206,-0.157149,0.361186,0.341072,0.0220939,0.0276454
14.3,7.4812,7.5476,-6.76894,-6.67357,28.6,28.5436,-4.04971,-3.9988,-4.59256,-4.56941,2,1.98155,-0.37934,-0.368118,-0.0573707,-0.0375332,0.803541,0.802582,-0.157443,-0.151605,0.368641,0.348842,0.0219333,0.0274774
14.31,7.44055,7.50746,-6.81475,-6.71902,28.62,28.5638,-4.08176,-4.02776,-4.56923,-4.54582,2,1.98223,-0.38088,-0.36876,-0.0536482,-0.0349608,0.80376,0.80288,-0.15043,-0.145849,0.37582,0.35634,0.0217725,0.0273083
14.32,7.39957,7.46701,-6.86033,-6.76424,28.64,28.5841,-4.11367,-4.05661,-4.54554,-4.52197,2,1.98293,-0.382348,-0.369355,-0.0498553,-0.0323421,0.803977,0.803183,-0.143177,-0.139886,0.382712,0.363556,0.0216115,0.0271381
14.33,7.35827,7.42627,-6.90566,-6.80923,28.66,28.6045,-4.14543,-4.08534,-4.52147,-4.49786,2,1.98364,-0.383743,-0.369902,-0.0459949,-0.029677,0.804192,0.80349,-0.135698,-0.133721,0.389306,0.370474,0.0214502,0.0269666
14.34,7.31666,7.38523,-6.95076,-6.85398,28.68,28.6249,-4.17705,-4.11396,-4.49703,-4.47349,2,1.98436,-0.385061,-0.370402,-0.0420702,-0.0269665,0.804406,0.803802,-0.128004,-0.127365,0.39559,0.37708,0.0212888,0.026794
14.35,7.27473,7.34389,-6.9956,-6.89849,28.7,28.6453,-4.2085,-4.14246,-4.47222,-4.44885,2,1.98509,-0.386302,-0.370854,-0.0380842,-0.0242112,0.804618,0.804118,-0.120108,-0.120825,0.401554,0.383367,0.0211271,0.0266201
14.36,7.23249,7.30227,-7.0402,-6.94277,28.72,28.6658,-4.23977,-4.17082,-4.44705,-4.42395,2,1.98583,-0.387463,-0.371256,-0.0340402,-0.0214119,0.804828,0.804438,-0.112023,-0.11411,0.407189,0.389321,0.0209652,0.0264451
14.37,7.18994,7.26034,-7.08454,-6.98681,28.74,28.6863,-4.27086,-4.19906,-4.4215,-4.3988,2,1.98658,-0.388542,-0.371608,-0.0299415,-0.0185691,0.805037,0.804763,-0.103761,-0.107225,0.412486,0.394931,0.0208031,0.026269
14.38,7.14707,7.21813,-7.12863,-7.03061,28.76,28.7068,-4.30176,-4.22717,-4.39559,-4.37339,2,1.98733,-0.389537,-0.37191,-0.0257916,-0.0156839,0.805244,0.805092,-0.0953372,-0.10018,0.417438,0.40019,0.0206409,0.0260917
14.39,7.1039,7.17564,-7.17245,-7.07416,28.78,28.7273,-4.33246,-4.25514,-4.36932,-4.34773,2,1.98809,-0.390448,-0.372161,-0.021594,-0.0127575,0.80545,0.805425,-0.086764,-0.0929891,0.422036,0.405091,0.0204785,0.0259132
14.4,7.06043,7.13287,-7.21601,-7.11746,28.8,28.7479,-4.36294,-4.28296,-4.34269,-4.32182,2,1.98885,-0.391272,-0.372362,-0.0173521,-0.00979143,0.805654,0.805762,-0.0780556,-0.085657,0.426274,0.409623,0.0203159,0.0257335
14.41,7.01665,7.08982,-7.25931,-7.16052,28.82,28.7685,-4.3932,-4.31064,-4.31571,-4.29567,2,1.98962,-0.392009,-0.372512,-0.0130697,-0.00678676,0.805856,0.806103,-0.0692259,-0.0781968,0.430147,0.413781,0.0201531,0.0255528
14.42,6.97256,7.04649,-7.30233,-7.20334,28.84,28.7891,-4.42323,-4.33816,-4.28837,-4.26927,2,1.99039,-0.392656,-0.372611,-0.00875041,-0.0037446,0.806057,0.806447,-0.0602891,-0.0706184,0.433649,0.417559,0.0199902,0.0253709
14.43,6.92818,7.00289,-7.34507,-7.2459,28.86,28.8097,-4.45303,-4.36553,-4.26069,-4.24263,2,1.99116,-0.393214,-0.372658,-0.00439798,-0.000666317,0.806256,0.806795,-0.0512594,-0.0629307,0.436775,0.420952,0.0198271,0.0251879
14.44,6.8835,6.95902,-7.38754,-7.28821,28.88,28.8304,-4.48257,-4.39274,-4.23266,-4.21575,2,1.99193,-0.393681,-0.372655,-1.61724e-05,0.00244528,0.806453,0.807146,-0.0421512,-0.0551467,0.439523,0.423961,0.0196639,0.0250038
14.45,6.83853,6.91488,-7.42972,-7.33026,28.9,28.851,-4.51185,-4.41978,-4.20429,-4.18864,2,1.9927,-0.394057,-0.372601,0.0043912,0.00559013,0.806649,0.807501,-0.0329788,-0.0472791,0.441888,0.426575,0.0195006,0.0248186
14.46,6.79327,6.87048,-7.47162,-7.37205,28.92,28.8717,-4.54087,-4.44665,-4.17559,-4.16131,2,1.99347,-0.394341,-0.372497,0.00882031,0.00876538,0.806843,0.807858,-0.0237566,-0.0393349,0.443869,0.428797,0.0193371,0.0246324
14.47,6.74771,6.82582,-7.51323,-7.41358,28.94,28.8924,-4.56961,-4.47335,-4.14656,-4.13375,2,1.99423,-0.394532,-0.372342,0.0132673,0.0119694,0.807036,0.808217,-0.0144989,-0.0313292,0.445464,0.430624,0.0191735,0.024445
14.48,6.70188,6.7809,-7.55455,-7.45485,28.96,28.913,-4.59807,-4.49987,-4.11721,-4.10597,2,1.995,-0.394631,-0.372138,0.0177283,0.0152009,0.807227,0.808579,-0.00522022,-0.0232751,0.446673,0.432058,0.0190099,0.0242568
14.49,6.65575,6.73573,-7.59558,-7.49585,28.98,28.9337,-4.62624,-4.5262,-4.08754,-4.07797,2,1.99576,-0.394636,-0.371885,0.0221995,0.018457,0.807416,0.808943,0.00406531,-0.0151817,0.447495,0.433099,0.0188461,0.0240674
14.5,6.60935,6.69031,-7.6363,-7.53659,29,28.9544,-4.65411,-4.55234,-4.05755,-4.04976,2,1.99651,-0.394549,-0.371583,0.0266769,0.0217362,0.807604,0.809308,0.0133435,-0.00706065,0.447931,0.433746,0.0186822,0.0238771
14.51,6.56267,6.64464,-7.67673,-7.57706,29.02,28.975,-4.68167,-4.57829,-4.02727,-4.02135,2,1.99726,-0.39437,-0.371233,0.0311568,0.0250363,0.80779,0.809676,0.0226001,0.00107371,0.447983,0.434002,0.0185182,0.0236859
14.52,6.51572,6.59873,-7.71685,-7.61726,29.04,28.9957,-4.70892,-4.60405,-3.99668,-3.99273,2,1.99801,-0.394098,-0.370836,0.0356353,0.0283548,0.807974,0.810044,0.0318214,0.00920808,0.447651,0.433869,0.0183541,0.0234937
14.53,6.4685,6.55257,-7.75666,-7.65717,29.06,29.0163,-4.73586,-4.62959,-3.9658,-3.96393,2,1.99874,-0.393733,-0.370393,0.0401086,0.03169,0.808157,0.810413,0.0409935,0.0173305,0.446939,0.433355,0.01819,0.0233005
14.54,6.421,6.50618,-7.79616,-7.69682,29.08,29.037,-4.76246,-4.65494,-3.93464,-3.93492,2,1.99947,-0.393278,-0.369904,0.0445728,0.0350397,0.808338,0.810783,0.0501027,0.0254309,0.445851,0.432462,0.0180257,0.0231064
14.55,6.37325,6.45955,-7.83535,-7.73618,29.1,29.0576,-4.78873,-4.68007,-3.90319,-3.90573,2,2.00019,-0.392732,-0.369369,0.0490243,0.0384011,0.808517,0.811153,0.0591359,0.0334942,0.444389,0.431192,0.0178614,0.0229113
14.56,6.32523,6.41269,-7.87423,-7.77526,29.12,29.0782,-4.81467,-4.70499,-3.87148,-3.87635,2,2.0009,-0.392095,-0.368792,0.0534594,0.0417729,0.808695,0.811523,0.0680797,0.0415102,0.442559,0.429553,0.0176971,0.0227154
14.57,6.27696,6.3656,-7.91278,-7.81405,29.14,29.0987,-4.84025,-4.72969,-3.83951,-3.84681,2,2.0016,-0.39137,-0.368171,0.0578743,0.0451513,0.808871,0.811892,0.0769212,0.0494643,0.440365,0.427553,0.0175327,0.0225187
14.58,6.22843,6.31828,-7.95101,-7.85256,29.16,29.1193,-4.86549,-4.75416,-3.80727,-3.81708,2,2.00229,-0.390557,-0.367509,0.0622655,0.0485354,0.809046,0.812261,0.0856479,0.0573455,0.437814,0.425197,0.0173683,0.0223211
14.59,6.17965,6.27072,-7.98893,-7.89078,29.18,29.1398,-4.89038,-4.77841,-3.7748,-3.78718,2,2.00297,-0.389658,-0.366806,0.0666294,0.0519219,0.809219,0.812628,0.0942474,0.0651417,0.434911,0.422495,0.0172038,0.0221226
14.6,6.13062,6.22295,-8.02651,-7.92871,29.2,29.1603,-4.9149,-4.80243,-3.74208,-3.75712,2,2.00364,-0.388673,-0.366063,0.0709626,0.0553092,0.80939,0.812994,0.102708,0.0728416,0.431664,0.419452,0.0170393,0.0219232
14.61,6.08135,6.17496,-8.06377,-7.96634,29.22,29.1808,-4.93906,-4.82622,-3.70913,-3.72691,2,2.00429,-0.387604,-0.365282,0.0752616,0.0586941,0.809559,0.813359,0.111017,0.0804307,0.428079,0.416079,0.0168748,0.021723
14.62,6.03184,6.12675,-8.10069,-8.00367,29.24,29.2012,-4.96285,-4.84976,-3.67596,-3.69653,2,2.00493,-0.386453,-0.364464,0.079523,0.0620754,0.809727,0.813721,0.119164,0.0879023,0.424164,0.412383,0.0167102,0.021522
14.63,5.98209,6.07832,-8.13728,-8.04071,29.26,29.2216,-4.98627,-4.87307,-3.64258,-3.666,2,2.00556,-0.385221,-0.363609,0.0837438,0.0654503,0.809894,0.814081,0.127137,0.0952387,0.419928,0.408374,0.0165457,0.0213202
14.64,5.93212,6.02966,-8.17354,-8.07746,29.28,29.242,-5.00931,-4.89613,-3.60898,-3.63533,2,2.00618,-0.383911,-0.362719,0.0879205,0.0688167,0.810058,0.814438,0.134927,0.102434,0.415379,0.404062,0.0163811,0.0211175
14.65,5.88191,5.98081,-8.20946,-8.11389,29.3,29.2624,-5.03197,-4.91894,-3.5752,-3.60451,2,2.00678,-0.382524,-0.361796,0.0920503,0.0721714,0.810221,0.814792,0.142522,0.109472,0.410526,0.399459,0.0162166,0.0209142
14.66,5.83148,5.93173,-8.24505,-8.15002,29.32,29.2827,-5.05425,-4.9415,-3.54122,-3.57356,2,2.00736,-0.381061,-0.36084,0.0961301,0.0755133,0.810383,0.815142,0.149914,0.116347,0.405379,0.394575,0.016052,0.02071
14.67,5.78083,5.88243,-8.28029,-8.18585,29.34,29.303,-5.07615,-4.96381,-3.50706,-3.54246,2,2.00793,-0.379526,-0.359853,0.100157,0.0788397,0.810542,0.815489,0.157091,0.123047,0.399948,0.389418,0.0158875,0.020505
14.68,5.72996,5.83293,-8.31519,-8.22136,29.36,29.3233,-5.09766,-4.98587,-3.47273,-3.51123,2,2.00849,-0.37792,-0.358836,0.104128,0.082149,0.8107,0.815832,0.164046,0.129563,0.394243,0.384003,0.015723,0.0202992
14.69,5.67887,5.78322,-8.34974,-8.25657,29.38,29.3435,-5.11878,-5.00767,-3.43825,-3.47988,2,2.00903,-0.376246,-0.35779,0.108041,0.0854384,0.810857,0.81617,0.17077,0.135886,0.388274,0.378341,0.0155585,0.0200926
14.7,5.62758,5.73329,-8.38395,-8.29146,29.4,29.3637,-5.13952,-5.0292,-3.4036,-3.4484,2,2.00955,-0.374506,-0.356717,0.111893,0.0887064,0.811011,0.816504,0.177255,0.142005,0.382053,0.372442,0.0153941,0.0198853
14.71,5.57608,5.68316,-8.41781,-8.32604,29.42,29.3839,-5.15986,-5.05048,-3.36882,-3.4168,2,2.01006,-0.372702,-0.355617,0.115681,0.0919507,0.811165,0.816833,0.183492,0.14791,0.37559,0.36632,0.0152297,0.0196773
14.72,5.52439,5.63281,-8.45133,-8.36031,29.44,29.4041,-5.17981,-5.07149,-3.33389,-3.38508,2,2.01055,-0.370837,-0.354493,0.119404,0.0951696,0.811316,0.817156,0.189475,0.153597,0.368897,0.359986,0.0150653,0.0194684
14.73,5.47249,5.58226,-8.48449,-8.39426,29.46,29.4242,-5.19937,-5.09224,-3.29884,-3.35325,2,2.01103,-0.368913,-0.353345,0.123058,0.0983611,0.811466,0.817475,0.195197,0.159051,0.361986,0.353453,0.014901,0.0192589
14.74,5.4204,5.53151,-8.5173,-8.42789,29.48,29.4443,-5.21854,-5.11271,-3.26368,-3.3213,2,2.01148,-0.366933,-0.352174,0.126643,0.101524,0.811614,0.817787,0.200652,0.164273,0.354868,0.346731,0.0147368,0.0190485
14.75,5.36812,5.48055,-8.54976,-8.4612,29.5,29.4644,-5.23732,-5.13292,-3.2284,-3.28924,2,2.01193,-0.364901,-0.350983,0.130155,0.104655,0.811761,0.818093,0.205833,0.169252,0.347556,0.339833,0.0145726,0.0188374
14.76,5.31565,5.42937,-8.58187,-8.49418,29.52,29.4845,-5.25571,-5.15286,-3.19303,-3.25708,2,2.01235,-0.362818,-0.349771,0.133593,0.107754,0.811906,0.818394,0.210735,0.173981,0.340062,0.332773,0.0144085,0.0186257
14.77,5.26301,5.378,-8.61362,-8.52685,29.54,29.5045,-5.27371,-5.17253,-3.15756,-3.22481,2,2.01276,-0.360687,-0.348541,0.136956,0.110819,0.812049,0.818688,0.215354,0.178455,0.332399,0.325565,0.0142445,0.0184131
14.78,5.21018,5.32642,-8.64502,-8.55918,29.56,29.5246,-5.29132,-5.19192,-3.12201,-3.19244,2,2.01315,-0.358512,-0.347294,0.140241,0.113847,0.81219,0.818975,0.219685,0.18267,0.324579,0.318219,0.0140806,0.0181999
14.79,5.15718,5.27464,-8.67606,-8.5912,29.58,29.5446,-5.30854,-5.21104,-3.08638,-3.15997,2,2.01352,-0.356294,-0.34603,0.143447,0.116839,0.81233,0.819255,0.223724,0.186619,0.316615,0.310748,0.0139167,0.0179859
14.8,5.10401,5.22266,-8.70675,-8.62288,29.6,29.5646,-5.32538,-5.22989,-3.05069,-3.1274,2,2.01387,-0.354038,-0.344751,0.146573,0.119793,0.812469,0.819528,0.227467,0.190296,0.308519,0.303166,0.013753,0.0177712
14.81,5.05068,5.17047,-8.73708,-8.65423,29.62,29.5846,-5.34184,-5.24846,-3.01495,-3.09475,2,2.01421,-0.351746,-0.343458,0.149617,0.122707,0.812605,0.819794,0.230912,0.193703,0.300305,0.295483,0.0135894,0.0175559
14.82,4.99718,5.11809,-8.76705,-8.68525,29.64,29.6045,-5.35792,-5.26676,-2.97915,-3.062,2,2.01453,-0.349421,-0.342152,0.152578,0.125579,0.812741,0.820053,0.234057,0.196831,0.291985,0.287713,0.0134258,0.0173399
14.83,4.94352,5.0655,-8.79666,-8.71595,29.66,29.6245,-5.37362,-5.28479,-2.94331,-3.02916,2,2.01484,-0.347066,-0.340835,0.155456,0.128411,0.812874,0.820304,0.236898,0.19968,0.283573,0.279868,0.0132624,0.0171233
14.84,4.88971,5.01273,-8.82591,-8.7463,29.68,29.6445,-5.38895,-5.30253,-2.90744,-2.99624,2,2.01512,-0.344684,-0.339507,0.15825,0.131198,0.813006,0.820548,0.239436,0.202247,0.275082,0.27196,0.0130991,0.016906
14.85,4.83574,4.95975,-8.85481,-8.77632,29.7,29.6644,-5.40391,-5.32001,-2.87155,-2.96323,2,2.01539,-0.342278,-0.33817,0.160958,0.133942,0.813136,0.820783,0.241668,0.204532,0.266524,0.264,0.012936,0.0166881
14.86,4.78163,4.90658,-8.88335,-8.806,29.72,29.6843,-5.41851,-5.33721,-2.83563,-2.93015,2,2.01564,-0.339852,-0.336825,0.16358,0.136641,0.813265,0.821011,0.243594,0.206533,0.257914,0.256005,0.012773,0.0164696
14.87,4.72737,4.85321,-8.91152,-8.83535,29.74,29.7043,-5.43275,-5.35413,-2.79971,-2.89698,2,2.01588,-0.337407,-0.335472,0.166116,0.139294,0.813391,0.821231,0.245215,0.20825,0.249262,0.24798,0.0126101,0.0162507
14.88,4.67297,4.79965,-8.93934,-8.86436,29.76,29.7242,-5.44662,-5.37078,-2.76378,-2.86373,2,2.01609,-0.334948,-0.334113,0.168565,0.141902,0.813517,0.821442,0.246531,0.209684,0.240584,0.23994,0.0124474,0.0160311
14.89,4.61844,4.74591,-8.9668,-8.89303,29.78,29.7441,-5.46015,-5.38716,-2.72786,-2.83042,2,2.01629,-0.332478,-0.332749,0.170927,0.144462,0.81364,0.821645,0.247542,0.210835,0.231891,0.231896,0.0122848,0.015811
14.9,4.56377,4.69198,-8.9939,-8.92135,29.8,29.7641,-5.47333,-5.40327,-2.69195,-2.79704,2,2.01648,-0.329999,-0.33138,0.173203,0.146975,0.813762,0.821841,0.24825,0.211704,0.223197,0.223862,0.0121224,0.0155905
14.91,4.50898,4.63787,-9.02064,-8.94933,29.82,29.784,-5.48617,-5.4191,-2.65606,-2.76358,2,2.01664,-0.327514,-0.330008,0.175391,0.14944,0.813883,0.822027,0.248657,0.212293,0.214514,0.215844,0.0119601,0.0153695
14.92,4.45405,4.58357,-9.04702,-8.97697,29.84,29.8039,-5.49867,-5.43467,-2.62019,-2.73006,2,2.01679,-0.325026,-0.328634,0.177493,0.151857,0.814002,0.822206,0.248766,0.212605,0.205855,0.207856,0.011798,0.0151481
14.93,4.399,4.5291,-9.07304,-9.00426,29.86,29.8239,-5.51084,-5.44996,-2.58435,-2.69647,2,2.01693,-0.322539,-0.327257,0.179509,0.154226,0.814119,0.822376,0.248579,0.212645,0.197233,0.199907,0.0116361,0.0149264
14.94,4.34383,4.47445,-9.09871,-9.0312,29.88,29.8438,-5.52269,-5.46499,-2.54855,-2.66283,2,2.01705,-0.320056,-0.325881,0.181438,0.156546,0.814234,0.822538,0.248099,0.21241,0.188659,0.192009,0.0114744,0.0147044
14.95,4.28855,4.41963,-9.12401,-9.0578,29.9,29.8638,-5.53422,-5.47975,-2.5128,-2.62913,2,2.01715,-0.317578,-0.324504,0.183282,0.158817,0.814348,0.822691,0.24733,0.211913,0.180146,0.184171,0.0113128,0.014482
14.96,4.23315,4.36464,-9.14896,-9.08405,29.92,29.8838,-5.54543,-5.49425,-2.47709,-2.59536,2,2.01724,-0.31511,-0.323128,0.185041,0.16104,0.814461,0.822836,0.246276,0.211154,0.171706,0.176404,0.0111515,0.0142595
14.97,4.17764,4.30948,-9.17355,-9.10994,29.94,29.9037,-5.55634,-5.50848,-2.44144,-2.56155,2,2.0173,-0.312654,-0.321754,0.186716,0.163215,0.814571,0.822972,0.244942,0.210138,0.16335,0.168716,0.0109903,0.0140367
14.98,4.12203,4.25417,-9.19779,-9.13549,29.96,29.9237,-5.56695,-5.52245,-2.40584,-2.52769,2,2.01736,-0.310212,-0.320382,0.188309,0.165341,0.81468,0.823101,0.243333,0.208872,0.155092,0.161119,0.0108294,0.0138138
14.99,4.0663,4.19869,-9.22167,-9.16068,29.98,29.9437,-5.57727,-5.53616,-2.37031,-2.49378,2,2.0174,-0.307788,-0.319013,0.189819,0.167419,0.814788,0.823221,0.241454,0.207361,0.146941,0.153621,0.0106687,0.0135908
15,4.01048,4.14306,-9.2452,-9.18551,30,29.9637,-5.5873,-5.54961,-2.33484,-2.45982,2,2.01742,-0.305384,-0.317648,0.191248,0.169449,0.814894,0.823333,0.239311,0.205613,0.138909,0.146229,0.0105082,0.0133677
15.01,3.95456,4.08728,-9.26837,-9.21,30.02,29.9837,-5.59706,-5.56281,-2.29945,-2.42582,2,2.01743,-0.303003,-0.316287,0.192597,0.171432,0.814998,0.823436,0.23691,0.203631,0.131007,0.138951,0.0103479,0.0131447
15.02,3.89854,4.03136,-9.29119,-9.23412,30.04,30.0037,-5.60654,-5.57576,-2.26414,-2.39178,2,2.01742,-0.300647,-0.314932,0.193868,0.173368,0.815101,0.823532,0.234258,0.201426,0.123246,0.131799,0.0101878,0.0129218
15.03,3.84243,3.97529,-9.31365,-9.25789,30.06,30.0238,-5.61576,-5.58845,-2.22891,-2.3577,2,2.0174,-0.298318,-0.313582,0.195063,0.175258,0.815202,0.823619,0.231361,0.199008,0.115636,0.124779,0.010028,0.0126989
15.04,3.78623,3.91909,-9.33576,-9.2813,30.08,30.0438,-5.62472,-5.60089,-2.19376,-2.32358,2,2.01737,-0.29602,-0.312239,0.196182,0.177101,0.815301,0.823699,0.228228,0.196378,0.108187,0.117899,0.00986835,0.0124763
15.05,3.72994,3.86275,-9.35753,-9.30435,30.1,30.0638,-5.63344,-5.61309,-2.15869,-2.28944,2,2.01732,-0.293755,-0.310902,0.197227,0.1789,0.815399,0.823771,0.224865,0.193551,0.10091,0.111164,0.009709,0.0122539
15.06,3.67356,3.80628,-9.37894,-9.32704,30.12,30.0839,-5.64191,-5.62504,-2.12372,-2.25526,2,2.01725,-0.291524,-0.309572,0.1982,0.180654,0.815495,0.823835,0.221281,0.190534,0.0938128,0.104585,0.00954989,0.0120317
15.07,3.6171,3.7497,-9.4,-9.34937,30.14,30.104,-5.65015,-5.63675,-2.08884,-2.22106,2,2.01718,-0.28933,-0.308251,0.199104,0.182364,0.81559,0.823891,0.217484,0.187335,0.0869057,0.0981663,0.00939103,0.01181
15.08,3.56056,3.69299,-9.42072,-9.37134,30.16,30.124,-5.65816,-5.64822,-2.05405,-2.18683,2,2.01709,-0.287175,-0.306937,0.199939,0.184031,0.815683,0.82394,0.213483,0.183962,0.0801973,0.0919167,0.00923244,0.0115886
15.09,3.50394,3.63616,-9.44108,-9.39295,30.18,30.1441,-5.66595,-5.65945,-2.01937,-2.15257,2,2.01698,-0.285061,-0.305633,0.200709,0.185656,0.815775,0.823982,0.209287,0.180426,0.0736962,0.085837,0.00907411,0.0113677
15.1,3.44724,3.57922,-9.4611,-9.4142,30.2,30.1642,-5.67354,-5.67045,-1.98478,-2.11829,2,2.01686,-0.28299,-0.304337,0.201414,0.18724,0.815865,0.824016,0.204904,0.176737,0.0674106,0.079939,0.00891605,0.0111472
15.11,3.39047,3.52218,-9.48078,-9.43508,30.22,30.1843,-5.68092,-5.68121,-1.95029,-2.084,2,2.01673,-0.280963,-0.30305,0.202057,0.188783,0.815953,0.824043,0.200345,0.172906,0.0613482,0.0742257,0.00875827,0.0109275
15.12,3.33362,3.46503,-9.50011,-9.4556,30.24,30.2045,-5.6881,-5.69175,-1.9159,-2.04969,2,2.01659,-0.278983,-0.301774,0.202642,0.190287,0.81604,0.824063,0.195619,0.168941,0.0555166,0.0687019,0.00860076,0.0107082
15.13,3.2767,3.40779,-9.5191,-9.47575,30.26,30.2246,-5.6951,-5.70206,-1.88161,-2.01537,2,2.01643,-0.277051,-0.300507,0.203169,0.191753,0.816125,0.824076,0.190736,0.164852,0.0499228,0.0633725,0.00844354,0.0104896
15.14,3.21972,3.35045,-9.53774,-9.49555,30.28,30.2447,-5.70191,-5.71215,-1.84743,-1.98102,2,2.01626,-0.275169,-0.299251,0.203641,0.193182,0.816209,0.824082,0.185707,0.16065,0.0445734,0.058245,0.00828661,0.0102719
15.15,3.16267,3.29303,-9.55605,-9.51497,30.3,30.2648,-5.70855,-5.72202,-1.81335,-1.94668,2,2.01608,-0.273338,-0.298005,0.204061,0.194574,0.816291,0.824082,0.180541,0.156346,0.0394748,0.0533199,0.00812998,0.0100548
15.16,3.10555,3.23551,-9.57401,-9.53404,30.32,30.285,-5.71503,-5.73167,-1.77938,-1.91231,2,2.01589,-0.271559,-0.296771,0.204431,0.195931,0.816371,0.824076,0.17525,0.151949,0.0346328,0.0486047,0.00797365,0.00983864
15.17,3.04837,3.17791,-9.59163,-9.55274,30.34,30.3051,-5.72135,-5.7411,-1.7455,-1.87795,2,2.01569,-0.269833,-0.295547,0.204754,0.197255,0.81645,0.824063,0.169845,0.147468,0.0300528,0.0440987,0.00781762,0.00962334
15.18,2.99112,3.12024,-9.60892,-9.57107,30.36,30.3253,-5.72752,-5.75033,-1.71173,-1.84357,2,2.01547,-0.268162,-0.294334,0.205033,0.198545,0.816528,0.824044,0.164336,0.142918,0.0257398,0.039809,0.0076619,0.00940892
15.19,2.93382,3.06249,-9.62587,-9.58904,30.38,30.3455,-5.73354,-5.75934,-1.67806,-1.80919,2,2.01524,-0.266547,-0.293133,0.20527,0.199805,0.816604,0.824019,0.158735,0.138307,0.0216985,0.035739,0.0075065,0.00919559
15.2,2.87645,3.00467,-9.64248,-9.60665,30.4,30.3656,-5.73943,-5.76815,-1.64449,-1.7748,2,2.015,-0.264988,-0.291943,0.205468,0.201033,0.816678,0.823988,0.153053,0.133646,0.017933,0.0318909,0.00735143,0.00898309
15.21,2.81903,2.94678,-9.65876,-9.62389,30.42,30.3858,-5.74519,-5.77676,-1.61102,-1.74041,2,2.01476,-0.263486,-0.290764,0.20563,0.202233,0.816751,0.823952,0.147301,0.128942,0.014447,0.0282653,0.00719667,0.00877177
15.22,2.76155,2.88881,-9.6747,-9.64077,30.44,30.406,-5.75083,-5.78516,-1.57765,-1.70602,2,2.0145,-0.262042,-0.289597,0.205758,0.203404,0.816822,0.82391,0.14149,0.124209,0.0112436,0.0248642,0.00704225,0.00856141
15.23,2.70401,2.8308,-9.69031,-9.65729,30.46,30.4262,-5.75635,-5.79337,-1.54437,-1.67163,2,2.01423,-0.260656,-0.288442,0.205856,0.204548,0.816891,0.823863,0.135634,0.119457,0.00832584,0.0216946,0.00688816,0.00835233
15.24,2.64642,2.77272,-9.70559,-9.67345,30.48,30.4464,-5.76176,-5.80139,-1.51119,-1.63723,2,2.01395,-0.259329,-0.287298,0.205925,0.205667,0.81696,0.82381,0.129742,0.114693,0.00569591,0.0187533,0.00673441,0.00814433
15.25,2.58878,2.71458,-9.72054,-9.68924,30.5,30.4666,-5.76707,-5.80921,-1.47809,-1.60283,2,2.01366,-0.258061,-0.286166,0.20597,0.206762,0.817026,0.823753,0.123827,0.109931,0.00335572,0.0160452,0.00658101,0.00793755
15.26,2.53108,2.65638,-9.73515,-9.70468,30.52,30.4868,-5.77228,-5.81684,-1.44509,-1.56843,2,2.01336,-0.256853,-0.285045,0.205993,0.207834,0.817091,0.823691,0.117901,0.105178,0.00130667,0.0135653,0.00642796,0.00773205
15.27,2.47333,2.59813,-9.74944,-9.71975,30.54,30.507,-5.7774,-5.82429,-1.41217,-1.53403,2,2.01305,-0.255703,-0.283936,0.205998,0.208884,0.817155,0.823624,0.111974,0.100444,-0.000450303,0.0113246,0.00627526,0.00752771
15.28,2.41553,2.53984,-9.7634,-9.73447,30.56,30.5272,-5.78244,-5.83156,-1.37934,-1.49963,2,2.01273,-0.254613,-0.282838,0.205985,0.209914,0.817217,0.823552,0.10606,0.0957403,-0.00191473,0.00931476,0.00612292,0.00732468
15.29,2.35768,2.48149,-9.77703,-9.74883,30.58,30.5474,-5.7874,-5.83865,-1.34658,-1.46524,2,2.0124,-0.253582,-0.281752,0.20596,0.210924,0.817277,0.823476,0.100169,0.0910748,-0.00308661,0.00753917,0.00597094,0.00712301
15.3,2.29978,2.42309,-9.79033,-9.76283,30.6,30.5676,-5.79228,-5.84556,-1.3139,-1.43084,2,2.01207,-0.25261,-0.280677,0.205925,0.211915,0.817336,0.823396,0.0943132,0.0864578,-0.00396642,0.00599875,0.00581934,0.00692262
15.31,2.24184,2.36464,-9.8033,-9.77647,30.62,30.5878,-5.79709,-5.85229,-1.28129,-1.39643,2,2.01172,-0.251696,-0.279612,0.205882,0.212891,0.817394,0.823312,0.0885042,0.0818951,-0.00455512,0.00469308,0.0056681,0.00672358
15.32,2.18384,2.30615,-9.81595,-9.78976,30.64,30.608,-5.80184,-5.85886,-1.24875,-1.36203,2,2.01137,-0.250839,-0.278559,0.205835,0.213851,0.81745,0.823224,0.0827534,0.0774003,-0.00485413,0.00361975,0.00551724,0.00652591
15.33,2.1258,2.24762,-9.82828,-9.8027,30.66,30.6283,-5.80653,-5.86525,-1.21628,-1.32763,2,2.01101,-0.25004,-0.277516,0.205786,0.214796,0.817504,0.823132,0.0770721,0.0729799,-0.00486535,0.0027798,0.00536677,0.00632959
15.34,2.06771,2.18904,-9.84028,-9.81528,30.68,30.6485,-5.81116,-5.87148,-1.18386,-1.29322,2,2.01064,-0.249298,-0.276484,0.205738,0.215728,0.817557,0.823037,0.0714716,0.0686425,-0.00459112,0.00217269,0.00521668,0.00613467
15.35,2.00958,2.13042,-9.85196,-9.82752,30.7,30.6687,-5.81575,-5.87754,-1.1515,-1.25881,2,2.01027,-0.248611,-0.275462,0.205695,0.216648,0.817608,0.822938,0.065963,0.0643935,-0.0040343,0.00179531,0.00506698,0.0059412
15.36,1.9514,2.07176,-9.86331,-9.8394,30.72,30.689,-5.82028,-5.88344,-1.1192,-1.2244,2,2.00989,-0.247978,-0.274449,0.205658,0.217557,0.817658,0.822836,0.0605572,0.0602472,-0.00319815,0.00164895,0.00491768,0.0057491
15.37,1.89317,2.01305,-9.87434,-9.85093,30.74,30.7092,-5.82478,-5.88919,-1.08694,-1.18998,2,2.0095,-0.247399,-0.273447,0.205632,0.218457,0.817707,0.822731,0.0552648,0.0562068,-0.00208644,0.00173111,0.00476878,0.00555841
15.38,1.8349,1.95431,-9.88505,-9.86212,30.76,30.7295,-5.82923,-5.89477,-1.05472,-1.15556,2,2.0091,-0.246872,-0.272453,0.205618,0.219349,0.817754,0.822623,0.0500965,0.0522814,-0.000703369,0.00203691,0.00462028,0.00536914
15.39,1.77659,1.89552,-9.89543,-9.87296,30.78,30.7497,-5.83365,-5.90021,-1.02254,-1.12113,2,2.0087,-0.246397,-0.271469,0.205619,0.220233,0.817799,0.822512,0.0450625,0.0484778,0.000946419,0.00256561,0.00447219,0.00518143
15.4,1.71823,1.8367,-9.9055,-9.88346,30.8,30.77,-5.83803,-5.90549,-0.99039,-1.08669,2,2.00829,-0.245971,-0.270493,0.205637,0.221112,0.817843,0.822399,0.040173,0.0448041,0.00285783,0.00331677,0.00432451,0.00499507
15.41,1.65983,1.77783,-9.91524,-9.89361,30.82,30.7902,-5.84238,-5.91062,-0.958269,-1.05225,2,2.00788,-0.245593,-0.269526,0.205677,0.221985,0.817886,0.822282,0.0354377,0.0412649,0.00502535,0.00428618,0.00417725,0.00481021
15.42,1.60138,1.71893,-9.92467,-9.90343,30.84,30.8105,-5.8467,-5.9156,-0.92617,-1.01779,2,2.00746,-0.245261,-0.268566,0.205739,0.222855,0.817927,0.822164,0.0308662,0.0378692,0.00744301,0.00546984,0.00403041,0.00462678
15.43,1.54289,1.65998,-9.93377,-9.9129,30.86,30.8307,-5.85099,-5.92044,-0.894087,-0.983321,2,2.00703,-0.244975,-0.267614,0.205826,0.223723,0.817966,0.822044,0.0264677,0.0346233,0.0101045,0.00686868,0.00388399,0.00444482
15.44,1.48436,1.60099,-9.94255,-9.92203,30.88,30.851,-5.85526,-5.92513,-0.862016,-0.94884,2,2.0066,-0.244731,-0.266669,0.205942,0.224588,0.818004,0.821921,0.0222512,0.0315343,0.0130029,0.00847422,0.00373801,0.00426429
15.45,1.42579,1.54197,-9.95101,-9.93083,30.9,30.8713,-5.8595,-5.92968,-0.829952,-0.914348,2,2.00617,-0.244529,-0.265731,0.206087,0.225453,0.818041,0.821797,0.0182253,0.028607,0.0161313,0.0102843,0.00359246,0.00408523
15.46,1.36717,1.4829,-9.95915,-9.93929,30.92,30.8916,-5.86372,-5.93409,-0.797888,-0.879837,2,2.00573,-0.244366,-0.264799,0.206265,0.226319,0.818076,0.82167,0.0143984,0.0258474,0.0194819,0.0122993,0.00344734,0.00390762
15.47,1.30851,1.42379,-9.96696,-9.94741,30.94,30.9119,-5.86791,-5.93836,-0.765819,-0.845311,2,2.00529,-0.244241,-0.263872,0.206477,0.227186,0.81811,0.821542,0.0107782,0.0232601,0.0230469,0.0145088,0.00330267,0.00373144
15.48,1.24981,1.36464,-9.97446,-9.9552,30.96,30.9322,-5.87209,-5.9425,-0.73374,-0.81077,2,2.00484,-0.24415,-0.262951,0.206727,0.228056,0.818142,0.821413,0.00737243,0.0208524,0.026818,0.0169116,0.00315844,0.00355681
15.49,1.19107,1.30545,-9.98164,-9.96266,30.98,30.9525,-5.87624,-5.9465,-0.701646,-0.776205,2,2.00439,-0.244092,-0.262035,0.207015,0.228929,0.818173,0.821282,0.00418821,0.0186267,0.0307866,0.0195039,0.00301467,0.0033835
15.5,1.13229,1.24622,-9.9885,-9.96979,31,30.9728,-5.88036,-5.95036,-0.669531,-0.741624,2,2.00394,-0.244065,-0.261123,0.207343,0.229807,0.818202,0.821151,0.00123231,0.01659,0.0349437,0.0222792,0.00287134,0.00321175
15.51,1.07347,1.18694,-9.99503,-9.97659,31.02,30.9931,-5.88447,-5.95409,-0.63739,-0.707016,2,2.00348,-0.244067,-0.260215,0.207714,0.230691,0.81823,0.821018,-0.00148891,0.0147464,0.03928,0.0252348,0.00272848,0.00304136
15.52,1.0146,1.12763,-10.0012,-9.98306,31.04,31.0134,-5.88855,-5.95769,-0.605216,-0.672389,2,2.00303,-0.244094,-0.259309,0.208129,0.231581,0.818257,0.820884,-0.00396949,0.0131007,0.043786,0.0283629,0.00258607,0.00287246
15.53,0.955695,1.06828,-10.0071,-9.9892,31.06,31.0337,-5.8926,-5.96116,-0.573006,-0.637738,2,2.00257,-0.244145,-0.258407,0.20859,0.232478,0.818282,0.82075,-0.00620394,0.0116535,0.0484519,0.0316608,0.00244413,0.00270499
15.54,0.896749,1.00888,-10.0127,-9.99501,31.08,31.054,-5.89663,-5.9645,-0.540753,-0.603058,2,2.0021,-0.244218,-0.257506,0.209099,0.233383,0.818306,0.820615,-0.0081872,0.010412,0.0532675,0.0351217,0.00230266,0.00253897
15.55,0.837762,0.949437,-10.0179,-10.0005,31.1,31.0743,-5.90063,-5.96771,-0.508453,-0.568356,2,2.00164,-0.244308,-0.256607,0.209656,0.234298,0.818328,0.820479,-0.00991467,0.00937759,0.0582224,0.0387392,0.00216167,0.00237436
15.56,0.778736,0.889953,-10.0229,-10.0057,31.12,31.0947,-5.9046,-5.97079,-0.4761,-0.533622,2,2.00118,-0.244415,-0.255709,0.210264,0.235222,0.818349,0.820343,-0.0113822,0.0085554,0.0633062,0.0425083,0.00202115,0.00221109
15.57,0.719671,0.830435,-10.0275,-10.0105,31.14,31.115,-5.90854,-5.97374,-0.443688,-0.498862,2,2.00071,-0.244535,-0.25481,0.210923,0.236157,0.818369,0.820207,-0.0125861,0.00794791,0.0685079,0.0464223,0.00188111,0.00204933
15.58,0.660566,0.77087,-10.0317,-10.015,31.16,31.1353,-5.91244,-5.97657,-0.411214,-0.46407,2,2.00024,-0.244666,-0.253912,0.211634,0.237103,0.818387,0.820071,-0.0135233,0.00755381,0.0738167,0.0504742,0.00174155,0.00188895
15.59,0.601422,0.711265,-10.0357,-10.0192,31.18,31.1557,-5.91631,-5.97926,-0.378673,-0.429246,2,1.99978,-0.244805,-0.253012,0.212399,0.238062,0.818403,0.819935,-0.0141909,0.00737905,0.0792213,0.0546585,0.00160248,0.00172999
15.6,0.54224,0.651615,-10.0393,-10.0231,31.2,31.176,-5.92013,-5.98183,-0.346058,-0.394388,2,1.99931,-0.244949,-0.252111,0.213219,0.239033,0.818419,0.819799,-0.0145869,0.00742482,0.0847106,0.0589674,0.0014639,0.00157242
15.61,0.483019,0.591932,-10.0426,-10.0266,31.22,31.1964,-5.92391,-5.98427,-0.313366,-0.359502,2,1.99885,-0.245096,-0.251207,0.214094,0.240018,0.818433,0.819664,-0.0147094,0.0076909,0.090273,0.0633963,0.00132582,0.00141628
15.62,0.423761,0.532204,-10.0456,-10.0298,31.24,31.2167,-5.92765,-5.98658,-0.280593,-0.324577,2,1.99839,-0.245242,-0.2503,0.215024,0.241016,0.818445,0.819529,-0.0145574,0.00818061,0.0958972,0.0679344,0.00118824,0.00126152
15.63,0.364467,0.472434,-10.0482,-10.0327,31.26,31.2371,-5.93133,-5.98877,-0.247734,-0.28962,2,1.99793,-0.245386,-0.249389,0.216012,0.242029,0.818457,0.819394,-0.01413,0.00889324,0.101571,0.0725771,0.00105115,0.00110806
15.64,0.305135,0.412626,-10.0505,-10.0353,31.28,31.2574,-5.93495,-5.99082,-0.214784,-0.254626,2,1.99747,-0.245524,-0.248473,0.217056,0.243057,0.818466,0.819261,-0.013427,0.00982856,0.107284,0.0773143,0.000914576,0.000955988
15.65,0.245768,0.352789,-10.0525,-10.0376,31.3,31.2778,-5.93851,-5.99274,-0.18174,-0.219599,2,1.99701,-0.245653,-0.247553,0.218158,0.244101,0.818475,0.819128,-0.0124489,0.0109862,0.113024,0.08214,0.000778507,0.000805339
15.66,0.186365,0.292907,-10.0542,-10.0395,31.32,31.2981,-5.94201,-5.99454,-0.148597,-0.184532,2,1.99656,-0.245772,-0.246626,0.219317,0.245161,0.818482,0.818997,-0.0111963,0.01237,0.118778,0.087047,0.00064295,0.000656046
15.67,0.126928,0.232986,-10.0555,-10.0411,31.34,31.3185,-5.94544,-5.9962,-0.115352,-0.149426,2,1.99611,-0.245876,-0.245693,0.220533,0.246236,0.818488,0.818866,-0.0096705,0.0139744,0.124537,0.0920272,0.000507909,0.000507986
15.68,0.0674564,0.173027,-10.0565,-10.0424,31.36,31.3388,-5.9488,-5.99773,-0.0820025,-0.114284,2,1.99566,-0.245964,-0.244752,0.221807,0.247329,0.818492,0.818737,-0.0078734,0.0157993,0.130287,0.0970689,0.000373387,0.000361383
15.69,0.007952,0.113043,-10.0571,-10.0434,31.38,31.3592,-5.95207,-5.99912,-0.0485436,-0.0791067,2,1.99522,-0.246033,-0.243802,0.223139,0.248439,0.818495,0.818609,-0.00580723,0.0178449,0.136017,0.102167,0.000239387,0.000216056
15.7,-0.0515847,0.0530242,-10.0575,-10.0441,31.4,31.3795,-5.95526,-6.00038,-0.0149727,-0.0438881,2,1.99479,-0.24608,-0.242844,0.224527,0.249566,0.818497,0.818482,-0.00347478,0.0201068,0.141716,0.107311,0.000105912,7.20285e-05
15.71,-0.111153,-0.0070346,-10.0574,-10.0444,31.42,31.3999,-5.95836,-6.0015,0.0187131,-0.00862857,2,1.99436,-0.246102,-0.241876,0.225973,0.250711,0.818497,0.818358,-0.000879306,0.0225843,0.147373,0.112494,-2.70346e-05,-7.06501e-05
15.72,-0.170752,-0.0671213,-10.0571,-10.0444,31.44,31.4202,-5.96136,-6.00248,0.0525165,0.0266697,2,1.99393,-0.246096,-0.240898,0.227475,0.251873,0.818496,0.818235,0.00197547,0.0252755,0.152976,0.117706,-0.000159449,-0.000212088
15.73,-0.23038,-0.127229,-10.0564,-10.0441,31.46,31.4406,-5.96426,-6.00332,0.08644,0.0619999,2,1.99352,-0.246061,-0.239908,0.229032,0.253053,0.818494,0.818113,0.00508534,0.0281727,0.158514,0.122938,-0.000291329,-0.000352286
15.74,-0.290036,-0.187373,-10.0553,-10.0434,31.48,31.4609,-5.96704,-6.00402,0.120486,0.0973763,2,1.9931,-0.245994,-0.238906,0.230645,0.254251,0.818491,0.817994,0.00844566,0.0312769,0.163976,0.128181,-0.00042267,-0.000491105
15.75,-0.34972,-0.247541,-10.054,-10.0424,31.5,31.4812,-5.96972,-6.00457,0.154656,0.132788,2,1.9927,-0.245891,-0.237891,0.232312,0.255467,0.818486,0.817877,0.0120513,0.0345833,0.169351,0.133425,-0.00055347,-0.000628756
15.76,-0.40943,-0.30773,-10.0523,-10.0411,31.52,31.5015,-5.97227,-6.00497,0.188953,0.168241,2,1.99231,-0.245752,-0.236862,0.234031,0.2567,0.818479,0.817762,0.0158968,0.0380863,0.17463,0.138662,-0.000683726,-0.000765158
15.77,-0.469165,-0.367948,-10.0502,-10.0395,31.54,31.5219,-5.97469,-6.00522,0.223377,0.203733,2,1.99192,-0.245573,-0.235818,0.235804,0.257952,0.818472,0.817649,0.0199762,0.0417799,0.179801,0.143881,-0.000813435,-0.000900369
15.78,-0.528924,-0.428175,-10.0478,-10.0375,31.56,31.5422,-5.97697,-6.00531,0.25793,0.239256,2,1.99154,-0.245352,-0.23476,0.237627,0.25922,0.818463,0.817538,0.024283,0.0456608,0.184854,0.149074,-0.000942593,-0.00103437
15.79,-0.588704,-0.488428,-10.045,-10.0352,31.58,31.5625,-5.97912,-6.00525,0.292613,0.274822,2,1.99118,-0.245086,-0.233685,0.2395,0.260506,0.818453,0.81743,0.0288106,0.0497235,0.189781,0.154229,-0.0010712,-0.00116714
15.8,-0.648505,-0.548695,-10.0419,-10.0326,31.6,31.5828,-5.98111,-6.00503,0.327427,0.310425,2,1.99082,-0.244775,-0.232593,0.241422,0.26181,0.818442,0.817325,0.0335517,0.0539596,0.194571,0.159339,-0.00119925,-0.00129885
15.81,-0.708326,-0.608974,-10.0385,-10.0296,31.62,31.603,-5.98295,-6.00464,0.362373,0.346063,2,1.99048,-0.244415,-0.231483,0.243391,0.26313,0.818429,0.817222,0.0384989,0.0583641,0.199215,0.164391,-0.00132674,-0.00142938
15.82,-0.768164,-0.669262,-10.0347,-10.0263,31.64,31.6233,-5.98463,-6.00409,0.39745,0.381737,2,1.99014,-0.244004,-0.230355,0.245406,0.264467,0.818415,0.817121,0.0436444,0.0629325,0.203704,0.169381,-0.00145367,-0.00155885
15.83,-0.828018,-0.729563,-10.0305,-10.0227,31.66,31.6436,-5.98613,-6.00336,0.43266,0.417447,2,1.98982,-0.243541,-0.229208,0.247465,0.265819,0.8184,0.817024,0.0489798,0.0676551,0.20803,0.174294,-0.00158003,-0.00168714
15.84,-0.887886,-0.789868,-10.026,-10.0187,31.68,31.6638,-5.98746,-6.00246,0.468,0.453188,2,1.98951,-0.243024,-0.22804,0.249566,0.267187,0.818384,0.816929,0.0544968,0.0725212,0.212184,0.17912,-0.00170582,-0.0018144
15.85,-0.947766,-0.850176,-10.0212,-10.0143,31.7,31.6841,-5.9886,-6.00138,0.503472,0.488962,2,1.98922,-0.242451,-0.226851,0.251708,0.268571,0.818366,0.816837,0.0601866,0.0775285,0.216159,0.183852,-0.00183105,-0.00194065
15.86,-1.00766,-0.910482,-10.016,-10.0097,31.72,31.7043,-5.98955,-6.00013,0.539074,0.524768,2,1.98894,-0.24182,-0.225641,0.253889,0.269969,0.818347,0.816749,0.0660399,0.0826669,0.219947,0.188478,-0.0019557,-0.00206586
15.87,-1.06756,-0.970793,-10.0104,-10.0046,31.74,31.7245,-5.9903,-5.99868,0.574806,0.560611,2,1.98867,-0.241129,-0.224408,0.256106,0.271382,0.818327,0.816663,0.0720475,0.0879253,0.223542,0.192991,-0.00207978,-0.00219016
15.88,-1.12746,-1.0311,-10.0045,-9.99928,31.76,31.7447,-5.99084,-5.99705,0.610666,0.596479,2,1.98842,-0.240378,-0.223152,0.258359,0.272807,0.818305,0.81658,0.0781999,0.0932974,0.226936,0.197378,-0.00220328,-0.00231341
15.89,-1.18737,-1.09139,-9.99818,-9.99356,31.78,31.7649,-5.99117,-5.99522,0.646652,0.632375,2,1.98819,-0.239565,-0.221872,0.260644,0.274246,0.818283,0.816501,0.0844871,0.098775,0.230123,0.201633,-0.0023262,-0.00243572
15.9,-1.24729,-1.15167,-9.99153,-9.98749,31.8,31.7851,-5.99128,-5.99319,0.682763,0.668297,2,1.98797,-0.238688,-0.220567,0.262961,0.275696,0.818259,0.816424,0.0908992,0.104346,0.233097,0.205745,-0.00244853,-0.00255721
15.91,-1.3072,-1.21194,-9.98452,-9.98106,31.82,31.8053,-5.99116,-5.99096,0.718996,0.704249,2,1.98776,-0.237746,-0.219238,0.265306,0.277158,0.818234,0.816351,0.0974259,0.110003,0.235854,0.209705,-0.00257028,-0.00267778
15.92,-1.36711,-1.2722,-9.97715,-9.97428,31.84,31.8254,-5.9908,-5.98852,0.755351,0.740226,2,1.98758,-0.236739,-0.217882,0.267677,0.27863,0.818207,0.816281,0.104057,0.115735,0.238387,0.2135,-0.00269144,-0.00279751
15.93,-1.42701,-1.33244,-9.96942,-9.96714,31.86,31.8456,-5.99021,-5.98587,0.791823,0.776226,2,1.98741,-0.235665,-0.2165,0.270072,0.280112,0.81818,0.816215,0.110782,0.121533,0.240692,0.217128,-0.00281201,-0.00291643
15.94,-1.48691,-1.39265,-9.96131,-9.95964,31.88,31.8657,-5.98936,-5.983,0.82841,0.812247,2,1.98727,-0.234523,-0.21509,0.27249,0.281603,0.818151,0.816152,0.11759,0.127387,0.242765,0.220577,-0.00293198,-0.00303461
15.95,-1.5468,-1.45284,-9.95285,-9.95177,31.9,31.8858,-5.98825,-5.97992,0.865109,0.848287,2,1.98714,-0.233313,-0.213652,0.274927,0.283102,0.818121,0.816092,0.124471,0.133285,0.244601,0.223837,-0.00305136,-0.00315205
15.96,-1.60668,-1.513,-9.94401,-9.94354,31.92,31.9059,-5.98688,-5.97661,0.901917,0.884348,2,1.98703,-0.232034,-0.212186,0.277381,0.284608,0.81809,0.816036,0.131413,0.139219,0.246199,0.226902,-0.00317014,-0.00326877
15.97,-1.66654,-1.57314,-9.93481,-9.93494,31.94,31.926,-5.98524,-5.97307,0.93883,0.920426,2,1.98694,-0.230685,-0.210691,0.27985,0.286121,0.818058,0.815982,0.138406,0.145178,0.247555,0.229764,-0.00328832,-0.0033849
15.98,-1.72638,-1.63323,-9.92524,-9.92598,31.96,31.946,-5.98332,-5.96929,0.975845,0.956515,2,1.98687,-0.229265,-0.209166,0.282331,0.287638,0.818024,0.815933,0.145439,0.15115,0.248666,0.232415,-0.0034059,-0.00350028
15.99,-1.7862,-1.69329,-9.91529,-9.91663,31.98,31.9661,-5.98112,-5.96528,1.01296,0.992623,2,1.98683,-0.227776,-0.207611,0.284823,0.28916,0.81799,0.815886,0.1525,0.157126,0.24953,0.234847,-0.00352287,-0.00361515
16,-1.846,-1.75332,-9.90498,-9.90692,32,31.9861,-5.97863,-5.96103,1.05016,1.02874,2,1.9868,-0.226215,-0.206026,0.287321,0.290686,0.817954,0.815843,0.15958,0.163096,0.250145,0.237054,-0.00363923,-0.0037294
16.01,-1.90577,-1.81329,-9.89429,-9.89683,32.02,32.0062,-5.97584,-5.95653,1.08746,1.06487,2,1.9868,-0.224584,-0.20441,0.289825,0.292213,0.817917,0.815804,0.166667,0.169052,0.250511,0.239029,-0.00375498,-0.00384311
16.02,-1.96552,-1.87323,-9.88323,-9.88636,32.04,32.0262,-5.97275,-5.95179,1.12484,1.10101,2,1.98682,-0.222882,-0.202762,0.292331,0.293742,0.817879,0.815767,0.17375,0.174978,0.250627,0.240766,-0.00387013,-0.00395637
16.03,-2.02523,-1.93312,-9.87179,-9.87552,32.06,32.0462,-5.96935,-5.94679,1.1623,1.13715,2,1.98686,-0.221109,-0.201084,0.294836,0.295271,0.81784,0.815735,0.180818,0.180866,0.250492,0.242259,-0.00398465,-0.00406917
16.04,-2.0849,-1.99295,-9.85998,-9.86429,32.08,32.0662,-5.96564,-5.94153,1.19983,1.1733,2,1.98692,-0.219266,-0.199373,0.29734,0.2968,0.817799,0.815705,0.187861,0.186709,0.250106,0.243503,-0.00409856,-0.00418147
16.05,-2.14454,-2.05272,-9.84779,-9.85268,32.1,32.0861,-5.9616,-5.93601,1.23743,1.20945,2,1.98701,-0.217352,-0.19763,0.299838,0.298328,0.817758,0.815678,0.194867,0.192493,0.24947,0.244491,-0.00421186,-0.00429345
16.06,-2.20413,-2.11244,-9.83523,-9.84068,32.12,32.1061,-5.95724,-5.93023,1.2751,1.2456,2,1.98712,-0.215369,-0.195854,0.302328,0.299852,0.817715,0.815655,0.201827,0.198211,0.248584,0.245224,-0.00432453,-0.00440502
16.07,-2.26368,-2.17211,-9.82229,-9.8283,32.14,32.1261,-5.95255,-5.92417,1.31282,1.28175,2,1.98726,-0.213316,-0.194046,0.304809,0.301373,0.817671,0.815635,0.20873,0.203853,0.24745,0.24569,-0.00443658,-0.0045163
16.08,-2.32318,-2.23171,-9.80897,-9.81553,32.16,32.146,-5.94753,-5.91785,1.3506,1.3179,2,1.98742,-0.211194,-0.192206,0.307276,0.302889,0.817626,0.815618,0.215565,0.209411,0.246069,0.245892,-0.00454801,-0.00462732
16.09,-2.38263,-2.29124,-9.79528,-9.80238,32.18,32.166,-5.94216,-5.91125,1.38842,1.35404,2,1.9876,-0.209005,-0.190332,0.309729,0.3044,0.81758,0.815605,0.222323,0.214875,0.244444,0.245825,-0.00465881,-0.00473803
16.1,-2.44203,-2.35071,-9.78121,-9.78883,32.2,32.1859,-5.93645,-5.90438,1.42629,1.39017,2,1.98781,-0.206748,-0.188426,0.312164,0.305904,0.817533,0.815594,0.228992,0.220234,0.242576,0.245486,-0.00476898,-0.00484859
16.11,-2.50136,-2.41011,-9.76675,-9.77489,32.22,32.2058,-5.93039,-5.89722,1.46419,1.4263,2,1.98804,-0.204425,-0.186487,0.31458,0.3074,0.817485,0.815586,0.235565,0.225482,0.240469,0.244874,-0.00487852,-0.00495888
16.12,-2.56063,-2.46943,-9.75192,-9.76056,32.24,32.2257,-5.92398,-5.88979,1.50211,1.46241,2,1.9883,-0.202037,-0.184515,0.316973,0.308888,0.817436,0.815581,0.24203,0.230613,0.238126,0.243987,-0.00498743,-0.00506903
16.13,-2.61984,-2.52866,-9.73671,-9.74584,32.26,32.2456,-5.91722,-5.88207,1.54006,1.4985,2,1.98858,-0.199585,-0.182512,0.319342,0.310366,0.817385,0.815579,0.248379,0.235615,0.235549,0.242825,-0.0050957,-0.00517901
16.14,-2.67898,-2.58783,-9.72112,-9.73073,32.28,32.2655,-5.91009,-5.87406,1.57803,1.53458,2,1.98889,-0.19707,-0.180475,0.321683,0.311834,0.817334,0.815579,0.254602,0.240484,0.232744,0.241386,-0.00520334,-0.00528893
16.15,-2.73804,-2.64691,-9.70515,-9.71522,32.3,32.2854,-5.90259,-5.86576,1.616,1.57064,2,1.98922,-0.194493,-0.178407,0.323996,0.31329,0.817281,0.815582,0.26069,0.245212,0.229713,0.239672,-0.00531034,-0.00539875
16.16,-2.79703,-2.70591,-9.6888,-9.69932,32.32,32.3053,-5.89474,-5.85718,1.65397,1.60668,2,1.98957,-0.191857,-0.176307,0.326277,0.314734,0.817227,0.815588,0.266635,0.249789,0.226462,0.237683,-0.00541671,-0.00550856
16.17,-2.85593,-2.76482,-9.67207,-9.68303,32.34,32.3252,-5.88651,-5.8483,1.69194,1.64269,2,1.98995,-0.189161,-0.174175,0.328524,0.316166,0.817173,0.815596,0.272429,0.254216,0.222995,0.235421,-0.00552243,-0.00561831
16.18,-2.91475,-2.82364,-9.65496,-9.66634,32.36,32.345,-5.87791,-5.83913,1.7299,1.67868,2,1.99035,-0.186409,-0.172013,0.330736,0.317583,0.817117,0.815606,0.278063,0.258482,0.219317,0.232888,-0.00562751,-0.00572806
16.19,-2.97349,-2.88237,-9.63747,-9.64927,32.38,32.3649,-5.86894,-5.82967,1.76783,1.71464,2,1.99077,-0.1836,-0.169819,0.33291,0.318985,0.81706,0.815618,0.283529,0.262581,0.215433,0.230086,-0.00573194,-0.00583783
16.2,-3.03213,-2.941,-9.61961,-9.6318,32.4,32.3848,-5.85959,-5.81991,1.80574,1.75056,2,1.99122,-0.180739,-0.167596,0.335044,0.320372,0.817002,0.815632,0.288819,0.266513,0.21135,0.227017,-0.00583573,-0.00594757
16.21,-3.09068,-2.99953,-9.60136,-9.61394,32.42,32.4046,-5.84986,-5.80986,1.84362,1.78645,2,1.99169,-0.177825,-0.165344,0.337136,0.321743,0.816943,0.815649,0.293928,0.270266,0.207072,0.223689,-0.00593888,-0.00605752
16.22,-3.14913,-3.05796,-9.58273,-9.59569,32.44,32.4245,-5.83976,-5.79952,1.88145,1.8223,2,1.99218,-0.174861,-0.163062,0.339185,0.323096,0.816884,0.815667,0.298846,0.273843,0.202607,0.2201,-0.00604137,-0.00616741
16.23,-3.20747,-3.11629,-9.56373,-9.57705,32.46,32.4444,-5.82927,-5.78888,1.91924,1.85811,2,1.9927,-0.171848,-0.160753,0.341188,0.324431,0.816823,0.815686,0.303569,0.277236,0.197961,0.216259,-0.00614321,-0.00627749
16.24,-3.26571,-3.1745,-9.54435,-9.55801,32.48,32.4642,-5.81841,-5.77795,1.95697,1.89388,2,1.99323,-0.16879,-0.158415,0.343143,0.325749,0.816761,0.815708,0.30809,0.280445,0.19314,0.212172,-0.0062444,-0.00638766
16.25,-3.32384,-3.23262,-9.52459,-9.5386,32.5,32.4841,-5.80717,-5.76672,1.99464,1.9296,2,1.99379,-0.165687,-0.156052,0.34505,0.327047,0.816698,0.81573,0.312402,0.283463,0.188151,0.207843,-0.00634494,-0.00649795
16.26,-3.38185,-3.29061,-9.50446,-9.5188,32.52,32.504,-5.79554,-5.7552,2.03224,1.96527,2,1.99436,-0.162543,-0.153663,0.346906,0.328324,0.816634,0.815754,0.316501,0.286291,0.183001,0.203277,-0.00644483,-0.0066083
16.27,-3.43975,-3.34849,-9.48395,-9.49862,32.54,32.5239,-5.78354,-5.74339,2.06976,2.00088,2,1.99496,-0.159358,-0.151248,0.34871,0.329582,0.816569,0.815778,0.32038,0.288924,0.177698,0.198483,-0.00654405,-0.00671895
16.28,-3.49752,-3.40625,-9.46306,-9.47805,32.56,32.5437,-5.77115,-5.73129,2.1072,2.03644,2,1.99557,-0.156136,-0.14881,0.350459,0.330818,0.816503,0.815804,0.324035,0.291362,0.172249,0.193468,-0.00664262,-0.00682969
16.29,-3.55517,-3.46389,-9.4418,-9.45711,32.58,32.5636,-5.75839,-5.71891,2.14454,2.07194,2,1.9962,-0.152878,-0.146348,0.352154,0.332034,0.816436,0.81583,0.327462,0.293604,0.166662,0.188239,-0.00674053,-0.00694065
16.3,-3.61269,-3.52139,-9.42017,-9.43579,32.6,32.5835,-5.74525,-5.70623,2.18179,2.10737,2,1.99685,-0.149587,-0.143865,0.353792,0.333226,0.816368,0.815857,0.330657,0.295648,0.160944,0.182807,-0.00683779,-0.00705165
16.31,-3.67008,-3.57877,-9.39817,-9.41409,32.62,32.6033,-5.73173,-5.69328,2.21893,2.14273,2,1.99752,-0.146266,-0.141361,0.355373,0.334396,0.816299,0.815884,0.333615,0.297495,0.155104,0.177176,-0.00693438,-0.00716295
16.32,-3.72732,-3.63602,-9.37579,-9.39203,32.64,32.6232,-5.71784,-5.68003,2.25596,2.17803,2,1.9982,-0.142916,-0.138837,0.356894,0.335542,0.816229,0.815911,0.336333,0.299144,0.14915,0.171357,-0.0070303,-0.00727447
16.33,-3.78443,-3.69313,-9.35305,-9.36959,32.66,32.6431,-5.70357,-5.66651,2.29286,2.21325,2,1.99889,-0.13954,-0.136294,0.358355,0.336665,0.816159,0.815939,0.338808,0.300595,0.143091,0.165361,-0.00712557,-0.00738618
16.34,-3.84139,-3.7501,-9.32994,-9.34679,32.68,32.663,-5.68894,-5.65271,2.32964,2.24839,2,1.9996,-0.13614,-0.133733,0.359755,0.337764,0.816087,0.815966,0.341038,0.301849,0.136934,0.159195,-0.00722017,-0.00749809
16.35,-3.89821,-3.80693,-9.30646,-9.32363,32.7,32.6829,-5.67394,-5.63864,2.36629,2.28345,2,2.00032,-0.13272,-0.131157,0.361094,0.338839,0.816014,0.815993,0.34302,0.302905,0.130688,0.152868,-0.0073141,-0.00761015
16.36,-3.95487,-3.86361,-9.28261,-9.3001,32.72,32.7028,-5.65857,-5.62429,2.4028,2.31842,2,2.00105,-0.129281,-0.128565,0.362369,0.339888,0.815941,0.816019,0.344753,0.303766,0.124362,0.146396,-0.00740737,-0.00772249
16.37,-4.01138,-3.92014,-9.2584,-9.27622,32.74,32.7226,-5.64284,-5.60968,2.43916,2.35331,2,2.0018,-0.125826,-0.12596,0.363581,0.340912,0.815866,0.816044,0.346234,0.304433,0.117965,0.139787,-0.00749997,-0.00783497
16.38,-4.06773,-3.9765,-9.23383,-9.25199,32.76,32.7425,-5.62676,-5.5948,2.47536,2.38809,2,2.00255,-0.122357,-0.123342,0.364728,0.34191,0.815791,0.816069,0.347464,0.304909,0.111506,0.133051,-0.0075919,-0.0079476
16.39,-4.12391,-4.03272,-9.20889,-9.2274,32.78,32.7624,-5.61032,-5.57966,2.51141,2.42278,2,2.00331,-0.118877,-0.120713,0.365811,0.342882,0.815714,0.816093,0.348441,0.305194,0.104993,0.126196,-0.00768316,-0.00806051
16.4,-4.17993,-4.08878,-9.1836,-9.20246,32.8,32.7823,-5.59353,-5.56425,2.54729,2.45737,2,2.00408,-0.115389,-0.118074,0.366828,0.343828,0.815637,0.816115,0.349164,0.30529,0.0984353,0.119239,-0.00777375,-0.0081736
16.41,-4.23578,-4.14467,-9.15795,-9.17719,32.82,32.8022,-5.57639,-5.54859,2.583,2.49185,2,2.00486,-0.111895,-0.115426,0.367779,0.344748,0.815559,0.816135,0.349635,0.305203,0.0918423,0.112187,-0.00786366,-0.00828689
16.42,-4.29146,-4.20039,-9.13194,-9.15157,32.84,32.8221,-5.55891,-5.53268,2.61852,2.52622,2,2.00564,-0.108397,-0.112771,0.368664,0.34564,0.81548,0.816154,0.349853,0.304932,0.0852228,0.105056,-0.00795291,-0.00840033
16.43,-4.34696,-4.25594,-9.10558,-9.12561,32.86,32.842,-5.54109,-5.51652,2.65387,2.56047,2,2.00642,-0.104899,-0.11011,0.369483,0.346506,0.8154,0.816171,0.349819,0.30448,0.0785859,0.097854,-0.00804148,-0.00851391
16.44,-4.40228,-4.31132,-9.07886,-9.09932,32.88,32.8619,-5.52295,-5.50011,2.68902,2.59461,2,2.00721,-0.101402,-0.107445,0.370236,0.347343,0.815319,0.816186,0.349535,0.303853,0.0719408,0.0905934,-0.00812937,-0.00862775
16.45,-4.45742,-4.36651,-9.0518,-9.07271,32.9,32.8818,-5.50447,-5.48346,2.72398,2.62863,2,2.008,-0.0979087,-0.104777,0.370922,0.348154,0.815237,0.816198,0.349002,0.303053,0.0652963,0.0832881,-0.00821659,-0.00874169
16.46,-4.51237,-4.4215,-9.02439,-9.04577,32.92,32.9016,-5.48568,-5.46658,2.75874,2.66251,2,2.00879,-0.0944224,-0.102108,0.371542,0.348936,0.815155,0.816208,0.348222,0.302083,0.0586616,0.0759506,-0.00830314,-0.00885577
16.47,-4.56713,-4.47632,-8.99662,-9.0185,32.94,32.9215,-5.46656,-5.44946,2.7933,2.69627,2,2.00958,-0.0909451,-0.0994372,0.372096,0.349691,0.815071,0.816216,0.347198,0.300945,0.0520456,0.068587,-0.008389,-0.00897003
16.48,-4.6217,-4.53096,-8.96852,-8.99091,32.96,32.9414,-5.44714,-5.43211,2.82764,2.7299,2,2.01037,-0.0874793,-0.0967674,0.372583,0.350417,0.814987,0.81622,0.345932,0.299645,0.0454573,0.0612162,-0.00847419,-0.00908442
16.49,-4.67607,-4.58539,-8.94007,-8.963,32.98,32.9613,-5.42742,-5.41453,2.86177,2.76338,2,2.01116,-0.0840273,-0.0941007,0.373005,0.351115,0.814902,0.816221,0.344427,0.298187,0.0389057,0.0538436,-0.0085587,-0.00919883
16.5,-4.73025,-4.63963,-8.91129,-8.93478,33,32.9812,-5.40739,-5.39673,2.89568,2.79673,2,2.01194,-0.0805915,-0.0914378,0.373361,0.351785,0.814816,0.81622,0.342687,0.296574,0.0323994,0.0464882,-0.00864253,-0.00931341
16.51,-4.78422,-4.69367,-8.88216,-8.90625,33.02,33.001,-5.38708,-5.3787,2.92937,2.82992,2,2.01272,-0.0771743,-0.0887798,0.373653,0.352426,0.814729,0.816214,0.340715,0.29481,0.0259472,0.0391548,-0.00872569,-0.009428
16.52,-4.83799,-4.7475,-8.8527,-8.87741,33.04,33.0209,-5.36647,-5.36047,2.96283,2.86297,2,2.01349,-0.073778,-0.086128,0.373881,0.353038,0.814641,0.816205,0.338516,0.292901,0.0195577,0.0318588,-0.00880816,-0.00954271
16.53,-4.89155,-4.80114,-8.8229,-8.84827,33.06,33.0407,-5.34559,-5.34201,2.99605,2.89587,2,2.01425,-0.0704047,-0.083484,0.374044,0.353622,0.814553,0.816192,0.336094,0.290848,0.0132394,0.0246117,-0.00888995,-0.00965747
16.54,-4.9449,-4.85455,-8.79278,-8.81882,33.08,33.0606,-5.32444,-5.32335,3.02905,2.92861,2,2.015,-0.0670568,-0.080849,0.374146,0.354177,0.814463,0.816175,0.333455,0.288658,0.00700067,0.017424,-0.00897106,-0.00977234
16.55,-4.99803,-4.90775,-8.76232,-8.78909,33.1,33.0804,-5.30303,-5.30449,3.0618,2.96119,2,2.01575,-0.0637363,-0.0782241,0.374185,0.354703,0.814373,0.816154,0.330602,0.286334,0.000849729,0.0103069,-0.00905149,-0.00988711
16.56,-5.05096,-4.96074,-8.73154,-8.75904,33.12,33.1003,-5.28135,-5.28542,3.09431,2.99361,2,2.01649,-0.0604455,-0.0756105,0.374163,0.3552,0.814282,0.816129,0.327542,0.28388,-0.00520537,0.00327091,-0.00913123,-0.0100019
16.57,-5.10366,-5.01352,-8.70044,-8.72871,33.14,33.1201,-5.25943,-5.26615,3.12658,3.02586,2,2.01721,-0.0571862,-0.0730089,0.374081,0.355669,0.814191,0.816099,0.32428,0.281303,-0.0111567,-0.00367387,-0.0092103,-0.0101167
16.58,-5.15614,-5.06607,-8.66901,-8.69808,33.16,33.1399,-5.23726,-5.24669,3.1586,3.05795,2,2.01792,-0.0539605,-0.0704214,0.37394,0.356109,0.814098,0.816064,0.320822,0.278605,-0.0169967,-0.0105136,-0.00928867,-0.0102315
16.59,-5.20841,-5.1184,-8.63727,-8.66716,33.18,33.1598,-5.21485,-5.22703,3.19037,3.08987,2,2.01862,-0.0507704,-0.0678486,0.373741,0.356519,0.814005,0.816025,0.317175,0.275789,-0.0227177,-0.0172434,-0.00936637,-0.0103461
16.6,-5.26044,-5.17051,-8.60521,-8.63595,33.2,33.1796,-5.19222,-5.20718,3.2219,3.12161,2,2.0193,-0.0476176,-0.0652912,0.373486,0.356901,0.813911,0.815981,0.313345,0.272865,-0.0283124,-0.023851,-0.00944338,-0.0104608
16.61,-5.31225,-5.2224,-8.57283,-8.60445,33.22,33.1994,-5.16936,-5.18714,3.25316,3.15318,2,2.01996,-0.0445041,-0.0627509,0.373176,0.357254,0.813816,0.815931,0.309339,0.269831,-0.0337738,-0.0303245,-0.00951971,-0.0105753
16.62,-5.36383,-5.27406,-8.54014,-8.57267,33.24,33.2192,-5.14629,-5.16692,3.28418,3.18457,2,2.02061,-0.0414314,-0.0602285,0.372811,0.357579,0.81372,0.815877,0.305165,0.266695,-0.0390951,-0.0366577,-0.00959535,-0.0106897
16.63,-5.41517,-5.32548,-8.50715,-8.54061,33.26,33.239,-5.12301,-5.14652,3.31494,3.21578,2,2.02124,-0.0384013,-0.0577252,0.372394,0.357875,0.813624,0.815816,0.300828,0.263463,-0.0442695,-0.0428425,-0.00967031,-0.010804
16.64,-5.46629,-5.37668,-8.47385,-8.50826,33.28,33.2588,-5.09953,-5.12594,3.34544,3.24681,2,2.02186,-0.0354153,-0.0552406,0.371926,0.358142,0.813527,0.815751,0.296338,0.260136,-0.0492908,-0.0488652,-0.00974458,-0.0109181
16.65,-5.51716,-5.42765,-8.44024,-8.47563,33.3,33.2786,-5.07586,-5.10518,3.37568,3.27765,2,2.02245,-0.032475,-0.0527774,0.371409,0.358381,0.813429,0.81568,0.291702,0.25672,-0.0541529,-0.0547224,-0.00981817,-0.011032
16.66,-5.5678,-5.47839,-8.40633,-8.44271,33.32,33.2984,-5.052,-5.08424,3.40566,3.30832,2,2.02303,-0.0295818,-0.0503347,0.370844,0.358592,0.813331,0.815603,0.286927,0.25322,-0.0588498,-0.0604048,-0.00989107,-0.0111457
16.67,-5.6182,-5.52889,-8.37213,-8.40952,33.34,33.3182,-5.02797,-5.06313,3.43539,3.33879,2,2.02358,-0.0267369,-0.0479143,0.370233,0.358775,0.813231,0.81552,0.282023,0.24964,-0.0633763,-0.0659054,-0.00996328,-0.0112592
16.68,-5.66836,-5.57917,-8.33763,-8.37605,33.36,33.3379,-5.00377,-5.04185,3.46486,3.36908,2,2.02411,-0.0239417,-0.0455164,0.369577,0.35893,0.813131,0.815432,0.276997,0.245984,-0.0677269,-0.0712169,-0.0100348,-0.0113724
16.69,-5.71828,-5.62921,-8.30283,-8.34229,33.38,33.3577,-4.9794,-5.0204,3.49406,3.39919,2,2.02462,-0.0211974,-0.0431419,0.368879,0.359057,0.813031,0.815337,0.271857,0.242256,-0.0718967,-0.0763316,-0.0101057,-0.0114854
16.7,-5.76795,-5.67902,-8.26775,-8.30826,33.4,33.3775,-4.95488,-4.99878,3.52301,3.4291,2,2.0251,-0.0185049,-0.0407914,0.36814,0.359157,0.812929,0.815236,0.266614,0.238463,-0.0758812,-0.0812446,-0.0101758,-0.011598
16.71,-5.81738,-5.72859,-8.23237,-8.27396,33.42,33.3973,-4.93021,-4.97699,3.55171,3.45883,2,2.02557,-0.0158654,-0.0384656,0.367362,0.35923,0.812827,0.81513,0.261275,0.234608,-0.0796759,-0.0859502,-0.0102453,-0.0117103
16.72,-5.86655,-5.77794,-8.19671,-8.23937,33.44,33.417,-4.9054,-4.95505,3.58014,3.48836,2,2.026,-0.0132797,-0.0361644,0.366547,0.359276,0.812724,0.815017,0.255849,0.230695,-0.0832771,-0.0904419,-0.0103141,-0.0118223
16.73,-5.91548,-5.82705,-8.16077,-8.2045,33.46,33.4368,-4.88046,-4.93293,3.60832,3.51771,2,2.02642,-0.0107487,-0.0338884,0.365697,0.359295,0.812621,0.814897,0.250345,0.22673,-0.0866809,-0.0947166,-0.0103822,-0.0119338
16.74,-5.96416,-5.87594,-8.12455,-8.16935,33.48,33.4566,-4.85538,-4.91066,3.63624,3.54687,2,2.0268,-0.00827305,-0.0316384,0.364814,0.359289,0.812517,0.814772,0.244773,0.222713,-0.0898841,-0.0987665,-0.0104496,-0.0120449
16.75,-6.01259,-5.92459,-8.08805,-8.13393,33.5,33.4764,-4.83019,-4.88822,3.66392,3.57584,2,2.02717,-0.00585343,-0.0294143,0.3639,0.359256,0.812412,0.81464,0.239141,0.218656,-0.0928837,-0.102591,-0.0105163,-0.0121555
16.76,-6.06077,-5.97301,-8.05127,-8.09822,33.52,33.4961,-4.80489,-4.86563,3.69134,3.60463,2,2.0275,-0.00349039,-0.0272166,0.362957,0.359198,0.812306,0.814502,0.23346,0.214558,-0.0956772,-0.106185,-0.0105823,-0.0122657
16.77,-6.10869,-6.0212,-8.01422,-8.06223,33.54,33.5159,-4.77947,-4.84288,3.71851,3.63322,2,2.02781,-0.00118437,-0.0250455,0.361987,0.359114,0.8122,0.814357,0.227738,0.210423,-0.0982622,-0.109546,-0.0106477,-0.0123754
16.78,-6.15635,-6.06916,-7.9769,-8.02597,33.56,33.5357,-4.75396,-4.81997,3.74543,3.66163,2,2.02809,0.00106427,-0.022901,0.360992,0.359006,0.812093,0.814206,0.221985,0.20626,-0.100637,-0.112671,-0.0107124,-0.0124845
16.79,-6.20377,-6.1169,-7.93931,-7.98942,33.58,33.5555,-4.72835,-4.79691,3.77211,3.68985,2,2.02834,0.00325526,-0.0207834,0.359975,0.358874,0.811986,0.814049,0.216209,0.202071,-0.1028,-0.115558,-0.0107763,-0.012593
16.8,-6.25092,-6.1644,-7.90146,-7.9526,33.6,33.5753,-4.70266,-4.7737,3.79855,3.71788,2,2.02857,0.00538842,-0.0186935,0.358937,0.358718,0.811878,0.813885,0.210422,0.19786,-0.104749,-0.118204,-0.0108396,-0.0127009
16.81,-6.29782,-6.21168,-7.86334,-7.9155,33.62,33.5951,-4.67688,-4.75033,3.82475,3.74573,2,2.02877,0.00746368,-0.0166296,0.357881,0.35854,0.811769,0.813715,0.204631,0.193634,-0.106485,-0.120608,-0.0109022,-0.0128082
16.82,-6.34446,-6.25874,-7.82496,-7.87811,33.64,33.6149,-4.65103,-4.7268,3.85071,3.7734,2,2.02894,0.00948105,-0.0145925,0.356808,0.358338,0.81166,0.813539,0.198846,0.189394,-0.108007,-0.122774,-0.0109642,-0.0129147
16.83,-6.39084,-6.30557,-7.78633,-7.84044,33.66,33.6348,-4.6251,-4.70313,3.87644,3.80088,2,2.02908,0.0114406,-0.0125824,0.355721,0.358114,0.81155,0.813357,0.193077,0.185149,-0.109314,-0.124696,-0.0110254,-0.0130206
16.84,-6.43696,-6.35219,-7.74744,-7.80249,33.68,33.6546,-4.59911,-4.67931,3.90194,3.82819,2,2.02919,0.0133427,-0.0105989,0.354622,0.357869,0.811439,0.813168,0.187332,0.1809,-0.110407,-0.126377,-0.011086,-0.0131258
16.85,-6.48282,-6.39858,-7.70829,-7.76426,33.7,33.6745,-4.57306,-4.65534,3.92721,3.85531,2,2.02927,0.0151874,-0.0086417,0.353514,0.357603,0.811328,0.812973,0.181622,0.176655,-0.111286,-0.127816,-0.0111458,-0.01323
16.86,-6.52842,-6.44475,-7.66889,-7.72574,33.72,33.6943,-4.54696,-4.63122,3.95225,3.88226,2,2.02932,0.0169752,-0.00671075,0.352397,0.357317,0.811216,0.812773,0.175955,0.172419,-0.111953,-0.129013,-0.011205,-0.0133334
16.87,-6.57376,-6.4907,-7.62925,-7.68695,33.74,33.7142,-4.52081,-4.60696,3.97708,3.90903,2,2.02935,0.0187067,-0.00480565,0.351275,0.357011,0.811104,0.812566,0.170339,0.168193,-0.112409,-0.129975,-0.0112635,-0.013436
16.88,-6.61884,-6.53642,-7.58935,-7.64788,33.76,33.7341,-4.49461,-4.58255,4.0017,3.93562,2,2.02934,0.0203822,-0.00292706,0.35015,0.356687,0.810991,0.812354,0.164785,0.163988,-0.112656,-0.130699,-0.0113213,-0.0135376
16.89,-6.66365,-6.58193,-7.54921,-7.60852,33.78,33.754,-4.46837,-4.558,4.0261,3.96204,2,2.02931,0.0220026,-0.00107267,0.349023,0.356345,0.810878,0.812135,0.159301,0.159803,-0.112695,-0.131191,-0.0113785,-0.0136383
16.9,-6.70821,-6.62722,-7.50883,-7.56888,33.8,33.7739,-4.44209,-4.5333,4.05029,3.98829,2,2.02925,0.0235685,0.000756239,0.347897,0.355986,0.810764,0.811912,0.153895,0.155648,-0.112529,-0.13145,-0.0114349,-0.0137379
16.91,-6.75249,-6.6723,-7.46821,-7.52896,33.82,33.7938,-4.41579,-4.50847,4.07428,4.01438,2,2.02916,0.0250808,0.0025612,0.346773,0.35561,0.810649,0.811682,0.148576,0.151526,-0.112162,-0.131484,-0.0114907,-0.0138366
16.92,-6.79652,-6.71716,-7.42735,-7.48876,33.84,33.8137,-4.38945,-4.48349,4.09807,4.04029,2,2.02904,0.0265404,0.00434243,0.345654,0.355219,0.810534,0.811448,0.143352,0.147443,-0.111595,-0.131293,-0.0115458,-0.0139341
16.93,-6.84028,-6.7618,-7.38625,-7.44828,33.86,33.8337,-4.36309,-4.45837,4.12167,4.06604,2,2.02889,0.0279482,0.00610005,0.344542,0.354813,0.810418,0.811208,0.138232,0.143404,-0.110833,-0.130881,-0.0116002,-0.0140305
16.94,-6.88378,-6.80623,-7.34491,-7.40753,33.88,33.8536,-4.3367,-4.43313,4.14507,4.09162,2,2.02871,0.0293054,0.00783502,0.343438,0.354394,0.810302,0.810964,0.133223,0.139414,-0.109879,-0.130257,-0.0116539,-0.0141256
16.95,-6.92702,-6.85043,-7.30335,-7.3665,33.9,33.8736,-4.3103,-4.40774,4.16829,4.11705,2,2.0285,0.030613,0.00954748,0.342345,0.353961,0.810185,0.810714,0.128332,0.135481,-0.108737,-0.129424,-0.011707,-0.0142196
16.96,-6.96999,-6.89442,-7.26155,-7.32521,33.92,33.8936,-4.28388,-4.38223,4.19133,4.14231,2,2.02827,0.0318724,0.0112385,0.341264,0.353517,0.810068,0.81046,0.123569,0.131608,-0.107412,-0.128383,-0.0117594,-0.0143121
16.97,-7.01269,-6.93819,-7.21952,-7.28363,33.94,33.9136,-4.25745,-4.35659,4.21419,4.16741,2,2.028,0.0330849,0.0129087,0.340197,0.353063,0.80995,0.810201,0.118939,0.127801,-0.105909,-0.127147,-0.0118111,-0.0144034
16.98,-7.05514,-6.98174,-7.17726,-7.24179,33.96,33.9336,-4.23101,-4.33081,4.23688,4.19235,2,2.02771,0.0342517,0.0145587,0.339146,0.352598,0.809831,0.809939,0.11445,0.124066,-0.104232,-0.125718,-0.0118621,-0.0144933
16.99,-7.09732,-7.02508,-7.13478,-7.19968,33.98,33.9536,-4.20456,-4.30491,4.2594,4.21714,2,2.0274,0.0353744,0.0161891,0.338113,0.352124,0.809712,0.809671,0.110109,0.120409,-0.102386,-0.124104,-0.0119124,-0.0145819
17,-7.13923,-7.06819,-7.09208,-7.15729,34,33.9737,-4.1781,-4.27889,4.28176,4.24178,2,2.02705,0.0364544,0.0178013,0.337099,0.351643,0.809593,0.8094,0.105922,0.116834,-0.100378,-0.122309,-0.0119621,-0.0146688
17.01,-7.18088,-7.11109,-7.04915,-7.11465,34.02,33.9937,-4.15164,-4.25274,4.30395,4.26627,2,2.02668,0.0374933,0.0193953,0.336106,0.351155,0.809473,0.809126,0.101896,0.113351,-0.0982134,-0.120344,-0.0120111,-0.0147542
17.02,-7.22226,-7.15376,-7.006,-7.07174,34.04,34.0137,-4.12517,-4.22647,4.326,4.2906,2,2.02628,0.0384928,0.0209724,0.335135,0.350661,0.809353,0.808848,0.0980358,0.109963,-0.0958978,-0.118213,-0.0120594,-0.0148381
17.03,-7.26338,-7.1962,-6.96263,-7.02858,34.06,34.0338,-4.0987,-4.20009,4.3479,4.31479,2,2.02586,0.0394546,0.0225327,0.334189,0.350162,0.809232,0.808567,0.0943479,0.106676,-0.0934377,-0.11593,-0.012107,-0.0149204
17.04,-7.30423,-7.23842,-6.91904,-6.98516,34.08,34.0539,-4.07223,-4.17359,4.36965,4.33883,2,2.02541,0.0403804,0.0240778,0.333267,0.34966,0.809111,0.808283,0.0908375,0.103494,-0.0908398,-0.113492,-0.012154,-0.0150009
17.05,-7.34482,-7.28041,-6.87524,-6.94149,34.1,34.0739,-4.04575,-4.14699,4.39126,4.36272,2,2.02493,0.041272,0.0256084,0.332372,0.349156,0.808989,0.807996,0.0875098,0.100428,-0.0881107,-0.110919,-0.0122003,-0.0150797
17.06,-7.38515,-7.32217,-6.83122,-6.89757,34.12,34.094,-4.01928,-4.12027,4.41274,4.38646,2,2.02443,0.0421312,0.027125,0.331505,0.34865,0.808867,0.807707,0.0843693,0.0974765,-0.0852575,-0.108212,-0.0122459,-0.0151567
17.07,-7.42521,-7.3637,-6.78698,-6.8534,34.14,34.114,-3.9928,-4.09344,4.43408,4.41007,2,2.02391,0.04296,0.0286288,0.330667,0.348143,0.808744,0.807415,0.0814207,0.0946493,-0.0822874,-0.10538,-0.0122908,-0.0152318
17.08,-7.46501,-7.405,-6.74254,-6.80899,34.16,34.1341,-3.96633,-4.0665,4.45531,4.43353,2,2.02336,0.0437603,0.0301209,0.32986,0.347638,0.808621,0.807122,0.0786679,0.0919512,-0.0792077,-0.102434,-0.0123351,-0.0153051
17.09,-7.50454,-7.44606,-6.69788,-6.76433,34.18,34.1542,-3.93985,-4.03947,4.4764,4.45686,2,2.02279,0.044534,0.0316021,0.329084,0.347134,0.808497,0.806827,0.0761148,0.0893894,-0.0760259,-0.0993847,-0.0123787,-0.0153765
17.1,-7.5438,-7.48688,-6.65301,-6.71945,34.2,34.1742,-3.91338,-4.01233,4.49739,4.48004,2,2.0222,0.0452833,0.0330728,0.32834,0.346632,0.808373,0.80653,0.0737647,0.0869642,-0.0727498,-0.0962353,-0.0124217,-0.0154459
17.11,-7.5828,-7.52746,-6.60793,-6.67432,34.22,34.1943,-3.8869,-3.9851,4.51825,4.50309,2,2.02159,0.04601,0.0345348,0.327629,0.346135,0.808249,0.806232,0.0716207,0.0846867,-0.0693871,-0.0929979,-0.0124639,-0.0155133
17.12,-7.62154,-7.56779,-6.56264,-6.62897,34.24,34.2143,-3.86041,-3.95777,4.53901,4.526,2,2.02095,0.0467164,0.0359882,0.326952,0.345642,0.808124,0.805934,0.0696857,0.0825599,-0.0659458,-0.089681,-0.0125055,-0.0155787
17.13,-7.66001,-7.60787,-6.51715,-6.5834,34.26,34.2343,-3.83393,-3.93036,4.55967,4.54877,2,2.0203,0.0474044,0.0374341,0.32631,0.345156,0.807999,0.805634,0.0679618,0.0805877,-0.0624341,-0.0862953,-0.0125465,-0.0156419
17.14,-7.69822,-7.64771,-6.47145,-6.5376,34.28,34.2544,-3.80743,-3.90284,4.58022,4.57141,2,2.01962,0.0480763,0.0388742,0.325704,0.344676,0.807873,0.805334,0.0664512,0.0787742,-0.0588599,-0.0828473,-0.0125868,-0.015703
17.15,-7.73616,-7.68729,-6.42555,-6.49158,34.3,34.2744,-3.78093,-3.87524,4.60068,4.59391,2,2.01893,0.0487342,0.0403087,0.325133,0.344204,0.807747,0.805034,0.0651554,0.0771247,-0.0552317,-0.0793522,-0.0126264,-0.0157619
17.16,-7.77384,-7.72662,-6.37944,-6.44534,34.32,34.2944,-3.75442,-3.84756,4.62105,4.61629,2,2.01821,0.0493801,0.041739,0.324599,0.34374,0.807621,0.804734,0.0640758,0.0756416,-0.0515577,-0.0758104,-0.0126653,-0.0158186
17.17,-7.81125,-7.76569,-6.33312,-6.39889,34.34,34.3144,-3.7279,-3.81978,4.64132,4.63853,2,2.01748,0.0500164,0.0431656,0.324102,0.343285,0.807494,0.804434,0.0632132,0.0743327,-0.0478463,-0.0722349,-0.0127036,-0.0158731
17.18,-7.8484,-7.80449,-6.28661,-6.35223,34.36,34.3344,-3.70137,-3.79193,4.66151,4.66064,2,2.01674,0.0506451,0.0445896,0.323642,0.342841,0.807367,0.804134,0.0625683,0.0731982,-0.0441059,-0.0686345,-0.0127413,-0.0159254
17.19,-7.88528,-7.84303,-6.23989,-6.30536,34.38,34.3543,-3.67482,-3.76399,4.68162,4.68262,2,2.01597,0.0512685,0.0460119,0.32322,0.342408,0.807239,0.803836,0.0621411,0.0722444,-0.0403449,-0.0650196,-0.0127782,-0.0159753
17.2,-7.92189,-7.8813,-6.19298,-6.25829,34.4,34.3743,-3.64826,-3.73598,4.70165,4.70447,2,2.0152,0.0518887,0.0474331,0.322836,0.341986,0.807111,0.803538,0.0619315,0.0714699,-0.0365718,-0.061398,-0.0128145,-0.016023
17.21,-7.95824,-7.9193,-6.14586,-6.21102,34.42,34.3942,-3.62167,-3.70789,4.7216,4.72618,2,2.0144,0.0525079,0.048855,0.322489,0.341577,0.806983,0.803241,0.061939,0.0708812,-0.0327951,-0.0577764,-0.0128502,-0.0160683
17.22,-7.99433,-7.95703,-6.09855,-6.16354,34.44,34.4141,-3.59506,-3.67972,4.74147,4.74778,2,2.0136,0.0531282,0.0502775,0.32218,0.34118,0.806854,0.802946,0.0621626,0.0704806,-0.0290231,-0.0541672,-0.0128852,-0.0161112
17.23,-8.03014,-7.99448,-6.05103,-6.11587,34.46,34.434,-3.56842,-3.65146,4.76128,4.76925,2,2.01278,0.0537518,0.0517023,0.321908,0.340796,0.806725,0.802652,0.062601,0.0702678,-0.0252642,-0.0505724,-0.0129195,-0.0161519
17.24,-8.06569,-8.03166,-6.00332,-6.068,34.48,34.4539,-3.54175,-3.62314,4.78102,4.79059,2,2.01195,0.0543809,0.0531298,0.321674,0.340427,0.806596,0.802361,0.0632527,0.0702448,-0.0215268,-0.047005,-0.0129532,-0.0161901
17.25,-8.10098,-8.06855,-5.95541,-6.01993,34.5,34.4737,-3.51505,-3.59474,4.8007,4.8118,2,2.01111,0.0550176,0.0545606,0.321478,0.340071,0.806466,0.802071,0.0641155,0.0704154,-0.0178192,-0.0434722,-0.0129863,-0.016226
17.26,-8.13599,-8.10516,-5.90731,-5.97168,34.52,34.4935,-3.48831,-3.56626,4.82031,4.83289,2,2.01025,0.0556639,0.055996,0.321318,0.33973,0.806336,0.801783,0.0651873,0.0707757,-0.0141495,-0.0399797,-0.0130187,-0.0162595
17.27,-8.17074,-8.14148,-5.85901,-5.92323,34.54,34.5134,-3.46153,-3.53771,4.83986,4.85386,2,2.00939,0.056322,0.057437,0.321194,0.339404,0.806206,0.801498,0.0664652,0.0713297,-0.010526,-0.0365359,-0.0130504,-0.0162907
17.28,-8.20523,-8.17751,-5.81051,-5.87459,34.56,34.5332,-3.4347,-3.50908,4.85935,4.8747,2,2.00853,0.0569939,0.0588838,0.321107,0.339093,0.806075,0.801215,0.0679464,0.0720782,-0.00695646,-0.0331504,-0.0130815,-0.0163194
17.29,-8.23944,-8.21325,-5.76182,-5.82577,34.58,34.5529,-3.40783,-3.48037,4.87878,4.89542,2,2.00765,0.0576816,0.0603376,0.321055,0.338797,0.805944,0.800935,0.0696273,0.0730183,-0.00344892,-0.0298243,-0.013112,-0.0163458
17.3,-8.27338,-8.2487,-5.71293,-5.77676,34.6,34.5727,-3.38091,-3.45159,4.89815,4.91601,2,2.00677,0.0583871,0.0617984,0.321038,0.338517,0.805813,0.800658,0.0715043,0.0741488,-1.11043e-05,-0.02657,-0.0131418,-0.0163699
17.31,-8.30706,-8.28385,-5.66386,-5.72756,34.62,34.5924,-3.35393,-3.42273,4.91748,4.93648,2,2.00588,0.0591123,0.0632676,0.321055,0.338251,0.805681,0.800383,0.0735734,0.0754709,0.00334938,-0.0233894,-0.0131709,-0.0163916
17.32,-8.34046,-8.31871,-5.61459,-5.67817,34.64,34.6121,-3.32689,-3.39379,4.93674,4.95683,2,2.005,0.0598592,0.0647466,0.321105,0.338001,0.805549,0.800112,0.0758303,0.0769809,0.00662508,-0.0202893,-0.0131995,-0.0164111
17.33,-8.37359,-8.35327,-5.56512,-5.6286,34.66,34.6319,-3.29978,-3.36477,4.95596,4.97706,2,2.0041,0.0606295,0.0662346,0.321187,0.337765,0.805417,0.799843,0.0782703,0.0786779,0.0098087,-0.0172793,-0.0132273,-0.0164282
17.34,-8.40646,-8.38752,-5.51547,-5.57884,34.68,34.6516,-3.27261,-3.33567,4.97512,4.99716,2,2.00321,0.0614252,0.067733,0.3213,0.337544,0.805285,0.799578,0.0808885,0.0805584,0.0128932,-0.0143613,-0.0132546,-0.0164431
17.35,-8.43905,-8.42148,-5.46562,-5.52889,34.7,34.6712,-3.24536,-3.30648,4.99423,5.01715,2,2.00231,0.0622479,0.0692424,0.321444,0.337337,0.805152,0.799317,0.0836797,0.0826175,0.0158715,-0.011541,-0.0132812,-0.0164558
17.36,-8.47136,-8.45513,-5.41558,-5.47875,34.72,34.6909,-3.21804,-3.27721,5.01329,5.03701,2,2.00142,0.0630993,0.0707633,0.321617,0.337145,0.805019,0.799058,0.0866384,0.0848557,0.0187371,-0.00882234,-0.0133071,-0.0164663
17.37,-8.50341,-8.48847,-5.36535,-5.42843,34.74,34.7106,-3.19063,-3.24785,5.0323,5.05675,2,2.00053,0.0639812,0.0722963,0.321819,0.336965,0.804886,0.798804,0.0897588,0.0872641,0.0214834,-0.00621296,-0.0133325,-0.0164747
17.38,-8.53517,-8.5215,-5.31494,-5.37792,34.76,34.7302,-3.16314,-3.21841,5.05125,5.07636,2,1.99964,0.064895,0.0738419,0.322047,0.3368,0.804752,0.798553,0.0930349,0.0898416,0.0241041,-0.00371589,-0.0133572,-0.016481
17.39,-8.56667,-8.55423,-5.26433,-5.32722,34.78,34.7499,-3.13556,-3.18887,5.07016,5.09585,2,1.99875,0.0658424,0.0754006,0.3223,0.336646,0.804619,0.798305,0.0964605,0.0925833,0.0265932,-0.00133385,-0.0133812,-0.0164852
17.4,-8.59789,-8.58666,-5.21353,-5.27633,34.8,34.7695,-3.10788,-3.15923,5.08901,5.11523,2,1.99787,0.0668247,0.0769733,0.322578,0.336503,0.804485,0.798061,0.100029,0.0954841,0.0289449,0.000928268,-0.0134047,-0.0164874
17.41,-8.62883,-8.61876,-5.16255,-5.22525,34.82,34.7891,-3.08011,-3.1295,5.1078,5.13448,2,1.99699,0.0678434,0.0785595,0.322879,0.336372,0.804351,0.797821,0.103734,0.0985362,0.0311537,0.00306748,-0.0134275,-0.0164877
17.42,-8.65949,-8.65056,-5.11138,-5.17397,34.84,34.8088,-3.05222,-3.09967,5.12655,5.1536,2,1.99612,0.0688998,0.0801604,0.323201,0.336251,0.804216,0.797585,0.107568,0.101734,0.0332143,0.00507905,-0.0134497,-0.0164861
17.43,-8.68987,-8.68204,-5.06002,-5.12251,34.86,34.8284,-3.02423,-3.06974,5.14523,5.17261,2,1.99526,0.0699952,0.0817763,0.323543,0.33614,0.804082,0.797352,0.111524,0.105074,0.0351216,0.00696005,-0.0134712,-0.0164827
17.44,-8.71997,-8.71322,-5.00847,-5.07085,34.88,34.848,-2.99613,-3.0397,5.16386,5.19149,2,1.99441,0.0711307,0.0834072,0.323903,0.336036,0.803947,0.797123,0.115595,0.108547,0.036871,0.00870837,-0.0134921,-0.0164773
17.45,-8.74979,-8.74407,-4.95674,-5.01899,34.9,34.8677,-2.96791,-3.00955,5.18243,5.21024,2,1.99357,0.0723074,0.085054,0.324279,0.335941,0.803812,0.796898,0.119773,0.112146,0.038458,0.0103233,-0.0135125,-0.0164705
17.46,-8.77933,-8.7746,-4.90482,-4.96696,34.92,34.8873,-2.93956,-2.97929,5.20094,5.22886,2,1.99274,0.0735265,0.0867161,0.324671,0.335852,0.803677,0.796676,0.124051,0.115865,0.0398784,0.0117978,-0.0135321,-0.0164618
17.47,-8.80858,-8.80483,-4.85272,-4.91472,34.94,34.907,-2.91109,-2.94892,5.21939,5.24736,2,1.99192,0.0747888,0.0883942,0.325076,0.335768,0.803541,0.796459,0.12842,0.119693,0.0411284,0.0131388,-0.0135512,-0.0164516
17.48,-8.83755,-8.83473,-4.80044,-4.86228,34.96,34.9266,-2.88249,-2.91843,5.23777,5.26573,2,1.99112,0.0760952,0.0900891,0.325493,0.335689,0.803406,0.796245,0.132874,0.123628,0.0422043,0.0143336,-0.0135697,-0.01644
17.49,-8.86623,-8.86431,-4.74797,-4.80965,34.98,34.9463,-2.85376,-2.88782,5.25609,5.28397,2,1.99033,0.0774465,0.0918002,0.32592,0.335613,0.80327,0.796035,0.137403,0.127655,0.0431029,0.0153871,-0.0135875,-0.0164269
17.5,-8.89463,-8.89358,-4.69532,-4.75681,35,34.966,-2.82488,-2.85708,5.27433,5.30208,2,1.98955,0.0788434,0.093528,0.326355,0.335539,0.803134,0.795828,0.142,0.13177,0.0438212,0.0162914,-0.0136047,-0.0164124
17.51,-8.92273,-8.92251,-4.64248,-4.70379,35.02,34.9857,-2.79587,-2.82622,5.2925,5.32006,2,1.98879,0.0802867,0.0952729,0.326796,0.335466,0.802998,0.795625,0.146656,0.135964,0.0443566,0.0170553,-0.0136213,-0.0163966
17.52,-8.95054,-8.95113,-4.58947,-4.65057,35.04,35.0054,-2.7667,-2.79523,5.3106,5.3379,2,1.98805,0.0817767,0.0970343,0.327241,0.335393,0.802861,0.795426,0.151363,0.140225,0.0447067,0.0176679,-0.0136373,-0.0163796
17.53,-8.97806,-8.97942,-4.53627,-4.59715,35.06,35.0252,-2.73739,-2.76411,5.32861,5.35561,2,1.98733,0.0833141,0.0988127,0.327689,0.335318,0.802725,0.79523,0.156113,0.14455,0.0448696,0.0181332,-0.0136527,-0.0163615
17.54,-9.00529,-9.00739,-4.48289,-4.54353,35.08,35.0449,-2.70792,-2.73286,5.34654,5.37318,2,1.98663,0.0848991,0.100608,0.328138,0.33524,0.802588,0.795039,0.160897,0.148923,0.0448435,0.0184492,-0.0136675,-0.0163423
17.55,-9.03222,-9.03503,-4.42934,-4.48973,35.1,35.0647,-2.67829,-2.70148,5.36439,5.3906,2,1.98595,0.0865321,0.102421,0.328585,0.335158,0.802452,0.79485,0.165707,0.153337,0.044627,0.0186171,-0.0136817,-0.0163221
17.56,-9.05886,-9.06234,-4.37561,-4.43572,35.12,35.0845,-2.6485,-2.66995,5.38215,5.40789,2,1.98529,0.0882133,0.10425,0.32903,0.33507,0.802315,0.794665,0.170534,0.157785,0.0442191,0.0186352,-0.0136953,-0.016301
17.57,-9.08519,-9.08932,-4.3217,-4.38152,35.14,35.1043,-2.61854,-2.63828,5.39981,5.42503,2,1.98465,0.0899428,0.106096,0.329469,0.334976,0.802178,0.794483,0.175369,0.162255,0.043619,0.018502,-0.0137082,-0.016279
17.58,-9.11123,-9.11597,-4.26761,-4.32712,35.16,35.1242,-2.58842,-2.60647,5.41737,5.44202,2,1.98403,0.0917207,0.10796,0.329902,0.334873,0.802041,0.794305,0.180204,0.166739,0.0428264,0.0182163,-0.0137206,-0.0162563
17.59,-9.13696,-9.14229,-4.21335,-4.27253,35.18,35.144,-2.55812,-2.57452,5.43483,5.45886,2,1.98344,0.0935469,0.10984,0.330325,0.334761,0.801903,0.79413,0.185031,0.171226,0.0418411,0.0177811,-0.0137324,-0.0162328
17.6,-9.16239,-9.16828,-4.15891,-4.21775,35.2,35.1639,-2.52765,-2.54241,5.45219,5.47555,2,1.98287,0.0954212,0.111737,0.330738,0.334638,0.801766,0.793958,0.189841,0.175708,0.0406633,0.0171971,-0.0137436,-0.0162087
17.61,-9.18751,-9.19392,-4.10431,-4.16278,35.22,35.1839,-2.49701,-2.51016,5.46943,5.49208,2,1.98233,0.0973436,0.11365,0.331138,0.334503,0.801628,0.793789,0.194626,0.180173,0.0392936,0.0164616,-0.0137542,-0.0161842
17.62,-9.21233,-9.21924,-4.04953,-4.10762,35.24,35.2038,-2.46618,-2.47777,5.48656,5.50846,2,1.98181,0.0993137,0.115579,0.331523,0.334354,0.801491,0.793624,0.199377,0.184613,0.0377329,0.0155762,-0.0137642,-0.0161591
17.63,-9.23683,-9.24421,-3.99458,-4.05229,35.26,35.2238,-2.43517,-2.44522,5.50357,5.52467,2,1.98132,0.101331,0.117524,0.331892,0.334191,0.801353,0.793461,0.204086,0.189021,0.0359823,0.0145429,-0.0137736,-0.0161336
17.64,-9.26103,-9.26884,-3.93946,-3.99676,35.28,35.2438,-2.40398,-2.41252,5.52045,5.54072,2,1.98086,0.103395,0.119486,0.332242,0.334012,0.801215,0.793302,0.208744,0.193386,0.0340434,0.0133626,-0.0137824,-0.0161077
17.65,-9.28491,-9.29313,-3.88417,-3.94105,35.3,35.2638,-2.3726,-2.37967,5.5372,5.5566,2,1.98042,0.105506,0.121463,0.332572,0.333815,0.801077,0.793145,0.213345,0.197694,0.0319178,0.0120323,-0.0137907,-0.0160815
17.66,-9.30848,-9.31708,-3.82871,-3.88516,35.32,35.2839,-2.34103,-2.34666,5.55381,5.57231,2,1.98001,0.107662,0.123455,0.33288,0.333599,0.80094,0.792991,0.217879,0.201943,0.0296078,0.0105558,-0.0137983,-0.0160552
17.67,-9.33173,-9.34068,-3.77309,-3.82909,35.34,35.3039,-2.30927,-2.31351,5.57029,5.58785,2,1.97963,0.109863,0.125462,0.333164,0.333364,0.800802,0.79284,0.222339,0.206121,0.0271158,0.008936,-0.0138054,-0.0160287
17.68,-9.35467,-9.36393,-3.71731,-3.77285,35.36,35.324,-2.27732,-2.28019,5.58661,5.60321,2,1.97928,0.112108,0.127483,0.333421,0.333108,0.800663,0.792692,0.226716,0.21022,0.0244444,0.00716884,-0.0138119,-0.016002
17.69,-9.37728,-9.38684,-3.66136,-3.71644,35.38,35.3442,-2.24518,-2.24673,5.60279,5.61839,2,1.97896,0.114397,0.129519,0.333652,0.33283,0.800525,0.792546,0.231005,0.214229,0.0215966,0.00526376,-0.0138178,-0.0159753
17.7,-9.39957,-9.4094,-3.60525,-3.65986,35.4,35.3643,-2.21284,-2.21311,5.61881,5.63338,2,1.97867,0.116728,0.131568,0.333853,0.332528,0.800387,0.792403,0.235196,0.218144,0.0185758,0.00321527,-0.0138231,-0.0159485
17.71,-9.42153,-9.4316,-3.54898,-3.60313,35.42,35.3845,-2.18031,-2.17935,5.63466,5.64819,2,1.97841,0.119101,0.133631,0.334023,0.332202,0.800249,0.792263,0.239284,0.221954,0.0153855,0.00102778,-0.0138279,-0.0159218
17.72,-9.44317,-9.45345,-3.49256,-3.54622,35.44,35.4047,-2.14759,-2.14543,5.65035,5.6628,2,1.97818,0.121513,0.135707,0.33416,0.331851,0.800111,0.792125,0.24326,0.22565,0.0120295,-0.00129656,-0.0138321,-0.0158952
17.73,-9.46449,-9.47495,-3.43598,-3.48916,35.46,35.4249,-2.11467,-2.11135,5.66586,5.67722,2,1.97798,0.123965,0.137795,0.334263,0.331473,0.799972,0.791989,0.247118,0.229228,0.00851204,-0.00375704,-0.0138357,-0.0158688
17.74,-9.48547,-9.49609,-3.37924,-3.43194,35.48,35.4452,-2.08155,-2.07713,5.68119,5.69144,2,1.97781,0.126455,0.139895,0.33433,0.331068,0.799834,0.791856,0.250852,0.232678,0.00483741,-0.00635092,-0.0138388,-0.0158425
17.75,-9.50612,-9.51687,-3.32235,-3.37458,35.5,35.4654,-2.04824,-2.04276,5.69634,5.70547,2,1.97767,0.128982,0.142007,0.334359,0.330634,0.799695,0.791725,0.254454,0.235994,0.00101026,-0.00907327,-0.0138413,-0.0158163
17.76,-9.52643,-9.53729,-3.26532,-3.31706,35.52,35.4857,-2.01473,-2.00825,5.7113,5.71928,2,1.97756,0.131544,0.14413,0.334349,0.330171,0.799557,0.791597,0.257919,0.239172,-0.00296451,-0.0119254,-0.0138432,-0.0157904
17.77,-9.54641,-9.55736,-3.20813,-3.2594,35.54,35.506,-1.98102,-1.97359,5.72606,5.73289,2,1.97748,0.13414,0.146263,0.334299,0.329678,0.799419,0.79147,0.26124,0.242201,-0.00708177,-0.0149031,-0.0138446,-0.0157648
17.78,-9.56605,-9.57706,-3.1508,-3.2016,35.56,35.5264,-1.94712,-1.93878,5.74061,5.74628,2,1.97744,0.136768,0.148406,0.334207,0.329154,0.79928,0.791346,0.264412,0.245076,-0.0113362,-0.0180031,-0.0138454,-0.0157394
17.79,-9.58535,-9.5964,-3.09332,-3.14367,35.58,35.5467,-1.91303,-1.90383,5.75496,5.75946,2,1.97742,0.139428,0.150558,0.334072,0.328599,0.799142,0.791224,0.26743,0.247795,-0.0157221,-0.0212253,-0.0138457,-0.0157144
17.8,-9.60431,-9.61537,-3.0357,-3.08561,35.6,35.567,-1.87875,-1.86876,5.7691,5.77242,2,1.97743,0.142116,0.152719,0.333892,0.328011,0.799003,0.791104,0.270288,0.250347,-0.0202337,-0.02456,-0.0138454,-0.0156897
17.81,-9.62293,-9.63399,-2.97794,-3.02742,35.62,35.5874,-1.84427,-1.83354,5.78301,5.78516,2,1.97747,0.144833,0.154888,0.333667,0.327391,0.798865,0.790985,0.272981,0.252733,-0.0248651,-0.0280104,-0.0138446,-0.0156653
17.82,-9.6412,-9.65223,-2.92004,-2.9691,35.64,35.6078,-1.80961,-1.79819,5.7967,5.79768,2,1.97754,0.147575,0.157065,0.333395,0.326738,0.798726,0.790869,0.275505,0.254948,-0.02961,-0.0315714,-0.0138432,-0.0156412
17.83,-9.65912,-9.67011,-2.862,-2.91066,35.66,35.6282,-1.77476,-1.7627,5.81016,5.80996,2,1.97764,0.150342,0.159249,0.333075,0.32605,0.798588,0.790755,0.277855,0.256983,-0.0344619,-0.0352367,-0.0138412,-0.0156174
17.84,-9.67669,-9.68762,-2.80383,-2.85211,35.68,35.6486,-1.73972,-1.72709,5.82338,5.82202,2,1.97777,0.153132,0.161438,0.332705,0.325328,0.798449,0.790642,0.280027,0.25884,-0.0394144,-0.0390046,-0.0138387,-0.0155941
17.85,-9.69391,-9.70477,-2.74554,-2.79344,35.7,35.669,-1.7045,-1.69135,5.83636,5.83384,2,1.97793,0.155942,0.163633,0.332286,0.324572,0.798311,0.790531,0.282018,0.260512,-0.0444607,-0.0428737,-0.0138357,-0.015571
17.86,-9.71078,-9.72155,-2.68711,-2.73466,35.72,35.6894,-1.6691,-1.6555,5.8491,5.84542,2,1.97811,0.158772,0.165833,0.331816,0.323781,0.798173,0.790422,0.283823,0.261998,-0.0495938,-0.0468358,-0.0138321,-0.0155482
17.87,-9.72729,-9.73796,-2.62855,-2.67578,35.74,35.7098,-1.63352,-1.61953,5.86158,5.85677,2,1.97832,0.161618,0.168038,0.331294,0.322954,0.798034,0.790314,0.28544,0.263296,-0.0548067,-0.050887,-0.013828,-0.0155258
17.88,-9.74345,-9.754,-2.56988,-2.61681,35.76,35.7302,-1.59777,-1.58345,5.8738,5.86786,2,1.97856,0.16448,0.170245,0.330719,0.322093,0.797896,0.790208,0.286865,0.2644,-0.0600923,-0.0550254,-0.0138234,-0.0155038
17.89,-9.75925,-9.76968,-2.51108,-2.55773,35.78,35.7507,-1.56184,-1.54725,5.88576,5.87872,2,1.97882,0.167355,0.172456,0.330092,0.321195,0.797758,0.790104,0.288097,0.265317,-0.0654431,-0.0592447,-0.0138182,-0.0154819
17.9,-9.77469,-9.78498,-2.45216,-2.49855,35.8,35.7711,-1.52575,-1.51095,5.89745,5.88933,2,1.9791,0.170241,0.174668,0.32941,0.320262,0.79762,0.790001,0.289132,0.266038,-0.0708518,-0.0635415,-0.0138125,-0.0154604
17.91,-9.78976,-9.79993,-2.39313,-2.43928,35.82,35.7915,-1.48949,-1.47454,5.90887,5.89968,2,1.97942,0.173137,0.176882,0.328674,0.319294,0.797482,0.7899,0.28997,0.266564,-0.0763108,-0.0679115,-0.0138063,-0.0154392
17.92,-9.80448,-9.81449,-2.33399,-2.37993,35.84,35.8119,-1.45306,-1.43804,5.92001,5.90979,2,1.97975,0.17604,0.179096,0.327884,0.31829,0.797344,0.789799,0.290607,0.266897,-0.0818126,-0.0723442,-0.0137995,-0.0154181
17.93,-9.81882,-9.8287,-2.27473,-2.32049,35.86,35.8323,-1.41649,-1.40144,5.93086,5.91964,2,1.9801,0.178948,0.18131,0.327038,0.31725,0.797206,0.789701,0.291044,0.267033,-0.0873494,-0.0768434,-0.0137922,-0.0153974
17.94,-9.8328,-9.84254,-2.21537,-2.26097,35.88,35.8528,-1.37975,-1.36476,5.94143,5.92923,2,1.98048,0.18186,0.183524,0.326137,0.316175,0.797068,0.789603,0.291279,0.26698,-0.0929134,-0.0813976,-0.0137844,-0.0153768
17.95,-9.84642,-9.85601,-2.1559,-2.20138,35.9,35.8732,-1.34287,-1.32799,5.95171,5.93856,2,1.98088,0.184773,0.185736,0.32518,0.315065,0.79693,0.789507,0.291312,0.266734,-0.098497,-0.0860031,-0.0137761,-0.0153563
17.96,-9.85966,-9.86911,-2.09634,-2.14171,35.92,35.8936,-1.30585,-1.29114,5.9617,5.94763,2,1.98129,0.187686,0.187945,0.324167,0.31392,0.796792,0.789412,0.291141,0.266294,-0.104092,-0.0906523,-0.0137673,-0.015336
17.97,-9.87253,-9.88186,-2.03667,-2.08198,35.94,35.914,-1.26868,-1.25422,5.97138,5.95644,2,1.98173,0.190595,0.190151,0.323098,0.312741,0.796655,0.789318,0.290768,0.265665,-0.109691,-0.0953431,-0.0137579,-0.0153157
17.98,-9.88503,-9.89423,-1.97691,-2.02217,35.96,35.9344,-1.23138,-1.21722,5.98076,5.96499,2,1.98218,0.1935,0.192353,0.321973,0.311528,0.796517,0.789226,0.290193,0.264851,-0.115286,-0.100068,-0.013748,-0.0152956
17.99,-9.89716,-9.90624,-1.91706,-1.96229,35.98,35.9547,-1.19394,-1.18015,5.98983,5.97327,2,1.98265,0.196399,0.194551,0.320792,0.310281,0.79638,0.789134,0.289416,0.263852,-0.120869,-0.104825,-0.0137377,-0.0152754
18,-9.90891,-9.91789,-1.85712,-1.90236,36,35.9751,-1.15639,-1.14302,5.99859,5.98128,2,1.98313,0.199288,0.196743,0.319556,0.309,0.796242,0.789043,0.288438,0.262668,-0.126431,-0.109603,-0.0137268,-0.0152552
18.01,-9.92029,-9.92917,-1.79709,-1.84236,36.02,35.9955,-1.11871,-1.10584,6.00704,5.98902,2,1.98363,0.202167,0.198929,0.318264,0.307687,0.796105,0.788954,0.28726,0.261309,-0.131967,-0.114397,-0.0137154,-0.015235
18.02,-9.93129,-9.9401,-1.73698,-1.78231,36.04,36.0158,-1.08091,-1.06859,6.01517,5.99649,2,1.98414,0.205033,0.201109,0.316917,0.306341,0.795968,0.788865,0.285885,0.259775,-0.137466,-0.119202,-0.0137035,-0.0152146
18.03,-9.94191,-9.95067,-1.67678,-1.72221,36.06,36.0361,-1.04301,-1.0313,6.02298,6.00369,2,1.98466,0.207884,0.20328,0.315515,0.304964,0.795831,0.788777,0.284314,0.258066,-0.142923,-0.124015,-0.0136911,-0.0151941
18.04,-9.95215,-9.96087,-1.61652,-1.66205,36.08,36.0564,-1.005,-0.993972,6.03046,6.01062,2,1.98519,0.210718,0.205444,0.314058,0.303556,0.795694,0.78869,0.28255,0.256196,-0.148328,-0.128825,-0.0136782,-0.0151735
18.05,-9.96201,-9.97071,-1.55618,-1.60185,36.1,36.0767,-0.966896,-0.956606,6.03762,6.01728,2,1.98573,0.213534,0.207597,0.312548,0.302118,0.795558,0.788604,0.280595,0.254159,-0.153676,-0.133627,-0.0136648,-0.0151526
18.06,-9.97148,-9.9802,-1.49577,-1.5416,36.12,36.097,-0.928697,-0.919198,6.04445,6.02366,2,1.98627,0.216329,0.209742,0.310985,0.30065,0.795421,0.788518,0.278452,0.251968,-0.158957,-0.138419,-0.013651,-0.0151315
18.07,-9.98058,-9.98933,-1.43529,-1.4813,36.14,36.1173,-0.890411,-0.881757,6.05096,6.02977,2,1.98683,0.219102,0.211876,0.309369,0.299154,0.795285,0.788433,0.276124,0.249624,-0.164165,-0.143189,-0.0136366,-0.0151101
18.08,-9.98929,-9.9981,-1.37475,-1.42097,36.16,36.1376,-0.852044,-0.844293,6.05712,6.0356,2,1.98739,0.221851,0.213999,0.307702,0.297629,0.795148,0.788349,0.273615,0.247134,-0.169293,-0.147935,-0.0136217,-0.0150883
18.09,-9.99762,-10.0065,-1.31415,-1.36059,36.18,36.1578,-0.813601,-0.806806,6.06296,6.04116,2,1.98795,0.224574,0.216109,0.305984,0.296078,0.795012,0.788265,0.270928,0.244501,-0.174332,-0.152648,-0.0136064,-0.0150663
18.1,-10.0056,-10.0146,-1.25349,-1.30017,36.2,36.178,-0.77509,-0.769299,6.06846,6.04644,2,1.98852,0.227269,0.218208,0.304216,0.294499,0.794876,0.788181,0.268067,0.241734,-0.179278,-0.157325,-0.0135906,-0.0150438
18.11,-10.0131,-10.0223,-1.19278,-1.23972,36.22,36.1982,-0.736515,-0.73178,6.07362,6.05144,2,1.98909,0.229935,0.220292,0.302399,0.292895,0.79474,0.788099,0.265038,0.238838,-0.184122,-0.161958,-0.0135743,-0.0150208
18.12,-10.0203,-10.0296,-1.13202,-1.17924,36.24,36.2184,-0.697884,-0.694251,6.07844,6.05617,2,1.98966,0.232569,0.222364,0.300534,0.291267,0.794605,0.788016,0.261844,0.23582,-0.188858,-0.166542,-0.0135575,-0.0149975
18.13,-10.0271,-10.0366,-1.07121,-1.11874,36.26,36.2386,-0.659201,-0.656724,6.08292,6.06062,2,1.99022,0.235171,0.22442,0.298622,0.289615,0.794469,0.787934,0.258489,0.232687,-0.19348,-0.171068,-0.0135403,-0.0149736
18.14,-10.0335,-10.0433,-1.01036,-1.05819,36.28,36.2588,-0.620474,-0.619188,6.08707,6.06479,2,1.99079,0.237739,0.226461,0.296664,0.28794,0.794334,0.787852,0.254981,0.229442,-0.197981,-0.175534,-0.0135225,-0.0149493
18.15,-10.0395,-10.0496,-0.949471,-0.997619,36.3,36.2789,-0.581708,-0.581653,6.09087,6.06869,2,1.99136,0.24027,0.228486,0.294663,0.286243,0.794199,0.787771,0.251322,0.226094,-0.202356,-0.179933,-0.0135044,-0.0149242
18.16,-10.0451,-10.0555,-0.888545,-0.937025,36.32,36.299,-0.54291,-0.544124,6.09434,6.07231,2,1.99192,0.242765,0.230496,0.292618,0.284525,0.794064,0.787689,0.24752,0.222652,-0.206599,-0.184259,-0.0134857,-0.0148988
18.17,-10.0503,-10.0611,-0.827585,-0.876404,36.34,36.3191,-0.504086,-0.506603,6.09746,6.07565,2,1.99247,0.24522,0.232488,0.290531,0.282787,0.793929,0.787608,0.243579,0.219121,-0.210703,-0.188508,-0.0134666,-0.0148727
18.18,-10.0552,-10.0664,-0.766597,-0.815763,36.36,36.3392,-0.465241,-0.469096,6.10024,6.07871,2,1.99302,0.247636,0.234463,0.288404,0.28103,0.793794,0.787526,0.239506,0.215508,-0.214665,-0.19267,-0.013447,-0.014846
18.19,-10.0597,-10.0712,-0.705582,-0.755099,36.38,36.3593,-0.426383,-0.431603,6.10268,6.0815,2,1.99356,0.25001,0.23642,0.286238,0.279254,0.79366,0.787445,0.235307,0.211822,-0.218478,-0.196744,-0.013427,-0.0148187
18.2,-10.0637,-10.0758,-0.644544,-0.694421,36.4,36.3793,-0.387517,-0.394129,6.10479,6.08401,2,1.99409,0.252342,0.238358,0.284035,0.277462,0.793526,0.787364,0.230988,0.208071,-0.222138,-0.200725,-0.0134065,-0.0147907
18.21,-10.0674,-10.0799,-0.583487,-0.633738,36.42,36.3993,-0.34865,-0.356684,6.10655,6.08624,2,1.99462,0.254629,0.240277,0.281796,0.275654,0.793392,0.787282,0.226556,0.204256,-0.225641,-0.204603,-0.0133855,-0.0147621
18.22,-10.0707,-10.0838,-0.522414,-0.573027,36.44,36.4194,-0.309786,-0.319257,6.10798,6.08821,2,1.99513,0.256872,0.242176,0.279523,0.27383,0.793258,0.787201,0.222017,0.200392,-0.228982,-0.208379,-0.0133641,-0.0147328
18.23,-10.0736,-10.0872,-0.461329,-0.512303,36.46,36.4394,-0.270933,-0.281855,6.10907,6.08989,2,1.99563,0.259069,0.244056,0.277217,0.271992,0.793125,0.787119,0.217378,0.196483,-0.232158,-0.212044,-0.0133423,-0.0147028
18.24,-10.0761,-10.0904,-0.400234,-0.451568,36.48,36.4593,-0.232097,-0.244482,6.10983,6.0913,2,1.99612,0.26122,0.245916,0.27488,0.27014,0.792991,0.787037,0.212646,0.192535,-0.235164,-0.215598,-0.01332,-0.0146721
18.25,-10.0782,-10.0931,-0.339133,-0.390824,36.5,36.4793,-0.193282,-0.207143,6.11025,6.09244,2,1.9966,0.263322,0.247755,0.272514,0.268277,0.792858,0.786954,0.207828,0.188559,-0.237998,-0.219031,-0.0132972,-0.0146409
18.26,-10.08,-10.0955,-0.27803,-0.330071,36.52,36.4993,-0.154495,-0.169836,6.11035,6.0933,2,1.99706,0.265376,0.249573,0.270121,0.266401,0.792725,0.786871,0.202931,0.184557,-0.240656,-0.222345,-0.0132741,-0.014609
18.27,-10.0813,-10.0976,-0.216927,-0.269314,36.54,36.5192,-0.115742,-0.132565,6.11011,6.09389,2,1.99751,0.26738,0.251369,0.267702,0.264516,0.792593,0.786788,0.197962,0.180542,-0.243136,-0.225531,-0.0132505,-0.0145763
18.28,-10.0823,-10.0993,-0.155829,-0.208551,36.56,36.5391,-0.0770281,-0.0953325,6.10955,6.09421,2,1.99794,0.269335,0.253144,0.265259,0.26262,0.79246,0.786704,0.192929,0.176517,-0.245435,-0.228587,-0.0132264,-0.014543
18.29,-10.0829,-10.1006,-0.0947375,-0.147786,36.58,36.5591,-0.0383587,-0.0581401,6.10866,6.09426,2,1.99836,0.271239,0.254896,0.262794,0.260716,0.792328,0.78662,0.187839,0.172491,-0.247552,-0.23151,-0.0132019,-0.0145091
18.3,-10.0831,-10.1016,-0.0336567,-0.0870283,36.6,36.579,0.000260705,-0.0209922,6.10745,6.09404,2,1.99876,0.273092,0.256626,0.260308,0.258804,0.792196,0.786534,0.1827,0.168472,-0.249483,-0.234297,-0.013177,-0.0144746
18.31,-10.0829,-10.1022,0.0274105,-0.0262622,36.62,36.5989,0.0388248,0.0161163,6.10593,6.09355,2,1.99914,0.274893,0.258334,0.257804,0.256885,0.792065,0.786449,0.177518,0.164465,-0.251229,-0.236945,-0.0131517,-0.0144395
18.32,-10.0823,-10.1025,0.0884608,0.0345005,36.64,36.6187,0.0773285,0.0531812,6.10408,6.09279,2,1.99951,0.276642,0.260019,0.255284,0.25496,0.791933,0.786362,0.172302,0.160477,-0.252787,-0.239449,-0.0131259,-0.0144038
18.33,-10.0813,-10.1024,0.149491,0.0952626,36.66,36.6386,0.115767,0.0902044,6.10193,6.09177,2,1.99986,0.278339,0.261681,0.252749,0.253029,0.791802,0.786275,0.167059,0.156513,-0.254158,-0.24181,-0.0130997,-0.0143674
18.34,-10.08,-10.1019,0.210498,0.156018,36.68,36.6585,0.154134,0.127181,6.09946,6.09047,2,2.00019,0.279983,0.26332,0.250202,0.251094,0.791671,0.786187,0.161797,0.152583,-0.25534,-0.244024,-0.0130731,-0.0143306
18.35,-10.0782,-10.1011,0.271479,0.216766,36.7,36.6783,0.192427,0.16411,6.09669,6.08892,2,2.00049,0.281575,0.264935,0.247643,0.249154,0.791541,0.786098,0.156523,0.148689,-0.256334,-0.246088,-0.0130461,-0.0142932
18.36,-10.0761,-10.0999,0.332431,0.277505,36.72,36.6982,0.23064,0.200991,6.09362,6.0871,2,2.00078,0.283113,0.266528,0.245076,0.247212,0.79141,0.786008,0.151244,0.14484,-0.257139,-0.248004,-0.0130187,-0.0142554
18.37,-10.0736,-10.0983,0.393351,0.338231,36.74,36.718,0.268769,0.237824,6.09025,6.08501,2,2.00105,0.284599,0.268096,0.242501,0.245267,0.79128,0.785917,0.145969,0.141041,-0.257757,-0.249766,-0.0129909,-0.0142171
18.38,-10.0707,-10.0964,0.454235,0.398934,36.76,36.7378,0.306809,0.274601,6.08658,6.08267,2,2.0013,0.286033,0.269641,0.239921,0.243321,0.791151,0.785825,0.140704,0.137296,-0.258188,-0.251375,-0.0129626,-0.0141783
18.39,-10.0675,-10.0941,0.515081,0.459636,36.78,36.7577,0.344756,0.311336,6.08262,6.08006,2,2.00153,0.287414,0.271163,0.237338,0.241374,0.791021,0.785731,0.135457,0.133613,-0.258433,-0.25283,-0.012934,-0.0141391
18.4,-10.0639,-10.0914,0.575887,0.520319,36.8,36.7775,0.382606,0.348021,6.07837,6.0772,2,2.00174,0.288742,0.272661,0.234753,0.239426,0.790892,0.785637,0.130235,0.129996,-0.258493,-0.254129,-0.0129049,-0.0140995
18.41,-10.0598,-10.0883,0.636648,0.580986,36.82,36.7973,0.420356,0.384656,6.07384,6.07408,2,2.00193,0.290018,0.274135,0.232169,0.237478,0.790763,0.785541,0.125046,0.126448,-0.258371,-0.255274,-0.0128755,-0.0140596
18.42,-10.0554,-10.0849,0.697363,0.641631,36.84,36.8171,0.458002,0.421241,6.06903,6.0707,2,2.0021,0.291243,0.275586,0.229586,0.235531,0.790634,0.785445,0.119896,0.122976,-0.258069,-0.256265,-0.0128456,-0.0140194
18.43,-10.0507,-10.0811,0.758028,0.702249,36.86,36.837,0.49554,0.457772,6.06395,6.06707,2,2.00225,0.292416,0.277013,0.227008,0.233585,0.790506,0.785347,0.114793,0.119584,-0.257589,-0.257099,-0.0128154,-0.013979
18.44,-10.0455,-10.0769,0.818641,0.762846,36.88,36.8568,0.532967,0.494254,6.0586,6.06318,2,2.00237,0.293539,0.278417,0.224435,0.231641,0.790378,0.785247,0.109743,0.116274,-0.256934,-0.257779,-0.0127847,-0.0139382
18.45,-10.04,-10.0723,0.879199,0.823417,36.9,36.8766,0.570279,0.530686,6.05298,6.05905,2,2.00248,0.294612,0.279798,0.22187,0.2297,0.79025,0.785147,0.104753,0.113054,-0.256106,-0.258306,-0.0127537,-0.0138973
18.46,-10.0341,-10.0673,0.939699,0.883948,36.92,36.8964,0.607474,0.56706,6.0471,6.05466,2,2.00257,0.295634,0.281155,0.219314,0.227761,0.790123,0.785044,0.0998296,0.109923,-0.255109,-0.258678,-0.0127223,-0.0138562
18.47,-10.0279,-10.062,1.00014,0.944457,36.94,36.9162,0.644549,0.60339,6.04097,6.05003,2,2.00263,0.296608,0.282489,0.216768,0.225825,0.789996,0.784941,0.0949796,0.106886,-0.253947,-0.2589,-0.0126905,-0.013815
18.48,-10.0212,-10.0563,1.06052,1.00493,36.96,36.936,0.681502,0.639664,6.03458,6.04514,2,2.00268,0.297534,0.2838,0.214235,0.223893,0.789869,0.784836,0.0902092,0.103948,-0.252623,-0.258973,-0.0126584,-0.0137737
18.49,-10.0142,-10.0502,1.12083,1.06537,36.98,36.9558,0.718329,0.675889,6.02795,6.04002,2,2.0027,0.298413,0.285088,0.211716,0.221964,0.789743,0.784729,0.0855244,0.101108,-0.251141,-0.258896,-0.0126258,-0.0137323
18.5,-10.0069,-10.0437,1.18108,1.12577,37,36.9757,0.755028,0.712062,6.02107,6.03465,2,2.0027,0.299245,0.286354,0.209213,0.22004,0.789617,0.784621,0.0809311,0.0983696,-0.249506,-0.258671,-0.0125929,-0.0136909
18.51,-9.99914,-10.0368,1.24125,1.18613,37.02,36.9955,0.791599,0.748183,6.01396,6.02904,2,2.00269,0.300032,0.287597,0.206727,0.21812,0.789491,0.784512,0.0764351,0.0957385,-0.247723,-0.258303,-0.0125596,-0.0136494
18.52,-9.99104,-10.0296,1.30135,1.24644,37.04,37.0153,0.828037,0.784249,6.00661,6.02319,2,2.00265,0.300774,0.288818,0.204259,0.216206,0.789366,0.784401,0.072042,0.0932099,-0.245795,-0.257794,-0.012526,-0.013608
18.53,-9.98258,-10.0219,1.36138,1.3067,37.06,37.0352,0.864343,0.820265,5.99904,6.0171,2,2.0026,0.301473,0.290017,0.201811,0.214296,0.78924,0.784288,0.0677571,0.090791,-0.243729,-0.257145,-0.0124919,-0.0135666
18.54,-9.97375,-10.0139,1.42133,1.36691,37.08,37.055,0.900514,0.856224,5.99125,6.01078,2,2.00253,0.30213,0.291194,0.199385,0.212392,0.789116,0.784174,0.0635855,0.0884812,-0.241529,-0.256359,-0.0124575,-0.0135253
18.55,-9.96457,-10.0055,1.48121,1.42706,37.1,37.0748,0.93655,0.892126,5.98323,6.00422,2,2.00244,0.302745,0.292349,0.196981,0.210494,0.788991,0.784058,0.0595321,0.0862802,-0.2392,-0.25544,-0.0124228,-0.0134841
18.56,-9.95502,-9.99666,1.541,1.48717,37.12,37.0947,0.972448,0.92798,5.97501,5.99743,2,2.00233,0.303321,0.293483,0.194601,0.2086,0.788867,0.783941,0.0556016,0.0841899,-0.236749,-0.254391,-0.0123877,-0.013443
18.57,-9.94512,-9.98746,1.60071,1.54721,37.14,37.1146,1.00821,0.96378,5.96657,5.99042,2,2.0022,0.303858,0.294597,0.192246,0.206713,0.788744,0.783822,0.0517984,0.0822115,-0.234181,-0.253215,-0.0123522,-0.0134021
18.58,-9.93486,-9.97788,1.66033,1.6072,37.16,37.1344,1.04383,0.999524,5.95793,5.98317,2,2.00206,0.304357,0.295689,0.189918,0.204832,0.78862,0.783701,0.0481268,0.0803447,-0.231503,-0.251915,-0.0123164,-0.0133614
18.59,-9.92424,-9.96791,1.71986,1.66711,37.18,37.1543,1.07931,1.03521,5.94909,5.9757,2,2.0019,0.304821,0.296761,0.187617,0.202957,0.788497,0.783579,0.0445906,0.0785891,-0.228719,-0.250497,-0.0122803,-0.0133208
18.6,-9.91327,-9.95756,1.77931,1.72696,37.2,37.1741,1.11465,1.07084,5.94006,5.96801,2,2.00172,0.305249,0.297812,0.185344,0.201089,0.788375,0.783455,0.0411936,0.076943,-0.225837,-0.248964,-0.0122438,-0.0132805
18.61,-9.90195,-9.94682,1.83867,1.78674,37.22,37.194,1.14985,1.10642,5.93084,5.96009,2,2.00153,0.305645,0.298844,0.1831,0.199226,0.788252,0.78333,0.0379391,0.0754088,-0.222863,-0.247318,-0.0122069,-0.0132404
18.62,-9.89028,-9.93569,1.89793,1.84643,37.24,37.2139,1.18491,1.14194,5.92143,5.95195,2,2.00133,0.306009,0.299856,0.180887,0.19737,0.78813,0.783203,0.0348304,0.073985,-0.219803,-0.245566,-0.0121697,-0.0132004
18.63,-9.87825,-9.92418,1.95709,1.90604,37.26,37.2338,1.21984,1.17739,5.91185,5.9436,2,2.00111,0.306342,0.300849,0.178704,0.195521,0.788009,0.783075,0.0318704,0.0726679,-0.216665,-0.243713,-0.0121322,-0.0131608
18.64,-9.86588,-9.91229,2.01616,1.96558,37.28,37.2537,1.25462,1.21279,5.90209,5.93503,2,2.00087,0.306647,0.301823,0.176554,0.193677,0.787888,0.782945,0.0290616,0.0714577,-0.213454,-0.241759,-0.0120943,-0.0131214
18.65,-9.85316,-9.90002,2.07513,2.02503,37.3,37.2736,1.28926,1.24812,5.89215,5.92625,2,2.00062,0.306924,0.302778,0.174436,0.19184,0.787767,0.782813,0.0264065,0.0703564,-0.210179,-0.239712,-0.0120561,-0.0130821
18.66,-9.8401,-9.88737,2.13401,2.08439,37.32,37.2935,1.32376,1.2834,5.88205,5.91726,2,2.00036,0.307175,0.303714,0.17235,0.190009,0.787647,0.78268,0.0239071,0.0693564,-0.206844,-0.237575,-0.0120176,-0.0130432
18.67,-9.82669,-9.87434,2.19277,2.14366,37.34,37.3135,1.35813,1.31861,5.87179,5.90806,2,2.00008,0.307402,0.304633,0.170299,0.188185,0.787527,0.782546,0.0215653,0.0684632,-0.203459,-0.235355,-0.0119788,-0.0130045
18.68,-9.81293,-9.86093,2.25144,2.20283,37.36,37.3334,1.39235,1.35376,5.86137,5.89866,2,1.9998,0.307607,0.305534,0.168281,0.186366,0.787407,0.78241,0.0193825,0.0676669,-0.200028,-0.233056,-0.0119396,-0.0129661
18.69,-9.79884,-9.84715,2.31,2.2619,37.38,37.3533,1.42644,1.38884,5.85079,5.88905,2,1.9995,0.307791,0.306417,0.166298,0.184554,0.787288,0.782272,0.01736,0.0669693,-0.196561,-0.230682,-0.0119001,-0.0129278
18.7,-9.78441,-9.83299,2.36846,2.32086,37.4,37.3732,1.4604,1.42386,5.84006,5.87924,2,1.99919,0.307955,0.307284,0.16435,0.182747,0.787169,0.782134,0.0154987,0.066368,-0.193064,-0.228238,-0.0118603,-0.0128898
18.71,-9.76963,-9.81847,2.4268,2.37971,37.42,37.3932,1.49422,1.4588,5.82919,5.86923,2,1.99887,0.308101,0.308133,0.162437,0.180947,0.787051,0.781994,0.0137994,0.0658615,-0.189543,-0.225731,-0.0118202,-0.0128521
18.72,-9.75452,-9.80357,2.48504,2.43846,37.44,37.4131,1.52791,1.49367,5.81817,5.85902,2,1.99854,0.308231,0.308966,0.160559,0.179152,0.786933,0.781852,0.0122624,0.0654442,-0.186006,-0.223163,-0.0117798,-0.0128145
18.73,-9.73908,-9.78831,2.54317,2.49709,37.46,37.4331,1.56147,1.52848,5.80702,5.84862,2,1.9982,0.308347,0.309783,0.158717,0.177363,0.786815,0.781709,0.0108878,0.0651165,-0.182461,-0.220541,-0.011739,-0.0127771
18.74,-9.72329,-9.77268,2.60118,2.5556,37.48,37.453,1.5949,1.56322,5.79573,5.83802,2,1.99786,0.30845,0.310584,0.15691,0.175579,0.786698,0.781566,0.00967559,0.0648713,-0.178914,-0.217871,-0.011698,-0.01274
18.75,-9.70718,-9.75669,2.65908,2.61399,37.5,37.473,1.6282,1.59787,5.7843,5.82724,2,1.9975,0.308541,0.311369,0.155139,0.173801,0.786581,0.781421,0.00862519,0.0647111,-0.175372,-0.215155,-0.0116566,-0.0127029
18.76,-9.69073,-9.74035,2.71686,2.67226,37.52,37.493,1.66138,1.63246,5.77275,5.81626,2,1.99714,0.308623,0.312139,0.153403,0.172027,0.786465,0.781274,0.00773592,0.0646309,-0.171842,-0.212399,-0.011615,-0.012666
18.77,-9.67395,-9.72364,2.77453,2.73039,37.54,37.5129,1.69444,1.66696,5.76107,5.8051,2,1.99677,0.308696,0.312894,0.151702,0.170259,0.786349,0.781127,0.00700679,0.0646241,-0.168332,-0.209612,-0.011573,-0.0126293
18.78,-9.65684,-9.70658,2.83209,2.7884,37.56,37.5329,1.72737,1.70139,5.74927,5.79376,2,1.9964,0.308763,0.313635,0.150036,0.168496,0.786233,0.780979,0.00643654,0.0646927,-0.164849,-0.206794,-0.0115308,-0.0125926
18.79,-9.6394,-9.68917,2.88952,2.84627,37.58,37.5529,1.76018,1.73574,5.73734,5.78223,2,1.99602,0.308825,0.314361,0.148405,0.166736,0.786118,0.780829,0.00602364,0.064829,-0.161398,-0.203952,-0.0114882,-0.0125561
18.8,-9.62164,-9.67141,2.94683,2.90399,37.6,37.5728,1.79288,1.77,5.7253,5.77052,2,1.99563,0.308884,0.315073,0.146808,0.164982,0.786004,0.780679,0.0057663,0.065032,-0.157988,-0.201091,-0.0114454,-0.0125195
18.81,-9.60355,-9.6533,3.00402,2.96159,37.62,37.5928,1.82546,1.80418,5.71315,5.75864,2,1.99524,0.308941,0.315771,0.145245,0.163231,0.785889,0.780528,0.00566246,0.0652975,-0.154624,-0.198216,-0.0114023,-0.012483
18.82,-9.58513,-9.63485,3.06109,3.01904,37.64,37.6128,1.85794,1.83828,5.70088,5.74657,2,1.99485,0.308998,0.316456,0.143715,0.161484,0.785776,0.780376,0.00570982,0.0656221,-0.151313,-0.195332,-0.0113589,-0.0124465
18.83,-9.56639,-9.61606,3.11804,3.07634,37.66,37.6327,1.8903,1.87229,5.6885,5.73433,2,1.99445,0.309056,0.317128,0.142218,0.159741,0.785662,0.780223,0.00590582,0.0660034,-0.148062,-0.192445,-0.0113152,-0.0124099
18.84,-9.54732,-9.59693,3.17486,3.13349,37.68,37.6527,1.92256,1.90621,5.67601,5.72192,2,1.99405,0.309117,0.317787,0.140754,0.158001,0.785549,0.78007,0.00624765,0.0664357,-0.144876,-0.189558,-0.0112713,-0.0123733
18.85,-9.52794,-9.57746,3.23156,3.1905,37.7,37.6727,1.95471,1.94005,5.66342,5.70934,2,1.99364,0.309181,0.318433,0.139321,0.156264,0.785437,0.779916,0.00673227,0.0669168,-0.141763,-0.186677,-0.0112271,-0.0123366
18.86,-9.50823,-9.55765,3.28813,3.24735,37.72,37.6927,1.98676,1.9738,5.65072,5.69658,2,1.99324,0.309252,0.319067,0.137918,0.15453,0.785325,0.779761,0.00735639,0.0674421,-0.138729,-0.183805,-0.0111826,-0.0122997
18.87,-9.4882,-9.53752,3.34458,3.30405,37.74,37.7126,2.01872,2.00745,5.63792,5.68366,2,1.99283,0.309329,0.319689,0.136546,0.152799,0.785213,0.779606,0.00811651,0.0680098,-0.135778,-0.180949,-0.0111378,-0.0122627
18.88,-9.46786,-9.51706,3.40089,3.36057,37.76,37.7326,2.05057,2.041,5.62502,5.67057,2,1.99242,0.309414,0.320298,0.135202,0.151071,0.785102,0.77945,0.0090089,0.0686157,-0.132917,-0.178111,-0.0110928,-0.0122255
18.89,-9.44719,-9.49627,3.45708,3.41695,37.78,37.7526,2.08234,2.07447,5.61202,5.65732,2,1.99201,0.30951,0.320897,0.133887,0.149344,0.784991,0.779294,0.0100296,0.0692545,-0.130152,-0.175298,-0.0110475,-0.0121881
18.9,-9.42621,-9.47516,3.51313,3.47316,37.8,37.7725,2.11402,2.10784,5.59891,5.64391,2,1.9916,0.309615,0.321484,0.132599,0.147619,0.784881,0.779138,0.0111745,0.0699258,-0.127488,-0.172511,-0.0110019,-0.0121503
18.91,-9.40491,-9.45372,3.56905,3.52921,37.82,37.7925,2.14561,2.14112,5.58571,5.63033,2,1.99119,0.309733,0.32206,0.131337,0.145896,0.784771,0.778981,0.0124392,0.0706236,-0.12493,-0.169759,-0.0109561,-0.0121122
18.92,-9.3833,-9.43197,3.62484,3.5851,37.84,37.8124,2.17711,2.1743,5.57242,5.61659,2,1.99078,0.309865,0.322625,0.1301,0.144174,0.784662,0.778824,0.0138192,0.0713434,-0.122483,-0.167042,-0.01091,-0.0120739
18.93,-9.36137,-9.4099,3.6805,3.64082,37.86,37.8324,2.20854,2.20737,5.55902,5.60269,2,1.99037,0.31001,0.32318,0.128887,0.142453,0.784553,0.778667,0.0153097,0.0720847,-0.120152,-0.164366,-0.0108637,-0.0120351
18.94,-9.33913,-9.38751,3.73602,3.69637,37.88,37.8523,2.23989,2.24036,5.54553,5.58863,2,1.98996,0.310171,0.323724,0.127697,0.140732,0.784445,0.77851,0.0169059,0.0728449,-0.117942,-0.161737,-0.0108172,-0.0119959
18.95,-9.31657,-9.36481,3.79141,3.75176,37.9,37.8723,2.27116,2.27324,5.53194,5.57442,2,1.98956,0.310349,0.324258,0.126528,0.139012,0.784337,0.778353,0.0186027,0.0736151,-0.115856,-0.159156,-0.0107703,-0.0119563
18.96,-9.2937,-9.34181,3.84666,3.80696,37.92,37.8922,2.30236,2.30602,5.51826,5.56005,2,1.98916,0.310544,0.324782,0.125379,0.137293,0.784229,0.778195,0.0203948,0.0743983,-0.1139,-0.156627,-0.0107233,-0.0119161
18.97,-9.27052,-9.31849,3.90178,3.862,37.94,37.9122,2.33349,2.3387,5.50448,5.54552,2,1.98876,0.310757,0.325296,0.124249,0.135573,0.784122,0.778038,0.0222769,0.0751858,-0.112077,-0.154156,-0.010676,-0.0118754
18.98,-9.24703,-9.29486,3.95675,3.91688,37.96,37.9321,2.36455,2.37128,5.4906,5.53084,2,1.98836,0.310989,0.325801,0.123137,0.133852,0.784016,0.777881,0.0242435,0.0759771,-0.110391,-0.151743,-0.0106285,-0.0118341
18.99,-9.22323,-9.27093,4.01159,3.97158,37.98,37.9521,2.39555,2.40375,5.47663,5.51601,2,1.98796,0.311242,0.326297,0.122041,0.132131,0.78391,0.777724,0.0262889,0.0767708,-0.108845,-0.149395,-0.0105807,-0.0117923
19,-9.19912,-9.2467,4.06628,4.0261,38,37.972,2.42649,2.43613,5.46256,5.50102,2,1.98757,0.311515,0.326784,0.12096,0.130409,0.783804,0.777568,0.0284073,0.0775602,-0.107443,-0.147114,-0.0105327,-0.0117498
19.01,-9.1747,-9.22216,4.12084,4.08046,38.02,37.9919,2.45737,2.4684,5.4484,5.48588,2,1.98719,0.31181,0.327262,0.119892,0.128686,0.783699,0.777411,0.030593,0.0783447,-0.106188,-0.144905,-0.0104845,-0.0117066
19.02,-9.14998,-9.19732,4.17525,4.13464,38.04,38.0118,2.4882,2.50057,5.43413,5.47058,2,1.98681,0.312127,0.327731,0.118835,0.12696,0.783594,0.777256,0.0328398,0.0791193,-0.105082,-0.142769,-0.010436,-0.0116625
19.03,-9.12494,-9.17218,4.22952,4.18864,38.06,38.0318,2.51897,2.53263,5.41976,5.45514,2,1.98643,0.312467,0.328192,0.11779,0.125233,0.78349,0.7771,0.0351417,0.07988,-0.104127,-0.14071,-0.0103873,-0.0116178
19.04,-9.0996,-9.14674,4.28365,4.24248,38.08,38.0517,2.54969,2.5646,5.4053,5.43954,2,1.98606,0.31283,0.328644,0.116752,0.123504,0.783387,0.776945,0.0374927,0.0806284,-0.103327,-0.13873,-0.0103384,-0.0115724
19.05,-9.07395,-9.12101,4.33763,4.29613,38.1,38.0716,2.58037,2.59645,5.39073,5.4238,2,1.98569,0.313217,0.329088,0.115722,0.121772,0.783283,0.776791,0.0398864,0.0813577,-0.102682,-0.136836,-0.0102893,-0.0115261
19.06,-9.04799,-9.09498,4.39146,4.34961,38.12,38.0915,2.611,2.62821,5.37606,5.4079,2,1.98533,0.313628,0.329524,0.114698,0.120038,0.783181,0.776638,0.0423167,0.0820669,-0.102196,-0.13503,-0.01024,-0.0114788
19.07,-9.02173,-9.06865,4.44515,4.40293,38.14,38.1114,2.64158,2.65985,5.36128,5.39186,2,1.98498,0.314064,0.329953,0.113678,0.1183,0.783079,0.776484,0.0447771,0.0827513,-0.101868,-0.133309,-0.0101904,-0.0114307
19.08,-8.99516,-9.04203,4.49869,4.45607,38.16,38.1314,2.67212,2.6914,5.3464,5.37566,2,1.98463,0.314524,0.330373,0.11266,0.116559,0.782977,0.776332,0.0472613,0.0834104,-0.101701,-0.131681,-0.0101407,-0.0113816
19.09,-8.96828,-9.01511,4.55208,4.50903,38.18,38.1513,2.70263,2.72285,5.33141,5.35931,2,1.98429,0.315009,0.330787,0.111643,0.114815,0.782876,0.776181,0.049763,0.084038,-0.101694,-0.130147,-0.0100907,-0.0113315
19.1,-8.94111,-8.9879,4.60531,4.56182,38.2,38.1712,2.73309,2.75419,5.31631,5.34281,2,1.98396,0.315519,0.331193,0.110626,0.113066,0.782775,0.776031,0.0522758,0.084638,-0.101849,-0.128709,-0.0100406,-0.0112805
19.11,-8.91362,-8.9604,4.6584,4.61444,38.22,38.1911,2.76352,2.78542,5.30109,5.32616,2,1.98363,0.316055,0.331592,0.109606,0.111313,0.782675,0.775881,0.0547932,0.0852036,-0.102167,-0.127371,-0.00999022,-0.0112283
19.12,-8.88584,-8.9326,4.71134,4.66689,38.24,38.211,2.79392,2.81656,5.28577,5.30937,2,1.98331,0.316615,0.331984,0.108582,0.109555,0.782575,0.775733,0.0573088,0.0857335,-0.102646,-0.126135,-0.00993966,-0.0111751
19.13,-8.85774,-8.90451,4.76412,4.71916,38.26,38.2309,2.82428,2.84758,5.27032,5.29243,2,1.983,0.317201,0.332368,0.107552,0.107794,0.782476,0.775585,0.0598163,0.0862248,-0.103287,-0.125003,-0.0098889,-0.0111208
19.14,-8.82935,-8.87613,4.81674,4.77127,38.28,38.2508,2.85462,2.87851,5.25476,5.27532,2,1.9827,0.317811,0.332747,0.106516,0.106026,0.782378,0.775439,0.0623093,0.0866744,-0.104089,-0.123977,-0.00983796,-0.0110653
19.15,-8.80065,-8.84746,4.86921,4.8232,38.3,38.2707,2.88492,2.90933,5.23907,5.25808,2,1.9824,0.318447,0.333118,0.10547,0.104254,0.782279,0.775294,0.0647815,0.0870812,-0.105051,-0.123057,-0.00978682,-0.0110087
19.16,-8.77165,-8.81849,4.92152,4.87497,38.32,38.2907,2.9152,2.94005,5.22326,5.24067,2,1.98211,0.319107,0.333483,0.104414,0.102475,0.782182,0.775149,0.0672267,0.0874432,-0.106173,-0.122247,-0.0097355,-0.0109509
19.17,-8.74235,-8.78924,4.97368,4.92656,38.34,38.3106,2.94545,2.97067,5.20733,5.22313,2,1.98184,0.319791,0.333842,0.103346,0.100691,0.782085,0.775007,0.0696386,0.0877575,-0.107453,-0.121549,-0.00968399,-0.0108918
19.18,-8.71274,-8.75968,5.02567,4.97799,38.36,38.3305,2.97567,3.00119,5.19126,5.20542,2,1.98157,0.3205,0.334194,0.102265,0.0989009,0.781988,0.774865,0.0720111,0.0880239,-0.108889,-0.120963,-0.00963231,-0.0108315
19.19,-8.68283,-8.72983,5.0775,5.02925,38.38,38.3504,3.00587,3.03161,5.17506,5.18757,2,1.98131,0.321231,0.334541,0.101168,0.0971041,0.781892,0.774725,0.0743381,0.0882385,-0.110479,-0.120492,-0.00958044,-0.0107699
19.2,-8.65263,-8.6997,5.12917,5.08034,38.4,38.3704,3.03604,3.06192,5.15873,5.16956,2,1.98106,0.321986,0.334881,0.100055,0.0953007,0.781797,0.774587,0.0766138,0.0884005,-0.112221,-0.120137,-0.0095284,-0.0107071
19.21,-8.62211,-8.66927,5.18068,5.13125,38.42,38.3903,3.06619,3.09213,5.14226,5.1514,2,1.98081,0.322763,0.335215,0.098923,0.0934908,0.781702,0.77445,0.0788322,0.0885082,-0.114114,-0.119899,-0.00947619,-0.0106428
19.22,-8.5913,-8.63855,5.23201,5.18201,38.44,38.4102,3.09632,3.12225,5.12565,5.13309,2,1.98058,0.323563,0.335543,0.0977718,0.0916735,0.781607,0.774314,0.0809876,0.0885588,-0.116153,-0.119777,-0.0094238,-0.0105772
19.23,-8.56019,-8.60753,5.28319,5.2326,38.46,38.4302,3.12642,3.15226,5.10889,5.11462,2,1.98036,0.324383,0.335865,0.0965994,0.0898488,0.781513,0.77418,0.0830744,0.0885526,-0.118336,-0.119777,-0.00937125,-0.0105103
19.24,-8.52877,-8.57622,5.33419,5.28302,38.48,38.4501,3.1565,3.18217,5.09199,5.096,2,1.98015,0.325224,0.336182,0.0954046,0.0880164,0.78142,0.774048,0.085087,0.0884871,-0.12066,-0.119896,-0.00931854,-0.010442
19.25,-8.49706,-8.54461,5.38503,5.33328,38.5,38.4701,3.18656,3.21198,5.07493,5.07722,2,1.97995,0.326084,0.336493,0.0941858,0.0861764,0.781327,0.773917,0.0870202,0.0883597,-0.123121,-0.120133,-0.00926566,-0.0103723
19.26,-8.46504,-8.51271,5.43569,5.38337,38.52,38.4901,3.21659,3.2417,5.05772,5.05829,2,1.97976,0.326964,0.336799,0.0929417,0.0843281,0.781234,0.773788,0.0888687,0.0881704,-0.125716,-0.120493,-0.00921263,-0.0103011
19.27,-8.43273,-8.48052,5.48618,5.43329,38.54,38.51,3.2466,3.27131,5.04036,5.03919,2,1.97958,0.327862,0.337099,0.091671,0.0824719,0.781142,0.773661,0.0906275,0.087919,-0.128441,-0.120976,-0.00915944,-0.0102285
19.28,-8.40011,-8.44802,5.5365,5.48305,38.56,38.53,3.27659,3.30082,5.02283,5.01995,2,1.97941,0.328776,0.337393,0.0903725,0.0806072,0.781051,0.773536,0.0922917,0.0876037,-0.131291,-0.121579,-0.0091061,-0.0101546
19.29,-8.36719,-8.41524,5.58664,5.53264,38.58,38.55,3.30654,3.33024,5.00514,5.00054,2,1.97925,0.329707,0.337682,0.0890448,0.0787338,0.78096,0.773412,0.0938566,0.0872216,-0.134262,-0.122305,-0.0090526,-0.0100792
19.3,-8.33398,-8.38216,5.6366,5.58205,38.6,38.57,3.33648,3.35954,4.98729,4.98098,2,1.9791,0.330653,0.337966,0.0876868,0.0768523,0.78087,0.773291,0.0953177,0.0867731,-0.13735,-0.123152,-0.00899896,-0.0100024
19.31,-8.30046,-8.34878,5.68638,5.63131,38.62,38.59,3.36638,3.38875,4.96926,4.96126,2,1.97896,0.331613,0.338244,0.0862974,0.0749612,0.78078,0.773172,0.0966707,0.086258,-0.140549,-0.124122,-0.00894517,-0.00992413
19.32,-8.26665,-8.3151,5.73598,5.6804,38.64,38.61,3.39626,3.41787,4.95106,4.94138,2,1.97883,0.332586,0.338517,0.0848755,0.0730611,0.780691,0.773054,0.0979114,0.0856746,-0.143854,-0.125211,-0.00889124,-0.00984439
19.33,-8.23254,-8.28113,5.7854,5.72933,38.66,38.63,3.42611,3.44688,4.93269,4.92134,2,1.97872,0.333571,0.338785,0.08342,0.0711516,0.780603,0.772939,0.099036,0.085023,-0.147261,-0.126424,-0.00883717,-0.00976316
19.34,-8.19813,-8.24685,5.83464,5.77809,38.68,38.6501,3.45593,3.47579,4.91413,4.90114,2,1.97861,0.334566,0.339047,0.08193,0.0692332,0.780514,0.772826,0.100041,0.0843004,-0.150763,-0.127756,-0.00878296,-0.00968057
19.35,-8.16342,-8.21228,5.88368,5.82667,38.7,38.6701,3.48571,3.5046,4.8954,4.88078,2,1.97852,0.335571,0.339304,0.0804045,0.0673048,0.780427,0.772715,0.100922,0.0835099,-0.154356,-0.129205,-0.00872862,-0.00959652
19.36,-8.12842,-8.17741,5.93254,5.87509,38.72,38.6902,3.51546,3.53331,4.87647,4.86026,2,1.97844,0.336584,0.339556,0.0788426,0.0653673,0.78034,0.772606,0.101677,0.0826489,-0.158033,-0.130775,-0.00867415,-0.00951113
19.37,-8.09311,-8.14225,5.98121,5.92334,38.74,38.7102,3.54517,3.56191,4.85736,4.83957,2,1.97837,0.337604,0.339803,0.0772435,0.0634199,0.780253,0.772499,0.102302,0.0817164,-0.161788,-0.132459,-0.00861955,-0.00942428
19.38,-8.05751,-8.10679,6.02969,5.97141,38.76,38.7303,3.57485,3.59041,4.83806,4.81873,2,1.97831,0.33863,0.340044,0.0756066,0.0614629,0.780167,0.772395,0.102794,0.0807133,-0.165616,-0.134258,-0.00856482,-0.00933608
19.39,-8.02162,-8.07103,6.07797,6.01932,38.78,38.7504,3.60448,3.61882,4.81856,4.79772,2,1.97827,0.33966,0.34028,0.073931,0.0594957,0.780082,0.772293,0.103152,0.0796395,-0.16951,-0.136172,-0.00850997,-0.00924649
19.4,-7.98542,-8.03496,6.12606,6.06705,38.8,38.7705,3.63407,3.64712,4.79886,4.77655,2,1.97823,0.340693,0.340511,0.0722162,0.0575188,0.779997,0.772194,0.103372,0.0784953,-0.173463,-0.138198,-0.008455,-0.00915565
19.41,-7.94893,-7.99861,6.17395,6.11461,38.82,38.7906,3.66362,3.67531,4.77896,4.75522,2,1.97821,0.341727,0.340737,0.0704616,0.0555318,0.779913,0.772097,0.103453,0.0772805,-0.17747,-0.140333,-0.00839991,-0.00906346
19.42,-7.91215,-7.96195,6.22164,6.16199,38.84,38.8107,3.69311,3.7034,4.75886,4.73372,2,1.9782,0.342761,0.340957,0.0686666,0.0535347,0.779829,0.772002,0.103393,0.075994,-0.181524,-0.142574,-0.00834471,-0.00896994
19.43,-7.87507,-7.925,6.26913,6.2092,38.86,38.8308,3.72256,3.73138,4.73855,4.71206,2,1.9782,0.343794,0.341172,0.0668309,0.0515276,0.779746,0.77191,0.103189,0.0746399,-0.185618,-0.144922,-0.00828939,-0.00887527
19.44,-7.8377,-7.88775,6.31641,6.25622,38.88,38.851,3.75195,3.75926,4.71803,4.69024,2,1.97821,0.344824,0.341381,0.0649542,0.0495105,0.779664,0.771821,0.102842,0.0732137,-0.189745,-0.147371,-0.00823396,-0.00877941
19.45,-7.80003,-7.8502,6.36349,6.30307,38.9,38.8711,3.78128,3.78703,4.6973,4.66825,2,1.97823,0.34585,0.341585,0.063036,0.0474836,0.779581,0.771734,0.10235,0.0717198,-0.193899,-0.149918,-0.00817843,-0.00868232
19.46,-7.76207,-7.81237,6.41036,6.34972,38.92,38.8912,3.81055,3.81468,4.67635,4.6461,2,1.97827,0.346871,0.341783,0.0610761,0.0454467,0.7795,0.77165,0.101712,0.0701581,-0.198073,-0.152562,-0.00812279,-0.00858422
19.47,-7.72382,-7.77423,6.45701,6.3962,38.94,38.9114,3.83976,3.84223,4.65519,4.62379,2,1.97832,0.347884,0.341976,0.0590745,0.0433996,0.779419,0.771568,0.100927,0.068528,-0.202259,-0.155297,-0.00806704,-0.00848496
19.48,-7.68528,-7.7358,6.50346,6.44249,38.96,38.9316,3.8689,3.86967,4.63381,4.60132,2,1.97837,0.348889,0.342163,0.0570309,0.0413426,0.779339,0.77149,0.0999958,0.0668315,-0.206451,-0.158122,-0.0080112,-0.0083847
19.49,-7.64644,-7.69707,6.54969,6.48858,38.98,38.9517,3.89797,3.897,4.61221,4.57868,2,1.97844,0.349884,0.342344,0.0549454,0.0392755,0.779259,0.771413,0.0989179,0.0650699,-0.210643,-0.161031,-0.00795526,-0.00828357
19.5,-7.60732,-7.65806,6.5957,6.53449,39,38.9719,3.92696,3.92421,4.59038,4.55587,2,1.97852,0.350867,0.34252,0.0528181,0.0371989,0.779179,0.77134,0.0976935,0.063244,-0.214826,-0.164021,-0.00789923,-0.00818146
19.51,-7.56791,-7.61876,6.6415,6.5802,39.02,38.9921,3.95588,3.95131,4.56833,4.53291,2,1.97862,0.351837,0.34269,0.050649,0.0351124,0.779101,0.77127,0.0963232,0.0613556,-0.218995,-0.167089,-0.00784311,-0.00807863
19.52,-7.5282,-7.57916,6.68707,6.62572,39.04,39.0123,3.98471,3.97829,4.54605,4.50978,2,1.97872,0.352793,0.342853,0.0484383,0.0330164,0.779023,0.771202,0.0948078,0.0594057,-0.223141,-0.17023,-0.00778689,-0.00797487
19.53,-7.48821,-7.53927,6.73242,6.67103,39.06,39.0325,4.01346,4.00515,4.52355,4.48649,2,1.97884,0.353733,0.34301,0.0461862,0.0309106,0.778945,0.771137,0.0931483,0.0573956,-0.227259,-0.173438,-0.00773059,-0.00787052
19.54,-7.44793,-7.4991,6.77754,6.71614,39.08,39.0528,4.04212,4.03189,4.50081,4.46304,2,1.97896,0.354655,0.343161,0.0438932,0.0287955,0.778868,0.771075,0.091346,0.0553245,-0.231342,-0.176708,-0.00767421,-0.0077655
19.55,-7.40737,-7.45865,6.82243,6.76104,39.1,39.073,4.07068,4.0585,4.47784,4.43943,2,1.9791,0.355559,0.343306,0.0415595,0.0266718,0.778792,0.771017,0.0894024,0.0531986,-0.235382,-0.180037,-0.00761775,-0.00766003
19.56,-7.36652,-7.41791,6.86709,6.80574,39.12,39.0932,4.09914,4.08499,4.45464,4.41566,2,1.97924,0.356443,0.343445,0.0391857,0.0245383,0.778716,0.770961,0.0873193,0.0510172,-0.239374,-0.18342,-0.0075612,-0.00755399
19.57,-7.32539,-7.37689,6.91152,6.85022,39.14,39.1134,4.1275,4.11136,4.4312,4.39173,2,1.9794,0.357305,0.343577,0.0367722,0.0223961,0.77864,0.770908,0.0850988,0.0487825,-0.24331,-0.186848,-0.00750458,-0.00744758
19.58,-7.28397,-7.3356,6.95572,6.89449,39.16,39.1336,4.15576,4.1376,4.40753,4.36763,2,1.97957,0.358144,0.343702,0.0343197,0.0202449,0.778566,0.770858,0.082743,0.046495,-0.247184,-0.19032,-0.00744789,-0.00734085
19.59,-7.24227,-7.29402,6.99967,6.93854,39.18,39.1539,4.1839,4.16371,4.38362,4.34338,2,1.97975,0.35896,0.34382,0.0318288,0.0180854,0.778491,0.770811,0.0802545,0.0441595,-0.25099,-0.193828,-0.00739112,-0.00723395
19.6,-7.20029,-7.25216,7.04339,6.98237,39.2,39.1741,4.21192,4.18969,4.35948,4.31898,2,1.97994,0.359749,0.343931,0.0293002,0.0159174,0.778418,0.770768,0.077636,0.0417755,-0.254721,-0.197367,-0.00733429,-0.00712694
19.61,-7.15803,-7.21004,7.08686,7.02597,39.22,39.1944,4.23983,4.21553,4.33509,4.29441,2,1.98013,0.360512,0.344035,0.0267346,0.0137412,0.778345,0.770727,0.0748904,0.039349,-0.258371,-0.200927,-0.00727739,-0.0070198
19.62,-7.1155,-7.16764,7.13009,7.06934,39.24,39.2146,4.26761,4.24124,4.31047,4.26968,2,1.98034,0.361246,0.344132,0.024133,0.0115569,0.778272,0.77069,0.0720209,0.0368775,-0.261935,-0.204508,-0.00722043,-0.00691276
19.63,-7.07268,-7.12498,7.17307,7.11247,39.26,39.2348,4.29526,4.26681,4.28561,4.24481,2,1.98056,0.361952,0.344221,0.0214962,0.0093653,0.7782,0.770656,0.0690309,0.034366,-0.265406,-0.208102,-0.00716341,-0.00680592
19.64,-7.02959,-7.08205,7.2158,7.15537,39.28,39.2551,4.32277,4.29224,4.26052,4.21978,2,1.98078,0.362627,0.344303,0.0188252,0.00716607,0.778129,0.770625,0.0659239,0.0318183,-0.268779,-0.2117,-0.00710633,-0.00669924
19.65,-6.98623,-7.03885,7.25828,7.19804,39.3,39.2753,4.35015,4.31753,4.23518,4.19459,2,1.98102,0.36327,0.344377,0.016121,0.00495914,0.778058,0.770597,0.0627037,0.0292327,-0.272049,-0.215297,-0.00704919,-0.0065929
19.66,-6.94259,-6.99539,7.3005,7.24046,39.32,39.2955,4.37738,4.34267,4.2096,4.16925,2,1.98126,0.36388,0.344442,0.0133846,0.00274537,0.777988,0.770573,0.0593742,0.0266157,-0.275209,-0.218889,-0.006992,-0.00648699
19.67,-6.89868,-6.95168,7.34247,7.28263,39.34,39.3158,4.40446,4.36767,4.18379,4.14375,2,1.98151,0.364457,0.3445,0.0106172,0.000525214,0.777918,0.770551,0.0559395,0.0239705,-0.278256,-0.222465,-0.00693476,-0.00638168
19.68,-6.8545,-6.9077,7.38418,7.32456,39.36,39.336,4.4314,4.39252,4.15774,4.11811,2,1.98177,0.364999,0.34455,0.00781989,-0.00170185,0.777849,0.770533,0.0524041,0.0212947,-0.281184,-0.226024,-0.00687747,-0.00627691
19.69,-6.81005,-6.86347,7.42563,7.36623,39.38,39.3562,4.45817,4.41722,4.13146,4.09231,2,1.98204,0.365505,0.344591,0.00499392,-0.00393524,0.777781,0.770519,0.0487722,0.0185951,-0.283989,-0.229554,-0.00682013,-0.00617296
19.7,-6.76534,-6.81898,7.46681,7.40765,39.4,39.3764,4.48478,4.44177,4.10493,4.06636,2,1.98231,0.365974,0.344623,0.00214054,-0.00617446,0.777713,0.770507,0.0450485,0.0158745,-0.286665,-0.23305,-0.00676275,-0.00606979
19.71,-6.72036,-6.77426,7.50772,7.44879,39.42,39.3967,4.51123,4.46616,4.07817,4.04027,2,1.98259,0.366406,0.344646,-0.000738947,-0.00841906,0.777646,0.770499,0.0412378,0.0131344,-0.28921,-0.236505,-0.00670534,-0.00596755
19.72,-6.67511,-6.72928,7.54837,7.48968,39.44,39.4169,4.5375,4.49039,4.05118,4.01402,2,1.98288,0.366798,0.344661,-0.00364321,-0.0106697,0.777579,0.770495,0.0373449,0.010375,-0.291619,-0.239914,-0.00664788,-0.00586635
19.73,-6.62961,-6.68405,7.58875,7.5303,39.46,39.4371,4.5636,4.51447,4.02396,3.98763,2,1.98317,0.367152,0.344666,-0.00657086,-0.0129253,0.777513,0.770493,0.0333749,0.00760483,-0.293888,-0.24327,-0.00659038,-0.00576629
19.74,-6.58384,-6.63859,7.62885,7.57066,39.48,39.4573,4.58951,4.53839,3.9965,3.96108,2,1.98347,0.367466,0.344662,-0.00952048,-0.015186,0.777447,0.770495,0.0293329,0.00482427,-0.296014,-0.246566,-0.00653286,-0.00566741
19.75,-6.53782,-6.59287,7.66868,7.61074,39.5,39.4775,4.61525,4.56214,3.96882,3.93439,2,1.98378,0.367739,0.344648,-0.0124906,-0.0174512,0.777382,0.770501,0.0252241,0.00203335,-0.297993,-0.249794,-0.0064753,-0.0055698
19.76,-6.49154,-6.54693,7.70822,7.65054,39.52,39.4977,4.64079,4.58574,3.9409,3.90755,2,1.98409,0.36797,0.344625,-0.0154798,-0.0197209,0.777317,0.770509,0.0210538,-0.00075949,-0.299823,-0.252949,-0.00641771,-0.00547368
19.77,-6.445,-6.50075,7.74749,7.69007,39.54,39.5178,4.66614,4.60916,3.91276,3.88057,2,1.98441,0.368159,0.344591,-0.0184866,-0.0219947,0.777254,0.770521,0.0168275,-0.00355995,-0.301502,-0.25603,-0.00636009,-0.00537898
19.78,-6.39822,-6.45433,7.78648,7.72931,39.56,39.538,4.69129,4.63242,3.8844,3.85344,2,1.98473,0.368306,0.344547,-0.0215094,-0.0242724,0.77719,0.770536,0.0125506,-0.00635565,-0.303025,-0.259021,-0.00630246,-0.00528582
19.79,-6.35118,-6.40768,7.82518,7.76827,39.58,39.5582,4.71624,4.65551,3.85582,3.82616,2,1.98506,0.36841,0.344494,-0.0245466,-0.0265536,0.777127,0.770555,0.00822866,-0.00914956,-0.304393,-0.261922,-0.0062448,-0.00519444
19.8,-6.30389,-6.36081,7.86359,7.80694,39.6,39.5783,4.74098,4.67843,3.82701,3.79875,2,1.98538,0.368471,0.344429,-0.0275967,-0.0288379,0.777065,0.770577,0.00386731,-0.0119373,-0.305602,-0.264726,-0.00618712,-0.00510472
19.81,-6.25636,-6.3137,7.90172,7.84532,39.62,39.5985,4.76551,4.70117,3.79799,3.77118,2,1.98572,0.368488,0.344354,-0.0306581,-0.0311256,0.777004,0.770602,-0.000527819,-0.0147176,-0.306651,-0.267425,-0.00612942,-0.00501688
19.82,-6.20858,-6.26637,7.93955,7.88341,39.64,39.6186,4.78983,4.72375,3.76875,3.74347,2,1.98605,0.36846,0.344267,-0.0337292,-0.0334161,0.776943,0.770631,-0.00495105,-0.0174849,-0.307538,-0.270018,-0.00607171,-0.00493087
19.83,-6.16056,-6.21881,7.97709,7.9212,39.66,39.6387,4.81393,4.74615,3.7393,3.71562,2,1.98639,0.368388,0.34417,-0.0368083,-0.0357095,0.776882,0.770663,-0.0093967,-0.0202389,-0.308264,-0.272497,-0.00601399,-0.00484689
19.84,-6.11231,-6.17103,8.01434,7.95871,39.68,39.6589,4.83781,4.76838,3.70964,3.68762,2,1.98673,0.368272,0.344062,-0.0398939,-0.0380051,0.776822,0.770698,-0.013859,-0.0229777,-0.308826,-0.274855,-0.00595626,-0.00476487
19.85,-6.06381,-6.12303,8.05129,7.99591,39.7,39.679,4.86146,4.79043,3.67978,3.65948,2,1.98707,0.368111,0.343942,-0.0429843,-0.0403025,0.776763,0.770736,-0.0183324,-0.0256975,-0.309225,-0.277091,-0.00589852,-0.00468494
19.86,-6.01508,-6.07481,8.08793,8.03281,39.72,39.6991,4.88488,4.8123,3.64971,3.63119,2,1.98742,0.367906,0.34381,-0.0460778,-0.0426018,0.776704,0.770778,-0.022811,-0.0283966,-0.309459,-0.279196,-0.00584078,-0.00460716
19.87,-5.96611,-6.02637,8.12428,8.06942,39.74,39.7192,4.90807,4.83399,3.61944,3.60276,2,1.98776,0.367655,0.343667,-0.0491729,-0.0449029,0.776646,0.770822,-0.0272891,-0.0310719,-0.309531,-0.281169,-0.00578303,-0.00453156
19.88,-5.91692,-5.97772,8.16032,8.10571,39.76,39.7393,4.93103,4.8555,3.58898,3.57419,2,1.98811,0.36736,0.343512,-0.0522679,-0.0472054,0.776589,0.77087,-0.0317613,-0.0337199,-0.309438,-0.283007,-0.00572529,-0.00445832
19.89,-5.86749,-5.92885,8.19606,8.1417,39.78,39.7594,4.95374,4.87683,3.55832,3.54547,2,1.98846,0.36702,0.343345,-0.0553612,-0.0495091,0.776532,0.770921,-0.0362217,-0.0363411,-0.309183,-0.284701,-0.00566754,-0.00438737
19.9,-5.81784,-5.87976,8.23149,8.1774,39.8,39.7795,4.97621,4.89799,3.52747,3.51661,2,1.9888,0.366635,0.343165,-0.058451,-0.0518138,0.776475,0.770975,-0.0406648,-0.0389323,-0.308766,-0.286252,-0.0056098,-0.00431864
19.91,-5.76797,-5.83046,8.26661,8.21279,39.82,39.7996,4.99843,4.91896,3.49643,3.4876,2,1.98915,0.366207,0.342973,-0.0615359,-0.0541194,0.77642,0.771032,-0.0450852,-0.0414901,-0.308187,-0.287656,-0.00555207,-0.00425235
19.92,-5.71787,-5.78095,8.30142,8.24787,39.84,39.8196,5.02041,4.93975,3.46522,3.45845,2,1.98949,0.365734,0.342769,-0.0646142,-0.0564257,0.776364,0.771092,-0.0494774,-0.0440137,-0.30745,-0.288911,-0.00549434,-0.0041884
19.93,-5.66756,-5.73122,8.33591,8.28264,39.86,39.8397,5.04213,4.96037,3.43382,3.42915,2,1.98984,0.365217,0.342551,-0.0676844,-0.0587323,0.77631,0.771155,-0.0538359,-0.0465038,-0.306554,-0.290007,-0.00543663,-0.004127
19.94,-5.61703,-5.68129,8.37009,8.3171,39.88,39.8598,5.0636,4.9808,3.40225,3.3997,2,1.99018,0.364657,0.342321,-0.0707448,-0.061039,0.776256,0.77122,-0.0581555,-0.0489554,-0.305502,-0.290952,-0.00537893,-0.00406795
19.95,-5.56629,-5.63115,8.40396,8.35126,39.9,39.8799,5.08482,5.00104,3.37051,3.37011,2,1.99052,0.364054,0.342078,-0.0737939,-0.0633457,0.776202,0.771289,-0.062431,-0.0513651,-0.304296,-0.291738,-0.00532125,-0.0040114
19.96,-5.51534,-5.5808,8.4375,8.3851,39.92,39.8999,5.10577,5.0211,3.3386,3.34039,2,1.99086,0.363409,0.341822,-0.0768302,-0.0656517,0.776149,0.77136,-0.0666573,-0.0537378,-0.302939,-0.292366,-0.00526358,-0.00395733
19.97,-5.46418,-5.53024,8.47073,8.41863,39.94,39.92,5.12646,5.04098,3.30652,3.31051,2,1.99119,0.362721,0.341553,-0.0798522,-0.0679579,0.776097,0.771433,-0.0708293,-0.0560665,-0.301432,-0.292832,-0.00520593,-0.00390569
19.98,-5.41281,-5.47947,8.50363,8.45186,39.96,39.9401,5.14689,5.06068,3.27429,3.28048,2,1.99153,0.361992,0.34127,-0.0828584,-0.0702634,0.776045,0.77151,-0.0749423,-0.0583522,-0.299779,-0.293137,-0.00514831,-0.00385655
19.99,-5.36124,-5.4285,8.53621,8.48477,39.98,39.9602,5.16705,5.0802,3.2419,3.25031,2,1.99185,0.361223,0.340974,-0.0858473,-0.072568,0.775994,0.771589,-0.0789915,-0.0605934,-0.297983,-0.293279,-0.00509071,-0.00380988
20,-5.30947,-5.37733,8.56847,8.51738,40,39.9802,5.18695,5.09953,3.20937,3.21999,2,1.99218,0.360413,0.340664,-0.0888176,-0.0748716,0.775943,0.77167,-0.0829721,-0.0627908,-0.296047,-0.293258,-0.00503313,-0.00376575
20.01,-5.2575,-5.32595,8.6004,8.54967,40.02,40.0003,5.20658,5.11868,3.17668,3.18953,2,1.9925,0.359563,0.340341,-0.0917678,-0.077174,0.775893,0.771753,-0.0868799,-0.0649371,-0.293973,-0.293076,-0.00497559,-0.00372395
20.02,-5.20534,-5.27436,8.632,8.58165,40.04,40.0204,5.22593,5.13765,3.14386,3.15892,2,1.99281,0.358675,0.340003,-0.0946966,-0.0794755,0.775844,0.771839,-0.0907103,-0.0670391,-0.291767,-0.292729,-0.00491808,-0.00368467
20.03,-5.15298,-5.22257,8.66328,8.61332,40.06,40.0405,5.24502,5.15644,3.11089,3.12817,2,1.99312,0.35775,0.339652,-0.0976027,-0.081775,0.775795,0.771927,-0.0944593,-0.0690918,-0.289432,-0.292221,-0.0048606,-0.0036478
20.04,-5.10044,-5.17058,8.69422,8.64468,40.08,40.0606,5.26383,5.17504,3.07779,3.09726,2,1.99343,0.356787,0.339287,-0.100485,-0.0840727,0.775747,0.772017,-0.0981227,-0.0710949,-0.28697,-0.291555,-0.00480315,-0.00361328
20.05,-5.04771,-5.11841,8.72483,8.67572,40.1,40.0807,5.28236,5.19346,3.04457,3.06622,2,1.99373,0.355787,0.338908,-0.103342,-0.0863681,0.775699,0.772109,-0.101697,-0.0730482,-0.284388,-0.290729,-0.00474575,-0.0035811
20.06,-4.99479,-5.06602,8.75511,8.70645,40.12,40.1008,5.30062,5.21169,3.01122,3.03504,2,1.99402,0.354753,0.338515,-0.106172,-0.0886616,0.775652,0.772203,-0.105178,-0.0749531,-0.281689,-0.289745,-0.00468838,-0.00355128
20.07,-4.9417,-5.01344,8.78505,8.73687,40.14,40.1209,5.31861,5.22975,2.97775,3.0037,2,1.99431,0.353684,0.338107,-0.108975,-0.090953,0.775605,0.772298,-0.108562,-0.0768062,-0.278877,-0.288605,-0.00463105,-0.00352369
20.08,-4.88842,-4.96065,8.81466,8.76698,40.16,40.1411,5.33632,5.24762,2.94416,2.97222,2,1.99459,0.352582,0.337685,-0.111749,-0.0932418,0.775559,0.772395,-0.111846,-0.0786086,-0.275957,-0.287313,-0.00457377,-0.00349832
20.09,-4.83497,-4.90768,8.84394,8.79677,40.18,40.1612,5.35375,5.26531,2.91046,2.9406,2,1.99487,0.351448,0.337249,-0.114494,-0.0955275,0.775514,0.772494,-0.115028,-0.0803611,-0.272933,-0.28587,-0.00451654,-0.00347512
20.1,-4.78135,-4.85452,8.87287,8.82625,40.2,40.1813,5.3709,5.28281,2.87666,2.90884,2,1.99514,0.350282,0.336799,-0.117208,-0.0978105,0.775469,0.772594,-0.118103,-0.0820634,-0.269812,-0.284279,-0.00445935,-0.00345409
20.11,-4.72755,-4.80116,8.90147,8.85542,40.22,40.2015,5.38778,5.30014,2.84275,2.87693,2,1.9954,0.349086,0.336334,-0.11989,-0.10009,0.775424,0.772695,-0.121069,-0.0837143,-0.266596,-0.282545,-0.00440221,-0.00343511
20.12,-4.67359,-4.74761,8.92973,8.88427,40.24,40.2217,5.40438,5.31728,2.80874,2.84489,2,1.99565,0.347861,0.335854,-0.122539,-0.102366,0.775381,0.772798,-0.123923,-0.0853146,-0.263292,-0.280667,-0.00434513,-0.00341813
20.13,-4.61947,-4.69388,8.95765,8.9128,40.26,40.2418,5.4207,5.33423,2.77465,2.81271,2,1.9959,0.346608,0.335361,-0.125155,-0.104638,0.775338,0.772901,-0.126664,-0.0868651,-0.259905,-0.278655,-0.0042881,-0.00340316
20.14,-4.56518,-4.63996,8.98522,8.94102,40.28,40.262,5.43674,5.351,2.74046,2.78039,2,1.99613,0.345328,0.334852,-0.127737,-0.106906,0.775295,0.773005,-0.129288,-0.088365,-0.25644,-0.276508,-0.00423112,-0.00338999
20.15,-4.51073,-4.58585,9.01245,8.96892,40.3,40.2822,5.45251,5.36759,2.70618,2.74793,2,1.99636,0.344022,0.334329,-0.130284,-0.10917,0.775253,0.77311,-0.131794,-0.0898173,-0.252902,-0.274236,-0.00417421,-0.00337876
20.16,-4.45613,-4.53157,9.03934,8.99651,40.32,40.3024,5.468,5.38399,2.67183,2.71534,2,1.99658,0.342692,0.333791,-0.132795,-0.11143,0.775211,0.773215,-0.13418,-0.0912199,-0.249297,-0.271836,-0.00411735,-0.00336924
20.17,-4.40137,-4.4771,9.06589,9.02378,40.34,40.3227,5.48321,5.40021,2.6374,2.68262,2,1.9968,0.341339,0.333238,-0.13527,-0.113684,0.775171,0.773321,-0.136445,-0.0925735,-0.24563,-0.269318,-0.00406056,-0.00336146
20.18,-4.34647,-4.42245,9.09209,9.05072,40.36,40.3429,5.49815,5.41624,2.6029,2.64976,2,1.997,0.339964,0.332671,-0.137707,-0.115934,0.77513,0.773428,-0.138587,-0.0938801,-0.241906,-0.266686,-0.00400384,-0.00335528
20.19,-4.29141,-4.36764,9.11795,9.07735,40.38,40.3631,5.51282,5.43209,2.56833,2.61678,2,1.99719,0.338568,0.332089,-0.140108,-0.118178,0.775091,0.773534,-0.140604,-0.0951383,-0.238131,-0.263944,-0.00394717,-0.00335067
20.2,-4.23621,-4.31265,9.14346,9.10365,40.4,40.3834,5.52721,5.44775,2.5337,2.58366,2,1.99738,0.337152,0.331493,-0.14247,-0.120417,0.775051,0.773641,-0.142496,-0.0963544,-0.234312,-0.261096,-0.00389058,-0.0033475
20.21,-4.18087,-4.25751,9.16862,9.12962,40.42,40.4037,5.54133,5.46321,2.499,2.55043,2,1.99756,0.335718,0.330881,-0.144794,-0.122649,0.775013,0.773747,-0.144262,-0.0975229,-0.230452,-0.258154,-0.00383406,-0.00334577
20.22,-4.12538,-4.20218,9.19344,9.15528,40.44,40.4239,5.55518,5.4785,2.46425,2.51707,2,1.99772,0.334267,0.330255,-0.147079,-0.124875,0.774975,0.773853,-0.145902,-0.0986475,-0.226559,-0.255115,-0.00377761,-0.00334538
20.23,-4.06976,-4.1467,9.21791,9.1806,40.46,40.4442,5.56876,5.49359,2.42945,2.48359,2,1.99788,0.332801,0.329614,-0.149325,-0.127095,0.774937,0.773959,-0.147415,-0.0997304,-0.222637,-0.25199,-0.00372124,-0.00334627
20.24,-4.01401,-4.09105,9.24203,9.2056,40.48,40.4645,5.58208,5.50849,2.3946,2.44999,2,1.99803,0.33132,0.328958,-0.151531,-0.129308,0.7749,0.774064,-0.148801,-0.10077,-0.218692,-0.248783,-0.00366494,-0.00334822
20.25,-3.95812,-4.03524,9.2658,9.23027,40.5,40.4848,5.59513,5.5232,2.35971,2.41628,2,1.99817,0.329825,0.328287,-0.153699,-0.131514,0.774864,0.774168,-0.15006,-0.101768,-0.214731,-0.245501,-0.00360872,-0.0033513
20.26,-3.90211,-3.97929,9.28922,9.2546,40.52,40.5052,5.60791,5.53772,2.32478,2.38245,2,1.9983,0.328319,0.327602,-0.155826,-0.133712,0.774828,0.774272,-0.151192,-0.102727,-0.210757,-0.242148,-0.00355258,-0.00335549
20.27,-3.84597,-3.92319,9.31229,9.27861,40.54,40.5255,5.62043,5.55205,2.28981,2.34851,2,1.99842,0.326802,0.326901,-0.157914,-0.135903,0.774793,0.774374,-0.152197,-0.103647,-0.206778,-0.238733,-0.00349653,-0.00336061
20.28,-3.7897,-3.86694,9.33502,9.30228,40.56,40.5458,5.6327,5.56618,2.2548,2.31447,2,1.99853,0.325275,0.326186,-0.159962,-0.138085,0.774758,0.774476,-0.153078,-0.10453,-0.202799,-0.235261,-0.00344055,-0.00336657
20.29,-3.73331,-3.81054,9.35739,9.3256,40.58,40.5662,5.6447,5.58011,2.21977,2.28032,2,1.99863,0.323741,0.325456,-0.16197,-0.140259,0.774724,0.774576,-0.153833,-0.105379,-0.198824,-0.231738,-0.00338467,-0.00337327
20.3,-3.67681,-3.75402,9.37941,9.34859,40.6,40.5865,5.65645,5.59385,2.18471,2.24608,2,1.99871,0.322199,0.324711,-0.163938,-0.142423,0.77469,0.774675,-0.154465,-0.10619,-0.19486,-0.22817,-0.00332887,-0.00338079
20.31,-3.62019,-3.69735,9.40108,9.37124,40.62,40.6068,5.66795,5.60739,2.14962,2.21173,2,1.99879,0.320652,0.323952,-0.165867,-0.144579,0.774657,0.774772,-0.154974,-0.106969,-0.190912,-0.224564,-0.00327316,-0.00338885
20.32,-3.56345,-3.64055,9.4224,9.39354,40.64,40.6272,5.67919,5.62073,2.11452,2.17728,2,1.99886,0.3191,0.323177,-0.167756,-0.146726,0.774625,0.774867,-0.155362,-0.107714,-0.186986,-0.220928,-0.00321754,-0.00339752
20.33,-3.5066,-3.58361,9.44337,9.4155,40.66,40.6476,5.69019,5.63387,2.0794,2.14274,2,1.99892,0.317545,0.322387,-0.169607,-0.148863,0.774593,0.774961,-0.155631,-0.10843,-0.183085,-0.217263,-0.00316202,-0.00340668
20.34,-3.44965,-3.52656,9.46399,9.43711,40.68,40.6679,5.70094,5.64681,2.04426,2.10812,2,1.99897,0.315988,0.321583,-0.171418,-0.150989,0.774562,0.775052,-0.155783,-0.109117,-0.179217,-0.21358,-0.00310659,-0.00341625
20.35,-3.39258,-3.46938,9.48426,9.45837,40.7,40.6883,5.71144,5.65955,2.00911,2.0734,2,1.99901,0.31443,0.320765,-0.173191,-0.153105,0.774531,0.775142,-0.155819,-0.109776,-0.175385,-0.209883,-0.00305126,-0.00342622
20.36,-3.33542,-3.41208,9.50418,9.47928,40.72,40.7087,5.72171,5.67208,1.97396,2.0386,2,1.99904,0.312872,0.319931,-0.174926,-0.155211,0.774501,0.775229,-0.155741,-0.110407,-0.171595,-0.206179,-0.00299603,-0.00343634
20.37,-3.27815,-3.35466,9.52374,9.49984,40.74,40.7291,5.73174,5.6844,1.93879,2.00373,2,1.99905,0.311315,0.319082,-0.176623,-0.157305,0.774471,0.775314,-0.155553,-0.111014,-0.167852,-0.202474,-0.0029409,-0.00344682
20.38,-3.22078,-3.29715,9.54295,9.52003,40.76,40.7494,5.74153,5.69652,1.90363,1.96878,2,1.99906,0.309761,0.318218,-0.178283,-0.159388,0.774442,0.775396,-0.155256,-0.111595,-0.16416,-0.198774,-0.00288587,-0.00345735
20.39,-3.16332,-3.23951,9.56181,9.53987,40.78,40.7698,5.75109,5.70843,1.86846,1.93374,2,1.99906,0.30821,0.31734,-0.179907,-0.16146,0.774413,0.775476,-0.154854,-0.112153,-0.160524,-0.195083,-0.00283095,-0.003468
20.4,-3.10576,-3.18177,9.58032,9.55936,40.8,40.7902,5.76042,5.72013,1.83329,1.89864,2,1.99905,0.306664,0.316447,-0.181494,-0.163519,0.774385,0.775553,-0.154348,-0.11269,-0.156949,-0.191409,-0.00277613,-0.00347855
20.41,-3.04811,-3.12393,9.59848,9.57848,40.82,40.8106,5.76952,5.73162,1.79813,1.86346,2,1.99903,0.305124,0.315539,-0.183046,-0.165567,0.774358,0.775628,-0.153743,-0.113207,-0.153439,-0.187757,-0.00272142,-0.00348908
20.42,-2.99037,-3.06599,9.61628,9.59723,40.84,40.8309,5.7784,5.74291,1.76297,1.82822,2,1.99899,0.30359,0.314616,-0.184563,-0.167602,0.774331,0.775699,-0.153041,-0.113706,-0.149998,-0.184133,-0.00266682,-0.00349954
20.43,-2.93255,-3.00795,9.63374,9.61563,40.86,40.8513,5.78706,5.75397,1.72782,1.79292,2,1.99895,0.302063,0.313679,-0.186046,-0.169624,0.774304,0.775768,-0.152245,-0.114186,-0.146631,-0.180539,-0.00261233,-0.00350979
20.44,-2.87463,-2.94982,9.65084,9.63365,40.88,40.8717,5.7955,5.76483,1.69268,1.75755,2,1.9989,0.300545,0.312727,-0.187496,-0.171634,0.774279,0.775833,-0.15136,-0.114652,-0.143341,-0.176985,-0.00255796,-0.00351982
20.45,-2.81664,-2.8916,9.66759,9.65131,40.9,40.8921,5.80372,5.77547,1.65754,1.72213,2,1.99884,0.299036,0.31176,-0.188913,-0.17363,0.774253,0.775895,-0.150388,-0.115103,-0.140132,-0.173473,-0.0025037,-0.00352964
20.46,-2.75856,-2.8333,9.68399,9.66859,40.92,40.9124,5.81173,5.78589,1.62242,1.68665,2,1.99876,0.297538,0.310779,-0.190299,-0.175612,0.774228,0.775954,-0.149333,-0.115536,-0.137008,-0.170007,-0.00244956,-0.00353895
20.47,-2.7004,-2.77491,9.70004,9.68551,40.94,40.9328,5.81954,5.7961,1.58732,1.65112,2,1.99868,0.29605,0.309783,-0.191654,-0.177581,0.774204,0.776009,-0.1482,-0.115961,-0.133973,-0.166593,-0.00239553,-0.00354802
20.48,-2.64217,-2.71643,9.71574,9.70206,40.96,40.9532,5.82714,5.80609,1.55222,1.61553,2,1.99859,0.294574,0.308772,-0.192979,-0.179537,0.774181,0.776061,-0.146991,-0.116373,-0.131029,-0.163236,-0.00234163,-0.0035566
20.49,-2.58386,-2.65787,9.73108,9.71823,40.98,40.9735,5.83453,5.81586,1.51714,1.5799,2,1.99849,0.29311,0.307746,-0.194275,-0.181478,0.774157,0.776109,-0.145712,-0.116776,-0.12818,-0.159942,-0.00228784,-0.0035647
20.5,-2.52548,-2.59924,9.74608,9.73403,41,40.9939,5.84173,5.82542,1.48208,1.54421,2,1.99838,0.29166,0.306706,-0.195542,-0.183405,0.774135,0.776154,-0.144366,-0.117167,-0.125429,-0.15671,-0.00223418,-0.00357228
20.51,-2.46703,-2.54053,9.76073,9.74945,41.02,41.0142,5.84872,5.83475,1.44704,1.50849,2,1.99826,0.290223,0.305651,-0.196783,-0.185318,0.774113,0.776195,-0.142957,-0.117553,-0.122779,-0.15355,-0.00218065,-0.00357922
20.52,-2.40851,-2.48175,9.77502,9.76449,41.04,41.0346,5.85553,5.84387,1.41202,1.47272,2,1.99813,0.288801,0.304582,-0.197998,-0.187216,0.774091,0.776233,-0.14149,-0.117931,-0.120232,-0.15046,-0.00212724,-0.00358562
20.53,-2.34992,-2.4229,9.78897,9.77916,41.06,41.0549,5.86214,5.85276,1.37701,1.43691,2,1.99799,0.287394,0.303498,-0.199188,-0.1891,0.77407,0.776267,-0.139969,-0.118302,-0.117791,-0.147446,-0.00207396,-0.00359141
20.54,-2.29126,-2.36398,9.80256,9.79345,41.08,41.0753,5.86856,5.86143,1.34203,1.40106,2,1.99785,0.286002,0.3024,-0.200355,-0.190969,0.77405,0.776297,-0.138399,-0.11867,-0.115459,-0.144511,-0.00202081,-0.00359644
20.55,-2.23255,-2.305,9.81581,9.80736,41.1,41.0956,5.8748,5.86988,1.30706,1.36518,2,1.99769,0.284626,0.301288,-0.201498,-0.192822,0.77403,0.776323,-0.136784,-0.119032,-0.113236,-0.14166,-0.00196779,-0.0036008
20.56,-2.17377,-2.24595,9.8287,9.82089,41.12,41.1159,5.88086,5.87812,1.27211,1.32926,2,1.99752,0.283266,0.300161,-0.20262,-0.194661,0.77401,0.776345,-0.135129,-0.119391,-0.111125,-0.138891,-0.00191491,-0.00360444
20.57,-2.11493,-2.18684,9.84125,9.83404,41.14,41.1363,5.88674,5.88613,1.23719,1.29331,2,1.99735,0.281923,0.299019,-0.203721,-0.196485,0.773991,0.776364,-0.133438,-0.119749,-0.109128,-0.13621,-0.00186216,-0.00360727
20.58,-2.05603,-2.12767,9.85345,9.84682,41.16,41.1566,5.89244,5.89391,1.20229,1.25732,2,1.99717,0.280598,0.297863,-0.204803,-0.198294,0.773973,0.776378,-0.131717,-0.120105,-0.107247,-0.133621,-0.00180954,-0.00360924
20.59,-1.99708,-2.06843,9.86529,9.85921,41.18,41.1769,5.89796,5.90148,1.1674,1.2213,2,1.99698,0.279289,0.296693,-0.205866,-0.200087,0.773955,0.776389,-0.129969,-0.120458,-0.105481,-0.13112,-0.00175707,-0.00361047
20.6,-1.93808,-2.00915,9.87679,9.87123,41.2,41.1972,5.90331,5.90882,1.13254,1.18526,2,1.99678,0.277998,0.295509,-0.206913,-0.201865,0.773938,0.776395,-0.1282,-0.120815,-0.103834,-0.128714,-0.00170473,-0.0036108
20.61,-1.87902,-1.9498,9.88794,9.88287,41.22,41.2175,5.9085,5.91594,1.0977,1.14919,2,1.99658,0.276725,0.294311,-0.207943,-0.203628,0.773921,0.776398,-0.126414,-0.121172,-0.102305,-0.126405,-0.00165253,-0.00361033
20.62,-1.81991,-1.8904,9.89875,9.89412,41.24,41.2378,5.91351,5.92284,1.06288,1.11309,2,1.99636,0.27547,0.293099,-0.208959,-0.205376,0.773905,0.776397,-0.124616,-0.121529,-0.100895,-0.124192,-0.00160048,-0.00360891
20.63,-1.76075,-1.83096,9.9092,9.905,41.26,41.2581,5.91836,5.92951,1.02807,1.07698,2,1.99614,0.274233,0.291872,-0.209962,-0.207107,0.773889,0.776392,-0.122811,-0.121891,-0.0996042,-0.122078,-0.00154857,-0.00360661
20.64,-1.70154,-1.77146,9.91931,9.9155,41.28,41.2784,5.92305,5.93597,0.993292,1.04084,2,1.99592,0.273014,0.290632,-0.210952,-0.208824,0.773874,0.776383,-0.121004,-0.122253,-0.0984336,-0.120062,-0.0014968,-0.00360342
20.65,-1.64229,-1.7119,9.92907,9.92562,41.3,41.2987,5.92758,5.9422,0.958529,1.00467,2,1.99568,0.271813,0.289378,-0.211931,-0.210526,0.773859,0.77637,-0.119199,-0.122621,-0.0973828,-0.118146,-0.00144519,-0.00359923
20.66,-1.58299,-1.6523,9.93848,9.93537,41.32,41.319,5.93195,5.9482,0.923783,0.96848,2,1.99544,0.27063,0.28811,-0.2129,-0.212212,0.773845,0.776353,-0.117402,-0.122992,-0.0964519,-0.116329,-0.00139372,-0.00359415
20.67,-1.52365,-1.59265,9.94754,9.94473,41.34,41.3392,5.93617,5.95399,0.889054,0.932272,2,1.99519,0.269465,0.286828,-0.21386,-0.213883,0.773831,0.776332,-0.115616,-0.123369,-0.0956404,-0.114616,-0.0013424,-0.0035881
20.68,-1.46427,-1.53295,9.95626,9.95372,41.36,41.3595,5.94023,5.95956,0.854343,0.896048,2,1.99494,0.268317,0.285533,-0.214813,-0.215539,0.773818,0.776307,-0.113847,-0.12375,-0.0949477,-0.113001,-0.00129123,-0.00358112
20.69,-1.40484,-1.47321,9.96463,9.96234,41.38,41.3798,5.94414,5.96491,0.819646,0.859804,2,1.99468,0.267188,0.284225,-0.215759,-0.217179,0.773806,0.776279,-0.112099,-0.124137,-0.0943732,-0.111489,-0.00124021,-0.00357325
20.7,-1.34538,-1.41343,9.97265,9.97058,41.4,41.4,5.9479,5.97003,0.784965,0.823546,2,1.99441,0.266075,0.282903,-0.216701,-0.218805,0.773793,0.776247,-0.110377,-0.124532,-0.0939158,-0.110078,-0.00118935,-0.00356425
20.71,-1.28589,-1.35362,9.98033,9.97844,41.42,41.4203,5.95151,5.97494,0.750296,0.787278,2,1.99414,0.26498,0.281568,-0.217638,-0.220415,0.773782,0.776211,-0.108685,-0.124933,-0.0935745,-0.108767,-0.00113865,-0.00355448
20.72,-1.22635,-1.29375,9.98766,9.98594,41.44,41.4406,5.95497,5.97963,0.715641,0.75099,2,1.99386,0.263902,0.280219,-0.218573,-0.222011,0.773771,0.776171,-0.107027,-0.125341,-0.0933478,-0.107558,-0.0010881,-0.00354364
20.73,-1.16679,-1.23384,9.99464,9.99306,41.46,41.4608,5.95829,5.98409,0.680997,0.714689,2,1.99358,0.262839,0.278857,-0.219505,-0.223591,0.77376,0.776128,-0.105409,-0.125756,-0.0932343,-0.106447,-0.00103771,-0.00353184
20.74,-1.10719,-1.1739,10.0013,9.99981,41.48,41.4811,5.96146,5.98834,0.646362,0.678378,2,1.9933,0.261793,0.277483,-0.220438,-0.225157,0.77375,0.776082,-0.103834,-0.126181,-0.0932323,-0.105434,-0.000987477,-0.00351912
20.75,-1.04756,-1.11392,10.0076,10.0062,41.5,41.5013,5.96449,5.99237,0.611737,0.642052,2,1.993,0.260763,0.276096,-0.22137,-0.226708,0.77374,0.776031,-0.102307,-0.126613,-0.0933398,-0.104519,-0.000937407,-0.00350544
20.76,-0.987899,-1.05391,10.0135,10.0122,41.52,41.5216,5.96738,5.99619,0.577119,0.605719,2,1.99271,0.259747,0.274695,-0.222305,-0.228245,0.773731,0.775977,-0.100832,-0.127054,-0.0935547,-0.1037,-0.0008875,-0.00349079
20.77,-0.928212,-0.993862,10.0191,10.0178,41.54,41.5418,5.97012,5.99978,0.542508,0.569377,2,1.99241,0.258746,0.273283,-0.223242,-0.229767,0.773723,0.77592,-0.099412,-0.127505,-0.0938748,-0.102973,-0.000837757,-0.00347516
20.78,-0.868497,-0.93378,10.0244,10.0231,41.56,41.5621,5.97273,6.00316,0.507901,0.533027,2,1.99211,0.257758,0.271858,-0.224183,-0.231275,0.773714,0.77586,-0.0980518,-0.127965,-0.0942977,-0.102344,-0.000788179,-0.00345869
20.79,-0.808758,-0.873669,10.0293,10.028,41.58,41.5823,5.97519,6.00633,0.473298,0.496669,2,1.99181,0.256784,0.27042,-0.225128,-0.232769,0.773707,0.775796,-0.0967549,-0.128433,-0.0948207,-0.101802,-0.000738767,-0.00344128
20.8,-0.748994,-0.813541,10.0338,10.0326,41.6,41.6025,5.97752,6.00927,0.438696,0.460314,2,1.9915,0.255823,0.268971,-0.226079,-0.234249,0.7737,0.775729,-0.0955251,-0.128914,-0.0954411,-0.101352,-0.000689523,-0.00342297
20.81,-0.689208,-0.753373,10.038,10.0367,41.62,41.6228,5.97971,6.01201,0.404095,0.423946,2,1.99119,0.254874,0.267509,-0.227037,-0.235715,0.773693,0.775658,-0.0943659,-0.129405,-0.0961559,-0.100991,-0.000640448,-0.00340379
20.82,-0.6294,-0.693176,10.0419,10.0406,41.64,41.643,5.98176,6.01453,0.369493,0.387575,2,1.99088,0.253936,0.266036,-0.228003,-0.237167,0.773687,0.775585,-0.0932806,-0.129907,-0.0969621,-0.100713,-0.000591543,-0.00338365
20.83,-0.569573,-0.632957,10.0454,10.044,41.66,41.6632,5.98367,6.01683,0.334888,0.3512,2,1.99056,0.253008,0.26455,-0.228977,-0.238606,0.773681,0.775509,-0.0922725,-0.130417,-0.0978563,-0.100521,-0.00054281,-0.00336269
20.84,-0.509727,-0.572716,10.0486,10.0471,41.68,41.6834,5.98544,6.01892,0.30028,0.314826,2,1.99025,0.25209,0.263053,-0.22996,-0.240031,0.773676,0.77543,-0.0913448,-0.13094,-0.0988353,-0.10041,-0.00049425,-0.00334081
20.85,-0.449865,-0.512449,10.0514,10.0498,41.7,41.7036,5.98708,6.0208,0.265665,0.278449,2,1.98993,0.251181,0.261545,-0.230954,-0.241443,0.773671,0.775348,-0.0905003,-0.131473,-0.0998956,-0.100376,-0.000445864,-0.00331817
20.86,-0.389986,-0.452163,10.0539,10.0522,41.72,41.7238,5.98858,6.02247,0.231044,0.242072,2,1.98962,0.25028,0.260025,-0.231958,-0.242842,0.773667,0.775263,-0.0897418,-0.132017,-0.101033,-0.100419,-0.000397653,-0.00329477
20.87,-0.330094,-0.391857,10.0561,10.0542,41.74,41.744,5.98994,6.02392,0.196414,0.205698,2,1.9893,0.249386,0.258495,-0.232975,-0.244228,0.773663,0.775175,-0.0890721,-0.132574,-0.102245,-0.100538,-0.000349619,-0.00327049
20.88,-0.270188,-0.331548,10.0579,10.0559,41.76,41.7642,5.99116,6.02516,0.161774,0.169333,2,1.98899,0.248498,0.256953,-0.234004,-0.2456,0.77366,0.775086,-0.0884935,-0.133142,-0.103527,-0.100725,-0.000301763,-0.00324549
20.89,-0.210271,-0.271215,10.0593,10.0572,41.78,41.7844,5.99224,6.02619,0.127122,0.13297,2,1.98867,0.247615,0.255401,-0.235045,-0.246961,0.773657,0.774993,-0.0880084,-0.133724,-0.104874,-0.100982,-0.000254086,-0.00321967
20.9,-0.150344,-0.21087,10.0604,10.0581,41.8,41.8046,5.99319,6.02701,0.0924578,0.0966092,2,1.98836,0.246737,0.253837,-0.236101,-0.248309,0.773655,0.774898,-0.087619,-0.134314,-0.106283,-0.101304,-0.000206589,-0.00319309
20.91,-0.0904076,-0.150507,10.0611,10.0587,41.82,41.8248,5.99399,6.02762,0.0577788,0.0602531,2,1.98804,0.245863,0.252264,-0.237171,-0.249644,0.773653,0.774801,-0.0873271,-0.13492,-0.10775,-0.101689,-0.000159273,-0.00316588
20.92,-0.0304642,-0.0901405,10.0616,10.0589,41.84,41.845,5.99465,6.02802,0.0230838,0.0239073,2,1.98773,0.24499,0.250679,-0.238256,-0.250968,0.773652,0.774702,-0.0871345,-0.135535,-0.109271,-0.102136,-0.00011214,-0.0031379
20.93,0.029485,-0.0297611,10.0616,10.0588,41.86,41.8652,5.99518,6.02821,-0.0116284,-0.012434,2,1.98742,0.24412,0.249085,-0.239357,-0.25228,0.773651,0.7746,-0.0870429,-0.136165,-0.11084,-0.102636,-6.51903e-05,-0.00310929
20.94,0.0894388,0.0306225,10.0613,10.0583,41.88,41.8853,5.99555,6.02819,-0.0463591,-0.0487634,2,1.98712,0.243249,0.247481,-0.240473,-0.25358,0.77365,0.774497,-0.0870537,-0.136806,-0.112454,-0.103192,-1.84257e-05,-0.00308007
20.95,0.149396,0.0910129,10.0607,10.0575,41.9,41.9055,5.99579,6.02796,-0.0811098,-0.0850826,2,1.98682,0.242378,0.245867,-0.241606,-0.254868,0.77365,0.774392,-0.087168,-0.13746,-0.114108,-0.103798,2.81531e-05,-0.00305025
20.96,0.209354,0.151394,10.0597,10.0563,41.92,41.9256,5.99588,6.02752,-0.115882,-0.121382,2,1.98652,0.241506,0.244243,-0.242756,-0.256145,0.773651,0.774284,-0.0873869,-0.138127,-0.115797,-0.10445,7.45448e-05,-0.00301973
20.97,0.269313,0.211786,10.0584,10.0548,41.94,41.9458,5.99582,6.02688,-0.150676,-0.157676,2,1.98622,0.24063,0.24261,-0.243922,-0.25741,0.773652,0.774175,-0.0877113,-0.138806,-0.117518,-0.105149,0.000120748,-0.00298873
20.98,0.32927,0.272175,10.0567,10.0529,41.96,41.9659,5.99561,6.02602,-0.185493,-0.193951,2,1.98593,0.239751,0.240967,-0.245106,-0.258665,0.773653,0.774065,-0.0881418,-0.139497,-0.119264,-0.105888,0.000166763,-0.00295716
20.99,0.389224,0.332564,10.0547,10.0507,41.98,41.9861,5.99526,6.02496,-0.220336,-0.230215,2,1.98565,0.238867,0.239315,-0.246308,-0.259909,0.773655,0.773953,-0.0886788,-0.140203,-0.121033,-0.106664,0.000212586,-0.00292497
21,0.449175,0.392944,10.0523,10.0481,42,42.0062,5.99475,6.02369,-0.255203,-0.266458,2,1.98537,0.237977,0.237655,-0.247527,-0.261141,0.773658,0.773839,-0.0893227,-0.14092,-0.122818,-0.107475,0.000258219,-0.0028924
21.01,0.509119,0.453319,10.0495,10.0452,42.02,42.0263,5.99409,6.02221,-0.290098,-0.302683,2,1.98509,0.23708,0.235985,-0.248764,-0.262364,0.77366,0.773725,-0.0900734,-0.141649,-0.124615,-0.108319,0.000303659,-0.00285931
21.02,0.569056,0.513685,10.0465,10.0419,42.04,42.0464,5.99327,6.02052,-0.325019,-0.338889,2,1.98482,0.236175,0.234306,-0.250019,-0.263576,0.773664,0.773609,-0.090931,-0.142394,-0.12642,-0.109189,0.000348905,-0.00282578
21.03,0.628984,0.574038,10.043,10.0383,42.06,42.0665,5.9923,6.01862,-0.359969,-0.375073,2,1.98456,0.235261,0.232619,-0.251292,-0.264777,0.773667,0.773492,-0.091895,-0.143151,-0.128228,-0.110084,0.000393957,-0.00279192
21.04,0.688901,0.634379,10.0393,10.0343,42.08,42.0866,5.99117,6.01651,-0.394948,-0.411236,2,1.9843,0.234337,0.230924,-0.252584,-0.265969,0.773672,0.773373,-0.092965,-0.143919,-0.130034,-0.111002,0.000438814,-0.00275759
21.05,0.748807,0.694695,10.0351,10.03,42.1,42.1067,5.98988,6.0142,-0.429957,-0.447367,2,1.98405,0.233401,0.22922,-0.253893,-0.26715,0.773676,0.773255,-0.0941403,-0.144701,-0.131833,-0.111937,0.000483473,-0.00272287
21.06,0.808698,0.755003,10.0307,10.0254,42.12,42.1268,5.98842,6.01168,-0.464996,-0.483479,2,1.98381,0.232454,0.227508,-0.25522,-0.268322,0.773681,0.773135,-0.0954199,-0.145495,-0.133621,-0.112887,0.000527936,-0.00268796
21.07,0.868574,0.815291,10.0258,10.0203,42.14,42.1468,5.9868,6.00895,-0.500066,-0.519565,2,1.98358,0.231493,0.225789,-0.256565,-0.269484,0.773687,0.773014,-0.0968029,-0.146304,-0.135393,-0.113847,0.000572199,-0.00265261
21.08,0.928434,0.87556,10.0207,10.015,42.16,42.1669,5.98501,6.00601,-0.535167,-0.555624,2,1.98336,0.230517,0.224061,-0.257928,-0.270637,0.773693,0.772893,-0.098288,-0.147124,-0.137145,-0.114818,0.000616263,-0.00261702
21.09,0.988274,0.935805,10.0151,10.0093,42.18,42.1869,5.98305,6.00286,-0.570299,-0.591654,2,1.98314,0.229527,0.222326,-0.259308,-0.27178,0.773699,0.772772,-0.0998738,-0.147958,-0.138872,-0.115792,0.000660127,-0.00258117
21.1,1.04809,0.996024,10.0093,10.0032,42.2,42.207,5.98092,5.99951,-0.605463,-0.627652,2,1.98293,0.22852,0.220584,-0.260705,-0.272914,0.773706,0.77265,-0.101559,-0.148804,-0.140569,-0.116769,0.000703789,-0.00254514
21.11,1.10789,1.05622,10.003,9.9968,42.22,42.227,5.97861,5.99594,-0.640659,-0.663619,2,1.98274,0.227495,0.218834,-0.262119,-0.274039,0.773713,0.772528,-0.103341,-0.149664,-0.142232,-0.117745,0.000747249,-0.00250885
21.12,1.16767,1.11638,9.99645,9.99005,42.24,42.247,5.97613,5.99217,-0.675886,-0.699553,2,1.98255,0.226452,0.217077,-0.26355,-0.275155,0.773721,0.772405,-0.105218,-0.150535,-0.143857,-0.118715,0.000790505,-0.00247241
21.13,1.22741,1.1765,9.98952,9.98295,42.26,42.267,5.97346,5.98819,-0.711146,-0.735445,2,1.98237,0.22539,0.215313,-0.264996,-0.276263,0.773729,0.772283,-0.107189,-0.15142,-0.14544,-0.119678,0.000833557,-0.00243585
21.14,1.28713,1.23659,9.98223,9.9755,42.28,42.287,5.97061,5.98399,-0.746437,-0.77131,2,1.98221,0.224308,0.213542,-0.266459,-0.277362,0.773738,0.772161,-0.10925,-0.152314,-0.146976,-0.12063,0.000876404,-0.0023992
21.15,1.34683,1.29666,9.97459,9.9677,42.3,42.307,5.96758,5.97959,-0.781759,-0.807136,2,1.98205,0.223205,0.211764,-0.267936,-0.278452,0.773747,0.772038,-0.1114,-0.153225,-0.148462,-0.121567,0.000919045,-0.00236244
21.16,1.40649,1.35668,9.96659,9.95955,42.32,42.327,5.96436,5.97498,-0.817112,-0.842922,2,1.98191,0.22208,0.209979,-0.269428,-0.279534,0.773756,0.771917,-0.113636,-0.154145,-0.149893,-0.12249,0.000961479,-0.00232558
21.17,1.46611,1.41666,9.95825,9.95105,42.34,42.3469,5.96094,5.97015,-0.852496,-0.878671,2,1.98178,0.220932,0.208189,-0.270933,-0.280608,0.773766,0.771795,-0.115955,-0.15508,-0.151265,-0.123391,0.00100371,-0.00228875
21.18,1.5257,1.4766,9.94954,9.9422,42.36,42.3669,5.95733,5.96511,-0.88791,-0.914377,2,1.98166,0.219761,0.206391,-0.272453,-0.281674,0.773776,0.771674,-0.118354,-0.156026,-0.152575,-0.12427,0.00104572,-0.00225188
21.19,1.58526,1.5365,9.94049,9.933,42.38,42.3868,5.95353,5.95987,-0.923352,-0.950044,2,1.98155,0.218565,0.204587,-0.273985,-0.282732,0.773787,0.771553,-0.12083,-0.156982,-0.15382,-0.12512,0.00108753,-0.00221504
21.2,1.64477,1.59635,9.93108,9.92346,42.4,42.4067,5.94953,5.95441,-0.958824,-0.985662,2,1.98146,0.217344,0.202778,-0.275529,-0.283782,0.773798,0.771433,-0.123381,-0.157951,-0.154995,-0.125944,0.00112913,-0.00217824
21.21,1.70425,1.65615,9.92131,9.91356,42.42,42.4266,5.94532,5.94874,-0.994323,-1.02123,2,1.98138,0.216097,0.200962,-0.277084,-0.284824,0.773809,0.771314,-0.126002,-0.158933,-0.156097,-0.126737,0.00117052,-0.00214154
21.22,1.76368,1.71589,9.91119,9.90331,42.44,42.4465,5.94091,5.94285,-1.02985,-1.05676,2,1.98131,0.214824,0.199141,-0.278651,-0.285858,0.773821,0.771196,-0.12869,-0.159924,-0.157124,-0.127494,0.00121169,-0.0021049
21.23,1.82307,1.77559,9.90072,9.89271,42.46,42.4664,5.93629,5.93675,-1.0654,-1.09224,2,1.98126,0.213523,0.197313,-0.280227,-0.286885,0.773833,0.771078,-0.131443,-0.160928,-0.158071,-0.128215,0.00125265,-0.00206845
21.24,1.8824,1.83524,9.88988,9.88176,42.48,42.4863,5.93146,5.93044,-1.10097,-1.12767,2,1.98122,0.212195,0.19548,-0.281812,-0.287905,0.773846,0.770962,-0.134255,-0.16194,-0.158937,-0.128896,0.0012934,-0.00203209
21.25,1.94169,1.89483,9.8787,9.87046,42.5,42.5062,5.92642,5.92392,-1.13657,-1.16305,2,1.98119,0.210838,0.193641,-0.283405,-0.288917,0.773859,0.770847,-0.137124,-0.162966,-0.159718,-0.129536,0.00133394,-0.00199586
21.26,2.00093,1.95436,9.86715,9.8588,42.52,42.526,5.92116,5.91718,-1.17219,-1.19838,2,1.98118,0.209452,0.191797,-0.285006,-0.289922,0.773873,0.770733,-0.140046,-0.164001,-0.160412,-0.130129,0.00137425,-0.00195979
21.27,2.06012,2.01383,9.85525,9.84678,42.54,42.5459,5.91568,5.91022,-1.20783,-1.23366,2,1.98118,0.208037,0.189948,-0.286613,-0.29092,0.773887,0.770621,-0.143017,-0.165048,-0.161015,-0.130676,0.00141436,-0.001924
21.28,2.11924,2.07323,9.843,9.83442,42.56,42.5657,5.90998,5.90305,-1.24348,-1.26888,2,1.9812,0.206591,0.188093,-0.288226,-0.291912,0.773901,0.77051,-0.146032,-0.166101,-0.161527,-0.131176,0.00145425,-0.00188836
21.29,2.17831,2.13257,9.83038,9.8217,42.58,42.5856,5.90405,5.89566,-1.27916,-1.30404,2,1.98124,0.205116,0.186234,-0.289843,-0.292895,0.773916,0.7704,-0.149088,-0.167165,-0.161944,-0.131622,0.00149391,-0.00185301
21.3,2.23732,2.19183,9.81741,9.80863,42.6,42.6054,5.8979,5.88806,-1.31485,-1.33914,2,1.98128,0.20361,0.184369,-0.291464,-0.293872,0.773931,0.770292,-0.152181,-0.168239,-0.162265,-0.132014,0.00153337,-0.00181799
21.31,2.29627,2.25103,9.80408,9.7952,42.62,42.6252,5.89151,5.88024,-1.35055,-1.37419,2,1.98135,0.202072,0.1825,-0.293088,-0.294843,0.773947,0.770186,-0.155306,-0.169322,-0.162488,-0.13235,0.0015726,-0.00178316
21.32,2.35515,2.31017,9.7904,9.78142,42.64,42.645,5.8849,5.87221,-1.38626,-1.40918,2,1.98143,0.200503,0.180625,-0.294714,-0.295807,0.773963,0.770082,-0.158459,-0.170413,-0.162611,-0.132631,0.00161161,-0.00174864
21.33,2.41397,2.36922,9.77636,9.76728,42.66,42.6648,5.87805,5.86395,-1.42197,-1.44411,2,1.98152,0.198903,0.178746,-0.29634,-0.296763,0.773979,0.769979,-0.161636,-0.171514,-0.162633,-0.132851,0.00165041,-0.00171441
21.34,2.47271,2.4282,9.76196,9.75278,42.68,42.6846,5.87096,5.85548,-1.4577,-1.47898,2,1.98163,0.197271,0.176863,-0.297966,-0.297714,0.773996,0.769879,-0.164833,-0.172621,-0.162552,-0.133008,0.00168898,-0.00168057
21.35,2.53139,2.4871,9.74721,9.73793,42.7,42.7044,5.86363,5.84679,-1.49343,-1.51378,2,1.98176,0.195606,0.174975,-0.299591,-0.298658,0.774013,0.769781,-0.168045,-0.17374,-0.162367,-0.133102,0.00172733,-0.0016471
21.36,2.58999,2.54592,9.73209,9.72273,42.72,42.7242,5.85606,5.83789,-1.52916,-1.54852,2,1.9819,0.19391,0.173083,-0.301213,-0.299595,0.77403,0.769684,-0.171268,-0.174861,-0.162078,-0.133131,0.00176546,-0.00161389
21.37,2.64851,2.60466,9.71662,9.70716,42.74,42.7439,5.84825,5.82876,-1.56489,-1.5832,2,1.98206,0.192181,0.171186,-0.302832,-0.300527,0.774048,0.76959,-0.174497,-0.17599,-0.161684,-0.133093,0.00180336,-0.00158111
21.38,2.70695,2.66331,9.7008,9.69124,42.76,42.7637,5.84019,5.81941,-1.60061,-1.6178,2,1.98223,0.19042,0.169285,-0.304446,-0.301451,0.774066,0.769499,-0.177729,-0.177125,-0.161183,-0.132988,0.00184105,-0.0015487
21.39,2.76531,2.72187,9.68461,9.67496,42.78,42.7834,5.83187,5.80985,-1.63633,-1.65234,2,1.98243,0.188626,0.167381,-0.306055,-0.30237,0.774085,0.769409,-0.180958,-0.178265,-0.160576,-0.132812,0.00187851,-0.00151657
21.4,2.82359,2.78035,9.66807,9.65833,42.8,42.8032,5.82331,5.80006,-1.67203,-1.6868,2,1.98263,0.1868,0.165472,-0.307658,-0.303282,0.774104,0.769322,-0.184181,-0.179413,-0.159862,-0.132567,0.00191574,-0.00148493
21.41,2.88178,2.83874,9.65117,9.64133,42.82,42.8229,5.8145,5.79005,-1.70773,-1.7212,2,1.98285,0.184943,0.163559,-0.309252,-0.304188,0.774123,0.769238,-0.187393,-0.180566,-0.159042,-0.132249,0.00195275,-0.00145371
21.42,2.93988,2.89703,9.63391,9.62398,42.84,42.8427,5.80543,5.77983,-1.74341,-1.75553,2,1.98309,0.183053,0.161642,-0.310838,-0.305088,0.774143,0.769156,-0.190589,-0.18172,-0.158114,-0.131858,0.00198954,-0.00142276
21.43,2.99788,2.95522,9.6163,9.60627,42.86,42.8624,5.7961,5.76938,-1.77907,-1.78978,2,1.98335,0.181131,0.159722,-0.312414,-0.305982,0.774163,0.769077,-0.193766,-0.182881,-0.157081,-0.131394,0.00202609,-0.00139233
21.44,3.0558,3.01332,9.59833,9.5882,42.88,42.8822,5.78651,5.75872,-1.81471,-1.82396,2,1.98362,0.179177,0.157798,-0.313979,-0.30687,0.774183,0.769001,-0.196919,-0.184042,-0.155941,-0.130856,0.00206242,-0.00136227
21.45,3.11361,3.07131,9.58001,9.56978,42.9,42.9019,5.77667,5.74783,-1.85033,-1.85806,2,1.9839,0.177193,0.155871,-0.315533,-0.307752,0.774204,0.768927,-0.200043,-0.185208,-0.154696,-0.130244,0.00209853,-0.00133264
21.46,3.17133,3.1292,9.56133,9.551,42.92,42.9216,5.76656,5.73672,-1.88591,-1.89208,2,1.98421,0.175177,0.15394,-0.317073,-0.308627,0.774225,0.768856,-0.203136,-0.186375,-0.153346,-0.129554,0.0021344,-0.00130342
21.47,3.22894,3.18698,9.54229,9.53187,42.94,42.9413,5.75619,5.7254,-1.92147,-1.92603,2,1.98452,0.17313,0.152006,-0.318599,-0.309497,0.774247,0.768788,-0.206192,-0.187545,-0.151892,-0.128789,0.00217005,-0.00127451
21.48,3.28645,3.24466,9.5229,9.51237,42.96,42.961,5.74555,5.71385,-1.95699,-1.9599,2,1.98485,0.171053,0.150069,-0.32011,-0.310361,0.774269,0.768723,-0.209207,-0.188712,-0.150336,-0.127948,0.00220547,-0.00124609
21.49,3.34385,3.30223,9.50315,9.49252,42.98,42.9808,5.73465,5.70208,-1.99247,-1.99369,2,1.9852,0.168946,0.148128,-0.321606,-0.311218,0.774291,0.768661,-0.212179,-0.189882,-0.148678,-0.127029,0.00224066,-0.00121795
21.5,3.40114,3.35968,9.48305,9.47231,43,43.0005,5.72349,5.69009,-2.02791,-2.0274,2,1.98556,0.16681,0.146184,-0.323084,-0.31207,0.774313,0.768602,-0.215101,-0.191049,-0.146921,-0.126035,0.00227562,-0.00119021
21.51,3.45832,3.41702,9.46259,9.45175,43.02,43.0202,5.71205,5.67788,-2.06331,-2.06102,2,1.98594,0.164644,0.144238,-0.324544,-0.312916,0.774336,0.768546,-0.217972,-0.192218,-0.145065,-0.124963,0.00231034,-0.00116284
21.52,3.51538,3.47424,9.44178,9.43083,43.04,43.0399,5.70035,5.66545,-2.09865,-2.09456,2,1.98633,0.16245,0.142289,-0.325985,-0.313756,0.77436,0.768494,-0.220787,-0.193383,-0.143112,-0.123815,0.00234484,-0.00113581
21.53,3.57233,3.53134,9.42062,9.40956,43.06,43.0596,5.68837,5.6528,-2.13395,-2.12802,2,1.98673,0.160229,0.140337,-0.327406,-0.31459,0.774383,0.768444,-0.223542,-0.194544,-0.141065,-0.122591,0.00237911,-0.00110914
21.54,3.62915,3.58832,9.3991,9.38794,43.08,43.0794,5.67613,5.63993,-2.16919,-2.1614,2,1.98715,0.15798,0.138382,-0.328806,-0.315417,0.774407,0.768397,-0.226234,-0.195703,-0.138924,-0.121293,0.00241314,-0.00108277
21.55,3.68585,3.64516,9.37724,9.36596,43.1,43.0991,5.66361,5.62685,-2.20437,-2.19468,2,1.98758,0.155704,0.136425,-0.330184,-0.316239,0.774432,0.768354,-0.228859,-0.196856,-0.136693,-0.119919,0.00244694,-0.00105669
21.56,3.74242,3.70189,9.35502,9.34364,43.12,43.1188,5.65083,5.61354,-2.23948,-2.22787,2,1.98802,0.153403,0.134465,-0.331539,-0.317055,0.774456,0.768314,-0.231415,-0.198007,-0.134374,-0.118469,0.00248051,-0.00103082
21.57,3.79887,3.75849,9.33245,9.32096,43.14,43.1385,5.63777,5.60002,-2.27453,-2.26099,2,1.98848,0.151076,0.132503,-0.332871,-0.317865,0.774481,0.768276,-0.233897,-0.199149,-0.131968,-0.116948,0.00251385,-0.00100527
21.58,3.85518,3.81495,9.30953,9.29793,43.16,43.1583,5.62444,5.58628,-2.30951,-2.294,2,1.98894,0.148725,0.130539,-0.334178,-0.318668,0.774506,0.768243,-0.236304,-0.200284,-0.129479,-0.115353,0.00254695,-0.00097999
21.59,3.91135,3.87127,9.28626,9.27455,43.18,43.178,5.61084,5.57232,-2.34442,-2.32693,2,1.98942,0.14635,0.128573,-0.33546,-0.319466,0.774532,0.768212,-0.238631,-0.201413,-0.12691,-0.113689,0.00257982,-0.000954859
21.6,3.96739,3.92747,9.26264,9.25082,43.2,43.1977,5.59697,5.55815,-2.37924,-2.35977,2,1.98991,0.143953,0.126605,-0.336716,-0.320258,0.774558,0.768185,-0.240876,-0.20253,-0.124262,-0.111954,0.00261246,-0.000929877
21.61,4.02329,3.98351,9.23867,9.22675,43.22,43.2175,5.58283,5.54376,-2.41398,-2.39252,2,1.99041,0.141533,0.124634,-0.337945,-0.321043,0.774584,0.76816,-0.243036,-0.20364,-0.121538,-0.110149,0.00264486,-0.000905037
21.62,4.07905,4.03942,9.21436,9.20234,43.24,43.2372,5.56842,5.52915,-2.44864,-2.42517,2,1.99092,0.139092,0.122662,-0.339147,-0.321823,0.774611,0.768139,-0.245109,-0.20474,-0.118743,-0.108278,0.00267702,-0.000880297
21.63,4.13466,4.09517,9.1897,9.17758,43.26,43.257,5.55374,5.51434,-2.48321,-2.45772,2,1.99144,0.136631,0.120689,-0.34032,-0.322596,0.774638,0.768122,-0.247092,-0.205827,-0.115878,-0.106341,0.00270895,-0.000855654
21.64,4.19012,4.15078,9.16469,9.15248,43.28,43.2767,5.53878,5.49931,-2.51769,-2.49018,2,1.99196,0.134151,0.118713,-0.341464,-0.323363,0.774665,0.768107,-0.248984,-0.206903,-0.112948,-0.104341,0.00274065,-0.000831041
21.65,4.24543,4.20624,9.13935,9.12704,43.3,43.2965,5.52356,5.48406,-2.55207,-2.52255,2,1.9925,0.131652,0.116736,-0.342579,-0.324123,0.774693,0.768096,-0.250781,-0.207966,-0.109954,-0.102277,0.00277211,-0.000806384
21.66,4.30059,4.26155,9.11365,9.10126,43.32,43.3162,5.50807,5.46861,-2.58634,-2.55482,2,1.99304,0.129135,0.114758,-0.343663,-0.324878,0.774721,0.768088,-0.252481,-0.209015,-0.106901,-0.100153,0.00280333,-0.000781719
21.67,4.3556,4.3167,9.08762,9.07515,43.34,43.336,5.49232,5.45294,-2.62052,-2.58699,2,1.99358,0.126603,0.112779,-0.344716,-0.325625,0.774749,0.768083,-0.254084,-0.210046,-0.103793,-0.0979719,0.00283432,-0.000757001
21.68,4.41044,4.37169,9.06124,9.0487,43.36,43.3558,5.4763,5.43707,-2.65458,-2.61906,2,1.99414,0.124054,0.110798,-0.345739,-0.326367,0.774777,0.768081,-0.255587,-0.211061,-0.100631,-0.0957363,0.00286507,-0.000732087
21.69,4.46512,4.42651,9.03453,9.02191,43.38,43.3756,5.46001,5.42099,-2.68854,-2.65103,2,1.9947,0.121491,0.108817,-0.346729,-0.327102,0.774806,0.768082,-0.256988,-0.21206,-0.0974214,-0.0934472,0.00289558,-0.000707034
21.7,4.51964,4.48118,9.00747,8.9948,43.4,43.3954,5.44346,5.4047,-2.72238,-2.6829,2,1.99526,0.118915,0.106834,-0.347687,-0.32783,0.774835,0.768086,-0.258287,-0.213044,-0.0941661,-0.0911045,0.00292585,-0.000681736
21.71,4.57399,4.53566,8.98008,8.96736,43.42,43.4152,5.42665,5.38821,-2.7561,-2.71466,2,1.99583,0.116326,0.104851,-0.348612,-0.328552,0.774865,0.768093,-0.259481,-0.214006,-0.0908693,-0.0887148,0.00295589,-0.000656184
21.72,4.62817,4.58999,8.95235,8.93959,43.44,43.435,5.40957,5.37151,-2.78969,-2.74633,2,1.9964,0.113725,0.102868,-0.349504,-0.329267,0.774894,0.768103,-0.260571,-0.214948,-0.0875346,-0.0862785,0.00298569,-0.000630304
21.73,4.68218,4.64415,8.92429,8.91149,43.46,43.4548,5.39224,5.35461,-2.82317,-2.77789,2,1.99697,0.111115,0.100883,-0.350363,-0.329975,0.774924,0.768116,-0.261555,-0.215869,-0.0841659,-0.083799,0.00301525,-0.000604123
21.74,4.73601,4.69812,8.89589,8.88307,43.48,43.4746,5.37465,5.3375,-2.85651,-2.80935,2,1.99754,0.108495,0.0988983,-0.351187,-0.330677,0.774955,0.768132,-0.262432,-0.216768,-0.0807671,-0.0812802,0.00304457,-0.000577442
21.75,4.78967,4.75192,8.86716,8.85433,43.5,43.4944,5.35681,5.3202,-2.88972,-2.8407,2,1.99811,0.105866,0.0969131,-0.351978,-0.331371,0.774985,0.768151,-0.263201,-0.217644,-0.0773418,-0.0787221,0.00307366,-0.000550348
21.76,4.84315,4.80555,8.83809,8.82527,43.52,43.5142,5.33871,5.3027,-2.9228,-2.87195,2,1.99869,0.103231,0.0949278,-0.352734,-0.332058,0.775016,0.768172,-0.263863,-0.218497,-0.0738941,-0.0761305,0.0031025,-0.000522725
21.77,4.89645,4.85898,8.8087,8.79589,43.54,43.5341,5.32037,5.28499,-2.95573,-2.90309,2,1.99926,0.10059,0.0929424,-0.353456,-0.332739,0.775047,0.768196,-0.264417,-0.219321,-0.0704279,-0.0735052,0.00313111,-0.000494495
21.78,4.94956,4.91223,8.77898,8.7662,43.56,43.5539,5.30177,5.26709,-2.98853,-2.93413,2,1.99983,0.097943,0.0909571,-0.354143,-0.333412,0.775079,0.768222,-0.264863,-0.220122,-0.0669469,-0.0708514,0.00315948,-0.000465758
21.79,5.00248,4.9653,8.74893,8.7362,43.58,43.5738,5.28293,5.249,-3.02118,-2.96506,2,2.0004,0.0952926,0.0889718,-0.354795,-0.334078,0.77511,0.768251,-0.265201,-0.220897,-0.0634553,-0.0681725,0.0031876,-0.000436224
21.8,5.05521,5.01816,8.71856,8.70589,43.6,43.5936,5.26384,5.23071,-3.05368,-2.99587,2,2.00096,0.0926394,0.0869872,-0.355412,-0.334736,0.775142,0.768283,-0.265431,-0.221642,-0.0599569,-0.0654715,0.00321549,-0.000406034
21.81,5.10776,5.07084,8.68786,8.67527,43.62,43.6135,5.24452,5.21224,-3.08603,-3.02658,2,2.00152,0.0899843,0.0850025,-0.355994,-0.335387,0.775175,0.768317,-0.265554,-0.222357,-0.0564556,-0.0627511,0.00324314,-0.000374969
21.82,5.1601,5.12332,8.65684,8.64435,43.64,43.6334,5.22495,5.19356,-3.11823,-3.05718,2,2.00207,0.0873286,0.0830186,-0.356541,-0.336031,0.775207,0.768354,-0.26557,-0.223046,-0.0529554,-0.0600143,0.00327055,-0.000343136
21.83,5.21225,5.17561,8.62549,8.61312,43.66,43.6533,5.20515,5.1747,-3.15027,-3.08767,2,2.00262,0.0846733,0.0810351,-0.357053,-0.336667,0.77524,0.768392,-0.265479,-0.223702,-0.0494601,-0.0572639,0.00329772,-0.000310354
21.84,5.26421,5.22769,8.59383,8.58159,43.68,43.6731,5.18511,5.15565,-3.18215,-3.11806,2,2.00316,0.0820194,0.0790521,-0.35753,-0.337295,0.775273,0.768433,-0.265284,-0.224327,-0.0459736,-0.0545049,0.00332465,-0.000276729
21.85,5.31596,5.27958,8.56185,8.54976,43.7,43.693,5.16485,5.13642,-3.21386,-3.14833,2,2.00369,0.079368,0.07707,-0.357972,-0.337915,0.775307,0.768476,-0.264984,-0.224918,-0.0424998,-0.0517388,0.00335133,-0.000242032
21.86,5.3675,5.33125,8.52956,8.51764,43.72,43.7129,5.14436,5.117,-3.24542,-3.17849,2,2.00421,0.0767201,0.075089,-0.35838,-0.338527,0.77534,0.768521,-0.264581,-0.225477,-0.0390425,-0.0489708,0.00337778,-0.00020628
21.87,5.41884,5.38272,8.49694,8.48522,43.74,43.7328,5.12364,5.0974,-3.2768,-3.20853,2,2.00472,0.0740767,0.0731091,-0.358753,-0.339132,0.775374,0.768568,-0.264076,-0.226003,-0.0356054,-0.0462023,0.00340399,-0.000169449
21.88,5.46997,5.43397,8.46402,8.45252,43.76,43.7528,5.1027,5.07761,-3.30802,-3.23846,2,2.00523,0.0714389,0.0711303,-0.359092,-0.339727,0.775408,0.768617,-0.263471,-0.22649,-0.0321922,-0.0434356,0.00342996,-0.000131514
21.89,5.5209,5.48502,8.43078,8.41951,43.78,43.7727,5.08155,5.05764,-3.33907,-3.26829,2,2.00572,0.0688076,0.0691524,-0.359397,-0.340315,0.775443,0.768667,-0.262768,-0.226945,-0.0288068,-0.0406769,0.00345568,-9.23015e-05
21.9,5.5716,5.53586,8.39724,8.38623,43.8,43.7926,5.06017,5.0375,-3.36994,-3.298,2,2.0062,0.0661838,0.0671757,-0.359669,-0.340894,0.775477,0.76872,-0.261967,-0.227364,-0.0254526,-0.0379287,0.00348117,-5.18672e-05
21.91,5.6221,5.58648,8.36339,8.35266,43.82,43.8125,5.03859,5.01717,-3.40063,-3.32759,2,2.00667,0.0635686,0.0652004,-0.359906,-0.341465,0.775512,0.768774,-0.261072,-0.227743,-0.0221332,-0.0351944,0.00350641,-1.02185e-05
21.92,5.67238,5.63688,8.32923,8.3188,43.84,43.8325,5.0168,4.99667,-3.43115,-3.35708,2,2.00712,0.0609627,0.0632263,-0.360111,-0.342027,0.775548,0.768829,-0.260083,-0.228086,-0.0188521,-0.0324724,0.00353142,3.28198e-05
21.93,5.72243,5.68707,8.29476,8.28466,43.86,43.8524,4.9948,4.97599,-3.46149,-3.38645,2,2.00756,0.0583672,0.061254,-0.360284,-0.342581,0.775583,0.768886,-0.259004,-0.22839,-0.0156127,-0.0297737,0.00355618,7.72215e-05
21.94,5.77227,5.73704,8.26,8.25024,43.88,43.8724,4.9726,4.95513,-3.49165,-3.41571,2,2.00798,0.0557829,0.0592828,-0.360424,-0.343125,0.775619,0.768945,-0.257836,-0.228658,-0.0124183,-0.0270949,0.0035807,0.000123035
21.95,5.82188,5.78677,8.22493,8.21554,43.9,43.8924,4.9502,4.93411,-3.52162,-3.44485,2,2.00839,0.0532108,0.0573134,-0.360532,-0.343661,0.775655,0.769004,-0.256582,-0.228884,-0.00927225,-0.0244424,0.00360499,0.000170235
21.96,5.87127,5.83628,8.18957,8.18057,43.92,43.9123,4.92761,4.91291,-3.55141,-3.47387,2,2.00878,0.0506516,0.055346,-0.360609,-0.344187,0.775691,0.769065,-0.255245,-0.229071,-0.00617761,-0.0218161,0.00362903,0.000218946
21.97,5.92044,5.88558,8.1539,8.14532,43.94,43.9323,4.90483,4.89154,-3.58102,-3.50278,2,2.00916,0.0481062,0.0533796,-0.360656,-0.344705,0.775727,0.769127,-0.253826,-0.229219,-0.00313748,-0.0192251,0.00365283,0.000269167
21.98,5.96937,5.93464,8.11795,8.1098,43.96,43.9523,4.88185,4.87,-3.61043,-3.53158,2,2.00952,0.0455753,0.0514156,-0.360672,-0.345212,0.775764,0.769191,-0.25233,-0.229324,-0.000154814,-0.0166631,0.00367639,0.000320878
21.99,6.01807,5.98348,8.0817,8.07401,43.98,43.9723,4.8587,4.8483,-3.63966,-3.56027,2,2.00986,0.0430598,0.0494528,-0.360659,-0.345711,0.775801,0.769255,-0.250758,-0.22939,0.00276753,-0.0141409,0.0036997,0.000374161
22,6.06654,6.03209,8.04515,8.03795,44,43.9923,4.83536,4.82642,-3.6687,-3.58884,2,2.01018,0.0405604,0.0474916,-0.360617,-0.3462,0.775838,0.76932,-0.249115,-0.229416,0.00562681,-0.0116555,0.00372278,0.000429105
22.01,6.11478,6.08046,8.00832,8.00162,44.02,44.0123,4.81184,4.80438,-3.69755,-3.61729,2,2.01048,0.0380777,0.0455325,-0.360547,-0.346679,0.775875,0.769387,-0.247402,-0.229399,0.00842039,-0.00921352,0.00374562,0.000485513
22.02,6.16278,6.12861,7.9712,7.96502,44.04,44.0323,4.78815,4.78217,-3.72621,-3.64563,2,2.01076,0.0356126,0.0435751,-0.360449,-0.347148,0.775913,0.769454,-0.245623,-0.229339,0.0111457,-0.0068142,0.00376822,0.000543527
22.03,6.21054,6.17652,7.9338,7.92816,44.06,44.0523,4.76429,4.7598,-3.75468,-3.67386,2,2.01102,0.0331655,0.0416193,-0.360324,-0.347607,0.775951,0.769522,-0.243781,-0.22924,0.0138005,-0.00446124,0.00379057,0.000603236
22.04,6.25806,6.2242,7.89611,7.89103,44.08,44.0724,4.74026,4.73726,-3.78295,-3.70197,2,2.01126,0.0307371,0.0396655,-0.360173,-0.348056,0.775989,0.76959,-0.24188,-0.229101,0.0163823,-0.00215371,0.00381269,0.000664502
22.05,6.30535,6.27163,7.85814,7.85364,44.1,44.0924,4.71607,4.71457,-3.81103,-3.72996,2,2.01148,0.0283281,0.037714,-0.359997,-0.348494,0.776027,0.769659,-0.239924,-0.228919,0.0188891,9.99421e-05,0.00383456,0.000727359
22.06,6.35239,6.31884,7.81989,7.81599,44.12,44.1125,4.69172,4.69171,-3.83892,-3.75785,2,2.01168,0.0259388,0.0357633,-0.359796,-0.348923,0.776065,0.769729,-0.237914,-0.228696,0.0213188,0.00230341,0.0038562,0.000791896
22.07,6.39918,6.36581,7.78136,7.77807,44.14,44.1325,4.66721,4.66868,-3.86661,-3.78562,2,2.01186,0.0235699,0.0338149,-0.359571,-0.34934,0.776104,0.7698,-0.235856,-0.228431,0.0236695,0.00445287,0.00387759,0.000857931
22.08,6.44573,6.41254,7.74256,7.73989,44.16,44.1526,4.64254,4.6455,-3.89411,-3.81327,2,2.01202,0.0212219,0.031868,-0.359323,-0.349747,0.776143,0.769871,-0.233753,-0.228126,0.0259396,0.00654654,0.00389874,0.000925697
22.09,6.49203,6.45904,7.70348,7.70146,44.18,44.1726,4.61773,4.62216,-3.92141,-3.84081,2,2.01215,0.018895,0.0299233,-0.359052,-0.350143,0.776182,0.769942,-0.231608,-0.227781,0.0281274,0.00858526,0.00391966,0.000994962
22.1,6.53808,6.5053,7.66413,7.66276,44.2,44.1927,4.59277,4.59866,-3.94852,-3.86823,2,2.01227,0.0165898,0.0279796,-0.35876,-0.350529,0.776221,0.770014,-0.229425,-0.227396,0.0302315,0.0105652,0.00394033,0.00106581
22.11,6.58389,6.55131,7.62451,7.62381,44.22,44.2128,4.56767,4.575,-3.97544,-3.89554,2,2.01236,0.0143066,0.0260381,-0.358448,-0.350903,0.776261,0.770086,-0.227208,-0.226971,0.0322504,0.0124865,0.00396076,0.00113823
22.12,6.62944,6.59709,7.58462,7.5846,44.24,44.2329,4.54243,4.55118,-4.00216,-3.92273,2,2.01242,0.0120458,0.0240978,-0.358116,-0.351265,0.7763,0.770159,-0.224961,-0.226507,0.0341832,0.0143462,0.00398096,0.00121213
22.13,6.67473,6.64261,7.54447,7.54514,44.26,44.253,4.51705,4.52721,-4.02869,-3.94981,2,2.01247,0.00980752,0.0221594,-0.357764,-0.351617,0.77634,0.770232,-0.222687,-0.226007,0.0360286,0.0161458,0.00400091,0.00128749
22.14,6.71978,6.6879,7.50405,7.50542,44.28,44.2731,4.49153,4.50308,-4.05502,-3.97677,2,2.0125,0.00759212,0.0202223,-0.357395,-0.351957,0.77638,0.770305,-0.22039,-0.225465,0.0377859,0.0178832,0.00402063,0.00136432
22.15,6.76456,6.73295,7.46337,7.46544,44.3,44.2932,4.46589,4.47879,-4.08116,-4.00362,2,2.0125,0.00539978,0.0182862,-0.357009,-0.352285,0.776421,0.770379,-0.218075,-0.22489,0.0394544,0.019557,0.0040401,0.00144257
22.16,6.80909,6.77775,7.42243,7.42521,44.32,44.3134,4.44012,4.45435,-4.10711,-4.03035,2,2.01248,0.00323067,0.0163516,-0.356607,-0.352601,0.776461,0.770453,-0.215744,-0.224276,0.0410334,0.0211677,0.00405934,0.00152216
22.17,6.85337,6.82231,7.38123,7.38473,44.34,44.3335,4.41422,4.42976,-4.13286,-4.05697,2,2.01244,0.00108493,0.0144187,-0.356189,-0.352905,0.776502,0.770527,-0.213403,-0.223626,0.0425226,0.0227174,0.00407834,0.00160305
22.18,6.89738,6.86664,7.33977,7.34398,44.36,44.3537,4.3882,4.405,-4.15843,-4.08347,2,2.01238,-0.00103737,0.0124862,-0.355756,-0.353197,0.776543,0.770602,-0.211055,-0.222945,0.0439217,0.024202,0.0040971,0.00168515
22.19,6.94113,6.9107,7.29806,7.30299,44.38,44.3738,4.36207,4.3801,-4.1838,-4.10985,2,2.0123,-0.00313615,0.0105555,-0.355311,-0.353477,0.776584,0.770676,-0.208703,-0.22223,0.0452305,0.0256229,0.00411562,0.00176843
22.2,6.98462,6.95453,7.2561,7.26175,44.4,44.394,4.33581,4.35504,-4.20898,-4.13612,2,2.01219,-0.00521142,0.00862573,-0.354852,-0.353744,0.776625,0.770751,-0.206351,-0.221482,0.0464491,0.0269803,0.0041339,0.00185291
22.21,7.02785,6.9981,7.21388,7.22025,44.42,44.4142,4.30945,4.32984,-4.23397,-4.16227,2,2.01207,-0.00726319,0.00669695,-0.354382,-0.353999,0.776667,0.770826,-0.204004,-0.220701,0.0475777,0.0282761,0.00415195,0.00193831
22.22,7.07081,7.04143,7.17142,7.1785,44.44,44.4344,4.28297,4.30447,-4.25878,-4.1883,2,2.01192,-0.00929153,0.00476887,-0.353901,-0.35424,0.776708,0.770902,-0.201665,-0.219891,0.0486167,0.0295074,0.00416976,0.00202479
22.23,7.1135,7.08451,7.12871,7.13651,44.46,44.4546,4.25639,4.27896,-4.2834,-4.21422,2,2.01176,-0.0112965,0.00284166,-0.35341,-0.354469,0.77675,0.770978,-0.199338,-0.219053,0.0495665,0.0306772,0.00418733,0.00211217
22.24,7.15593,7.12734,7.08575,7.09425,44.48,44.4748,4.2297,4.25329,-4.30783,-4.24002,2,2.01158,-0.0132784,0.000914925,-0.35291,-0.354685,0.776792,0.771054,-0.197027,-0.218189,0.0504277,0.0317862,0.00420466,0.00220036
22.25,7.1981,7.16992,7.04255,7.05175,44.5,44.495,4.2029,4.22748,-4.33208,-4.2657,2,2.01137,-0.0152371,-0.00101084,-0.352402,-0.354887,0.776834,0.77113,-0.194735,-0.217298,0.0512013,0.0328356,0.00422175,0.00228926
22.26,7.23999,7.21225,6.99911,7.009,44.52,44.5153,4.17601,4.20151,-4.35614,-4.29126,2,2.01115,-0.0171731,-0.00293613,-0.351886,-0.355076,0.776876,0.771206,-0.192466,-0.216383,0.051888,0.0338203,0.00423861,0.00237887
22.27,7.28162,7.25432,6.95543,6.966,44.54,44.5355,4.14902,4.1754,-4.38002,-4.3167,2,2.01092,-0.0190866,-0.0048613,-0.351364,-0.355251,0.776919,0.771283,-0.190223,-0.215444,0.0524891,0.0347511,0.00425523,0.00246902
22.28,7.32297,7.29614,6.91151,6.92275,44.56,44.5558,4.12193,4.14914,-4.40372,-4.34201,2,2.01066,-0.0209777,-0.00678607,-0.350837,-0.355413,0.776961,0.771361,-0.188011,-0.214485,0.0530056,0.0356231,0.00427162,0.00255956
22.29,7.36406,7.33771,6.86735,6.87925,44.58,44.576,4.09474,4.12272,-4.42724,-4.36721,2,2.01039,-0.0228469,-0.00871046,-0.350304,-0.35556,0.777004,0.771438,-0.185832,-0.213502,0.0534391,0.0364391,0.00428777,0.00265053
22.3,7.40487,7.37901,6.82296,6.8355,44.6,44.5963,4.06747,4.09617,-4.45058,-4.39228,2,2.0101,-0.0246945,-0.0106348,-0.349768,-0.355694,0.777047,0.771516,-0.183689,-0.212507,0.0537909,0.0371981,0.00430368,0.00274173
22.31,7.4454,7.42006,6.77834,6.79151,44.62,44.6166,4.0401,4.06947,-4.47374,-4.41722,2,2.0098,-0.0265208,-0.012559,-0.349229,-0.355813,0.77709,0.771594,-0.181587,-0.211492,0.0540628,0.0379059,0.00431936,0.00283315
22.32,7.48567,7.46086,6.73349,6.74727,44.64,44.6369,4.01265,4.04261,-4.49673,-4.44205,2,2.00949,-0.0283263,-0.0144834,-0.348687,-0.355918,0.777134,0.771673,-0.179529,-0.210462,0.0542564,0.0385596,0.00433481,0.00292461
22.33,7.52566,7.50138,6.68841,6.70279,44.66,44.6572,3.9851,4.01562,-4.51954,-4.46674,2,2.00916,-0.0301115,-0.0164078,-0.348144,-0.356008,0.777177,0.771752,-0.177516,-0.209419,0.0543737,0.039164,0.00435001,0.00301603
22.34,7.56537,7.54165,6.6431,6.65806,44.68,44.6775,3.95747,3.98848,-4.54218,-4.49131,2,2.00882,-0.0318768,-0.0183328,-0.3476,-0.356083,0.777221,0.771832,-0.175553,-0.208365,0.0544168,0.0397199,0.00436499,0.00310727
22.35,7.60481,7.58166,6.59757,6.61308,44.7,44.6978,3.92976,3.96119,-4.56465,-4.51575,2,2.00847,-0.0336228,-0.0202577,-0.347056,-0.356143,0.777264,0.771912,-0.173643,-0.207303,0.0543877,0.0402283,0.00437973,0.00319826
22.36,7.64397,7.6214,6.55181,6.56786,44.72,44.7182,3.90197,3.93376,-4.58695,-4.54005,2,2.0081,-0.0353499,-0.0221835,-0.346512,-0.356188,0.777308,0.771993,-0.171788,-0.206232,0.0542888,0.040693,0.00439424,0.00328881
22.37,7.68285,7.66087,6.50583,6.5224,44.74,44.7385,3.87409,3.90619,-4.60908,-4.56423,2,2.00773,-0.0370587,-0.0241095,-0.34597,-0.356218,0.777352,0.772074,-0.16999,-0.205155,0.0541224,0.0411149,0.00440851,0.00337891
22.38,7.72145,7.70006,6.45963,6.47671,44.76,44.7588,3.84613,3.87849,-4.63104,-4.58827,2,2.00735,-0.0387499,-0.0260356,-0.34543,-0.356232,0.777396,0.772156,-0.168254,-0.204074,0.0538909,0.0414968,0.00442255,0.00346838
22.39,7.75977,7.73899,6.41321,6.43076,44.78,44.7792,3.8181,3.85063,-4.65284,-4.61218,2,2.00696,-0.040424,-0.027963,-0.344893,-0.35623,0.777441,0.772239,-0.16658,-0.202993,0.053597,0.0418398,0.00443636,0.00355713
22.4,7.79781,7.77764,6.36657,6.38458,44.8,44.7995,3.78998,3.82264,-4.67448,-4.63595,2,2.00656,-0.0420817,-0.0298909,-0.344358,-0.356213,0.777485,0.772322,-0.164971,-0.201909,0.0532434,0.0421455,0.00444993,0.00364494
22.41,7.83557,7.81603,6.31972,6.33816,44.82,44.8199,3.76179,3.79451,-4.69595,-4.65958,2,2.00615,-0.0437237,-0.0318197,-0.343828,-0.35618,0.77753,0.772407,-0.16343,-0.200828,0.0528328,0.0424189,0.00446328,0.00373185
22.42,7.87304,7.85413,6.27265,6.2915,44.84,44.8403,3.73352,3.76624,-4.71726,-4.68307,2,2.00575,-0.0453505,-0.0337496,-0.343302,-0.356131,0.777574,0.772491,-0.161959,-0.199751,0.0523682,0.0426591,0.00447639,0.00381775
22.43,7.91024,7.89195,6.22537,6.2446,44.86,44.8606,3.70518,3.73784,-4.73841,-4.70642,2,2.00533,-0.0469631,-0.0356802,-0.342781,-0.356065,0.777619,0.772577,-0.16056,-0.198677,0.0518524,0.0428694,0.00448927,0.00390232
22.44,7.94715,7.92949,6.17788,6.19747,44.88,44.881,3.67676,3.7093,-4.75941,-4.72963,2,2.00491,-0.048562,-0.0376121,-0.342265,-0.355983,0.777664,0.772664,-0.159234,-0.197615,0.0512885,0.043054,0.00450192,0.00398567
22.45,7.98377,7.96675,6.13019,6.15011,44.9,44.9014,3.64827,3.68062,-4.78025,-4.75269,2,2.00449,-0.050148,-0.039545,-0.341755,-0.355884,0.777709,0.772751,-0.157983,-0.196559,0.0506797,0.0432128,0.00451434,0.00406745
22.46,8.02011,8.00372,6.08228,6.10252,44.92,44.9217,3.6197,3.65182,-4.80093,-4.7756,2,2.00407,-0.0517219,-0.0414787,-0.341252,-0.355769,0.777754,0.772839,-0.15681,-0.195514,0.050029,0.0433484,0.00452654,0.00414773
22.47,8.05617,8.0404,6.03417,6.05469,44.94,44.9421,3.59106,3.62288,-4.82146,-4.79837,2,2.00365,-0.0532845,-0.0434143,-0.340755,-0.355637,0.7778,0.772929,-0.155714,-0.194481,0.0493398,0.0434639,0.0045385,0.00422634
22.48,8.09193,8.07679,5.98585,6.00664,44.96,44.9625,3.56234,3.59381,-4.84184,-4.82098,2,2.00322,-0.0548365,-0.0453508,-0.340265,-0.355488,0.777845,0.773019,-0.154698,-0.193465,0.0486154,0.043562,0.00455023,0.00430322
22.49,8.12741,8.11289,5.93733,5.95835,44.98,44.9829,3.53356,3.56461,-4.86207,-4.84345,2,2.0028,-0.0563787,-0.047289,-0.339782,-0.355321,0.777891,0.773111,-0.153763,-0.192464,0.047859,0.0436455,0.00456173,0.00437824
22.5,8.1626,8.1487,5.88861,5.90983,45,45.0032,3.50469,3.53528,-4.88214,-4.86576,2,2.00238,-0.057912,-0.0492287,-0.339308,-0.355137,0.777936,0.773203,-0.152909,-0.191483,0.0470741,0.0437164,0.00457301,0.00445115
22.51,8.19751,8.18421,5.83969,5.86109,45.02,45.0236,3.47576,3.50582,-4.90207,-4.8879,2,2.00196,-0.0594372,-0.0511694,-0.338841,-0.354936,0.777982,0.773297,-0.152139,-0.19052,0.0462641,0.0437744,0.00458406,0.00452204
22.52,8.23212,8.21941,5.79057,5.81213,45.04,45.044,3.44675,3.47623,-4.92186,-4.9099,2,2.00155,-0.060955,-0.0531119,-0.338383,-0.354717,0.778028,0.773391,-0.151451,-0.189581,0.0454325,0.0438256,0.00459488,0.00459067
22.53,8.26644,8.25432,5.74125,5.76294,45.06,45.0644,3.41767,3.44652,-4.9415,-4.93173,2,2.00114,-0.0624665,-0.055056,-0.337932,-0.354481,0.778074,0.773487,-0.150847,-0.188661,0.0445828,0.0438703,0.00460547,0.00465704
22.54,8.30047,8.28893,5.69174,5.71353,45.08,45.0847,3.38851,3.41669,-4.96099,-4.9534,2,2.00074,-0.0639723,-0.0570019,-0.337491,-0.354227,0.77812,0.773584,-0.150328,-0.187769,0.0437185,0.0439129,0.00461584,0.0047209
22.55,8.33421,8.32322,5.64203,5.66392,45.1,45.1051,3.35928,3.38673,-4.98034,-4.9749,2,2.00034,-0.0654733,-0.0589489,-0.337058,-0.353955,0.778166,0.773683,-0.149892,-0.1869,0.0428431,0.0439526,0.00462599,0.00478239
22.56,8.36766,8.35721,5.59213,5.61408,45.12,45.1254,3.32998,3.35666,-4.99954,-4.99624,2,1.99995,-0.0669704,-0.0608981,-0.336634,-0.353665,0.778213,0.773782,-0.149542,-0.186063,0.0419602,0.0439932,0.0046359,0.00484123
22.57,8.40081,8.39089,5.54204,5.56401,45.14,45.1458,3.30059,3.32645,-5.01861,-5.01741,2,1.99956,-0.0684644,-0.0628489,-0.336219,-0.353357,0.778259,0.773883,-0.149276,-0.185253,0.0410734,0.0440375,0.0046456,0.0048973
22.58,8.43367,8.42426,5.49176,5.51374,45.16,45.1661,3.27114,3.29613,-5.03753,-5.0384,2,1.99919,-0.0699562,-0.0648016,-0.335813,-0.353031,0.778306,0.773985,-0.149095,-0.184471,0.0401861,0.0440852,0.00465507,0.00495078
22.59,8.46623,8.45731,5.44129,5.46325,45.18,45.1865,3.24161,3.2657,-5.05632,-5.05923,2,1.99883,-0.0714466,-0.0667561,-0.335415,-0.352687,0.778352,0.774088,-0.148997,-0.183724,0.0393018,0.0441416,0.00466431,0.00500131
22.6,8.4985,8.49005,5.39064,5.41256,45.2,45.2068,3.212,3.23514,-5.07496,-5.07989,2,1.99847,-0.0729364,-0.0687125,-0.335027,-0.352324,0.778399,0.774193,-0.148983,-0.183008,0.0384243,0.0442077,0.00467333,0.00504898
22.61,8.53047,8.52247,5.33979,5.36165,45.22,45.2271,3.18231,3.20447,-5.09347,-5.10036,2,1.99813,-0.0744265,-0.0706709,-0.334647,-0.351943,0.778446,0.774299,-0.149052,-0.182325,0.0375568,0.0442853,0.00468213,0.0050937
22.62,8.56215,8.55458,5.28877,5.31053,45.24,45.2475,3.15255,3.17368,-5.11184,-5.12067,2,1.99779,-0.0759177,-0.0726313,-0.334275,-0.351544,0.778493,0.774406,-0.149203,-0.18168,0.0367029,0.0443745,0.00469071,0.00513528
22.63,8.59352,8.58636,5.23756,5.25922,45.26,45.2678,3.1227,3.14279,-5.13007,-5.14078,2,1.99747,-0.0774109,-0.0745929,-0.333913,-0.351126,0.77854,0.774514,-0.149436,-0.181069,0.0358661,0.0444825,0.00469907,0.00517381
22.64,8.6246,8.61782,5.18617,5.2077,45.28,45.2881,3.09278,3.11178,-5.14817,-5.16072,2,1.99716,-0.0789067,-0.0765571,-0.333558,-0.35069,0.778587,0.774624,-0.149748,-0.180495,0.0350496,0.044604,0.0047072,0.00520921
22.65,8.65538,8.64895,5.13459,5.15597,45.3,45.3084,3.06277,3.08065,-5.16613,-5.18048,2,1.99686,-0.0804061,-0.0785233,-0.333211,-0.350235,0.778634,0.774736,-0.15014,-0.179959,0.034257,0.0447454,0.00471512,0.00524133
22.66,8.68586,8.67976,5.08284,5.10404,45.32,45.3286,3.03269,3.04942,-5.18395,-5.20005,2,1.99658,-0.0819098,-0.0804911,-0.332873,-0.349762,0.778681,0.774848,-0.150609,-0.179461,0.0334915,0.0449063,0.00472281,0.00527028
22.67,8.71603,8.71025,5.03092,5.05192,45.34,45.3489,3.00252,3.01808,-5.20164,-5.21944,2,1.99631,-0.0834185,-0.0824611,-0.332542,-0.34927,0.778728,0.774962,-0.151154,-0.179003,0.0327563,0.0450902,0.00473029,0.00529591
22.68,8.74591,8.74041,4.97881,4.99959,45.36,45.3692,2.97226,2.98663,-5.21919,-5.23864,2,1.99606,-0.0849331,-0.0844333,-0.332218,-0.348759,0.778775,0.775077,-0.151774,-0.178583,0.0320546,0.0452974,0.00473755,0.00531823
22.69,8.77548,8.77024,4.92653,4.94707,45.38,45.3894,2.94192,2.95507,-5.23661,-5.25765,2,1.99582,-0.0864542,-0.0864074,-0.3319,-0.348231,0.778823,0.775194,-0.152467,-0.178203,0.0313896,0.0455299,0.00474459,0.00533715
22.7,8.80474,8.79974,4.87408,4.89436,45.4,45.4096,2.9115,2.92342,-5.25389,-5.27647,2,1.99559,-0.0879827,-0.0883839,-0.33159,-0.347683,0.77887,0.775312,-0.15323,-0.177866,0.0307643,0.0457876,0.00475141,0.00535272
22.71,8.83371,8.8289,4.82145,4.84146,45.42,45.4299,2.88099,2.89166,-5.27104,-5.2951,2,1.99538,-0.0895191,-0.0903615,-0.331285,-0.347117,0.778918,0.775431,-0.154063,-0.177567,0.0301817,0.0460746,0.00475801,0.00536496
22.72,8.86236,8.85774,4.76866,4.78837,45.44,45.4501,2.85039,2.85979,-5.28804,-5.31354,2,1.99519,-0.0910642,-0.0923419,-0.330986,-0.346533,0.778966,0.775551,-0.154962,-0.177309,0.0296447,0.0463894,0.0047644,0.00537378
22.73,8.89071,8.88625,4.71569,4.73509,45.46,45.4703,2.8197,2.82782,-5.30492,-5.33178,2,1.99501,-0.0926185,-0.0943244,-0.330692,-0.34593,0.779013,0.775672,-0.155926,-0.177094,0.0291561,0.0467339,0.00477057,0.00537915
22.74,8.91876,8.91442,4.66256,4.68162,45.48,45.4905,2.78892,2.79575,-5.32166,-5.34982,2,1.99485,-0.0941829,-0.0963086,-0.330403,-0.345309,0.779061,0.775795,-0.156953,-0.176917,0.0287187,0.0471104,0.00477653,0.00538121
22.75,8.94649,8.94225,4.60926,4.62797,45.5,45.5107,2.75805,2.76358,-5.33826,-5.36767,2,1.99471,-0.0957578,-0.0982949,-0.330117,-0.34467,0.779109,0.775918,-0.158039,-0.176783,0.0283349,0.0475191,0.00478227,0.00537977
22.76,8.97392,8.96976,4.5558,4.57413,45.52,45.5308,2.72709,2.73132,-5.35472,-5.38533,2,1.99458,-0.0973439,-0.100283,-0.329836,-0.344012,0.779157,0.776043,-0.159183,-0.176689,0.0280075,0.0479625,0.0047878,0.00537505
22.77,9.00103,8.99693,4.50217,4.52012,45.54,45.551,2.69603,2.69895,-5.37104,-5.40278,2,1.99446,-0.0989417,-0.102274,-0.329557,-0.343336,0.779204,0.776169,-0.160382,-0.176636,0.0277388,0.048437,0.00479312,0.00536698
22.78,9.02784,9.02376,4.44838,4.46592,45.56,45.5711,2.66488,2.66649,-5.38723,-5.42003,2,1.99437,-0.100552,-0.104266,-0.329281,-0.342642,0.779252,0.776296,-0.161633,-0.176623,0.0275312,0.0489461,0.00479822,0.00535553
22.79,9.05433,9.05026,4.39442,4.41155,45.58,45.5913,2.63363,2.63393,-5.40328,-5.43708,2,1.99429,-0.102174,-0.10626,-0.329006,-0.34193,0.7793,0.776424,-0.162933,-0.176649,0.0273868,0.0494909,0.00480311,0.00534078
22.8,9.08051,9.07642,4.34031,4.35702,45.6,45.6114,2.60228,2.60129,-5.41918,-5.45393,2,1.99423,-0.10381,-0.108256,-0.328733,-0.3412,0.779348,0.776553,-0.164279,-0.176717,0.0273077,0.0500735,0.00480779,0.00532284
22.81,9.10638,9.10224,4.28604,4.3023,45.62,45.6315,2.57084,2.56855,-5.43495,-5.47057,2,1.99418,-0.10546,-0.110254,-0.32846,-0.340453,0.779397,0.776682,-0.165669,-0.176821,0.0272959,0.0506903,0.00481226,0.00530167
22.82,9.13193,9.12773,4.23161,4.24741,45.64,45.6516,2.5393,2.53572,-5.45057,-5.48702,2,1.99415,-0.107124,-0.112254,-0.328187,-0.339688,0.779445,0.776813,-0.167099,-0.176963,0.0273534,0.0513438,0.00481652,0.00527723
22.83,9.15716,9.15288,4.17703,4.19236,45.66,45.6717,2.50766,2.5028,-5.46605,-5.50325,2,1.99414,-0.108802,-0.114256,-0.327912,-0.338905,0.779493,0.776944,-0.168566,-0.17714,0.0274818,0.052035,0.00482057,0.00524977
22.84,9.18208,9.1777,4.12229,4.13713,45.68,45.6918,2.47591,2.46978,-5.48139,-5.51928,2,1.99414,-0.110495,-0.11626,-0.327637,-0.338104,0.779541,0.777076,-0.170067,-0.177359,0.0276827,0.0527646,0.00482441,0.00521926
22.85,9.20668,9.20218,4.0674,4.08173,45.7,45.7118,2.44406,2.43668,-5.49658,-5.53511,2,1.99416,-0.112204,-0.118265,-0.327359,-0.337287,0.779589,0.777208,-0.171599,-0.17761,0.0279576,0.0535307,0.00482805,0.0051858
22.86,9.23096,9.22632,4.01236,4.02618,45.72,45.7319,2.41211,2.4035,-5.51162,-5.55072,2,1.99419,-0.113928,-0.120273,-0.327077,-0.336452,0.779638,0.777341,-0.173159,-0.177897,0.0283079,0.0543352,0.00483148,0.00514936
22.87,9.25492,9.25012,3.95717,3.97047,45.74,45.7519,2.38006,2.37022,-5.52651,-5.56613,2,1.99424,-0.115667,-0.122282,-0.326792,-0.3356,0.779686,0.777475,-0.174743,-0.178215,0.0287348,0.0551769,0.0048347,0.00511013
22.88,9.27856,9.27359,3.90183,3.9146,45.76,45.772,2.3479,2.33687,-5.54126,-5.58132,2,1.9943,-0.117422,-0.124292,-0.326502,-0.334732,0.779734,0.777609,-0.176348,-0.178566,0.0292394,0.0560567,0.00483771,0.00506807
22.89,9.30188,9.29671,3.84635,3.85857,45.78,45.792,2.31564,2.30343,-5.55585,-5.5963,2,1.99438,-0.119194,-0.126304,-0.326207,-0.333847,0.779783,0.777743,-0.177971,-0.178947,0.0298227,0.0569736,0.00484052,0.00502339
22.9,9.32487,9.31951,3.79071,3.80238,45.8,45.812,2.28326,2.2699,-5.57029,-5.61108,2,1.99447,-0.120982,-0.128318,-0.325906,-0.332945,0.779831,0.777877,-0.179607,-0.179358,0.0304854,0.0579303,0.00484312,0.00497606
22.91,9.34754,9.34197,3.73494,3.74604,45.82,45.832,2.25078,2.2363,-5.58457,-5.62564,2,1.99458,-0.122786,-0.130332,-0.325597,-0.332027,0.77988,0.778012,-0.181254,-0.179797,0.0312283,0.0589211,0.00484552,0.00492632
22.92,9.36989,9.36409,3.67902,3.68955,45.84,45.852,2.2182,2.20261,-5.5987,-5.63999,2,1.9947,-0.124607,-0.132349,-0.325281,-0.331093,0.779928,0.778146,-0.182908,-0.180264,0.0320518,0.0599516,0.00484772,0.00487415
22.93,9.39191,9.38588,3.62297,3.63291,45.86,45.872,2.1855,2.16884,-5.61266,-5.65413,2,1.99483,-0.126444,-0.134367,-0.324956,-0.330143,0.779977,0.778281,-0.184566,-0.180755,0.0329565,0.0610168,0.00484972,0.00481968
22.94,9.4136,9.40732,3.56677,3.57613,45.88,45.892,2.1527,2.135,-5.62647,-5.66805,2,1.99497,-0.128298,-0.136386,-0.324621,-0.329177,0.780025,0.778415,-0.186224,-0.181271,0.0339425,0.0621198,0.00485151,0.00476303
22.95,9.43496,9.42844,3.51044,3.5192,45.9,45.912,2.11978,2.10108,-5.64011,-5.68175,2,1.99513,-0.130169,-0.138406,-0.324277,-0.328196,0.780074,0.778549,-0.187879,-0.181807,0.0350099,0.0632599,0.00485311,0.00470431
22.96,9.45599,9.44921,3.45397,3.46213,45.92,45.9319,2.08676,2.06709,-5.65359,-5.69524,2,1.99529,-0.132056,-0.140427,-0.323921,-0.327199,0.780122,0.778683,-0.189527,-0.182365,0.0361588,0.0644328,0.0048545,0.00464363
22.97,9.4767,9.46965,3.39737,3.40492,45.94,45.9519,2.05362,2.03302,-5.6669,-5.70851,2,1.99547,-0.133959,-0.142449,-0.323553,-0.326187,0.780171,0.778817,-0.191164,-0.182941,0.037389,0.0656411,0.00485569,0.00458118
22.98,9.49707,9.48975,3.34063,3.34757,45.96,45.9718,2.02037,1.99888,-5.68005,-5.72157,2,1.99566,-0.135879,-0.144472,-0.323173,-0.32516,0.780219,0.77895,-0.192788,-0.183533,0.0387003,0.0668854,0.00485669,0.00451697
22.99,9.5171,9.50952,3.28377,3.29008,45.98,45.9918,1.98702,1.96467,-5.69302,-5.7344,2,1.99585,-0.137815,-0.146496,-0.322779,-0.324119,0.780268,0.779082,-0.194395,-0.184142,0.040092,0.068162,0.00485748,0.00445121
23,9.53681,9.52895,3.22677,3.23246,46,46.0117,1.95355,1.93038,-5.70582,-5.74702,2,1.99606,-0.139767,-0.14852,-0.322371,-0.323062,0.780316,0.779214,-0.195981,-0.184761,0.0415638,0.0694708,0.00485808,0.00438391
23.01,9.55617,9.54804,3.16965,3.17471,46.02,46.0317,1.91997,1.89602,-5.71844,-5.75942,2,1.99627,-0.141735,-0.150546,-0.321947,-0.321992,0.780365,0.779345,-0.197544,-0.185395,0.0431148,0.0708144,0.00485849,0.00431525
23.02,9.57521,9.5668,3.1124,3.11683,46.04,46.0516,1.88628,1.8616,-5.73089,-5.77159,2,1.99649,-0.143718,-0.152571,-0.321508,-0.320907,0.780414,0.779474,-0.199079,-0.186036,0.0447443,0.0721864,0.0048587,0.00424545
23.03,9.5939,9.58522,3.05503,3.05883,46.06,46.0715,1.85248,1.82711,-5.74315,-5.78354,2,1.99672,-0.145716,-0.154597,-0.321052,-0.319809,0.780462,0.779603,-0.200583,-0.186682,0.0464512,0.0735901,0.00485871,0.00417454
23.04,9.61225,9.60331,2.99754,3.00069,46.08,46.0915,1.81856,1.79256,-5.75523,-5.79527,2,1.99696,-0.147729,-0.156624,-0.320579,-0.318697,0.780511,0.779731,-0.202054,-0.187338,0.0482345,0.0750235,0.00485853,0.00410267
23.05,9.63027,9.62105,2.93993,2.94246,46.1,46.1114,1.78454,1.75795,-5.76713,-5.80678,2,1.99719,-0.149757,-0.15865,-0.320087,-0.317571,0.780559,0.779858,-0.203488,-0.187994,0.0500929,0.0764854,0.00485816,0.00403
23.06,9.64795,9.63846,2.8822,2.88408,46.12,46.1313,1.75041,1.72326,-5.77884,-5.81806,2,1.99744,-0.151799,-0.160676,-0.319577,-0.316432,0.780608,0.779983,-0.204882,-0.188653,0.052025,0.077977,0.00485759,0.00395674
23.07,9.66528,9.65553,2.82435,2.8256,46.14,46.1512,1.71616,1.68851,-5.79036,-5.82911,2,1.99768,-0.153855,-0.162703,-0.319047,-0.315281,0.780657,0.780106,-0.206233,-0.18931,0.0540293,0.0794944,0.00485683,0.00388285
23.08,9.68227,9.67227,2.76639,2.76699,46.16,46.1712,1.68181,1.65371,-5.80168,-5.83994,2,1.99793,-0.155923,-0.164728,-0.318496,-0.314116,0.780705,0.780228,-0.207538,-0.189966,0.0561043,0.0810371,0.00485588,0.00380865
23.09,9.69891,9.68867,2.70832,2.70828,46.18,46.1911,1.64735,1.61884,-5.81281,-5.85054,2,1.99819,-0.158005,-0.166754,-0.317924,-0.312939,0.780754,0.780349,-0.208793,-0.190613,0.0582481,0.0826042,0.00485474,0.00373418
23.1,9.71521,9.70473,2.65014,2.64946,46.2,46.211,1.61278,1.58392,-5.82374,-5.86091,2,1.99844,-0.160099,-0.168779,-0.317331,-0.31175,0.780802,0.780468,-0.209997,-0.191255,0.0604589,0.0841957,0.00485342,0.00365958
23.11,9.73117,9.72045,2.59185,2.59052,46.22,46.2309,1.5781,1.54894,-5.83448,-5.87105,2,1.9987,-0.162205,-0.170804,-0.316715,-0.310548,0.780851,0.780585,-0.211147,-0.191888,0.0627348,0.0858102,0.0048519,0.00358497
23.12,9.74678,9.73583,2.53345,2.53149,46.24,46.2508,1.54332,1.5139,-5.84501,-5.88096,2,1.99895,-0.164322,-0.172827,-0.316076,-0.309335,0.780899,0.780699,-0.212239,-0.19251,0.0650737,0.0874459,0.0048502,0.0035106
23.13,9.76204,9.75087,2.47495,2.47237,46.26,46.2707,1.50843,1.47882,-5.85533,-5.89064,2,1.9992,-0.166449,-0.174849,-0.315413,-0.30811,0.780948,0.780812,-0.213272,-0.193117,0.0674733,0.0891036,0.00484831,0.00343651
23.14,9.77694,9.76558,2.41634,2.41313,46.28,46.2906,1.47344,1.44367,-5.86545,-5.90009,2,1.99946,-0.168587,-0.176871,-0.314726,-0.306874,0.780996,0.780923,-0.214242,-0.193712,0.0699314,0.0907802,0.00484623,0.00336287
23.15,9.7915,9.77994,2.35764,2.35379,46.3,46.3105,1.43835,1.40848,-5.87535,-5.9093,2,1.99971,-0.170734,-0.178891,-0.314014,-0.305626,0.781045,0.781031,-0.215147,-0.194288,0.0724456,0.0924757,0.00484397,0.00328981
23.16,9.80571,9.79396,2.29884,2.29437,46.32,46.3305,1.40315,1.37323,-5.88505,-5.91828,2,1.99995,-0.17289,-0.18091,-0.313277,-0.304368,0.781093,0.781137,-0.215986,-0.194841,0.0750134,0.0941849,0.00484152,0.00321745
23.17,9.81957,9.80764,2.23994,2.23484,46.34,46.3504,1.36786,1.33793,-5.89452,-5.92702,2,2.0002,-0.175054,-0.182927,-0.312514,-0.303098,0.781141,0.781241,-0.216756,-0.195374,0.0776322,0.0959148,0.00483889,0.00314586
23.18,9.83307,9.82098,2.18095,2.17523,46.36,46.3703,1.33246,1.30259,-5.90378,-5.93552,2,2.00043,-0.177225,-0.184942,-0.311724,-0.301818,0.78119,0.781341,-0.217455,-0.195885,0.0802994,0.0976581,0.00483608,0.00307539
23.19,9.84622,9.83397,2.12186,2.11553,46.38,46.3902,1.29697,1.26719,-5.91282,-5.94379,2,2.00067,-0.179402,-0.186956,-0.310908,-0.300528,0.781238,0.78144,-0.218081,-0.196369,0.0830121,0.0994148,0.00483308,0.00300598
23.2,9.85901,9.84662,2.06269,2.05575,46.4,46.4101,1.26138,1.23176,-5.92164,-5.95181,2,2.0009,-0.181586,-0.188967,-0.310064,-0.299228,0.781286,0.781535,-0.218631,-0.196826,0.0857676,0.101185,0.00482991,0.00293774
23.21,9.87144,9.85892,2.00343,1.9959,46.42,46.4301,1.2257,1.19628,-5.93023,-5.9596,2,2.00112,-0.183775,-0.190975,-0.309192,-0.297918,0.781335,0.781628,-0.219106,-0.197253,0.088563,0.102963,0.00482655,0.00287093
23.22,9.88352,9.87088,1.94409,1.93595,46.44,46.45,1.18993,1.16075,-5.9386,-5.96714,2,2.00133,-0.185968,-0.192981,-0.308293,-0.296598,0.781383,0.781718,-0.219502,-0.197651,0.0913952,0.104753,0.00482302,0.00280554
23.23,9.89524,9.88249,1.88466,1.87593,46.46,46.4699,1.15406,1.12518,-5.94673,-5.97445,2,2.00153,-0.188165,-0.194985,-0.307364,-0.295268,0.781431,0.781804,-0.219819,-0.198014,0.0942612,0.106552,0.0048193,0.00274176
23.24,9.9066,9.89376,1.82515,1.81584,46.48,46.4899,1.11811,1.08958,-5.95463,-5.9815,2,2.00173,-0.190364,-0.196986,-0.306407,-0.29393,0.781479,0.781888,-0.220055,-0.198343,0.097158,0.108361,0.00481541,0.00267968
23.25,9.9176,9.90468,1.76557,1.75566,46.5,46.5098,1.08207,1.05392,-5.9623,-5.98832,2,2.00192,-0.192565,-0.198983,-0.305421,-0.292581,0.781528,0.781969,-0.220209,-0.198634,0.100082,0.110175,0.00481135,0.00261936
23.26,9.92824,9.91525,1.70591,1.69542,46.52,46.5298,1.04595,1.01824,-5.96973,-5.99489,2,2.00209,-0.194768,-0.200978,-0.304406,-0.291225,0.781576,0.782046,-0.22028,-0.198886,0.103031,0.111994,0.0048071,0.00256095
23.27,9.93852,9.92547,1.64617,1.63511,46.54,46.5497,1.00974,0.98251,-5.97692,-6.00121,2,2.00226,-0.196971,-0.202968,-0.30336,-0.289859,0.781624,0.78212,-0.220267,-0.1991,0.106001,0.113817,0.00480268,0.00250458
23.28,9.94844,9.93534,1.58637,1.57474,46.56,46.5697,0.973455,0.946746,-5.98387,-6.00729,2,2.00242,-0.199173,-0.204956,-0.302285,-0.288485,0.781672,0.782191,-0.220169,-0.199273,0.108989,0.115646,0.00479809,0.00245033
23.29,9.95799,9.94485,1.5265,1.5143,46.58,46.5896,0.937093,0.910946,-5.99058,-6.01312,2,2.00256,-0.201374,-0.206939,-0.301181,-0.287102,0.78172,0.782259,-0.219985,-0.199402,0.111991,0.117475,0.00479333,0.00239825
23.3,9.96718,9.95402,1.46656,1.45381,46.6,46.6096,0.900656,0.875121,-5.99704,-6.01869,2,2.00269,-0.203572,-0.208918,-0.300046,-0.285711,0.781768,0.782323,-0.219715,-0.199486,0.115004,0.119306,0.00478839,0.00234843
23.31,9.976,9.96283,1.40656,1.39325,46.62,46.6296,0.864146,0.839253,-6.00326,-6.02402,2,2.00281,-0.205768,-0.210893,-0.29888,-0.284312,0.781815,0.782384,-0.219359,-0.199525,0.118026,0.121135,0.00478328,0.00230105
23.32,9.98446,9.97129,1.3465,1.33264,46.64,46.6496,0.827567,0.803353,-6.00923,-6.0291,2,2.00291,-0.207959,-0.212863,-0.297685,-0.282905,0.781863,0.782441,-0.218916,-0.199517,0.121051,0.122963,0.004778,0.00225604
23.33,9.99255,9.9794,1.28637,1.27198,46.66,46.6696,0.79092,0.767424,-6.01494,-6.03392,2,2.00301,-0.210146,-0.214829,-0.296459,-0.28149,0.781911,0.782495,-0.218386,-0.199461,0.124078,0.12479,0.00477255,0.00221349
23.34,10.0003,9.98714,1.2262,1.21126,46.68,46.6896,0.754209,0.731462,-6.02041,-6.0385,2,2.00308,-0.212327,-0.21679,-0.295203,-0.280068,0.781959,0.782545,-0.21777,-0.199358,0.127102,0.126614,0.00476693,0.00217352
23.35,10.0076,9.99454,1.16597,1.15049,46.7,46.7096,0.717436,0.69547,-6.02562,-6.04282,2,2.00315,-0.214501,-0.218745,-0.293917,-0.278638,0.782006,0.782592,-0.217066,-0.199202,0.130121,0.128432,0.00476115,0.00213622
23.36,10.0146,10.0016,1.10569,1.08968,46.72,46.7296,0.680605,0.659451,-6.03057,-6.04688,2,2.00319,-0.216668,-0.220695,-0.292601,-0.277201,0.782054,0.782635,-0.216276,-0.198996,0.133131,0.130248,0.00475519,0.00210156
23.37,10.0213,10.0082,1.04536,1.02883,46.74,46.7497,0.643717,0.623404,-6.03527,-6.0507,2,2.00323,-0.218826,-0.22264,-0.291255,-0.275756,0.782101,0.782675,-0.215401,-0.198738,0.136128,0.132053,0.00474907,0.00206956
23.38,10.0275,10.0146,0.984981,0.96794,46.76,46.7697,0.606776,0.58734,-6.03971,-6.05425,2,2.00324,-0.220975,-0.224578,-0.289879,-0.274305,0.782149,0.782711,-0.214439,-0.198427,0.139109,0.133853,0.00474279,0.00204031
23.39,10.0334,10.0205,0.924563,0.907,46.78,46.7898,0.569785,0.551241,-6.04389,-6.05755,2,2.00325,-0.223115,-0.22651,-0.288473,-0.272847,0.782196,0.782743,-0.213393,-0.198063,0.142071,0.135645,0.00473634,0.00201387
23.4,10.0389,10.0261,0.864105,0.846024,46.8,46.8098,0.532747,0.515117,-6.0478,-6.0606,2,2.00323,-0.225243,-0.228437,-0.287037,-0.271381,0.782244,0.782772,-0.212262,-0.197647,0.14501,0.137426,0.00472973,0.00199022
23.41,10.044,10.0314,0.803608,0.785013,46.82,46.8299,0.495665,0.478971,-6.05146,-6.06339,2,2.0032,-0.22736,-0.230356,-0.285573,-0.269909,0.782291,0.782798,-0.211049,-0.197177,0.147924,0.139198,0.00472295,0.00196936
23.42,10.0488,10.0362,0.743076,0.723966,46.84,46.85,0.458541,0.442799,-6.05485,-6.06592,2,2.00315,-0.229464,-0.232269,-0.284079,-0.26843,0.782338,0.78282,-0.209753,-0.196651,0.150809,0.140958,0.00471602,0.00195137
23.43,10.0532,10.0407,0.682512,0.662889,46.86,46.8701,0.42138,0.406607,-6.05798,-6.06819,2,2.00309,-0.231554,-0.234174,-0.282557,-0.266945,0.782385,0.782839,-0.208376,-0.196069,0.153661,0.142707,0.00470892,0.00193619
23.44,10.0572,10.0449,0.621917,0.601791,46.88,46.8902,0.384184,0.370396,-6.06085,-6.07021,2,2.00301,-0.233631,-0.236073,-0.281006,-0.265454,0.782432,0.782855,-0.20692,-0.195434,0.156479,0.144443,0.00470167,0.00192375
23.45,10.0609,10.0487,0.561296,0.540659,46.9,46.9103,0.346956,0.334164,-6.06344,-6.07197,2,2.00292,-0.235693,-0.237963,-0.279427,-0.263955,0.782479,0.782867,-0.205386,-0.194743,0.159258,0.146165,0.00469425,0.00191418
23.46,10.0642,10.0521,0.500649,0.47952,46.92,46.9305,0.309701,0.297921,-6.06577,-6.07347,2,2.0028,-0.237738,-0.239846,-0.277821,-0.262451,0.782526,0.782875,-0.203774,-0.193999,0.161995,0.147871,0.00468668,0.00190746
23.47,10.0671,10.0551,0.439981,0.418346,46.94,46.9506,0.272419,0.261651,-6.06784,-6.07472,2,2.00268,-0.239768,-0.24172,-0.276187,-0.260941,0.782573,0.782881,-0.202088,-0.193196,0.164689,0.149564,0.00467895,0.00190348
23.48,10.0696,10.0578,0.379294,0.357159,46.96,46.9708,0.235116,0.225368,-6.06963,-6.0757,2,2.00253,-0.24178,-0.243586,-0.274527,-0.259424,0.78262,0.782884,-0.200328,-0.192343,0.167335,0.151239,0.00467106,0.00190216
23.49,10.0718,10.0601,0.318589,0.29595,46.98,46.9909,0.197795,0.189066,-6.07116,-6.07643,2,2.00237,-0.243774,-0.245444,-0.272841,-0.257902,0.782666,0.782883,-0.198497,-0.191433,0.169931,0.152899,0.00466302,0.00190364
23.5,10.0736,10.0621,0.257871,0.234728,47,47.0111,0.160458,0.152748,-6.07242,-6.07691,2,2.00219,-0.24575,-0.247293,-0.271129,-0.256373,0.782713,0.78288,-0.196597,-0.190468,0.172475,0.154541,0.00465483,0.00190771
23.51,10.075,10.0637,0.197142,0.173497,47.02,47.0313,0.123108,0.11642,-6.07341,-6.07712,2,2.002,-0.247706,-0.249132,-0.269391,-0.254838,0.782759,0.782873,-0.194629,-0.189452,0.174963,0.156166,0.00464648,0.00191452
23.52,10.076,10.0649,0.136404,0.112261,47.04,47.0515,0.0857502,0.0800785,-6.07413,-6.07708,2,2.00179,-0.249642,-0.250962,-0.26763,-0.253298,0.782806,0.782864,-0.192595,-0.188384,0.177394,0.15777,0.00463798,0.00192373
23.53,10.0767,10.0657,0.0756604,0.0510156,47.06,47.0718,0.0483865,0.0437252,-6.07458,-6.07678,2,2.00156,-0.251558,-0.252782,-0.265844,-0.251752,0.782852,0.782853,-0.190499,-0.187261,0.179765,0.159355,0.00462933,0.00193552
23.54,10.077,10.0662,0.0149136,-0.0102332,47.08,47.092,0.0110205,0.00735988,-6.07476,-6.07622,2,2.00132,-0.253452,-0.254592,-0.264035,-0.2502,0.782898,0.782838,-0.188342,-0.186086,0.182073,0.160923,0.00462053,0.00194975
23.55,10.0769,10.0663,-0.0458338,-0.0714672,47.1,47.1122,-0.0263445,-0.0290044,-6.07467,-6.07541,2,2.00106,-0.255324,-0.256391,-0.262203,-0.248643,0.782945,0.782822,-0.186126,-0.184864,0.184316,0.162467,0.00461158,0.00196626
23.56,10.0765,10.066,-0.106579,-0.132712,47.12,47.1325,-0.0637053,-0.0653864,-6.07431,-6.07434,2,2.00079,-0.257174,-0.25818,-0.260348,-0.24708,0.782991,0.782803,-0.183855,-0.183591,0.186492,0.163991,0.00460248,0.00198507
23.57,10.0757,10.0654,-0.167319,-0.193957,47.14,47.1527,-0.101059,-0.101777,-6.07369,-6.07302,2,2.00051,-0.259001,-0.259958,-0.258473,-0.245511,0.783037,0.782781,-0.181531,-0.182271,0.1886,0.165494,0.00459323,0.00200605
23.58,10.0745,10.0644,-0.228052,-0.255187,47.16,47.173,-0.138401,-0.13817,-6.0728,-6.07144,2,2.00021,-0.260805,-0.261725,-0.256577,-0.243937,0.783083,0.782758,-0.179155,-0.180901,0.190637,0.166974,0.00458384,0.00202916
23.59,10.0729,10.063,-0.288774,-0.316406,47.18,47.1933,-0.17573,-0.174569,-6.07164,-6.06961,2,1.99989,-0.262584,-0.26348,-0.25466,-0.242357,0.783128,0.782733,-0.176733,-0.179489,0.192601,0.168432,0.0045743,0.00205421
23.6,10.0709,10.0612,-0.349484,-0.377614,47.2,47.2136,-0.213042,-0.210971,-6.07021,-6.06753,2,1.99957,-0.264339,-0.265224,-0.252725,-0.240771,0.783174,0.782706,-0.174265,-0.178031,0.194492,0.169867,0.00456462,0.00208121
23.61,10.0686,10.0591,-0.410177,-0.438802,47.22,47.2339,-0.250334,-0.247373,-6.06851,-6.06519,2,1.99923,-0.266069,-0.266955,-0.250771,-0.23918,0.78322,0.782678,-0.171754,-0.176528,0.196306,0.171279,0.00455479,0.00211
23.62,10.0659,10.0566,-0.470853,-0.499972,47.24,47.2542,-0.287602,-0.283778,-6.06655,-6.0626,2,1.99887,-0.267774,-0.268673,-0.248799,-0.237584,0.783265,0.782648,-0.169205,-0.174985,0.198044,0.172666,0.00454482,0.00214048
23.63,10.0629,10.0537,-0.531508,-0.561108,47.26,47.2746,-0.324844,-0.320175,-6.06433,-6.05977,2,1.99851,-0.269453,-0.270379,-0.24681,-0.235983,0.783311,0.782617,-0.166618,-0.173401,0.199703,0.17403,0.00453471,0.00217254
23.64,10.0594,10.0505,-0.592139,-0.622231,47.28,47.2949,-0.362057,-0.356577,-6.06184,-6.05668,2,1.99814,-0.271106,-0.272072,-0.244805,-0.234375,0.783356,0.782585,-0.163999,-0.171779,0.201282,0.175368,0.00452446,0.00220603
23.65,10.0556,10.0469,-0.652744,-0.683327,47.3,47.3152,-0.399237,-0.392976,-6.05909,-6.05334,2,1.99775,-0.272733,-0.273751,-0.242785,-0.232763,0.783401,0.782551,-0.161348,-0.170118,0.202782,0.176682,0.00451407,0.00224086
23.66,10.0515,10.0429,-0.71332,-0.744381,47.32,47.3356,-0.436382,-0.429367,-6.05608,-6.04976,2,1.99736,-0.274333,-0.275416,-0.24075,-0.231145,0.783446,0.782517,-0.158671,-0.168422,0.2042,0.17797,0.00450354,0.00227693
23.67,10.0469,10.0385,-0.773864,-0.805405,47.34,47.3559,-0.473488,-0.465754,-6.0528,-6.04593,2,1.99695,-0.275906,-0.277068,-0.238701,-0.229521,0.783491,0.782483,-0.155969,-0.166693,0.205535,0.179233,0.00449287,0.00231411
23.68,10.042,10.0337,-0.834375,-0.866391,47.36,47.3763,-0.510553,-0.502132,-6.04927,-6.04186,2,1.99654,-0.277452,-0.278705,-0.236639,-0.227892,0.783536,0.782447,-0.153245,-0.164932,0.206788,0.180472,0.00448207,0.00235225
23.69,10.0367,10.0286,-0.894849,-0.927334,47.38,47.3967,-0.547574,-0.5385,-6.04548,-6.03754,2,1.99611,-0.278971,-0.280328,-0.234566,-0.226258,0.783581,0.782412,-0.150503,-0.163141,0.207958,0.181683,0.00447113,0.00239119
23.7,10.031,10.0231,-0.955284,-0.988231,47.4,47.417,-0.584549,-0.574857,-6.04143,-6.03298,2,1.99568,-0.280463,-0.281935,-0.232481,-0.224619,0.783625,0.782376,-0.147747,-0.161322,0.209044,0.182869,0.00446006,0.00243087
23.71,10.025,10.0172,-1.01568,-1.04907,47.42,47.4374,-0.621474,-0.611193,-6.03713,-6.02818,2,1.99524,-0.281926,-0.283527,-0.230385,-0.222974,0.78367,0.782341,-0.144978,-0.159475,0.210047,0.184027,0.00444885,0.00247107
23.72,10.0186,10.011,-1.07603,-1.10987,47.44,47.4578,-0.658346,-0.647524,-6.03257,-6.02314,2,1.9948,-0.283362,-0.285104,-0.22828,-0.221324,0.783714,0.782305,-0.1422,-0.157605,0.210966,0.18516,0.00443751,0.00251176
23.73,10.0118,10.0044,-1.13633,-1.17061,47.46,47.4781,-0.695164,-0.683838,-6.02776,-6.01786,2,1.99435,-0.28477,-0.286665,-0.226166,-0.219669,0.783759,0.782271,-0.139416,-0.155711,0.211801,0.186264,0.00442603,0.00255272
23.74,10.0047,9.99738,-1.19658,-1.23129,47.48,47.4985,-0.731925,-0.720134,-6.0227,-6.01234,2,1.99389,-0.28615,-0.28821,-0.224044,-0.218008,0.783803,0.782236,-0.136629,-0.153796,0.212553,0.187345,0.00441443,0.00259384
23.75,9.99721,9.99001,-1.25678,-1.29191,47.5,47.5189,-0.768626,-0.756413,-6.01739,-6.00659,2,1.99343,-0.287503,-0.289739,-0.221915,-0.216341,0.783847,0.782203,-0.133843,-0.151864,0.213221,0.188397,0.00440269,0.00263509
23.76,9.98934,9.98226,-1.31693,-1.35247,47.52,47.5393,-0.805265,-0.792669,-6.01184,-6.0006,2,1.99297,-0.288827,-0.29125,-0.21978,-0.21467,0.783891,0.78217,-0.13106,-0.149913,0.213807,0.189422,0.00439083,0.0026762
23.77,9.9811,9.97414,-1.37702,-1.41296,47.54,47.5597,-0.841839,-0.828905,-6.00603,-5.99437,2,1.9925,-0.290124,-0.292745,-0.217639,-0.212993,0.783935,0.782138,-0.128283,-0.147949,0.214311,0.190421,0.00437884,0.00271707
23.78,9.9725,9.96564,-1.43705,-1.47338,47.56,47.58,-0.878346,-0.865115,-5.99999,-5.98792,2,1.99203,-0.291393,-0.294222,-0.215494,-0.211311,0.783979,0.782108,-0.125516,-0.14597,0.214733,0.191391,0.00436672,0.00275755
23.79,9.96353,9.95677,-1.49702,-1.53372,47.58,47.6004,-0.914784,-0.9013,-5.9937,-5.98123,2,1.99156,-0.292634,-0.295682,-0.213345,-0.209623,0.784022,0.782079,-0.122761,-0.143981,0.215075,0.192334,0.00435448,0.00279754
23.8,9.9542,9.94752,-1.55692,-1.59398,47.6,47.6208,-0.951152,-0.937452,-5.98718,-5.97432,2,1.99108,-0.293848,-0.297124,-0.211193,-0.20793,0.784066,0.782052,-0.120021,-0.141984,0.215338,0.193251,0.00434211,0.00283694
23.81,9.94451,9.9379,-1.61676,-1.65417,47.62,47.6411,-0.987446,-0.973581,-5.98041,-5.96718,2,1.99061,-0.295035,-0.298548,-0.209038,-0.206232,0.784109,0.782027,-0.117299,-0.139978,0.215522,0.19414,0.00432962,0.00287556
23.82,9.93446,9.9279,-1.67653,-1.71426,47.64,47.6615,-1.02366,-1.00968,-5.97342,-5.95981,2,1.99014,-0.296194,-0.299954,-0.206883,-0.204528,0.784152,0.782003,-0.114598,-0.137969,0.21563,0.195002,0.004317,0.00291326
23.83,9.92404,9.91753,-1.73623,-1.77428,47.66,47.6818,-1.05981,-1.04575,-5.96618,-5.95222,2,1.98966,-0.297327,-0.301341,-0.204726,-0.202818,0.784195,0.781982,-0.111921,-0.135954,0.215661,0.195836,0.00430426,0.00294996
23.84,9.91326,9.90679,-1.79585,-1.83421,47.68,47.7022,-1.09587,-1.08178,-5.95872,-5.9444,2,1.98919,-0.298433,-0.302709,-0.20257,-0.201104,0.784238,0.781963,-0.10927,-0.133939,0.215619,0.196646,0.0042914,0.00298554
23.85,9.90212,9.89568,-1.8554,-1.89404,47.7,47.7225,-1.13185,-1.11778,-5.95103,-5.93636,2,1.98872,-0.299512,-0.304058,-0.200414,-0.199384,0.784281,0.781946,-0.106648,-0.131924,0.215504,0.197426,0.00427843,0.00301985
23.86,9.89062,9.88419,-1.91487,-1.95378,47.72,47.7428,-1.16775,-1.15374,-5.94311,-5.92811,2,1.98825,-0.300566,-0.305389,-0.19826,-0.197658,0.784324,0.781932,-0.104057,-0.12991,0.215318,0.19818,0.00426533,0.00305281
23.87,9.87877,9.87233,-1.97426,-2.01342,47.74,47.7632,-1.20356,-1.18966,-5.93496,-5.91963,2,1.98779,-0.301594,-0.3067,-0.196108,-0.195927,0.784366,0.781921,-0.101501,-0.127901,0.215063,0.198906,0.00425211,0.00308425
23.88,9.86655,9.8601,-2.03357,-2.07294,47.76,47.7835,-1.23929,-1.22554,-5.92659,-5.91094,2,1.98732,-0.302596,-0.307991,-0.193959,-0.194191,0.784409,0.781912,-0.0989803,-0.125898,0.21474,0.199608,0.00423878,0.00311412
23.89,9.85398,9.8475,-2.09279,-2.13238,47.78,47.8037,-1.27494,-1.26139,-5.918,-5.90204,2,1.98687,-0.303573,-0.309262,-0.191813,-0.192449,0.784451,0.781907,-0.0964988,-0.123901,0.214353,0.200281,0.00422533,0.0031423
23.9,9.84105,9.83452,-2.15193,-2.19171,47.8,47.824,-1.31049,-1.29719,-5.9092,-5.89292,2,1.98642,-0.304526,-0.310514,-0.189672,-0.190701,0.784493,0.781904,-0.0940583,-0.121914,0.213903,0.200931,0.00421177,0.00316863
23.91,9.82777,9.82118,-2.21097,-2.25094,47.82,47.8443,-1.34596,-1.33294,-5.90017,-5.88358,2,1.98597,-0.305455,-0.311746,-0.187535,-0.188948,0.784535,0.781905,-0.0916609,-0.119937,0.213392,0.201551,0.00419809,0.00319307
23.92,9.81413,9.80747,-2.26993,-2.31004,47.84,47.8646,-1.38133,-1.36865,-5.89094,-5.87404,2,1.98553,-0.306359,-0.312958,-0.185404,-0.18719,0.784577,0.781909,-0.0893088,-0.117971,0.212822,0.202147,0.0041843,0.0032155
23.93,9.80014,9.79339,-2.32879,-2.36905,47.86,47.8848,-1.41661,-1.40432,-5.88149,-5.86429,2,1.98509,-0.307241,-0.314149,-0.183279,-0.185425,0.784619,0.781916,-0.0870038,-0.116017,0.212196,0.202716,0.0041704,0.00323588
23.94,9.7858,9.77894,-2.38756,-2.42793,47.88,47.905,-1.4518,-1.43994,-5.87183,-5.85433,2,1.98467,-0.3081,-0.315319,-0.181161,-0.183655,0.784661,0.781927,-0.0847479,-0.11408,0.211517,0.20326,0.00415638,0.00325403
23.95,9.77111,9.76412,-2.44623,-2.4867,47.9,47.9253,-1.48689,-1.47551,-5.86196,-5.84416,2,1.98425,-0.308936,-0.31647,-0.179049,-0.18188,0.784702,0.781942,-0.0825428,-0.112161,0.210787,0.203779,0.00414226,0.00326991
23.96,9.75606,9.74895,-2.5048,-2.54534,47.92,47.9455,-1.52189,-1.51102,-5.85189,-5.83379,2,1.98383,-0.309751,-0.317599,-0.176945,-0.180099,0.784744,0.781961,-0.0803903,-0.110256,0.210008,0.204273,0.00412803,0.00328349
23.97,9.74067,9.7334,-2.56327,-2.60387,47.94,47.9657,-1.55679,-1.5465,-5.84162,-5.82322,2,1.98343,-0.310544,-0.318708,-0.174849,-0.178312,0.784785,0.781983,-0.0782918,-0.108369,0.209183,0.204742,0.00411369,0.00329465
23.98,9.72493,9.71749,-2.62163,-2.66228,47.96,47.9858,-1.5916,-1.58191,-5.83115,-5.81244,2,1.98303,-0.311317,-0.319796,-0.172761,-0.17652,0.784826,0.782009,-0.076249,-0.106505,0.208315,0.205187,0.00409924,0.00330333
23.99,9.70884,9.70121,-2.67989,-2.72056,47.98,48.006,-1.62631,-1.61727,-5.82047,-5.80146,2,1.98265,-0.312069,-0.320863,-0.170683,-0.174722,0.784867,0.782039,-0.074263,-0.104659,0.207407,0.205607,0.00408469,0.00330935
24,9.6924,9.68458,-2.73804,-2.77872,48,48.0261,-1.66092,-1.65258,-5.80961,-5.79029,2,1.98227,-0.312802,-0.321909,-0.168613,-0.172918,0.784908,0.782073,-0.0723353,-0.102836,0.206461,0.206004,0.00407003,0.00331293
24.01,9.67562,9.66758,-2.79608,-2.83675,48.02,48.0463,-1.69543,-1.68784,-5.79854,-5.77892,2,1.98191,-0.313516,-0.322935,-0.166554,-0.171108,0.784948,0.782112,-0.0704669,-0.101036,0.205481,0.206377,0.00405527,0.00331377
24.02,9.6585,9.65022,-2.85401,-2.89466,48.04,48.0664,-1.72984,-1.72304,-5.78729,-5.76735,2,1.98155,-0.314212,-0.323939,-0.164504,-0.169292,0.784989,0.782154,-0.0686588,-0.0992601,0.204469,0.206727,0.0040404,0.00331193
24.03,9.64103,9.6325,-2.91182,-2.95243,48.06,48.0865,-1.76415,-1.75818,-5.77584,-5.75558,2,1.9812,-0.314889,-0.324923,-0.162464,-0.167471,0.785029,0.782201,-0.066912,-0.0975072,0.203429,0.207055,0.00402543,0.00330728
24.04,9.62321,9.61442,-2.96953,-3.01008,48.08,48.1066,-1.79836,-1.79326,-5.76421,-5.74363,2,1.98087,-0.31555,-0.325885,-0.160435,-0.165644,0.785069,0.782252,-0.0652272,-0.0957815,0.202363,0.20736,0.00401037,0.00329985
24.05,9.60506,9.59599,-3.02711,-3.06758,48.1,48.1266,-1.83247,-1.82828,-5.75239,-5.73148,2,1.98054,-0.316194,-0.326827,-0.158417,-0.163811,0.785109,0.782307,-0.0636052,-0.0940814,0.201274,0.207642,0.0039952,0.0032896
24.06,9.58656,9.5772,-3.08457,-3.12496,48.12,48.1467,-1.86648,-1.86324,-5.74039,-5.71914,2,1.98023,-0.316822,-0.327747,-0.15641,-0.161972,0.785149,0.782367,-0.0620464,-0.092409,0.200165,0.207902,0.00397993,0.00327657
24.07,9.56773,9.55806,-3.14192,-3.18221,48.14,48.1667,-1.90039,-1.89815,-5.72821,-5.70662,2,1.97993,-0.317435,-0.328647,-0.154414,-0.160127,0.785189,0.782431,-0.0605514,-0.0907621,0.19904,0.208142,0.00396457,0.00326054
24.08,9.54856,9.53855,-3.19914,-3.23932,48.16,48.1867,-1.9342,-1.93299,-5.71584,-5.6939,2,1.97964,-0.318034,-0.329526,-0.152429,-0.158276,0.785228,0.782499,-0.0591205,-0.0891442,0.197901,0.208362,0.0039491,0.00324173
24.09,9.52905,9.5187,-3.25623,-3.2963,48.18,48.2067,-1.96791,-1.96777,-5.7033,-5.681,2,1.97937,-0.318618,-0.330385,-0.150456,-0.156419,0.785268,0.782572,-0.0577539,-0.0875541,0.196751,0.208561,0.00393355,0.00322
24.1,9.5092,9.4985,-3.3132,-3.35314,48.2,48.2267,-2.00152,-2.00249,-5.69058,-5.66791,2,1.97911,-0.319189,-0.331222,-0.148494,-0.154556,0.785307,0.782649,-0.0564516,-0.0859943,0.195594,0.20874,0.00391789,0.00319533
24.11,9.48902,9.47795,-3.37004,-3.40984,48.22,48.2467,-2.03502,-2.03714,-5.67769,-5.65463,2,1.97885,-0.319747,-0.332039,-0.146544,-0.152687,0.785346,0.78273,-0.0552137,-0.0844624,0.194433,0.2089,0.00390215,0.00316774
24.12,9.4685,9.45705,-3.42675,-3.46641,48.24,48.2667,-2.06843,-2.07172,-5.66462,-5.64118,2,1.97862,-0.320293,-0.332836,-0.144606,-0.150812,0.785385,0.782816,-0.05404,-0.0829606,0.19327,0.20904,0.00388631,0.00313728
24.13,9.44765,9.4358,-3.48333,-3.52283,48.26,48.2866,-2.10173,-2.10624,-5.65138,-5.62754,2,1.97839,-0.320828,-0.333613,-0.142679,-0.148931,0.785424,0.782906,-0.0529303,-0.0814877,0.192109,0.209164,0.00387038,0.00310389
24.14,9.42646,9.4142,-3.53978,-3.57912,48.28,48.3066,-2.13493,-2.1407,-5.63798,-5.61372,2,1.97818,-0.321352,-0.334369,-0.140763,-0.147044,0.785463,0.783,-0.0518842,-0.0800433,0.190953,0.209269,0.00385435,0.00306762
24.15,9.40495,9.39226,-3.59609,-3.63527,48.3,48.3265,-2.16804,-2.17508,-5.6244,-5.59972,2,1.97798,-0.321866,-0.335104,-0.13886,-0.14515,0.785501,0.783099,-0.0509012,-0.0786314,0.189804,0.209357,0.00383824,0.00302842
24.16,9.3831,9.36998,-3.65227,-3.69128,48.32,48.3464,-2.20104,-2.2094,-5.61066,-5.58555,2,1.97779,-0.322371,-0.33582,-0.136967,-0.143251,0.785539,0.783202,-0.0499806,-0.077247,0.188665,0.209427,0.00382204,0.0029865
24.17,9.36093,9.34736,-3.70831,-3.74715,48.34,48.3663,-2.23394,-2.24365,-5.59676,-5.5712,2,1.97762,-0.322866,-0.336517,-0.135086,-0.141345,0.785577,0.783309,-0.0491219,-0.0758925,0.18754,0.209484,0.00380575,0.0029417
24.18,9.33842,9.32439,-3.7642,-3.80287,48.36,48.3862,-2.26674,-2.27783,-5.58269,-5.55667,2,1.97746,-0.323353,-0.337193,-0.133216,-0.139433,0.785615,0.78342,-0.0483242,-0.0745674,0.186431,0.209523,0.00378937,0.00289413
24.19,9.31559,9.30108,-3.81996,-3.85846,48.38,48.406,-2.29945,-2.31193,-5.56845,-5.54196,2,1.97731,-0.323833,-0.33785,-0.131358,-0.137515,0.785653,0.783535,-0.0475866,-0.0732728,0.185342,0.209548,0.00377291,0.00284378
24.2,9.29244,9.27744,-3.87557,-3.9139,48.4,48.4259,-2.33205,-2.34597,-5.55406,-5.52708,2,1.97718,-0.324305,-0.338487,-0.12951,-0.13559,0.785691,0.783654,-0.046908,-0.0720097,0.184274,0.209558,0.00375637,0.00279083
24.21,9.26895,9.25346,-3.93104,-3.96919,48.42,48.4458,-2.36456,-2.37993,-5.53951,-5.51203,2,1.97706,-0.324771,-0.339106,-0.127672,-0.13366,0.785728,0.783777,-0.0462873,-0.0707702,0.18323,0.209556,0.00373974,0.00273513
24.22,9.24515,9.22915,-3.98636,-4.02434,48.44,48.4656,-2.39696,-2.41381,-5.5248,-5.49681,2,1.97695,-0.325231,-0.339705,-0.125845,-0.131722,0.785766,0.783904,-0.0457233,-0.0695641,0.182214,0.20954,0.00372302,0.00267688
24.23,9.22101,9.2045,-4.04154,-4.07935,48.46,48.4854,-2.42927,-2.44763,-5.50993,-5.48142,2,1.97686,-0.325686,-0.340286,-0.124028,-0.129779,0.785803,0.784035,-0.0452146,-0.0683824,0.181228,0.209514,0.00370623,0.00261605
24.24,9.19656,9.17951,-4.09656,-4.13421,48.48,48.5053,-2.46149,-2.48136,-5.49491,-5.46585,2,1.97678,-0.326135,-0.340848,-0.12222,-0.127829,0.78584,0.78417,-0.0447599,-0.0672315,0.180273,0.209474,0.00368935,0.0025527
24.25,9.17178,9.1542,-4.15143,-4.18892,48.5,48.5251,-2.4936,-2.51502,-5.47973,-5.45012,2,1.97671,-0.326581,-0.341391,-0.120422,-0.125874,0.785877,0.784308,-0.0443576,-0.0661064,0.179354,0.209423,0.00367239,0.00248707
24.26,9.14669,9.12856,-4.20615,-4.24349,48.52,48.5449,-2.52562,-2.5486,-5.46439,-5.43422,2,1.97666,-0.327023,-0.341917,-0.118633,-0.123911,0.785913,0.78445,-0.0440061,-0.0650095,0.178471,0.209362,0.00365536,0.00241901
24.27,9.12127,9.10258,-4.26072,-4.2979,48.54,48.5647,-2.55755,-2.5821,-5.4489,-5.41815,2,1.97661,-0.327461,-0.342424,-0.116853,-0.121943,0.78595,0.784594,-0.0437037,-0.0639386,0.177628,0.209291,0.00363825,0.00234861
24.28,9.09554,9.07629,-4.31513,-4.35217,48.56,48.5845,-2.58938,-2.61551,-5.43326,-5.40192,2,1.97659,-0.327897,-0.342914,-0.11508,-0.119968,0.785986,0.784743,-0.0434487,-0.0628927,0.176826,0.209213,0.00362106,0.00227613
24.29,9.06949,9.04966,-4.36939,-4.40629,48.58,48.6042,-2.62111,-2.64884,-5.41747,-5.38552,2,1.97657,-0.32833,-0.343386,-0.113316,-0.117986,0.786022,0.784894,-0.0432391,-0.061874,0.176068,0.209125,0.00360379,0.00220153
24.3,9.04312,9.02272,-4.42348,-4.46024,48.6,48.624,-2.65275,-2.68208,-5.40152,-5.36896,2,1.97657,-0.328762,-0.34384,-0.111559,-0.115999,0.786058,0.785049,-0.0430731,-0.0608772,0.175355,0.209032,0.00358645,0.00212489
24.31,9.01643,8.99545,-4.47742,-4.51404,48.62,48.6438,-2.6843,-2.71524,-5.38543,-5.35224,2,1.97657,-0.329192,-0.344278,-0.109809,-0.114005,0.786094,0.785206,-0.0429486,-0.0599053,0.17469,0.20893,0.00356903,0.00204623
24.32,8.98943,8.96786,-4.53119,-4.5677,48.64,48.6635,-2.71575,-2.74831,-5.36918,-5.33535,2,1.97659,-0.329621,-0.344699,-0.108065,-0.112005,0.786129,0.785367,-0.0428636,-0.0589554,0.174075,0.208824,0.00355155,0.00196579
24.33,8.96212,8.93995,-4.5848,-4.6212,48.66,48.6833,-2.74711,-2.78129,-5.35279,-5.3183,2,1.97663,-0.330049,-0.345104,-0.106327,-0.109999,0.786165,0.78553,-0.042816,-0.0580285,0.17351,0.208712,0.00353399,0.00188366
24.34,8.93449,8.91172,-4.63824,-4.67454,48.68,48.703,-2.77838,-2.81418,-5.33624,-5.30109,2,1.97667,-0.330478,-0.345492,-0.104594,-0.107986,0.7862,0.785695,-0.0428035,-0.0571225,0.172998,0.208596,0.00351636,0.00179985
24.35,8.90655,8.88317,-4.69152,-4.72771,48.7,48.7228,-2.80956,-2.84697,-5.31954,-5.28372,2,1.97673,-0.330906,-0.345864,-0.102867,-0.105967,0.786235,0.785863,-0.0428238,-0.0562356,0.17254,0.208475,0.00349865,0.0017145
24.36,8.8783,8.85431,-4.74463,-4.78073,48.72,48.7425,-2.84064,-2.87967,-5.3027,-5.2662,2,1.97679,-0.331334,-0.34622,-0.101143,-0.103942,0.78627,0.786033,-0.0428747,-0.0553701,0.172138,0.208352,0.00348088,0.00162767
24.37,8.84974,8.82513,-4.79758,-4.83358,48.74,48.7622,-2.87164,-2.91227,-5.28571,-5.24851,2,1.97687,-0.331763,-0.34656,-0.0994239,-0.10191,0.786305,0.786206,-0.0429539,-0.0545222,0.171793,0.208228,0.00346305,0.00153952
24.38,8.82087,8.79565,-4.85035,-4.88626,48.76,48.782,-2.90255,-2.94477,-5.26856,-5.23067,2,1.97696,-0.332193,-0.346886,-0.0977074,-0.0998725,0.786339,0.78638,-0.0430588,-0.0536913,0.171506,0.208101,0.00344514,0.00145015
24.39,8.79169,8.76585,-4.90295,-4.93878,48.78,48.8017,-2.93336,-2.97717,-5.25127,-5.21267,2,1.97706,-0.332624,-0.347196,-0.0959936,-0.0978287,0.786374,0.786556,-0.0431871,-0.0528776,0.171277,0.207976,0.00342717,0.00135967
24.4,8.7622,8.73574,-4.95537,-4.99113,48.8,48.8214,-2.96409,-3.00946,-5.23383,-5.19451,2,1.97717,-0.333057,-0.347491,-0.0942817,-0.0957788,0.786408,0.786734,-0.0433363,-0.052079,0.171109,0.207851,0.00340914,0.00126816
24.41,8.7324,8.70532,-5.00762,-5.04332,48.82,48.8411,-2.99472,-3.04165,-5.21625,-5.1762,2,1.97729,-0.333491,-0.347772,-0.0925712,-0.0937224,0.786442,0.786913,-0.0435039,-0.0512952,0.171002,0.207727,0.00339104,0.00117578
24.42,8.7023,8.67459,-5.0597,-5.09532,48.84,48.8608,-3.02527,-3.07373,-5.19851,-5.15774,2,1.97742,-0.333927,-0.348039,-0.0908614,-0.0916603,0.786476,0.787094,-0.0436872,-0.0505247,0.170957,0.207603,0.00337287,0.00108269
24.43,8.6719,8.64355,-5.11159,-5.14716,48.86,48.8805,-3.05573,-3.1057,-5.18062,-5.13912,2,1.97756,-0.334365,-0.348292,-0.0891518,-0.089592,0.786509,0.787276,-0.0438839,-0.0497667,0.170974,0.207485,0.00335465,0.000988964
24.44,8.64119,8.61221,-5.16331,-5.19881,48.88,48.9002,-3.0861,-3.13755,-5.16259,-5.12035,2,1.97771,-0.334805,-0.348531,-0.0874417,-0.0875176,0.786543,0.787458,-0.0440912,-0.0490195,0.171053,0.207367,0.00333636,0.000894703
24.45,8.61018,8.58057,-5.21484,-5.25029,48.9,48.9199,-3.11639,-3.16929,-5.1444,-5.10142,2,1.97787,-0.335247,-0.348756,-0.0857305,-0.0854372,0.786576,0.787642,-0.0443067,-0.0482811,0.171196,0.207258,0.00331801,0.000799954
24.46,8.57886,8.54863,-5.2662,-5.30157,48.92,48.9396,-3.14658,-3.20091,-5.12607,-5.08235,2,1.97804,-0.335691,-0.348968,-0.0840176,-0.0833513,0.786609,0.787826,-0.0445276,-0.047553,0.171401,0.207152,0.00329961,0.000705063
24.47,8.54725,8.51638,-5.31737,-5.35267,48.94,48.9593,-3.17669,-3.23241,-5.10759,-5.06312,2,1.97821,-0.336137,-0.349167,-0.0823023,-0.0812591,0.786642,0.788011,-0.0447514,-0.0468319,0.171671,0.20705,0.00328114,0.000609912
24.48,8.51533,8.48383,-5.36835,-5.40359,48.96,48.979,-3.20671,-3.26378,-5.08895,-5.04374,2,1.9784,-0.336586,-0.349354,-0.080584,-0.079161,0.786675,0.788196,-0.0449755,-0.0461185,0.172003,0.206958,0.00326262,0.000514731
24.49,8.48311,8.45098,-5.41914,-5.45432,48.98,48.9987,-3.23664,-3.29504,-5.07016,-5.02421,2,1.97859,-0.337037,-0.349528,-0.078862,-0.0770571,0.786707,0.788382,-0.0451973,-0.0454094,0.172399,0.206872,0.00324404,0.000419624
24.5,8.4506,8.41784,-5.46975,-5.50486,49,49.0184,-3.26649,-3.32616,-5.05123,-5.00454,2,1.97879,-0.33749,-0.34969,-0.0771358,-0.0749476,0.78674,0.788567,-0.0454142,-0.0447048,0.172858,0.206793,0.00322541,0.000324789
24.51,8.41778,8.38439,-5.52017,-5.5552,49.02,49.0381,-3.29625,-3.35715,-5.03214,-4.98471,2,1.97899,-0.337945,-0.34984,-0.0754047,-0.0728322,0.786772,0.788752,-0.0456236,-0.0440022,0.17338,0.206725,0.00320672,0.000230208
24.52,8.38467,8.35065,-5.57039,-5.60535,49.04,49.0578,-3.32592,-3.38802,-5.0129,-4.96473,2,1.97921,-0.338402,-0.349979,-0.073668,-0.070711,0.786804,0.788937,-0.045823,-0.0433037,0.173964,0.206666,0.00318798,0.000136107
24.53,8.35126,8.31661,-5.62043,-5.65529,49.06,49.0774,-3.3555,-3.41874,-4.9935,-4.9446,2,1.97943,-0.338862,-0.350106,-0.0719252,-0.0685844,0.786836,0.789121,-0.0460098,-0.0426052,0.174609,0.206619,0.00316919,4.25652e-05
24.54,8.31756,8.28228,-5.67026,-5.70504,49.08,49.0971,-3.38499,-3.44933,-4.97395,-4.92433,2,1.97965,-0.339323,-0.350221,-0.0701756,-0.0664521,0.786867,0.789305,-0.0461815,-0.0419054,0.175315,0.20658,0.00315035,-5.03324e-05
24.55,8.28356,8.24766,-5.7199,-5.75457,49.1,49.1168,-3.4144,-3.47977,-4.95425,-4.90391,2,1.97989,-0.339785,-0.350327,-0.0684187,-0.0643147,0.786899,0.789487,-0.0463356,-0.0412043,0.176081,0.206555,0.00313145,-0.00014241
24.56,8.24927,8.21274,-5.76935,-5.8039,49.12,49.1365,-3.44372,-3.51008,-4.93439,-4.88334,2,1.98012,-0.340249,-0.35042,-0.0666538,-0.0621713,0.78693,0.789669,-0.0464698,-0.040501,0.176906,0.20654,0.00311251,-0.000233594
24.57,8.21469,8.17753,-5.81859,-5.85302,49.14,49.1562,-3.47294,-3.54024,-4.91437,-4.86262,2,1.98037,-0.340715,-0.350504,-0.0648804,-0.0600225,0.786961,0.789849,-0.0465815,-0.0397937,0.177789,0.206541,0.00309351,-0.000323795
24.58,8.17982,8.14202,-5.86763,-5.90194,49.16,49.1759,-3.50208,-3.57025,-4.8942,-4.84175,2,1.98062,-0.341181,-0.350578,-0.0630978,-0.0578681,0.786992,0.790028,-0.0466685,-0.039081,0.178729,0.206551,0.00307447,-0.000412844
24.59,8.14465,8.10623,-5.91647,-5.95063,49.18,49.1956,-3.53113,-3.60011,-4.87387,-4.82073,2,1.98087,-0.341648,-0.350642,-0.0613056,-0.0557087,0.787022,0.790206,-0.0467284,-0.0383618,0.179724,0.20658,0.00305538,-0.00050072
24.6,8.10919,8.07015,-5.96511,-5.99912,49.2,49.2152,-3.56009,-3.62983,-4.85339,-4.79957,2,1.98113,-0.342115,-0.350695,-0.0595032,-0.0535436,0.787053,0.790382,-0.046759,-0.0376347,0.180773,0.206621,0.00303625,-0.000587296
24.61,8.07345,8.03377,-6.01354,-6.04738,49.22,49.235,-3.58896,-3.65939,-4.83274,-4.77825,2,1.98139,-0.342583,-0.35074,-0.05769,-0.0513735,0.787083,0.790556,-0.046758,-0.0369022,0.181875,0.206678,0.00301707,-0.000672434
24.62,8.03741,7.99711,-6.06177,-6.09542,49.24,49.2547,-3.61773,-3.68879,-4.81193,-4.75679,2,1.98166,-0.34305,-0.350774,-0.0558655,-0.0491982,0.787113,0.790727,-0.0467234,-0.0361579,0.183027,0.20675,0.00299785,-0.000755992
24.63,8.00109,7.96016,-6.10978,-6.14323,49.26,49.2743,-3.64642,-3.71804,-4.79097,-4.73519,2,1.98193,-0.343517,-0.3508,-0.0540292,-0.0470181,0.787143,0.790897,-0.0466531,-0.0354045,0.184229,0.206836,0.00297858,-0.000838038
24.64,7.96449,7.92292,-6.15758,-6.19083,49.28,49.2941,-3.67501,-3.74713,-4.76984,-4.71343,2,1.9822,-0.343983,-0.350817,-0.0521807,-0.0448324,0.787173,0.791065,-0.046545,-0.0346388,0.185478,0.20694,0.00295928,-0.000918455
24.65,7.92759,7.8854,-6.20518,-6.2382,49.3,49.3138,-3.7035,-3.77606,-4.74855,-4.69153,2,1.98248,-0.344448,-0.350825,-0.0503195,-0.0426416,0.787202,0.791229,-0.0463973,-0.0338625,0.186773,0.20706,0.00293993,-0.000997022
24.66,7.89042,7.84758,-6.25255,-6.28535,49.32,49.3335,-3.73191,-3.80482,-4.7271,-4.66947,2,1.98275,-0.344911,-0.350824,-0.0484451,-0.040446,0.787232,0.791392,-0.046208,-0.0330714,0.188111,0.207198,0.00292054,-0.00107387
24.67,7.85296,7.80948,-6.29972,-6.33226,49.34,49.3532,-3.76021,-3.83343,-4.70548,-4.64727,2,1.98304,-0.345372,-0.350815,-0.0465572,-0.0382456,0.787261,0.791552,-0.0459753,-0.0322651,0.189491,0.207352,0.00290111,-0.00114875
24.68,7.81521,7.77109,-6.34666,-6.37894,49.36,49.3729,-3.78842,-3.86187,-4.68369,-4.62491,2,1.98332,-0.34583,-0.350798,-0.0446552,-0.0360398,0.78729,0.791708,-0.0456977,-0.0314457,0.19091,0.207524,0.00288165,-0.00122178
24.69,7.77719,7.73241,-6.39339,-6.42539,49.38,49.3927,-3.81653,-3.89014,-4.66175,-4.60241,2,1.98361,-0.346286,-0.350772,-0.0427388,-0.0338295,0.787318,0.791862,-0.0453733,-0.0306089,0.192366,0.207714,0.00286214,-0.00129275
24.7,7.73888,7.69345,-6.4399,-6.47161,49.4,49.4124,-3.84454,-3.91824,-4.63963,-4.57976,2,1.9839,-0.346738,-0.350739,-0.0408078,-0.0316142,0.787347,0.792013,-0.0450008,-0.0297564,0.193856,0.207919,0.0028426,-0.00136163
24.71,7.7003,7.65421,-6.48618,-6.51758,49.42,49.4322,-3.87245,-3.94617,-4.61735,-4.55696,2,1.98419,-0.347186,-0.350697,-0.0388616,-0.0293947,0.787375,0.79216,-0.0445787,-0.0288879,0.195379,0.208142,0.00282303,-0.00142841
24.72,7.66143,7.61468,-6.53224,-6.56333,49.44,49.452,-3.90026,-3.97394,-4.5949,-4.534,2,1.98448,-0.347629,-0.350648,-0.0369001,-0.0271702,0.787403,0.792304,-0.0441055,-0.0279995,0.196932,0.208385,0.00280342,-0.00149312
24.73,7.62229,7.57486,-6.57808,-6.60884,49.46,49.4717,-3.92797,-4.00153,-4.57228,-4.51089,2,1.98477,-0.348068,-0.350592,-0.0349229,-0.0249407,0.787431,0.792445,-0.0435801,-0.0270926,0.198512,0.208643,0.00278377,-0.00155567
24.74,7.58287,7.53476,-6.62369,-6.6541,49.48,49.4915,-3.95557,-4.02895,-4.54949,-4.48764,2,1.98506,-0.348501,-0.350528,-0.0329298,-0.0227074,0.787459,0.792582,-0.0430013,-0.0261667,0.200117,0.20892,0.0027641,-0.0016159
24.75,7.54318,7.49438,-6.66907,-6.69913,49.5,49.5114,-3.98307,-4.0562,-4.52653,-4.46423,2,1.98536,-0.348927,-0.350457,-0.0309205,-0.020469,0.787486,0.792715,-0.0423679,-0.0252202,0.201745,0.209213,0.00274439,-0.00167396
24.76,7.50321,7.45371,-6.71422,-6.74392,49.52,49.5312,-4.01045,-4.08328,-4.50339,-4.44066,2,1.98565,-0.349348,-0.350378,-0.0288948,-0.0182264,0.787514,0.792845,-0.0416791,-0.0242543,0.203391,0.209523,0.00272465,-0.00172979
24.77,7.46297,7.41276,-6.75914,-6.78847,49.54,49.551,-4.03773,-4.11018,-4.48009,-4.41695,2,1.98595,-0.349761,-0.350292,-0.0268526,-0.0159796,0.787541,0.792971,-0.0409339,-0.0232687,0.205055,0.20985,0.00270488,-0.00178343
24.78,7.42246,7.37153,-6.80382,-6.83277,49.56,49.5709,-4.0649,-4.13691,-4.45661,-4.39308,2,1.98624,-0.350166,-0.350199,-0.0247937,-0.0137287,0.787568,0.793093,-0.0401316,-0.0222602,0.206732,0.210191,0.00268509,-0.00183483
24.79,7.38167,7.33002,-6.84827,-6.87683,49.58,49.5907,-4.09196,-4.16346,-4.43296,-4.36906,2,1.98654,-0.350563,-0.350099,-0.0227179,-0.0114737,0.787595,0.793211,-0.0392715,-0.0212311,0.208421,0.210551,0.00266526,-0.00188391
24.8,7.34062,7.28824,-6.89248,-6.92063,49.6,49.6106,-4.1189,-4.18983,-4.40914,-4.34488,2,1.98683,-0.350951,-0.349992,-0.0206252,-0.009215,0.787621,0.793325,-0.038353,-0.0201781,0.210118,0.210924,0.00264541,-0.00193091
24.81,7.2993,7.24616,-6.93645,-6.96421,49.62,49.6305,-4.14573,-4.21603,-4.38514,-4.32055,2,1.98713,-0.35133,-0.349879,-0.0185155,-0.00695187,0.787648,0.793435,-0.0373757,-0.0191064,0.211821,0.211314,0.00262553,-0.00197553
24.82,7.25771,7.20381,-6.98018,-7.00753,49.64,49.6504,-4.17244,-4.24205,-4.36097,-4.29606,2,1.98742,-0.351699,-0.349758,-0.0163888,-0.00468505,0.787674,0.793541,-0.0363392,-0.0180099,0.213527,0.211717,0.00260562,-0.00201806
24.83,7.21585,7.16118,-7.02367,-7.0506,49.66,49.6704,-4.19903,-4.26789,-4.33662,-4.27143,2,1.98772,-0.352057,-0.34963,-0.014245,-0.00241459,0.7877,0.793643,-0.0352433,-0.0168909,0.215232,0.212135,0.00258569,-0.00205838
24.84,7.17373,7.11827,-7.06691,-7.09343,49.68,49.6904,-4.2255,-4.29356,-4.3121,-4.24663,2,1.98801,-0.352403,-0.349496,-0.0120841,-0.000140492,0.787725,0.79374,-0.0340879,-0.0157503,0.216935,0.212565,0.00256574,-0.00209653
24.85,7.13134,7.07509,-7.10991,-7.13601,49.7,49.7104,-4.25184,-4.31905,-4.2874,-4.22168,2,1.9883,-0.352738,-0.349355,-0.00990629,0.00213688,0.787751,0.793833,-0.0328728,-0.0145867,0.218632,0.213008,0.00254576,-0.00213267
24.86,7.08869,7.03163,-7.15266,-7.17834,49.72,49.7303,-4.27807,-4.34437,-4.26252,-4.19657,2,1.9886,-0.353061,-0.349207,-0.00771153,0.00441771,0.787776,0.793922,-0.0315982,-0.0134012,0.220319,0.213462,0.00252577,-0.00216675
24.87,7.04578,6.9879,-7.19516,-7.22043,49.74,49.7504,-4.30416,-4.3695,-4.23747,-4.17131,2,1.98889,-0.35337,-0.349052,-0.00549994,0.00670164,0.787802,0.794006,-0.0302642,-0.0121902,0.221996,0.213929,0.00250575,-0.0021988
24.88,7.00261,6.94391,-7.23741,-7.26225,49.76,49.7704,-4.33012,-4.39445,-4.21223,-4.1459,2,1.98917,-0.353666,-0.34889,-0.00327166,0.00898778,0.787826,0.794086,-0.0288711,-0.0109581,0.223657,0.214404,0.00248571,-0.00222891
24.89,6.95918,6.89964,-7.2794,-7.30382,49.78,49.7905,-4.35595,-4.41923,-4.18683,-4.12033,2,1.98946,-0.353947,-0.348722,-0.00102685,0.0112774,0.787851,0.794162,-0.0274192,-0.0097046,0.225302,0.214889,0.00246565,-0.0022572
24.9,6.91549,6.8551,-7.32114,-7.34515,49.8,49.8106,-4.38165,-4.44383,-4.16124,-4.09461,2,1.98975,-0.354214,-0.348546,0.00123431,0.0135696,0.787876,0.794233,-0.0259092,-0.00842632,0.226926,0.215381,0.00244557,-0.00228355
24.91,6.87154,6.8103,-7.36263,-7.38622,49.82,49.8307,-4.40721,-4.46825,-4.13548,-4.06873,2,1.99003,-0.354465,-0.348364,0.00351159,0.0158643,0.7879,0.7943,-0.0243415,-0.00712932,0.228527,0.21588,0.00242548,-0.00230826
24.92,6.82734,6.76523,-7.40385,-7.42704,49.84,49.8508,-4.43264,-4.4925,-4.10953,-4.04269,2,1.99031,-0.354701,-0.348175,0.00580477,0.0181612,0.787924,0.794362,-0.0227168,-0.00580812,0.230103,0.216387,0.00240537,-0.00233121
24.93,6.78289,6.7199,-7.44482,-7.46759,49.86,49.871,-4.45792,-4.51656,-4.08342,-4.0165,2,1.9906,-0.354919,-0.347979,0.00811356,0.02046,0.787948,0.79442,-0.021036,-0.0044669,0.23165,0.216898,0.00238524,-0.0023526
24.94,6.73819,6.67431,-7.48552,-7.5079,49.88,49.8912,-4.48307,-4.54044,-4.05712,-3.99016,2,1.99087,-0.355121,-0.347776,0.0104377,0.0227609,0.787972,0.794474,-0.0192998,-0.00310374,0.233166,0.217414,0.0023651,-0.00237246
24.95,6.69323,6.62846,-7.52596,-7.54794,49.9,49.9114,-4.50806,-4.56415,-4.03064,-3.96367,2,1.99115,-0.355305,-0.347565,0.0127768,0.025063,0.787996,0.794523,-0.0175094,-0.00172163,0.234648,0.217931,0.00234495,-0.00239078
24.96,6.64803,6.58236,-7.56613,-7.58772,49.92,49.9316,-4.53291,-4.58767,-4.00399,-3.93703,2,1.99143,-0.355471,-0.347348,0.0151305,0.0273666,0.788019,0.794568,-0.0156657,-0.00031615,0.236094,0.218452,0.00232478,-0.00240789
24.97,6.60257,6.53601,-7.60604,-7.62724,49.94,49.9518,-4.55761,-4.61101,-3.97717,-3.91023,2,1.9917,-0.355618,-0.347123,0.0174985,0.0296714,0.788042,0.794608,-0.0137699,0.00110745,0.237501,0.218974,0.0023046,-0.00242358
24.98,6.55687,6.4894,-7.64568,-7.6665,49.96,49.9721,-4.58216,-4.63418,-3.95016,-3.88329,2,1.99197,-0.355746,-0.346891,0.0198804,0.0319774,0.788065,0.794644,-0.0118233,0.00255131,0.238867,0.219492,0.00228441,-0.00243819
24.99,6.51093,6.44255,-7.68504,-7.70549,49.98,49.9924,-4.60656,-4.65716,-3.92298,-3.85619,2,1.99223,-0.355855,-0.346652,0.0222757,0.0342836,0.788088,0.794675,-0.00982714,0.00401282,0.240188,0.220011,0.0022642,-0.00245171
25,6.46474,6.39545,-7.72414,-7.74422,50,50.0127,-4.63079,-4.67996,-3.89562,-3.82895,2,1.9925,-0.355943,-0.346405,0.024684,0.0365906,0.78811,0.794702,-0.00778295,0.00549387,0.241464,0.220527,0.00224399,-0.00246415
25.01,6.41831,6.34812,-7.76295,-7.78268,50.02,50.033,-4.65487,-4.70259,-3.86809,-3.80155,2,1.99276,-0.35601,-0.346151,0.0271048,0.0388976,0.788133,0.794725,-0.00569219,0.00699102,0.242692,0.221037,0.00222377,-0.00247576
25.02,6.37165,6.30054,-7.8015,-7.82087,50.04,50.0533,-4.67879,-4.72502,-3.84039,-3.77401,2,1.99302,-0.356056,-0.345889,0.0295377,0.0412045,0.788155,0.794744,-0.00355645,0.00850546,0.243868,0.221543,0.00220354,-0.00248648
25.03,6.32474,6.25273,-7.83976,-7.85879,50.06,50.0737,-4.70254,-4.74728,-3.8125,-3.74633,2,1.99328,-0.356081,-0.345619,0.031982,0.0435109,0.788177,0.794758,-0.00137738,0.0100367,0.244993,0.222041,0.0021833,-0.00249653
25.04,6.2776,6.20469,-7.87775,-7.89644,50.08,50.0941,-4.72613,-4.76935,-3.78445,-3.7185,2,1.99353,-0.356084,-0.345342,0.0344373,0.0458168,0.788198,0.794768,0.000843279,0.0115848,0.246062,0.222534,0.00216306,-0.00250595
25.05,6.23022,6.15643,-7.91545,-7.9338,50.1,50.1145,-4.74955,-4.79124,-3.75623,-3.69053,2,1.99378,-0.356064,-0.345056,0.0369031,0.0481211,0.78822,0.794774,0.00310374,0.0131454,0.247075,0.223015,0.00214281,-0.00251492
25.06,6.18261,6.10793,-7.95287,-7.97089,50.12,50.1349,-4.7728,-4.81295,-3.72783,-3.66242,2,1.99403,-0.356022,-0.344763,0.0393786,0.0504247,0.788241,0.794776,0.00540214,0.0147228,0.24803,0.223486,0.00212256,-0.0025234
25.07,6.13476,6.05922,-7.99001,-8.00771,50.14,50.1553,-4.79588,-4.83447,-3.69926,-3.63417,2,1.99427,-0.355956,-0.344461,0.0418635,0.0527266,0.788262,0.794774,0.00773654,0.0163126,0.248924,0.223946,0.0021023,-0.00253152
25.08,6.08669,6.01028,-8.02685,-8.04424,50.16,50.1757,-4.81878,-4.85581,-3.67052,-3.60578,2,1.99451,-0.355867,-0.344151,0.0443569,0.0550267,0.788283,0.794767,0.010105,0.0179169,0.249756,0.224393,0.00208204,-0.00253939
25.09,6.03839,5.96113,-8.06342,-8.08049,50.18,50.1962,-4.8415,-4.87696,-3.64162,-3.57725,2,1.99475,-0.355754,-0.343833,0.0468584,0.0573248,0.788304,0.794757,0.0125054,0.0195309,0.250525,0.224824,0.00206178,-0.0025472
25.1,5.98986,5.91177,-8.09969,-8.11645,50.2,50.2166,-4.86405,-4.89792,-3.61254,-3.54858,2,1.99499,-0.355617,-0.343506,0.0493672,0.0596205,0.788325,0.794742,0.0149357,0.0211589,0.251229,0.225241,0.00204152,-0.00255491
25.11,5.94111,5.8622,-8.13567,-8.15213,50.22,50.2371,-4.88641,-4.9187,-3.5833,-3.51978,2,1.99522,-0.355455,-0.343171,0.0518827,0.0619133,0.788345,0.794724,0.0173937,0.0227956,0.251867,0.225643,0.00202125,-0.00256267
25.12,5.89213,5.81243,-8.17135,-8.18751,50.24,50.2575,-4.90859,-4.93929,-3.5539,-3.49085,2,1.99544,-0.355269,-0.342827,0.0544043,0.0642033,0.788365,0.794702,0.0198773,0.0244417,0.252437,0.226025,0.00200099,-0.00257055
25.13,5.84294,5.76247,-8.20674,-8.2226,50.26,50.278,-4.93058,-4.95969,-3.52433,-3.46179,2,1.99567,-0.355057,-0.342474,0.0569312,0.0664892,0.788385,0.794676,0.0223843,0.026098,0.252938,0.226388,0.00198072,-0.00257869
25.14,5.79352,5.7123,-8.24184,-8.2574,50.28,50.2985,-4.95238,-4.9799,-3.4946,-3.43259,2,1.99589,-0.354821,-0.342113,0.0594628,0.0687721,0.788405,0.794647,0.0249124,0.0277632,0.25337,0.226731,0.00196046,-0.00258709
25.15,5.74389,5.66193,-8.27664,-8.2919,50.3,50.3189,-4.97399,-4.99992,-3.46471,-3.40327,2,1.9961,-0.354559,-0.341742,0.0619984,0.0710512,0.788424,0.794613,0.0274592,0.0294347,0.253731,0.227053,0.0019402,-0.00259595
25.16,5.69404,5.61137,-8.31113,-8.32611,50.32,50.3394,-4.99541,-5.01975,-3.43466,-3.37382,2,1.99632,-0.354272,-0.341362,0.0645372,0.0733262,0.788443,0.794576,0.0300226,0.0311136,0.254021,0.227354,0.00191995,-0.00260517
25.17,5.64398,5.56063,-8.34533,-8.36001,50.34,50.3599,-5.01663,-5.03939,-3.40445,-3.34424,2,1.99652,-0.353959,-0.340973,0.0670786,0.0755967,0.788462,0.794536,0.0326001,0.0327989,0.254238,0.227631,0.0018997,-0.00261499
25.18,5.59371,5.5097,-8.37922,-8.3936,50.36,50.3804,-5.03765,-5.05884,-3.37409,-3.31454,2,1.99673,-0.35362,-0.340575,0.0696217,0.0778624,0.788481,0.794492,0.0351894,0.0344883,0.254383,0.227885,0.00187945,-0.00262543
25.19,5.54323,5.45859,-8.41281,-8.4269,50.38,50.4009,-5.05848,-5.0781,-3.34357,-3.28472,2,1.99693,-0.353255,-0.340166,0.072166,0.080123,0.7885,0.794444,0.0377882,0.036182,0.254454,0.228111,0.00185921,-0.00263659
25.2,5.49254,5.4073,-8.44609,-8.45989,50.4,50.4213,-5.0791,-5.09717,-3.3129,-3.25478,2,1.99713,-0.352864,-0.339749,0.0747106,0.0823784,0.788519,0.794393,0.040394,0.0378805,0.254452,0.228313,0.00183898,-0.00264851
25.21,5.44165,5.35585,-8.47907,-8.49256,50.42,50.4418,-5.09952,-5.11603,-3.28208,-3.22472,2,1.99732,-0.352447,-0.339322,0.0772548,0.084628,0.788537,0.794339,0.0430044,0.0395818,0.254376,0.228486,0.00181875,-0.00266124
25.22,5.39055,5.30421,-8.51173,-8.52492,50.44,50.4623,-5.11973,-5.13471,-3.25111,-3.19454,2,1.99751,-0.352004,-0.338885,0.0797979,0.0868719,0.788555,0.794281,0.0456171,0.0412857,0.254226,0.228633,0.00179853,-0.00267488
25.23,5.33925,5.25241,-8.54409,-8.55697,50.46,50.4827,-5.13974,-5.15319,-3.21999,-3.16424,2,1.99769,-0.351534,-0.338438,0.0823391,0.08911,0.788573,0.794221,0.0482297,0.04299,0.254002,0.228751,0.00177832,-0.00268946
25.24,5.28776,5.20043,-8.57613,-8.58871,50.48,50.5032,-5.15954,-5.17148,-3.18873,-3.13383,2,1.99787,-0.351039,-0.337981,0.0848776,0.0913419,0.788591,0.794157,0.0508397,0.0446964,0.253704,0.228838,0.00175812,-0.00270509
25.25,5.23606,5.1483,-8.60786,-8.62013,50.5,50.5236,-5.17913,-5.18957,-3.15733,-3.1033,2,1.99805,-0.350518,-0.337515,0.0874129,0.093567,0.788608,0.79409,0.0534449,0.0464022,0.253332,0.228897,0.00173793,-0.00272178
25.26,5.18418,5.096,-8.63928,-8.65123,50.52,50.544,-5.1985,-5.20746,-3.12578,-3.07266,2,1.99822,-0.34997,-0.337038,0.089944,0.0957853,0.788625,0.79402,0.0560428,0.0481052,0.252886,0.228925,0.00171776,-0.00273947
25.27,5.13209,5.04355,-8.67038,-8.68201,50.54,50.5645,-5.21766,-5.22516,-3.0941,-3.04191,2,1.99838,-0.349397,-0.336551,0.0924704,0.0979968,0.788642,0.793947,0.0586311,0.0498099,0.252367,0.228919,0.00169759,-0.00275841
25.28,5.07982,4.99093,-8.70116,-8.71248,50.56,50.5849,-5.2366,-5.24266,-3.06228,-3.01104,2,1.99855,-0.348798,-0.336054,0.0949911,0.100201,0.788659,0.793871,0.0612075,0.0515114,0.251776,0.228884,0.00167744,-0.00277848
25.29,5.02736,4.93817,-8.73162,-8.74261,50.58,50.6053,-5.25533,-5.25996,-3.03032,-2.98007,2,1.9987,-0.348173,-0.335545,0.0975056,0.102398,0.788676,0.793792,0.0637697,0.0532093,0.251113,0.228814,0.0016573,-0.00279984
25.3,4.97472,4.88526,-8.76177,-8.77242,50.6,50.6256,-5.27384,-5.27707,-2.99823,-2.949,2,1.99886,-0.347522,-0.335027,0.100013,0.104587,0.788692,0.793711,0.0663154,0.054904,0.250378,0.228714,0.00163717,-0.00282243
25.31,4.92189,4.83219,-8.79159,-8.8019,50.62,50.646,-5.29213,-5.29397,-2.96602,-2.91781,2,1.99901,-0.346847,-0.334498,0.102513,0.106769,0.788709,0.793627,0.0688424,0.0565959,0.249573,0.228578,0.00161706,-0.0028463
25.32,4.86888,4.77897,-8.82109,-8.83106,50.64,50.6663,-5.31019,-5.31068,-2.93367,-2.88652,2,1.99915,-0.346146,-0.333959,0.105004,0.108942,0.788725,0.793541,0.0713485,0.0582805,0.248699,0.228409,0.00159697,-0.00287156
25.33,4.81568,4.72561,-8.85026,-8.85989,50.66,50.6867,-5.32803,-5.32719,-2.9012,-2.85512,2,1.99929,-0.34542,-0.333409,0.107487,0.111108,0.788741,0.793451,0.0738315,0.0599638,0.247756,0.228206,0.00157689,-0.00289807
25.34,4.76232,4.67209,-8.87911,-8.88839,50.68,50.707,-5.34565,-5.3435,-2.86861,-2.82362,2,1.99943,-0.344669,-0.332848,0.109959,0.113265,0.788756,0.79336,0.0762893,0.0616388,0.246745,0.227968,0.00155683,-0.00292598
25.35,4.70877,4.61844,-8.90763,-8.91656,50.7,50.7273,-5.36304,-5.35961,-2.83589,-2.79201,2,1.99956,-0.343894,-0.332276,0.112421,0.115415,0.788772,0.793266,0.0787199,0.0633076,0.245669,0.227696,0.00153678,-0.00295524
25.36,4.65505,4.56465,-8.93583,-8.9444,50.72,50.7476,-5.38021,-5.37552,-2.80306,-2.76031,2,1.99969,-0.343095,-0.331693,0.114872,0.117555,0.788787,0.793169,0.0811212,0.0649697,0.244527,0.227388,0.00151676,-0.00298585
25.37,4.60117,4.51071,-8.96369,-8.97191,50.74,50.7678,-5.39715,-5.39124,-2.77011,-2.7285,2,1.99982,-0.342272,-0.331099,0.117312,0.119687,0.788802,0.793071,0.0834912,0.0666227,0.243322,0.227045,0.00149675,-0.00301794
25.38,4.54711,4.45665,-8.99123,-8.99908,50.76,50.7881,-5.41386,-5.40675,-2.73705,-2.6966,2,1.99993,-0.341425,-0.330494,0.119739,0.12181,0.788817,0.79297,0.0858281,0.0682694,0.242055,0.226669,0.00147677,-0.00305134
25.39,4.49289,4.40243,-9.01843,-9.02592,50.78,50.8083,-5.43034,-5.42206,-2.70388,-2.66459,2,2.00005,-0.340555,-0.329879,0.122153,0.123924,0.788832,0.792867,0.08813,0.0699059,0.240728,0.226256,0.00145681,-0.00308616
25.4,4.43851,4.34809,-9.04531,-9.05242,50.8,50.8285,-5.44658,-5.43718,-2.6706,-2.63248,2,2.00016,-0.339663,-0.329252,0.124553,0.126029,0.788846,0.792762,0.0903951,0.0715353,0.239342,0.225809,0.00143686,-0.00312234
25.41,4.38396,4.2936,-9.07185,-9.07859,50.82,50.8487,-5.4626,-5.4521,-2.63722,-2.60027,2,2.00027,-0.338747,-0.328613,0.126939,0.128125,0.78886,0.792656,0.0926217,0.0731537,0.237899,0.225326,0.00141694,-0.00315989
25.42,4.32926,4.23899,-9.09805,-9.10443,50.84,50.8688,-5.47839,-5.46681,-2.60373,-2.56797,2,2.00037,-0.33781,-0.327964,0.129311,0.130212,0.788874,0.792547,0.0948081,0.0747623,0.2364,0.224808,0.00139704,-0.00319877
25.43,4.27439,4.18424,-9.12392,-9.12992,50.86,50.889,-5.49394,-5.48133,-2.57014,-2.53556,2,2.00047,-0.336851,-0.327303,0.131667,0.13229,0.788888,0.792436,0.0969527,0.0763606,0.234848,0.224255,0.00137717,-0.00323903
25.44,4.21938,4.12935,-9.14945,-9.15509,50.88,50.9091,-5.50926,-5.49565,-2.53646,-2.50306,2,2.00057,-0.335871,-0.326631,0.134008,0.134359,0.788902,0.792324,0.0990541,0.0779471,0.233245,0.22367,0.00135732,-0.0032807
25.45,4.16421,4.07434,-9.17465,-9.17991,50.9,50.9292,-5.52434,-5.50978,-2.50268,-2.47047,2,2.00066,-0.33487,-0.325948,0.136332,0.136418,0.788915,0.79221,0.101111,0.0795212,0.231592,0.223045,0.0013375,-0.00332366
25.46,4.10889,4.0192,-9.19951,-9.2044,50.92,50.9493,-5.53919,-5.5237,-2.4688,-2.43779,2,2.00074,-0.333849,-0.325253,0.138639,0.138467,0.788929,0.792095,0.103121,0.0810864,0.229891,0.222391,0.0013177,-0.00336785
25.47,4.05343,3.96393,-9.22402,-9.22855,50.94,50.9694,-5.55381,-5.53742,-2.43484,-2.405,2,2.00083,-0.332808,-0.324547,0.14093,0.140508,0.788942,0.791978,0.105084,0.0826383,0.228145,0.221701,0.00129793,-0.00341328
25.48,3.99782,3.90852,-9.2482,-9.25237,50.96,50.9894,-5.56819,-5.55095,-2.40079,-2.37212,2,2.00091,-0.331748,-0.32383,0.143202,0.142539,0.788955,0.79186,0.106999,0.0841765,0.226356,0.220977,0.00127818,-0.00345992
25.49,3.94206,3.853,-9.27204,-9.27584,50.98,51.0095,-5.58233,-5.56428,-2.36665,-2.33915,2,2.00098,-0.330668,-0.3231,0.145456,0.14456,0.788967,0.79174,0.108864,0.0857019,0.224525,0.22022,0.00125846,-0.00350788
25.5,3.88617,3.79734,-9.29554,-9.29898,51,51.0295,-5.59624,-5.57741,-2.33243,-2.30608,2,2.00106,-0.329571,-0.32236,0.147692,0.146572,0.78898,0.791619,0.110678,0.0872159,0.222656,0.219429,0.00123878,-0.00355688
25.51,3.83014,3.74155,-9.31869,-9.32178,51.02,51.0495,-5.60991,-5.59035,-2.29814,-2.27293,2,2.00113,-0.328455,-0.321608,0.149909,0.148573,0.788992,0.791497,0.11244,0.0887133,0.22075,0.218609,0.00121912,-0.00360702
25.52,3.77397,3.68564,-9.3415,-9.34425,51.04,51.0695,-5.62335,-5.60309,-2.26376,-2.23968,2,2.00119,-0.327322,-0.320845,0.152107,0.150566,0.789004,0.791374,0.11415,0.0901987,0.21881,0.217753,0.00119949,-0.0036583
25.53,3.71767,3.62961,-9.36396,-9.36638,51.06,51.0894,-5.63655,-5.61564,-2.22931,-2.20634,2,2.00125,-0.326172,-0.32007,0.154286,0.152549,0.789016,0.791249,0.115806,0.091667,0.216838,0.216868,0.00117989,-0.00371052
25.54,3.66124,3.57344,-9.38608,-9.38817,51.08,51.1094,-5.64951,-5.62799,-2.19479,-2.1729,2,2.00131,-0.325006,-0.319283,0.156444,0.154522,0.789028,0.791124,0.117408,0.0931245,0.214837,0.215952,0.00116032,-0.00376383
25.55,3.60468,3.51717,-9.40786,-9.40961,51.1,51.1293,-5.66224,-5.64014,-2.1602,-2.13939,2,2.00137,-0.323824,-0.318485,0.158582,0.156486,0.789039,0.790998,0.118956,0.0945642,0.212808,0.215006,0.00114078,-0.00381807
25.56,3.548,3.46077,-9.42929,-9.43073,51.12,51.1492,-5.67473,-5.65209,-2.12554,-2.10578,2,2.00143,-0.322627,-0.317676,0.1607,0.158439,0.789051,0.790871,0.120448,0.0959889,0.210755,0.214029,0.00112128,-0.0038731
25.57,3.49119,3.40424,-9.45037,-9.4515,51.14,51.1692,-5.68699,-5.66386,-2.09081,-2.07208,2,2.00148,-0.321415,-0.316855,0.162797,0.160384,0.789062,0.790743,0.121885,0.0973986,0.208679,0.213023,0.00110181,-0.00392911
25.58,3.43426,3.34759,-9.4711,-9.47194,51.16,51.1891,-5.69901,-5.67543,-2.05603,-2.03829,2,2.00153,-0.32019,-0.316022,0.164874,0.162319,0.789073,0.790615,0.123265,0.0987914,0.206583,0.211991,0.00108237,-0.00398578
25.59,3.37721,3.29082,-9.49149,-9.49204,51.18,51.2089,-5.7108,-5.6868,-2.02118,-2.00441,2,2.00157,-0.31895,-0.315178,0.166929,0.164244,0.789083,0.790486,0.124589,0.100169,0.20447,0.210928,0.00106297,-0.00404322
25.6,3.32004,3.23394,-9.51153,-9.5118,51.2,51.2288,-5.72235,-5.69798,-1.98628,-1.97045,2,2.00162,-0.317698,-0.314322,0.168963,0.166159,0.789094,0.790357,0.125857,0.101529,0.202342,0.209839,0.0010436,-0.00410132
25.61,3.26276,3.17693,-9.53121,-9.53123,51.22,51.2487,-5.73367,-5.70897,-1.95132,-1.9364,2,2.00166,-0.316433,-0.313455,0.170976,0.168065,0.789104,0.790228,0.127068,0.102874,0.200202,0.208724,0.00102427,-0.00416005
25.62,3.20537,3.11981,-9.55055,-9.55032,51.24,51.2685,-5.74476,-5.71977,-1.91631,-1.90226,2,2.0017,-0.315157,-0.312576,0.172967,0.169961,0.789114,0.790098,0.128222,0.1042,0.198051,0.207584,0.00100497,-0.00421934
25.63,3.14787,3.06258,-9.56954,-9.56906,51.26,51.2884,-5.75561,-5.73037,-1.88125,-1.86805,2,2.00173,-0.313869,-0.311686,0.174937,0.171848,0.789124,0.789968,0.12932,0.10551,0.195893,0.20642,0.000985713,-0.00427907
25.64,3.09026,3.00522,-9.58818,-9.58748,51.28,51.3082,-5.76623,-5.74078,-1.84614,-1.83374,2,2.00177,-0.312571,-0.310785,0.176885,0.173725,0.789134,0.789837,0.130361,0.106802,0.193729,0.205231,0.000966491,-0.00433927
25.65,3.03255,2.94775,-9.60646,-9.60555,51.3,51.328,-5.77662,-5.751,-1.81098,-1.79936,2,2.00181,-0.311262,-0.309872,0.178811,0.175592,0.789144,0.789707,0.131347,0.108077,0.191563,0.204017,0.000947308,-0.00439976
25.66,2.97473,2.89017,-9.6244,-9.62329,51.32,51.3478,-5.78678,-5.76102,-1.77578,-1.76489,2,2.00184,-0.309944,-0.308947,0.180716,0.177451,0.789153,0.789577,0.132277,0.109334,0.189397,0.202783,0.000928164,-0.00446054
25.67,2.91681,2.83248,-9.64198,-9.64068,51.34,51.3676,-5.7967,-5.77086,-1.74054,-1.73034,2,2.00187,-0.308617,-0.308012,0.182599,0.179299,0.789162,0.789447,0.133151,0.110574,0.187232,0.201528,0.000909059,-0.00452159
25.68,2.8588,2.77468,-9.65921,-9.65774,51.36,51.3875,-5.8064,-5.7805,-1.70526,-1.69571,2,2.0019,-0.307281,-0.307065,0.184461,0.181139,0.789171,0.789317,0.133971,0.111796,0.185072,0.200251,0.000889994,-0.00458279
25.69,2.80068,2.71677,-9.67608,-9.67447,51.38,51.4073,-5.81587,-5.78995,-1.66994,-1.661,2,2.00193,-0.305937,-0.306106,0.186301,0.182968,0.78918,0.789187,0.134737,0.112999,0.182918,0.198956,0.000870969,-0.00464404
25.7,2.74248,2.65874,-9.69261,-9.69085,51.4,51.4271,-5.82511,-5.79922,-1.63459,-1.62621,2,2.00196,-0.304587,-0.305137,0.188119,0.184789,0.789189,0.789058,0.135449,0.114182,0.180773,0.19764,0.000851986,-0.00470531
25.71,2.68418,2.60063,-9.70878,-9.70689,51.42,51.4469,-5.83412,-5.80829,-1.59921,-1.59136,2,2.00199,-0.303229,-0.304156,0.189916,0.1866,0.789197,0.788929,0.136108,0.115349,0.17864,0.196309,0.000833044,-0.00476657
25.72,2.6258,2.54241,-9.72459,-9.72259,51.44,51.4666,-5.84291,-5.81717,-1.56379,-1.55642,2,2.00201,-0.301865,-0.303164,0.191692,0.188401,0.789205,0.788801,0.136716,0.116496,0.17652,0.194958,0.000814145,-0.00482768
25.73,2.56733,2.48408,-9.74005,-9.73796,51.46,51.4864,-5.85147,-5.82586,-1.52834,-1.52141,2,2.00204,-0.300495,-0.302161,0.193447,0.190194,0.789213,0.788674,0.137272,0.117625,0.174415,0.193595,0.000795289,-0.00488857
25.74,2.50877,2.42565,-9.75516,-9.75298,51.48,51.5062,-5.85981,-5.83436,-1.49287,-1.48632,2,2.00207,-0.299119,-0.301146,0.19518,0.191977,0.789221,0.788547,0.137779,0.118734,0.172328,0.192213,0.000776476,-0.00494921
25.75,2.45013,2.36712,-9.76991,-9.76766,51.5,51.526,-5.86793,-5.84266,-1.45737,-1.45116,2,2.00209,-0.297739,-0.300121,0.196893,0.19375,0.789229,0.788421,0.138237,0.119825,0.170261,0.19082,0.000757708,-0.00500944
25.76,2.39141,2.3085,-9.7843,-9.78201,51.52,51.5458,-5.87582,-5.85078,-1.42184,-1.41593,2,2.00212,-0.296355,-0.299085,0.198586,0.195515,0.789236,0.788297,0.138646,0.120895,0.168215,0.189412,0.000738984,-0.00506928
25.77,2.33261,2.24978,-9.79835,-9.79601,51.54,51.5656,-5.88349,-5.85871,-1.3863,-1.38064,2,2.00215,-0.294966,-0.298037,0.200258,0.19727,0.789244,0.788173,0.13901,0.121948,0.166194,0.187995,0.000720305,-0.00512869
25.78,2.27374,2.19097,-9.81203,-9.80967,51.56,51.5854,-5.89095,-5.86645,-1.35073,-1.34527,2,2.00217,-0.293575,-0.296979,0.20191,0.199016,0.789251,0.78805,0.139328,0.122982,0.164197,0.186563,0.000701672,-0.00518758
25.79,2.2148,2.13207,-9.82536,-9.82298,51.58,51.6052,-5.89818,-5.874,-1.31514,-1.30984,2,2.0022,-0.29218,-0.29591,0.203542,0.200753,0.789258,0.787928,0.139602,0.123993,0.162228,0.185122,0.000683086,-0.00524583
25.8,2.15578,2.0731,-9.83833,-9.83595,51.6,51.625,-5.9052,-5.88135,-1.27954,-1.27435,2,2.00223,-0.290783,-0.294831,0.205154,0.20248,0.789264,0.787808,0.139834,0.124988,0.160289,0.183674,0.000664546,-0.00530328
25.81,2.09669,2.01403,-9.85095,-9.84858,51.62,51.6448,-5.912,-5.88852,-1.24392,-1.2388,2,2.00226,-0.289383,-0.29374,0.206748,0.204198,0.789271,0.78769,0.140024,0.125963,0.15838,0.182217,0.000646054,-0.00535999
25.82,2.03754,1.95487,-9.86321,-9.86087,51.64,51.6646,-5.91858,-5.8955,-1.20829,-1.20318,2,2.00229,-0.287982,-0.292639,0.208322,0.205907,0.789277,0.787572,0.140175,0.126919,0.156504,0.18075,0.00062761,-0.00541599
25.83,1.97832,1.89564,-9.87512,-9.87281,51.66,51.6845,-5.92495,-5.90228,-1.17264,-1.1675,2,2.00232,-0.28658,-0.291528,0.209878,0.207607,0.789284,0.787456,0.140287,0.127856,0.154662,0.17928,0.000609214,-0.005471
25.84,1.91904,1.83633,-9.88666,-9.8844,51.68,51.7043,-5.93111,-5.90887,-1.13698,-1.13176,2,2.00235,-0.285177,-0.290405,0.211415,0.209298,0.78929,0.787342,0.140364,0.128771,0.152856,0.177804,0.000590868,-0.00552509
25.85,1.8597,1.77695,-9.89786,-9.89565,51.7,51.7241,-5.93705,-5.91528,-1.10131,-1.09598,2,2.00238,-0.283773,-0.289273,0.212935,0.21098,0.789295,0.78723,0.140405,0.129669,0.151086,0.176323,0.000572571,-0.00557814
25.86,1.8003,1.71748,-9.90869,-9.90654,51.72,51.744,-5.94279,-5.92149,-1.06564,-1.06013,2,2.00242,-0.282369,-0.28813,0.214437,0.212653,0.789301,0.78712,0.140414,0.130548,0.149355,0.174839,0.000554325,-0.00563012
25.87,1.74085,1.65796,-9.91917,-9.91709,51.74,51.7638,-5.94831,-5.92751,-1.02995,-1.02424,2,2.00245,-0.280965,-0.286976,0.215922,0.214316,0.789306,0.787011,0.140391,0.131408,0.147664,0.173353,0.000536129,-0.00568088
25.88,1.68134,1.59838,-9.92929,-9.92729,51.76,51.7837,-5.95362,-5.93333,-0.994258,-0.988296,2,2.00249,-0.279561,-0.285813,0.217391,0.21597,0.789312,0.786905,0.140339,0.132247,0.146014,0.171865,0.000517984,-0.00573048
25.89,1.62177,1.53872,-9.93905,-9.93714,51.78,51.8035,-5.95873,-5.93896,-0.95856,-0.952301,2,2.00253,-0.278158,-0.28464,0.218843,0.217615,0.789317,0.786801,0.140259,0.133068,0.144406,0.170379,0.000499891,-0.00577888
25.9,1.56216,1.479,-9.94846,-9.94664,51.8,51.8234,-5.96364,-5.9444,-0.922857,-0.916261,2,2.00257,-0.276756,-0.283456,0.220279,0.219251,0.789322,0.786699,0.140153,0.133869,0.14284,0.16889,0.000481851,-0.00582591
25.91,1.5025,1.41923,-9.95751,-9.95578,51.82,51.8433,-5.96833,-5.94965,-0.88715,-0.880177,2,2.00262,-0.275355,-0.282263,0.2217,0.220878,0.789326,0.786599,0.140023,0.134651,0.141319,0.167402,0.000463863,-0.00587158
25.92,1.4428,1.3594,-9.9662,-9.96457,51.84,51.8632,-5.97283,-5.95471,-0.851441,-0.844052,2,2.00266,-0.273956,-0.281059,0.223105,0.222496,0.789331,0.786502,0.139871,0.135416,0.139842,0.165919,0.000445929,-0.0059158
25.93,1.38305,1.29952,-9.97454,-9.97301,51.86,51.8831,-5.97712,-5.95957,-0.81573,-0.807885,2,2.00271,-0.272558,-0.279846,0.224497,0.224105,0.789335,0.786407,0.139699,0.136163,0.138411,0.164438,0.000428048,-0.00595858
25.94,1.32325,1.23959,-9.98252,-9.98109,51.88,51.903,-5.9812,-5.96423,-0.780018,-0.77168,2,2.00276,-0.271162,-0.278623,0.225874,0.225705,0.78934,0.786315,0.139509,0.136889,0.137027,0.16296,0.000410222,-0.00599988
25.95,1.26342,1.17961,-9.99014,-9.98881,51.9,51.9229,-5.98509,-5.9687,-0.744306,-0.735437,2,2.00281,-0.269768,-0.27739,0.227237,0.227296,0.789344,0.786225,0.139303,0.137599,0.135689,0.161487,0.00039245,-0.00603961
25.96,1.20355,1.1196,-9.9974,-9.99618,51.92,51.9428,-5.98878,-5.97297,-0.708595,-0.699172,2,2.00287,-0.268376,-0.276148,0.228588,0.228878,0.789347,0.786138,0.139082,0.138291,0.134399,0.16002,0.000374734,-0.00607772
25.97,1.14365,1.05955,-10.0043,-10.0032,51.94,51.9628,-5.99227,-5.97705,-0.672885,-0.662867,2,2.00292,-0.266986,-0.274897,0.229925,0.23045,0.789351,0.786054,0.138849,0.138963,0.133156,0.15856,0.000357073,-0.00611418
25.98,1.08371,0.99945,-10.0109,-10.0098,51.96,51.9827,-5.99556,-5.98093,-0.637177,-0.62653,2,2.00298,-0.265599,-0.273636,0.231251,0.232014,0.789355,0.785973,0.138607,0.13962,0.131962,0.157108,0.000339469,-0.00614901
25.99,1.02374,0.939319,-10.0171,-10.0161,51.98,52.0027,-5.99866,-5.98461,-0.601471,-0.590165,2,2.00305,-0.264214,-0.272365,0.232565,0.233568,0.789358,0.785896,0.138355,0.140259,0.130816,0.155662,0.000321921,-0.0061821
26,0.963735,0.879162,-10.0229,-10.022,52,52.0227,-6.00156,-5.9881,-0.565769,-0.553778,2,2.00311,-0.262832,-0.271086,0.233867,0.235114,0.789361,0.785821,0.138098,0.14088,0.129719,0.154225,0.000304431,-0.0062135
26.01,0.903706,0.818974,-10.0284,-10.0276,52.02,52.0426,-6.00426,-5.99138,-0.530071,-0.517363,2,2.00318,-0.261452,-0.269797,0.235159,0.236651,0.789364,0.785749,0.137836,0.141484,0.12867,0.152796,0.000286998,-0.00624317
26.02,0.843651,0.75876,-10.0335,-10.0328,52.04,52.0626,-6.00677,-5.99447,-0.494377,-0.480929,2,2.00325,-0.260075,-0.268499,0.236441,0.238178,0.789367,0.785681,0.137573,0.142073,0.12767,0.151377,0.000269623,-0.00627099
26.03,0.783571,0.698529,-10.0383,-10.0376,52.06,52.0827,-6.00909,-5.99736,-0.458688,-0.444476,2,2.00332,-0.2587,-0.267193,0.237713,0.239696,0.789369,0.785615,0.137309,0.142645,0.126719,0.149969,0.000252307,-0.00629708
26.04,0.723469,0.638275,-10.0427,-10.0421,52.08,52.1026,-6.01122,-6.00005,-0.423004,-0.408003,2,2.0034,-0.257329,-0.265877,0.238975,0.241205,0.789372,0.785554,0.137047,0.143204,0.125816,0.148575,0.00023505,-0.00632139
26.05,0.663347,0.578019,-10.0467,-10.0462,52.1,52.1227,-6.01315,-6.00253,-0.387326,-0.371524,2,2.00348,-0.25596,-0.264554,0.240229,0.242705,0.789374,0.785496,0.136788,0.143744,0.124961,0.147187,0.000217853,-0.00634385
26.06,0.603207,0.517742,-10.0504,-10.0499,52.12,52.1427,-6.0149,-6.00482,-0.351654,-0.335025,2,2.00356,-0.254593,-0.263221,0.241475,0.244197,0.789376,0.785441,0.136535,0.144269,0.124153,0.145815,0.000200715,-0.00636452
26.07,0.54305,0.457451,-10.0538,-10.0532,52.14,52.1628,-6.01645,-6.0069,-0.315988,-0.298513,2,2.00364,-0.253229,-0.261879,0.242713,0.245679,0.789378,0.78539,0.13629,0.144782,0.123393,0.144455,0.000183638,-0.00638339
26.08,0.482879,0.397154,-10.0567,-10.0562,52.16,52.1828,-6.01782,-6.00878,-0.280329,-0.261992,2,2.00373,-0.251867,-0.260529,0.243943,0.247152,0.78938,0.785343,0.136054,0.145277,0.12268,0.143108,0.000166622,-0.00640038
26.09,0.422694,0.336851,-10.0594,-10.0588,52.18,52.2029,-6.019,-6.01046,-0.244677,-0.225462,2,2.00382,-0.250508,-0.259171,0.245166,0.248617,0.789381,0.785299,0.135829,0.145762,0.122013,0.141775,0.000149667,-0.00641563
26.1,0.362499,0.276547,-10.0616,-10.0611,52.2,52.223,-6.01999,-6.01193,-0.209032,-0.188928,2,2.00392,-0.24915,-0.257804,0.246383,0.250072,0.789383,0.785259,0.135617,0.146231,0.121392,0.140456,0.000132774,-0.00642901
26.11,0.302295,0.216247,-10.0635,-10.0629,52.22,52.243,-6.02079,-6.0132,-0.173395,-0.15239,2,2.00401,-0.247795,-0.256429,0.247594,0.251518,0.789384,0.785223,0.13542,0.146688,0.120815,0.139152,0.000115943,-0.00644066
26.12,0.242084,0.155945,-10.0651,-10.0644,52.24,52.2631,-6.0214,-6.01426,-0.137765,-0.115847,2,2.00411,-0.246442,-0.255046,0.2488,0.252955,0.789385,0.785191,0.13524,0.147133,0.120282,0.137861,9.91742e-05,-0.00645045
26.13,0.181868,0.0956683,-10.0663,-10.0655,52.26,52.2832,-6.02183,-6.01512,-0.102143,-0.079316,2,2.00421,-0.24509,-0.253655,0.25,0.254383,0.789386,0.785163,0.135078,0.147566,0.119792,0.136587,8.24687e-05,-0.00645853
26.14,0.121648,0.0353828,-10.0671,-10.0663,52.28,52.3034,-6.02208,-6.01577,-0.0665288,-0.042775,2,2.00431,-0.24374,-0.252255,0.251196,0.255802,0.789387,0.785139,0.134936,0.147987,0.119344,0.135327,6.58265e-05,-0.00646491
26.15,0.061427,-0.0248868,-10.0676,-10.0666,52.3,52.3235,-6.02213,-6.01622,-0.0309231,-0.00624039,2,2.00442,-0.242392,-0.250849,0.252387,0.257213,0.789387,0.78512,0.134816,0.148396,0.118937,0.134084,4.92481e-05,-0.00646959
26.16,0.00120614,-0.0851438,-10.0678,-10.0666,52.32,52.3436,-6.02201,-6.01645,0.00467441,0.03029,2,2.00453,-0.241044,-0.249433,0.253575,0.258614,0.789388,0.785104,0.134718,0.148796,0.118569,0.132856,3.2734e-05,-0.00647247
26.17,-0.0590125,-0.145386,-10.0675,-10.0662,52.34,52.3637,-6.0217,-6.01648,0.0402634,0.0668145,2,2.00464,-0.239697,-0.248011,0.254759,0.260006,0.789388,0.785092,0.134646,0.149186,0.118241,0.131643,1.62844e-05,-0.00647387
26.18,-0.119227,-0.205605,-10.067,-10.0654,52.36,52.3839,-6.0212,-6.0163,0.0758439,0.103329,2,2.00475,-0.238351,-0.24658,0.25594,0.26139,0.789388,0.785085,0.134599,0.149567,0.117949,0.130447,-1.00108e-07,-0.00647356
26.19,-0.179436,-0.265808,-10.066,-10.0643,52.38,52.404,-6.02052,-6.01591,0.111416,0.139836,2,2.00487,-0.237005,-0.245142,0.257118,0.262764,0.789388,0.785082,0.13458,0.149938,0.117694,0.129266,-1.64192e-05,-0.00647172
26.2,-0.239637,-0.325984,-10.0647,-10.0627,52.4,52.4242,-6.01965,-6.01531,0.146979,0.176328,2,2.00499,-0.235659,-0.243697,0.258294,0.26413,0.789388,0.785084,0.13459,0.150302,0.117473,0.128104,-3.26725e-05,-0.00646844
26.21,-0.299828,-0.386127,-10.0631,-10.0608,52.42,52.4444,-6.01861,-6.01451,0.182533,0.212803,2,2.00511,-0.234313,-0.242244,0.259467,0.265487,0.789387,0.785089,0.134629,0.150657,0.117285,0.126958,-4.88597e-05,-0.00646364
26.22,-0.360008,-0.446257,-10.0611,-10.0585,52.44,52.4645,-6.01737,-6.01349,0.218078,0.249273,2,2.00523,-0.232967,-0.240783,0.260639,0.266835,0.789387,0.785099,0.1347,0.151005,0.117129,0.125825,-6.49802e-05,-0.0064574
26.23,-0.420175,-0.506352,-10.0587,-10.0558,52.46,52.4847,-6.01596,-6.01226,0.253614,0.285722,2,2.00535,-0.231619,-0.239315,0.26181,0.268174,0.789386,0.785114,0.134804,0.151346,0.117003,0.124712,-8.10338e-05,-0.00644987
26.24,-0.480327,-0.566425,-10.056,-10.0528,52.48,52.5049,-6.01436,-6.01082,0.289141,0.322161,2,2.00548,-0.23027,-0.23784,0.262979,0.269504,0.789385,0.785133,0.134941,0.151683,0.116906,0.123613,-9.70201e-05,-0.00644093
26.25,-0.540462,-0.626458,-10.0529,-10.0493,52.5,52.5251,-6.01257,-6.00916,0.324659,0.358577,2,2.0056,-0.22892,-0.236357,0.264148,0.270826,0.789384,0.785156,0.135112,0.152012,0.116835,0.122532,-0.000112939,-0.00643086
26.26,-0.600578,-0.686463,-10.0495,-10.0455,52.52,52.5453,-6.0106,-6.0073,0.360167,0.394976,2,2.00573,-0.227568,-0.234867,0.265316,0.272139,0.789383,0.785184,0.135319,0.152339,0.11679,0.121467,-0.000128789,-0.00641969
26.27,-0.660673,-0.746423,-10.0457,-10.0413,52.54,52.5655,-6.00845,-6.00522,0.395666,0.43135,2,2.00586,-0.226214,-0.23337,0.266484,0.273443,0.789382,0.785216,0.135563,0.152661,0.116768,0.120417,-0.000144571,-0.00640728
26.28,-0.720746,-0.806353,-10.0416,-10.0367,52.56,52.5857,-6.00611,-6.00293,0.431155,0.467707,2,2.00599,-0.224857,-0.231867,0.267652,0.274738,0.78938,0.785253,0.135843,0.152978,0.116767,0.119381,-0.000160285,-0.00639387
26.29,-0.780795,-0.866239,-10.0371,-10.0317,52.58,52.6059,-6.00359,-6.00043,0.466634,0.504037,2,2.00612,-0.223497,-0.230356,0.268819,0.276025,0.789378,0.785294,0.136162,0.153292,0.116787,0.118364,-0.000175929,-0.00637967
26.3,-0.840817,-0.926074,-10.0323,-10.0263,52.6,52.6261,-6.00088,-5.99771,0.502104,0.540338,2,2.00626,-0.222133,-0.228838,0.269987,0.277303,0.789376,0.78534,0.136518,0.153603,0.116825,0.117359,-0.000191504,-0.00636445
26.31,-0.900812,-0.985877,-10.0271,-10.0206,52.62,52.6463,-5.99799,-5.99478,0.537564,0.576619,2,2.00639,-0.220766,-0.227313,0.271156,0.278572,0.789374,0.78539,0.136914,0.153913,0.116879,0.116373,-0.000207009,-0.00634844
26.32,-0.960777,-1.04564,-10.0215,-10.0145,52.64,52.6666,-5.99491,-5.99164,0.573013,0.612875,2,2.00653,-0.219395,-0.225782,0.272325,0.279834,0.789372,0.785445,0.13735,0.154222,0.116947,0.115401,-0.000222443,-0.00633172
26.33,-1.02071,-1.10536,-10.0156,-10.008,52.66,52.6868,-5.99165,-5.98828,0.608452,0.649106,2,2.00666,-0.218019,-0.224243,0.273495,0.281086,0.78937,0.785504,0.137825,0.154532,0.117028,0.114443,-0.000237808,-0.00631448
26.34,-1.08061,-1.16502,-10.0093,-10.0011,52.68,52.707,-5.9882,-5.98471,0.64388,0.685304,2,2.0068,-0.216638,-0.222697,0.274666,0.28233,0.789368,0.785568,0.138341,0.15484,0.117119,0.113498,-0.000253101,-0.00629655
26.35,-1.14047,-1.22465,-10.0027,-9.9938,52.7,52.7272,-5.98456,-5.98093,0.679298,0.721476,2,2.00693,-0.215252,-0.221145,0.275837,0.283565,0.789365,0.785636,0.138897,0.155149,0.117219,0.112568,-0.000268323,-0.00627828
26.36,-1.2003,-1.28421,-9.99575,-9.98615,52.72,52.7475,-5.98073,-5.97693,0.714704,0.757614,2,2.00707,-0.21386,-0.219587,0.27701,0.284792,0.789362,0.785709,0.139494,0.155458,0.117326,0.111652,-0.000283474,-0.00625952
26.37,-1.26009,-1.34373,-9.98843,-9.97812,52.74,52.7677,-5.97672,-5.97271,0.750099,0.793725,2,2.0072,-0.212462,-0.218021,0.278184,0.28601,0.789359,0.785786,0.140132,0.155768,0.117437,0.11075,-0.000298553,-0.00624055
26.38,-1.31983,-1.40319,-9.98075,-9.96971,52.76,52.7879,-5.97252,-5.96828,0.785482,0.829795,2,2.00734,-0.211057,-0.216449,0.279359,0.28722,0.789356,0.785868,0.140811,0.156082,0.117551,0.109858,-0.00031356,-0.00622139
26.39,-1.37954,-1.4626,-9.97272,-9.96092,52.78,52.8082,-5.96812,-5.96364,0.820853,0.865838,2,2.00747,-0.209646,-0.21487,0.280535,0.288421,0.789353,0.785954,0.14153,0.156398,0.117666,0.108981,-0.000328495,-0.00620216
26.4,-1.4392,-1.52197,-9.96434,-9.95175,52.8,52.8284,-5.96354,-5.95878,0.856212,0.90185,2,2.00761,-0.208227,-0.213285,0.281712,0.289614,0.78935,0.786044,0.142291,0.156716,0.11778,0.108117,-0.000343356,-0.0061829
26.41,-1.49881,-1.58127,-9.9556,-9.9422,52.82,52.8486,-5.95877,-5.95371,0.891557,0.937826,2,2.00774,-0.2068,-0.211692,0.282891,0.290799,0.789346,0.786139,0.143091,0.15704,0.117891,0.107264,-0.000358145,-0.00616371
26.42,-1.55837,-1.64052,-9.9465,-9.93227,52.84,52.8689,-5.9538,-5.94843,0.92689,0.973768,2,2.00788,-0.205365,-0.210093,0.28407,0.291975,0.789343,0.786238,0.143932,0.157367,0.117996,0.106419,-0.00037286,-0.00614475
26.43,-1.61788,-1.69971,-9.93706,-9.92197,52.86,52.8891,-5.94865,-5.94293,0.962208,1.00967,2,2.00801,-0.203921,-0.208488,0.28525,0.293143,0.789339,0.786341,0.144812,0.157698,0.118095,0.105588,-0.000387502,-0.006126
26.44,-1.67734,-1.75885,-9.92726,-9.9113,52.88,52.9093,-5.9433,-5.93721,0.997513,1.04554,2,2.00814,-0.202468,-0.206876,0.286432,0.294303,0.789335,0.786448,0.145732,0.158035,0.118186,0.104768,-0.00040207,-0.00610763
26.45,-1.73675,-1.81792,-9.91711,-9.90024,52.9,52.9296,-5.93775,-5.93128,1.0328,1.08137,2,2.00827,-0.201006,-0.205257,0.287614,0.295455,0.789331,0.78656,0.146691,0.158378,0.118265,0.103955,-0.000416564,-0.00608976
26.46,-1.7961,-1.87692,-9.9066,-9.88882,52.92,52.9498,-5.93201,-5.92514,1.06808,1.11716,2,2.0084,-0.199534,-0.203632,0.288797,0.296598,0.789326,0.786675,0.147688,0.158725,0.118332,0.103152,-0.000430983,-0.00607243
26.47,-1.85539,-1.93587,-9.89575,-9.87702,52.94,52.97,-5.92608,-5.91879,1.10333,1.15292,2,2.00852,-0.198052,-0.202001,0.289981,0.297733,0.789322,0.786795,0.148722,0.159081,0.118385,0.10236,-0.000445327,-0.00605571
26.48,-1.91462,-1.99476,-9.88454,-9.86486,52.96,52.9903,-5.91995,-5.91222,1.13858,1.18863,2,2.00865,-0.19656,-0.200362,0.291165,0.29886,0.789318,0.786919,0.149794,0.159443,0.118421,0.101575,-0.000459596,-0.00603983
26.49,-1.97379,-2.05358,-9.87298,-9.85232,52.98,53.0105,-5.91362,-5.90544,1.1738,1.22431,2,2.00877,-0.195056,-0.198717,0.292349,0.299979,0.789313,0.787046,0.150901,0.159813,0.11844,0.100797,-0.00047379,-0.00602469
26.5,-2.03289,-2.11233,-9.86106,-9.83941,53,53.0307,-5.90709,-5.89845,1.20901,1.25994,2,2.00889,-0.193542,-0.197065,0.293533,0.301089,0.789308,0.787178,0.152043,0.160189,0.118438,0.100027,-0.000487909,-0.00601063
26.51,-2.09193,-2.17102,-9.8488,-9.82613,53.02,53.0509,-5.90036,-5.89124,1.24419,1.29553,2,2.00901,-0.192015,-0.195407,0.294718,0.302192,0.789303,0.787313,0.15322,0.160574,0.118416,0.0992644,-0.000501951,-0.00599751
26.52,-2.1509,-2.22964,-9.83618,-9.81249,53.04,53.0712,-5.89344,-5.88382,1.27936,1.33108,2,2.00912,-0.190477,-0.193742,0.295902,0.303286,0.789298,0.787451,0.15443,0.160969,0.11837,0.0985079,-0.000515918,-0.00598545
26.53,-2.20979,-2.2882,-9.82321,-9.79848,53.06,53.0914,-5.88631,-5.87619,1.31451,1.36659,2,2.00924,-0.188927,-0.192071,0.297085,0.304372,0.789293,0.787594,0.155671,0.161368,0.1183,0.0977562,-0.000529808,-0.00597464
26.54,-2.26862,-2.34668,-9.80989,-9.78411,53.08,53.1116,-5.87898,-5.86835,1.34963,1.40205,2,2.00935,-0.187364,-0.190393,0.298268,0.30545,0.789287,0.78774,0.156944,0.161777,0.118204,0.0970117,-0.000543622,-0.0059651
26.55,-2.32737,-2.40508,-9.79622,-9.76938,53.1,53.1318,-5.87145,-5.8603,1.38473,1.43746,2,2.00945,-0.185788,-0.188708,0.299449,0.30652,0.789282,0.787889,0.158247,0.162198,0.11808,0.0962697,-0.000557358,-0.00595693
26.56,-2.38605,-2.46342,-9.78219,-9.75429,53.12,53.152,-5.86371,-5.85204,1.41981,1.47284,2,2.00956,-0.184199,-0.187017,0.300629,0.307581,0.789276,0.788042,0.159578,0.162627,0.117927,0.0955333,-0.000571018,-0.00595024
26.57,-2.44465,-2.52169,-9.76782,-9.73884,53.14,53.1722,-5.85577,-5.84357,1.45487,1.50816,2,2.00966,-0.182596,-0.185319,0.301808,0.308635,0.78927,0.788198,0.160936,0.163066,0.117743,0.0948027,-0.0005846,-0.0059451
26.58,-2.50316,-2.57988,-9.7531,-9.72302,53.16,53.1924,-5.84762,-5.83489,1.4899,1.54345,2,2.00976,-0.18098,-0.183613,0.302984,0.309681,0.789265,0.788357,0.16232,0.163512,0.117527,0.0940714,-0.000598105,-0.00594163
26.59,-2.5616,-2.638,-9.73802,-9.70685,53.18,53.2126,-5.83927,-5.826,1.5249,1.57868,2,2.00985,-0.17935,-0.181901,0.304158,0.310719,0.789259,0.78852,0.163729,0.163971,0.117278,0.0933437,-0.000611532,-0.00593973
26.6,-2.61995,-2.69603,-9.7226,-9.69033,53.2,53.2328,-5.8307,-5.8169,1.55987,1.61387,2,2.00994,-0.177705,-0.180183,0.305329,0.311748,0.789252,0.788685,0.16516,0.164438,0.116994,0.0926209,-0.000624881,-0.00593967
26.61,-2.67821,-2.75399,-9.70682,-9.67345,53.22,53.253,-5.82193,-5.80759,1.59482,1.64901,2,2.01003,-0.176046,-0.178457,0.306498,0.312769,0.789246,0.788853,0.166613,0.164915,0.116675,0.0918971,-0.000638152,-0.00594149
26.62,-2.73639,-2.81187,-9.6907,-9.65622,53.24,53.2732,-5.81295,-5.79808,1.62973,1.6841,2,2.01012,-0.174373,-0.176724,0.307663,0.313782,0.78924,0.789023,0.168086,0.165404,0.116319,0.0911765,-0.000651344,-0.0059452
26.63,-2.79447,-2.86966,-9.67423,-9.63864,53.26,53.2934,-5.80376,-5.78836,1.66461,1.71913,2,2.0102,-0.172684,-0.174986,0.308824,0.314787,0.789233,0.789197,0.169578,0.165902,0.115925,0.0904567,-0.000664457,-0.0059509
26.64,-2.85246,-2.92737,-9.65741,-9.62071,53.28,53.3136,-5.79436,-5.77843,1.69946,1.75412,2,2.01027,-0.170981,-0.173239,0.309981,0.315784,0.789226,0.789373,0.171086,0.16641,0.115492,0.0897357,-0.000677492,-0.00595859
26.65,-2.91036,-2.985,-9.64024,-9.60244,53.3,53.3338,-5.78474,-5.7683,1.73428,1.78906,2,2.01035,-0.169263,-0.171486,0.311134,0.316773,0.789219,0.789551,0.172609,0.166929,0.11502,0.0890164,-0.000690448,-0.0059684
26.66,-2.96816,-3.04254,-9.62272,-9.58382,53.32,53.354,-5.77492,-5.75796,1.76906,1.82394,2,2.01041,-0.167529,-0.169725,0.312281,0.317753,0.789212,0.789731,0.174146,0.167457,0.114506,0.0882948,-0.000703324,-0.00598044
26.67,-3.02585,-3.09999,-9.60486,-9.56485,53.34,53.3742,-5.76487,-5.74742,1.8038,1.85878,2,2.01048,-0.16578,-0.167957,0.313424,0.318725,0.789205,0.789914,0.175694,0.167997,0.113951,0.0875723,-0.000716121,-0.00599464
26.68,-3.08345,-3.15736,-9.58665,-9.54554,53.36,53.3943,-5.75462,-5.73667,1.8385,1.89355,2,2.01054,-0.164015,-0.166182,0.31456,0.31969,0.789198,0.790098,0.177252,0.168546,0.113354,0.0868489,-0.000728838,-0.00601111
26.69,-3.14095,-3.21462,-9.56809,-9.52589,53.38,53.4145,-5.74414,-5.72572,1.87316,1.92827,2,2.0106,-0.162235,-0.1644,0.315691,0.320645,0.789191,0.790285,0.178819,0.169105,0.112715,0.0861233,-0.000741476,-0.0060299
26.7,-3.19833,-3.2718,-9.54919,-9.5059,53.4,53.4347,-5.73345,-5.71456,1.90778,1.96294,2,2.01065,-0.160439,-0.16261,0.316814,0.321593,0.789183,0.790473,0.180392,0.169674,0.112031,0.0853949,-0.000754033,-0.00605107
26.71,-3.25561,-3.32888,-9.52993,-9.48558,53.42,53.4548,-5.72255,-5.70321,1.94236,1.99754,2,2.01069,-0.158627,-0.160814,0.317931,0.322532,0.789176,0.790662,0.18197,0.170251,0.111304,0.0846652,-0.00076651,-0.00607468
26.72,-3.31278,-3.38586,-9.51034,-9.46492,53.44,53.475,-5.71142,-5.69165,1.97688,2.0321,2,2.01074,-0.156799,-0.15901,0.31904,0.323462,0.789168,0.790853,0.18355,0.17084,0.110533,0.083931,-0.000778907,-0.00610071
26.73,-3.36984,-3.44275,-9.4904,-9.44393,53.46,53.4952,-5.70008,-5.67989,2.01137,2.06659,2,2.01077,-0.154956,-0.157198,0.320142,0.324385,0.78916,0.791045,0.185132,0.171439,0.109717,0.0831925,-0.000791223,-0.00612922
26.74,-3.42679,-3.49953,-9.47011,-9.4226,53.48,53.5153,-5.68852,-5.66793,2.0458,2.10102,2,2.01081,-0.153097,-0.155379,0.321235,0.325298,0.789152,0.791238,0.186713,0.172045,0.108855,0.0824532,-0.000803458,-0.00616026
26.75,-3.48361,-3.55622,-9.44948,-9.40095,53.5,53.5355,-5.67673,-5.65577,2.08018,2.1354,2,2.01083,-0.151222,-0.153552,0.322319,0.326204,0.789144,0.791432,0.188291,0.172661,0.107949,0.081706,-0.000815612,-0.0061938
26.76,-3.54032,-3.61279,-9.42851,-9.37896,53.52,53.5556,-5.66473,-5.64341,2.11451,2.16971,2,2.01086,-0.149331,-0.151717,0.323393,0.3271,0.789136,0.791627,0.189865,0.173284,0.106997,0.0809559,-0.000827686,-0.00622992
26.77,-3.59691,-3.66926,-9.40719,-9.35665,53.54,53.5758,-5.6525,-5.63085,2.14878,2.20395,2,2.01087,-0.147424,-0.149875,0.324458,0.327989,0.789128,0.791823,0.191432,0.173916,0.106,0.0802001,-0.000839678,-0.00626862
26.78,-3.65337,-3.72562,-9.38553,-9.33401,53.56,53.5959,-5.64006,-5.6181,2.183,2.23814,2,2.01089,-0.145502,-0.148025,0.325513,0.328868,0.789119,0.792019,0.192992,0.174558,0.104958,0.0794386,-0.000851588,-0.0063099
26.79,-3.70971,-3.78186,-9.36353,-9.31105,53.58,53.616,-5.62739,-5.60514,2.21716,2.27225,2,2.0109,-0.143564,-0.146167,0.326557,0.329739,0.78911,0.792215,0.194541,0.175205,0.10387,0.0786721,-0.000863418,-0.00635391
26.8,-3.76592,-3.83799,-9.34119,-9.28777,53.6,53.6362,-5.6145,-5.59199,2.25126,2.3063,2,2.0109,-0.141611,-0.144302,0.32759,0.330601,0.789102,0.792411,0.196079,0.17586,0.102737,0.0778995,-0.000875165,-0.00640043
26.81,-3.822,-3.89401,-9.31851,-9.26416,53.62,53.6563,-5.60138,-5.57864,2.28529,2.34028,2,2.0109,-0.139643,-0.142428,0.328612,0.331454,0.789093,0.792607,0.197603,0.176523,0.101559,0.07712,-0.000886831,-0.00644961
26.82,-3.87794,-3.9499,-9.29548,-9.24024,53.64,53.6764,-5.58805,-5.5651,2.31926,2.37419,2,2.01089,-0.137659,-0.140546,0.329621,0.332298,0.789084,0.792803,0.199112,0.177192,0.100337,0.076333,-0.000898414,-0.00650143
26.83,-3.93376,-4.00568,-9.27212,-9.216,53.66,53.6965,-5.57449,-5.55136,2.35316,2.40804,2,2.01088,-0.135661,-0.138657,0.330619,0.333133,0.789075,0.792998,0.200604,0.177867,0.0990698,0.0755396,-0.000909916,-0.00655589
26.84,-3.98943,-4.06133,-9.24842,-9.19144,53.68,53.7167,-5.5607,-5.53743,2.387,2.44181,2,2.01086,-0.133647,-0.136758,0.331603,0.333959,0.789066,0.793192,0.202078,0.178548,0.0977592,0.07474,-0.000921335,-0.00661294
26.85,-4.04497,-4.11685,-9.22438,-9.16657,53.7,53.7368,-5.54669,-5.5233,2.42076,2.47551,2,2.01084,-0.131619,-0.134852,0.332574,0.334776,0.789057,0.793386,0.203531,0.179234,0.0964053,0.0739308,-0.000932672,-0.00667259
26.86,-4.10036,-4.17225,-9.20001,-9.14139,53.72,53.7569,-5.53246,-5.50898,2.45445,2.50913,2,2.01081,-0.129577,-0.132938,0.333531,0.335584,0.789047,0.793579,0.204961,0.179924,0.0950087,0.0731155,-0.000943927,-0.00673489
26.87,-4.15562,-4.22751,-9.17529,-9.11589,53.74,53.777,-5.518,-5.49446,2.48807,2.54268,2,2.01077,-0.12752,-0.131015,0.334474,0.336382,0.789038,0.79377,0.206368,0.180619,0.09357,0.0722909,-0.000955098,-0.00679975
26.88,-4.21072,-4.28263,-9.15024,-9.09009,53.76,53.7971,-5.50332,-5.47976,2.5216,2.57615,2,2.01073,-0.12545,-0.129084,0.335402,0.337171,0.789028,0.79396,0.20775,0.181317,0.0920899,0.0714577,-0.000966188,-0.00686716
26.89,-4.26568,-4.33761,-9.12486,-9.06397,53.78,53.8172,-5.48842,-5.46486,2.55506,2.60954,2,2.01069,-0.123365,-0.127144,0.336315,0.337951,0.789018,0.794148,0.209105,0.182019,0.0905692,0.070617,-0.000977194,-0.00693705
26.9,-4.32049,-4.39246,-9.09914,-9.03755,53.8,53.8373,-5.47329,-5.44977,2.58844,2.64286,2,2.01064,-0.121268,-0.125196,0.337213,0.338721,0.789009,0.794335,0.210431,0.182723,0.0890087,0.0697667,-0.000988117,-0.00700961
26.91,-4.37515,-4.44717,-9.07309,-9.01082,53.82,53.8574,-5.45793,-5.43448,2.62173,2.67609,2,2.01058,-0.119157,-0.123239,0.338095,0.339481,0.788999,0.794519,0.211727,0.18343,0.0874094,0.0689071,-0.000998957,-0.00708454
26.92,-4.42965,-4.50173,-9.04671,-8.98379,53.84,53.8775,-5.44235,-5.419,2.65493,2.70924,2,2.01052,-0.117033,-0.121273,0.338961,0.340232,0.788989,0.794701,0.212992,0.184137,0.0857721,0.0680373,-0.00100971,-0.00716197
26.93,-4.48399,-4.55615,-9.01999,-8.95645,53.86,53.8976,-5.42655,-5.40334,2.68805,2.74231,2,2.01045,-0.114897,-0.119298,0.339811,0.340973,0.788978,0.794881,0.214224,0.184847,0.0840978,0.0671587,-0.00102039,-0.00724177
26.94,-4.53818,-4.6104,-8.99295,-8.92881,53.88,53.9177,-5.41053,-5.38748,2.72107,2.77529,2,2.01038,-0.112749,-0.117315,0.340643,0.341703,0.788968,0.795058,0.215421,0.185557,0.0823877,0.0662723,-0.00103098,-0.00732396
26.95,-4.5922,-4.66451,-8.96557,-8.90088,53.9,53.9378,-5.39428,-5.37144,2.75401,2.80818,2,2.0103,-0.110589,-0.115323,0.341458,0.342424,0.788958,0.795232,0.216583,0.186268,0.0806429,0.0653736,-0.00104149,-0.00740845
26.96,-4.64606,-4.71844,-8.93787,-8.87264,53.92,53.9579,-5.37781,-5.3552,2.78684,2.84097,2,2.01022,-0.108417,-0.113323,0.342256,0.343135,0.788947,0.795403,0.217709,0.186977,0.0788645,0.0644676,-0.00105191,-0.00749519
26.97,-4.69976,-4.77223,-8.90984,-8.84411,53.94,53.9779,-5.36111,-5.33878,2.81958,2.87369,2,2.01013,-0.106235,-0.111313,0.343035,0.343835,0.788937,0.795571,0.218796,0.187683,0.0770537,0.063548,-0.00106225,-0.00758417
26.98,-4.75329,-4.82585,-8.88148,-8.81527,53.96,53.998,-5.3442,-5.32216,2.85222,2.90631,2,2.01004,-0.104041,-0.109294,0.343797,0.344525,0.788926,0.795735,0.219844,0.188389,0.0752119,0.0626206,-0.00107251,-0.00767535
26.99,-4.80664,-4.87931,-8.85279,-8.78614,53.98,54.0181,-5.32706,-5.30536,2.88476,2.93884,2,2.00994,-0.101838,-0.107266,0.34454,0.345204,0.788915,0.795896,0.220852,0.189092,0.0733402,0.061681,-0.00108268,-0.00776858
27,-4.85983,-4.9326,-8.82378,-8.75672,54,54.0382,-5.3097,-5.28836,2.91719,2.97127,2,2.00983,-0.0996245,-0.105229,0.345264,0.345873,0.788904,0.796052,0.221819,0.18979,0.0714401,0.0607322,-0.00109277,-0.00786395
27.01,-4.91284,-4.98571,-8.79445,-8.727,54.02,54.0582,-5.29213,-5.27118,2.94951,3.00361,2,2.00972,-0.0974016,-0.103182,0.345968,0.346531,0.788893,0.796205,0.222743,0.190487,0.069513,0.0597699,-0.00110277,-0.00796122
27.02,-4.96567,-5.03865,-8.76479,-8.69699,54.04,54.0783,-5.27433,-5.25381,2.98173,3.03584,2,2.0096,-0.0951698,-0.101127,0.346654,0.347179,0.788882,0.796353,0.223624,0.191179,0.0675602,0.0587988,-0.00111269,-0.00806049
27.03,-5.01832,-5.09141,-8.73481,-8.66668,54.06,54.0983,-5.25631,-5.23626,3.01384,3.06798,2,2.00948,-0.0929293,-0.0990621,0.347319,0.347815,0.788871,0.796497,0.224461,0.191866,0.0655833,0.0578158,-0.00112253,-0.00816163
27.04,-5.07079,-5.14399,-8.70452,-8.63608,54.08,54.1184,-5.23808,-5.21851,3.04583,3.10001,2,2.00935,-0.0906807,-0.0969876,0.347965,0.348441,0.78886,0.796636,0.225253,0.192546,0.0635838,0.0568227,-0.00113228,-0.00826455
27.05,-5.12308,-5.19638,-8.6739,-8.6052,54.1,54.1385,-5.21963,-5.20058,3.0777,3.13194,2,2.00921,-0.0884244,-0.0949045,0.348591,0.349055,0.788849,0.79677,0.226,0.193221,0.0615631,0.0558182,-0.00114195,-0.00836916
27.06,-5.17519,-5.24859,-8.64296,-8.57402,54.12,54.1585,-5.20097,-5.18246,3.10946,3.16377,2,2.00907,-0.0861609,-0.0928119,0.349196,0.349658,0.788837,0.796899,0.2267,0.193889,0.0595228,0.0548019,-0.00115154,-0.00847544
27.07,-5.2271,-5.30061,-8.61171,-8.54255,54.14,54.1786,-5.18209,-5.16415,3.1411,3.19549,2,2.00893,-0.0838905,-0.0907094,0.349781,0.35025,0.788826,0.797023,0.227354,0.19455,0.0574646,0.053774,-0.00116104,-0.00858323
27.08,-5.27883,-5.35243,-8.58014,-8.51079,54.16,54.1986,-5.16299,-5.14565,3.17262,3.2271,2,2.00877,-0.0816139,-0.0885978,0.350346,0.35083,0.788814,0.797141,0.22796,0.195202,0.05539,0.0527342,-0.00117045,-0.00869253
27.09,-5.33036,-5.40406,-8.54826,-8.47875,54.18,54.2186,-5.14369,-5.12696,3.20401,3.25861,2,2.00862,-0.0793315,-0.0864767,0.350889,0.351399,0.788802,0.797254,0.228518,0.195845,0.0533006,0.0516839,-0.00117978,-0.00880327
27.1,-5.3817,-5.45549,-8.51606,-8.44641,54.2,54.2387,-5.12417,-5.10809,3.23528,3.29,2,2.00845,-0.0770437,-0.0843461,0.351412,0.351956,0.78879,0.797361,0.229028,0.196477,0.0511981,0.0506235,-0.00118903,-0.00891525
27.11,-5.43284,-5.50673,-8.48355,-8.41379,54.22,54.2587,-5.10444,-5.08902,3.26641,3.32128,2,2.00828,-0.0747511,-0.0822062,0.351913,0.3525,0.788778,0.797461,0.229489,0.197103,0.0490842,0.0495464,-0.00119819,-0.0090286
27.12,-5.48379,-5.55776,-8.45073,-8.38088,54.24,54.2788,-5.08451,-5.06977,3.29742,3.35244,2,2.00811,-0.0724541,-0.0800568,0.352393,0.353034,0.788766,0.797556,0.229902,0.197716,0.0469604,0.0484615,-0.00120727,-0.00914303
27.13,-5.53453,-5.60857,-8.4176,-8.34769,54.26,54.2988,-5.06436,-5.05034,3.3283,3.38349,2,2.00793,-0.0701532,-0.0778982,0.352852,0.353555,0.788754,0.797644,0.230265,0.198318,0.0448285,0.0473637,-0.00121627,-0.00925853
27.14,-5.58507,-5.65919,-8.38417,-8.31421,54.28,54.3188,-5.04401,-5.03071,3.35904,3.41442,2,2.00774,-0.067849,-0.0757295,0.35329,0.354063,0.788742,0.797726,0.23058,0.19891,0.0426902,0.0462547,-0.00122518,-0.00937504
27.15,-5.63541,-5.70959,-8.35042,-8.28043,54.3,54.3389,-5.02345,-5.01089,3.38964,3.44523,2,2.00755,-0.0655418,-0.0735516,0.353706,0.35456,0.78873,0.797801,0.230845,0.199488,0.0405471,0.0451313,-0.001234,-0.00949242
27.16,-5.68554,-5.75979,-8.31638,-8.24638,54.32,54.3589,-5.0027,-4.99088,3.42011,3.47592,2,2.00735,-0.0632322,-0.0713637,0.354101,0.355044,0.788717,0.797868,0.231061,0.200056,0.038401,0.0439995,-0.00124274,-0.00961068
27.17,-5.73547,-5.80976,-8.28202,-8.21204,54.34,54.3789,-4.98173,-4.97069,3.45043,3.50649,2,2.00715,-0.0609208,-0.0691669,0.354474,0.355516,0.788705,0.797929,0.231227,0.200608,0.0362535,0.0428527,-0.0012514,-0.00972955
27.18,-5.78518,-5.85952,-8.24737,-8.17741,54.36,54.3989,-4.96057,-4.9503,3.48062,3.53694,2,2.00694,-0.0586079,-0.0669603,0.354826,0.355975,0.788692,0.797983,0.231345,0.20115,0.0341063,0.0416961,-0.00125997,-0.00984906
27.19,-5.83468,-5.90906,-8.21241,-8.1425,54.38,54.419,-4.93921,-4.92973,3.51066,3.56726,2,2.00672,-0.056294,-0.0647445,0.355156,0.356421,0.78868,0.79803,0.231415,0.201674,0.031961,0.0405248,-0.00126846,-0.00996927
27.2,-5.88396,-5.95838,-8.17715,-8.10729,54.4,54.439,-4.91765,-4.90896,3.54055,3.59746,2,2.0065,-0.0539797,-0.0625189,0.355465,0.356855,0.788667,0.798069,0.231435,0.202185,0.0298195,0.0393447,-0.00127686,-0.0100897
27.21,-5.93303,-6.00746,-8.1416,-8.07182,54.42,54.459,-4.8959,-4.88801,3.5703,3.62753,2,2.00627,-0.0516655,-0.0602849,0.355753,0.357275,0.788654,0.7981,0.231408,0.202681,0.0276832,0.0381506,-0.00128518,-0.0102107
27.22,-5.98188,-6.05632,-8.10575,-8.03605,54.44,54.479,-4.87395,-4.86686,3.59989,3.65746,2,2.00604,-0.0493517,-0.0580408,0.356019,0.357682,0.788641,0.798124,0.231333,0.203159,0.0255538,0.0369466,-0.00129341,-0.0103318
27.23,-6.03051,-6.10496,-8.0696,-7.99999,54.46,54.499,-4.85181,-4.84552,3.62934,3.68727,2,2.0058,-0.047039,-0.0557879,0.356264,0.358076,0.788628,0.79814,0.231211,0.203625,0.023433,0.0357298,-0.00130156,-0.0104531
27.24,-6.07891,-6.15337,-8.03316,-7.96365,54.48,54.519,-4.82948,-4.82399,3.65863,3.71695,2,2.00555,-0.0447277,-0.0535253,0.356488,0.358457,0.788615,0.798148,0.231042,0.204073,0.0213223,0.0344992,-0.00130962,-0.0105744
27.25,-6.1271,-6.20154,-7.99643,-7.92702,54.5,54.5391,-4.80696,-4.80227,3.68777,3.74649,2,2.0053,-0.0424183,-0.051254,0.35669,0.358825,0.788602,0.798148,0.230827,0.204502,0.0192234,0.0332594,-0.0013176,-0.0106958
27.26,-6.17505,-6.24948,-7.95941,-7.8901,54.52,54.5591,-4.78426,-4.78035,3.71676,3.77591,2,2.00504,-0.0401113,-0.0489729,0.356872,0.359179,0.788589,0.79814,0.230567,0.204916,0.0171377,0.0320064,-0.0013255,-0.010817
27.27,-6.22278,-6.29719,-7.9221,-7.8529,54.54,54.5791,-4.76136,-4.75825,3.74559,3.80518,2,2.00478,-0.0378071,-0.0466835,0.357033,0.359519,0.788576,0.798123,0.230263,0.205312,0.0150668,0.0307421,-0.00133331,-0.010938
27.28,-6.27028,-6.34466,-7.8845,-7.81542,54.56,54.5991,-4.73829,-4.73594,3.77426,3.83432,2,2.00451,-0.0355062,-0.0443852,0.357173,0.359846,0.788562,0.798099,0.229914,0.20569,0.0130123,0.0294658,-0.00134104,-0.0110588
27.29,-6.31755,-6.39189,-7.84661,-7.77764,54.58,54.6191,-4.71503,-4.71345,3.80277,3.86331,2,2.00423,-0.0332089,-0.042078,0.357293,0.360159,0.788549,0.798066,0.229523,0.206051,0.0109755,0.0281779,-0.00134868,-0.0111791
27.3,-6.36458,-6.43887,-7.80844,-7.73959,54.6,54.6391,-4.6916,-4.69077,3.83111,3.89217,2,2.00395,-0.0309158,-0.0397627,0.357393,0.360458,0.788535,0.798025,0.22909,0.206394,0.00895788,0.0268791,-0.00135624,-0.0112989
27.31,-6.41138,-6.48562,-7.76999,-7.70124,54.62,54.6592,-4.66798,-4.66788,3.8593,3.92089,2,2.00366,-0.0286273,-0.0374383,0.357473,0.360743,0.788522,0.797975,0.228615,0.206718,0.00696085,0.0255671,-0.00136371,-0.0114182
27.32,-6.45794,-6.53213,-7.73126,-7.66261,54.64,54.6792,-4.64419,-4.64481,3.88732,3.94946,2,2.00337,-0.0263437,-0.0351056,0.357532,0.361014,0.788508,0.797917,0.228101,0.207023,0.00498575,0.0242459,-0.0013711,-0.0115368
27.33,-6.50426,-6.57839,-7.69224,-7.62369,54.66,54.6992,-4.62023,-4.62154,3.91518,3.97789,2,2.00307,-0.0240654,-0.0327645,0.357572,0.361271,0.788494,0.797851,0.227547,0.207308,0.0030339,0.0229123,-0.00137841,-0.0116546
27.34,-6.55034,-6.62441,-7.65295,-7.58448,54.68,54.7192,-4.59609,-4.59807,3.94287,4.00618,2,2.00277,-0.0217929,-0.0304155,0.357593,0.361514,0.78848,0.797776,0.226956,0.207574,0.00110655,0.0215679,-0.00138563,-0.0117717
27.35,-6.59618,-6.67018,-7.61339,-7.54499,54.7,54.7392,-4.57179,-4.57441,3.9704,4.03432,2,2.00245,-0.0195264,-0.0280584,0.357595,0.361743,0.788466,0.797692,0.226329,0.207822,-0.000795071,0.0202129,-0.00139276,-0.0118878
27.36,-6.64178,-6.7157,-7.57355,-7.5052,54.72,54.7592,-4.54732,-4.55056,3.99775,4.06231,2,2.00214,-0.0172664,-0.0256932,0.357577,0.361957,0.788453,0.7976,0.225665,0.208049,-0.00266978,0.018845,-0.00139982,-0.0120029
27.37,-6.68713,-6.76098,-7.53343,-7.46513,54.74,54.7793,-4.52268,-4.5265,4.02494,4.09016,2,2.00181,-0.0150132,-0.0233205,0.357541,0.362156,0.788438,0.7975,0.224968,0.208258,-0.00451645,0.0174679,-0.00140679,-0.0121168
27.38,-6.73223,-6.806,-7.49305,-7.42478,54.76,54.7993,-4.49787,-4.50226,4.05196,4.11785,2,2.00148,-0.0127672,-0.0209412,0.357487,0.362341,0.788424,0.797391,0.224238,0.208445,-0.00633401,0.0160816,-0.00141367,-0.0122296
27.39,-6.77708,-6.85077,-7.45239,-7.38414,54.78,54.8193,-4.47291,-4.47781,4.0788,4.14539,2,2.00115,-0.0105286,-0.0185541,0.357415,0.362511,0.78841,0.797274,0.223476,0.208613,-0.00812144,0.014684,-0.00142047,-0.0123411
27.4,-6.82169,-6.89529,-7.41147,-7.34321,54.8,54.8393,-4.44778,-4.45317,4.10548,4.17278,2,2.00081,-0.00829774,-0.01616,0.357325,0.362667,0.788396,0.797149,0.222684,0.20876,-0.00987775,0.0132767,-0.00142719,-0.0124514
27.41,-6.86604,-6.93956,-7.37029,-7.302,54.82,54.8594,-4.4225,-4.42834,4.13198,4.20002,2,2.00046,-0.00607499,-0.0137591,0.357217,0.362808,0.788382,0.797015,0.221863,0.20889,-0.011602,0.0118577,-0.00143382,-0.0125601
27.42,-6.91014,-6.98358,-7.32883,-7.26049,54.84,54.8794,-4.39706,-4.40331,4.15831,4.22711,2,2.00011,-0.00386057,-0.0113514,0.357093,0.362934,0.788367,0.796873,0.221015,0.208998,-0.0132934,0.010429,-0.00144037,-0.0126674
27.43,-6.95398,-7.02734,-7.28712,-7.2187,54.86,54.8994,-4.37147,-4.37808,4.18446,4.25403,2,1.99975,-0.00165478,-0.0089379,0.356951,0.363046,0.788353,0.796722,0.220141,0.209087,-0.0149511,0.00899307,-0.00144684,-0.012773
27.44,-6.99757,-7.07085,-7.24514,-7.17663,54.88,54.9195,-4.34572,-4.35265,4.21044,4.2808,2,1.99939,0.000542159,-0.00651797,0.356794,0.363142,0.788338,0.796564,0.219242,0.209154,-0.0165744,0.00754504,-0.00145322,-0.012877
27.45,-7.04089,-7.1141,-7.20291,-7.13426,54.9,54.9395,-4.31983,-4.32703,4.23625,4.30742,2,1.99902,0.00273,-0.00409243,0.35662,0.363223,0.788324,0.796398,0.218321,0.209203,-0.0181626,0.00608878,-0.00145952,-0.0129794
27.46,-7.08396,-7.15708,-7.16042,-7.09163,54.92,54.9596,-4.29379,-4.30122,4.26188,4.33386,2,1.99864,0.00490851,-0.00166178,0.356431,0.36329,0.788309,0.796224,0.217379,0.209232,-0.019715,0.00462298,-0.00146573,-0.0130798
27.47,-7.12677,-7.19982,-7.11767,-7.0487,54.94,54.9796,-4.2676,-4.27521,4.28733,4.36015,2,1.99826,0.00707751,0.000774586,0.356226,0.363341,0.788294,0.796042,0.216417,0.209241,-0.0212311,0.00315039,-0.00147187,-0.0131785
27.48,-7.16931,-7.24229,-7.07467,-7.00548,54.96,54.9996,-4.24126,-4.249,4.31261,4.38627,2,1.99787,0.00923679,0.00321575,0.356006,0.363377,0.78828,0.795852,0.215436,0.209229,-0.0227104,0.00166814,-0.00147791,-0.0132752
27.49,-7.21159,-7.2845,-7.03142,-6.96199,54.98,55.0197,-4.21479,-4.2226,4.3377,4.41224,2,1.99748,0.0113862,0.00566138,0.355772,0.363397,0.788265,0.795655,0.21444,0.209199,-0.0241525,0.000177786,-0.00148388,-0.0133698
27.5,-7.25361,-7.32646,-6.98792,-6.9182,55,55.0398,-4.18817,-4.196,4.36262,4.43803,2,1.99708,0.0135255,0.00811091,0.355523,0.363403,0.78825,0.795451,0.213428,0.209149,-0.025557,-0.00132044,-0.00148976,-0.0134625
27.51,-7.29536,-7.36815,-6.94417,-6.87415,55.02,55.0598,-4.16141,-4.16922,4.38737,4.46366,2,1.99668,0.0156547,0.0105648,0.355261,0.363393,0.788235,0.795239,0.212403,0.209081,-0.0269235,-0.00282629,-0.00149556,-0.013553
27.52,-7.33684,-7.40958,-6.90017,-6.82981,55.04,55.0799,-4.13452,-4.14223,4.41193,4.48912,2,1.99627,0.0177735,0.0130221,0.354985,0.363368,0.78822,0.795021,0.211366,0.208991,-0.0282519,-0.00434025,-0.00150128,-0.0136413
27.53,-7.37805,-7.45074,-6.85593,-6.78519,55.06,55.1,-4.1075,-4.11506,4.43632,4.51441,2,1.99586,0.019882,0.0154828,0.354696,0.363327,0.788205,0.794796,0.210319,0.208883,-0.0295419,-0.00585909,-0.00150691,-0.0137274
27.54,-7.41899,-7.49164,-6.81145,-6.74029,55.08,55.12,-4.08034,-4.08769,4.46052,4.53952,2,1.99544,0.0219799,0.0179464,0.354394,0.363271,0.78819,0.794563,0.209264,0.208758,-0.0307935,-0.00738652,-0.00151246,-0.0138111
27.55,-7.45965,-7.53227,-6.76672,-6.69512,55.1,55.1401,-4.05304,-4.06014,4.48455,4.56446,2,1.99502,0.0240672,0.0204118,0.35408,0.3632,0.788175,0.794325,0.208202,0.208613,-0.0320065,-0.00891812,-0.00151793,-0.0138925
27.56,-7.50005,-7.57262,-6.72176,-6.64968,55.12,55.1602,-4.02562,-4.0324,4.5084,4.58922,2,1.99459,0.0261439,0.0228792,0.353754,0.363113,0.78816,0.794081,0.207134,0.208449,-0.0331811,-0.0104565,-0.00152332,-0.0139715
27.57,-7.54017,-7.61273,-6.67656,-6.60395,55.14,55.1803,-3.99808,-4.00446,4.53207,4.61382,2,1.99415,0.0282099,0.025349,0.353417,0.36301,0.788144,0.79383,0.206063,0.208268,-0.0343172,-0.0120003,-0.00152862,-0.0140481
27.58,-7.58001,-7.65255,-6.63112,-6.55797,55.16,55.2004,-3.9704,-3.97634,4.55556,4.63823,2,1.99372,0.0302652,0.0278197,0.353068,0.362892,0.788129,0.793573,0.204991,0.208071,-0.0354151,-0.0135494,-0.00153385,-0.0141221
27.59,-7.61957,-7.69211,-6.58544,-6.5117,55.18,55.2204,-3.9426,-3.94803,4.57887,4.66246,2,1.99327,0.0323097,0.0302913,0.352709,0.362758,0.788114,0.793311,0.203917,0.207854,-0.0364749,-0.0151041,-0.00153899,-0.0141937
27.6,-7.65886,-7.73139,-6.53954,-6.46517,55.2,55.2405,-3.91468,-3.91953,4.602,4.68651,2,1.99283,0.0343435,0.0327634,0.352339,0.362608,0.788098,0.793044,0.202845,0.207619,-0.0374969,-0.0166626,-0.00154404,-0.0142626
27.61,-7.69787,-7.7704,-6.49341,-6.41837,55.22,55.2606,-3.88664,-3.89085,4.62495,4.71037,2,1.99237,0.0363666,0.0352351,0.351959,0.362443,0.788083,0.792771,0.201776,0.207367,-0.0384814,-0.0182249,-0.00154902,-0.0143289
27.62,-7.73659,-7.80914,-6.44704,-6.37131,55.24,55.2807,-3.85848,-3.86199,4.64772,4.73405,2,1.99192,0.0383791,0.0377065,0.351569,0.362262,0.788067,0.792493,0.200711,0.2071,-0.0394289,-0.0197913,-0.00155391,-0.0143925
27.63,-7.77504,-7.84759,-6.40045,-6.324,55.26,55.3008,-3.8302,-3.83296,4.67032,4.75754,2,1.99146,0.0403809,0.0401769,0.35117,0.362066,0.788052,0.792211,0.199652,0.206815,-0.0403397,-0.0213608,-0.00155873,-0.0144534
27.64,-7.8132,-7.88577,-6.35364,-6.27642,55.28,55.3209,-3.8018,-3.80373,4.69273,4.78084,2,1.99099,0.0423721,0.0426461,0.350762,0.361853,0.788036,0.791925,0.1986,0.206515,-0.0412145,-0.0229349,-0.00156346,-0.0145116
27.65,-7.85107,-7.92367,-6.3066,-6.22858,55.3,55.341,-3.77329,-3.77433,4.71496,4.80395,2,1.99052,0.0443529,0.0451133,0.350346,0.361625,0.78802,0.791634,0.197558,0.206198,-0.0420537,-0.0245084,-0.00156811,-0.0145669
27.66,-7.88866,-7.96129,-6.25934,-6.18048,55.32,55.3612,-3.74467,-3.74476,4.73702,4.82686,2,1.99005,0.0463233,0.0475785,0.349921,0.361381,0.788005,0.791339,0.196525,0.205866,-0.0428581,-0.0260866,-0.00157268,-0.0146195
27.67,-7.92596,-7.99862,-6.21186,-6.13214,55.34,55.3813,-3.71593,-3.71501,4.7589,4.84958,2,1.98958,0.0482835,0.0500407,0.349489,0.361121,0.787989,0.791041,0.195504,0.205517,-0.0436282,-0.0276646,-0.00157717,-0.0146693
27.68,-7.96298,-8.03568,-6.16416,-6.08354,55.36,55.4014,-3.68708,-3.68508,4.7806,4.87211,2,1.9891,0.0502334,0.0524998,0.349049,0.360845,0.787973,0.79074,0.194496,0.205157,-0.0443649,-0.0292428,-0.00158157,-0.0147162
27.69,-7.99971,-8.07244,-6.11625,-6.0347,55.38,55.4215,-3.65813,-3.65499,4.80212,4.89443,2,1.98862,0.0521734,0.0549553,0.348602,0.360554,0.787957,0.790435,0.193502,0.204781,-0.0450689,-0.0308244,-0.0015859,-0.0147602
27.7,-8.03614,-8.10892,-6.06812,-5.98561,55.4,55.4416,-3.62906,-3.62472,4.82346,4.91655,2,1.98813,0.0541035,0.0574063,0.348148,0.360247,0.787942,0.790128,0.192524,0.204388,-0.0457412,-0.0324059,-0.00159014,-0.0148013
27.71,-8.07229,-8.1451,-6.01978,-5.9363,55.42,55.4617,-3.59989,-3.5943,4.84462,4.93847,2,1.98764,0.056024,0.0598522,0.347687,0.359924,0.787926,0.789818,0.191563,0.203982,-0.0463825,-0.0339883,-0.00159431,-0.0148396
27.72,-8.10814,-8.181,-5.97123,-5.88673,55.44,55.4818,-3.57061,-3.56371,4.86561,4.96018,2,1.98715,0.0579349,0.0622935,0.34722,0.359585,0.78791,0.789506,0.190621,0.203562,-0.0469939,-0.0355663,-0.0015984,-0.0148748
27.73,-8.1437,-8.2166,-5.92247,-5.83693,55.46,55.502,-3.54123,-3.53295,4.88642,4.98169,2,1.98666,0.0598364,0.0647289,0.346747,0.35923,0.787894,0.789192,0.189697,0.20313,-0.0475763,-0.0371463,-0.0016024,-0.0149072
27.74,-8.17896,-8.25191,-5.8735,-5.7869,55.48,55.5221,-3.51175,-3.50203,4.90705,5.00298,2,1.98616,0.0617289,0.0671584,0.346269,0.358859,0.787878,0.788876,0.188794,0.202684,-0.0481308,-0.0387243,-0.00160633,-0.0149366
27.75,-8.21393,-8.28692,-5.82433,-5.73664,55.5,55.5422,-3.48216,-3.47096,4.92751,5.02406,2,1.98566,0.0636124,0.0695814,0.345785,0.358473,0.787861,0.788559,0.187913,0.202226,-0.0486585,-0.0403004,-0.00161017,-0.014963
27.76,-8.24861,-8.32163,-5.77495,-5.68616,55.52,55.5623,-3.45248,-3.43973,4.94778,5.04493,2,1.98516,0.0654872,0.0719969,0.345296,0.35807,0.787845,0.788241,0.187054,0.201755,-0.0491606,-0.0418721,-0.00161394,-0.0149865
27.77,-8.28298,-8.35604,-5.72537,-5.63545,55.54,55.5824,-3.42269,-3.40834,4.96789,5.06559,2,1.98466,0.0673536,0.0744054,0.344802,0.357652,0.787829,0.787922,0.186219,0.201272,-0.0496381,-0.0434415,-0.00161762,-0.015007
27.78,-8.31706,-8.39014,-5.67559,-5.58452,55.56,55.6025,-3.3928,-3.37681,4.98781,5.08603,2,1.98416,0.0692117,0.0768057,0.344303,0.357217,0.787813,0.787603,0.185408,0.200778,-0.0500923,-0.0450104,-0.00162123,-0.0150244
27.79,-8.35084,-8.42394,-5.62562,-5.53338,55.58,55.6227,-3.36282,-3.34512,5.00756,5.10625,2,1.98365,0.0710618,0.0791981,0.3438,0.356767,0.787797,0.787283,0.184623,0.200272,-0.0505245,-0.0465744,-0.00162476,-0.015039
27.8,-8.38432,-8.45742,-5.57544,-5.48204,55.6,55.6428,-3.33274,-3.3133,5.02714,5.12624,2,1.98315,0.0729042,0.0815801,0.343293,0.356301,0.787781,0.786964,0.183864,0.199756,-0.0509359,-0.0481344,-0.0016282,-0.0150505
27.81,-8.41749,-8.4906,-5.52507,-5.43048,55.62,55.6629,-3.30256,-3.28133,5.04654,5.14601,2,1.98264,0.0747392,0.0839532,0.342781,0.35582,0.787764,0.786644,0.183131,0.199229,-0.0513278,-0.0496898,-0.00163157,-0.0150592
27.82,-8.45037,-8.52347,-5.47451,-5.37871,55.64,55.683,-3.27229,-3.24922,5.06576,5.16556,2,1.98213,0.0765669,0.0863169,0.342266,0.355322,0.787748,0.786326,0.182427,0.19869,-0.0517016,-0.0512406,-0.00163487,-0.0150648
27.83,-8.48294,-8.55603,-5.42376,-5.32674,55.66,55.7031,-3.24192,-3.21696,5.08481,5.18488,2,1.98162,0.0783878,0.0886706,0.341747,0.354808,0.787732,0.786008,0.181751,0.198141,-0.0520586,-0.0527879,-0.00163808,-0.0150675
27.84,-8.5152,-8.58826,-5.37282,-5.27457,55.68,55.7232,-3.21146,-3.18458,5.10368,5.20398,2,1.98112,0.080202,0.0910131,0.341225,0.354279,0.787715,0.785691,0.181104,0.197583,-0.0524002,-0.0543263,-0.00164121,-0.0150673
27.85,-8.54717,-8.62018,-5.32169,-5.22221,55.7,55.7433,-3.18091,-3.15206,5.12238,5.22284,2,1.98061,0.08201,0.0933445,0.340699,0.353734,0.787699,0.785376,0.180487,0.197015,-0.0527279,-0.0558605,-0.00164427,-0.0150642
27.86,-8.57882,-8.65178,-5.27037,-5.16966,55.72,55.7634,-3.15027,-3.1194,5.14091,5.24147,2,1.9801,0.0838119,0.0956646,0.34017,0.353173,0.787682,0.785062,0.179899,0.196437,-0.0530431,-0.0573889,-0.00164725,-0.0150581
27.87,-8.61017,-8.68306,-5.21887,-5.11692,55.74,55.7834,-3.11953,-3.08663,5.15926,5.25987,2,1.97959,0.0856081,0.0979724,0.339638,0.352597,0.787666,0.78475,0.179342,0.195851,-0.0533471,-0.0589107,-0.00165015,-0.0150492
27.88,-8.64121,-8.714,-5.16718,-5.064,55.76,55.8035,-3.0887,-3.05373,5.17744,5.27802,2,1.97909,0.0873988,0.100267,0.339104,0.352005,0.787649,0.78444,0.178815,0.195256,-0.0536415,-0.0604251,-0.00165297,-0.0150375
27.89,-8.67195,-8.74463,-5.11532,-5.0109,55.78,55.8236,-3.05779,-3.0207,5.19545,5.29595,2,1.97858,0.0891845,0.10255,0.338566,0.351397,0.787633,0.784133,0.17832,0.194651,-0.0539278,-0.0619301,-0.00165572,-0.0150229
27.9,-8.70237,-8.77492,-5.06328,-4.95762,55.8,55.8437,-3.02678,-2.98756,5.21328,5.31364,2,1.97807,0.0909653,0.104819,0.338025,0.350773,0.787616,0.783828,0.177856,0.19404,-0.0542074,-0.0634299,-0.00165839,-0.0150055
27.91,-8.73248,-8.80489,-5.01105,-4.90416,55.82,55.8637,-2.99568,-2.95429,5.23094,5.33108,2,1.97757,0.0927417,0.107075,0.337482,0.350133,0.7876,0.783527,0.177423,0.19342,-0.0544818,-0.064921,-0.00166098,-0.0149854
27.92,-8.76228,-8.83452,-4.95866,-4.85053,55.84,55.8838,-2.9645,-2.92091,5.24843,5.34829,2,1.97707,0.0945139,0.109318,0.336935,0.349478,0.787583,0.783228,0.177022,0.192794,-0.0547525,-0.0664025,-0.0016635,-0.0149625
27.93,-8.79177,-8.86382,-4.90609,-4.79673,55.86,55.9038,-2.93323,-2.88742,5.26574,5.36525,2,1.97657,0.0962822,0.111546,0.336387,0.348808,0.787566,0.782933,0.176653,0.192159,-0.055021,-0.067877,-0.00166594,-0.0149369
27.94,-8.82095,-8.89277,-4.85334,-4.74277,55.88,55.9239,-2.90187,-2.85382,5.28288,5.38197,2,1.97607,0.0980471,0.113759,0.335835,0.348122,0.78755,0.782641,0.176315,0.191518,-0.0552888,-0.0693415,-0.0016683,-0.0149087
27.95,-8.84981,-8.92139,-4.80043,-4.68866,55.9,55.9439,-2.87042,-2.82012,5.29985,5.39845,2,1.97558,0.0998087,0.115958,0.335281,0.34742,0.787533,0.782353,0.176009,0.190868,-0.0555573,-0.0707986,-0.00167059,-0.0148778
27.96,-8.87835,-8.94967,-4.74735,-4.63439,55.92,55.9639,-2.83889,-2.78631,5.31664,5.41468,2,1.97508,0.101567,0.118141,0.334724,0.346703,0.787516,0.782068,0.175734,0.190213,-0.0558281,-0.0722466,-0.0016728,-0.0148443
27.97,-8.90659,-8.97761,-4.6941,-4.57996,55.94,55.984,-2.80727,-2.7524,5.33326,5.43066,2,1.97459,0.103323,0.120309,0.334164,0.345971,0.787499,0.781788,0.17549,0.189551,-0.0561027,-0.073683,-0.00167494,-0.0148083
27.98,-8.9345,-9.0052,-4.64068,-4.52538,55.96,56.004,-2.77556,-2.71839,5.34971,5.4464,2,1.97411,0.105077,0.122461,0.333602,0.345223,0.787483,0.781512,0.175277,0.188881,-0.0563825,-0.0751097,-0.001677,-0.0147697
27.99,-8.9621,-9.03245,-4.5871,-4.47065,55.98,56.024,-2.74377,-2.68428,5.36599,5.46189,2,1.97362,0.106829,0.124597,0.333036,0.34446,0.787466,0.781241,0.175095,0.188208,-0.0566689,-0.0765256,-0.00167898,-0.0147288
28,-8.98937,-9.05935,-4.53336,-4.41578,56,56.044,-2.7119,-2.65008,5.38209,5.47713,2,1.97314,0.108579,0.126718,0.332468,0.343681,0.787449,0.780974,0.174943,0.187528,-0.0569634,-0.0779328,-0.00168089,-0.0146853
28.01,-9.01633,-9.0859,-4.47946,-4.36076,56.02,56.0639,-2.67994,-2.61579,5.39802,5.49212,2,1.97267,0.110328,0.128821,0.331897,0.342888,0.787432,0.780713,0.17482,0.186842,-0.0572673,-0.0793293,-0.00168273,-0.0146395
28.02,-9.04297,-9.1121,-4.4254,-4.30561,56.04,56.0839,-2.64789,-2.58141,5.41378,5.50686,2,1.9722,0.112076,0.130909,0.331323,0.342079,0.787415,0.780456,0.174727,0.18615,-0.0575822,-0.0807154,-0.00168449,-0.0145915
28.03,-9.06929,-9.13795,-4.37119,-4.25033,56.06,56.1039,-2.61576,-2.54695,5.42937,5.52135,2,1.97173,0.113823,0.132978,0.330746,0.341255,0.787399,0.780204,0.174663,0.185454,-0.0579094,-0.0820922,-0.00168618,-0.0145413
28.04,-9.09529,-9.16345,-4.31682,-4.19491,56.08,56.1239,-2.58355,-2.5124,5.44478,5.53559,2,1.97126,0.115569,0.135032,0.330165,0.340417,0.787382,0.779957,0.174626,0.184752,-0.0582501,-0.0834549,-0.00168779,-0.0144887
28.05,-9.12096,-9.18859,-4.26229,-4.13936,56.1,56.1438,-2.55125,-2.47777,5.46002,5.54958,2,1.97081,0.117315,0.137067,0.32958,0.339563,0.787365,0.779716,0.174617,0.184046,-0.0586058,-0.08481,-0.00168933,-0.014434
28.06,-9.14631,-9.21337,-4.20762,-4.08369,56.12,56.1638,-2.51887,-2.44307,5.47508,5.56331,2,1.97035,0.119062,0.139085,0.328993,0.338694,0.787348,0.77948,0.174635,0.183333,-0.0589776,-0.0861529,-0.00169079,-0.0143773
28.07,-9.17134,-9.2378,-4.15279,-4.02789,56.14,56.1837,-2.48641,-2.40829,5.48997,5.5768,2,1.96991,0.120808,0.141087,0.328401,0.337811,0.787331,0.77925,0.174679,0.182617,-0.059367,-0.0874848,-0.00169218,-0.0143186
28.08,-9.19604,-9.26187,-4.09782,-3.97197,56.16,56.2036,-2.45386,-2.37343,5.50468,5.59004,2,1.96946,0.122555,0.14307,0.327805,0.336913,0.787314,0.779025,0.174748,0.181897,-0.059775,-0.0888058,-0.0016935,-0.0142579
28.09,-9.22042,-9.28559,-4.0427,-3.91593,56.18,56.2235,-2.42124,-2.3385,5.51922,5.60302,2,1.96903,0.124303,0.145036,0.327205,0.336,0.787297,0.778807,0.174841,0.181172,-0.0602029,-0.090114,-0.00169475,-0.0141952
28.1,-9.24446,-9.30894,-3.98743,-3.85978,56.2,56.2434,-2.38853,-2.3035,5.53359,5.61576,2,1.9686,0.126052,0.146983,0.326601,0.335073,0.78728,0.778594,0.174957,0.180441,-0.0606519,-0.0914143,-0.00169592,-0.0141308
28.11,-9.26819,-9.33193,-3.93203,-3.80351,56.22,56.2633,-2.35573,-2.26844,5.54778,5.62824,2,1.96817,0.127802,0.148913,0.325992,0.334131,0.787263,0.778387,0.175096,0.179709,-0.0611229,-0.0927019,-0.00169702,-0.0140646
28.12,-9.29158,-9.35456,-3.87648,-3.74713,56.24,56.2832,-2.32286,-2.23331,5.56179,5.64048,2,1.96775,0.129554,0.150825,0.325378,0.333174,0.787246,0.778186,0.175256,0.17897,-0.0616172,-0.0939772,-0.00169805,-0.0139967
28.13,-9.31464,-9.37682,-3.82079,-3.69065,56.26,56.3031,-2.2899,-2.19813,5.57563,5.65246,2,1.96734,0.131308,0.152718,0.32476,0.332204,0.787229,0.777991,0.175436,0.178228,-0.0621357,-0.0952415,-0.00169901,-0.0139273
28.14,-9.33738,-9.39872,-3.76497,-3.63406,56.28,56.323,-2.25687,-2.16288,5.58929,5.6642,2,1.96694,0.133063,0.154593,0.324136,0.331219,0.787212,0.777802,0.175636,0.177485,-0.0626793,-0.0964951,-0.00169989,-0.0138563
28.15,-9.35978,-9.42027,-3.70901,-3.57737,56.3,56.3428,-2.22375,-2.12757,5.60277,5.67569,2,1.96654,0.13482,0.156451,0.323506,0.33022,0.787195,0.77762,0.175854,0.176734,-0.0632491,-0.097737,-0.00170071,-0.0137837
28.16,-9.38185,-9.44144,-3.65291,-3.52057,56.32,56.3627,-2.19055,-2.09221,5.61608,5.68693,2,1.96615,0.13658,0.15829,0.322871,0.329207,0.787178,0.777444,0.176088,0.175981,-0.0638459,-0.0989695,-0.00170145,-0.0137097
28.17,-9.40359,-9.46225,-3.59669,-3.46368,56.34,56.3825,-2.15727,-2.0568,5.6292,5.69792,2,1.96577,0.138342,0.160111,0.322229,0.32818,0.787161,0.777274,0.176338,0.175224,-0.0644705,-0.10019,-0.00170212,-0.0136344
28.18,-9.425,-9.48269,-3.54033,-3.40669,56.36,56.4023,-2.12392,-2.02134,5.64215,5.70867,2,1.9654,0.140107,0.161914,0.321581,0.327139,0.787144,0.77711,0.176603,0.174464,-0.0651238,-0.101399,-0.00170272,-0.0135578
28.19,-9.44607,-9.50278,-3.48384,-3.3496,56.38,56.4221,-2.09048,-1.98582,5.65491,5.71917,2,1.96503,0.141874,0.163698,0.320926,0.326084,0.787127,0.776953,0.176881,0.1737,-0.0658064,-0.102598,-0.00170326,-0.0134801
28.2,-9.46681,-9.52249,-3.42723,-3.29242,56.4,56.442,-2.05696,-1.95026,5.6675,5.72943,2,1.96467,0.143644,0.165465,0.320265,0.325016,0.78711,0.776802,0.177171,0.172934,-0.066519,-0.103786,-0.00170372,-0.0134013
28.21,-9.48721,-9.54184,-3.37049,-3.23516,56.42,56.4618,-2.02336,-1.91466,5.6799,5.73944,2,1.96432,0.145418,0.167213,0.319596,0.323934,0.787093,0.776657,0.177472,0.172165,-0.0672623,-0.104965,-0.00170411,-0.0133213
28.22,-9.50727,-9.56082,-3.31363,-3.1778,56.44,56.4816,-1.98969,-1.87902,5.69212,5.74922,2,1.96398,0.147194,0.168944,0.31892,0.322839,0.787076,0.776519,0.177782,0.171392,-0.0680368,-0.106131,-0.00170443,-0.0132404
28.23,-9.527,-9.57943,-3.25665,-3.12036,56.46,56.5013,-1.95593,-1.84333,5.70416,5.75875,2,1.96365,0.148973,0.170656,0.318235,0.32173,0.787059,0.776387,0.1781,0.170615,-0.0688429,-0.107287,-0.00170468,-0.0131587
28.24,-9.54639,-9.59768,-3.19955,-3.06283,56.48,56.5211,-1.9221,-1.80761,5.71602,5.76804,2,1.96333,0.150756,0.172351,0.317543,0.320608,0.787042,0.776261,0.178424,0.169837,-0.0696813,-0.108434,-0.00170486,-0.013076
28.25,-9.56544,-9.61556,-3.14233,-3.00522,56.5,56.5409,-1.88819,-1.77185,5.72769,5.7771,2,1.96302,0.152542,0.174027,0.316841,0.319473,0.787025,0.776142,0.178754,0.169056,-0.0705522,-0.109571,-0.00170498,-0.0129928
28.26,-9.58416,-9.63308,-3.085,-2.94753,56.52,56.5606,-1.8542,-1.73605,5.73917,5.78591,2,1.96271,0.154331,0.175687,0.316131,0.318325,0.787008,0.776029,0.179087,0.168269,-0.071456,-0.110697,-0.00170502,-0.0129088
28.27,-9.60253,-9.65022,-3.02755,-2.88977,56.54,56.5804,-1.82014,-1.70023,5.75047,5.79449,2,1.96242,0.156124,0.177328,0.315412,0.317164,0.786991,0.775922,0.179423,0.167482,-0.072393,-0.111812,-0.001705,-0.0128241
28.28,-9.62056,-9.66701,-2.96999,-2.83192,56.56,56.6001,-1.786,-1.66437,5.76158,5.80284,2,1.96214,0.15792,0.178952,0.314683,0.31599,0.786974,0.775821,0.179759,0.16669,-0.0733634,-0.112922,-0.00170491,-0.0127391
28.29,-9.63825,-9.68342,-2.91232,-2.77401,56.58,56.6199,-1.75178,-1.62849,5.7725,5.81096,2,1.96186,0.159719,0.180558,0.313945,0.314803,0.786957,0.775727,0.180095,0.165895,-0.0743673,-0.11402,-0.00170475,-0.0126537
28.3,-9.65559,-9.69947,-2.85454,-2.71603,56.6,56.6396,-1.71749,-1.59258,5.78323,5.81884,2,1.9616,0.161521,0.182147,0.313196,0.313604,0.78694,0.775639,0.18043,0.165099,-0.0754048,-0.115108,-0.00170453,-0.0125678
28.31,-9.6726,-9.71515,-2.79665,-2.65797,56.62,56.6593,-1.68312,-1.55664,5.79377,5.82649,2,1.96135,0.163327,0.183719,0.312437,0.312393,0.786923,0.775556,0.18076,0.164299,-0.0764761,-0.11619,-0.00170423,-0.0124817
28.32,-9.68926,-9.73047,-2.73866,-2.59985,56.64,56.679,-1.64868,-1.52069,5.80412,5.83392,2,1.9611,0.165137,0.185274,0.311666,0.311169,0.786906,0.77548,0.181086,0.163496,-0.077581,-0.117262,-0.00170387,-0.0123955
28.33,-9.70557,-9.74542,-2.68057,-2.54165,56.66,56.6987,-1.61417,-1.48471,5.81428,5.84112,2,1.96087,0.166949,0.186812,0.310885,0.309932,0.786889,0.77541,0.181405,0.16269,-0.0787194,-0.118325,-0.00170345,-0.012309
28.34,-9.72154,-9.76001,-2.62238,-2.48339,56.68,56.7184,-1.57958,-1.44871,5.82425,5.84809,2,1.96065,0.168765,0.188334,0.310092,0.308684,0.786872,0.775345,0.181717,0.161882,-0.0798913,-0.119379,-0.00170295,-0.0122226
28.35,-9.73716,-9.77423,-2.56409,-2.42507,56.7,56.7381,-1.54492,-1.4127,5.83402,5.85484,2,1.96044,0.170583,0.189838,0.309287,0.307424,0.786855,0.775287,0.18202,0.16107,-0.0810964,-0.120427,-0.0017024,-0.0121362
28.36,-9.75244,-9.78809,-2.5057,-2.36668,56.72,56.7578,-1.51019,-1.37667,5.84359,5.86137,2,1.96024,0.172405,0.191327,0.30847,0.306152,0.786837,0.775234,0.182312,0.160255,-0.0823345,-0.121467,-0.00170177,-0.01205
28.37,-9.76736,-9.80159,-2.44722,-2.30823,56.74,56.7775,-1.47539,-1.34063,5.85297,5.86768,2,1.96006,0.17423,0.192799,0.30764,0.304868,0.78682,0.775187,0.182592,0.159439,-0.0836052,-0.122499,-0.00170108,-0.0119639
28.38,-9.78194,-9.81472,-2.38864,-2.24973,56.76,56.7971,-1.44051,-1.30458,5.86215,5.87377,2,1.95988,0.176057,0.194255,0.306798,0.303572,0.786803,0.775146,0.182859,0.158619,-0.0849081,-0.123523,-0.00170033,-0.0118781
28.39,-9.79617,-9.8275,-2.32998,-2.19117,56.78,56.8168,-1.40557,-1.26851,5.87113,5.87965,2,1.95972,0.177887,0.195695,0.305942,0.302265,0.786786,0.77511,0.18311,0.157796,-0.0862429,-0.124541,-0.00169951,-0.0117926
28.4,-9.81006,-9.83991,-2.27122,-2.13256,56.8,56.8365,-1.37056,-1.23245,5.87991,5.88531,2,1.95957,0.179719,0.19712,0.305073,0.300947,0.786769,0.77508,0.183346,0.156971,-0.087609,-0.125552,-0.00169862,-0.0117076
28.41,-9.82359,-9.85195,-2.21238,-2.07389,56.82,56.8561,-1.33548,-1.19637,5.88848,5.89076,2,1.95943,0.181554,0.198529,0.30419,0.299617,0.786753,0.775055,0.183564,0.156142,-0.0890059,-0.126556,-0.00169767,-0.0116231
28.42,-9.83676,-9.86364,-2.15345,-2.01517,56.84,56.8758,-1.30034,-1.16029,5.89686,5.89599,2,1.95931,0.18339,0.199922,0.303292,0.298276,0.786736,0.775035,0.183764,0.155309,-0.0904329,-0.127552,-0.00169666,-0.0115392
28.43,-9.84959,-9.87497,-2.09444,-1.95639,56.86,56.8954,-1.26513,-1.1242,5.90503,5.90102,2,1.95919,0.185229,0.201301,0.302381,0.296924,0.786719,0.77502,0.183943,0.154475,-0.0918895,-0.128544,-0.00169559,-0.0114558
28.44,-9.86207,-9.88594,-2.03535,-1.89757,56.88,56.915,-1.22985,-1.08811,5.913,5.90584,2,1.95909,0.187069,0.202665,0.301455,0.295562,0.786702,0.775011,0.184102,0.153636,-0.0933749,-0.12953,-0.00169445,-0.0113731
28.45,-9.87419,-9.89656,-1.97618,-1.8387,56.9,56.9347,-1.19451,-1.05202,5.92076,5.91045,2,1.959,0.188911,0.204013,0.300513,0.294188,0.786685,0.775006,0.184237,0.152798,-0.0948883,-0.130512,-0.00169324,-0.0112913
28.46,-9.88596,-9.90681,-1.91694,-1.77979,56.92,56.9543,-1.15911,-1.01594,5.92831,5.91486,2,1.95893,0.190754,0.205348,0.299557,0.292804,0.786668,0.775007,0.184349,0.151954,-0.0964289,-0.131486,-0.00169198,-0.0112103
28.47,-9.89737,-9.91671,-1.85762,-1.72084,56.94,56.9739,-1.12364,-0.979864,5.93566,5.91907,2,1.95886,0.192598,0.206667,0.298585,0.291409,0.786651,0.775012,0.184436,0.151107,-0.0979959,-0.132456,-0.00169065,-0.0111302
28.48,-9.90843,-9.92624,-1.79822,-1.66183,56.96,56.9935,-1.08812,-0.943788,5.9428,5.92308,2,1.95881,0.194442,0.207973,0.297597,0.290003,0.786634,0.775022,0.184497,0.150259,-0.0995883,-0.133422,-0.00168926,-0.0110512
28.49,-9.91913,-9.93543,-1.73876,-1.60279,56.98,57.0131,-1.05253,-0.907716,5.94972,5.92689,2,1.95878,0.196287,0.209265,0.296593,0.288588,0.786617,0.775036,0.18453,0.149407,-0.101205,-0.134383,-0.00168781,-0.0109731
28.5,-9.92948,-9.94426,-1.67923,-1.5437,57,57.0328,-1.01689,-0.871656,5.95643,5.9305,2,1.95875,0.198133,0.210543,0.295572,0.287162,0.7866,0.775055,0.184536,0.148552,-0.102846,-0.13534,-0.00168629,-0.0108962
28.51,-9.93947,-9.95274,-1.61963,-1.48458,57.02,57.0524,-0.98119,-0.835606,5.96293,5.93392,2,1.95875,0.199978,0.211807,0.294536,0.285726,0.786583,0.775079,0.184512,0.147694,-0.104509,-0.136292,-0.00168472,-0.0108204
28.52,-9.9491,-9.96086,-1.55997,-1.42542,57.04,57.072,-0.945434,-0.799568,5.96922,5.93714,2,1.95875,0.201823,0.213058,0.293482,0.28428,0.786566,0.775106,0.184458,0.146831,-0.106193,-0.137242,-0.00168308,-0.010746
28.53,-9.95838,-9.96863,-1.50025,-1.36622,57.06,57.0916,-0.909624,-0.763539,5.97529,5.94018,2,1.95877,0.203667,0.214296,0.292412,0.282823,0.78655,0.775138,0.184373,0.145968,-0.107897,-0.138188,-0.00168139,-0.0106728
28.54,-9.9673,-9.97605,-1.44047,-1.307,57.08,57.1111,-0.873761,-0.72753,5.98114,5.94302,2,1.9588,0.20551,0.215521,0.291324,0.281358,0.786533,0.775174,0.184256,0.1451,-0.109621,-0.13913,-0.00167963,-0.010601
28.55,-9.97585,-9.98312,-1.38063,-1.24774,57.1,57.1307,-0.837846,-0.691538,5.98678,5.94567,2,1.95885,0.207352,0.216733,0.290219,0.279882,0.786516,0.775214,0.184106,0.14423,-0.111362,-0.140069,-0.00167781,-0.0105307
28.56,-9.98405,-9.98983,-1.32073,-1.18845,57.12,57.1503,-0.80188,-0.655562,5.9922,5.94814,2,1.95891,0.209192,0.217932,0.289097,0.278397,0.786499,0.775258,0.183923,0.143355,-0.11312,-0.141006,-0.00167593,-0.0104618
28.57,-9.99189,-9.9962,-1.26078,-1.12913,57.14,57.1699,-0.765866,-0.619601,5.99739,5.95042,2,1.95898,0.211031,0.219119,0.287957,0.276903,0.786483,0.775305,0.183705,0.142477,-0.114894,-0.141939,-0.001674,-0.0103944
28.58,-9.99937,-10.0022,-1.20079,-1.06978,57.16,57.1895,-0.729804,-0.583661,6.00237,5.95252,2,1.95907,0.212866,0.220294,0.286799,0.275399,0.786466,0.775356,0.183451,0.141597,-0.116681,-0.142871,-0.001672,-0.0103287
28.59,-10.0065,-10.0079,-1.14074,-1.01041,57.18,57.2091,-0.693697,-0.547752,6.00712,5.95443,2,1.95917,0.214699,0.221457,0.285623,0.273886,0.786449,0.775411,0.183162,0.140712,-0.118482,-0.143799,-0.00166995,-0.0102646
28.6,-10.0132,-10.0132,-1.08064,-0.951005,57.2,57.2287,-0.657545,-0.511857,6.01165,5.95617,2,1.95929,0.216529,0.222608,0.284429,0.272363,0.786432,0.775469,0.182837,0.139826,-0.120293,-0.144728,-0.00166784,-0.0102023
28.61,-10.0196,-10.0182,-1.02051,-0.891583,57.22,57.2483,-0.62135,-0.475991,6.01596,5.95772,2,1.95942,0.218356,0.223748,0.283217,0.270832,0.786416,0.77553,0.182475,0.138934,-0.122115,-0.145654,-0.00166567,-0.0101416
28.62,-10.0257,-10.0228,-0.960325,-0.832135,57.24,57.2678,-0.585115,-0.44015,6.02004,5.9591,2,1.95957,0.220179,0.224876,0.281987,0.269292,0.786399,0.775595,0.182076,0.138041,-0.123945,-0.146577,-0.00166344,-0.0100829
28.63,-10.0313,-10.0271,-0.900105,-0.772683,57.26,57.2874,-0.54884,-0.404347,6.0239,5.96031,2,1.95973,0.221997,0.225993,0.280738,0.267743,0.786382,0.775662,0.181638,0.137143,-0.125783,-0.147502,-0.00166115,-0.010026
28.64,-10.0366,-10.031,-0.839848,-0.713187,57.28,57.307,-0.512527,-0.368559,6.02753,5.96133,2,1.9599,0.223811,0.227099,0.279471,0.266184,0.786366,0.775732,0.181163,0.136242,-0.127627,-0.148425,-0.00165881,-0.00997092
28.65,-10.0416,-10.0346,-0.779555,-0.653684,57.3,57.3266,-0.476179,-0.332807,6.03093,5.96219,2,1.96009,0.225621,0.228194,0.278186,0.264617,0.786349,0.775806,0.180649,0.135337,-0.129475,-0.149345,-0.00165641,-0.00991786
28.66,-10.0462,-10.0379,-0.71923,-0.594162,57.32,57.3462,-0.439796,-0.297086,6.0341,5.96287,2,1.9603,0.227424,0.229279,0.276882,0.263042,0.786333,0.775882,0.180096,0.134429,-0.131325,-0.150266,-0.00165395,-0.0098668
28.67,-10.0504,-10.0408,-0.658874,-0.534627,57.34,57.3657,-0.403381,-0.261401,6.03705,5.96338,2,1.96052,0.229222,0.230352,0.275559,0.261458,0.786316,0.775961,0.179504,0.133516,-0.133178,-0.151184,-0.00165144,-0.00981784
28.68,-10.0542,-10.0433,-0.59849,-0.475076,57.36,57.3853,-0.366936,-0.225747,6.03976,5.96372,2,1.96076,0.231014,0.231416,0.274218,0.259865,0.7863,0.776042,0.178873,0.132601,-0.13503,-0.152106,-0.00164887,-0.00977091
28.69,-10.0577,-10.0456,-0.53808,-0.41552,57.38,57.4049,-0.330461,-0.190136,6.04224,5.96389,2,1.96101,0.2328,0.23247,0.272859,0.258264,0.786283,0.776125,0.178202,0.131683,-0.136881,-0.153025,-0.00164625,-0.00972609
28.7,-10.0608,-10.0474,-0.477646,-0.355946,57.4,57.4245,-0.29396,-0.154558,6.04449,5.96389,2,1.96128,0.234578,0.233514,0.271481,0.256655,0.786267,0.776211,0.177492,0.13076,-0.138729,-0.153947,-0.00164357,-0.00968347
28.71,-10.0636,-10.049,-0.417191,-0.296373,57.42,57.4441,-0.257433,-0.119024,6.0465,5.96373,2,1.96156,0.236349,0.234547,0.270084,0.255038,0.78625,0.776299,0.176743,0.129833,-0.140573,-0.154866,-0.00164083,-0.00964309
28.72,-10.066,-10.0502,-0.356716,-0.236783,57.44,57.4636,-0.220884,-0.0835241,6.04829,5.96341,2,1.96185,0.238113,0.235572,0.268669,0.253412,0.786234,0.776389,0.175955,0.128903,-0.142411,-0.155788,-0.00163804,-0.00960495
28.73,-10.068,-10.051,-0.296226,-0.17719,57.46,57.4832,-0.184313,-0.0480692,6.04984,5.96291,2,1.96217,0.239868,0.236587,0.267236,0.251779,0.786218,0.776481,0.175128,0.127969,-0.144241,-0.156709,-0.0016352,-0.00956904
28.74,-10.0697,-10.0516,-0.23572,-0.117587,57.48,57.5028,-0.147724,-0.0126541,6.05115,5.96226,2,1.96249,0.241615,0.237592,0.265784,0.250137,0.786201,0.776575,0.174261,0.12703,-0.146063,-0.157631,-0.0016323,-0.00953549
28.75,-10.071,-10.0517,-0.175203,-0.0579853,57.5,57.5224,-0.111117,0.0227141,6.05223,5.96144,2,1.96284,0.243353,0.238589,0.264315,0.248487,0.786185,0.77667,0.173356,0.126089,-0.147874,-0.158555,-0.00162935,-0.00950428
28.76,-10.0719,-10.0516,-0.114677,0.00161371,57.52,57.542,-0.0744945,0.0580342,6.05307,5.96046,2,1.9632,0.245082,0.239577,0.262827,0.24683,0.786169,0.776767,0.172412,0.125144,-0.149674,-0.159479,-0.00162635,-0.00947539
28.77,-10.0725,-10.0511,-0.0541427,0.0612201,57.54,57.5616,-0.0378591,0.0933109,6.05368,5.95932,2,1.96357,0.246802,0.240556,0.261321,0.245165,0.786152,0.776866,0.171431,0.124194,-0.151461,-0.160404,-0.00162329,-0.00944902
28.78,-10.0727,-10.0502,0.00639614,0.120818,57.56,57.5812,-0.00121244,0.128535,6.05405,5.95802,2,1.96396,0.248511,0.241526,0.259798,0.243492,0.786136,0.776966,0.170411,0.12324,-0.153234,-0.16133,-0.00162018,-0.009425
28.79,-10.0725,-10.0491,0.0669375,0.180415,57.58,57.6008,0.0354433,0.16371,6.05418,5.95656,2,1.96437,0.25021,0.242488,0.258257,0.241811,0.78612,0.777067,0.169354,0.122282,-0.15499,-0.162258,-0.00161702,-0.00940343
28.8,-10.072,-10.0476,0.127479,0.239999,57.6,57.6204,0.0721062,0.19883,6.05408,5.95494,2,1.96479,0.251898,0.243441,0.256698,0.240123,0.786104,0.777169,0.16826,0.121321,-0.15673,-0.163187,-0.00161381,-0.00938431
28.81,-10.071,-10.0457,0.188018,0.299586,57.62,57.64,0.108774,0.233902,6.05374,5.95317,2,1.96523,0.253575,0.244386,0.255122,0.238427,0.786088,0.777273,0.16713,0.120355,-0.15845,-0.16412,-0.00161054,-0.00936768
28.82,-10.0698,-10.0435,0.248553,0.359165,57.64,57.6596,0.145445,0.268919,6.05316,5.95124,2,1.96568,0.25524,0.245324,0.253529,0.236723,0.786072,0.777377,0.165965,0.119385,-0.160152,-0.165051,-0.00160722,-0.00935364
28.83,-10.0681,-10.041,0.309081,0.418733,57.66,57.6792,0.182117,0.303883,6.05234,5.94915,2,1.96615,0.256894,0.246253,0.251919,0.235012,0.786056,0.777482,0.164764,0.118411,-0.161832,-0.165985,-0.00160386,-0.00934212
28.84,-10.0661,-10.0382,0.369599,0.478287,57.68,57.6988,0.218787,0.338786,6.05128,5.9469,2,1.96663,0.258535,0.247174,0.250293,0.233294,0.78604,0.777588,0.163529,0.117433,-0.163489,-0.166923,-0.00160044,-0.00933312
28.85,-10.0638,-10.035,0.430105,0.537828,57.7,57.7184,0.255454,0.37363,6.04998,5.94449,2,1.96714,0.260164,0.248088,0.248649,0.231568,0.786024,0.777694,0.16226,0.116451,-0.165123,-0.167859,-0.00159697,-0.00932674
28.86,-10.061,-10.0314,0.490598,0.59736,57.72,57.7381,0.292116,0.40842,6.04845,5.94194,2,1.96765,0.261781,0.248994,0.24699,0.229835,0.786008,0.777801,0.160959,0.115464,-0.166733,-0.168799,-0.00159345,-0.00932283
28.87,-10.0579,-10.0276,0.551073,0.656867,57.74,57.7577,0.32877,0.443143,6.04667,5.93922,2,1.96818,0.263383,0.249893,0.245315,0.228094,0.785992,0.777909,0.159625,0.114473,-0.168316,-0.169741,-0.00158988,-0.00932158
28.88,-10.0545,-10.0234,0.61153,0.716347,57.76,57.7773,0.365415,0.477799,6.04466,5.93635,2,1.96873,0.264973,0.250785,0.243624,0.226347,0.785976,0.778016,0.158261,0.113479,-0.169873,-0.170684,-0.00158627,-0.00932296
28.89,-10.0506,-10.0189,0.671966,0.775813,57.78,57.797,0.402047,0.512394,6.04241,5.93333,2,1.9693,0.266549,0.251669,0.241918,0.224592,0.78596,0.778124,0.156866,0.112481,-0.171402,-0.171632,-0.0015826,-0.00932693
28.9,-10.0464,-10.014,0.732378,0.835265,57.8,57.8166,0.438666,0.546931,6.03992,5.93015,2,1.96988,0.26811,0.252547,0.240196,0.222829,0.785944,0.778232,0.155441,0.111477,-0.172901,-0.17258,-0.00157889,-0.00933349
28.91,-10.0418,-10.0088,0.792763,0.89469,57.82,57.8362,0.475269,0.581397,6.03719,5.92682,2,1.97047,0.269657,0.253417,0.23846,0.22106,0.785928,0.77834,0.153989,0.110469,-0.17437,-0.173528,-0.00157512,-0.00934266
28.92,-10.0369,-10.0033,0.853121,0.95408,57.84,57.8559,0.511854,0.61579,6.03422,5.92333,2,1.97108,0.27119,0.254281,0.236709,0.219284,0.785913,0.778448,0.152509,0.109459,-0.175809,-0.174481,-0.00157131,-0.00935451
28.93,-10.0316,-9.99739,0.913447,1.01346,57.86,57.8755,0.548419,0.650123,6.03101,5.91968,2,1.97171,0.272707,0.255138,0.234944,0.2175,0.785897,0.778555,0.151002,0.108442,-0.177216,-0.175435,-0.00156745,-0.00936888
28.94,-10.0259,-9.99119,0.97374,1.07279,57.88,57.8952,0.584961,0.684376,6.02757,5.91588,2,1.97235,0.27421,0.255988,0.233165,0.215709,0.785881,0.778662,0.14947,0.107422,-0.178589,-0.17639,-0.00156355,-0.0093859
28.95,-10.0199,-9.98465,1.034,1.13209,57.9,57.9149,0.62148,0.718557,6.02388,5.91193,2,1.97301,0.275697,0.256831,0.231372,0.213911,0.785866,0.778769,0.147915,0.106396,-0.17993,-0.177347,-0.0015596,-0.00940549
28.96,-10.0135,-9.97778,1.09422,1.19135,57.92,57.9345,0.657971,0.752662,6.01996,5.90782,2,1.97369,0.277168,0.257668,0.229566,0.212106,0.78585,0.778875,0.146336,0.105368,-0.181236,-0.178307,-0.0015556,-0.00942776
28.97,-10.0067,-9.97057,1.1544,1.25058,57.94,57.9542,0.694435,0.786693,6.0158,5.90356,2,1.97438,0.278623,0.258499,0.227747,0.210294,0.785835,0.77898,0.144735,0.104333,-0.182507,-0.179269,-0.00155155,-0.00945253
28.98,-9.99962,-9.96303,1.21453,1.30978,57.96,57.9739,0.730868,0.82065,6.01141,5.89914,2,1.97508,0.280063,0.259323,0.225916,0.208475,0.785819,0.779085,0.143114,0.103295,-0.183743,-0.180234,-0.00154746,-0.00947997
28.99,-9.99213,-9.95515,1.27462,1.36893,57.98,57.9936,0.767268,0.854526,6.00678,5.89456,2,1.9758,0.281486,0.260142,0.224073,0.206649,0.785804,0.779189,0.141473,0.102253,-0.184943,-0.181199,-0.00154333,-0.00950989
29,-9.98427,-9.94695,1.33467,1.42804,58,58.0133,0.803634,0.888323,6.00191,5.88983,2,1.97654,0.282892,0.260953,0.222217,0.204816,0.785788,0.779291,0.139814,0.101208,-0.186106,-0.182165,-0.00153915,-0.00954239
29.01,-9.97605,-9.9384,1.39466,1.48711,58.02,58.033,0.839963,0.922041,5.99681,5.88494,2,1.97729,0.284282,0.261759,0.220351,0.202976,0.785773,0.779393,0.138138,0.100157,-0.187231,-0.183133,-0.00153492,-0.00957741
29.02,-9.96747,-9.92952,1.4546,1.54612,58.04,58.0527,0.876254,0.955669,5.99147,5.87989,2,1.97806,0.285655,0.262559,0.218473,0.201128,0.785758,0.779494,0.136446,0.0991015,-0.188319,-0.184103,-0.00153065,-0.00961496
29.03,-9.95853,-9.92031,1.51449,1.60508,58.06,58.0724,0.912504,0.989216,5.9859,5.87469,2,1.97884,0.287011,0.263353,0.216584,0.199274,0.785742,0.779593,0.13474,0.0980413,-0.18937,-0.185074,-0.00152634,-0.00965498
29.04,-9.94922,-9.91076,1.57432,1.664,58.08,58.0921,0.948712,1.02268,5.98009,5.86932,2,1.97964,0.288349,0.264141,0.214686,0.197413,0.785727,0.77969,0.13302,0.0969783,-0.190382,-0.186047,-0.00152198,-0.00969744
29.05,-9.93956,-9.90088,1.63409,1.72285,58.1,58.1118,0.984876,1.05605,5.97406,5.8638,2,1.98045,0.289671,0.264923,0.212777,0.195545,0.785712,0.779787,0.131288,0.0959107,-0.191355,-0.187019,-0.00151758,-0.00974231
29.06,-9.92953,-9.89067,1.6938,1.78165,58.12,58.1316,1.02099,1.08933,5.96779,5.85812,2,1.98128,0.290975,0.265699,0.210859,0.193669,0.785697,0.779881,0.129546,0.0948397,-0.19229,-0.187994,-0.00151313,-0.00978963
29.07,-9.91914,-9.88012,1.75345,1.84038,58.14,58.1513,1.05706,1.12252,5.96128,5.85227,2,1.98213,0.292262,0.26647,0.208931,0.191787,0.785682,0.779974,0.127795,0.0937618,-0.193186,-0.188968,-0.00150865,-0.00983925
29.08,-9.90839,-9.86923,1.81302,1.89906,58.16,58.1711,1.09308,1.15562,5.95455,5.84626,2,1.98298,0.293531,0.267235,0.206995,0.189898,0.785667,0.780065,0.126035,0.0926814,-0.194043,-0.189945,-0.00150412,-0.00989127
29.09,-9.89727,-9.85802,1.87254,1.95767,58.18,58.1908,1.12905,1.18862,5.94759,5.84009,2,1.98386,0.294783,0.267994,0.20505,0.188001,0.785652,0.780154,0.124269,0.0915964,-0.194861,-0.19092,-0.00149955,-0.00994554
29.1,-9.8858,-9.84646,1.93198,2.01622,58.2,58.2106,1.16496,1.22153,5.9404,5.83376,2,1.98475,0.296016,0.268748,0.203098,0.186098,0.785637,0.780241,0.122497,0.0905087,-0.195641,-0.191896,-0.00149493,-0.010002
29.11,-9.87398,-9.83458,1.99134,2.0747,58.22,58.2303,1.20082,1.25434,5.93298,5.82726,2,1.98565,0.297233,0.269496,0.201138,0.184187,0.785622,0.780326,0.120721,0.0894146,-0.196381,-0.19287,-0.00149028,-0.0100608
29.12,-9.86179,-9.82235,2.05063,2.1331,58.24,58.2501,1.23662,1.28706,5.92533,5.82059,2,1.98657,0.298431,0.270239,0.19917,0.182269,0.785607,0.780409,0.118942,0.0883169,-0.197083,-0.193846,-0.00148558,-0.0101217
29.13,-9.84924,-9.8098,2.10985,2.19143,58.26,58.2699,1.27236,1.31967,5.91746,5.81376,2,1.9875,0.299611,0.270976,0.197196,0.180344,0.785592,0.780489,0.117161,0.0872157,-0.197746,-0.19482,-0.00148085,-0.0101847
29.14,-9.83634,-9.79691,2.16898,2.24968,58.28,58.2897,1.30805,1.35218,5.90936,5.80676,2,1.98844,0.300774,0.271707,0.195216,0.178412,0.785577,0.780567,0.11538,0.0861099,-0.198372,-0.195793,-0.00147607,-0.0102497
29.15,-9.82308,-9.78368,2.22804,2.30785,58.3,58.3095,1.34367,1.38459,5.90104,5.79959,2,1.9894,0.301919,0.272434,0.193229,0.176472,0.785562,0.780642,0.1136,0.0850011,-0.198959,-0.196767,-0.00147126,-0.0103167
29.16,-9.80947,-9.77013,2.287,2.36595,58.32,58.3293,1.37922,1.4169,5.89249,5.79225,2,1.99038,0.303046,0.273154,0.191236,0.174525,0.785548,0.780715,0.111822,0.0838872,-0.199509,-0.197738,-0.0014664,-0.0103857
29.17,-9.7955,-9.75624,2.34588,2.42394,58.34,58.3491,1.41471,1.4491,5.88372,5.78473,2,1.99136,0.304155,0.27387,0.189239,0.172571,0.785533,0.780785,0.110048,0.0827682,-0.200022,-0.198707,-0.00146151,-0.0104565
29.18,-9.78117,-9.74201,2.40468,2.48186,58.36,58.3689,1.45013,1.48119,5.87474,5.77704,2,1.99237,0.305247,0.27458,0.187236,0.170609,0.785518,0.780852,0.108278,0.0816472,-0.200498,-0.199675,-0.00145657,-0.0105292
29.19,-9.7665,-9.72745,2.46338,2.53969,58.38,58.3888,1.48549,1.51318,5.86553,5.76918,2,1.99338,0.306321,0.275284,0.185229,0.168639,0.785504,0.780916,0.106514,0.0805232,-0.200938,-0.20064,-0.0014516,-0.0106036
29.2,-9.75146,-9.71255,2.52199,2.59743,58.4,58.4086,1.52077,1.54505,5.8561,5.76114,2,1.99441,0.307377,0.275983,0.183218,0.166662,0.785489,0.780977,0.104756,0.0793918,-0.201342,-0.201602,-0.00144659,-0.0106797
29.21,-9.73608,-9.69733,2.5805,2.65506,58.42,58.4285,1.55599,1.57681,5.84645,5.75292,2,1.99545,0.308416,0.276677,0.181202,0.164679,0.785475,0.781035,0.103007,0.0782585,-0.201712,-0.202561,-0.00144154,-0.0107573
29.22,-9.72035,-9.68177,2.63892,2.7126,58.44,58.4483,1.59113,1.60846,5.83659,5.74452,2,1.9965,0.309437,0.277365,0.179183,0.162687,0.785461,0.78109,0.101267,0.0771227,-0.202048,-0.203518,-0.00143646,-0.0108366
29.23,-9.70426,-9.66588,2.69723,2.77004,58.46,58.4682,1.62619,1.63999,5.82651,5.73593,2,1.99757,0.310442,0.278048,0.177161,0.160687,0.785446,0.781141,0.0995371,0.0759823,-0.20235,-0.204468,-0.00143134,-0.0109172
29.24,-9.68782,-9.64965,2.75544,2.82738,58.48,58.4881,1.66118,1.67141,5.81621,5.72717,2,1.99865,0.311428,0.278725,0.175137,0.158679,0.785432,0.781189,0.0978186,0.0748377,-0.202619,-0.205414,-0.00142618,-0.0109992
29.25,-9.67104,-9.63309,2.81355,2.88461,58.5,58.5079,1.69609,1.70271,5.80571,5.71821,2,1.99974,0.312398,0.279398,0.173109,0.156664,0.785418,0.781233,0.0961124,0.0736898,-0.202856,-0.206358,-0.00142098,-0.0110825
29.26,-9.6539,-9.61619,2.87156,2.94173,58.52,58.5278,1.73093,1.7339,5.79499,5.70907,2,2.00084,0.313351,0.280064,0.17108,0.154641,0.785404,0.781274,0.0944195,0.0725402,-0.203062,-0.207297,-0.00141575,-0.0111671
29.27,-9.63642,-9.59897,2.92945,2.99875,58.54,58.5477,1.76568,1.76496,5.78406,5.69975,2,2.00195,0.314286,0.280726,0.169048,0.15261,0.785389,0.781311,0.0927409,0.0713847,-0.203238,-0.208229,-0.00141049,-0.0112527
29.28,-9.61859,-9.58142,2.98724,3.05565,58.56,58.5676,1.80036,1.79591,5.77292,5.69023,2,2.00308,0.315205,0.281382,0.167015,0.150571,0.785375,0.781343,0.0910775,0.0702239,-0.203385,-0.209155,-0.00140519,-0.0113393
29.29,-9.60041,-9.56353,3.04491,3.11244,58.58,58.5876,1.83495,1.82673,5.76157,5.68051,2,2.00422,0.316108,0.282032,0.16498,0.148523,0.785361,0.781372,0.0894302,0.0690657,-0.203503,-0.210077,-0.00139985,-0.0114268
29.3,-9.58189,-9.54531,3.10247,3.1691,58.6,58.6075,1.86945,1.85743,5.75001,5.6706,2,2.00537,0.316994,0.282677,0.162945,0.146468,0.785347,0.781397,0.0877997,0.0679011,-0.203594,-0.210989,-0.00139448,-0.0115152
29.31,-9.56302,-9.52676,3.15991,3.22564,58.62,58.6274,1.90388,1.88801,5.73825,5.6605,2,2.00653,0.317864,0.283317,0.160909,0.144404,0.785333,0.781418,0.086187,0.0667324,-0.203659,-0.211895,-0.00138907,-0.0116043
29.32,-9.54381,-9.50789,3.21723,3.28207,58.64,58.6474,1.93821,1.91846,5.72628,5.65019,2,2.00769,0.318718,0.283951,0.158872,0.142331,0.78532,0.781435,0.0845928,0.0655636,-0.203699,-0.212793,-0.00138363,-0.011694
29.33,-9.52426,-9.48868,3.27444,3.33837,58.66,58.6674,1.97246,1.94879,5.71411,5.63968,2,2.00888,0.319556,0.284579,0.156835,0.14025,0.785306,0.781447,0.0830179,0.0643883,-0.203714,-0.213683,-0.00137816,-0.0117843
29.34,-9.50436,-9.46914,3.33151,3.39455,58.68,58.6874,2.00663,1.97899,5.70174,5.62897,2,2.01007,0.320378,0.285202,0.154798,0.13816,0.785292,0.781455,0.0814628,0.063211,-0.203706,-0.214565,-0.00137265,-0.0118749
29.35,-9.48412,-9.44927,3.38847,3.4506,58.7,58.7074,2.0407,2.00907,5.68916,5.61805,2,2.01127,0.321185,0.28582,0.152761,0.136062,0.785278,0.781458,0.0799282,0.0620333,-0.203677,-0.215437,-0.00136711,-0.0119659
29.36,-9.46355,-9.42908,3.4453,3.50652,58.72,58.7274,2.07468,2.03902,5.67639,5.60693,2,2.01247,0.321977,0.286431,0.150724,0.133954,0.785265,0.781457,0.0784148,0.0608506,-0.203626,-0.2163,-0.00136154,-0.012057
29.37,-9.44263,-9.40856,3.502,3.5623,58.74,58.7474,2.10858,2.06884,5.66341,5.59559,2,2.01369,0.322754,0.287037,0.148688,0.131838,0.785251,0.781451,0.0769231,0.0596653,-0.203556,-0.217151,-0.00135594,-0.0121482
29.38,-9.42138,-9.38771,3.55856,3.61795,58.76,58.7674,2.14238,2.09852,5.65024,5.58405,2,2.01492,0.323515,0.287638,0.146653,0.129712,0.785238,0.78144,0.0754536,0.0584785,-0.203468,-0.217993,-0.0013503,-0.0122394
29.39,-9.39978,-9.36654,3.615,3.67346,58.78,58.7874,2.17609,2.12808,5.63687,5.57228,2,2.01616,0.324263,0.288233,0.144619,0.127578,0.785224,0.781425,0.0740067,0.0572882,-0.203363,-0.218823,-0.00134464,-0.0123304
29.4,-9.37786,-9.34504,3.6713,3.72883,58.8,58.8075,2.2097,2.15751,5.62331,5.5603,2,2.0174,0.324996,0.288821,0.142586,0.125433,0.785211,0.781404,0.0725829,0.0560955,-0.203241,-0.21964,-0.00133894,-0.0124211
29.41,-9.35559,-9.32322,3.72747,3.78407,58.82,58.8276,2.24322,2.18681,5.60955,5.5481,2,2.01865,0.325715,0.289405,0.140554,0.12328,0.785197,0.781378,0.0711824,0.0549009,-0.203105,-0.220446,-0.00133321,-0.0125115
29.42,-9.33299,-9.30107,3.78349,3.83917,58.84,58.8477,2.27665,2.21598,5.5956,5.53568,2,2.01991,0.326419,0.289982,0.138524,0.121116,0.785184,0.781348,0.0698057,0.0537056,-0.202956,-0.221239,-0.00132745,-0.0126013
29.43,-9.31006,-9.27861,3.83938,3.89412,58.86,58.8678,2.30998,2.24502,5.58146,5.52304,2,2.02118,0.327111,0.290554,0.136495,0.118943,0.785171,0.781312,0.068453,0.052506,-0.202794,-0.222016,-0.00132166,-0.0126906
29.44,-9.28679,-9.25582,3.89512,3.94893,58.88,58.8879,2.34321,2.27393,5.56713,5.51017,2,2.02245,0.327789,0.291119,0.134468,0.11676,0.785158,0.781271,0.0671245,0.0513058,-0.202622,-0.222782,-0.00131585,-0.0127791
29.45,-9.26319,-9.23271,3.95072,4.0036,58.9,58.908,2.37635,2.3027,5.55261,5.49707,2,2.02373,0.328453,0.29168,0.132443,0.114568,0.785144,0.781224,0.0658204,0.0501019,-0.20244,-0.223532,-0.00131,-0.0128666
29.46,-9.23927,-9.20929,4.00617,4.0581,58.92,58.9282,2.40939,2.33134,5.5379,5.48375,2,2.02502,0.329105,0.292233,0.130419,0.112365,0.785131,0.781172,0.0645408,0.0488982,-0.202249,-0.224267,-0.00130412,-0.0129532
29.47,-9.21501,-9.18554,4.06148,4.11248,58.94,58.9483,2.44232,2.35985,5.523,5.47019,2,2.02631,0.329744,0.292781,0.128398,0.110152,0.785118,0.781115,0.0632858,0.0476913,-0.202051,-0.224987,-0.00129822,-0.0130386
29.48,-9.19042,-9.16149,4.11663,4.16669,58.96,58.9685,2.47516,2.38823,5.50792,5.45639,2,2.02761,0.330371,0.293323,0.126378,0.107929,0.785105,0.781052,0.0620553,0.0464846,-0.201848,-0.225688,-0.00129228,-0.0131228
29.49,-9.1655,-9.13711,4.17163,4.22076,58.98,58.9887,2.5079,2.41648,5.49265,5.44237,2,2.02892,0.330985,0.293859,0.124361,0.105695,0.785092,0.780984,0.0608494,0.0452747,-0.20164,-0.226375,-0.00128632,-0.0132056
29.5,-9.14026,-9.11243,4.22648,4.27468,59,59.0089,2.54054,2.44459,5.4772,5.4281,2,2.03022,0.331588,0.294389,0.122345,0.10345,0.78508,0.780909,0.0596681,0.0440636,-0.201428,-0.227045,-0.00128033,-0.0132869
29.51,-9.11469,-9.08743,4.28118,4.32845,59.02,59.0292,2.57308,2.47258,5.46156,5.41359,2,2.03154,0.332179,0.294912,0.120332,0.101195,0.785067,0.780829,0.0585111,0.0428516,-0.201215,-0.227694,-0.00127432,-0.0133666
29.52,-9.0888,-9.06212,4.33571,4.38207,59.04,59.0494,2.60551,2.50043,5.44574,5.39884,2,2.03286,0.332758,0.29543,0.118321,0.0989289,0.785054,0.780744,0.0573783,0.0416363,-0.201,-0.228329,-0.00126827,-0.0134446
29.53,-9.06258,-9.03651,4.39009,4.43552,59.06,59.0697,2.63784,2.52815,5.42975,5.38385,2,2.03418,0.333326,0.295942,0.116312,0.0966522,0.785042,0.780652,0.0562695,0.0404241,-0.200786,-0.228941,-0.0012622,-0.0135206
29.54,-9.03604,-9.01059,4.44431,4.48883,59.08,59.09,2.67007,2.55574,5.41357,5.36862,2,2.0355,0.333884,0.296447,0.114305,0.0943642,0.785029,0.780555,0.0551845,0.0392069,-0.200574,-0.229535,-0.00125611,-0.0135947
29.55,-9.00918,-8.98437,4.49836,4.54197,59.1,59.1103,2.7022,2.58319,5.39721,5.35314,2,2.03683,0.33443,0.296946,0.112301,0.0920656,0.785016,0.780451,0.0541229,0.0379918,-0.200364,-0.230109,-0.00124999,-0.0136667
29.56,-8.982,-8.95785,4.55225,4.59496,59.12,59.1307,2.73422,2.61052,5.38068,5.33742,2,2.03816,0.334966,0.297439,0.110298,0.0897556,0.785004,0.780342,0.0530843,0.0367743,-0.200158,-0.230663,-0.00124384,-0.0137365
29.57,-8.9545,-8.93103,4.60598,4.64779,59.14,59.151,2.76613,2.63772,5.36396,5.32144,2,2.0395,0.335492,0.297925,0.108298,0.0874342,0.784992,0.780227,0.0520685,0.0355573,-0.199956,-0.231197,-0.00123767,-0.0138039
29.58,-8.92668,-8.90391,4.65953,4.70046,59.16,59.1714,2.79795,2.66479,5.34708,5.30522,2,2.04083,0.336008,0.298405,0.106299,0.0851018,0.784979,0.780105,0.051075,0.0343379,-0.199761,-0.231708,-0.00123147,-0.013869
29.59,-8.89854,-8.8765,4.71292,4.75298,59.18,59.1918,2.82965,2.69172,5.33001,5.28874,2,2.04217,0.336514,0.298879,0.104302,0.0827581,0.784967,0.779978,0.0501032,0.033121,-0.199573,-0.232198,-0.00122525,-0.0139315
29.6,-8.87009,-8.8488,4.76613,4.80533,59.2,59.2122,2.86125,2.71853,5.31277,5.27202,2,2.04351,0.33701,0.299346,0.102307,0.0804027,0.784955,0.779844,0.0491527,0.0319014,-0.199394,-0.232667,-0.001219,-0.0139913
29.61,-8.84132,-8.82082,4.81917,4.85752,59.22,59.2327,2.89274,2.74521,5.29536,5.25504,2,2.04485,0.337497,0.299807,0.100314,0.0780361,0.784943,0.779704,0.048223,0.0306832,-0.199223,-0.233116,-0.00121273,-0.0140483
29.62,-8.81223,-8.79254,4.87204,4.90956,59.24,59.2532,2.92413,2.77177,5.27778,5.23782,2,2.0462,0.337974,0.300262,0.0983229,0.0756581,0.78493,0.779558,0.0473133,0.0294633,-0.199062,-0.233539,-0.00120644,-0.0141025
29.63,-8.78283,-8.764,4.92473,4.96141,59.26,59.2736,2.95541,2.79818,5.26002,5.22035,2,2.04754,0.338443,0.30071,0.0963331,0.0732696,0.784918,0.779406,0.0464231,0.0282442,-0.198913,-0.233939,-0.00120013,-0.0141538
29.64,-8.75312,-8.73517,4.97724,5.01312,59.28,59.2942,2.98658,2.82448,5.2421,5.20262,2,2.04888,0.338903,0.301152,0.0943446,0.070869,0.784906,0.779248,0.0455518,0.0270245,-0.198776,-0.234317,-0.00119379,-0.014202
29.65,-8.7231,-8.70606,5.02957,5.06466,59.3,59.3147,3.01764,2.85065,5.224,5.18465,2,2.05022,0.339354,0.301588,0.0923575,0.0684571,0.784895,0.779084,0.0446986,0.0258063,-0.198652,-0.234671,-0.00118743,-0.0142472
29.66,-8.69277,-8.67669,5.08172,5.11603,59.32,59.3352,3.04859,2.87669,5.20573,5.16642,2,2.05157,0.339797,0.302016,0.0903716,0.0660337,0.784883,0.778913,0.0438628,0.0245892,-0.198541,-0.235002,-0.00118104,-0.0142891
29.67,-8.66213,-8.64706,5.13368,5.16723,59.34,59.3558,3.07944,2.9026,5.18729,5.14794,2,2.05291,0.340231,0.302439,0.0883866,0.0635994,0.784871,0.778736,0.0430436,0.0233724,-0.198445,-0.235308,-0.00117464,-0.0143277
29.68,-8.63118,-8.61717,5.18546,5.21827,59.36,59.3764,3.11017,2.92838,5.16869,5.12922,2,2.05425,0.340658,0.302856,0.0864026,0.0611544,0.784859,0.778553,0.0422402,0.0221567,-0.198365,-0.235592,-0.00116821,-0.014363
29.69,-8.59993,-8.58701,5.23706,5.26913,59.38,59.397,3.1408,2.95404,5.14991,5.11026,2,2.05559,0.341076,0.303265,0.0844193,0.0586982,0.784848,0.778364,0.0414519,0.0209403,-0.1983,-0.235851,-0.00116177,-0.0143949
29.7,-8.56837,-8.55661,5.28846,5.31982,59.4,59.4176,3.17131,2.97958,5.13097,5.09105,2,2.05692,0.341487,0.303669,0.0824365,0.0562313,0.784836,0.778169,0.0406776,0.0197248,-0.198252,-0.236086,-0.0011553,-0.0144234
29.71,-8.5365,-8.52598,5.33967,5.37033,59.42,59.4383,3.20171,3.00498,5.11187,5.0716,2,2.05826,0.34189,0.304066,0.0804542,0.053754,0.784824,0.777967,0.0399167,0.0185112,-0.198222,-0.236299,-0.00114881,-0.0144483
29.72,-8.50433,-8.4951,5.3907,5.42066,59.44,59.459,3.23201,3.03026,5.0926,5.05191,2,2.05959,0.342285,0.304456,0.0784721,0.0512668,0.784813,0.77776,0.0391681,0.0173004,-0.198209,-0.236485,-0.00114231,-0.0144697
29.73,-8.47186,-8.46398,5.44153,5.47082,59.46,59.4796,3.26219,3.05541,5.07316,5.03198,2,2.06092,0.342673,0.30484,0.0764899,0.0487691,0.784802,0.777546,0.038431,0.0160897,-0.198215,-0.236647,-0.00113578,-0.0144874
29.74,-8.43909,-8.43264,5.49216,5.5208,59.48,59.5003,3.29225,3.08043,5.05355,5.01183,2,2.06225,0.343054,0.305218,0.0745077,0.0462615,0.78479,0.777327,0.0377045,0.0148806,-0.19824,-0.23679,-0.00112923,-0.0145016
29.75,-8.40602,-8.40108,5.5426,5.57059,59.5,59.521,3.32221,3.10533,5.03379,4.99144,2,2.06358,0.343427,0.30559,0.0725251,0.0437444,0.784779,0.777102,0.0369874,0.0136743,-0.198284,-0.236906,-0.00112267,-0.0145121
29.76,-8.37265,-8.36931,5.59283,5.62019,59.52,59.5418,3.35205,3.1301,5.01385,4.97083,2,2.0649,0.343794,0.305956,0.0705419,0.041218,0.784768,0.77687,0.036279,0.0124708,-0.198348,-0.236998,-0.00111608,-0.0145189
29.77,-8.33898,-8.33733,5.64287,5.66961,59.54,59.5625,3.38178,3.15473,4.99376,4.95,2,2.06621,0.344153,0.306315,0.0685581,0.0386829,0.784757,0.776633,0.0355781,0.0112679,-0.198432,-0.237069,-0.00110948,-0.0145222
29.78,-8.30501,-8.30516,5.69271,5.71882,59.56,59.5832,3.41139,3.17924,4.9735,4.92895,2,2.06753,0.344505,0.306667,0.0665732,0.0361397,0.784746,0.77639,0.0348838,0.0100676,-0.198537,-0.237118,-0.00110286,-0.0145217
29.79,-8.27075,-8.27279,5.74234,5.76784,59.58,59.604,3.44089,3.20361,4.95308,4.9077,2,2.06883,0.344851,0.307014,0.0645872,0.0335884,0.784735,0.776142,0.0341951,0.00887107,-0.198662,-0.237142,-0.00109622,-0.0145175
29.8,-8.23619,-8.24026,5.79177,5.81663,59.6,59.6247,3.47028,3.22785,4.9325,4.88624,2,2.07014,0.345189,0.307355,0.0625999,0.0310302,0.784724,0.775887,0.033511,0.00767731,-0.198809,-0.237146,-0.00108957,-0.0145098
29.81,-8.20134,-8.20754,5.84099,5.86524,59.62,59.6455,3.49954,3.25195,4.91175,4.86458,2,2.07144,0.345521,0.307689,0.060611,0.0284646,0.784713,0.775628,0.0328303,0.00648462,-0.198976,-0.237129,-0.0010829,-0.0144983
29.82,-8.1662,-8.17467,5.89,5.91363,59.64,59.6662,3.5287,3.27592,4.89085,4.84273,2,2.07273,0.345846,0.308017,0.0586203,0.0258927,0.784702,0.775363,0.0321521,0.00529694,-0.199164,-0.237091,-0.00107621,-0.0144833
29.83,-8.13077,-8.14163,5.93881,5.9618,59.66,59.6869,3.55773,3.29976,4.86978,4.8207,2,2.07402,0.346164,0.30834,0.0566276,0.0233145,0.784691,0.775092,0.0314754,0.00411319,-0.199374,-0.237034,-0.0010695,-0.0144647
29.84,-8.09505,-8.10846,5.9874,6.00975,59.68,59.7077,3.58665,3.32346,4.84855,4.79848,2,2.0753,0.346475,0.308656,0.0546328,0.0207314,0.784681,0.774817,0.0307991,0.00293171,-0.199605,-0.236955,-0.00106278,-0.0144426
29.85,-8.05904,-8.07515,6.03578,6.05746,59.7,59.7284,3.61545,3.34701,4.82716,4.7761,2,2.07658,0.34678,0.308967,0.0526355,0.0181436,0.78467,0.774536,0.0301221,0.00175499,-0.199856,-0.236859,-0.00105605,-0.014417
29.86,-8.02274,-8.04171,6.08394,6.10495,59.72,59.7491,3.64413,3.37042,4.80561,4.75355,2,2.07785,0.347078,0.309272,0.0506356,0.0155521,0.78466,0.77425,0.0294435,0.000582211,-0.200129,-0.236746,-0.00104929,-0.0143882
29.87,-7.98616,-8.00817,6.13189,6.15219,59.74,59.7698,3.6727,3.39369,4.7839,4.73085,2,2.07911,0.347369,0.309572,0.0486328,0.0129572,0.784649,0.77396,0.0287621,-0.000587113,-0.200422,-0.236615,-0.00104253,-0.0143559
29.88,-7.94929,-7.97453,6.17962,6.19917,59.76,59.7905,3.70114,3.4168,4.76203,4.70802,2,2.08037,0.347653,0.309865,0.0466271,0.0103608,0.784639,0.773664,0.028077,-0.00174893,-0.200737,-0.236467,-0.00103575,-0.0143204
29.89,-7.91213,-7.9408,6.22713,6.24589,59.78,59.8111,3.72947,3.43976,4.74,4.68504,2,2.08162,0.34793,0.310153,0.044618,0.00776225,0.784628,0.773364,0.0273871,-0.00290967,-0.201071,-0.236306,-0.00102895,-0.0142818
29.9,-7.8747,-7.90699,6.27442,6.29237,59.8,59.8317,3.75767,3.46257,4.71782,4.66193,2,2.08286,0.348201,0.310436,0.0426056,0.00516247,0.784618,0.77306,0.0266915,-0.00406159,-0.201425,-0.236129,-0.00102214,-0.01424
29.91,-7.83698,-7.87311,6.32149,6.33856,59.82,59.8523,3.78575,3.48523,4.69547,4.63871,2,2.08409,0.348464,0.310712,0.0405895,0.00256306,0.784608,0.772751,0.0259891,-0.00521041,-0.201799,-0.235939,-0.00101532,-0.0141953
29.92,-7.79898,-7.83918,6.36833,6.38448,59.84,59.8728,3.81371,3.50772,4.67296,4.61538,2,2.08532,0.34872,0.310984,0.0385695,-3.51705e-05,0.784598,0.772438,0.025279,-0.00635243,-0.202193,-0.235737,-0.00100848,-0.0141478
29.93,-7.76071,-7.80521,6.41494,6.43011,59.86,59.8933,3.84155,3.53006,4.6503,4.59196,2,2.08654,0.34897,0.311251,0.0365455,-0.00263191,0.784588,0.772121,0.0245601,-0.00748719,-0.202605,-0.235524,-0.00100163,-0.0140976
29.94,-7.72215,-7.77121,6.46133,6.47543,59.88,59.9138,3.86926,3.55222,4.62748,4.56846,2,2.08775,0.349212,0.311512,0.0345174,-0.0052256,0.784578,0.771801,0.0238316,-0.00861765,-0.203035,-0.2353,-0.000994771,-0.0140447
29.95,-7.68332,-7.73721,6.50749,6.52045,59.9,59.9342,3.89685,3.57422,4.6045,4.54488,2,2.08896,0.349446,0.311769,0.0324848,-0.00781531,0.784568,0.771476,0.0230924,-0.00974167,-0.203483,-0.235069,-0.000987897,-0.0139894
29.96,-7.64422,-7.7032,6.55342,6.56515,59.92,59.9545,3.92431,3.59603,4.58136,4.52125,2,2.09015,0.349673,0.31202,0.0304476,-0.0103996,0.784558,0.771148,0.0223417,-0.0108578,-0.203948,-0.234829,-0.000981011,-0.0139317
29.97,-7.60484,-7.66921,6.59912,6.60953,59.94,59.9748,3.95165,3.61767,4.55806,4.49756,2,2.09134,0.349893,0.312266,0.0284058,-0.0129789,0.784548,0.770817,0.0215786,-0.0119677,-0.20443,-0.234583,-0.000974113,-0.0138717
29.98,-7.56518,-7.63524,6.64458,6.65357,59.96,59.995,3.97886,3.63913,4.53461,4.47383,2,2.09251,0.350105,0.312508,0.026359,-0.0155512,0.784539,0.770483,0.0208023,-0.01307,-0.204928,-0.234333,-0.000967203,-0.0138097
29.99,-7.52526,-7.60131,6.68981,6.69728,59.98,60.0152,4.00594,3.6604,4.511,4.45009,2,2.09368,0.350309,0.312745,0.0243072,-0.0181156,0.784529,0.770145,0.0200118,-0.0141631,-0.20544,-0.234079,-0.000960283,-0.0137458
