t,x_true,x_est,y_true,y_est,z_true,z_est,vx_true,vx_est,vy_true,vy_est,vz_true,vz_est,phi_true,phi_est,theta_true,theta_est,psi_true,psi_est,p_true,p_est,q_true,q_est,r_true,r_est,x_noisy,y_noisy,z_noisy,phi_noisy,theta_noisy,psi_noisy
0,4.60183,4.53389,4.96252,4.97239,0.313534,0.326304,0,0.0094759,0,0.0125636,0,-0.0380107,0.0259383,-0.00345855,-0.00691345,0.00752667,0.0170917,0.00424661,0,0.0626328,0,0.0292213,0,-0.000779465,4.60183,4.96252,0.313534,0.0259383,-0.00691345,0.0170917
0.01,4.60183,4.5357,4.9625,4.97775,0.314015,0.327399,-0.00133812,0.0105157,-0.00498231,0.0123197,0.096276,0.0597627,0.0246532,-0.00580126,-0.00812176,0.00280807,0.0170938,0.0045295,-0.251069,-0.180584,-0.23606,-0.22402,0.00041525,-0.000112304,4.60183,4.9625,0.314015,0.0246532,-0.00812176,0.0170938
0.02,4.60181,4.53772,4.96242,4.98177,0.31546,0.328365,-0.00313816,0.0112827,-0.00948993,0.0112744,0.19256,0.159804,0.0210301,-0.0111053,-0.0115283,-0.00409973,0.0171,0.00472373,-0.46819,-0.395233,-0.440201,-0.448885,0.000836202,0.000578833,4.60181,4.96242,0.31546,0.0210301,-0.0115283,0.0171
0.03,4.60176,4.53891,4.96231,4.98458,0.317867,0.330121,-0.00580476,0.010446,-0.0131071,0.012196,0.288852,0.261397,0.015391,-0.0189309,-0.0168302,-0.0123714,0.0171105,0.00487179,-0.654806,-0.582037,-0.615661,-0.64326,0.00126271,0.00130226,4.60176,4.96231,0.317867,0.015391,-0.0168302,0.0171105
0.04,4.60169,4.53894,4.96216,4.98666,0.321237,0.333071,-0.00968585,0.00740924,-0.0154761,0.0163693,0.385142,0.363492,0.00802517,-0.0286953,-0.0237557,-0.0214833,0.0171253,0.00500519,-0.814049,-0.742431,-0.765385,-0.808019,0.00169461,0.00205211,4.60169,4.96216,0.321237,0.00802517,-0.0237557,0.0171253
0.05,4.60156,4.53789,4.962,4.98844,0.325569,0.337269,-0.015078,0.00200684,-0.0162921,0.0240165,0.481409,0.464952,-0.000808253,-0.0398112,-0.0320611,-0.0311724,0.0171444,0.00513428,-0.948768,-0.878257,-0.89205,-0.945467,0.00213177,0.00281748,4.60156,4.962,0.325569,-0.000808253,-0.0320611,0.0171444
0.06,4.60138,4.53595,4.96184,4.99016,0.330865,0.342603,-0.0222317,-0.00580582,-0.0152969,0.0348973,0.577618,0.564825,-0.0108771,-0.0517676,-0.041528,-0.0413292,0.0171679,0.00524967,-1.06155,-0.991751,-0.99809,-1.05839,0.00257403,0.00358997,4.60138,4.96184,0.330865,-0.0108771,-0.041528,0.0171679
0.07,4.60111,4.53332,4.96171,4.99191,0.337121,0.348926,-0.0313554,-0.0160748,-0.0122746,0.048671,0.673723,0.662396,-0.021974,-0.0641697,-0.0519615,-0.0519129,0.0171959,0.00533112,-1.15475,-1.08534,-1.08572,-1.14963,0.00302126,0.00436533,4.60111,4.96171,0.337121,-0.021974,-0.0519615,0.0171959
0.08,4.60074,4.53014,4.96161,4.99364,0.344339,0.35612,-0.0426198,-0.0288347,-0.00704718,0.0650283,0.769668,0.757142,-0.0339139,-0.0767462,-0.0631876,-0.0628948,0.0172284,0.00535797,-1.23049,-1.16145,-1.15693,-1.22205,0.00347329,0.00514227,4.60074,4.96161,0.344339,-0.0339139,-0.0631876,0.0172284
0.09,4.60025,4.5265,4.96157,4.9953,0.352514,0.364108,-0.0561633,-0.0440585,0.000531074,0.0837026,0.865403,0.848665,-0.0465321,-0.0893346,-0.0750515,-0.0742302,0.0172654,0.00531598,-1.29071,-1.22241,-1.21355,-1.27851,0.00393,0.00592074,4.60025,4.96157,0.352514,-0.0465321,-0.0750515,0.0172654
0.1,4.59961,4.52249,4.96163,4.99683,0.361638,0.372867,-0.0718962,-0.0616417,0.0104477,0.104463,0.95859,0.93665,-0.0596823,-0.101856,-0.0874156,-0.085852,0.017307,0.00519907,-1.33717,-1.27029,-1.25723,-1.32173,0.00439122,0.00670073,4.59961,4.96163,0.361638,-0.0596823,-0.0874156,0.017307
0.11,4.59881,4.51821,4.96179,4.99821,0.371664,0.38241,-0.0894919,-0.0814163,0.022496,0.127109,1.04542,1.02083,-0.0732349,-0.114286,-0.100158,-0.0976796,0.0173532,0.00500801,-1.37145,-1.30691,-1.28946,-1.35413,0.00485683,0.007482,4.59881,4.96179,0.371664,-0.0732349,-0.100158,0.0173532
0.12,4.59782,4.51373,4.96208,4.99943,0.382527,0.39278,-0.108895,-0.10318,0.0366109,0.151468,1.12631,1.101,-0.0870754,-0.126627,-0.113171,-0.109631,0.0174041,0.00474781,-1.39498,-1.33374,-1.31158,-1.37773,0.00532667,0.00826395,4.59782,4.96208,0.382527,-0.0870754,-0.113171,0.0174041
0.13,4.59662,4.50917,4.96253,5.00054,0.394171,0.404035,-0.130025,-0.126725,0.0527082,0.177395,1.2015,1.17699,-0.101103,-0.138889,-0.12636,-0.121633,0.0174598,0.00442476,-1.40906,-1.35191,-1.32482,-1.39408,0.0058006,0.00904588,4.59662,4.96253,0.394171,-0.101103,-0.12636,0.0174598
0.14,4.59521,4.50462,4.96314,5.00162,0.406539,0.416231,-0.152796,-0.15185,0.0706969,0.204785,1.27126,1.24866,-0.115229,-0.151085,-0.139642,-0.133623,0.0175202,0.00404526,-1.41486,-1.36229,-1.33028,-1.40427,0.00627849,0.00982708,4.59521,4.96314,0.406539,-0.115229,-0.139642,0.0175202
0.15,4.59356,4.50017,4.96395,5.00275,0.419579,0.429406,-0.177113,-0.178372,0.0904812,0.233565,1.33585,1.31589,-0.129376,-0.163213,-0.152943,-0.14555,0.0175854,0.00361488,-1.41343,-1.36554,-1.32894,-1.40904,0.00676019,0.010607,4.59356,4.96395,0.419579,-0.129376,-0.152943,0.0175854
0.16,4.59166,4.49589,4.96496,5.00405,0.43324,0.443565,-0.202882,-0.206109,0.111963,0.263679,1.39552,1.3786,-0.143477,-0.175263,-0.166201,-0.157363,0.0176554,0.00313866,-1.40573,-1.36222,-1.3217,-1.4088,0.00724556,0.0113851,4.59166,4.96496,0.43324,-0.143477,-0.166201,0.0176554
0.17,4.5895,4.49186,4.96619,5.00563,0.447474,0.458664,-0.230005,-0.234883,0.135043,0.295075,1.45048,1.43672,-0.157473,-0.187204,-0.17936,-0.169007,0.0177303,0.00262195,-1.39262,-1.35288,-1.30936,-1.40372,0.00773446,0.0121607,4.5895,4.96619,0.447474,-0.157473,-0.17936,0.0177303
0.18,4.58706,4.48813,4.96766,5.00759,0.462235,0.474605,-0.258386,-0.264501,0.159624,0.327681,1.50099,1.49017,-0.171314,-0.198992,-0.192373,-0.180411,0.0178101,0.00207148,-1.37485,-1.33812,-1.29266,-1.3938,0.00822676,0.0129326,4.58706,4.96766,0.462235,-0.171314,-0.192373,0.0178101
0.19,4.58433,4.48473,4.96939,5.01002,0.477479,0.491225,-0.287932,-0.294756,0.185611,0.361385,1.54723,1.53892,-0.184956,-0.210561,-0.205201,-0.191482,0.0178948,0.00149674,-1.35312,-1.31867,-1.27223,-1.3789,0.00872232,0.013699,4.58433,4.96939,0.477479,-0.184956,-0.205201,0.0178948
0.2,4.5813,4.48169,4.97138,5.01294,0.493166,0.508313,-0.318551,-0.325432,0.212911,0.396023,1.58944,1.58297,-0.198365,-0.22184,-0.217808,-0.202104,0.0179845,0.000910779,-1.32804,-1.29534,-1.24865,-1.35881,0.00922101,0.0144571,4.5813,4.97138,0.493166,-0.198365,-0.217808,0.0179845
0.21,4.57796,4.47901,4.97365,5.01632,0.509255,0.525613,-0.350156,-0.356313,0.241436,0.431377,1.6278,1.62236,-0.211508,-0.232752,-0.230165,-0.212148,0.0180793,0.000331067,-1.30017,-1.26907,-1.22244,-1.33332,0.00972268,0.0152032,4.57796,4.97365,0.509255,-0.211508,-0.230165,0.0180793
0.22,4.57429,4.47664,4.97621,5.02004,0.52571,0.542872,-0.382665,-0.387218,0.271101,0.4672,1.6625,1.65721,-0.22436,-0.243241,-0.242249,-0.221486,0.018179,-0.000220411,-1.27,-1.24078,-1.19407,-1.3023,0.0102272,0.0159331,4.57429,4.97621,0.52571,-0.22436,-0.242249,0.018179
0.23,4.5703,4.4745,4.97908,5.02391,0.542494,0.559889,-0.415999,-0.418025,0.301827,0.50325,1.69373,1.6877,-0.236902,-0.253285,-0.254041,-0.230041,0.0182838,-0.000717249,-1.23796,-1.21137,-1.16395,-1.26601,0.0107345,0.0166429,4.5703,4.97908,0.542494,-0.236902,-0.254041,0.0182838
0.24,4.56597,4.47245,4.98225,5.0277,0.559573,0.576608,-0.450084,-0.448716,0.333537,0.539355,1.72166,1.71414,-0.249115,-0.262935,-0.265524,-0.237852,0.0183937,-0.00112815,-1.20445,-1.18147,-1.13245,-1.22555,0.0112443,0.017331,4.56597,4.98225,0.559573,-0.249115,-0.265524,0.0183937
0.25,4.5613,4.47035,4.98575,5.03113,0.576916,0.593242,-0.484853,-0.479426,0.366161,0.575471,1.74646,1.73698,-0.260987,-0.272362,-0.276686,-0.245198,0.0185087,-0.00141853,-1.16982,-1.1514,-1.09988,-1.18388,0.0117566,0.0180003,4.5613,4.98575,0.576916,-0.260987,-0.276686,0.0185087
0.26,4.55627,4.46799,4.98958,5.03397,0.594493,0.610406,-0.520242,-0.510455,0.399633,0.611767,1.76829,1.75682,-0.272508,-0.281895,-0.287519,-0.252705,0.0186288,-0.00155599,-1.13436,-1.12093,-1.06655,-1.14679,0.0122712,0.0186619,4.55627,4.98958,0.594493,-0.272508,-0.287519,0.0186288
0.27,4.55089,4.46492,4.99375,5.03636,0.612273,0.628986,-0.556192,-0.542133,0.43389,0.6487,1.78731,1.7744,-0.283672,-0.29196,-0.298015,-0.261206,0.0187541,-0.00153496,-1.09835,-1.08924,-1.03269,-1.12094,0.0127881,0.019336,4.55089,4.99375,0.612273,-0.283672,-0.298015,0.0187541
0.28,4.54514,4.46002,4.99826,5.03923,0.63023,0.64933,-0.592649,-0.574424,0.468875,0.686978,1.80365,1.79007,-0.294474,-0.302705,-0.308172,-0.270936,0.0188846,-0.00142813,-1.06202,-1.05541,-0.998534,-1.09918,0.013307,0.0200413,4.54514,4.99826,0.63023,-0.294474,-0.308172,0.0188846
0.29,4.53903,4.45253,5.00313,5.04364,0.648337,0.670256,-0.629568,-0.607056,0.504535,0.726712,1.81747,1.80326,-0.304912,-0.313569,-0.317935,-0.281077,0.0190203,-0.00141028,-1.02559,-1.02005,-0.928949,-1.02528,0.0138278,0.0207645,4.53903,5.00313,0.648337,-0.304912,-0.317935,0.0190203
0.3,4.53255,4.44414,5.00835,5.04884,0.666571,0.689923,-0.666818,-0.640529,0.540812,0.76641,1.8289,1.81311,-0.314986,-0.323701,-0.325646,-0.291033,0.0191612,-0.00164725,-0.989227,-0.98635,-0.588823,-0.804182,0.0143505,0.0214511,4.53255,5.00835,0.666571,-0.314986,-0.325646,0.0191612
0.31,4.5257,4.43668,5.01394,5.05356,0.684908,0.707742,-0.704021,-0.674608,0.577631,0.805682,1.83807,1.81969,-0.324698,-0.332676,-0.329843,-0.298902,0.0193073,-0.00209834,-0.953094,-0.954907,-0.258376,-0.457309,0.0148749,0.0220705,4.5257,5.01394,0.684908,-0.324698,-0.329843,0.0193073
0.32,4.51847,4.42972,5.01991,5.05836,0.703326,0.724418,-0.740826,-0.708085,0.614918,0.846189,1.84509,1.82387,-0.334049,-0.340676,-0.33076,-0.30194,0.0194587,-0.00259555,-0.917325,-0.92315,0.0749102,-0.0937078,0.0154008,0.0226485,4.51847,5.01991,0.703326,-0.334049,-0.33076,0.0194587
0.33,4.51088,4.42238,5.02624,5.06423,0.721803,0.740938,-0.776866,-0.740791,0.652595,0.888701,1.85009,1.82662,-0.343046,-0.348246,-0.328343,-0.299812,0.0196153,-0.00303747,-0.882037,-0.890579,0.408793,0.249082,0.0159282,0.0232215,4.51088,5.02624,0.721803,-0.343046,-0.328343,0.0196153
0.34,4.50294,4.41432,5.03296,5.0715,0.740321,0.757935,-0.811804,-0.772913,0.690588,0.932856,1.85319,1.82843,-0.351692,-0.355783,-0.322602,-0.293338,0.0197772,-0.00337543,-0.847327,-0.857831,0.735498,0.571566,0.0164569,0.0238113,4.50294,5.03296,0.740321,-0.351692,-0.322602,0.0197772
0.35,4.49465,4.4056,5.04006,5.0799,0.758861,0.775603,-0.845337,-0.804266,0.72883,0.977824,1.85449,1.82925,-0.359995,-0.363385,-0.313765,-0.283377,0.0199445,-0.00358116,-0.813279,-0.825382,1.02432,0.870927,0.0169869,0.024424,4.49465,5.04006,0.758861,-0.359995,-0.313765,0.0199445
0.36,4.48604,4.39651,5.04754,5.08894,0.777405,0.793841,-0.87722,-0.834344,0.767262,1.02272,1.85409,1.82873,-0.36796,-0.370959,-0.302256,-0.270734,0.020117,-0.00364422,-0.779962,-0.793525,1.27078,1.13975,0.0175179,0.0250552,4.48604,5.04754,0.777405,-0.36796,-0.302256,0.020117
0.37,4.47711,4.38736,5.0554,5.09815,0.795937,0.812426,-0.907268,-0.862606,0.805836,1.06682,1.8521,1.82656,-0.375596,-0.378358,-0.288476,-0.256152,0.0202948,-0.00356961,-0.747433,-0.7625,1.47924,1.37205,0.0180499,0.025696,4.47711,5.0554,0.795937,-0.375596,-0.288476,0.0202948
0.38,4.4679,4.37842,5.06365,5.10721,0.814442,0.831138,-0.935348,-0.888681,0.844516,1.10974,1.8486,1.82258,-0.382912,-0.385471,-0.272784,-0.240234,0.020478,-0.00337166,-0.715737,-0.732528,1.6537,1.56597,0.0185827,0.0263372,4.4679,5.06365,0.814442,-0.382912,-0.272784,0.020478
0.39,4.45841,4.36978,5.07229,5.11596,0.832905,0.849814,-0.961371,-0.912409,0.883272,1.15137,1.84369,1.81676,-0.389914,-0.392242,-0.255503,-0.223403,0.0206665,-0.00306867,-0.68491,-0.703763,1.79781,1.7234,0.0191163,0.0269729,4.45841,5.07229,0.832905,-0.389914,-0.255503,0.0206665
0.4,4.44868,4.3614,5.08132,5.1244,0.851312,0.868361,-0.985282,-0.933799,0.922087,1.19184,1.83746,1.80919,-0.396613,-0.398667,-0.236918,-0.205903,0.0208603,-0.00267905,-0.654981,-0.676252,1.91488,1.84833,0.0196505,0.0276006,4.44868,5.08132,0.851312,-0.396613,-0.236918,0.0208603
0.41,4.43872,4.35315,5.09073,5.13263,0.86965,0.886744,-1.00705,-0.95294,0.960948,1.23144,1.82999,1.8,-0.403017,-0.404773,-0.217285,-0.187849,0.0210595,-0.00221969,-0.625967,-0.64994,2.0079,1.9454,0.0201853,0.0282212,4.43872,5.09073,0.86965,-0.403017,-0.217285,0.0210595
0.42,4.42854,4.34485,5.10054,5.1408,0.887908,0.904967,-1.02668,-0.969938,0.999851,1.2705,1.82135,1.78936,-0.409135,-0.410602,-0.196831,-0.169279,0.021264,-0.00170548,-0.597884,-0.624687,2.0796,2.01902,0.0207204,0.0288373,4.42854,5.10054,0.887908,-0.409135,-0.196831,0.021264
0.43,4.41819,4.33636,5.11073,5.14911,0.906073,0.923054,-1.04418,-0.984887,1.0388,1.30938,1.81163,1.77741,-0.414977,-0.416198,-0.175756,-0.150194,0.0214739,-0.00114911,-0.570736,-0.600306,2.13242,2.07295,0.0212558,0.0294525,4.41819,5.11073,0.906073,-0.414977,-0.175756,0.0214739
0.44,4.40767,4.32753,5.12131,5.15771,0.924137,0.941036,-1.05958,-0.997844,1.07779,1.34836,1.80089,1.76429,-0.420553,-0.421602,-0.154238,-0.130596,0.0216891,-0.000561425,-0.544526,-0.576611,2.16859,2.11022,0.0217914,0.0300707,4.40767,5.12131,0.924137,-0.420553,-0.154238,0.0216891
0.45,4.397,4.31825,5.13229,5.16678,0.942088,0.958944,-1.07291,-1.00884,1.11684,1.38771,1.7892,1.75013,-0.425871,-0.426846,-0.132433,-0.110498,0.0219097,4.80553e-05,-0.519252,-0.553428,2.19013,2.13321,0.0223271,0.0306948,4.397,5.13229,0.942088,-0.425871,-0.132433,0.0219097
0.46,4.38622,4.30849,5.14365,5.17643,0.959918,0.976798,-1.08422,-1.01787,1.15595,1.42759,1.77663,1.73504,-0.430941,-0.431954,-0.110478,-0.0899465,0.0221357,0.000671239,-0.494906,-0.530632,2.19884,2.14377,0.0228627,0.0313272,4.38622,5.14365,0.959918,-0.430941,-0.110478,0.0221357
0.47,4.37533,4.29823,5.15541,5.18674,0.977618,0.994609,-1.09355,-1.02492,1.19514,1.46809,1.76324,1.71916,-0.435772,-0.436942,-0.0884936,-0.0690156,0.022367,0.00130093,-0.471479,-0.50815,2.19637,2.14339,0.0233982,0.0319689,4.37533,5.15541,0.977618,-0.435772,-0.0884936,0.022367
0.48,4.36435,4.28748,5.16755,5.19774,0.99518,1.01237,-1.10095,-1.02999,1.23443,1.50923,1.74909,1.70258,-0.440374,-0.44182,-0.0665834,-0.0478091,0.0226036,0.00193125,-0.448957,-0.485969,2.18417,2.13331,0.0239335,0.0326197,4.36435,5.16755,0.99518,-0.440374,-0.0665834,0.0226036
0.49,4.35331,4.27631,5.1801,5.20941,1.0126,1.03008,-1.10649,-1.03306,1.27383,1.55096,1.73423,1.68542,-0.444754,-0.44659,-0.044838,-0.0264542,0.0228457,0.00255732,-0.427326,-0.464127,2.16359,2.11465,0.0244684,0.0332782,4.35331,5.1801,1.0126,-0.444754,-0.044838,0.0228457
0.5,4.34223,4.26478,5.19303,5.22173,1.02986,1.0477,-1.11022,-1.03415,1.31336,1.59319,1.71873,1.6678,-0.448923,-0.451254,-0.0233355,-0.00509044,0.023093,0.00317557,-0.406567,-0.442714,2.13581,2.08847,0.0250028,0.0339424,4.34223,5.19303,1.02986,-0.448923,-0.0233355,0.023093
0.51,4.33111,4.25298,5.20636,5.23462,1.04697,1.0652,-1.11218,-1.0333,1.35303,1.63578,1.70263,1.64982,-0.452889,-0.455811,-0.00214222,0.0161433,0.0233457,0.00378363,-0.386662,-0.421838,2.1019,2.0558,0.0255367,0.0346093,4.33111,5.20636,1.04697,-0.452889,-0.00214222,0.0233457
0.52,4.31999,4.24099,5.22009,5.248,1.06391,1.08254,-1.11244,-1.03056,1.39286,1.67859,1.68598,1.63156,-0.456659,-0.460258,0.0186852,0.0371172,0.0236037,0.00438015,-0.367591,-0.40163,2.06281,2.01763,0.02607,0.035276,4.31999,5.22009,1.06391,-0.456659,0.0186852,0.0236037
0.53,4.30887,4.2289,5.23422,5.26178,1.08069,1.0997,-1.11105,-1.02602,1.43287,1.72148,1.66882,1.61311,-0.460243,-0.464596,0.0390995,0.0577218,0.0238671,0.00496473,-0.34933,-0.382212,2.0194,1.97491,0.0266024,0.0359397,4.30887,5.23422,1.08069,-0.460243,0.0390995,0.0238671
0.54,4.29777,4.21677,5.24875,5.27589,1.09729,1.11664,-1.10806,-1.01975,1.47308,1.76435,1.65121,1.59454,-0.463648,-0.468825,0.0590613,0.0778721,0.0241358,0.00553721,-0.331859,-0.363698,1.97243,1.92854,0.0271341,0.0365978,4.29777,5.24875,1.09729,-0.463648,0.0590613,0.0241358
0.55,4.28672,4.20465,5.26368,5.29028,1.11371,1.13332,-1.10352,-1.01185,1.5135,1.80712,1.63318,1.57588,-0.466883,-0.47295,0.0785385,0.0975099,0.0244098,0.00609757,-0.315153,-0.346181,1.92258,1.8793,0.0276647,0.0372487,4.28672,5.26368,1.11371,-0.466883,0.0785385,0.0244098
0.56,4.27571,4.19259,5.27902,5.30491,1.12995,1.14973,-1.09748,-1.0024,1.55414,1.84977,1.61477,1.55717,-0.469954,-0.476978,0.0975053,0.116602,0.0246891,0.00664505,-0.29919,-0.32974,1.87045,1.82788,0.0281944,0.0378911,4.27571,5.27902,1.12995,-0.469954,0.0975053,0.0246891
0.57,4.26477,4.18059,5.29477,5.31975,1.146,1.16584,-1.08999,-0.991487,1.59502,1.89231,1.59603,1.53842,-0.472869,-0.480917,0.115942,0.135135,0.0249737,0.00717784,-0.283944,-0.314439,1.81659,1.77485,0.0287229,0.0385248,4.26477,5.29477,1.146,-0.472869,0.115942,0.0249737
0.58,4.25391,4.16869,5.31092,5.33482,1.16187,1.18163,-1.08109,-0.97918,1.63616,1.93478,1.57698,1.51963,-0.475635,-0.484781,0.133833,0.15311,0.0252635,0.00769264,-0.269392,-0.300337,1.76146,1.72067,0.0292502,0.0391498,4.25391,5.31092,1.16187,-0.475635,0.133833,0.0252635
0.59,4.24315,4.15687,5.32749,5.35013,1.17754,1.19709,-1.07083,-0.965544,1.67756,1.97726,1.55766,1.50078,-0.478259,-0.488583,0.151168,0.170537,0.0255587,0.00818422,-0.255511,-0.287491,1.70548,1.66572,0.0297761,0.0397668,4.24315,5.32749,1.17754,-0.478259,0.151168,0.0255587
0.6,4.2325,4.14514,5.34447,5.36571,1.19302,1.21219,-1.05925,-0.950642,1.71925,2.01984,1.53811,1.48187,-0.480748,-0.492336,0.167941,0.187423,0.025859,0.00864528,-0.242274,-0.275956,1.64902,1.61029,0.0303007,0.0403765,4.2325,5.34447,1.19302,-0.480748,0.167941,0.025859
0.61,4.22197,4.1335,5.36188,5.38158,1.20831,1.22691,-1.0464,-0.934536,1.76122,2.06259,1.51836,1.46287,-0.483107,-0.496055,0.184148,0.203769,0.0261647,0.00906654,-0.22966,-0.265783,1.5924,1.55466,0.0308237,0.04098,4.22197,5.36188,1.20831,-0.483107,0.184148,0.0261647
0.62,4.21158,4.12198,5.3797,5.39775,1.22339,1.24123,-1.03231,-0.917294,1.80349,2.1056,1.49842,1.4438,-0.485343,-0.499748,0.199789,0.219561,0.0264755,0.00943717,-0.217644,-0.257001,1.5359,1.49905,0.0313451,0.0415775,4.21158,5.3797,1.22339,-0.485343,0.199789,0.0264755
0.63,4.20133,4.11059,5.39795,5.41422,1.23827,1.25509,-1.01702,-0.898992,1.84607,2.14887,1.47834,1.42467,-0.487461,-0.503415,0.214867,0.234767,0.0267916,0.00974546,-0.206203,-0.249585,1.47976,1.44374,0.0318649,0.0421692,4.20133,5.39795,1.23827,-0.487461,0.214867,0.0267916
0.64,4.19124,4.09939,5.41662,5.43094,1.25296,1.26846,-1.00058,-0.879711,1.88897,2.1924,1.45814,1.40553,-0.489469,-0.507041,0.229386,0.249337,0.0271128,0.00998082,-0.195314,-0.2434,1.42419,1.38901,0.0323829,0.0427547,4.19124,5.41662,1.25296,-0.489469,0.229386,0.0271128
0.65,4.18132,4.08842,5.43573,5.44785,1.26744,1.2813,-0.983005,-0.859536,1.9322,2.23608,1.43784,1.38649,-0.49137,-0.51059,0.243353,0.263206,0.0274392,0.010136,-0.184955,-0.238118,1.36937,1.33517,0.0328991,0.0433327,4.18132,5.43573,1.26744,-0.49137,0.243353,0.0274392
0.66,4.17159,4.07774,5.45527,5.46489,1.28171,1.29359,-0.964344,-0.838547,1.97575,2.27977,1.41747,1.36764,-0.493169,-0.513996,0.256777,0.276311,0.0277708,0.0102102,-0.175104,-0.233113,1.31545,1.28252,0.0334133,0.0439019,4.17159,5.45527,1.28171,-0.493169,0.256777,0.0277708
0.67,4.16204,4.06742,5.47524,5.482,1.29578,1.30532,-0.944627,-0.816799,2.01965,2.32334,1.39705,1.34911,-0.494873,-0.517159,0.269666,0.288605,0.0281075,0.0102117,-0.16574,-0.227348,1.26257,1.23135,0.0339256,0.0444609,4.16204,5.47524,1.29578,-0.494873,0.269666,0.0281075
0.68,4.1527,4.05749,5.49566,5.49922,1.30965,1.31656,-0.923887,-0.794315,2.06389,2.36667,1.37659,1.33096,-0.496486,-0.519937,0.282032,0.30008,0.0284493,0.0101601,-0.156841,-0.219288,1.21082,1.18181,0.0344357,0.0450093,4.1527,5.49566,1.30965,-0.496486,0.282032,0.0284493
0.69,4.14357,4.04796,5.51652,5.51666,1.32332,1.3274,-0.902156,-0.771066,2.10847,2.40975,1.35612,1.31318,-0.498011,-0.522158,0.293886,0.310781,0.0287962,0.0100855,-0.148276,-0.206889,1.1603,1.13393,0.0349437,0.0455483,4.14357,5.51652,1.32332,-0.498011,0.293886,0.0287962
0.7,4.13466,4.03885,5.53783,5.53461,1.33678,1.33802,-0.879465,-0.746976,2.15341,2.45273,1.33566,1.29568,-0.499455,-0.523625,0.305242,0.320802,0.0291482,0.0100253,-0.140825,-0.187748,1.11107,1.08761,0.0354494,0.0460806,4.13466,5.53783,1.33678,-0.499455,0.305242,0.0291482
0.71,4.12598,4.0301,5.55959,5.55342,1.35003,1.3486,-0.855842,-0.721936,2.1987,2.49583,1.31523,1.27826,-0.500816,-0.524144,0.316112,0.330275,0.0295052,0.010019,-0.129123,-0.159423,1.0632,1.04264,0.0359528,0.0466105,4.12598,5.55959,1.35003,-0.500816,0.316112,0.0295052
0.72,4.11754,4.02168,5.58181,5.57343,1.36308,1.3593,-0.831318,-0.695833,2.24434,2.53935,1.29484,1.26073,-0.501977,-0.523552,0.326511,0.33934,0.0298672,0.0101009,-0.100062,-0.119892,1.01673,0.998792,0.0364538,0.0471425,4.11754,5.58181,1.36308,-0.501977,0.326511,0.0298672
0.73,4.10936,4.01358,5.60448,5.59493,1.37593,1.37024,-0.80592,-0.668589,2.29031,2.58351,1.2745,1.24288,-0.502764,-0.521751,0.336452,0.34812,0.0302342,0.0102948,-0.0549857,-0.0680154,0.971674,0.955876,0.0369524,0.0476803,4.10936,5.60448,1.37593,-0.502764,0.336452,0.0302342
0.74,4.10143,4.00578,5.62761,5.618,1.38857,1.38148,-0.779673,-0.640187,2.33657,2.62838,1.25423,1.22461,-0.503032,-0.518723,0.345949,0.356701,0.0306062,0.010611,0.00341937,-0.00380469,0.928067,0.913812,0.0374483,0.0482255,4.10143,5.62761,1.38857,-0.503032,0.345949,0.0306062
0.75,4.09376,3.99827,5.65121,5.64252,1.40101,1.39298,-0.752603,-0.610678,2.38306,2.67388,1.23405,1.20593,-0.502659,-0.514525,0.355018,0.365123,0.0309832,0.0110464,0.072787,0.0716125,0.885914,0.872621,0.0379417,0.0487775,4.09376,5.65121,1.40101,-0.502659,0.355018,0.0309832
0.76,4.08638,3.99108,5.67528,5.66823,1.41325,1.40467,-0.724733,-0.580167,2.42972,2.71976,1.21397,1.18691,-0.501547,-0.509272,0.363672,0.373389,0.0313651,0.0115875,0.151043,0.156319,0.84522,0.832412,0.0384324,0.0493342,4.08638,5.67528,1.41325,-0.501547,0.363672,0.0313651
0.77,4.07927,3.98423,5.69981,5.69482,1.42529,1.41644,-0.696086,-0.548785,2.47646,2.76575,1.194,1.16768,-0.499615,-0.503105,0.371927,0.381477,0.0317518,0.012216,0.236376,0.248078,0.805978,0.793328,0.0389203,0.0498923,4.07927,5.69981,1.42529,-0.499615,0.371927,0.0317518
0.78,4.07246,3.97771,5.72481,5.72197,1.43713,1.42819,-0.666683,-0.516666,2.52319,2.81153,1.17414,1.14836,-0.496801,-0.49616,0.379797,0.38935,0.0321435,0.0129118,0.327212,0.34476,0.76818,0.755516,0.0394054,0.0504487,4.07246,5.72481,1.43713,-0.496801,0.379797,0.0321435
0.79,4.06594,3.97155,5.75027,5.74945,1.44877,1.43982,-0.636544,-0.483923,2.56981,2.85687,1.15442,1.12908,-0.493057,-0.488545,0.387295,0.39697,0.0325399,0.0136567,0.422191,0.444614,0.731808,0.719092,0.0398876,0.0510008,4.06594,5.75027,1.44877,-0.493057,0.387295,0.0325399
0.8,4.05973,3.96575,5.7762,5.77711,1.46022,1.45127,-0.60569,-0.450646,2.61623,2.9016,1.13484,1.10993,-0.488347,-0.480336,0.394438,0.4043,0.0329412,0.0144354,0.520142,0.546368,0.696843,0.684142,0.0403669,0.0515468,4.05973,5.7762,1.46022,-0.488347,0.394438,0.0329412
0.81,4.05383,3.96034,5.80259,5.8049,1.47147,1.46248,-0.574138,-0.416901,2.66233,2.9456,1.1154,1.09096,-0.482648,-0.471572,0.401237,0.411308,0.0333473,0.0152354,0.620064,0.649197,0.663261,0.650714,0.0408431,0.0520856,4.05383,5.80259,1.47147,-0.482648,0.401237,0.0333473
0.82,4.04825,3.95533,5.82945,5.83281,1.48253,1.47343,-0.541907,-0.382732,2.70801,2.98881,1.09612,1.07219,-0.475942,-0.462259,0.407707,0.417964,0.0337581,0.0160474,0.721108,0.752624,0.631035,0.618834,0.0413162,0.0526167,4.04825,5.82945,1.48253,-0.475942,0.407707,0.0337581
0.83,4.04299,3.95072,5.85675,5.86089,1.4934,1.48409,-0.509014,-0.348168,2.75315,3.0312,1.07701,1.05366,-0.468224,-0.45238,0.413862,0.424245,0.0341736,0.016864,0.822556,0.856389,0.600135,0.588509,0.0417862,0.0531399,4.04299,5.85675,1.4934,-0.468224,0.413862,0.0341736
0.84,4.03807,3.94654,5.88451,5.8892,1.50407,1.49445,-0.475475,-0.313233,2.79765,3.07273,1.05807,1.03536,-0.459492,-0.441902,0.419714,0.430133,0.0345938,0.0176797,0.923809,0.960341,0.570528,0.559736,0.042253,0.0536553,4.03807,5.88451,1.50407,-0.459492,0.419714,0.0345938
0.85,4.03349,3.9428,5.9127,5.91781,1.51456,1.5045,-0.441305,-0.277944,2.84139,3.11338,1.03931,1.01728,-0.44975,-0.430783,0.425277,0.435613,0.0350186,0.01849,1.02437,1.06433,0.542182,0.532499,0.0427165,0.0541631,4.03349,5.9127,1.51456,-0.44975,0.425277,0.0350186
0.86,4.02925,3.9395,5.94133,5.94678,1.52486,1.51423,-0.40652,-0.242317,2.88427,3.15312,1.02074,0.999431,-0.439008,-0.418976,0.430562,0.440676,0.0354481,0.0192916,1.12382,1.16817,0.515061,0.506774,0.0431767,0.0546635,4.02925,5.94133,1.52486,-0.439008,0.430562,0.0354481
0.87,4.02536,3.93666,5.97039,5.97614,1.53497,1.52365,-0.371134,-0.20637,2.92618,3.19188,1.00235,0.981814,-0.427279,-0.406435,0.435582,0.445322,0.0358821,0.020082,1.22185,1.27155,0.489129,0.48252,0.0436335,0.0551566,4.02536,5.97039,1.53497,-0.427279,0.435582,0.0358821
0.88,4.02183,3.93428,5.99985,6.00592,1.54491,1.53275,-0.335161,-0.170121,2.96702,3.2296,0.984162,0.96443,-0.414577,-0.393115,0.440348,0.449553,0.0363207,0.0208595,1.31817,1.37403,0.464349,0.45969,0.0440869,0.0556427,4.02183,5.99985,1.54491,-0.414577,0.440348,0.0363207
0.89,4.01866,3.93234,6.02972,6.03612,1.55466,1.54154,-0.298614,-0.133587,3.00668,3.2662,0.966172,0.947287,-0.400922,-0.378981,0.444873,0.453386,0.0367639,0.021623,1.41258,1.47503,0.440684,0.438213,0.0445368,0.0561219,4.01866,6.02972,1.55466,-0.400922,0.444873,0.0367639
0.9,4.01586,3.93085,6.05998,6.06673,1.56423,1.55002,-0.261505,-0.0967875,3.04508,3.30158,0.948385,0.930395,-0.386332,-0.364001,0.449166,0.456841,0.0372115,0.0223726,1.50491,1.5738,0.418097,0.418007,0.0449831,0.0565943,4.01586,6.05998,1.56423,-0.386332,0.449166,0.0372115
0.91,4.01343,3.92979,6.09062,6.09773,1.57362,1.5582,-0.223848,-0.0597389,3.08211,3.33564,0.930805,0.913767,-0.370831,-0.348155,0.453238,0.459949,0.0376635,0.0231088,1.59504,1.66948,0.396549,0.398974,0.0454259,0.0570604,4.01343,6.09062,1.57362,-0.370831,0.453238,0.0376635
0.92,4.01138,3.92914,6.12162,6.12908,1.58285,1.56611,-0.185653,-0.022458,3.1177,3.36827,0.913437,0.897414,-0.354439,-0.331428,0.4571,0.462748,0.03812,0.0238334,1.68286,1.76108,0.376004,0.381004,0.045865,0.0575203,4.01138,6.12162,1.58285,-0.354439,0.4571,0.03812
0.93,4.00972,3.92889,6.15297,6.16075,1.59189,1.57375,-0.146931,0.0150443,3.15174,3.39935,0.896282,0.881347,-0.337181,-0.31382,0.460761,0.465283,0.0385808,0.0245488,1.76832,1.84756,0.356424,0.36398,0.0463003,0.0579745,4.00972,6.15297,1.59189,-0.337181,0.460761,0.0385808
0.94,4.00844,3.92902,6.18465,6.19271,1.60077,1.58116,-0.107695,0.0527566,3.18417,3.42879,0.879343,0.865573,-0.319081,-0.29534,0.464232,0.467603,0.039046,0.0252582,1.85134,1.9278,0.337774,0.347789,0.046732,0.0584235,4.00844,6.18465,1.60077,-0.319081,0.464232,0.039046
0.95,4.00757,3.92951,6.21665,6.22492,1.60948,1.58836,-0.0679525,0.0906741,3.2149,3.45647,0.862622,0.8501,-0.300163,-0.276006,0.46752,0.469759,0.0395154,0.0259656,1.93191,2.00072,0.320016,0.332321,0.0471598,0.0588679,4.00757,6.21665,1.60948,-0.300163,0.46752,0.0395154
0.96,4.00709,3.93037,6.24894,6.25738,1.61803,1.59538,-0.0277148,0.128794,3.24386,3.48231,0.846122,0.834925,-0.280451,-0.255848,0.470635,0.471802,0.0399892,0.0266753,2.00996,2.06531,0.303115,0.317479,0.0475838,0.0593083,4.00709,6.24894,1.61803,-0.280451,0.470635,0.0399892
0.97,4.00701,3.93158,6.28152,6.29008,1.62641,1.60225,0.0130093,0.167123,3.27098,3.50623,0.829843,0.820043,-0.259972,-0.234911,0.473585,0.473781,0.0404671,0.0273916,2.08544,2.12064,0.287037,0.303189,0.0480039,0.0597453,4.00701,6.28152,1.62641,-0.259972,0.473585,0.0404671
0.98,4.00735,3.93314,6.31435,6.32301,1.63462,1.609,0.0542108,0.205663,3.29617,3.52815,0.813788,0.805449,-0.238751,-0.21325,0.476378,0.475738,0.0409492,0.028119,2.15795,2.16599,0.271747,0.289394,0.0484201,0.0601796,4.00735,6.31435,1.63462,-0.238751,0.476378,0.0409492
0.99,4.0081,3.93507,6.34743,6.35619,1.64268,1.61567,0.0958814,0.244425,3.31939,3.54804,0.797957,0.791133,-0.216848,-0.190933,0.479022,0.477707,0.0414355,0.0288616,2.21964,2.20081,0.257213,0.276065,0.0488323,0.0606116,4.0081,6.34743,1.64268,-0.216848,0.479022,0.0414355
1,4.00927,3.93736,6.38074,6.38964,1.65058,1.62227,0.138013,0.28342,3.34057,3.56586,0.782351,0.77708,-0.194421,-0.168042,0.481525,0.479715,0.0419259,0.0296225,2.263,2.22481,0.243402,0.263186,0.0492405,0.0610418,4.00927,6.38074,1.65058,-0.194421,0.481525,0.0419259
1.01,4.01086,3.94002,6.41424,6.42335,1.65833,1.62883,0.180596,0.322661,3.35967,3.58156,0.76697,0.763283,-0.171642,-0.144675,0.483893,0.481776,0.0424203,0.030404,2.29035,2.23794,0.230283,0.250765,0.0496446,0.0614704,4.01086,6.41424,1.65833,-0.171642,0.483893,0.0424203
1.02,4.01288,3.94306,6.44792,6.45732,1.66592,1.63535,0.223624,0.362157,3.37667,3.59515,0.751815,0.74973,-0.148661,-0.120939,0.486133,0.483898,0.0429187,0.0312072,2.30366,2.24041,0.217825,0.238815,0.0500447,0.0618973,4.01288,6.44792,1.66592,-0.148661,0.486133,0.0429187
1.03,4.01533,3.94646,6.48176,6.49156,1.67337,1.64186,0.267086,0.401923,3.39155,3.6066,0.736886,0.736417,-0.125609,-0.0969564,0.488251,0.486076,0.0434212,0.0320321,2.3047,2.23265,0.205999,0.227355,0.0504406,0.0623224,4.01533,6.48176,1.67337,-0.125609,0.488251,0.0434212
1.04,4.01822,3.95024,6.51575,6.52603,1.68066,1.64836,0.310975,0.441972,3.4043,3.61592,0.722183,0.723341,-0.102602,-0.0728574,0.490255,0.4883,0.0439275,0.0328773,2.29507,2.21535,0.194776,0.2164,0.0508323,0.0627454,4.01822,6.51575,1.68066,-0.102602,0.490255,0.0439275
1.05,4.02155,3.95436,6.54984,6.56069,1.68781,1.65483,0.355282,0.48231,3.41494,3.6231,0.707705,0.710504,-0.0797386,-0.0487787,0.492149,0.490552,0.0444378,0.0337405,2.27621,2.18934,0.18413,0.205965,0.0512198,0.0631657,4.02155,6.54984,1.68781,-0.0797386,0.492149,0.0444378
1.06,4.02533,3.95882,6.58404,6.59551,1.69482,1.66128,0.399998,0.522952,3.42347,3.62816,0.693452,0.69791,-0.0571043,-0.0248594,0.493939,0.49281,0.0449519,0.0346182,2.24941,2.15558,0.174032,0.19605,0.0516031,0.0635827,4.02533,6.58404,1.69482,-0.0571043,0.493939,0.0449519
1.07,4.02956,3.96359,6.61831,6.63041,1.70168,1.66769,0.445115,0.56391,3.4299,3.63109,0.679423,0.685565,-0.0347729,-0.00123569,0.495631,0.49505,0.0454698,0.0355066,2.21583,2.11515,0.164459,0.186652,0.051982,0.0639956,4.02956,6.61831,1.70168,-0.0347729,0.495631,0.0454698
1.08,4.03423,3.96865,6.65263,6.66535,1.70841,1.67405,0.490625,0.605197,3.43426,3.63192,0.665618,0.673473,-0.0128068,0.0219627,0.49723,0.497246,0.0459915,0.0364014,2.17651,2.06912,0.155384,0.177755,0.0523567,0.0644037,4.03423,6.65263,1.70841,-0.0128068,0.49723,0.0459915
1.09,4.03937,3.97398,6.68698,6.70026,1.71499,1.68035,0.536519,0.646832,3.43658,3.63065,0.652036,0.661641,0.00874125,0.0446167,0.49874,0.499371,0.046517,0.0372979,2.13238,2.01857,0.146785,0.169342,0.052727,0.0648062,4.03937,6.68698,1.71499,0.00874125,0.49874,0.046517
1.1,4.04497,3.97956,6.72135,6.7351,1.72145,1.68658,0.58279,0.688832,3.43688,3.62731,0.638675,0.650069,0.0298275,0.0666231,0.500167,0.501403,0.0470461,0.038192,2.08427,1.96453,0.138638,0.161392,0.053093,0.0652025,4.04497,6.72135,1.72145,0.0298275,0.500167,0.0470461
1.11,4.05103,3.98538,6.75572,6.76981,1.72777,1.69272,0.629429,0.731219,3.43519,3.62192,0.625534,0.638751,0.0504158,0.0878951,0.501515,0.503321,0.0475788,0.0390795,2.03291,1.90795,0.130922,0.153885,0.0534546,0.0655919,4.05103,6.75572,1.72777,0.0504158,0.501515,0.0475788
1.12,4.05756,3.99144,6.79005,6.80437,1.73396,1.69877,0.676429,0.774018,3.43155,3.61452,0.612612,0.627682,0.0704771,0.108364,0.502787,0.505109,0.0481151,0.0399571,1.97898,1.84967,0.123616,0.146811,0.0538117,0.065974,4.05756,6.79005,1.73396,0.0704771,0.502787,0.0481151
1.13,4.06456,3.99772,6.82434,6.83876,1.74002,1.70471,0.723782,0.817256,3.42598,3.60515,0.599908,0.616843,0.0899886,0.127981,0.503988,0.506756,0.048655,0.0408215,1.92304,1.79042,0.116699,0.140165,0.0541643,0.0663481,4.06456,6.82434,1.74002,0.0899886,0.503988,0.048655
1.14,4.07203,4.00425,6.85856,6.87297,1.74596,1.71055,0.771481,0.860961,3.41854,3.59387,0.587419,0.606216,0.108933,0.146714,0.505122,0.508256,0.0491984,0.0416702,1.86562,1.73083,0.110152,0.133963,0.0545125,0.0667141,4.07203,6.85856,1.74596,0.108933,0.505122,0.0491984
1.15,4.07999,4.01103,6.8927,6.907,1.75177,1.71629,0.819518,0.905163,3.40926,3.58076,0.575144,0.595776,0.127298,0.164546,0.506192,0.509611,0.0497453,0.0425011,1.80718,1.67139,0.103957,0.128234,0.0548562,0.0670714,4.07999,6.8927,1.75177,0.127298,0.506192,0.0497453
1.16,4.08842,4.01809,6.92674,6.94085,1.75746,1.72192,0.867888,0.949896,3.39818,3.56588,0.563082,0.585489,0.145075,0.181476,0.507202,0.510826,0.0502955,0.0433126,1.74811,1.61251,0.0980965,0.123038,0.0551953,0.0674199,4.08842,6.92674,1.75746,0.145075,0.507202,0.0502955
1.17,4.09735,4.02543,6.96066,6.97453,1.76303,1.72745,0.916581,0.995194,3.38533,3.54932,0.551231,0.575324,0.162259,0.197512,0.508155,0.511918,0.0508492,0.0441032,1.68877,1.55448,0.0925532,0.118463,0.0555298,0.0677592,4.09735,6.96066,1.76303,0.162259,0.508155,0.0508492
1.18,4.10676,4.03309,6.99444,7.00807,1.76849,1.73289,0.965593,1.0411,3.37076,3.53118,0.539588,0.565241,0.17885,0.212672,0.509054,0.512909,0.0514061,0.0448721,1.62947,1.49754,0.0873109,0.114637,0.0558598,0.0680891,4.10676,6.99444,1.76849,0.17885,0.509054,0.0514061
1.19,4.11666,4.0411,7.02807,7.04148,1.77382,1.73825,1.01492,1.08766,3.35451,3.51155,0.528152,0.555204,0.194849,0.226978,0.509903,0.513828,0.0519663,0.0456183,1.57046,1.4418,0.0823545,0.111727,0.0561852,0.0684089,4.11666,7.02807,1.77382,0.194849,0.509903,0.0519663
1.2,4.12706,4.04948,7.06153,7.07479,1.77905,1.74352,1.06454,1.13493,3.33663,3.49053,0.516921,0.545178,0.210261,0.240457,0.510702,0.51471,0.0525298,0.0463411,1.51198,1.38738,0.0776692,0.109943,0.0565059,0.0687185,4.12706,7.06153,1.77905,0.210261,0.510702,0.0525298
1.21,4.13795,4.0583,7.0948,7.10803,1.78416,1.74873,1.11447,1.18295,3.31715,3.4682,0.505892,0.535132,0.225091,0.253139,0.511457,0.515597,0.0530964,0.0470399,1.45424,1.33429,0.073241,0.109526,0.056822,0.0690172,4.13795,7.0948,1.78416,0.225091,0.511457,0.0530964
1.22,4.14935,4.06758,7.12787,7.14123,1.78917,1.75388,1.16469,1.23178,3.29612,3.44463,0.495063,0.525048,0.239349,0.265053,0.512168,0.516525,0.0536662,0.0477134,1.39739,1.28253,0.0690565,0.110733,0.0571335,0.0693044,4.14935,7.12787,1.78917,0.239349,0.512168,0.0536662
1.23,4.16125,4.07738,7.16072,7.17443,1.79407,1.75898,1.21519,1.28146,3.27359,3.41988,0.484433,0.514926,0.253043,0.276233,0.512839,0.517525,0.0542391,0.0483603,1.34158,1.23207,0.0651031,0.113788,0.0574402,0.0695797,4.16125,7.16072,1.79407,0.253043,0.512839,0.0542391
1.24,4.17365,4.08775,7.19333,7.20766,1.79886,1.76401,1.26598,1.33199,3.24959,3.39398,0.473999,0.504793,0.266184,0.286717,0.513471,0.518608,0.054815,0.0489784,1.28693,1.18283,0.0613686,0.118806,0.0577423,0.069843,4.17365,7.19333,1.79886,0.266184,0.513471,0.054815
1.25,4.18657,4.09875,7.2257,7.24095,1.80355,1.76899,1.31703,1.38332,3.22416,3.36696,0.463758,0.494708,0.278785,0.296554,0.514067,0.519754,0.0553939,0.0495661,1.23353,1.13475,0.0578415,0.12568,0.0580396,0.0700947,4.18657,7.2257,1.80355,0.278785,0.514067,0.0553939
1.26,4.19999,4.11042,7.25781,7.27429,1.80813,1.7739,1.36836,1.43534,3.19736,3.33884,0.453709,0.484767,0.290859,0.305811,0.514628,0.520911,0.0559758,0.0501225,1.18148,1.08777,0.0545108,0.133941,0.0583322,0.0703359,4.19999,7.25781,1.80813,0.290859,0.514628,0.0559758
1.27,4.21393,4.12278,7.28965,7.30765,1.81262,1.77873,1.41995,1.48786,3.16922,3.30962,0.443848,0.475092,0.30242,0.314576,0.515158,0.521993,0.0565605,0.0506512,1.13082,1.04183,0.0513661,0.142619,0.0586201,0.0705683,4.21393,7.28965,1.81262,0.30242,0.515158,0.0565605
1.28,4.22839,4.13585,7.32119,7.34092,1.81701,1.78348,1.4718,1.54067,3.13979,3.27933,0.434174,0.465818,0.313481,0.322959,0.515656,0.522895,0.0571482,0.0511621,1.08162,0.99696,0.0483974,0.150214,0.0589032,0.070794,4.22839,7.32119,1.81701,0.313481,0.515656,0.0571482
1.29,4.24337,4.14962,7.35244,7.37394,1.82131,1.78813,1.5239,1.59359,3.10911,3.24801,0.424684,0.457069,0.324057,0.331083,0.516126,0.523521,0.0577386,0.0516729,1.0339,0.953253,0.0455954,0.154796,0.0591816,0.0710141,4.24337,7.35244,1.82131,0.324057,0.516126,0.0577386
1.3,4.25887,4.16413,7.38337,7.4065,1.82551,1.79269,1.57625,1.64654,3.07722,3.21567,0.415376,0.44891,0.334163,0.339072,0.516569,0.523804,0.0583318,0.0522073,0.987683,0.910896,0.042951,0.154321,0.0594551,0.0712279,4.25887,7.38337,1.82551,0.334163,0.516569,0.0583318
1.31,4.2749,4.17939,7.41398,7.4384,1.82961,1.79716,1.62884,1.69962,3.04415,3.18232,0.406247,0.441343,0.343816,0.347027,0.516984,0.523714,0.0589277,0.0527893,0.942994,0.870116,0.0401935,0.14699,0.0597239,0.0714334,4.2749,7.41398,1.82961,0.343816,0.516984,0.0589277
1.32,4.29145,4.19543,7.44425,7.4695,1.83363,1.80155,1.68166,1.753,3.00996,3.14795,0.397295,0.434285,0.353028,0.355019,0.517379,0.523241,0.0595262,0.0534372,0.899833,0.831132,0.039069,0.131491,0.0599879,0.0716271,4.29145,7.44425,1.83363,0.353028,0.517379,0.0595262
1.33,4.30853,4.21223,7.47417,7.49973,1.83756,1.80586,1.73472,1.8069,2.97468,3.11257,0.388518,0.427607,0.361817,0.363076,0.517743,0.522368,0.0601274,0.0541592,0.858198,0.794085,0.0292311,0.106911,0.0602471,0.0718058,4.30853,7.47417,1.83756,0.361817,0.517743,0.0601274
1.34,4.32614,4.22979,7.50374,7.52909,1.8414,1.81009,1.788,1.86149,2.93835,3.07618,0.379912,0.421176,0.370197,0.371184,0.517848,0.521029,0.0607312,0.054952,0.818079,0.759007,-0.013448,0.0723549,0.0605015,0.071968,4.32614,7.50374,1.8414,0.370197,0.517848,0.0607312
1.35,4.34429,4.24809,7.53294,7.55761,1.84516,1.81423,1.84143,1.91682,2.90102,3.03879,0.371475,0.414891,0.378184,0.379291,0.517378,0.519083,0.0613374,0.0558035,0.779463,0.725818,-0.0848704,0.0265006,0.060751,0.0721136,4.34429,7.53294,1.84516,0.378184,0.517378,0.0613374
1.36,4.36297,4.26712,7.56176,7.58537,1.84883,1.81825,1.89495,1.97282,2.86273,3.0004,0.363205,0.408701,0.385792,0.387318,0.516075,0.516332,0.0619462,0.0566968,0.742329,0.694368,-0.179083,-0.0325845,0.0609957,0.0722444,4.36297,7.56176,1.84883,0.385792,0.516075,0.0619462
1.37,4.38219,4.2869,7.59019,7.61244,1.85242,1.82215,1.94842,2.0293,2.82354,2.96102,0.3551,0.402598,0.393035,0.395174,0.513738,0.512551,0.0625573,0.0576133,0.706653,0.664483,-0.290958,-0.107196,0.0612356,0.0723636,4.38219,7.59019,1.85242,0.393035,0.513738,0.0625573
1.38,4.40194,4.30745,7.61823,7.63888,1.85593,1.82593,2.00172,2.08603,2.78351,2.92071,0.347156,0.396587,0.399929,0.402781,0.510211,0.507543,0.0631709,0.0585365,0.672408,0.635998,-0.416258,-0.199413,0.0614707,0.0724752,4.40194,7.61823,1.85593,0.399929,0.510211,0.0631709
1.39,4.42222,4.32877,7.64586,7.66476,1.85937,1.82961,2.05468,2.14271,2.74269,2.8795,0.339372,0.390668,0.406488,0.410076,0.505379,0.501157,0.0637867,0.0594529,0.639564,0.608754,-0.551611,-0.310482,0.0617009,0.0725834,4.42222,7.64586,1.85937,0.406488,0.505379,0.0637867
1.4,4.44303,4.35085,7.67308,7.69013,1.86272,1.8332,2.10716,2.19905,2.70114,2.83747,0.331745,0.384828,0.412725,0.417025,0.499154,0.493297,0.0644049,0.060353,0.608087,0.582613,-0.694443,-0.440435,0.0619263,0.0726926,4.44303,7.67308,1.86272,0.412725,0.499154,0.0644049
1.41,4.46436,4.37363,7.69988,7.71504,1.866,1.83671,2.15897,2.25471,2.65893,2.79468,0.324272,0.379042,0.418654,0.42361,0.491471,0.483913,0.0650252,0.0612309,0.577944,0.557442,-0.8429,-0.588052,0.0621468,0.0728061,4.46436,7.69988,1.866,0.418654,0.491471,0.0650252
1.42,4.48621,4.39704,7.72625,7.73953,1.86921,1.84015,2.20995,2.30937,2.61611,2.75118,0.316951,0.373278,0.424289,0.429827,0.482281,0.472989,0.0656478,0.0620848,0.549096,0.53313,-0.995777,-0.75103,0.0623625,0.0729268,4.48621,7.72625,1.86921,0.424289,0.482281,0.0656478
1.43,4.50856,4.42101,7.7522,7.76362,1.87234,1.84353,2.25991,2.36268,2.57274,2.70703,0.309779,0.367504,0.429641,0.435683,0.471543,0.460535,0.0662725,0.0629167,0.521508,0.509581,-1.15247,-0.926273,0.0625734,0.0730564,4.50856,7.7522,1.87234,0.429641,0.471543,0.0662725
1.44,4.5314,4.44548,7.77771,7.78733,1.8754,1.84685,2.30869,2.41433,2.52887,2.66226,0.302755,0.361692,0.434723,0.441187,0.45922,0.446578,0.0668992,0.0637321,0.49514,0.486733,-1.31294,-1.11014,0.0627794,0.0731961,4.5314,7.77771,1.8754,0.434723,0.45922,0.0668992
1.45,4.55473,4.47037,7.80277,7.81065,1.8784,1.85011,2.35611,2.46401,2.48456,2.61691,0.295875,0.355816,0.439547,0.446351,0.44527,0.431158,0.0675281,0.0645392,0.469954,0.46455,-1.47776,-1.29865,0.0629805,0.073346,4.55473,7.80277,1.8784,0.439547,0.44527,0.0675281
1.46,4.57852,4.49564,7.8274,7.8336,1.88132,1.8533,2.40199,2.51145,2.43985,2.57102,0.289137,0.349861,0.444126,0.451187,0.429646,0.414326,0.0681588,0.0653483,0.445911,0.443024,-1.64813,-1.48763,0.0631769,0.0735054,4.57852,7.8274,1.88132,0.444126,0.429646,0.0681588
1.47,4.60276,4.52126,7.85157,7.85616,1.88418,1.85643,2.44616,2.55639,2.39479,2.5246,0.28254,0.343813,0.448469,0.45571,0.412281,0.39614,0.0687916,0.0661706,0.42297,0.422173,-1.82688,-1.67285,0.0633684,0.0736733,4.60276,7.85157,1.88418,0.448469,0.412281,0.0687916
1.48,4.62744,4.54719,7.87529,7.87835,1.88697,1.85948,2.48845,2.59866,2.34942,2.47769,0.276079,0.337668,0.452589,0.459937,0.393095,0.376664,0.0694262,0.0670173,0.401093,0.402022,-2.0076,-1.8502,0.0635551,0.0738475,4.62744,7.87529,1.88697,0.452589,0.393095,0.0694262
1.49,4.65253,4.57343,7.89856,7.90016,1.8897,1.86246,2.52868,2.6381,2.30376,2.43031,0.269754,0.331426,0.456494,0.463884,0.372231,0.355971,0.0700627,0.0678983,0.380241,0.382606,-2.1595,-2.01586,0.0637369,0.0740263,4.65253,7.89856,1.8897,0.456494,0.372231,0.0700627
1.5,4.678,4.59996,7.92137,7.92161,1.89237,1.86535,2.56673,2.67462,2.25784,2.38248,0.263562,0.325092,0.460197,0.467571,0.350001,0.33414,0.0707009,0.0688219,0.360375,0.363952,-2.28184,-2.16649,0.0639139,0.0742073,4.678,7.92137,1.89237,0.460197,0.350001,0.0707009
1.51,4.70385,4.62677,7.94371,7.94271,1.89497,1.86817,2.60249,2.70817,2.21168,2.33421,0.257499,0.318674,0.463705,0.471019,0.326683,0.311267,0.0713409,0.0697938,0.341457,0.346079,-2.37777,-2.29942,0.0640861,0.0743883,4.70385,7.94371,1.89497,0.463705,0.326683,0.0713409
1.52,4.73005,4.65385,7.9656,7.96349,1.89752,1.8709,2.6359,2.73874,2.16528,2.28553,0.251565,0.312182,0.467029,0.47425,0.302524,0.287461,0.0719826,0.0708167,0.32345,0.328992,-2.4503,-2.41274,0.0642535,0.0745672,4.73005,7.9656,1.89752,0.467029,0.302524,0.0719826
1.53,4.75656,4.68118,7.98702,7.98396,1.90001,1.87355,2.66691,2.76637,2.11864,2.23643,0.245757,0.305631,0.470177,0.477283,0.277746,0.262854,0.072626,0.0718905,0.306318,0.312683,-2.50215,-2.50538,0.0644161,0.0747424,4.75656,7.98702,1.90001,0.470177,0.277746,0.072626
1.54,4.78338,4.70875,8.00797,8.00416,1.90244,1.87612,2.6955,2.79115,2.07175,2.18694,0.240073,0.299037,0.473158,0.480141,0.252542,0.237599,0.0732709,0.0730119,0.290023,0.297125,-2.53579,-2.57712,0.0645739,0.0749124,4.78338,8.00797,1.90244,0.473158,0.252542,0.0732709
1.55,4.81046,4.73653,8.02845,8.0241,1.90481,1.87862,2.72167,2.81314,2.0246,2.13704,0.234509,0.292419,0.47598,0.482841,0.227083,0.211872,0.0739174,0.0741753,0.274532,0.282285,-2.55345,-2.62851,0.064727,0.0750761,4.81046,8.02845,1.90481,0.47598,0.227083,0.0739174
1.56,4.8378,4.76449,8.04846,8.04379,1.90713,1.88104,2.74542,2.83247,1.97719,2.08675,0.229065,0.285793,0.478651,0.485403,0.201519,0.185862,0.0745655,0.0753727,0.259809,0.268116,-2.55713,-2.66073,0.0648752,0.0752325,4.8378,8.04846,1.90713,0.478651,0.201519,0.0745655
1.57,4.86536,4.79258,8.068,8.06323,1.90939,1.8834,2.76677,2.84926,1.92949,2.03607,0.223738,0.279184,0.481179,0.487842,0.175981,0.159772,0.0752149,0.0765947,0.245823,0.254572,-2.54864,-2.67544,0.0650187,0.0753811,4.86536,8.068,1.90939,0.481179,0.175981,0.0752149
1.58,4.89313,4.82078,8.08705,8.08241,1.9116,1.8857,2.78575,2.86362,1.88148,1.98499,0.218526,0.27261,0.48357,0.490173,0.150582,0.133806,0.0758658,0.0778313,0.23254,0.241596,-2.52961,-2.67466,0.0651574,0.0755214,4.89313,8.08705,1.9116,0.48357,0.150582,0.0758658
1.59,4.92107,4.84902,8.10562,8.10133,1.91376,1.88794,2.80239,2.87568,1.83316,1.9335,0.213426,0.266092,0.485832,0.492406,0.125419,0.108159,0.0765181,0.0790722,0.219929,0.229145,-2.50151,-2.66052,0.0652914,0.075653,4.92107,8.10562,1.91376,0.485832,0.125419,0.0765181
1.6,4.94917,4.87729,8.12371,8.11998,1.91587,1.89012,2.81673,2.88555,1.78451,1.88161,0.208437,0.259651,0.487971,0.494553,0.100577,0.0830116,0.0771716,0.0803075,0.207961,0.217173,-2.46564,-2.63523,0.0654207,0.075776,4.94917,8.12371,1.91587,0.487971,0.100577,0.0771716
1.61,4.9774,4.90554,8.14131,8.13832,1.91793,1.89226,2.82881,2.89335,1.7355,1.82929,0.203556,0.253305,0.489993,0.49662,0.0761281,0.0585243,0.0778265,0.0815286,0.196606,0.205645,-2.42319,-2.60086,0.0655452,0.0758902,4.9774,8.14131,1.91793,0.489993,0.0761281,0.0778265
1.62,5.00574,4.93375,8.15842,8.15633,1.91994,1.89435,2.83869,2.89919,1.68612,1.77655,0.198782,0.247071,0.491905,0.498615,0.0521319,0.0348291,0.0784825,0.0827277,0.185836,0.19453,-2.37521,-2.55932,0.0656651,0.0759956,5.00574,8.15842,1.91994,0.491905,0.0521319,0.0784825
1.63,5.03417,4.96188,8.17503,8.17401,1.92191,1.89639,2.8464,2.90317,1.63636,1.72338,0.194112,0.240965,0.493712,0.500542,0.0286391,0.0120299,0.0791397,0.0838989,0.175623,0.183805,-2.32264,-2.51232,0.0657802,0.0760923,5.03417,8.17503,1.92191,0.493712,0.0286391,0.0791397
1.64,5.06266,4.98993,8.19115,8.19131,1.92382,1.89838,2.852,2.90538,1.5862,1.66976,0.189545,0.234999,0.495419,0.502404,0.00569148,-0.0097983,0.0797981,0.0850379,0.165942,0.173458,-2.26633,-2.46127,0.0658907,0.0761805,5.06266,8.19115,1.92382,0.495419,0.00569148,0.0797981
1.65,5.0912,5.01787,8.20676,8.20821,1.9257,1.90033,2.85554,2.90591,1.53562,1.61568,0.185078,0.229182,0.497032,0.504203,-0.0166774,-0.0306085,0.0804575,0.0861417,0.156767,0.16348,-2.20701,-2.40736,0.0659965,0.0762604,5.0912,8.20676,1.9257,0.497032,-0.0166774,0.0804575
1.66,5.11976,5.04571,8.22186,8.2247,1.92753,1.90224,2.85707,2.90484,1.48462,1.56115,0.18071,0.223523,0.498556,0.505942,-0.038441,-0.0503781,0.081118,0.0872088,0.148075,0.153871,-2.14536,-2.3515,0.0660977,0.0763322,5.11976,8.22186,1.92753,0.498556,-0.038441,0.081118
1.67,5.14833,5.07343,8.23645,8.24076,1.92931,1.90411,2.85665,2.90225,1.43318,1.50614,0.176438,0.218026,0.499995,0.507619,-0.0595787,-0.0691069,0.0817795,0.0882389,0.139841,0.144633,-2.08195,-2.29439,0.0661943,0.0763961,5.14833,8.23645,1.92931,0.499995,-0.0595787,0.0817795
1.68,5.17689,5.10105,8.25052,8.25637,1.93105,1.90594,2.85432,2.89822,1.3813,1.45066,0.17226,0.212695,0.501354,0.509235,-0.0800759,-0.0868129,0.0824419,0.0892332,0.132043,0.135773,-2.01731,-2.23651,0.0662862,0.0764526,5.17689,8.25052,1.93105,0.501354,-0.0800759,0.0824419
1.69,5.20541,5.12857,8.26407,8.27151,1.93276,1.90773,2.85015,2.89281,1.32895,1.39471,0.168176,0.207531,0.502638,0.510791,-0.0999224,-0.10353,0.0831052,0.0901933,0.124661,0.127302,-1.9519,-2.17816,0.0663736,0.0765019,5.20541,8.26407,1.93276,0.502638,-0.0999224,0.0831052
1.7,5.23389,5.15599,8.2771,8.28617,1.93442,1.90948,2.84417,2.88609,1.27615,1.33827,0.164182,0.20253,0.503849,0.512285,-0.119113,-0.119302,0.0837693,0.0911219,0.117674,0.119231,-1.88611,-2.11948,0.0664563,0.0765444,5.23389,8.2771,1.93442,0.503849,-0.119113,0.0837693
1.71,5.26229,5.18333,8.28959,8.30035,1.93604,1.9112,2.83646,2.8781,1.22288,1.28135,0.160278,0.197691,0.504992,0.513717,-0.137644,-0.134183,0.0844343,0.0920221,0.111061,0.111573,-1.82029,-2.06047,0.0665345,0.0765803,5.26229,8.28959,1.93604,0.504992,-0.137644,0.0844343
1.72,5.29061,5.21059,8.30155,8.31403,1.93762,1.91288,2.82705,2.8689,1.16914,1.22396,0.156461,0.193009,0.506071,0.515085,-0.155519,-0.148234,0.0851,0.0928974,0.104805,0.104337,-1.75476,-2.00104,0.0666082,0.0766101,5.29061,8.30155,1.93762,0.506071,-0.155519,0.0851
1.73,5.31883,5.23778,8.31297,8.3272,1.93917,1.91454,2.816,2.85855,1.11492,1.1661,0.15273,0.188477,0.507089,0.516389,-0.172741,-0.161516,0.0857664,0.0937517,0.0988869,0.0975378,-1.68976,-1.941,0.0666774,0.0766341,5.31883,8.31297,1.93917,0.507089,-0.172741,0.0857664
1.74,5.34693,5.26492,8.32385,8.33987,1.94068,1.91617,2.80336,2.84707,1.06022,1.10777,0.149082,0.18409,0.50805,0.517628,-0.189317,-0.174099,0.0864336,0.0945888,0.0932901,0.0911807,-1.62553,-1.8801,0.066742,0.0766527,5.34693,8.32385,1.94068,0.50805,-0.189317,0.0864336
1.75,5.37489,5.29202,8.33418,8.35202,1.94215,1.91777,2.78919,2.83451,1.00505,1.04898,0.145517,0.179839,0.508956,0.5188,-0.205255,-0.186046,0.0871013,0.095413,0.0879981,0.0852774,-1.56227,-1.81801,0.0668022,0.0766661,5.37489,8.33418,1.94215,0.508956,-0.205255,0.0871013
1.76,5.4027,5.31907,8.34395,8.36366,1.94359,1.91936,2.77353,2.8209,0.949399,0.98975,0.142032,0.175716,0.509811,0.519905,-0.220566,-0.197425,0.0877696,0.0962281,0.0829953,0.0798291,-1.50012,-1.75442,0.0668579,0.0766748,5.4027,8.34395,1.94359,0.509811,-0.220566,0.0877696
1.77,5.43035,5.34611,8.35316,8.37478,1.94499,1.92093,2.75643,2.80627,0.893273,0.930087,0.138626,0.171714,0.510617,0.520941,-0.235262,-0.208297,0.0884384,0.0970381,0.0782666,0.0748402,-1.43919,-1.68896,0.0669092,0.0766788,5.43035,8.35316,1.94499,0.510617,-0.235262,0.0884384
1.78,5.45783,5.37312,8.36181,8.38537,1.94636,1.92248,2.73794,2.79064,0.836675,0.870007,0.135298,0.167824,0.511377,0.521906,-0.249355,-0.21872,0.0891078,0.0978465,0.073798,0.0703101,-1.37947,-1.62129,0.0669561,0.0766785,5.45783,8.36181,1.94636,0.511377,-0.249355,0.0891078
1.79,5.48511,5.40013,8.36989,8.39545,1.9477,1.92403,2.71812,2.77402,0.779609,0.809528,0.132045,0.164039,0.512094,0.522798,-0.262838,-0.228747,0.0897775,0.0986567,0.0695759,0.0662313,-1.31541,-1.55108,0.0669986,0.0766741,5.48511,8.36989,1.9477,0.512094,-0.262838,0.0897775
1.8,5.51219,5.42713,8.3774,8.40499,1.949,1.92557,2.69701,2.75645,0.72208,0.748666,0.128866,0.16035,0.512769,0.523617,-0.275629,-0.238424,0.0904477,0.0994714,0.0655874,0.0625948,-1.24136,-1.47807,0.0670367,0.0766656,5.51219,8.3774,1.949,0.512769,-0.275629,0.0904477
1.81,5.53905,5.45412,8.38434,8.41399,1.95028,1.92711,2.67469,2.73794,0.664099,0.687443,0.12576,0.156751,0.513406,0.524358,-0.287639,-0.247786,0.0911182,0.100293,0.0618202,0.0593892,-1.15969,-1.40204,0.0670705,0.0766533,5.53905,8.38434,1.95028,0.513406,-0.287639,0.0911182
1.82,5.56568,5.48111,8.39069,8.42245,1.95152,1.92865,2.65121,2.71849,0.605679,0.625879,0.122724,0.153235,0.514007,0.525022,-0.298803,-0.256859,0.0917891,0.101124,0.0582626,0.0565929,-1.07232,-1.32286,0.0670999,0.0766372,5.56568,8.39069,1.95152,0.514007,-0.298803,0.0917891
1.83,5.59207,5.50809,8.39645,8.43035,1.95273,1.93019,2.62668,2.69814,0.546836,0.564,0.119759,0.149797,0.514572,0.525603,-0.309072,-0.265658,0.0924602,0.101964,0.0549034,0.0541799,-0.980901,-1.24052,0.0671251,0.0766172,5.59207,8.39645,1.95273,0.514572,-0.309072,0.0924602
1.84,5.61821,5.53506,8.40162,8.43769,1.95391,1.93174,2.60116,2.67689,0.487592,0.50183,0.116861,0.14643,0.515105,0.526102,-0.318413,-0.274183,0.0931316,0.102815,0.0517322,0.0521214,-0.886842,-1.1551,0.067146,0.0765934,5.61821,8.40162,1.95391,0.515105,-0.318413,0.0931316
1.85,5.64409,5.562,8.4062,8.44443,1.95507,1.9333,2.57475,2.65477,0.427968,0.439395,0.11403,0.14313,0.515607,0.526514,-0.326804,-0.282423,0.0938031,0.103676,0.0487388,0.0503784,-0.79134,-1.06683,0.0671626,0.0765656,5.64409,8.4062,1.95507,0.515607,-0.326804,0.0938031
1.86,5.6697,5.5889,8.41018,8.45057,1.9562,1.93487,2.54755,2.6318,0.36799,0.376726,0.111265,0.139894,0.516081,0.526836,-0.334238,-0.290351,0.0944748,0.104545,0.0459137,0.0489051,-0.695407,-0.976058,0.067175,0.0765337,5.6697,8.41018,1.9562,0.516081,-0.334238,0.0944748
1.87,5.69503,5.61574,8.41356,8.45607,1.95729,1.93645,2.51965,2.60801,0.307685,0.313851,0.108563,0.136718,0.516526,0.527067,-0.340714,-0.297929,0.0951466,0.105421,0.0432478,0.0476458,-0.599896,-0.88327,0.0671832,0.0764974,5.69503,8.41356,1.95729,0.516526,-0.340714,0.0951466
1.88,5.72009,5.64251,8.41633,8.46092,1.95837,1.93804,2.49115,2.58344,0.24708,0.250797,0.105923,0.133598,0.516946,0.527203,-0.34624,-0.305107,0.0958185,0.106302,0.0407325,0.0465368,-0.505516,-0.78906,0.0671873,0.0764566,5.72009,8.41633,1.95837,0.516946,-0.34624,0.0958185
1.89,5.74486,5.66916,8.4185,8.46509,1.95941,1.93965,2.46214,2.55813,0.186206,0.187599,0.103345,0.130533,0.517341,0.527241,-0.35083,-0.311824,0.0964904,0.107183,0.0383597,0.0455044,-0.412854,-0.694127,0.0671872,0.0764111,5.74486,8.4185,1.95941,0.517341,-0.35083,0.0964904
1.9,5.76933,5.69569,8.42005,8.46854,1.96043,1.94126,2.43272,2.53212,0.125092,0.124288,0.100827,0.127521,0.517714,0.52718,-0.354504,-0.318015,0.0971622,0.108063,0.0361215,0.0444627,-0.322389,-0.599225,0.0671829,0.0763604,5.76933,8.42005,1.96043,0.517714,-0.354504,0.0971622
1.91,5.79351,5.72205,8.421,8.47125,1.96143,1.94288,2.40299,2.50547,0.0637695,0.0608973,0.0983675,0.124561,0.518064,0.527018,-0.357286,-0.323613,0.097834,0.108936,0.0340106,0.0433179,-0.234509,-0.505145,0.0671746,0.0763044,5.79351,8.421,1.96143,0.518064,-0.357286,0.097834
1.92,5.81739,5.74822,8.42133,8.47321,1.9624,1.9445,2.37304,2.47826,0.00226854,-0.00254223,0.0959652,0.121651,0.518394,0.526753,-0.359204,-0.328551,0.0985057,0.1098,0.0320201,0.0419557,-0.149521,-0.412664,0.0671623,0.0762428,5.81739,8.42133,1.9624,0.518394,-0.359204,0.0985057
1.93,5.84097,5.77417,8.42104,8.47438,1.96335,1.94613,2.34295,2.45053,-0.0593805,-0.0659977,0.093619,0.118791,0.518705,0.526385,-0.360287,-0.332767,0.0991772,0.11065,0.0301432,0.0402555,-0.0676628,-0.322513,0.0671458,0.0761754,5.84097,8.42104,1.96335,0.518705,-0.360287,0.0991772
1.94,5.86425,5.79986,8.42014,8.47475,1.96427,1.94776,2.31282,2.42238,-0.121148,-0.129438,0.0913276,0.115982,0.518998,0.525914,-0.360568,-0.33621,0.0998486,0.111484,0.0283738,0.0380809,0.010886,-0.235335,0.0671254,0.0761019,5.86425,8.42014,1.96427,0.518998,-0.360568,0.0998486
1.95,5.88723,5.82527,8.41862,8.47432,1.96518,1.94939,2.28273,2.39389,-0.183005,-0.192831,0.0890899,0.113224,0.519273,0.525339,-0.360081,-0.33884,0.10052,0.112299,0.0267059,0.0352826,0.0859969,-0.151678,0.067101,0.0760222,5.88723,8.41862,1.96518,0.519273,-0.360081,0.10052
1.96,5.9099,5.85037,8.41648,8.47307,1.96606,1.95102,2.25277,2.36514,-0.244925,-0.256151,0.0869046,0.110518,0.519532,0.524663,-0.35886,-0.340628,0.101191,0.113094,0.0251337,0.0316989,0.157584,-0.0719457,0.0670727,0.0759362,5.9099,8.41648,1.96606,0.519532,-0.35886,0.101191
1.97,5.93228,5.87515,8.41372,8.47101,1.96691,1.95263,2.22299,2.33624,-0.306879,-0.319367,0.0847708,0.107869,0.519776,0.523885,-0.356941,-0.341561,0.101861,0.113866,0.0236521,0.0271542,0.225598,0.00357559,0.0670404,0.0758437,5.93228,8.41372,1.96691,0.519776,-0.356941,0.101861
1.98,5.95436,5.89958,8.41034,8.46814,1.96775,1.95423,2.19349,2.30728,-0.368844,-0.38246,0.0826871,0.105278,0.520005,0.523009,-0.35436,-0.341639,0.102531,0.114617,0.022256,0.0214684,0.29002,0.0747393,0.0670042,0.0757449,5.95436,8.41034,1.96775,0.520005,-0.35436,0.102531
1.99,5.97615,5.92365,8.40635,8.46448,1.96857,1.95582,2.16432,2.27836,-0.430796,-0.445408,0.0806526,0.102752,0.520221,0.522034,-0.351153,-0.340873,0.103201,0.115346,0.0209405,0.0144486,0.350855,0.141504,0.0669642,0.0756396,5.97615,8.40635,1.96857,0.520221,-0.351153,0.103201
2,5.99765,5.94734,8.40173,8.46004,1.96937,1.95737,2.13556,2.24958,-0.492712,-0.508194,0.0786661,0.100295,0.520424,0.520963,-0.347355,-0.339286,0.103871,0.116054,0.0197012,0.00590497,0.408132,0.203934,0.0669204,0.0755279,5.99765,8.40173,1.96937,0.520424,-0.347355,0.103871
2.01,6.01887,5.97063,8.39649,8.45483,1.97014,1.95891,2.10726,2.22104,-0.554572,-0.570801,0.0767266,0.0979157,0.520616,0.519795,-0.343002,-0.336909,0.10454,0.116743,0.0184591,-0.00435401,0.461893,0.262169,0.0668727,0.0754099,6.01887,8.39649,1.97014,0.520616,-0.343002,0.10454
2.02,6.0398,5.99354,8.39064,8.44887,1.9709,1.96041,2.07948,2.19283,-0.616356,-0.633216,0.074833,0.095622,0.520783,0.518531,-0.338129,-0.333777,0.105208,0.117415,0.0139988,-0.0165132,0.512198,0.316401,0.0668213,0.0752857,6.0398,8.39064,1.9709,0.520783,-0.338129,0.105208
2.03,6.06046,6.01605,8.38416,8.4422,1.97164,1.96187,2.05227,2.16506,-0.678043,-0.695429,0.0729843,0.0934223,0.520873,0.51717,-0.332769,-0.329934,0.105876,0.118071,0.00298398,-0.0307407,0.559115,0.366864,0.0667661,0.0751554,6.06046,8.38416,1.97164,0.520873,-0.332769,0.105876
2.04,6.08085,6.03816,8.37708,8.43481,1.97236,1.96329,2.02567,2.13781,-0.739604,-0.757426,0.0711795,0.091326,0.520824,0.515707,-0.326957,-0.325422,0.106543,0.118716,-0.0135519,-0.0471886,0.602719,0.413801,0.0667072,0.0750191,6.08085,8.37708,1.97236,0.520824,-0.326957,0.106543
2.05,6.10097,6.05988,8.36937,8.42673,1.97306,1.96467,1.99973,2.11117,-0.801004,-0.819191,0.0694177,0.089342,0.520586,0.514138,-0.320726,-0.320289,0.10721,0.11935,-0.0348254,-0.0659751,0.643095,0.457462,0.0666447,0.0748769,6.10097,8.36937,1.97306,0.520586,-0.320726,0.10721
2.06,6.12084,6.0812,8.36106,8.41798,1.97375,1.96599,1.97449,2.0852,-0.862203,-0.880708,0.0676978,0.0874775,0.520114,0.512457,-0.314106,-0.31458,0.107876,0.119977,-0.0601082,-0.0871893,0.680331,0.498091,0.0665785,0.0747291,6.12084,8.36106,1.97375,0.520114,-0.314106,0.107876
2.07,6.14047,6.10214,8.35213,8.40858,1.97442,1.96726,1.94997,2.05998,-0.923158,-0.941955,0.066019,0.0857409,0.519373,0.510655,-0.307129,-0.308341,0.108542,0.120599,-0.0887484,-0.110875,0.714523,0.535911,0.0665086,0.0745755,6.14047,8.35213,1.97442,0.519373,-0.307129,0.108542
2.08,6.15985,6.1227,8.34259,8.39854,1.97507,1.96848,1.92621,2.03557,-0.983823,-1.0029,0.0643802,0.0841356,0.51833,0.508722,-0.299825,-0.301621,0.109206,0.121218,-0.120163,-0.137029,0.745769,0.57113,0.0664352,0.0744165,6.15985,8.34259,1.97507,0.51833,-0.299825,0.109206
2.09,6.17899,6.1429,8.33245,8.38786,1.9757,1.96964,1.90324,2.01201,-1.04415,-1.06351,0.0627807,0.0826648,0.516962,0.506644,-0.292223,-0.294464,0.10987,0.121836,-0.153834,-0.165599,0.774173,0.603928,0.0663583,0.0742522,6.17899,8.33245,1.9757,0.516962,-0.292223,0.10987
2.1,6.19791,6.16275,8.32171,8.37657,1.97632,1.97075,1.88106,1.98934,-1.10409,-1.12373,0.0612195,0.0813288,0.515247,0.504406,-0.284351,-0.286916,0.110534,0.122454,-0.189299,-0.196479,0.79984,0.634465,0.0662778,0.0740827,6.19791,8.32171,1.97632,0.515247,-0.284351,0.110534
2.11,6.21662,6.18228,8.31037,8.36467,1.97693,1.9718,1.85971,1.96761,-1.1636,-1.18352,0.0596957,0.0801243,0.513171,0.501992,-0.276235,-0.279022,0.111196,0.123074,-0.226148,-0.229509,0.822876,0.662877,0.0661938,0.0739082,6.21662,8.31037,1.97693,0.513171,-0.276235,0.111196
2.12,6.23511,6.2015,8.29844,8.35216,1.97752,1.97279,1.8392,1.94682,-1.22261,-1.24282,0.0582085,0.0790466,0.510721,0.499383,-0.267902,-0.270824,0.111857,0.123698,-0.264017,-0.264483,0.84339,0.689278,0.0661064,0.073729,6.23511,8.29844,1.97752,0.510721,-0.267902,0.111857
2.13,6.2534,6.22044,8.28592,8.33906,1.97809,1.97374,1.81953,1.927,-1.28109,-1.30154,0.0567571,0.0780867,0.507889,0.496562,-0.259375,-0.262367,0.112518,0.124324,-0.302587,-0.301156,0.861489,0.713765,0.0660155,0.073545,6.2534,8.28592,1.97809,0.507889,-0.259375,0.112518
2.14,6.2715,6.23911,8.27282,8.32537,1.97865,1.97463,1.80072,1.90816,-1.33898,-1.35963,0.0553406,0.0772349,0.504668,0.493507,-0.25068,-0.253692,0.113178,0.124955,-0.341575,-0.339238,0.877279,0.736414,0.0659212,0.0733567,6.2715,8.27282,1.97865,0.504668,-0.25068,0.113178
2.15,6.28942,6.25755,8.25915,8.31109,1.9792,1.97548,1.78278,1.8903,-1.39624,-1.41699,0.0539583,0.076478,0.501056,0.490199,-0.241837,-0.244839,0.113837,0.125589,-0.380731,-0.378427,0.890868,0.757291,0.0658236,0.0731642,6.28942,8.25915,1.9792,0.501056,-0.241837,0.113837
2.16,6.30716,6.27577,8.2449,8.29624,1.97973,1.9763,1.76571,1.87341,-1.45281,-1.47357,0.0526093,0.0758031,0.497054,0.486619,-0.232869,-0.235849,0.114494,0.126228,-0.419839,-0.418394,0.902358,0.77645,0.0657227,0.0729677,6.30716,8.2449,1.97973,0.497054,-0.232869,0.114494
2.17,6.32474,6.2938,8.23009,8.28081,1.98025,1.97707,1.74951,1.85749,-1.50866,-1.52927,0.0512929,0.0751959,0.492661,0.48275,-0.223797,-0.226757,0.115151,0.12687,-0.458709,-0.45882,0.911851,0.793932,0.0656185,0.0727675,6.32474,8.23009,1.98025,0.492661,-0.223797,0.115151
2.18,6.34215,6.31167,8.21473,8.26482,1.98076,1.97782,1.73418,1.84251,-1.56374,-1.58403,0.0500084,0.0746427,0.487881,0.478574,-0.214639,-0.2176,0.115807,0.127515,-0.497173,-0.499381,0.919446,0.809773,0.065511,0.0725636,6.34215,8.21473,1.98076,0.487881,-0.214639,0.115807
2.19,6.35942,6.32939,8.19882,8.24828,1.98125,1.97854,1.71973,1.82848,-1.61801,-1.63779,0.0487551,0.0741291,0.482719,0.474078,-0.205414,-0.208411,0.116461,0.128162,-0.535088,-0.539777,0.925238,0.824005,0.0654003,0.0723562,6.35942,8.19882,1.98125,0.482719,-0.205414,0.116461
2.2,6.37655,6.347,8.18237,8.23119,1.98173,1.97923,1.70614,1.81536,-1.67142,-1.69049,0.0475321,0.0736431,0.477181,0.469248,-0.19614,-0.199221,0.117115,0.128812,-0.572329,-0.579728,0.929319,0.836653,0.0652864,0.0721456,6.37655,8.18237,1.98173,0.477181,-0.19614,0.117115
2.21,6.39355,6.36451,8.16539,8.21356,1.9822,1.9799,1.69342,1.80313,-1.72395,-1.74207,0.0463388,0.0731725,0.471275,0.464076,-0.186833,-0.190056,0.117767,0.129464,-0.608788,-0.618983,0.931777,0.847743,0.0651693,0.071932,6.39355,8.16539,1.9822,0.471275,-0.186833,0.117767
2.22,6.41042,6.38194,8.1479,8.1954,1.98266,1.98055,1.68156,1.79177,-1.77555,-1.79252,0.0451746,0.0727074,0.465008,0.458553,-0.177509,-0.180942,0.118418,0.130116,-0.644373,-0.657325,0.932697,0.857299,0.0650492,0.0717152,6.41042,8.1479,1.98266,0.465008,-0.177509,0.118418
2.23,6.42718,6.3993,8.12989,8.17673,1.98311,1.98119,1.67055,1.78125,-1.82619,-1.84178,0.0440387,0.07224,0.458391,0.452676,-0.168184,-0.171902,0.119068,0.130769,-0.679003,-0.694571,0.932159,0.865349,0.0649259,0.0714956,6.42718,8.12989,1.98311,0.458391,-0.168184,0.119068
2.24,6.44384,6.41662,8.11138,8.15755,1.98354,1.9818,1.66039,1.77155,-1.87584,-1.88985,0.0429305,0.0717624,0.451432,0.446443,-0.158871,-0.162955,0.119716,0.131422,-0.71261,-0.73057,0.930239,0.871916,0.0647996,0.0712731,6.44384,8.11138,1.98354,0.451432,-0.158871,0.119716
2.25,6.46039,6.4339,8.09237,8.13788,1.98397,1.9824,1.65106,1.76264,-1.92447,-1.93672,0.0418493,0.0712715,0.444142,0.439854,-0.149583,-0.154119,0.120364,0.132075,-0.745138,-0.765203,0.927009,0.877028,0.0646702,0.0710479,6.46039,8.09237,1.98397,0.444142,-0.149583,0.120364
2.26,6.47686,6.45117,8.07289,8.11774,1.98438,1.98298,1.64256,1.7545,-1.97205,-1.98238,0.0407945,0.0707629,0.436533,0.432911,-0.140335,-0.145406,0.12101,0.132728,-0.776535,-0.798383,0.922538,0.880719,0.0645379,0.07082,6.47686,8.07289,1.98438,0.436533,-0.140335,0.12101
2.27,6.49325,6.46842,8.05294,8.09714,1.98478,1.98355,1.63488,1.74709,-2.01857,-2.02684,0.0397655,0.0702337,0.428615,0.425619,-0.131136,-0.13683,0.121655,0.133379,-0.80676,-0.830053,0.916889,0.883021,0.0644026,0.0705894,6.49325,8.05294,1.98478,0.428615,-0.131136,0.121655
2.28,6.50956,6.48567,8.03252,8.07608,1.98517,1.98409,1.628,1.74038,-2.06398,-2.07011,0.0387617,0.069684,0.420402,0.417985,-0.122,-0.128401,0.122298,0.134029,-0.835779,-0.860172,0.910123,0.883969,0.0642643,0.0703561,6.50956,8.03252,1.98517,0.420402,-0.122,0.122298
2.29,6.52581,6.50293,8.01166,8.05459,1.98556,1.98462,1.62191,1.73436,-2.10829,-2.11219,0.0377825,0.0691136,0.411904,0.410017,-0.112937,-0.120124,0.12294,0.134678,-0.86356,-0.888724,0.902295,0.883605,0.0641233,0.0701203,6.52581,8.01166,1.98556,0.411904,-0.112937,0.12294
2.3,6.542,6.52019,7.99036,8.03268,1.98593,1.98512,1.6166,1.72899,-2.15145,-2.15311,0.0368273,0.0685227,0.403135,0.401726,-0.103958,-0.112008,0.12358,0.135325,-0.890081,-0.915704,0.893458,0.881968,0.0639793,0.0698819,6.542,7.99036,1.98593,0.403135,-0.103958,0.12358
2.31,6.55815,6.53748,7.96863,8.01036,1.98629,1.9856,1.61206,1.72425,-2.19347,-2.19288,0.0358956,0.0679129,0.394106,0.39312,-0.0950715,-0.104054,0.124219,0.135971,-0.915318,-0.941127,0.88366,0.879101,0.0638325,0.0696409,6.55815,7.96863,1.98629,0.394106,-0.0950715,0.124219
2.32,6.57425,6.55478,7.94649,7.98765,1.98665,1.98607,1.60827,1.72011,-2.23431,-2.23152,0.0349868,0.0672871,0.384833,0.384212,-0.0862878,-0.0962681,0.124857,0.136614,-0.939256,-0.965009,0.872946,0.875048,0.063683,0.0693974,6.57425,7.94649,1.98665,0.384833,-0.0862878,0.124857
2.33,6.59031,6.5721,7.92395,7.96455,1.98699,1.98651,1.60521,1.71655,-2.27398,-2.26905,0.0341004,0.0666451,0.375326,0.375016,-0.0776155,-0.0886494,0.125493,0.137256,-0.961878,-0.987376,0.861359,0.869857,0.0635307,0.0691513,6.59031,7.92395,1.98699,0.375326,-0.0776155,0.125493
2.34,6.60635,6.58945,7.90102,7.94109,1.98733,1.98692,1.60288,1.71354,-2.31244,-2.30549,0.0332358,0.0659912,0.365599,0.365543,-0.0690634,-0.0811993,0.126128,0.137895,-0.983174,-1.00826,0.848936,0.863571,0.0633757,0.0689027,6.60635,7.90102,1.98733,0.365599,-0.0690634,0.126128
2.35,6.62237,6.60682,7.87771,7.91727,1.98766,1.98731,1.60125,1.71106,-2.3497,-2.34086,0.0323925,0.065328,0.355667,0.355808,-0.0606395,-0.0739178,0.126761,0.138532,-1.00313,-1.02769,0.835714,0.856237,0.063218,0.0686517,6.62237,7.87771,1.98766,0.355667,-0.0606395,0.126761
2.36,6.63838,6.62422,7.85403,7.8931,1.98798,1.98768,1.60031,1.7091,-2.38575,-2.37516,0.03157,0.0646567,0.345541,0.345825,-0.0523516,-0.0668043,0.127392,0.139167,-1.02175,-1.0457,0.821725,0.847902,0.0630576,0.0683983,6.63838,7.85403,1.98798,0.345541,-0.0523516,0.127392
2.37,6.65438,6.64165,7.83,7.86859,1.98829,1.98803,1.60004,1.70762,-2.42057,-2.40842,0.0307679,0.0639798,0.335236,0.335609,-0.0442074,-0.0598567,0.128022,0.139799,-1.039,-1.06232,0.807001,0.838608,0.0628947,0.0681424,6.65438,7.83,1.98829,0.335236,-0.0442074,0.128022
2.38,6.67038,6.6591,7.80562,7.84376,1.98859,1.98835,1.60043,1.70661,-2.45416,-2.44064,0.0299855,0.0633004,0.324766,0.325175,-0.036214,-0.0530741,0.12865,0.140428,-1.05491,-1.07758,0.791568,0.828402,0.0627291,0.0678841,6.67038,7.80562,1.98859,0.324766,-0.036214,0.12865
2.39,6.68639,6.67657,7.78092,7.81861,1.98889,1.98865,1.60145,1.70606,-2.48651,-2.47184,0.0292226,0.0626201,0.314143,0.314538,-0.0283783,-0.0464544,0.129276,0.141055,-1.06944,-1.0915,0.775455,0.817324,0.0625611,0.0676235,6.68639,7.78092,1.98889,0.314143,-0.0283783,0.129276
2.4,6.70241,6.69407,7.7559,7.79315,1.98918,1.98893,1.6031,1.70593,-2.51762,-2.502,0.0284786,0.0619409,0.303381,0.303715,-0.0207071,-0.0399956,0.129901,0.141679,-1.08261,-1.10411,0.758684,0.805416,0.0623905,0.0673605,6.70241,7.7559,1.98918,0.303381,-0.0207071,0.129901
2.41,6.71846,6.7116,7.73057,7.7674,1.98946,1.98919,1.60535,1.70622,-2.54749,-2.53115,0.027753,0.0612649,0.292495,0.292722,-0.0132067,-0.033696,0.130524,0.1423,-1.09441,-1.11542,0.74128,0.792716,0.0622174,0.0670953,6.71846,7.73057,1.98946,0.292495,-0.0132067,0.130524
2.42,6.73452,6.72914,7.70495,7.74136,1.98973,1.98944,1.60818,1.7069,-2.57611,-2.55927,0.0270454,0.0605941,0.281498,0.281574,-0.00588352,-0.0275538,0.131145,0.142918,-1.10484,-1.12546,0.723264,0.779261,0.062042,0.0668279,6.73452,7.70495,1.98973,0.281498,-0.00588352,0.131145
2.43,6.75062,6.74671,7.67905,7.71505,1.99,1.98966,1.61157,1.70797,-2.60349,-2.58637,0.0263554,0.0599295,0.270403,0.27029,0.00125656,-0.0215674,0.131765,0.143532,-1.1139,-1.13423,0.704656,0.765087,0.0618641,0.0665582,6.75062,7.67905,1.99,0.270403,0.00125656,0.131765
2.44,6.76676,6.76429,7.65288,7.68847,1.99026,1.98987,1.61551,1.7094,-2.62962,-2.61243,0.0256826,0.0592723,0.259224,0.258884,0.0082077,-0.0157352,0.132383,0.144142,-1.12158,-1.14174,0.685477,0.750227,0.0616838,0.0662864,6.76676,7.65288,1.99026,0.259224,0.0082077,0.132383
2.45,6.78293,6.78189,7.62646,7.66163,1.99051,1.99007,1.61997,1.71118,-2.65451,-2.63746,0.0250265,0.0586246,0.247976,0.247375,0.0149643,-0.0100563,0.132999,0.144749,-1.12788,-1.14799,0.665745,0.734712,0.0615012,0.0660125,6.78293,7.62646,1.99051,0.247976,0.0149643,0.132999
2.46,6.79916,6.79951,7.5998,7.63454,1.99076,1.99025,1.62494,1.7133,-2.67815,-2.66144,0.0243868,0.0579866,0.236671,0.23578,0.0215208,-0.00452942,0.133613,0.145353,-1.13281,-1.15298,0.64548,0.718572,0.0613163,0.0657366,6.79916,7.5998,1.99076,0.236671,0.0215208,0.133613
2.47,6.81543,6.81714,7.5729,7.60722,1.991,1.99043,1.63039,1.71574,-2.70056,-2.68437,0.023763,0.0573595,0.225324,0.224116,0.0278721,0.000845462,0.134225,0.145952,-1.13637,-1.15672,0.6247,0.701838,0.0611291,0.0654586,6.81543,7.5729,1.991,0.225324,0.0278721,0.134225
2.48,6.83177,6.83479,7.54579,7.57967,1.99124,1.9906,1.6363,1.71849,-2.72173,-2.70622,0.0231548,0.0567444,0.213948,0.212401,0.0340132,0.00606885,0.134835,0.146547,-1.13857,-1.15919,0.603425,0.684532,0.0609397,0.0651786,6.83177,7.54579,1.99124,0.213948,0.0340132,0.134835
2.49,6.84816,6.85245,7.51847,7.5519,1.99146,1.99076,1.64265,1.72153,-2.74168,-2.72699,0.0225618,0.0561423,0.202557,0.200651,0.0399391,0.0111405,0.135444,0.147137,-1.1394,-1.1604,0.581674,0.666685,0.0607481,0.0648968,6.84816,7.51847,1.99146,0.202557,0.0399391,0.135444
2.5,6.86462,6.87012,7.49096,7.52392,1.99169,1.99092,1.64943,1.72485,-2.7604,-2.74667,0.0219836,0.0555531,0.191165,0.188884,0.0456451,0.0160604,0.13605,0.147723,-1.13887,-1.16033,0.559467,0.648316,0.0605543,0.0646131,6.86462,7.49096,1.99169,0.191165,0.0456451,0.13605
2.51,6.88115,6.8878,7.46327,7.49575,1.9919,1.99107,1.6566,1.72844,-2.77791,-2.76523,0.0214199,0.0549772,0.179784,0.177119,0.0511269,0.020827,0.136655,0.148304,-1.13699,-1.15898,0.536824,0.629454,0.0603584,0.0643277,6.88115,7.46327,1.9919,0.179784,0.0511269,0.136655
2.52,6.89775,6.90549,7.43541,7.46739,1.99212,1.99123,1.66415,1.73228,-2.79421,-2.78268,0.0208703,0.0544165,0.16843,0.165371,0.0563802,0.0254401,0.137257,0.14888,-1.13377,-1.15633,0.513767,0.610119,0.0601604,0.0640405,6.89775,7.43541,1.99212,0.16843,0.0563802,0.137257
2.53,6.91444,6.92319,7.40739,7.43886,1.99232,1.99139,1.67205,1.73635,-2.80932,-2.79898,0.0203345,0.0538698,0.157114,0.153657,0.061401,0.0298985,0.137858,0.149451,-1.12922,-1.15238,0.490318,0.590334,0.0599604,0.0637516,6.91444,7.40739,1.99232,0.157114,0.061401,0.137858
2.54,6.9312,6.9409,7.37923,7.41016,1.99252,1.99155,1.68028,1.74066,-2.82325,-2.81414,0.0198121,0.0533381,0.14585,0.141994,0.0661854,0.0342001,0.138457,0.150016,-1.12334,-1.14712,0.466502,0.570123,0.0597583,0.0634611,6.9312,7.37923,1.99252,0.14585,0.0661854,0.138457
2.55,6.94804,6.95862,7.35093,7.38131,1.99272,1.99171,1.68882,1.74517,-2.836,-2.82814,0.0193028,0.052822,0.134651,0.130398,0.0707299,0.038344,0.139053,0.150576,-1.11616,-1.14055,0.442343,0.549507,0.0595542,0.063169,6.94804,7.35093,1.99272,0.134651,0.0707299,0.139053
2.56,6.96497,6.97635,7.32251,7.35232,1.99291,1.99188,1.69764,1.74988,-2.84759,-2.84097,0.0188064,0.0523216,0.123531,0.118884,0.0750312,0.0423274,0.139648,0.15113,-1.10768,-1.13265,0.417866,0.528508,0.0593481,0.0628755,6.96497,7.32251,1.99291,0.123531,0.0750312,0.139648
2.57,6.982,6.9941,7.29398,7.32319,1.99309,1.99206,1.70673,1.75477,-2.85803,-2.85263,0.0183224,0.0518371,0.112502,0.107467,0.0790862,0.0461496,0.14024,0.151679,-1.09794,-1.12343,0.393101,0.507148,0.0591402,0.0625805,6.982,7.29398,1.99309,0.112502,0.0790862,0.14024
2.58,6.99911,7.01185,7.26535,7.29395,1.99328,1.99224,1.71605,1.75984,-2.86734,-2.8631,0.0178506,0.0513682,0.101576,0.0961622,0.0828923,0.0498076,0.14083,0.152222,-1.08693,-1.11289,0.368076,0.485453,0.0589303,0.062284,6.99911,7.26535,1.99328,0.101576,0.0828923,0.14083
2.59,7.01632,7.02962,7.23664,7.26459,1.99345,1.99243,1.72558,1.76505,-2.87553,-2.8724,0.0173907,0.0509159,0.0907671,0.0849823,0.086447,0.0532999,0.141419,0.152759,-1.07469,-1.10103,0.342822,0.463442,0.0587185,0.0619863,7.01632,7.23664,1.99345,0.0907671,0.086447,0.141419
2.6,7.03362,7.0474,7.20785,7.23513,1.99362,1.99263,1.73531,1.77041,-2.88262,-2.88051,0.0169423,0.0504791,0.0800864,0.0739411,0.0897481,0.0566241,0.142005,0.15329,-1.06124,-1.08786,0.31737,0.441142,0.0585049,0.0616872,7.03362,7.20785,1.99362,0.0800864,0.0897481,0.142005
2.61,7.05102,7.0652,7.17899,7.20559,1.99379,1.99284,1.7452,1.77589,-2.88863,-2.88744,0.0165053,0.0500587,0.0695462,0.0630504,0.0927939,0.0597785,0.142589,0.153815,-1.04661,-1.07338,0.291755,0.418576,0.0582896,0.0613869,7.05102,7.17899,1.99379,0.0695462,0.0927939,0.142589
2.62,7.06853,7.08302,7.15008,7.17596,1.99395,1.99306,1.75524,1.78148,-2.89357,-2.8932,0.0160793,0.0496541,0.059158,0.0523222,0.0955828,0.0627605,0.143171,0.154334,-1.03082,-1.05761,0.26601,0.395772,0.0580724,0.0610855,7.06853,7.15008,1.99395,0.059158,0.0955828,0.143171
2.63,7.08613,7.10086,7.12112,7.14627,1.99411,1.99329,1.76539,1.78718,-2.89747,-2.8978,0.0156641,0.049265,0.0489335,0.041768,0.0981137,0.0655686,0.14375,0.154847,-1.01391,-1.04058,0.240172,0.372752,0.0578536,0.0607831,7.08613,7.12112,1.99411,0.0489335,0.0981137,0.14375
2.64,7.10383,7.11872,7.09213,7.11652,1.99427,1.99353,1.77564,1.79295,-2.90034,-2.90125,0.0152594,0.048892,0.0388835,0.0313977,0.100386,0.0682006,0.144328,0.155354,-0.995898,-1.02231,0.214277,0.349546,0.057633,0.0604795,7.10383,7.09213,1.99427,0.0388835,0.100386,0.144328
2.65,7.12164,7.13661,7.06312,7.08672,1.99442,1.99378,1.78596,1.79879,-2.90221,-2.90357,0.0148649,0.0485333,0.029019,0.0212215,0.102399,0.0706546,0.144903,0.155855,-0.97683,-1.00281,0.188364,0.32618,0.0574107,0.0601751,7.12164,7.06312,1.99442,0.029019,0.102399,0.144903
2.66,7.13955,7.15453,7.03409,7.05688,1.99456,1.99404,1.79633,1.80469,-2.90309,-2.90477,0.0144804,0.0481894,0.0193504,0.0112475,0.104153,0.0729292,0.145476,0.156351,-0.956739,-0.982133,0.162472,0.302682,0.0571869,0.0598697,7.13955,7.03409,1.99456,0.0193504,0.104153,0.145476
2.67,7.15757,7.17247,7.00506,7.02701,1.99471,1.9943,1.80672,1.81063,-2.90302,-2.90488,0.0141057,0.0478587,0.00988755,0.00148524,0.105649,0.0750223,0.146047,0.15684,-0.935665,-0.960306,0.136639,0.279082,0.0569614,0.0595636,7.15757,7.00506,1.99471,0.00988755,0.105649,0.146047
2.68,7.17569,7.19045,6.97603,6.99712,1.99485,1.99458,1.81711,1.81659,-2.90201,-2.90393,0.0137404,0.047541,0.000640218,-0.0080579,0.106886,0.0769332,0.146615,0.157324,-0.913647,-0.937373,0.110905,0.255409,0.0567343,0.0592567,7.17569,6.97603,1.99485,0.000640218,0.106886,0.146615
2.69,7.19391,7.20846,6.94702,6.96723,1.99498,1.99486,1.82748,1.82257,-2.90009,-2.90194,0.0133845,0.0472355,-0.0083824,-0.0173743,0.107867,0.0786603,0.147181,0.157802,-0.890729,-0.913376,0.0853115,0.231691,0.0565057,0.0589491,7.19391,6.94702,1.99498,-0.0083824,0.107867,0.147181
2.7,7.21224,7.22651,6.91803,6.93734,1.99511,1.99514,1.8378,1.82855,-2.89728,-2.89894,0.0130375,0.04694,-0.0171715,-0.0264571,0.108593,0.0802023,0.147745,0.158275,-0.866955,-0.888366,0.0598974,0.207965,0.0562756,0.058641,7.21224,6.91803,1.99511,-0.0171715,0.108593,0.147745
2.71,7.23067,7.2446,6.88908,6.90745,1.99524,1.99543,1.84806,1.83451,-2.89362,-2.89497,0.0126994,0.0466546,-0.0257188,-0.0352997,0.109066,0.0815584,0.148307,0.158742,-0.84237,-0.862396,0.034703,0.184254,0.056044,0.0583323,7.23067,6.88908,1.99524,-0.0257188,0.109066,0.148307
2.72,7.2492,7.26273,6.86016,6.87759,1.99537,1.99573,1.85822,1.84045,-2.88912,-2.89007,0.0123699,0.0463767,-0.0340164,-0.0438957,0.109288,0.0827276,0.148866,0.159205,-0.817022,-0.83552,0.00976809,0.160595,0.055811,0.0580233,7.2492,6.86016,1.99537,-0.0340164,0.109288,0.148866
2.73,7.26783,7.2809,6.8313,6.84776,1.99549,1.99603,1.86827,1.84635,-2.88382,-2.88427,0.0120488,0.0461053,-0.0420568,-0.0522396,0.109262,0.0837098,0.149423,0.159662,-0.790959,-0.8078,-0.0148684,0.137019,0.0555766,0.057714,7.26783,6.8313,1.99549,-0.0420568,0.109262,0.149423
2.74,7.28656,7.29911,6.80249,6.81797,1.99561,1.99633,1.8782,1.8522,-2.87775,-2.87761,0.0117358,0.0458392,-0.0498333,-0.060326,0.108992,0.084504,0.149978,0.160113,-0.76423,-0.779294,-0.0391682,0.113555,0.0553407,0.0574044,7.28656,6.80249,1.99561,-0.0498333,0.108992,0.149978
2.75,7.30539,7.31737,6.77375,6.78824,1.99572,1.99663,1.88796,1.85799,-2.87093,-2.87013,0.0114308,0.0455752,-0.0573394,-0.0681491,0.10848,0.0851103,0.15053,0.160561,-0.736886,-0.750067,-0.0630938,0.0902353,0.0551036,0.0570947,7.30539,6.77375,1.99572,-0.0573394,0.10848,0.15053
2.76,7.32432,7.33568,6.74507,6.75857,1.99584,1.99693,1.89756,1.8637,-2.8634,-2.86188,0.0111336,0.0453134,-0.0645692,-0.0757039,0.107731,0.0855284,0.15108,0.161003,-0.708979,-0.720185,-0.0866091,0.0670942,0.0548651,0.056785,7.32432,6.74507,1.99584,-0.0645692,0.107731,0.15108
2.77,7.34334,7.35403,6.71648,6.72896,1.99595,1.99723,1.90696,1.86933,-2.85518,-2.8529,0.010844,0.0450504,-0.0715173,-0.0829863,0.10675,0.0857584,0.151627,0.16144,-0.68056,-0.689715,-0.109679,0.0441613,0.0546253,0.0564752,7.34334,6.71648,1.99595,-0.0715173,0.10675,0.151627
2.78,7.36246,7.37243,6.68797,6.69944,1.99605,1.99753,1.91614,1.87487,-2.84631,-2.84324,0.0105617,0.0447845,-0.0781788,-0.0899912,0.10554,0.0858005,0.152172,0.161873,-0.651682,-0.658725,-0.13227,0.0214687,0.0543842,0.0561657,7.36246,6.68797,1.99605,-0.0781788,0.10554,0.152172
2.79,7.38167,7.39087,6.65956,6.67001,1.99616,1.99783,1.9251,1.88029,-2.83682,-2.83293,0.0102867,0.0445139,-0.0845496,-0.0967147,0.104106,0.0856555,0.152715,0.162302,-0.622397,-0.627283,-0.154351,-0.000954084,0.0541419,0.0558563,7.38167,6.65956,1.99616,-0.0845496,0.104106,0.152715
2.8,7.40096,7.40937,6.63124,6.64069,1.99626,1.99812,1.93381,1.8856,-2.82673,-2.82202,0.0100187,0.0442366,-0.0906256,-0.103152,0.102454,0.0853241,0.153255,0.162726,-0.592756,-0.59546,-0.175891,-0.0230776,0.0538984,0.0555472,7.40096,6.63124,1.99626,-0.0906256,0.102454,0.153255
2.81,7.42034,7.42791,6.60302,6.61147,1.99636,1.9984,1.94225,1.89078,-2.81609,-2.81056,0.0097576,0.0439515,-0.0964037,-0.1093,0.10059,0.0848064,0.153793,0.163146,-0.562814,-0.563321,-0.196862,-0.0448685,0.0536538,0.0552386,7.42034,6.60302,1.99636,-0.0964037,0.10059,0.153793
2.82,7.43981,7.4465,6.57492,6.58237,1.99646,1.99868,1.95041,1.89583,-2.80492,-2.7986,0.00950315,0.0436549,-0.101881,-0.115154,0.098519,0.0841042,0.154328,0.163562,-0.532622,-0.530937,-0.217237,-0.0663029,0.0534079,0.0549304,7.43981,6.57492,1.99646,-0.101881,0.098519,0.154328
2.83,7.45935,7.46514,6.54693,6.55339,1.99655,1.99895,1.95826,1.90073,-2.79326,-2.78616,0.00925521,0.0433463,-0.107055,-0.120711,0.0962474,0.0832185,0.154861,0.163974,-0.502231,-0.498373,-0.236992,-0.0873474,0.053161,0.0546227,7.45935,6.54693,1.99655,-0.107055,0.0962474,0.154861
2.84,7.47897,7.48382,6.51905,6.52456,1.99664,1.99922,1.96581,1.90547,-2.78114,-2.7733,0.00901364,0.0430229,-0.111925,-0.125967,0.0937814,0.082151,0.155391,0.164382,-0.471693,-0.465698,-0.256104,-0.10798,0.052913,0.0543156,7.47897,6.51905,1.99664,-0.111925,0.0937814,0.155391
2.85,7.49866,7.50255,6.4913,6.49587,1.99673,1.99947,1.97303,1.91004,-2.7686,-2.76006,0.00877825,0.0426845,-0.116489,-0.13092,0.0911275,0.0809026,0.155919,0.164786,-0.441057,-0.432974,-0.274554,-0.12817,0.052664,0.0540092,7.49866,6.4913,1.99673,-0.116489,0.0911275,0.155919
2.86,7.51843,7.52133,6.46368,6.46732,1.99682,1.99971,1.9799,1.91444,-2.75566,-2.74648,0.00854891,0.0423286,-0.120746,-0.135567,0.0882925,0.0794761,0.156445,0.165186,-0.410374,-0.400262,-0.292322,-0.147893,0.0524139,0.0537035,7.51843,6.46368,1.99682,-0.120746,0.0882925,0.156445
2.87,7.53826,7.54015,6.43619,6.43894,1.9969,1.99995,1.98642,1.91866,-2.74235,-2.7326,0.00832546,0.0419539,-0.124696,-0.139905,0.0852834,0.0778732,0.156967,0.165583,-0.379692,-0.367626,-0.309392,-0.167129,0.0521628,0.0533986,7.53826,6.43619,1.9969,-0.124696,0.0852834,0.156967
2.88,7.55816,7.55902,6.40884,6.41072,1.99698,2.00017,1.99258,1.92268,-2.72873,-2.71844,0.00810774,0.0415588,-0.12834,-0.143932,0.0821071,0.0760963,0.157488,0.165976,-0.349057,-0.335122,-0.325751,-0.185848,0.0519107,0.0530945,7.55816,6.40884,1.99698,-0.12834,0.0821071,0.157488
2.89,7.57811,7.57793,6.38162,6.38267,1.99706,2.00038,1.99836,1.9265,-2.7148,-2.70406,0.00789563,0.0411432,-0.131678,-0.147645,0.0787708,0.0741481,0.158006,0.166366,-0.318517,-0.30281,-0.341386,-0.204032,0.0516577,0.0527913,7.57811,6.38162,1.99706,-0.131678,0.0787708,0.158006
2.9,7.59812,7.59689,6.35454,6.3548,1.99714,2.00058,2.00374,1.9301,-2.70062,-2.68949,0.00768897,0.0407059,-0.134711,-0.151045,0.0752818,0.0720316,0.158521,0.166752,-0.288116,-0.270738,-0.356287,-0.221659,0.0514038,0.0524889,7.59812,6.35454,1.99714,-0.134711,0.0752818,0.158521
2.91,7.61819,7.61589,6.32761,6.32711,1.99722,2.00076,2.00873,1.93349,-2.6862,-2.67476,0.00748762,0.0402458,-0.137441,-0.154128,0.0716475,0.06975,0.159034,0.167135,-0.257897,-0.238959,-0.370445,-0.238712,0.051149,0.0521874,7.61819,6.32761,1.99722,-0.137441,0.0716475,0.159034
2.92,7.6383,7.63493,6.30082,6.2996,1.99729,2.00093,2.01332,1.93665,-2.67159,-2.65989,0.00729147,0.0397627,-0.13987,-0.156896,0.0678754,0.0673063,0.159544,0.167514,-0.227902,-0.207521,-0.383853,-0.255168,0.0508933,0.0518868,7.6383,6.30082,1.99729,-0.13987,0.0678754,0.159544
2.93,7.65845,7.65401,6.27418,6.27228,1.99736,2.00109,2.01748,1.93957,-2.65682,-2.64493,0.00710037,0.0392566,-0.142,-0.159346,0.063973,0.0647041,0.160052,0.167891,-0.198173,-0.176469,-0.396508,-0.271012,0.0506368,0.0515872,7.65845,6.27418,1.99736,-0.142,0.063973,0.160052
2.94,7.67864,7.67313,6.24768,6.24515,1.99743,2.00124,2.02123,1.94224,-2.64191,-2.62989,0.00691419,0.0387273,-0.143834,-0.16148,0.0599478,0.0619482,0.160557,0.168265,-0.168747,-0.145846,-0.408407,-0.286231,0.0503795,0.0512885,7.67864,6.24768,1.99743,-0.143834,0.0599478,0.160557
2.95,7.69887,7.69229,6.22134,6.21822,1.9975,2.00137,2.02454,1.94467,-2.6269,-2.61481,0.00673282,0.0381756,-0.145376,-0.163297,0.0558074,0.0590424,0.161059,0.168636,-0.139663,-0.115691,-0.419547,-0.300808,0.0501215,0.0509908,7.69887,6.22134,1.9975,-0.145376,0.0558074,0.161059
2.96,7.71913,7.71149,6.19515,6.19148,1.99757,2.00148,2.02742,1.94683,-2.61182,-2.59972,0.00655613,0.0376002,-0.146629,-0.164799,0.0515594,0.0559912,0.161559,0.169004,-0.110957,-0.0860399,-0.429929,-0.31473,0.0498626,0.050694,7.71913,6.19515,1.99757,-0.146629,0.0515594,0.161559
2.97,7.73942,7.73072,6.1691,6.16494,1.99763,2.00158,2.02986,1.94872,-2.5967,-2.58463,0.006384,0.0370037,-0.147596,-0.165988,0.0472113,0.0527995,0.162056,0.169369,-0.0826624,-0.0569283,-0.439554,-0.327987,0.0496031,0.0503981,7.73942,6.1691,1.99763,-0.147596,0.0472113,0.162056
2.98,7.75973,7.74999,6.14321,6.13859,1.99769,2.00167,2.03185,1.95033,-2.58157,-2.56957,0.00621632,0.0363854,-0.148283,-0.166865,0.0427708,0.0494724,0.162551,0.169732,-0.0548122,-0.0283862,-0.448425,-0.340566,0.0493428,0.0501032,7.75973,6.14321,1.99769,-0.148283,0.0427708,0.162551
2.99,7.78006,7.76929,6.11747,6.11244,1.99776,2.00174,2.03339,1.95166,-2.56645,-2.55457,0.00605298,0.0357468,-0.148694,-0.167432,0.0382453,0.0460156,0.163043,0.170092,-0.0274377,-0.00044452,-0.456547,-0.352461,0.0490819,0.0498091,7.78006,6.11747,1.99776,-0.148694,0.0382453,0.163043
3,7.8004,7.78862,6.09188,6.08649,1.99782,2.0018,2.03448,1.95269,-2.55139,-2.53964,0.00589386,0.0350885,-0.148834,-0.167694,0.0336423,0.0424348,0.163533,0.170451,-0.00056841,0.0268725,-0.463924,-0.363664,0.0488203,0.049516,7.8004,6.09188,1.99782,-0.148834,0.0336423,0.163533
3.01,7.82074,7.80798,6.06644,6.06074,1.99787,2.00185,2.03511,1.95343,-2.53639,-2.5248,0.00573885,0.0344121,-0.148707,-0.167653,0.0289693,0.038736,0.16402,0.170807,0.0257677,0.0535412,-0.470563,-0.374169,0.0485581,0.0492237,7.82074,6.06644,1.99787,-0.148707,0.0289693,0.16402
3.02,7.8411,7.82736,6.04115,6.03518,1.99793,2.00188,2.03528,1.95386,-2.5215,-2.51008,0.00558787,0.0337181,-0.14832,-0.167314,0.0242335,0.0349258,0.164504,0.171161,0.0515442,0.0795383,-0.476471,-0.38397,0.0482953,0.0489322,7.8411,6.04115,1.99793,-0.14832,0.0242335,0.164504
3.03,7.86145,7.84677,6.01601,6.00981,1.99799,2.00189,2.035,1.95398,-2.50674,-2.49549,0.00544079,0.0330102,-0.147678,-0.166682,0.0194423,0.0310105,0.164986,0.171513,0.0767362,0.104845,-0.481656,-0.393065,0.0480319,0.0486416,7.86145,6.01601,1.99799,-0.147678,0.0194423,0.164986
3.04,7.88179,7.8662,5.99102,5.98463,1.99804,2.0019,2.03425,1.95378,-2.49213,-2.48105,0.00529753,0.0322873,-0.146788,-0.165761,0.0146028,0.0269978,0.165465,0.171864,0.10132,0.129445,-0.486127,-0.401452,0.047768,0.0483518,7.88179,5.99102,1.99804,-0.146788,0.0146028,0.165465
3.05,7.90213,7.88564,5.96617,5.95964,1.99809,2.00189,2.03305,1.95325,-2.4777,-2.46678,0.00515798,0.0315525,-0.145654,-0.164557,0.00972208,0.022894,0.165941,0.172213,0.125274,0.15332,-0.489893,-0.409131,0.0475035,0.0480628,7.90213,5.96617,1.99809,-0.145654,0.00972208,0.165941
3.06,7.92245,7.90511,5.94146,5.93483,1.99814,2.00187,2.03138,1.9524,-2.46348,-2.45269,0.00502206,0.0308069,-0.144284,-0.163078,0.00480722,0.0187066,0.166415,0.172561,0.148578,0.17646,-0.492964,-0.4161,0.0472386,0.0477745,7.92245,5.94146,1.99814,-0.144284,0.00480722,0.166415
3.07,7.94276,7.92458,5.9169,5.91021,1.99819,2.00183,2.02926,1.95121,-2.44948,-2.43881,0.00488966,0.0300522,-0.142685,-0.161329,-0.000134922,0.014444,0.166886,0.172908,0.171212,0.198849,-0.495351,-0.422363,0.0469732,0.047487,7.94276,5.9169,1.99819,-0.142685,-0.000134922,0.166886
3.08,7.96304,7.94406,5.89247,5.88576,1.99824,2.00179,2.02668,1.94968,-2.43573,-2.42515,0.0047607,0.0292906,-0.140862,-0.159317,-0.00509756,0.0101135,0.167354,0.173254,0.193158,0.220478,-0.497065,-0.427921,0.0467073,0.0472003,7.96304,5.89247,1.99824,-0.140862,-0.00509756,0.167354
3.09,7.98329,7.96354,5.86818,5.86148,1.99829,2.00173,2.02365,1.94781,-2.42226,-2.41171,0.0046351,0.0285229,-0.138824,-0.157052,-0.010074,0.00572336,0.16782,0.173599,0.214401,0.241338,-0.498118,-0.432783,0.046441,0.0469142,7.98329,5.86818,1.99829,-0.138824,-0.010074,0.16782
3.1,8.00351,7.98302,5.84403,5.83738,1.99833,2.00166,2.02016,1.94559,-2.40907,-2.39853,0.00451276,0.0277524,-0.136577,-0.15454,-0.0150578,0.00128163,0.168283,0.173943,0.234925,0.261423,-0.498521,-0.436949,0.0461742,0.0466288,8.00351,5.84403,1.99833,-0.136577,-0.0150578,0.168283
3.11,8.02369,8.00249,5.82,5.81344,1.99838,2.00159,2.01623,1.94303,-2.3962,-2.38561,0.0043936,0.0269801,-0.134128,-0.151792,-0.0200423,-0.00320337,0.168743,0.174287,0.254716,0.280722,-0.498287,-0.440426,0.0459071,0.0463441,8.02369,5.82,1.99838,-0.134128,-0.0200423,0.168743
3.12,8.04383,8.02195,5.7961,5.78965,1.99842,2.0015,2.01185,1.94011,-2.38367,-2.37298,0.00427755,0.0262074,-0.131485,-0.148815,-0.0250214,-0.0077232,0.169201,0.17463,0.273761,0.29923,-0.497428,-0.443224,0.0456397,0.0460601,8.04383,5.7961,1.99842,-0.131485,-0.0250214,0.169201
3.13,8.06393,8.0414,5.77233,5.76602,1.99846,2.00141,2.00703,1.93684,-2.37148,-2.36064,0.00416451,0.025437,-0.128655,-0.145619,-0.0299889,-0.0122692,0.169656,0.174974,0.29205,0.316945,-0.495957,-0.445352,0.0453719,0.0457767,8.06393,5.77233,1.99846,-0.128655,-0.0299889,0.169656
3.14,8.08397,8.06082,5.74867,5.74254,1.9985,2.00131,2.00177,1.93322,-2.35966,-2.34862,0.00405442,0.0246685,-0.125646,-0.142215,-0.0349386,-0.0168327,0.170109,0.175318,0.309571,0.333858,-0.493886,-0.446815,0.0451038,0.045494,8.08397,5.74867,1.9985,-0.125646,-0.0349386,0.170109
3.15,8.10396,8.08022,5.72513,5.71921,1.99854,2.0012,1.99609,1.92924,-2.34823,-2.33693,0.00394721,0.0239062,-0.122466,-0.138612,-0.0398646,-0.0214054,0.170558,0.175662,0.326315,0.34997,-0.49123,-0.447627,0.0448354,0.0452119,8.10396,5.72513,1.99854,-0.122466,-0.0398646,0.170558
3.16,8.12389,8.09959,5.7017,5.69601,1.99858,2.00109,1.98998,1.92491,-2.3372,-2.32558,0.00384278,0.0231499,-0.119123,-0.134822,-0.0447612,-0.0259788,0.171005,0.176006,0.342275,0.365275,-0.488,-0.447798,0.0445667,0.0449305,8.12389,5.7017,1.99858,-0.119123,-0.0447612,0.171005
3.17,8.14376,8.11892,5.67839,5.67294,1.99862,2.00097,1.98344,1.92023,-2.32659,-2.31459,0.00374109,0.0224019,-0.115624,-0.130854,-0.0496228,-0.0305442,0.17145,0.176351,0.357443,0.379773,-0.48421,-0.44734,0.0442977,0.0446497,8.14376,5.67839,1.99862,-0.115624,-0.0496228,0.17145
3.18,8.16356,8.1382,5.65517,5.65,1.99866,2.00085,1.9765,1.9152,-2.31641,-2.30397,0.00364204,0.0216629,-0.111977,-0.12672,-0.0544436,-0.0350938,0.171891,0.176697,0.371813,0.393462,-0.479875,-0.446265,0.0440286,0.0443695,8.16356,5.65517,1.99866,-0.111977,-0.0544436,0.171891
3.19,8.18329,8.15743,5.63206,5.62718,1.99869,2.00073,1.96915,1.90981,-2.30668,-2.29375,0.00354559,0.0209354,-0.10819,-0.122431,-0.0592185,-0.0396189,0.17233,0.177044,0.385381,0.406339,-0.475007,-0.444584,0.0437592,0.04409,8.18329,5.63206,1.99869,-0.10819,-0.0592185,0.17233
3.2,8.20294,8.17661,5.60904,5.60447,1.99873,2.0006,1.96139,1.90408,-2.2974,-2.28393,0.00345165,0.0202195,-0.104272,-0.117998,-0.063942,-0.0441114,0.172766,0.177392,0.398142,0.418404,-0.46962,-0.442313,0.0434897,0.0438111,8.20294,5.60904,1.99873,-0.104272,-0.063942,0.172766
3.21,8.22251,8.19573,5.58611,5.58188,1.99876,2.00046,1.95325,1.898,-2.28859,-2.27454,0.00336017,0.0195169,-0.10023,-0.113433,-0.0686092,-0.0485636,0.1732,0.177741,0.410094,0.429658,-0.463729,-0.439467,0.0432199,0.0435329,8.22251,5.58611,1.99876,-0.10023,-0.0686092,0.1732
3.22,8.242,8.21479,5.56326,5.55938,1.9988,2.00033,1.94472,1.89158,-2.28026,-2.26558,0.00327108,0.0188304,-0.0960725,-0.108747,-0.073215,-0.0529684,0.173631,0.178092,0.421234,0.440099,-0.457348,-0.43606,0.04295,0.0432553,8.242,5.56326,1.9988,-0.0960725,-0.073215,0.173631
3.23,8.26141,8.23377,5.5405,5.53698,1.99883,2.0002,1.93582,1.88483,-2.27242,-2.25707,0.00318432,0.0181571,-0.0918078,-0.103952,-0.0777546,-0.0573176,0.174059,0.178444,0.431561,0.449729,-0.45049,-0.432104,0.04268,0.0429783,8.26141,5.5405,1.99883,-0.0918078,-0.0777546,0.174059
3.24,8.28072,8.25267,5.51781,5.51467,1.99886,2.00006,1.92655,1.87775,-2.26508,-2.24903,0.00309984,0.0175019,-0.087444,-0.0990582,-0.0822233,-0.0616046,0.174484,0.178799,0.441076,0.458548,-0.443171,-0.427619,0.0424099,0.042702,8.28072,5.51781,1.99886,-0.087444,-0.0822233,0.174484
3.25,8.29994,8.2715,5.4952,5.49244,1.99889,1.99993,1.91692,1.87034,-2.25824,-2.24147,0.00301756,0.0168647,-0.082989,-0.094078,-0.0866165,-0.0658228,0.174907,0.179155,0.449779,0.466559,-0.435404,-0.422617,0.0421397,0.0424265,8.29994,5.4952,1.99889,-0.082989,-0.0866165,0.174907
3.26,8.31906,8.29023,5.47265,5.47029,1.99892,1.99979,1.90694,1.86261,-2.25192,-2.23441,0.00293744,0.0162453,-0.0784511,-0.0890225,-0.0909299,-0.0699654,0.175327,0.179513,0.457673,0.473761,-0.427205,-0.417115,0.0418695,0.0421515,8.31906,5.47265,1.99892,-0.0784511,-0.0909299,0.175327
3.27,8.33807,8.30888,5.45016,5.4482,1.99895,1.99966,1.89662,1.85456,-2.24613,-2.22785,0.00285943,0.0156459,-0.0738383,-0.0839026,-0.0951592,-0.0740266,0.175745,0.179873,0.464759,0.480158,-0.418589,-0.411133,0.0415992,0.0418773,8.33807,5.45016,1.99895,-0.0738383,-0.0951592,0.175745
3.28,8.35699,8.32743,5.42772,5.42618,1.99898,1.99953,1.88597,1.84622,-2.24085,-2.22181,0.00278345,0.0150666,-0.0691586,-0.0787296,-0.0993003,-0.0780011,0.176159,0.180236,0.471042,0.485754,-0.409571,-0.404683,0.0413288,0.0416037,8.35699,5.42772,1.99898,-0.0691586,-0.0993003,0.176159
3.29,8.37579,8.34589,5.40534,5.40422,1.999,1.9994,1.875,1.83757,-2.23611,-2.2163,0.00270947,0.0145086,-0.0644201,-0.0735137,-0.103349,-0.0818833,0.176571,0.1806,0.476526,0.49055,-0.400167,-0.397781,0.0410584,0.0413308,8.37579,5.40534,1.999,-0.0644201,-0.103349,0.176571
3.3,8.39449,8.36424,5.383,5.3823,1.99903,1.99928,1.86372,1.82863,-2.23191,-2.21133,0.00263744,0.0139719,-0.0596307,-0.0682661,-0.107302,-0.0856681,0.17698,0.180968,0.481217,0.494552,-0.390392,-0.390448,0.0407881,0.0410586,8.39449,5.383,1.99903,-0.0596307,-0.107302,0.17698
3.31,8.41307,8.38249,5.3607,5.36043,1.99906,1.99916,1.85215,1.81941,-2.22824,-2.20691,0.00256729,0.0134576,-0.0547984,-0.0629967,-0.111156,-0.0893515,0.177387,0.181338,0.485121,0.497762,-0.380262,-0.382696,0.0405177,0.0407871,8.41307,5.3607,1.99906,-0.0547984,-0.111156,0.177387
3.32,8.43153,8.40063,5.33843,5.33859,1.99908,1.99904,1.84028,1.80991,-2.22512,-2.20305,0.00249899,0.0129671,-0.0499309,-0.0577156,-0.114907,-0.0929294,0.177791,0.18171,0.488245,0.50019,-0.369795,-0.374544,0.0402474,0.0405163,8.43153,5.33843,1.99908,-0.0499309,-0.114907,0.177791
3.33,8.44987,8.41866,5.31619,5.31679,1.99911,1.99893,1.82813,1.80015,-2.22254,-2.19976,0.00243248,0.0124999,-0.0450361,-0.0524323,-0.118551,-0.0963982,0.178192,0.182085,0.490598,0.501838,-0.359006,-0.366013,0.0399772,0.0402462,8.44987,5.31619,1.99911,-0.0450361,-0.118551,0.178192
3.34,8.46809,8.43658,5.29398,5.29501,1.99913,1.99882,1.81572,1.79013,-2.2205,-2.19704,0.00236772,0.0120566,-0.0401215,-0.0471563,-0.122086,-0.0997547,0.17859,0.182462,0.492189,0.502714,-0.347913,-0.357114,0.039707,0.0399768,8.46809,5.29398,1.99913,-0.0401215,-0.122086,0.17859
3.35,8.48619,8.45438,5.27178,5.27324,1.99915,1.99871,1.80305,1.77986,-2.21901,-2.1949,0.00230466,0.0116388,-0.0351948,-0.0418968,-0.125508,-0.102996,0.178986,0.182843,0.493027,0.502829,-0.336532,-0.347868,0.039437,0.0397081,8.48619,5.27178,1.99915,-0.0351948,-0.125508,0.178986
3.36,8.50415,8.47207,5.2496,5.25149,1.99918,1.99862,1.79014,1.76936,-2.21806,-2.19335,0.00224326,0.0112454,-0.0302634,-0.0366622,-0.128815,-0.10612,0.179379,0.183226,0.493124,0.502189,-0.324882,-0.338293,0.039167,0.0394401,8.50415,5.2496,1.99918,-0.0302634,-0.128815,0.179379
3.37,8.52199,8.48964,5.22742,5.22974,1.9992,1.99852,1.777,1.75863,-2.21765,-2.19238,0.00218348,0.0108778,-0.0253347,-0.0314608,-0.132005,-0.109126,0.179769,0.183611,0.492492,0.500805,-0.312979,-0.328403,0.0388971,0.0391728,8.52199,5.22742,1.9992,-0.0253347,-0.132005,0.179769
3.38,8.53969,8.5071,5.20524,5.20798,1.99922,1.99843,1.76363,1.74768,-2.21778,-2.192,0.00212527,0.0105365,-0.020416,-0.0263008,-0.135074,-0.11201,0.180157,0.183999,0.491142,0.498689,-0.300844,-0.318216,0.0386274,0.0389063,8.53969,5.20524,1.99922,-0.020416,-0.135074,0.180157
3.39,8.55726,8.52443,5.18306,5.18623,1.99924,1.99835,1.75006,1.73653,-2.21845,-2.19221,0.0020686,0.0102218,-0.0155142,-0.0211892,-0.138021,-0.114772,0.180542,0.18439,0.489088,0.49585,-0.288493,-0.307754,0.0383579,0.0386404,8.55726,5.18306,1.99924,-0.0155142,-0.138021,0.180542
3.4,8.57469,8.54165,5.16087,5.16445,1.99926,1.99827,1.73629,1.72518,-2.21965,-2.19301,0.00201342,0.00993305,-0.0106365,-0.0161337,-0.140843,-0.117412,0.180924,0.184783,0.486345,0.492306,-0.275946,-0.297031,0.0380885,0.0383752,8.57469,5.16087,1.99926,-0.0106365,-0.140843,0.180924
3.41,8.59198,8.55875,5.13867,5.14266,1.99928,1.9982,1.72234,1.71364,-2.22138,-2.19439,0.00195969,0.00967231,-0.00578959,-0.0111412,-0.143539,-0.119929,0.181304,0.185178,0.482927,0.488067,-0.263221,-0.286067,0.0378193,0.0381107,8.59198,5.13867,1.99928,-0.00578959,-0.143539,0.181304
3.42,8.60914,8.57573,5.11644,5.12084,1.9993,1.99814,1.70821,1.70193,-2.22363,-2.19636,0.00190738,0.00943848,-0.000980157,-0.00621777,-0.146107,-0.122322,0.18168,0.185576,0.478851,0.483152,-0.250339,-0.274877,0.0375503,0.037847,8.60914,5.11644,1.9993,-0.000980157,-0.146107,0.18168
3.43,8.62615,8.59259,5.09419,5.09899,1.99932,1.99808,1.69393,1.69005,-2.2264,-2.1989,0.00185645,0.00923134,0.00378528,-0.00136933,-0.148546,-0.124593,0.182055,0.185976,0.474131,0.477575,-0.237317,-0.263481,0.0372816,0.0375839,8.62615,5.09419,1.99932,0.00378528,-0.148546,0.182055
3.44,8.64301,8.60933,5.07191,5.07711,1.99934,1.99802,1.67949,1.67802,-2.22968,-2.20202,0.00180687,0.00905164,0.00850039,0.00339803,-0.150853,-0.126741,0.182426,0.186379,0.468787,0.471356,-0.224176,-0.251898,0.037013,0.0373215,8.64301,5.07191,1.99934,0.00850039,-0.150853,0.182426
3.45,8.65974,8.62595,5.0496,5.05518,1.99936,1.99797,1.66492,1.66585,-2.23346,-2.2057,0.00175859,0.0088993,0.013159,0.0080796,-0.153029,-0.128767,0.182795,0.186783,0.462836,0.464512,-0.210936,-0.240145,0.0367448,0.0370598,8.65974,5.0496,1.99936,0.013159,-0.153029,0.182795
3.46,8.67631,8.64246,5.02724,5.03321,1.99937,1.99793,1.65023,1.65354,-2.23774,-2.20993,0.00171159,0.00877476,0.0177551,0.0126699,-0.155072,-0.130672,0.183161,0.187189,0.456295,0.457063,-0.197617,-0.228242,0.0364767,0.0367987,8.67631,5.02724,1.99937,0.0177551,-0.155072,0.183161
3.47,8.69274,8.65884,5.00484,5.01119,1.99939,1.99789,1.63542,1.64112,-2.24251,-2.2147,0.00166584,0.00867769,0.022283,0.0171645,-0.156981,-0.132458,0.183524,0.187596,0.449185,0.449033,-0.184237,-0.216204,0.036209,0.0365383,8.69274,5.00484,1.99939,0.022283,-0.156981,0.183524
3.48,8.70902,8.6751,4.98239,4.98911,1.99941,1.99786,1.62052,1.62858,-2.24775,-2.22001,0.00162129,0.00860709,0.026737,0.0215595,-0.158756,-0.134125,0.183885,0.188005,0.441526,0.440441,-0.170818,-0.20405,0.0359415,0.0362786,8.70902,4.98239,1.99941,0.026737,-0.158756,0.183885
3.49,8.72515,8.69125,4.95988,4.96697,1.99942,1.99784,1.60553,1.61594,-2.25347,-2.22584,0.00157792,0.00856346,0.0311118,0.0258505,-0.160397,-0.135676,0.184243,0.188415,0.433336,0.431311,-0.15738,-0.191801,0.0356743,0.0360195,8.72515,4.95988,1.99942,0.0311118,-0.160397,0.184243
3.5,8.74113,8.70727,4.93732,4.94477,1.99944,1.99782,1.59046,1.60321,-2.25964,-2.23217,0.00153569,0.00854646,0.035402,0.0300341,-0.161904,-0.137112,0.184599,0.188826,0.424639,0.421665,-0.143941,-0.179473,0.0354075,0.0357611,8.74113,4.93732,1.99944,0.035402,-0.161904,0.184599
3.51,8.75696,8.72317,4.91469,4.9225,1.99945,1.9978,1.57534,1.59041,-2.26626,-2.239,0.00149459,0.00855598,0.0396029,0.034107,-0.163276,-0.138435,0.184951,0.189238,0.415453,0.41153,-0.130522,-0.167084,0.035141,0.0355033,8.75696,4.91469,1.99945,0.0396029,-0.163276,0.184951
3.52,8.77264,8.73896,4.89199,4.90015,1.99947,1.99779,1.56016,1.57753,-2.27332,-2.2463,0.00145457,0.00859009,0.0437096,0.0380663,-0.164514,-0.139647,0.185301,0.18965,0.405802,0.400931,-0.117142,-0.154656,0.0348748,0.0352461,8.77264,4.89199,1.99947,0.0437096,-0.164514,0.185301
3.53,8.78816,8.75462,4.86922,4.87773,1.99948,1.99779,1.54494,1.5646,-2.2808,-2.25406,0.00141562,0.00864983,0.0477175,0.0419094,-0.165619,-0.140749,0.185649,0.190063,0.395708,0.38989,-0.103822,-0.142203,0.0346089,0.0349895,8.78816,4.86922,1.99948,0.0477175,-0.165619,0.185649
3.54,8.80354,8.77017,4.84637,4.85522,1.9995,1.99778,1.5297,1.55162,-2.2887,-2.26226,0.00137769,0.00873366,0.0516223,0.0456334,-0.166591,-0.141745,0.185994,0.190475,0.385192,0.378438,-0.0905789,-0.129745,0.0343435,0.0347336,8.80354,4.84637,1.9995,0.0516223,-0.166591,0.185994
3.55,8.81876,8.78559,4.82345,4.83263,1.99951,1.99779,1.51444,1.5386,-2.297,-2.27089,0.00134077,0.00884144,0.05542,0.0492365,-0.167431,-0.142636,0.186336,0.190887,0.374278,0.366598,-0.0774329,-0.117299,0.0340784,0.0344782,8.81876,4.82345,1.99951,0.05542,-0.167431,0.186336
3.56,8.83383,8.80089,4.80043,4.80995,1.99952,1.9978,1.49917,1.52554,-2.30568,-2.27992,0.00130483,0.00897206,0.0591066,0.0527166,-0.16814,-0.143424,0.186675,0.191299,0.362989,0.354397,-0.0644023,-0.104884,0.0338137,0.0342234,8.83383,4.80043,1.99952,0.0591066,-0.16814,0.186675
3.57,8.84874,8.81607,4.77733,4.78718,1.99954,1.99781,1.48391,1.51247,-2.31474,-2.28934,0.00126984,0.00912437,0.0626786,0.0560716,-0.16872,-0.144112,0.187012,0.191709,0.351347,0.341864,-0.0515052,-0.0925164,0.0335494,0.0339691,8.84874,4.77733,1.99954,0.0626786,-0.16872,0.187012
3.58,8.8635,8.83113,4.75414,4.76432,1.99955,1.99783,1.46867,1.49938,-2.32416,-2.29913,0.00123578,0.00929804,0.0661325,0.0593006,-0.169171,-0.144702,0.187346,0.192119,0.339376,0.329026,-0.0387591,-0.0802128,0.0332855,0.0337154,8.8635,4.75414,1.99955,0.0661325,-0.169171,0.187346
3.59,8.87811,8.84607,4.73085,4.74135,1.99956,1.99786,1.45345,1.48629,-2.33392,-2.30927,0.00120263,0.00949125,0.0694651,0.062402,-0.169495,-0.145196,0.187678,0.192527,0.3271,0.315907,-0.0261813,-0.0679894,0.033022,0.0334622,8.87811,4.73085,1.99956,0.0694651,-0.169495,0.187678
3.6,8.89257,8.86087,4.70746,4.71828,1.99957,1.99788,1.43828,1.47321,-2.34402,-2.31975,0.00117036,0.00970446,0.0726735,0.0653743,-0.169695,-0.145596,0.188007,0.192933,0.314541,0.302536,-0.0137886,-0.0558633,0.032759,0.0332095,8.89257,4.70746,1.99957,0.0726735,-0.169695,0.188007
3.61,8.90688,8.87556,4.68397,4.6951,1.99959,1.99792,1.42315,1.46013,-2.35443,-2.33053,0.00113894,0.00993505,0.0757551,0.0682169,-0.169772,-0.145906,0.188333,0.193337,0.301724,0.288939,-0.00159694,-0.0438525,0.0324964,0.0329574,8.90688,4.68397,1.99959,0.0757551,-0.169772,0.188333
3.62,8.92104,8.89012,4.66037,4.67181,1.9996,1.99795,1.40808,1.44708,-2.36514,-2.3416,0.00110836,0.0101824,0.0787072,0.0709289,-0.169728,-0.146127,0.188657,0.193738,0.288671,0.275142,0.010378,-0.0319696,0.0322342,0.0327057,8.92104,4.66037,1.9996,0.0787072,-0.169728,0.188657
3.63,8.93504,8.90455,4.63666,4.64841,1.99961,1.99799,1.39308,1.43405,-2.37614,-2.35294,0.00107859,0.0104461,0.0815278,0.0735096,-0.169565,-0.14626,0.188978,0.194137,0.275406,0.261171,0.0221214,-0.0202293,0.0319725,0.0324544,8.93504,4.63666,1.99961,0.0815278,-0.169565,0.188978
3.64,8.9489,8.91886,4.61284,4.62489,1.99962,1.99803,1.37816,1.42105,-2.38742,-2.36454,0.00104961,0.0107231,0.0842147,0.0759586,-0.169286,-0.14631,0.189296,0.194533,0.261952,0.247053,0.033619,-0.00864849,0.0317113,0.0322036,8.9489,4.61284,1.99962,0.0842147,-0.169286,0.189296
3.65,8.96261,8.93303,4.58891,4.60125,1.99963,1.99808,1.36332,1.4081,-2.39894,-2.37637,0.0010214,0.0110145,0.0867663,0.0782756,-0.168894,-0.146277,0.189612,0.194925,0.248333,0.232812,0.044857,0.00276004,0.0314506,0.0319532,8.96261,4.58891,1.99963,0.0867663,-0.168894,0.189612
3.66,8.97616,8.94708,4.56487,4.57749,1.99964,1.99813,1.34857,1.39519,-2.41071,-2.38841,0.000993943,0.0113166,0.0891809,0.08046,-0.16839,-0.146164,0.189925,0.195314,0.23457,0.218472,0.0558228,0.0139823,0.0311903,0.0317033,8.97616,4.56487,1.99964,0.0891809,-0.16839,0.189925
3.67,8.98958,8.96099,4.5407,4.5536,1.99965,1.99819,1.33393,1.38232,-2.4227,-2.40065,0.000967217,0.0116302,0.0914573,0.0825117,-0.167778,-0.145972,0.190236,0.1957,0.220688,0.204059,0.0665041,0.025007,0.0309306,0.0314537,8.98958,4.5407,1.99965,0.0914573,-0.167778,0.190236
3.68,9.00284,8.97478,4.51641,4.52959,1.99966,1.99824,1.31941,1.36952,-2.43491,-2.41306,0.000941203,0.0119531,0.0935943,0.0844307,-0.167061,-0.145705,0.190544,0.19608,0.206706,0.189592,0.0768894,0.0358205,0.0306714,0.0312045,9.00284,4.51641,1.99966,0.0935943,-0.167061,0.190544
3.69,9.01597,8.98844,4.492,4.50544,1.99967,1.9983,1.30499,1.35678,-2.4473,-2.42563,0.000915881,0.0122838,0.0955911,0.0862175,-0.166241,-0.145364,0.190849,0.196457,0.192649,0.175097,0.086968,0.0464115,0.0304127,0.0309556,9.01597,4.492,1.99967,0.0955911,-0.166241,0.190849
3.7,9.02894,9.00196,4.46746,4.48115,1.99968,1.99837,1.29071,1.3441,-2.45987,-2.43834,0.000891234,0.012621,0.0974471,0.087872,-0.165322,-0.144951,0.191152,0.196829,0.178537,0.160596,0.0967301,0.0567687,0.0301545,0.030707,9.02894,4.46746,1.99968,0.0974471,-0.165322,0.191152
3.71,9.04178,9.01535,4.4428,4.45673,1.99968,1.99843,1.27656,1.33149,-2.4726,-2.45118,0.000867244,0.0129642,0.0991618,0.0893943,-0.164308,-0.144468,0.191452,0.197196,0.164392,0.14611,0.106166,0.0668806,0.0298968,0.0304588,9.04178,4.4428,1.99968,0.0991618,-0.164308,0.191452
3.72,9.05448,9.02861,4.41801,4.43217,1.99969,1.9985,1.26255,1.31896,-2.48547,-2.46412,0.000843893,0.0133118,0.100735,0.0907849,-0.1632,-0.143918,0.19175,0.197558,0.150234,0.131659,0.115269,0.0767395,0.0296397,0.0302108,9.05448,4.41801,1.99969,0.100735,-0.1632,0.19175
3.73,9.06703,9.04174,4.39309,4.40746,1.9997,1.99858,1.24868,1.30651,-2.49847,-2.47715,0.000821165,0.0136627,0.102166,0.0920445,-0.162004,-0.143301,0.192045,0.197915,0.136084,0.117263,0.124029,0.0863344,0.0293832,0.0299632,9.06703,4.39309,1.9997,0.102166,-0.162004,0.192045
3.74,9.07945,9.05473,4.36804,4.38261,1.99971,1.99865,1.23497,1.29413,-2.51159,-2.49026,0.000799044,0.014015,0.103457,0.0931736,-0.160721,-0.14262,0.192338,0.198266,0.121962,0.102941,0.132441,0.0956559,0.0291272,0.0297158,9.07945,4.36804,1.99971,0.103457,-0.160721,0.192338
3.75,9.09173,9.06759,4.34286,4.35761,1.99972,1.99873,1.22141,1.28184,-2.5248,-2.50343,0.000777512,0.014368,0.104606,0.0941727,-0.159356,-0.141877,0.192628,0.198612,0.107887,0.0887114,0.140498,0.104696,0.0288718,0.0294687,9.09173,4.34286,1.99972,0.104606,-0.159356,0.192628
3.76,9.10388,9.08032,4.31755,4.33246,1.99973,1.99881,1.20802,1.26964,-2.53809,-2.51663,0.000756556,0.0147204,0.105615,0.0950426,-0.157912,-0.141074,0.192915,0.198951,0.0938781,0.074594,0.148194,0.113448,0.0286169,0.0292218,9.10388,4.31755,1.99973,0.105615,-0.157912,0.192915
3.77,9.11589,9.09291,4.2921,4.30715,1.99973,1.99889,1.1948,1.25752,-2.55145,-2.52987,0.000736159,0.0150713,0.106484,0.0957844,-0.156393,-0.140212,0.1932,0.199285,0.0799537,0.0606045,0.155526,0.121904,0.0283626,0.0289751,9.11589,4.2921,1.99973,0.106484,-0.156393,0.1932
3.78,9.12778,9.10537,4.26652,4.28169,1.99974,1.99897,1.18174,1.24549,-2.56485,-2.54313,0.000716307,0.0154204,0.107214,0.0963989,-0.154803,-0.139294,0.193482,0.199612,0.0661317,0.0467557,0.16249,0.130057,0.0281089,0.0287287,9.12778,4.26652,1.99974,0.107214,-0.154803,0.193482
3.79,9.13953,9.1177,4.2408,4.25608,1.99975,1.99906,1.16887,1.23356,-2.5783,-2.55638,0.000696985,0.0157648,0.107807,0.0968873,-0.153145,-0.138321,0.193762,0.199934,0.0524295,0.0330682,0.169081,0.137901,0.0278558,0.0284825,9.13953,4.2408,1.99975,0.107807,-0.153145,0.193762
3.8,9.15115,9.1299,4.21495,4.23031,1.99975,1.99915,1.15617,1.22173,-2.59176,-2.56962,0.00067818,0.0161054,0.108263,0.0972506,-0.151422,-0.137295,0.194039,0.200248,0.0388638,0.0195548,0.175298,0.14543,0.0276033,0.0282365,9.15115,4.21495,1.99975,0.108263,-0.151422,0.194039
3.81,9.16265,9.14196,4.18897,4.20438,1.99976,1.99924,1.14366,1.20999,-2.60523,-2.58284,0.000659877,0.0164403,0.108585,0.0974901,-0.14964,-0.136218,0.194314,0.200557,0.0254509,0.00623154,0.181139,0.152637,0.0273514,0.0279908,9.16265,4.18897,1.99976,0.108585,-0.14964,0.194314
3.82,9.17403,9.15389,4.16285,4.17829,1.99977,1.99933,1.13133,1.19834,-2.61868,-2.59602,0.000642064,0.0167696,0.108773,0.0976072,-0.147801,-0.135093,0.194586,0.200859,0.0122065,-0.00688938,0.186602,0.159522,0.0271001,0.0277453,9.17403,4.16285,1.99977,0.108773,-0.147801,0.194586
3.83,9.18528,9.16569,4.13659,4.15204,1.99977,1.99942,1.11919,1.1868,-2.63212,-2.60915,0.000624728,0.0170925,0.108829,0.0976033,-0.145909,-0.13392,0.194856,0.201154,-0.000854544,-0.0197951,0.191688,0.166075,0.0268495,0.0275001,9.18528,4.13659,1.99977,0.108829,-0.145909,0.194856
3.84,9.19641,9.17737,4.1102,4.12563,1.99978,1.99952,1.10724,1.17536,-2.64551,-2.62221,0.000607855,0.0174067,0.108756,0.0974803,-0.143968,-0.132702,0.195123,0.201443,-0.0137176,-0.0324722,0.196396,0.172294,0.0265994,0.027255,9.19641,4.1102,1.99978,0.108756,-0.143968,0.195123
3.85,9.20743,9.18891,4.08368,4.09905,1.99979,1.99961,1.09549,1.16402,-2.65886,-2.63521,0.000591434,0.0177128,0.108556,0.0972393,-0.141983,-0.13144,0.195388,0.201724,-0.0263688,-0.0449085,0.200727,0.178176,0.02635,0.0270103,9.20743,4.08368,1.99979,0.108556,-0.141983,0.195388
3.86,9.21832,9.20033,4.05703,4.07232,1.99979,1.99971,1.08393,1.15278,-2.67214,-2.64812,0.000575453,0.0180106,0.10823,0.0968827,-0.139955,-0.130138,0.19565,0.202,-0.0387949,-0.0570937,0.204682,0.183718,0.0261012,0.0267659,9.21832,4.05703,1.99979,0.10823,-0.139955,0.19565
3.87,9.2291,9.21161,4.03024,4.04543,1.9998,1.99981,1.07256,1.14164,-2.68534,-2.66094,0.0005599,0.0182983,0.107781,0.0964121,-0.13789,-0.128796,0.19591,0.202268,-0.0509832,-0.0690176,0.208263,0.188916,0.0258531,0.0265217,9.2291,4.03024,1.9998,0.107781,-0.13789,0.19591
3.88,9.23977,9.22278,4.00332,4.01838,1.9998,1.99991,1.0614,1.13061,-2.69845,-2.67365,0.000544763,0.0185762,0.107211,0.0958296,-0.135791,-0.127417,0.196167,0.20253,-0.0629215,-0.0806683,0.211473,0.193769,0.0256056,0.0262779,9.23977,4.00332,1.9998,0.107211,-0.135791,0.196167
3.89,9.25033,9.23382,3.97627,3.99118,1.99981,2.00001,1.05043,1.11969,-2.71146,-2.68624,0.000530033,0.0188443,0.106523,0.0951374,-0.133662,-0.126004,0.196422,0.202785,-0.0745984,-0.0920362,0.214314,0.198275,0.0253587,0.0260345,9.25033,3.97627,1.99981,0.106523,-0.133662,0.196422
3.9,9.26078,9.24474,3.94909,3.96381,1.99981,2.00011,1.03966,1.10887,-2.72436,-2.69872,0.000515697,0.019102,0.10572,0.0943379,-0.131506,-0.124557,0.196675,0.203033,-0.0860029,-0.103113,0.21679,0.202431,0.0251125,0.0257914,9.26078,3.94909,1.99981,0.10572,-0.131506,0.196675
3.91,9.27113,9.25554,3.92178,3.9363,1.99982,2.00021,1.02908,1.09815,-2.73712,-2.71105,0.000501745,0.0193483,0.104804,0.0934332,-0.129327,-0.123079,0.196924,0.203275,-0.0971246,-0.113891,0.218904,0.206237,0.0248669,0.0255488,9.27113,3.92178,1.99982,0.104804,-0.129327,0.196924
3.92,9.28137,9.26621,3.89435,3.90863,1.99982,2.0003,1.01871,1.08754,-2.74975,-2.72325,0.000488168,0.0195834,0.103778,0.092426,-0.127129,-0.121573,0.197172,0.203511,-0.107954,-0.12436,0.220662,0.209691,0.0246221,0.0253066,9.28137,3.89435,1.99982,0.103778,-0.127129,0.197172
3.93,9.2915,9.27677,3.86679,3.88081,1.99983,2.0004,1.00853,1.07704,-2.76223,-2.73529,0.000474955,0.0198076,0.102646,0.0913189,-0.124915,-0.120041,0.197417,0.20374,-0.118482,-0.134516,0.222067,0.212794,0.0243778,0.0250649,9.2915,3.86679,1.99983,0.102646,-0.124915,0.197417
3.94,9.30154,9.28721,3.83911,3.85285,1.99983,2.0005,0.998548,1.06665,-2.77455,-2.74717,0.000462096,0.0200202,0.10141,0.0901145,-0.122689,-0.118485,0.197659,0.203962,-0.128699,-0.144349,0.223125,0.215547,0.0241343,0.0248238,9.30154,3.83911,1.99983,0.10141,-0.122689,0.197659
3.95,9.31147,9.29754,3.8113,3.82474,1.99984,2.0006,0.988761,1.05636,-2.7867,-2.75889,0.000449583,0.0202219,0.100073,0.0888156,-0.120454,-0.116907,0.1979,0.204179,-0.138598,-0.153853,0.223841,0.217949,0.0238914,0.0245833,9.31147,3.8113,1.99984,0.100073,-0.120454,0.1979
3.96,9.32131,9.30775,3.78337,3.79649,1.99984,2.0007,0.979167,1.04618,-2.79867,-2.77042,0.000437406,0.0204118,0.0986388,0.0874255,-0.118213,-0.11531,0.198137,0.204389,-0.148171,-0.163024,0.224221,0.22,0.0236491,0.0243434,9.32131,3.78337,1.99984,0.0986388,-0.118213,0.198137
3.97,9.33106,9.31785,3.75533,3.76811,1.99985,2.0008,0.969765,1.03611,-2.81045,-2.78177,0.000425556,0.02059,0.0971106,0.085947,-0.115971,-0.113696,0.198373,0.204594,-0.157412,-0.171855,0.224271,0.221703,0.0234076,0.0241042,9.33106,3.75533,1.99985,0.0971106,-0.115971,0.198373
3.98,9.34071,9.32785,3.72716,3.73959,1.99985,2.0009,0.960553,1.02615,-2.82203,-2.79294,0.000414024,0.020757,0.0954916,0.0843834,-0.113729,-0.112067,0.198605,0.204792,-0.166314,-0.180341,0.223998,0.22306,0.0231667,0.0238657,9.34071,3.72716,1.99985,0.0954916,-0.113729,0.198605
3.99,9.35027,9.33774,3.69889,3.71094,1.99985,2.00099,0.951528,1.0163,-2.83341,-2.8039,0.000402802,0.0209125,0.0937854,0.0827375,-0.111492,-0.110427,0.198836,0.204985,-0.174871,-0.18848,0.223408,0.224072,0.0229265,0.0236281,9.35027,3.69889,1.99985,0.0937854,-0.111492,0.198836
4,9.35974,9.34752,3.6705,3.68217,1.99986,2.00108,0.942689,1.00655,-2.84457,-2.81466,0.000391882,0.0210569,0.0919954,0.0810132,-0.109262,-0.108777,0.199064,0.205173,-0.183078,-0.196264,0.222509,0.224743,0.022687,0.0233913,9.35974,3.6705,1.99986,0.0919954,-0.109262,0.199064
4.01,9.36912,9.3572,3.642,3.65328,1.99986,2.00118,0.934032,0.996914,-2.85551,-2.8252,0.000381255,0.0211905,0.0901251,0.0792138,-0.107042,-0.107121,0.19929,0.205355,-0.19093,-0.203695,0.221308,0.225073,0.0224482,0.0231555,9.36912,3.642,1.99986,0.0901251,-0.107042,0.19929
4.02,9.37842,9.36678,3.61339,3.62427,1.99987,2.00127,0.925555,0.987387,-2.86622,-2.83553,0.000370915,0.0213134,0.088178,0.0773426,-0.104837,-0.10546,0.199513,0.205531,-0.198423,-0.210766,0.219812,0.22507,0.0222101,0.0229206,9.37842,3.61339,1.99987,0.088178,-0.104837,0.199513
4.03,9.38764,9.37626,3.58467,3.59515,1.99987,2.00136,0.917255,0.977968,-2.87669,-2.84563,0.000360852,0.0214254,0.0861578,0.075403,-0.102647,-0.103797,0.199734,0.205703,-0.205553,-0.217475,0.21803,0.224736,0.0219727,0.0226867,9.38764,3.58467,1.99987,0.0861578,-0.102647,0.199734
4.04,9.39677,9.38564,3.55585,3.56593,1.99987,2.00145,0.909127,0.968658,-2.88692,-2.8555,0.000351061,0.0215279,0.0840682,0.0733994,-0.100477,-0.102135,0.199952,0.20587,-0.212318,-0.223822,0.215969,0.224074,0.0217359,0.022454,9.39677,3.55585,1.99987,0.0840682,-0.100477,0.199952
4.05,9.40582,9.39494,3.52693,3.53661,1.99988,2.00153,0.901169,0.959455,-2.8969,-2.86514,0.000341532,0.0216192,0.0819127,0.0713346,-0.0983287,-0.100476,0.200169,0.206032,-0.218714,-0.229806,0.213637,0.223092,0.0214999,0.0222224,9.40582,3.52693,1.99988,0.0819127,-0.0983287,0.200169
4.06,9.41479,9.40414,3.49792,3.50719,1.99988,2.00162,0.893378,0.950361,-2.90663,-2.87454,0.000332261,0.0217019,0.0796951,0.0692129,-0.0962051,-0.0988228,0.200382,0.20619,-0.224739,-0.235424,0.211044,0.221793,0.0212645,0.0219921,9.41479,3.49792,1.99988,0.0796951,-0.0962051,0.200382
4.07,9.42369,9.41325,3.4688,3.47768,1.99988,2.0017,0.885748,0.941374,-2.91609,-2.8837,0.000323239,0.0217753,0.0774191,0.0670376,-0.0941087,-0.0971779,0.200594,0.206344,-0.230392,-0.240677,0.208196,0.220184,0.0210299,0.021763,9.42369,3.4688,1.99988,0.0774191,-0.0941087,0.200594
4.08,9.43251,9.42227,3.4396,3.44808,1.99989,2.00178,0.878276,0.932494,-2.9253,-2.8926,0.00031446,0.0218388,0.0750885,0.0648131,-0.092042,-0.0955436,0.200803,0.206493,-0.235672,-0.245564,0.205104,0.218271,0.0207959,0.0215353,9.43251,3.4396,1.99989,0.0750885,-0.092042,0.200803
4.09,9.44125,9.43122,3.4103,3.41841,1.99989,2.00186,0.870958,0.923719,-2.93423,-2.90126,0.000305918,0.0218944,0.072707,0.0625424,-0.0900074,-0.0939225,0.20101,0.206639,-0.240578,-0.250086,0.201777,0.216061,0.0205627,0.021309,9.44125,3.4103,1.99989,0.072707,-0.0900074,0.20101
4.1,9.44993,9.44007,3.38091,3.38866,1.99989,2.00193,0.86379,0.91505,-2.94289,-2.90966,0.000297606,0.0219408,0.0702782,0.0602299,-0.0880072,-0.092317,0.201214,0.206781,-0.24511,-0.254244,0.198222,0.213561,0.0203301,0.0210842,9.44993,3.38091,1.99989,0.0702782,-0.0880072,0.201214
4.11,9.45853,9.44885,3.35144,3.35884,1.9999,2.002,0.856767,0.906486,-2.95127,-2.91779,0.000289518,0.0219809,0.067806,0.0578796,-0.0860437,-0.0907291,0.201416,0.206919,-0.249267,-0.25804,0.194449,0.210778,0.0200982,0.0208609,9.45853,3.35144,1.9999,0.067806,-0.0860437,0.201416
4.12,9.46706,9.45756,3.32189,3.32896,1.9999,2.00207,0.849884,0.898024,-2.95937,-2.92567,0.000281649,0.0220116,0.0652941,0.0554948,-0.0841189,-0.0891616,0.201616,0.207054,-0.253051,-0.261474,0.190468,0.207722,0.0198671,0.0206392,9.46706,3.32189,1.9999,0.0652941,-0.0841189,0.201616
4.13,9.47553,9.46618,3.29225,3.29901,1.9999,2.00214,0.843136,0.889664,-2.9672,-2.93328,0.000273991,0.022036,0.0627462,0.0530794,-0.082235,-0.0876161,0.201814,0.207186,-0.256463,-0.264548,0.186287,0.204398,0.0196366,0.0204191,9.47553,3.29225,1.9999,0.0627462,-0.082235,0.201814
4.14,9.48392,9.47473,3.26254,3.26902,1.9999,2.0022,0.83652,0.881406,-2.97473,-2.94063,0.00026654,0.0220531,0.0601661,0.0506376,-0.0803938,-0.0860951,0.202009,0.207315,-0.259505,-0.267268,0.181917,0.200819,0.0194069,0.0202007,9.48392,3.26254,1.9999,0.0601661,-0.0803938,0.202009
4.15,9.49226,9.48322,3.23276,3.23897,1.99991,2.00226,0.830029,0.873245,-2.98198,-2.9477,0.000259291,0.0220645,0.0575573,0.0481723,-0.0785973,-0.0846004,0.202202,0.207441,-0.262179,-0.269632,0.177366,0.196992,0.0191778,0.019984,9.49226,3.23276,1.99991,0.0575573,-0.0785973,0.202202
4.16,9.50053,9.49164,3.20291,3.20887,1.99991,2.00232,0.823658,0.865182,-2.98894,-2.95451,0.000252236,0.022069,0.0549237,0.0456881,-0.0768471,-0.0831344,0.202393,0.207564,-0.264486,-0.271647,0.172644,0.192926,0.0189495,0.0197691,9.50053,3.20291,1.99991,0.0549237,-0.0768471,0.202393
4.17,9.50873,9.49999,3.17298,3.17873,1.99991,2.00237,0.817404,0.857214,-2.99562,-2.96105,0.000245373,0.0220684,0.0522688,0.0431881,-0.0751449,-0.0816985,0.202581,0.207685,-0.266431,-0.273314,0.167761,0.188634,0.0187218,0.019556,9.50873,3.17298,1.99991,0.0522688,-0.0751449,0.202581
4.18,9.51687,9.50827,3.14299,3.14856,1.99991,2.00242,0.811259,0.849339,-3.002,-2.96731,0.000238695,0.0220628,0.0495963,0.0406761,-0.0734924,-0.0802948,0.202767,0.207804,-0.268016,-0.274639,0.162727,0.184122,0.0184949,0.0193448,9.51687,3.14299,1.99991,0.0495963,-0.0734924,0.202767
4.19,9.52496,9.51649,3.11294,3.11835,1.99992,2.00247,0.80522,0.841554,-3.00809,-2.9733,0.000232197,0.0220516,0.0469097,0.0381556,-0.0718909,-0.0789246,0.202951,0.20792,-0.269246,-0.275626,0.15755,0.179403,0.0182687,0.0191354,9.52496,3.11294,1.99992,0.0469097,-0.0718909,0.202951
4.2,9.53298,9.52466,3.08283,3.08811,1.99992,2.00252,0.79928,0.833858,-3.01389,-2.97902,0.000225875,0.0220363,0.0442126,0.0356301,-0.0703418,-0.07759,0.203132,0.208035,-0.270123,-0.276277,0.152241,0.174489,0.0180431,0.018928,9.53298,3.08283,1.99992,0.0442126,-0.0703418,0.203132
4.21,9.54094,9.53276,3.05267,3.05784,1.99992,2.00256,0.793435,0.826248,-3.0194,-2.98447,0.000219723,0.0220167,0.0415084,0.0331029,-0.0688464,-0.0762918,0.203312,0.208147,-0.270654,-0.2766,0.146809,0.169388,0.0178183,0.0187225,9.54094,3.05267,1.99992,0.0415084,-0.0688464,0.203312
4.22,9.54885,9.54081,3.02245,3.02755,1.99992,2.0026,0.787678,0.818721,-3.02462,-2.98964,0.000213738,0.0219926,0.0388006,0.0305774,-0.067406,-0.0750317,0.203489,0.208258,-0.270843,-0.276599,0.141264,0.164114,0.0175942,0.0185189,9.54885,3.02245,1.99992,0.0388006,-0.067406,0.203489
4.23,9.5567,9.54879,2.99218,2.99724,1.99993,2.00264,0.782004,0.811273,-3.02955,-2.99455,0.000207915,0.0219659,0.0360927,0.0280569,-0.0660215,-0.0738109,0.203664,0.208367,-0.270695,-0.276279,0.135616,0.158678,0.0173707,0.0183174,9.5567,2.99218,1.99993,0.0360927,-0.0660215,0.203664
4.24,9.56449,9.55673,2.96186,2.96691,1.99993,2.00267,0.776409,0.803902,-3.0342,-2.99919,0.00020225,0.0219353,0.0333878,0.0255446,-0.064694,-0.0726304,0.203836,0.208475,-0.270216,-0.275645,0.129873,0.153091,0.017148,0.0181178,9.56449,2.96186,1.99993,0.0333878,-0.064694,0.203836
4.25,9.57222,9.56461,2.93149,2.93656,1.99993,2.0027,0.770885,0.796604,-3.03856,-3.00356,0.000196737,0.021902,0.0306894,0.0230433,-0.0634243,-0.0714912,0.204007,0.208581,-0.269411,-0.274706,0.124047,0.147365,0.0169259,0.0179201,9.57222,2.93149,1.99993,0.0306894,-0.0634243,0.204007
4.26,9.57991,9.57244,2.90109,2.9062,1.99993,2.00273,0.765428,0.789376,-3.04263,-3.00767,0.000191374,0.0218665,0.0280007,0.0205566,-0.0622133,-0.0703941,0.204175,0.208686,-0.268288,-0.273466,0.118146,0.141512,0.0167046,0.0177245,9.57991,2.90109,1.99993,0.0280007,-0.0622133,0.204175
4.27,9.58753,9.58022,2.87064,2.87583,1.99993,2.00276,0.760032,0.782214,-3.04643,-3.01152,0.000186156,0.0218281,0.0253247,0.018087,-0.0610616,-0.0693401,0.204341,0.20879,-0.266853,-0.271931,0.11218,0.135545,0.0164839,0.0175308,9.58753,2.87064,1.99993,0.0253247,-0.0610616,0.204341
4.28,9.59511,9.58795,2.84016,2.84545,1.99993,2.00278,0.754691,0.775115,-3.04994,-3.0151,0.000181079,0.0217876,0.0226646,0.0156373,-0.0599699,-0.0683294,0.204504,0.208892,-0.265113,-0.27011,0.106158,0.129474,0.016264,0.0173391,9.59511,2.84016,1.99993,0.0226646,-0.0599699,0.204504
4.29,9.60263,9.59562,2.80964,2.81507,1.99994,2.0028,0.749401,0.768074,-3.05318,-3.01844,0.00017614,0.0217457,0.0200234,0.0132101,-0.0589386,-0.0673631,0.204666,0.208994,-0.263076,-0.268005,0.10009,0.123313,0.0160447,0.0171493,9.60263,2.80964,1.99994,0.0200234,-0.0589386,0.204666
4.3,9.6101,9.60325,2.7791,2.78467,1.99994,2.00282,0.744154,0.761087,-3.05615,-3.02152,0.000171335,0.0217017,0.0174041,0.0108088,-0.0579682,-0.0664412,0.204825,0.209094,-0.260748,-0.265631,0.0939842,0.117074,0.0158261,0.0169615,9.6101,2.7791,1.99994,0.0174041,-0.0579682,0.204825
4.31,9.61751,9.61083,2.74852,2.75427,1.99994,2.00283,0.738947,0.754152,-3.05885,-3.02435,0.000166659,0.0216568,0.0148094,0.00843517,-0.057059,-0.0655641,0.204982,0.209193,-0.258138,-0.262987,0.0878507,0.110768,0.0156082,0.0167755,9.61751,2.74852,1.99994,0.0148094,-0.057059,0.204982
4.32,9.62487,9.61836,2.71792,2.72387,1.99994,2.00285,0.733773,0.747262,-3.06128,-3.02694,0.000162111,0.0216108,0.0122422,0.00609207,-0.0562113,-0.064732,0.205137,0.209292,-0.255254,-0.260087,0.0816982,0.104407,0.015391,0.0165915,9.62487,2.71792,1.99994,0.0122422,-0.0562113,0.205137
4.33,9.63219,9.62584,2.6873,2.69347,1.99994,2.00286,0.728627,0.740415,-3.06345,-3.02929,0.000157685,0.0215629,0.00970522,0.003782,-0.0554251,-0.063945,0.20529,0.209389,-0.252104,-0.256935,0.0755357,0.0980044,0.0151745,0.0164092,9.63219,2.6873,1.99994,0.00970522,-0.0554251,0.20529
4.34,9.63945,9.63328,2.65665,2.66306,1.99994,2.00287,0.723503,0.733605,-3.06537,-3.0314,0.00015338,0.0215145,0.00720101,0.00150693,-0.0547006,-0.0632031,0.205441,0.209486,-0.248697,-0.25354,0.0693719,0.0915712,0.0149587,0.0162287,9.63945,2.65665,1.99994,0.00720101,-0.0547006,0.205441
4.35,9.64666,9.64066,2.62599,2.63265,1.99995,2.00287,0.718397,0.726828,-3.06703,-3.03328,0.000149192,0.0214665,0.00473211,-0.000731123,-0.0540376,-0.0625065,0.205589,0.209582,-0.245042,-0.24991,0.0632156,0.0851182,0.0147435,0.01605,9.64666,2.62599,1.99995,0.00473211,-0.0540376,0.205589
4.36,9.65381,9.648,2.59531,2.60224,1.99995,2.00288,0.713303,0.720081,-3.06845,-3.03494,0.000145117,0.0214165,0.00230097,-0.00292928,-0.0534362,-0.0618545,0.205736,0.209677,-0.241148,-0.246054,0.0570753,0.0786567,0.014529,0.0158729,9.65381,2.59531,1.99995,0.00230097,-0.0534362,0.205736
4.37,9.66092,9.65529,2.56462,2.57183,1.99995,2.00289,0.708215,0.713357,-3.06962,-3.03638,0.000141152,0.0213667,-9.00748e-05,-0.00508584,-0.052896,-0.0612472,0.20588,0.209771,-0.237024,-0.24198,0.0509592,0.0721993,0.0143152,0.0156975,9.66092,2.56462,1.99995,-9.00748e-05,-0.052896,0.20588
4.38,9.66798,9.66253,2.53392,2.54142,1.99995,2.00289,0.70313,0.706654,-3.07055,-3.0376,0.000137295,0.0213165,-0.00243877,-0.00719901,-0.0524169,-0.0606845,0.206022,0.209865,-0.232679,-0.237696,0.0448757,0.0657562,0.0141021,0.0155236,9.66798,2.53392,1.99995,-0.00243877,-0.0524169,0.206022
4.39,9.67498,9.66972,2.50321,2.51101,1.99995,2.00289,0.69804,0.699967,-3.07126,-3.03861,0.000133543,0.0212671,-0.00474296,-0.00926678,-0.0519984,-0.0601656,0.206162,0.209958,-0.228124,-0.233211,0.0388326,0.0593388,0.0138896,0.0153512,9.67498,2.50321,1.99995,-0.00474296,-0.0519984,0.206162
4.4,9.68194,9.67686,2.4725,2.4806,1.99995,2.00289,0.692943,0.69329,-3.07174,-3.03942,0.000129893,0.0212169,-0.00700058,-0.0112878,-0.0516401,-0.0596901,0.2063,0.21005,-0.223368,-0.228534,0.0328379,0.0529548,0.0136778,0.0151803,9.68194,2.4725,1.99995,-0.00700058,-0.0516401,0.2063
4.41,9.68884,9.68395,2.44178,2.45019,1.99995,2.00289,0.687831,0.686621,-3.07199,-3.04004,0.000126342,0.0211666,-0.00920967,-0.0132597,-0.0513415,-0.0592579,0.206436,0.210141,-0.21842,-0.223672,0.0268991,0.0466181,0.0134667,0.0150106,9.68884,2.44178,1.99995,-0.00920967,-0.0513415,0.206436
4.42,9.6957,9.69098,2.41106,2.41979,1.99996,2.00289,0.682702,0.679955,-3.07203,-3.04046,0.000122887,0.0211166,-0.0113684,-0.0151808,-0.0511019,-0.0588681,0.206569,0.210231,-0.213292,-0.218639,0.0210237,0.0403355,0.0132562,0.0148423,9.6957,2.41106,1.99996,-0.0113684,-0.0511019,0.206569
4.43,9.7025,9.69797,2.38034,2.38939,1.99996,2.00289,0.677551,0.673287,-3.07187,-3.0407,0.000119526,0.0210663,-0.0134749,-0.0170502,-0.0509207,-0.0585203,0.206701,0.210321,-0.207992,-0.21344,0.0152189,0.0341183,0.0130464,0.0146752,9.7025,2.38034,1.99996,-0.0134749,-0.0509207,0.206701
4.44,9.70925,9.70489,2.34962,2.35898,1.99996,2.00289,0.672372,0.666613,-3.0715,-3.04076,0.000116257,0.0210159,-0.0155277,-0.0188659,-0.0507973,-0.0582137,0.20683,0.21041,-0.202532,-0.208086,0.00949174,0.0279749,0.0128372,0.0145092,9.70925,2.34962,1.99996,-0.0155277,-0.0507973,0.20683
4.45,9.71595,9.71176,2.31891,2.32859,1.99996,2.00289,0.667161,0.659931,-3.07093,-3.04065,0.000113076,0.0209664,-0.0175251,-0.0206268,-0.0507306,-0.0579476,0.206957,0.210499,-0.19692,-0.202585,0.00384896,0.021914,0.0126287,0.0143443,9.71595,2.31891,1.99996,-0.0175251,-0.0507306,0.206957
4.46,9.72259,9.71858,2.2882,2.29819,1.99996,2.00289,0.661914,0.653234,-3.07018,-3.04037,0.000109982,0.0209166,-0.0194656,-0.0223314,-0.05072,-0.0577216,0.207083,0.210586,-0.191169,-0.196947,-0.00170287,0.0159426,0.0124208,0.0141803,9.72259,2.2882,1.99996,-0.0194656,-0.05072,0.207083
4.47,9.72918,9.72533,2.2575,2.2678,1.99996,2.00289,0.656626,0.64652,-3.06924,-3.03994,0.000106972,0.0208672,-0.021348,-0.0239787,-0.0507644,-0.0575346,0.207206,0.210673,-0.185287,-0.191184,-0.00715746,0.0100704,0.0122136,0.0140171,9.72918,2.2575,1.99996,-0.021348,-0.0507644,0.207206
4.48,9.73572,9.73202,2.22682,2.23741,1.99996,2.00289,0.651294,0.639785,-3.06812,-3.03935,0.000104043,0.0208177,-0.023171,-0.0255676,-0.0508628,-0.057386,0.207327,0.210759,-0.179286,-0.185302,-0.0125087,0.00430412,0.012007,0.0138548,9.73572,2.22682,1.99996,-0.023171,-0.0508628,0.207327
4.49,9.74221,9.73866,2.19614,2.20702,1.99996,2.00289,0.645914,0.633026,-3.06684,-3.03861,0.000101195,0.0207692,-0.0249334,-0.0270968,-0.0510142,-0.0572751,0.207446,0.210844,-0.173176,-0.179313,-0.0177509,-0.00134799,0.0118011,0.0136931,9.74221,2.19614,1.99996,-0.0249334,-0.0510142,0.207446
4.5,9.74864,9.74523,2.16548,2.17664,1.99996,2.00289,0.640481,0.62624,-3.0654,-3.03774,9.84236e-05,0.0207195,-0.0266342,-0.0285659,-0.0512174,-0.0572011,0.207563,0.210929,-0.166966,-0.173226,-0.0228783,-0.00688118,0.0115958,0.013532,9.74864,2.16548,1.99996,-0.0266342,-0.0512174,0.207563
4.51,9.75502,9.75173,2.13484,2.14626,1.99997,2.0029,0.634993,0.619422,-3.06379,-3.03673,9.57279e-05,0.0206721,-0.0282724,-0.0299735,-0.0514713,-0.0571629,0.207678,0.211012,-0.160669,-0.167049,-0.0278857,-0.0122875,0.0113911,0.0133714,9.75502,2.13484,1.99997,-0.0282724,-0.0514713,0.207678
4.52,9.76134,9.75817,2.10421,2.11589,1.99997,2.0029,0.629445,0.61257,-3.06205,-3.0356,9.31056e-05,0.0206231,-0.0298473,-0.0313189,-0.0517747,-0.0571601,0.207791,0.211095,-0.154292,-0.160794,-0.032768,-0.0175626,0.011187,0.0132112,9.76134,2.10421,1.99997,-0.0298473,-0.0517747,0.207791
4.53,9.76761,9.76454,2.0736,2.08552,1.99997,2.0029,0.623833,0.605681,-3.06015,-3.03435,9.05546e-05,0.020575,-0.031358,-0.0326017,-0.0521263,-0.0571918,0.207902,0.211176,-0.147848,-0.154472,-0.0375205,-0.0226999,0.0109836,0.0130513,9.76761,2.0736,1.99997,-0.031358,-0.0521263,0.207902
4.54,9.77382,9.77084,2.043,2.05516,1.99997,2.00291,0.618156,0.598753,-3.05813,-3.03299,8.80732e-05,0.0205269,-0.032804,-0.0338211,-0.0525247,-0.0572568,0.208011,0.211257,-0.141345,-0.14809,-0.0421387,-0.0276962,0.0107808,0.0128917,9.77382,2.043,1.99997,-0.032804,-0.0525247,0.208011
4.55,9.77997,9.77707,2.01243,2.0248,1.99997,2.00291,0.612409,0.591783,-3.05598,-3.03152,8.56593e-05,0.0204794,-0.0341848,-0.0349767,-0.0529686,-0.0573548,0.208117,0.211337,-0.134795,-0.141659,-0.0466182,-0.0325437,0.0105786,0.0127322,9.77997,2.01243,1.99997,-0.0341848,-0.0529686,0.208117
4.56,9.78607,9.78322,1.98188,1.99446,1.99997,2.00292,0.606589,0.584769,-3.05371,-3.02995,8.33111e-05,0.0204318,-0.0354998,-0.0360682,-0.0534566,-0.0574845,0.208222,0.211416,-0.128207,-0.135188,-0.0509551,-0.0372408,0.010377,0.0125727,9.78607,1.98188,1.99997,-0.0354998,-0.0534566,0.208222
4.57,9.7921,9.7893,1.95136,1.96412,1.99997,2.00292,0.600694,0.577707,-3.05132,-3.02829,8.1027e-05,0.0203845,-0.0367488,-0.0370954,-0.0539872,-0.0576451,0.208325,0.211494,-0.12159,-0.128686,-0.0551457,-0.0417836,0.010176,0.0124132,9.7921,1.95136,1.99997,-0.0367488,-0.0539872,0.208325
4.58,9.79808,9.7953,1.92086,1.93378,1.99997,2.00293,0.594721,0.570598,-3.04884,-3.02655,7.8805e-05,0.0203377,-0.0379316,-0.0380581,-0.054559,-0.0578361,0.208426,0.211571,-0.114956,-0.122164,-0.0591865,-0.0461671,0.00997564,0.0122536,9.79808,1.92086,1.99997,-0.0379316,-0.054559,0.208426
4.59,9.804,9.80123,1.89038,1.90346,1.99997,2.00294,0.588667,0.563437,-3.04625,-3.02472,7.66437e-05,0.0202912,-0.0390479,-0.0389561,-0.0551704,-0.0580562,0.208524,0.211647,-0.108312,-0.115633,-0.0630745,-0.0503895,0.00977586,0.0120938,9.804,1.89038,1.99997,-0.0390479,-0.0551704,0.208524
4.6,9.80985,9.80708,1.85993,1.87315,1.99997,2.00295,0.582531,0.556225,-3.04357,-3.02282,7.45412e-05,0.0202449,-0.0400978,-0.0397894,-0.05582,-0.0583049,0.208621,0.211722,-0.101669,-0.109098,-0.0668066,-0.054449,0.00957668,0.0119337,9.80985,1.85993,1.99997,-0.0400978,-0.05582,0.208621
4.61,9.81565,9.81284,1.82951,1.84285,1.99997,2.00296,0.576308,0.54896,-3.04081,-3.02085,7.24961e-05,0.0201992,-0.0410813,-0.0405584,-0.056506,-0.0585811,0.208716,0.211796,-0.0950365,-0.102572,-0.0703804,-0.0583414,0.00937809,0.0117733,9.81565,1.82951,1.99997,-0.0410813,-0.056506,0.208716
4.62,9.82138,9.81853,1.79912,1.81257,1.99997,2.00297,0.569999,0.54164,-3.03797,-3.01882,7.05068e-05,0.0201531,-0.0419986,-0.0412633,-0.057227,-0.0588842,0.208809,0.211869,-0.0884225,-0.096061,-0.0737933,-0.0620651,0.00918008,0.0116124,9.82138,1.79912,1.99997,-0.0419986,-0.057227,0.208809
4.63,9.82705,9.82413,1.76875,1.78229,1.99998,2.00298,0.5636,0.534264,-3.03506,-3.01674,6.85717e-05,0.0201087,-0.0428499,-0.0419045,-0.0579813,-0.0592129,0.2089,0.211941,-0.0818366,-0.0895767,-0.0770434,-0.0656209,0.00898266,0.0114511,9.82705,1.76875,1.99998,-0.0428499,-0.0579813,0.2089
4.64,9.83265,9.82965,1.73842,1.75203,1.99998,2.00299,0.55711,0.526832,-3.03209,-3.01461,6.66895e-05,0.0200642,-0.0436354,-0.0424821,-0.0587673,-0.0595669,0.208988,0.212011,-0.0752873,-0.0831284,-0.0801289,-0.0690047,0.00878581,0.0112892,9.83265,1.73842,1.99998,-0.0436354,-0.0587673,0.208988
4.65,9.83819,9.83508,1.70811,1.72178,1.99998,2.003,0.550527,0.519342,-3.02907,-3.01243,6.48585e-05,0.0200199,-0.0443558,-0.0429975,-0.0595834,-0.0599449,0.209075,0.212081,-0.0687832,-0.07672,-0.0830481,-0.0722165,0.00858954,0.0111267,9.83819,1.70811,1.99998,-0.0443558,-0.0595834,0.209075
4.66,9.84366,9.84042,1.67784,1.69156,1.99998,2.003,0.54385,0.511795,-3.02599,-3.01022,6.30776e-05,0.0199771,-0.0450113,-0.0434507,-0.0604277,-0.0603461,0.20916,0.212149,-0.0623326,-0.0703654,-0.0857998,-0.0752557,0.00839383,0.0109635,9.84366,1.67784,1.99998,-0.0450113,-0.0604277,0.20916
4.67,9.84906,9.84568,1.64759,1.66134,1.99998,2.00301,0.537077,0.504188,-3.02287,-3.00798,6.13453e-05,0.0199339,-0.0456026,-0.0438428,-0.0612988,-0.0607699,0.209243,0.212216,-0.0559435,-0.0640695,-0.0883829,-0.0781219,0.00819868,0.0107996,9.84906,1.64759,1.99998,-0.0456026,-0.0612988,0.209243
4.68,9.8544,9.85085,1.61738,1.63115,1.99998,2.00302,0.530207,0.496525,-3.01972,-3.00571,5.96603e-05,0.0198925,-0.0461304,-0.0441746,-0.0621948,-0.0612151,0.209324,0.212282,-0.0496239,-0.057843,-0.0907967,-0.0808158,0.0080041,0.0106349,9.8544,1.61738,1.99998,-0.0461304,-0.0621948,0.209324
4.69,9.85967,9.85593,1.5872,1.60098,1.99998,2.00303,0.523239,0.488802,-3.01654,-3.00342,5.80213e-05,0.0198524,-0.0465953,-0.0444471,-0.0631142,-0.0616809,0.209403,0.212347,-0.0433814,-0.0516897,-0.0930406,-0.0833366,0.00781007,0.0104694,9.85967,1.5872,1.99998,-0.0465953,-0.0631142,0.209403
4.7,9.86487,9.86093,1.55705,1.57082,1.99998,2.00303,0.516173,0.481021,-3.01333,-3.00112,5.6427e-05,0.0198129,-0.0469983,-0.0446617,-0.0640551,-0.0621663,0.20948,0.21241,-0.0372234,-0.0456206,-0.0951144,-0.0856861,0.00761658,0.0103031,9.86487,1.55705,1.99998,-0.0469983,-0.0640551,0.20948
4.71,9.86999,9.86583,1.52693,1.54069,1.99998,2.00304,0.509007,0.473182,-3.01011,-2.9988,5.48763e-05,0.0197737,-0.0473401,-0.0448195,-0.0650159,-0.0626706,0.209556,0.212473,-0.0311569,-0.0396418,-0.097018,-0.0878635,0.00742365,0.0101359,9.86999,1.52693,1.99998,-0.0473401,-0.0650159,0.209556
4.72,9.87504,9.87064,1.49685,1.51059,1.99998,2.00304,0.501741,0.465286,-3.00688,-2.99649,5.3368e-05,0.0197361,-0.0476218,-0.0449215,-0.0659949,-0.0631928,0.209629,0.212533,-0.0251888,-0.0337617,-0.0987516,-0.0898706,0.00723125,0.00996774,9.87504,1.49685,1.99998,-0.0476218,-0.0659949,0.209629
4.73,9.88003,9.87537,1.46679,1.4805,1.99998,2.00304,0.494374,0.457332,-3.00365,-2.99417,5.19009e-05,0.0197006,-0.0478442,-0.0449695,-0.0669904,-0.0637318,0.2097,0.212593,-0.0193258,-0.0279843,-0.100316,-0.0917096,0.00703938,0.00979872,9.88003,1.46679,1.99998,-0.0478442,-0.0669904,0.2097
4.74,9.88493,9.88,1.43677,1.45045,1.99998,2.00304,0.486906,0.449322,-3.00041,-2.99187,5.0474e-05,0.0196655,-0.0480087,-0.0449649,-0.0680006,-0.064287,0.20977,0.212652,-0.0135743,-0.0223187,-0.101711,-0.0933786,0.00684805,0.00962875,9.88493,1.43677,1.99998,-0.0480087,-0.0680006,0.20977
4.75,9.88976,9.88454,1.40678,1.42042,1.99998,2.00304,0.479337,0.441255,-2.99719,-2.98957,4.9086e-05,0.0196323,-0.0481161,-0.0449092,-0.069024,-0.0648572,0.209837,0.212709,-0.00794025,-0.0167691,-0.102938,-0.0948822,0.00665724,0.00945783,9.88976,1.40678,1.99998,-0.0481161,-0.069024,0.209837
4.76,9.89452,9.88899,1.37683,1.39041,1.99998,2.00303,0.471667,0.433133,-2.99398,-2.98729,4.7736e-05,0.0196,-0.0481679,-0.0448044,-0.0700588,-0.0654415,0.209903,0.212765,-0.00242953,-0.0113416,-0.103998,-0.0962219,0.00646696,0.00928591,9.89452,1.37683,1.99998,-0.0481679,-0.0700588,0.209903
4.77,9.8992,9.89336,1.3469,1.36044,1.99998,2.00302,0.463896,0.424957,-2.99079,-2.98503,4.64229e-05,0.0195699,-0.0481651,-0.0446517,-0.0711034,-0.0660387,0.209966,0.212819,0.00295234,-0.00604419,-0.104892,-0.0973988,0.00627718,0.00911309,9.8992,1.3469,1.99998,-0.0481651,-0.0711034,0.209966
4.78,9.9038,9.89763,1.31701,1.3305,1.99998,2.003,0.456024,0.416728,-2.98762,-2.9828,4.51457e-05,0.0195418,-0.0481093,-0.0444536,-0.0721561,-0.0666483,0.210028,0.212872,0.0082001,-0.000879295,-0.105622,-0.0984144,0.00608792,0.00893929,9.9038,1.31701,1.99998,-0.0481093,-0.0721561,0.210028
4.79,9.90832,9.90182,1.28715,1.30059,1.99998,2.00299,0.448052,0.408448,-2.98448,-2.9806,4.39035e-05,0.0195151,-0.0480016,-0.0442113,-0.0732153,-0.0672688,0.210088,0.212924,0.0133088,0.00414718,-0.10619,-0.0992721,0.00589916,0.00876455,9.90832,1.28715,1.99998,-0.0480016,-0.0732153,0.210088
4.8,9.91276,9.90592,1.25732,1.27071,1.99998,2.00296,0.439979,0.400116,-2.98138,-2.97844,4.26952e-05,0.0194897,-0.0478436,-0.0439273,-0.0742794,-0.0678995,0.210146,0.212975,0.0182737,0.00902912,-0.106597,-0.0999747,0.00571091,0.00858889,9.91276,1.25732,1.99998,-0.0478436,-0.0742794,0.210146
4.81,9.91712,9.90993,1.22752,1.24086,1.99999,2.00294,0.431808,0.391734,-2.97832,-2.97631,4.15201e-05,0.0194665,-0.0476366,-0.0436029,-0.0753467,-0.0685394,0.210202,0.213024,0.0230904,0.0137636,-0.106846,-0.100523,0.00552314,0.0084123,9.91712,1.22752,1.99999,-0.0476366,-0.0753467,0.210202
4.82,9.92139,9.91385,1.19776,1.21105,1.99999,2.00291,0.423538,0.383303,-2.9753,-2.97423,4.03771e-05,0.0194451,-0.0473823,-0.043241,-0.0764158,-0.0691873,0.210257,0.213071,0.0277548,0.0183477,-0.106939,-0.100921,0.00533587,0.00823481,9.92139,1.19776,1.99999,-0.0473823,-0.0764158,0.210257
4.83,9.92559,9.91769,1.16802,1.18127,1.99999,2.00287,0.41517,0.374825,-2.97233,-2.97219,3.92654e-05,0.019426,-0.0470821,-0.0428432,-0.077485,-0.0698424,0.210309,0.213118,0.0322631,0.0227749,-0.106877,-0.101171,0.00514909,0.00805647,9.92559,1.16802,1.99999,-0.0470821,-0.077485,0.210309
4.84,9.9297,9.92144,1.13831,1.15153,1.99999,2.00283,0.406705,0.366301,-2.96941,-2.97021,3.81841e-05,0.0194086,-0.0467375,-0.0424114,-0.0785528,-0.0705033,0.21036,0.213163,0.0366117,0.0270439,-0.106665,-0.101275,0.00496278,0.00787727,9.9297,1.13831,1.99999,-0.0467375,-0.0785528,0.21036
4.85,9.93372,9.92511,1.10863,1.12183,1.99999,2.00279,0.398145,0.357733,-2.96655,-2.96828,3.71325e-05,0.019393,-0.0463504,-0.0419482,-0.0796178,-0.0711692,0.210408,0.213206,0.0407973,0.0311509,-0.106304,-0.101238,0.00477695,0.00769729,9.93372,1.10863,1.99999,-0.0463504,-0.0796178,0.210408
4.86,9.93766,9.92868,1.07898,1.09216,1.99999,2.00274,0.38949,0.34912,-2.96375,-2.96641,3.61096e-05,0.019379,-0.0459221,-0.0414553,-0.0806784,-0.071839,0.210455,0.213249,0.044817,0.0350929,-0.105797,-0.101062,0.00459159,0.00751652,9.93766,1.07898,1.99999,-0.0459221,-0.0806784,0.210455
4.87,9.94151,9.93218,1.04935,1.06252,1.99999,2.00268,0.380742,0.340466,-2.96102,-2.9646,3.51148e-05,0.0193675,-0.0454546,-0.0409351,-0.0817333,-0.0725115,0.2105,0.213289,0.0486681,0.0388662,-0.105149,-0.10075,0.00440669,0.00733502,9.94151,1.04935,1.99999,-0.0454546,-0.0817333,0.2105
4.88,9.94527,9.93559,1.01976,1.03293,1.99999,2.00262,0.371903,0.331771,-2.95836,-2.96285,3.41473e-05,0.0193575,-0.0449494,-0.04039,-0.0827809,-0.0731861,0.210543,0.213328,0.0523481,0.0424719,-0.104361,-0.100305,0.00422225,0.00715284,9.94527,1.01976,1.99999,-0.0449494,-0.0827809,0.210543
4.89,9.94895,9.93892,0.990187,1.00337,1.99999,2.00255,0.362973,0.323037,-2.95577,-2.96117,3.32062e-05,0.019349,-0.0444082,-0.0398213,-0.08382,-0.0738611,0.210585,0.213366,0.0558549,0.0459034,-0.103437,-0.0997309,0.00403826,0.00697,9.94895,0.990187,1.99999,-0.0444082,-0.08382,0.210585
4.9,9.95253,9.94217,0.960642,0.973845,1.99999,2.00248,0.353954,0.314263,-2.95325,-2.95957,3.2291e-05,0.0193426,-0.0438328,-0.0392322,-0.0848492,-0.0745361,0.210624,0.213402,0.0591867,0.0491641,-0.10238,-0.0990308,0.00385473,0.00678654,9.95253,0.960642,1.99999,-0.0438328,-0.0848492,0.210624
4.91,9.95603,9.94533,0.931122,0.944358,1.99999,2.0024,0.344849,0.305454,-2.95081,-2.95803,3.14009e-05,0.0193368,-0.0432251,-0.0386242,-0.0858672,-0.0752095,0.210662,0.213437,0.0623419,0.0522504,-0.101195,-0.0982096,0.00367163,0.00660257,9.95603,0.931122,1.99999,-0.0432251,-0.0858672,0.210662
4.92,9.95943,9.94841,0.901626,0.914906,1.99999,2.00232,0.335659,0.296608,-2.94845,-2.95657,3.05351e-05,0.0193322,-0.0425866,-0.0379995,-0.0868727,-0.0758804,0.210698,0.21347,0.0653191,0.0551596,-0.0998843,-0.0972683,0.00348898,0.00641807,9.95943,0.901626,1.99999,-0.0425866,-0.0868727,0.210698
4.93,9.96274,9.95141,0.872153,0.885488,1.99999,2.00223,0.326385,0.287727,-2.94618,-2.95518,2.96932e-05,0.0193297,-0.0419193,-0.0373599,-0.0878645,-0.0765482,0.210732,0.213501,0.0681174,0.0578939,-0.0984526,-0.0962126,0.00330676,0.00623312,9.96274,0.872153,1.99999,-0.0419193,-0.0878645,0.210732
4.94,9.96596,9.95433,0.842702,0.856104,1.99999,2.00214,0.31703,0.278813,-2.94399,-2.95388,2.88743e-05,0.0193282,-0.0412249,-0.036708,-0.0888414,-0.0772112,0.210764,0.213531,0.0707359,0.0604501,-0.0969034,-0.0950459,0.00312497,0.00604775,9.96596,0.842702,1.99999,-0.0412249,-0.0888414,0.210764
4.95,9.96908,9.95716,0.813273,0.826753,1.99999,2.00204,0.307596,0.269866,-2.94189,-2.95265,2.80778e-05,0.0193271,-0.0405051,-0.0360455,-0.0898022,-0.0778686,0.210794,0.213559,0.0731742,0.0628303,-0.0952408,-0.0937704,0.0029436,0.00586202,9.96908,0.813273,1.99999,-0.0405051,-0.0898022,0.210794
4.96,9.97211,9.95992,0.783864,0.797433,1.99999,2.00194,0.298085,0.260888,-2.93988,-2.95151,2.73033e-05,0.0193259,-0.039762,-0.0353742,-0.0907458,-0.0785199,0.210823,0.213585,0.075432,0.0650316,-0.0934689,-0.092391,0.00276264,0.00567601,9.97211,0.783864,1.99999,-0.039762,-0.0907458,0.210823
4.97,9.97504,9.96259,0.754475,0.768144,1.99999,2.00183,0.288499,0.251879,-2.93796,-2.95045,2.655e-05,0.0193266,-0.0389971,-0.0346964,-0.0916712,-0.0791635,0.210849,0.21361,0.0775093,0.0670582,-0.0915918,-0.0909117,0.0025821,0.00548974,9.97504,0.754475,1.99999,-0.0389971,-0.0916712,0.210849
4.98,9.97788,9.96518,0.725104,0.738881,1.99999,2.00172,0.27884,0.24284,-2.93614,-2.94947,2.58173e-05,0.019327,-0.0382124,-0.0340132,-0.0925773,-0.0797988,0.210874,0.213633,0.0794063,0.0689081,-0.0896139,-0.0893366,0.00240197,0.00530326,9.97788,0.725104,1.99999,-0.0382124,-0.0925773,0.210874
4.99,9.98062,9.96768,0.695752,0.709647,1.99999,2.0016,0.269111,0.233774,-2.93441,-2.94857,2.51048e-05,0.0193263,-0.0374096,-0.0333274,-0.0934632,-0.0804247,0.210897,0.213654,0.0811237,0.0705812,-0.0875394,-0.0876686,0.00222224,0.00511665,9.98062,0.695752,1.99999,-0.0374096,-0.0934632,0.210897
5,9.98326,9.97011,0.666416,0.680436,1.99999,2.00148,0.259314,0.224679,-2.93278,-2.94776,2.44119e-05,0.0193263,-0.0365905,-0.0326397,-0.0943278,-0.0810402,0.210919,0.213672,0.082662,0.072079,-0.0853727,-0.0859134,0.0020429,0.00492994,9.98326,0.666416,1.99999,-0.0365905,-0.0943278,0.210919
5.01,9.9858,9.97244,0.637096,0.651247,1.99999,2.00136,0.249451,0.215556,-2.93124,-2.94704,2.3738e-05,0.0193255,-0.0357569,-0.0319528,-0.0951703,-0.0816447,0.210938,0.213689,0.0840223,0.0734065,-0.0831183,-0.0840723,0.00186396,0.00474317,9.9858,0.637096,1.99999,-0.0357569,-0.0951703,0.210938
5.02,9.98825,9.9747,0.607791,0.622081,1.99999,2.00123,0.239525,0.206408,-2.9298,-2.94639,2.30826e-05,0.0193239,-0.0349106,-0.0312674,-0.0959899,-0.0822371,0.210956,0.213704,0.0852058,0.0745589,-0.0807805,-0.0821521,0.0016854,0.00455644,9.98825,0.607791,1.99999,-0.0349106,-0.0959899,0.210956
5.03,9.99059,9.97686,0.578499,0.592931,1.99999,2.0011,0.229538,0.197234,-2.92847,-2.94584,2.24452e-05,0.0193215,-0.0340534,-0.0305854,-0.0967857,-0.0828168,0.210972,0.213717,0.0862139,0.0755422,-0.078364,-0.0801558,0.00150723,0.00436974,9.99059,0.578499,1.99999,-0.0340534,-0.0967857,0.210972
5.04,9.99284,9.97894,0.549221,0.563798,1.99999,2.00096,0.219493,0.188035,-2.92723,-2.94536,2.18253e-05,0.0193179,-0.033187,-0.0299083,-0.0975569,-0.0833828,0.210986,0.213727,0.0870483,0.0763561,-0.0758734,-0.0780879,0.00132943,0.00418315,9.99284,0.549221,1.99999,-0.033187,-0.0975569,0.210986
5.05,9.99498,9.98093,0.519955,0.534676,1.99999,2.00083,0.209392,0.17881,-2.92609,-2.94497,2.12224e-05,0.0193119,-0.032313,-0.0292373,-0.0983029,-0.0839343,0.210999,0.213735,0.0877107,0.077004,-0.0733131,-0.0759514,0.00115199,0.00399671,9.99498,0.519955,1.99999,-0.032313,-0.0983029,0.210999
5.06,9.99703,9.98283,0.490699,0.505566,1.99999,2.00069,0.199239,0.169563,-2.92505,-2.94466,2.06362e-05,0.0193046,-0.0314333,-0.0285739,-0.099023,-0.0844708,0.211009,0.213741,0.0882034,0.0774864,-0.0706878,-0.0737495,0.00097493,0.00381044,9.99703,0.490699,1.99999,-0.0314333,-0.099023,0.211009
5.07,9.99897,9.98464,0.461453,0.476463,1.99999,2.00055,0.189035,0.160292,-2.92411,-2.94443,2.0066e-05,0.0192947,-0.0305495,-0.0279192,-0.0997165,-0.0849914,0.211018,0.213744,0.0885285,0.0778093,-0.0680021,-0.0714889,0.000798224,0.00362444,9.99897,0.461453,1.99999,-0.0305495,-0.0997165,0.211018
5.08,10.0008,9.98636,0.432216,0.447367,1.99999,2.00041,0.178784,0.150999,-2.92327,-2.94428,1.95115e-05,0.0192829,-0.0296633,-0.0272745,-0.100383,-0.0854956,0.211025,0.213745,0.0886885,0.0779714,-0.0652607,-0.0691739,0.000621874,0.00343869,10.0008,0.432216,1.99999,-0.0296633,-0.100383,0.211025
5.09,10.0025,9.98798,0.402988,0.418271,1.99999,2.00027,0.168487,0.141683,-2.92253,-2.94421,1.89723e-05,0.0192685,-0.0287763,-0.0266409,-0.101021,-0.0859827,0.21103,0.213744,0.088686,0.0779771,-0.0624681,-0.0668075,0.000445873,0.00325328,10.0025,0.402988,1.99999,-0.0287763,-0.101021,0.21103
5.1,10.0042,9.98951,0.373766,0.389177,1.99999,2.00013,0.158149,0.132346,-2.92188,-2.94421,1.84479e-05,0.0192516,-0.0278901,-0.0260192,-0.101632,-0.086452,0.211034,0.213739,0.0885239,0.0778294,-0.0596291,-0.0643922,0.000270217,0.00306823,10.0042,0.373766,1.99999,-0.0278901,-0.101632,0.211034
5.11,10.0057,9.99094,0.34455,0.360077,1.99999,1.99999,0.147771,0.122986,-2.92134,-2.94429,1.79379e-05,0.0192312,-0.0270063,-0.0254108,-0.102214,-0.0869033,0.211036,0.213732,0.0882052,0.0775321,-0.0567482,-0.0619357,9.49005e-05,0.00288355,10.0057,0.34455,1.99999,-0.0270063,-0.102214,0.211036
5.12,10.0071,9.99227,0.315339,0.330975,1.99999,1.99985,0.137356,0.113607,-2.92089,-2.94445,1.74419e-05,0.0192079,-0.0261265,-0.0248158,-0.102767,-0.0873356,0.211036,0.213722,0.0877329,0.0770868,-0.05383,-0.0594377,-8.00817e-05,0.00269935,10.0071,0.315339,1.99999,-0.0261265,-0.102767,0.211036
5.13,10.0085,9.99351,0.286132,0.301861,1.99999,1.99972,0.126907,0.104207,-2.92053,-2.94467,1.69596e-05,0.0191813,-0.0252522,-0.0242361,-0.10329,-0.0877492,0.211034,0.21371,0.0871105,0.0764985,-0.0508792,-0.0569055,-0.000254735,0.00251559,10.0085,0.286132,1.99999,-0.0252522,-0.10329,0.211034
5.14,10.0097,9.99465,0.256928,0.272738,1.99999,1.99958,0.116426,0.0947878,-2.92028,-2.94496,1.64906e-05,0.019151,-0.0243848,-0.0236716,-0.103784,-0.088143,0.211031,0.213694,0.0863414,0.0757694,-0.0479002,-0.0543436,-0.000429064,0.00233234,10.0097,0.256928,1.99999,-0.0243848,-0.103784,0.211031
5.15,10.0108,9.99567,0.227726,0.243601,1.99999,1.99945,0.105917,0.0853488,-2.92011,-2.94532,1.60345e-05,0.0191174,-0.0235258,-0.0231233,-0.104248,-0.0885168,0.211026,0.213675,0.0854292,0.0749042,-0.0448976,-0.0517538,-0.000603073,0.00214961,10.0108,0.227726,1.99999,-0.0235258,-0.104248,0.211026
5.16,10.0118,9.9966,0.198525,0.21445,1.99999,1.99931,0.0953825,0.0758917,-2.92004,-2.94574,1.55909e-05,0.0190792,-0.0226767,-0.0225918,-0.104682,-0.0888705,0.211019,0.213654,0.0843776,0.0739074,-0.0418758,-0.0491421,-0.000776769,0.00196745,10.0118,0.198525,1.99999,-0.0226767,-0.104682,0.211019
5.17,10.0127,9.99743,0.169325,0.185279,1.99999,1.99918,0.0848245,0.0664154,-2.92005,-2.94622,1.51596e-05,0.0190379,-0.0218387,-0.0220777,-0.105086,-0.0892037,0.21101,0.213629,0.0831906,0.0727815,-0.0388394,-0.0465104,-0.000950156,0.00178587,10.0127,0.169325,1.99999,-0.0218387,-0.105086,0.21101
5.18,10.0135,9.99814,0.140124,0.156091,1.99999,1.99906,0.0742459,0.0569228,-2.92016,-2.94676,1.47401e-05,0.0189932,-0.0210133,-0.0215814,-0.105459,-0.0895161,0.211,0.213601,0.0818721,0.0715308,-0.0357926,-0.0438638,-0.00112324,0.0016049,10.0135,0.140124,1.99999,-0.0210133,-0.105459,0.211
5.19,10.0142,9.99875,0.110921,0.126878,1.99999,1.99893,0.0636495,0.0474127,-2.92035,-2.94735,1.43322e-05,0.0189438,-0.0202017,-0.0211038,-0.105802,-0.0898077,0.210988,0.21357,0.0804263,0.0701611,-0.0327398,-0.0412075,-0.00129602,0.00142459,10.0142,0.110921,1.99999,-0.0202017,-0.105802,0.210988
5.2,10.0148,9.99926,0.0817165,0.0976423,2,1.99881,0.053038,0.0378863,-2.92062,-2.948,1.39355e-05,0.0188915,-0.0194052,-0.0206446,-0.106114,-0.0900782,0.210974,0.213535,0.0788572,0.0686754,-0.0296853,-0.0385437,-0.00146851,0.00124491,10.0148,0.0817165,2,-0.0194052,-0.106114,0.210974
5.21,10.0152,9.99965,0.0525086,0.0683804,2,1.9987,0.0424139,0.0283445,-2.92098,-2.94869,1.35497e-05,0.0188341,-0.0186249,-0.0202046,-0.106395,-0.0903276,0.210958,0.213498,0.0771694,0.0670774,-0.0266333,-0.0358758,-0.00164071,0.00106594,10.0152,0.0525086,2,-0.0186249,-0.106395,0.210958
5.22,10.0156,9.99993,0.0232967,0.0390934,2,1.99858,0.0317799,0.0187885,-2.92141,-2.94944,1.31746e-05,0.018774,-0.0178622,-0.0197842,-0.106646,-0.0905558,0.210941,0.213457,0.0753671,0.0653745,-0.0235878,-0.0332088,-0.00181263,0.000887647,10.0156,0.0232967,2,-0.0178622,-0.106646,0.210941
5.23,10.0159,10.0001,-0.00591999,0.00977715,2,1.99848,0.0211386,0.00921828,-2.92193,-2.95023,1.28098e-05,0.0187103,-0.017118,-0.0193832,-0.106867,-0.0907628,0.210922,0.213413,0.0734548,0.0635678,-0.020553,-0.0305459,-0.00198426,0.00071007,10.0159,-0.00591999,2,-0.017118,-0.106867,0.210922
5.24,10.016,10.0002,-0.0351422,-0.0195667,2,1.99837,0.0104925,-0.000364512,-2.92252,-2.95106,1.24551e-05,0.018643,-0.0163934,-0.0190023,-0.107058,-0.0909487,0.210901,0.213365,0.0714372,0.0616651,-0.0175328,-0.0278911,-0.00215563,0.000533236,10.016,-0.0351422,2,-0.0163934,-0.107058,0.210901
5.25,10.0161,10.0001,-0.0643706,-0.0489411,2,1.99827,-0.000155862,-0.00995973,-2.92318,-2.95192,1.21102e-05,0.0185715,-0.0156896,-0.0186413,-0.107218,-0.0911135,0.210879,0.213315,0.0693187,0.059669,-0.014531,-0.0252466,-0.00232672,0.000357143,10.0161,-0.0643706,2,-0.0156896,-0.107218,0.210879
5.26,10.016,9.99997,-0.093606,-0.0783464,2,1.99818,-0.010804,-0.0195661,-2.92391,-2.95283,1.17747e-05,0.0184975,-0.0150074,-0.0183008,-0.107348,-0.0912574,0.210855,0.213261,0.0671043,0.0575862,-0.0115515,-0.0226181,-0.00249755,0.000181795,10.016,-0.093606,2,-0.0150074,-0.107348,0.210855
5.27,10.0159,9.99971,-0.122849,-0.10778,2,1.99809,-0.0214496,-0.0291823,-2.92471,-2.95376,1.14485e-05,0.0184215,-0.0143478,-0.0179804,-0.107449,-0.0913806,0.210829,0.213204,0.0647984,0.0554199,-0.00859801,-0.0200062,-0.00266811,7.25314e-06,10.0159,-0.122849,2,-0.0143478,-0.107449,0.210829
5.28,10.0156,9.99933,-0.1521,-0.137246,2,1.998,-0.0320902,-0.0388069,-2.92557,-2.95473,1.11313e-05,0.0183415,-0.0137117,-0.0176806,-0.10752,-0.0914831,0.210801,0.213143,0.0624061,0.0531752,-0.00567407,-0.0174165,-0.00283842,-0.000166537,10.0156,-0.1521,2,-0.0137117,-0.10752,0.210801
5.29,10.0152,9.99884,-0.181361,-0.166742,2,1.99791,-0.0427234,-0.0484396,-2.92649,-2.95572,1.08229e-05,0.0182606,-0.0130999,-0.0174009,-0.107563,-0.0915654,0.210772,0.213079,0.0599319,0.0508567,-0.00278319,-0.0148507,-0.00300848,-0.000339558,10.0152,-0.181361,2,-0.0130999,-0.107563,0.210772
5.3,10.0147,9.99825,-0.21063,-0.196269,2,1.99784,-0.0533469,-0.0580789,-2.92747,-2.95674,1.05229e-05,0.0181767,-0.0125133,-0.0171417,-0.107576,-0.0916276,0.210741,0.213013,0.057381,0.0484711,7.12282e-05,-0.0123141,-0.0031783,-0.000511761,10.0147,-0.21063,2,-0.0125133,-0.107576,0.210741
5.31,10.0142,9.99754,-0.23991,-0.225824,2,1.99776,-0.0639586,-0.0677234,-2.92851,-2.95778,1.02313e-05,0.0180911,-0.0119526,-0.016903,-0.107561,-0.09167,0.210709,0.212943,0.054758,0.0460231,0.0028859,-0.00980674,-0.00334787,-0.000683173,10.0142,-0.23991,2,-0.0119526,-0.107561,0.210709
5.32,10.0135,9.99673,-0.269201,-0.25541,2,1.99769,-0.0745562,-0.077372,-2.92959,-2.95884,9.94767e-06,0.0180045,-0.0114184,-0.0166848,-0.107519,-0.0916932,0.210674,0.21287,0.0520679,0.0435165,0.00565765,-0.00733471,-0.00351721,-0.00085379,10.0135,-0.269201,2,-0.0114184,-0.107519,0.210674
5.33,10.0127,9.99581,-0.298502,-0.285023,2,1.99762,-0.0851377,-0.087023,-2.93073,-2.95991,9.67188e-06,0.0179174,-0.0109114,-0.0164868,-0.107448,-0.0916975,0.210638,0.212794,0.0493156,0.0409569,0.00838342,-0.00489812,-0.00368631,-0.00102361,10.0127,-0.298502,2,-0.0109114,-0.107448,0.210638
5.34,10.0118,9.99479,-0.327815,-0.314664,2,1.99755,-0.0957008,-0.0966757,-2.93191,-2.961,9.40371e-06,0.017829,-0.0104322,-0.0163091,-0.107351,-0.0916832,0.210601,0.212715,0.046506,0.0383488,0.0110603,-0.002501,-0.00385519,-0.00119261,10.0118,-0.327815,2,-0.0104322,-0.107351,0.210601
5.35,10.0108,9.99367,-0.357141,-0.34433,2,1.99749,-0.106244,-0.106328,-2.93314,-2.9621,9.14294e-06,0.0177415,-0.00998146,-0.0161512,-0.107227,-0.0916507,0.210561,0.212634,0.043644,0.0356981,0.0136854,-0.000146275,-0.00402384,-0.00136083,10.0108,-0.357141,2,-0.00998146,-0.107227,0.210561
5.36,10.0096,9.99244,-0.386478,-0.374023,2,1.99743,-0.116764,-0.115979,-2.9344,-2.9632,8.88937e-06,0.0176534,-0.00955953,-0.0160136,-0.107078,-0.0916005,0.21052,0.21255,0.0407344,0.0330084,0.016256,0.00216388,-0.00419228,-0.00152825,10.0096,-0.386478,2,-0.00955953,-0.107078,0.21052
5.37,10.0084,9.99111,-0.415829,-0.403737,2,1.99737,-0.127261,-0.125627,-2.9357,-2.96431,8.6428e-06,0.0175663,-0.00916691,-0.015896,-0.106902,-0.0915334,0.210477,0.212463,0.0377822,0.0302868,0.0187697,0.00442794,-0.0043605,-0.00169488,10.0084,-0.415829,2,-0.00916691,-0.106902,0.210477
5.38,10.0071,9.98968,-0.445192,-0.433475,2,1.99731,-0.137732,-0.135271,-2.93703,-2.96543,8.40304e-06,0.0174798,-0.00880401,-0.0157977,-0.106702,-0.0914494,0.210433,0.212374,0.0347922,0.0275351,0.0212238,0.00664171,-0.00452851,-0.00186073,10.0071,-0.445192,2,-0.00880401,-0.106702,0.210433
5.39,10.0057,9.98816,-0.474569,-0.463229,2,1.99726,-0.148174,-0.144908,-2.93839,-2.96655,8.1699e-06,0.0173948,-0.00847118,-0.0157192,-0.106478,-0.0913495,0.210387,0.212282,0.0317693,0.0247617,0.0236161,0.00880396,-0.00469631,-0.00202579,10.0057,-0.474569,2,-0.00847118,-0.106478,0.210387
5.4,10.0041,9.98654,-0.50396,-0.493005,2,1.9972,-0.158588,-0.154538,-2.93977,-2.96766,7.94321e-06,0.0173125,-0.00816872,-0.0156603,-0.10623,-0.091234,0.210339,0.212188,0.0287181,0.0219693,0.0259444,0.0109125,-0.00486392,-0.00219008,10.0041,-0.50396,2,-0.00816872,-0.10623,0.210339
5.41,10.0025,9.98483,-0.533365,-0.522795,2,1.99714,-0.16897,-0.164159,-2.94118,-2.96878,7.72278e-06,0.0172324,-0.00789689,-0.0156202,-0.105959,-0.0911035,0.21029,0.212093,0.0256434,0.0191616,0.0282066,0.0129651,-0.00503132,-0.0023536,10.0025,-0.533365,2,-0.00789689,-0.105959,0.21029
5.42,10.0007,9.98302,-0.562784,-0.552601,2,1.99709,-0.17932,-0.17377,-2.9426,-2.96988,7.50844e-06,0.0171549,-0.00765591,-0.0155991,-0.105666,-0.0909585,0.210238,0.211994,0.0225499,0.0163444,0.0304008,0.0149607,-0.00519854,-0.00251637,10.0007,-0.562784,2,-0.00765591,-0.105666,0.210238
5.43,9.9989,9.98113,-0.592217,-0.582418,2,1.99703,-0.189636,-0.183368,-2.94404,-2.97098,7.30002e-06,0.0170811,-0.00744594,-0.015597,-0.105352,-0.0908001,0.210186,0.211894,0.0194422,0.0135221,0.0325252,0.0168971,-0.00536556,-0.00267842,9.9989,-0.592217,2,-0.00744594,-0.105352,0.210186
5.44,9.99695,9.97915,-0.621665,-0.612247,2,1.99698,-0.199917,-0.192954,-2.94549,-2.97207,7.09737e-06,0.0170102,-0.0072671,-0.0156133,-0.105016,-0.0906283,0.210131,0.211793,0.016325,0.0107006,0.034578,0.0187715,-0.0055324,-0.00283972,9.99695,-0.621665,2,-0.0072671,-0.105016,0.210131
5.45,9.9949,9.97708,-0.651127,-0.642083,2,1.99692,-0.21016,-0.202524,-2.94695,-2.97315,6.90031e-06,0.0169432,-0.00711946,-0.0156481,-0.10466,-0.0904439,0.210075,0.21169,0.0132027,0.00788169,0.0365577,0.0205831,-0.00569907,-0.0030003,9.9949,-0.651127,2,-0.00711946,-0.10466,0.210075
5.46,9.99275,9.97492,-0.680604,-0.671927,2,1.99686,-0.220366,-0.212078,-2.94842,-2.97421,6.70871e-06,0.0168805,-0.00700305,-0.0157012,-0.104285,-0.0902476,0.210017,0.211585,0.0100797,0.0050711,0.0384629,0.0223319,-0.00586555,-0.00316019,9.99275,-0.680604,2,-0.00700305,-0.104285,0.210017
5.47,9.9905,9.97269,-0.710095,-0.701775,2,1.9968,-0.230532,-0.221614,-2.94988,-2.97526,6.5224e-06,0.0168222,-0.00691785,-0.0157722,-0.103891,-0.09004,0.209958,0.211478,0.0069605,0.00227153,0.0402923,0.0240133,-0.00603186,-0.00331942,9.9905,-0.710095,2,-0.00691785,-0.103891,0.209958
5.48,9.98814,9.97037,-0.739601,-0.731626,2,1.99673,-0.240657,-0.231131,-2.95134,-2.97629,6.34125e-06,0.0167697,-0.00686381,-0.0158607,-0.10348,-0.0898216,0.209896,0.211371,0.00384928,-0.00051026,0.0420448,0.0256292,-0.00619801,-0.00347796,9.98814,-0.739601,2,-0.00686381,-0.10348,0.209896
5.49,9.98568,9.96798,-0.769122,-0.761477,2,1.99667,-0.250742,-0.240628,-2.9528,-2.9773,6.16511e-06,0.0167218,-0.00684083,-0.0159669,-0.103051,-0.0895933,0.209834,0.211262,0.00075027,-0.00327303,0.0437192,0.0271769,-0.00636399,-0.00363585,9.98568,-0.769122,2,-0.00684083,-0.103051,0.209834
5.5,9.98313,9.96551,-0.798657,-0.791329,2,1.99659,-0.260783,-0.250103,-2.95425,-2.97828,5.99384e-06,0.016679,-0.00684875,-0.0160904,-0.102605,-0.0893553,0.209769,0.211152,-0.00233241,-0.00601233,0.0453148,0.0286552,-0.0065298,-0.00379313,9.98313,-0.798657,2,-0.00684875,-0.102605,0.209769
5.51,9.98047,9.96295,-0.828207,-0.821179,2,1.99652,-0.270782,-0.259555,-2.95569,-2.97925,5.8273e-06,0.0166416,-0.00688741,-0.0162311,-0.102145,-0.0891085,0.209703,0.211042,-0.00539474,-0.00872369,0.0468307,0.0300635,-0.00669547,-0.00394978,9.98047,-0.828207,2,-0.00688741,-0.102145,0.209703
5.52,9.97771,9.96032,-0.857771,-0.851023,2,1.99644,-0.280736,-0.268982,-2.95711,-2.98019,5.66538e-06,0.0166108,-0.00695657,-0.0163885,-0.101669,-0.0888536,0.209635,0.21093,-0.00843279,-0.0114043,0.0482662,0.0314,-0.00686098,-0.00410583,9.97771,-0.857771,2,-0.00695657,-0.101669,0.209635
5.53,9.97485,9.95763,-0.887349,-0.880865,2,1.99636,-0.290645,-0.278385,-2.95851,-2.9811,5.50794e-06,0.0165856,-0.00705597,-0.0165625,-0.10118,-0.0885909,0.209566,0.210818,-0.0114427,-0.014051,0.0496209,0.0326675,-0.00702634,-0.00426133,9.97485,-0.887349,2,-0.00705597,-0.10118,0.209566
5.54,9.9719,9.95485,-0.916941,-0.910697,2,1.99628,-0.300509,-0.28776,-2.95989,-2.98198,5.35485e-06,0.016566,-0.00718532,-0.016753,-0.100677,-0.0883212,0.209495,0.210705,-0.0144208,-0.0166596,0.0508944,0.0338598,-0.00719155,-0.00441628,9.9719,-0.916941,2,-0.00718532,-0.100677,0.209495
5.55,9.96884,9.95201,-0.946547,-0.940523,2,1.99619,-0.310326,-0.297108,-2.96124,-2.98283,5.20601e-06,0.0165522,-0.00734427,-0.0169596,-0.100162,-0.0880449,0.209422,0.210591,-0.0173635,-0.0192284,0.0520862,0.034981,-0.00735663,-0.00457069,9.96884,-0.946547,2,-0.00734427,-0.100162,0.209422
5.56,9.96569,9.94908,-0.976166,-0.97034,2,1.9961,-0.320097,-0.306428,-2.96257,-2.98365,5.06128e-06,0.0165444,-0.00753246,-0.0171826,-0.0996355,-0.0877627,0.209348,0.210477,-0.0202672,-0.0217504,0.0531964,0.0360303,-0.00752157,-0.00472459,9.96569,-0.976166,2,-0.00753246,-0.0996355,0.209348
5.57,9.96244,9.94609,-1.0058,-1.00015,2,1.996,-0.32982,-0.31572,-2.96386,-2.98444,4.92056e-06,0.0165432,-0.00774947,-0.017421,-0.0990983,-0.087475,0.209272,0.210363,-0.0231285,-0.0242286,0.0542249,0.037005,-0.00768637,-0.00487804,9.96244,-1.0058,2,-0.00774947,-0.0990983,0.209272
5.58,9.9591,9.94303,-1.03544,-1.02994,2,1.9959,-0.339496,-0.32498,-2.96513,-2.98519,4.78374e-06,0.0165483,-0.00799487,-0.0176749,-0.0985513,-0.0871824,0.209194,0.210248,-0.0259442,-0.0266589,0.0551717,0.0379056,-0.00785104,-0.005031,9.9591,-1.03544,2,-0.00799487,-0.0985513,0.209194
5.59,9.95565,9.9399,-1.0651,-1.05973,2,1.99579,-0.349123,-0.33421,-2.96635,-2.9859,4.65071e-06,0.0165581,-0.00826819,-0.0179444,-0.0979951,-0.0868854,0.209115,0.210133,-0.0287111,-0.0290343,0.0560369,0.0387334,-0.00801558,-0.00518352,9.95565,-1.0651,2,-0.00826819,-0.0979951,0.209115
5.6,9.95211,9.93669,-1.09477,-1.0895,2,1.99569,-0.358702,-0.343409,-2.96753,-2.98657,4.52136e-06,0.0165739,-0.00856892,-0.0182288,-0.0974308,-0.0865847,0.209034,0.210018,-0.0314261,-0.0313573,0.056821,0.0394869,-0.00818,-0.00533567,9.95211,-1.09477,2,-0.00856892,-0.0974308,0.209034
5.61,9.94848,9.93341,-1.12445,-1.11927,2,1.99557,-0.368233,-0.352576,-2.96868,-2.9872,4.3956e-06,0.0165948,-0.00889653,-0.0185282,-0.096859,-0.0862804,0.208951,0.209902,-0.0340863,-0.0336242,0.0575243,0.0401665,-0.0083443,-0.00548742,9.94848,-1.12445,2,-0.00889653,-0.096859,0.208951
5.62,9.94475,9.93006,-1.15414,-1.14902,2,1.99546,-0.377715,-0.36171,-2.96977,-2.98779,4.27332e-06,0.0166217,-0.00925046,-0.0188424,-0.0962806,-0.0859733,0.208867,0.209787,-0.0366889,-0.0358315,0.0581474,0.0407727,-0.00850848,-0.00563881,9.94475,-1.15414,2,-0.00925046,-0.0962806,0.208867
5.63,9.94092,9.92663,-1.18385,-1.17875,2,1.99534,-0.387148,-0.370811,-2.97082,-2.98834,4.15442e-06,0.0166533,-0.00963011,-0.0191709,-0.0956963,-0.0856637,0.208781,0.209671,-0.0392313,-0.0379791,0.0586907,0.0413063,-0.00867255,-0.00578988,9.94092,-1.18385,2,-0.00963011,-0.0956963,0.208781
5.64,9.93701,9.92313,-1.21356,-1.20848,2,1.99522,-0.396532,-0.379879,-2.97182,-2.98884,4.03883e-06,0.0166893,-0.0100349,-0.0195139,-0.095107,-0.085352,0.208693,0.209555,-0.0417108,-0.0400631,0.0591552,0.0417673,-0.00883651,-0.00594062,9.93701,-1.21356,2,-0.0100349,-0.095107,0.208693
5.65,9.93299,9.91956,-1.24328,-1.23819,2,1.9951,-0.405868,-0.388914,-2.97276,-2.98929,3.92644e-06,0.01673,-0.0104641,-0.0198709,-0.0945135,-0.0850385,0.208604,0.209439,-0.0441251,-0.0420836,0.0595415,0.0421555,-0.00900036,-0.00609109,9.93299,-1.24328,2,-0.0104641,-0.0945135,0.208604
5.66,9.92889,9.91592,-1.27301,-1.26789,2,1.99497,-0.415155,-0.397914,-2.97365,-2.98969,3.81716e-06,0.0167752,-0.0109171,-0.0202417,-0.0939164,-0.0847239,0.208513,0.209322,-0.0464718,-0.0440383,0.0598506,0.0424715,-0.00916411,-0.00624127,9.92889,-1.27301,2,-0.0109171,-0.0939164,0.208513
5.67,9.92469,9.91219,-1.30276,-1.29758,2,1.99484,-0.424394,-0.406881,-2.97448,-2.99004,3.71091e-06,0.0168234,-0.0113933,-0.0206258,-0.0933167,-0.0844084,0.208421,0.209206,-0.0487489,-0.0459272,0.0600835,0.0427178,-0.00932775,-0.00639124,9.92469,-1.30276,2,-0.0113933,-0.0933167,0.208421
5.68,9.9204,9.90839,-1.3325,-1.32726,2,1.99472,-0.433584,-0.415813,-2.97525,-2.99035,3.60761e-06,0.0168755,-0.0118919,-0.0210238,-0.092715,-0.0840923,0.208327,0.209089,-0.0509542,-0.0477453,0.0602412,0.042892,-0.0094913,-0.00654102,9.9204,-1.3325,2,-0.0118919,-0.092715,0.208327
5.69,9.91602,9.90451,-1.36226,-1.35693,2,1.99459,-0.442727,-0.424712,-2.97596,-2.99059,3.50718e-06,0.0169299,-0.0124122,-0.0214347,-0.0921121,-0.083776,0.208231,0.208972,-0.0530859,-0.0494957,0.060325,0.0429982,-0.00965475,-0.00669061,9.91602,-1.36226,2,-0.0124122,-0.0921121,0.208231
5.7,9.91155,9.90054,-1.39202,-1.38659,2,1.99446,-0.451822,-0.433577,-2.97661,-2.99079,3.40952e-06,0.016987,-0.0129534,-0.0218588,-0.0915088,-0.0834599,0.208134,0.208855,-0.0551421,-0.0511743,0.0603362,0.0430345,-0.00981811,-0.00684004,9.91155,-1.39202,2,-0.0129534,-0.0915088,0.208134
5.71,9.90698,9.8965,-1.42179,-1.41623,2,1.99434,-0.46087,-0.442409,-2.97718,-2.99092,3.31458e-06,0.017046,-0.0135147,-0.0222953,-0.0909056,-0.0831443,0.208035,0.208738,-0.0571214,-0.0527817,0.0602759,0.0430041,-0.00998138,-0.00698933,9.90698,-1.42179,2,-0.0135147,-0.0909056,0.208035
5.72,9.90233,9.89238,-1.45157,-1.44587,2,1.99421,-0.469872,-0.451206,-2.97769,-2.991,3.22227e-06,0.0171071,-0.0140955,-0.0227445,-0.0903035,-0.0828293,0.207934,0.20862,-0.059022,-0.0543166,0.0601458,0.0429077,-0.0101446,-0.00713851,9.90233,-1.45157,2,-0.0140955,-0.0903035,0.207934
5.73,9.89759,9.88816,-1.48135,-1.4755,2,1.99409,-0.478827,-0.459971,-2.97813,-2.99103,3.13253e-06,0.0171694,-0.0146949,-0.0232058,-0.089703,-0.0825153,0.207832,0.208502,-0.0608428,-0.0557798,0.0599472,0.0427458,-0.0103077,-0.00728764,9.89759,-1.48135,2,-0.0146949,-0.089703,0.207832
5.74,9.89275,9.88387,-1.51113,-1.50512,2,1.99396,-0.487737,-0.468702,-2.9785,-2.99099,3.04527e-06,0.017232,-0.0153121,-0.0236792,-0.0891048,-0.0822026,0.207728,0.208384,-0.0625823,-0.0571679,0.0596817,0.04252,-0.0104707,-0.00743669,9.89275,-1.51113,2,-0.0153121,-0.0891048,0.207728
5.75,9.88783,9.87948,-1.54092,-1.53474,2,1.99385,-0.496601,-0.477401,-2.9788,-2.99089,2.96043e-06,0.0172949,-0.0159463,-0.0241642,-0.0885095,-0.0818914,0.207622,0.208265,-0.0642396,-0.0584827,0.059351,0.0422305,-0.0106336,-0.00758572,9.88783,-1.54092,2,-0.0159463,-0.0885095,0.207622
5.76,9.88282,9.87501,-1.5707,-1.56435,2,1.99373,-0.505421,-0.486068,-2.97902,-2.99073,2.87795e-06,0.0173577,-0.0165966,-0.0246608,-0.0879179,-0.081582,0.207515,0.208145,-0.0658136,-0.0597223,0.0589567,0.0418817,-0.0107965,-0.00773473,9.88282,-1.5707,2,-0.0165966,-0.0879179,0.207515
5.77,9.87772,9.87045,-1.6005,-1.59395,2,1.99362,-0.514198,-0.494704,-2.97916,-2.99051,2.79776e-06,0.0174191,-0.0172623,-0.0251686,-0.0873306,-0.0812748,0.207406,0.208025,-0.0673036,-0.0608871,0.0585005,0.0414719,-0.0109593,-0.00788375,9.87772,-1.6005,2,-0.0172623,-0.0873306,0.207406
5.78,9.87254,9.86579,-1.63029,-1.62355,2,1.99351,-0.522932,-0.503308,-2.97923,-2.99022,2.7198e-06,0.0174804,-0.0179424,-0.0256873,-0.0867481,-0.0809695,0.207296,0.207904,-0.0687086,-0.0619776,0.0579843,0.0410038,-0.011122,-0.00803282,9.87254,-1.63029,2,-0.0179424,-0.0867481,0.207296
5.79,9.86726,9.86104,-1.66008,-1.65314,2,1.99341,-0.531623,-0.511882,-2.97921,-2.98987,2.644e-06,0.0175397,-0.0186362,-0.0262165,-0.0861711,-0.0806669,0.207184,0.207783,-0.0700283,-0.0629942,0.05741,0.0404802,-0.0112846,-0.00818195,9.86726,-1.66008,2,-0.0186362,-0.0861711,0.207184
5.8,9.86191,9.8562,-1.68987,-1.68273,2,1.99332,-0.540273,-0.520427,-2.97912,-2.98945,2.5703e-06,0.017597,-0.0193427,-0.0267562,-0.0856001,-0.0803668,0.20707,0.20766,-0.071262,-0.0639356,0.0567793,0.0399026,-0.0114472,-0.00833115,9.86191,-1.68987,2,-0.0193427,-0.0856001,0.20707
5.81,9.85646,9.85126,-1.71966,-1.71231,2,1.99323,-0.548883,-0.528942,-2.97895,-2.98897,2.49865e-06,0.0176519,-0.0200611,-0.0273058,-0.0850357,-0.0800695,0.206955,0.207537,-0.0724095,-0.064802,0.0560944,0.0392698,-0.0116098,-0.00848045,9.85646,-1.71966,2,-0.0200611,-0.0850357,0.206955
5.82,9.85093,9.84622,-1.74945,-1.7419,2,1.99314,-0.557453,-0.537429,-2.97869,-2.98842,2.42899e-06,0.0177044,-0.0207906,-0.0278651,-0.0844784,-0.0797754,0.206838,0.207412,-0.0734706,-0.0655934,0.0553571,0.0385866,-0.0117722,-0.00862988,9.85093,-1.74945,2,-0.0207906,-0.0844784,0.206838
5.83,9.84531,9.84108,-1.77924,-1.77147,2,1.99307,-0.565984,-0.545889,-2.97835,-2.9878,2.36127e-06,0.017753,-0.0215302,-0.0284337,-0.0839287,-0.0794843,0.20672,0.207287,-0.0744451,-0.066312,0.0545694,0.0378552,-0.0119346,-0.00877947,9.84531,-1.77924,2,-0.0215302,-0.0839287,0.20672
5.84,9.83961,9.83585,-1.80902,-1.80105,2,1.993,-0.574477,-0.554322,-2.97793,-2.98711,2.29543e-06,0.0177989,-0.0222792,-0.0290115,-0.0833872,-0.0791966,0.206599,0.207161,-0.075333,-0.0669573,0.0537336,0.0370762,-0.012097,-0.00892921,9.83961,-1.80902,2,-0.0222792,-0.0833872,0.206599
5.85,9.83382,9.83052,-1.83879,-1.83062,2,1.99294,-0.582934,-0.562729,-2.97742,-2.98636,2.23141e-06,0.0178399,-0.0230366,-0.0295978,-0.0828542,-0.0789126,0.206478,0.207033,-0.0761346,-0.0675287,0.0528515,0.0362522,-0.0122593,-0.00907913,9.83382,-1.83879,2,-0.0230366,-0.0828542,0.206478
5.86,9.82795,9.82509,-1.86857,-1.86019,2,1.99289,-0.591355,-0.571111,-2.97683,-2.98554,2.16918e-06,0.0178777,-0.0238016,-0.0301923,-0.0823303,-0.0786321,0.206354,0.206904,-0.07685,-0.0680289,0.0519254,0.0353857,-0.0124215,-0.00922926,9.82795,-1.86857,2,-0.0238016,-0.0823303,0.206354
5.87,9.82199,9.81956,-1.89833,-1.88975,2,1.99285,-0.599741,-0.57947,-2.97615,-2.98464,2.10867e-06,0.0179106,-0.0245733,-0.0307951,-0.0818159,-0.0783555,0.206229,0.206773,-0.0774797,-0.0684557,0.0509575,0.0344763,-0.0125837,-0.00937961,9.82199,-1.89833,2,-0.0245733,-0.0818159,0.206229
5.88,9.81596,9.81393,-1.92809,-1.91932,2,1.99282,-0.608093,-0.587805,-2.97539,-2.98368,2.04985e-06,0.0179386,-0.0253509,-0.0314048,-0.0813113,-0.078083,0.206103,0.206642,-0.078024,-0.0688121,0.0499498,0.0335292,-0.0127458,-0.00953022,9.81596,-1.92809,2,-0.0253509,-0.0813113,0.206103
5.89,9.80983,9.80819,-1.95784,-1.94887,2,1.99279,-0.616413,-0.596118,-2.97454,-2.98265,1.99266e-06,0.0179621,-0.0261335,-0.0320219,-0.080817,-0.0778146,0.205974,0.206508,-0.0784837,-0.0690985,0.0489045,0.0325454,-0.0129079,-0.00968106,9.80983,-1.95784,2,-0.0261335,-0.080817,0.205974
5.9,9.80363,9.80236,-1.98758,-1.97843,2,1.99278,-0.624701,-0.60441,-2.9736,-2.98155,1.93706e-06,0.0179798,-0.0269203,-0.0326459,-0.0803333,-0.0775504,0.205844,0.206374,-0.0788595,-0.0693145,0.0478239,0.0315266,-0.01307,-0.00983217,9.80363,-1.98758,2,-0.0269203,-0.0803333,0.205844
5.91,9.79734,9.79642,-2.01731,-2.00797,2,1.99277,-0.632959,-0.612682,-2.97258,-2.98038,1.88301e-06,0.0179938,-0.0277104,-0.0332758,-0.0798606,-0.0772908,0.205713,0.206237,-0.079152,-0.0694634,0.0467101,0.030477,-0.013232,-0.00998358,9.79734,-2.01731,2,-0.0277104,-0.0798606,0.205713
5.92,9.79097,9.79039,-2.04703,-2.03752,2,1.99278,-0.641187,-0.620935,-2.97147,-2.97914,1.83046e-06,0.0180008,-0.0285031,-0.0339118,-0.0793992,-0.0770357,0.20558,0.206099,-0.0793623,-0.0695426,0.0455655,0.0293957,-0.013394,-0.0101353,9.79097,-2.04703,2,-0.0285031,-0.0793992,0.20558
5.93,9.78451,9.78426,-2.07674,-2.06705,2,1.99279,-0.649387,-0.62917,-2.97027,-2.97783,1.77938e-06,0.0180038,-0.0292974,-0.034553,-0.0789494,-0.0767854,0.205445,0.20596,-0.0794913,-0.0695579,0.0443921,0.0282885,-0.0135559,-0.0102874,9.78451,-2.07674,2,-0.0292974,-0.0789494,0.205445
5.94,9.77798,9.77802,-2.10643,-2.09658,2,1.99282,-0.657559,-0.637388,-2.96899,-2.97646,1.72971e-06,0.0180008,-0.0300926,-0.0351992,-0.0785115,-0.07654,0.205309,0.205818,-0.0795401,-0.0695054,0.0431922,0.0271554,-0.0137178,-0.0104398,9.77798,-2.10643,2,-0.0300926,-0.0785115,0.205309
5.95,9.77136,9.77168,-2.13612,-2.1261,2,1.99285,-0.665706,-0.64559,-2.96762,-2.97501,1.68142e-06,0.0179913,-0.0308879,-0.0358497,-0.0780856,-0.0762995,0.205171,0.205675,-0.0795099,-0.0693892,0.0419681,0.0259979,-0.0138796,-0.0105925,9.77136,-2.13612,2,-0.0308879,-0.0780856,0.205171
5.96,9.76467,9.76524,-2.16579,-2.15562,2,1.9929,-0.673828,-0.653778,-2.96616,-2.97349,1.63448e-06,0.0179764,-0.0316826,-0.036504,-0.0776722,-0.0760641,0.205031,0.20553,-0.0794021,-0.0692099,0.0407219,0.0248213,-0.0140415,-0.0107456,9.76467,-2.16579,2,-0.0316826,-0.0776722,0.205031
5.97,9.75789,9.75871,-2.19544,-2.18512,2,1.99295,-0.681927,-0.661951,-2.96462,-2.97191,1.58884e-06,0.0179568,-0.0324757,-0.0371621,-0.0772713,-0.0758341,0.20489,0.205383,-0.0792179,-0.0689681,0.0394559,0.023626,-0.0142033,-0.0108991,9.75789,-2.19544,2,-0.0324757,-0.0772713,0.20489
5.98,9.75103,9.75208,-2.22508,-2.2146,2,1.99302,-0.690003,-0.670112,-2.96299,-2.97025,1.54448e-06,0.0179308,-0.0332667,-0.0378227,-0.0768831,-0.0756095,0.204747,0.205234,-0.0789588,-0.0686646,0.0381723,0.0224154,-0.014365,-0.011053,9.75103,-2.22508,2,-0.0332667,-0.0768831,0.204747
5.99,9.74409,9.74535,-2.2547,-2.24408,2,1.99309,-0.698057,-0.678261,-2.96128,-2.96854,1.50135e-06,0.0178994,-0.0340547,-0.0384858,-0.0765079,-0.0753903,0.204602,0.205084,-0.0786264,-0.0683031,0.0368732,0.0211903,-0.0145267,-0.0112073,9.74409,-2.2547,2,-0.0340547,-0.0765079,0.204602
6,9.73707,9.73853,-2.2843,-2.27354,2,1.99317,-0.706091,-0.6864,-2.95949,-2.96675,1.45941e-06,0.0178626,-0.034839,-0.0391508,-0.0761457,-0.0751767,0.204456,0.204931,-0.0782223,-0.0678821,0.0355608,0.0199534,-0.0146884,-0.0113621,9.73707,-2.2843,2,-0.034839,-0.0761457,0.204456
6.01,9.72997,9.73162,-2.31389,-2.30298,2,1.99327,-0.714107,-0.694529,-2.95761,-2.96489,1.41865e-06,0.0178209,-0.0356189,-0.0398171,-0.0757967,-0.074969,0.204309,0.204777,-0.0777481,-0.0674048,0.0342373,0.018706,-0.0148501,-0.0115173,9.72997,-2.31389,2,-0.0356189,-0.0757967,0.204309
6.02,9.72278,9.7246,-2.34346,-2.33241,2,1.99337,-0.722104,-0.70265,-2.95564,-2.96297,1.37902e-06,0.0177734,-0.0363937,-0.040484,-0.075461,-0.074767,0.204159,0.204621,-0.0772057,-0.0668703,0.0329047,0.0174538,-0.0150118,-0.0116729,9.72278,-2.34346,2,-0.0363937,-0.075461,0.204159
6.03,9.71552,9.7175,-2.373,-2.36182,2,1.99347,-0.730085,-0.710764,-2.9536,-2.96099,1.3405e-06,0.0177211,-0.0371628,-0.041151,-0.0751386,-0.0745709,0.204008,0.204462,-0.0765967,-0.0662833,0.0315653,0.0161963,-0.0151734,-0.0118291,9.71552,-2.373,2,-0.0371628,-0.0751386,0.204008
6.04,9.70818,9.71031,-2.40253,-2.3912,2,1.99359,-0.738051,-0.71887,-2.95147,-2.95893,1.30304e-06,0.0176639,-0.0379254,-0.0418178,-0.0748297,-0.074381,0.203856,0.204302,-0.0759232,-0.065642,0.030221,0.0149348,-0.015335,-0.0119857,9.70818,-2.40253,2,-0.0379254,-0.0748297,0.203856
6.05,9.70076,9.70303,-2.43203,-2.42057,2,1.99372,-0.746001,-0.726972,-2.94927,-2.95682,1.26663e-06,0.0176013,-0.038681,-0.0424836,-0.0745342,-0.0741972,0.203702,0.20414,-0.075187,-0.0649498,0.028874,0.0136747,-0.0154966,-0.0121428,9.70076,-2.43203,2,-0.038681,-0.0745342,0.203702
6.06,9.69326,9.69565,-2.46151,-2.44991,2,1.99385,-0.753939,-0.735069,-2.94698,-2.95463,1.23123e-06,0.0175346,-0.039429,-0.0431478,-0.0742522,-0.0740195,0.203546,0.203976,-0.0743901,-0.0642075,0.0275261,0.0124152,-0.0156581,-0.0123004,9.69326,-2.46151,2,-0.039429,-0.0742522,0.203546
6.07,9.68568,9.68819,-2.49097,-2.47922,2,1.99399,-0.761865,-0.743164,-2.94462,-2.95239,1.19682e-06,0.0174633,-0.0401686,-0.0438099,-0.0739837,-0.0738483,0.203389,0.20381,-0.0735346,-0.0634155,0.0261795,0.0111576,-0.0158197,-0.0124586,9.68568,-2.49097,2,-0.0401686,-0.0739837,0.203389
6.08,9.67803,9.68064,-2.5204,-2.50851,2,1.99413,-0.769779,-0.751255,-2.94217,-2.95008,1.16337e-06,0.0173872,-0.0408995,-0.0444691,-0.0737286,-0.0736834,0.20323,0.203643,-0.0726226,-0.0625778,0.0248361,0.00990669,-0.0159812,-0.0126173,9.67803,-2.5204,2,-0.0408995,-0.0737286,0.20323
6.09,9.67029,9.67301,-2.54981,-2.53777,2,1.99428,-0.777683,-0.759345,-2.93966,-2.94771,1.13085e-06,0.0173073,-0.0416209,-0.045125,-0.0734869,-0.0735249,0.203069,0.203473,-0.0716562,-0.0616937,0.0234977,0.0086633,-0.0161427,-0.0127765,9.67029,-2.54981,2,-0.0416209,-0.0734869,0.203069
6.1,9.66247,9.66529,-2.5792,-2.567,2,1.99444,-0.785579,-0.767434,-2.93706,-2.94527,1.09924e-06,0.0172239,-0.0423324,-0.0457772,-0.0732586,-0.0733729,0.202907,0.203302,-0.0706376,-0.0607651,0.0221662,0.00742761,-0.0163042,-0.0129363,9.66247,-2.5792,2,-0.0423324,-0.0732586,0.202907
6.11,9.65458,9.65749,-2.60856,-2.5962,2,1.9946,-0.793467,-0.775524,-2.9344,-2.94278,1.06851e-06,0.0171369,-0.0430335,-0.0464247,-0.0730436,-0.0732276,0.202743,0.203129,-0.0695691,-0.0597943,0.0208435,0.0062044,-0.0164656,-0.0130967,9.65458,-2.60856,2,-0.0430335,-0.0730436,0.202743
6.12,9.6466,9.6496,-2.63789,-2.62536,2,1.99477,-0.801348,-0.783615,-2.93166,-2.94022,1.03863e-06,0.0170455,-0.0437236,-0.047067,-0.0728417,-0.0730889,0.202577,0.202954,-0.0684527,-0.058783,0.0195314,0.00499247,-0.0166271,-0.0132577,9.6466,-2.63789,2,-0.0437236,-0.0728417,0.202577
6.13,9.63855,9.64163,-2.66719,-2.65449,2,1.99494,-0.809223,-0.791708,-2.92885,-2.9376,1.00958e-06,0.0169515,-0.0444024,-0.0477035,-0.0726529,-0.0729567,0.20241,0.202778,-0.067291,-0.057732,0.0182315,0.00379525,-0.0167885,-0.0134193,9.63855,-2.66719,2,-0.0444024,-0.0726529,0.20241
6.14,9.63042,9.63358,-2.69646,-2.68359,2,1.99512,-0.817093,-0.799803,-2.92597,-2.93492,9.8135e-07,0.0168544,-0.0450693,-0.048334,-0.0724771,-0.0728313,0.202242,0.2026,-0.066086,-0.056642,0.0169456,0.00261411,-0.0169499,-0.0135816,9.63042,-2.69646,2,-0.0450693,-0.0724771,0.202242
6.15,9.62221,9.62545,-2.72571,-2.71265,2,1.9953,-0.82496,-0.807902,-2.92302,-2.93218,9.53903e-07,0.0167533,-0.045724,-0.0489576,-0.072314,-0.0727124,0.202071,0.20242,-0.0648403,-0.0555147,0.0156753,0.00144977,-0.0171114,-0.0137444,9.62221,-2.72571,2,-0.045724,-0.072314,0.202071
6.16,9.61392,9.61724,-2.75492,-2.74167,2,1.99548,-0.832824,-0.816005,-2.92,-2.92938,9.27221e-07,0.0166502,-0.046366,-0.0495736,-0.0721635,-0.0726003,0.201899,0.202239,-0.063556,-0.0543534,0.0144222,0.000303421,-0.0172728,-0.0139079,9.61392,-2.75492,2,-0.046366,-0.0721635,0.201899
6.17,9.60555,9.60895,-2.78411,-2.77065,2,1.99566,-0.840685,-0.824113,-2.91692,-2.92652,9.01282e-07,0.016545,-0.046995,-0.0501816,-0.0720255,-0.0724949,0.201726,0.202056,-0.0622357,-0.0531597,0.0131878,-0.000823106,-0.0174341,-0.0140721,9.60555,-2.78411,2,-0.046995,-0.0720255,0.201726
6.18,9.59711,9.60057,-2.81326,-2.7996,2,1.99585,-0.848546,-0.832228,-2.91377,-2.92361,8.76068e-07,0.0164366,-0.0476106,-0.0507809,-0.0718997,-0.072396,0.201551,0.201872,-0.0608816,-0.0519335,0.0119736,-0.00192825,-0.0175955,-0.0142369,9.59711,-2.81326,2,-0.0476106,-0.0718997,0.201551
6.19,9.58858,9.59212,-2.84238,-2.8285,2,1.99603,-0.856407,-0.840347,-2.91057,-2.92063,8.51556e-07,0.0163263,-0.0482125,-0.0513711,-0.0717859,-0.0723039,0.201374,0.201686,-0.0594961,-0.0506763,0.010781,-0.00301155,-0.0177569,-0.0144024,9.58858,-2.84238,2,-0.0482125,-0.0717859,0.201374
6.2,9.57998,9.58359,-2.87147,-2.85736,2,1.99622,-0.864268,-0.848473,-2.9073,-2.91759,8.27728e-07,0.0162134,-0.0488004,-0.0519515,-0.071684,-0.0722182,0.201196,0.201499,-0.0580816,-0.0493916,0.00961151,-0.00407219,-0.0179182,-0.0145685,9.57998,-2.87147,2,-0.0488004,-0.071684,0.201196
6.21,9.57129,9.57498,-2.90053,-2.88618,2,1.99641,-0.872131,-0.856607,-2.90397,-2.9145,8.04564e-07,0.016099,-0.049374,-0.0525219,-0.0715936,-0.0721389,0.201016,0.201311,-0.0566406,-0.0480795,0.00846632,-0.00510908,-0.0180796,-0.0147354,9.57129,-2.90053,2,-0.049374,-0.0715936,0.201016
6.22,9.56253,9.56629,-2.92955,-2.91495,2,1.9966,-0.879997,-0.864748,-2.90058,-2.91135,7.82047e-07,0.015982,-0.0499331,-0.0530816,-0.0715146,-0.0720662,0.200834,0.201122,-0.0551753,-0.0467415,0.00734674,-0.00611868,-0.0182409,-0.0149029,9.56253,-2.92955,2,-0.0499331,-0.0715146,0.200834
6.23,9.5537,9.55752,-2.95854,-2.94369,2,1.99679,-0.887865,-0.872898,-2.89714,-2.90814,7.60158e-07,0.0158637,-0.0504775,-0.0536298,-0.0714466,-0.0719997,0.200651,0.200932,-0.0536883,-0.0453794,0.00625396,-0.00710377,-0.0184022,-0.0150711,9.5537,-2.95854,2,-0.0504775,-0.0714466,0.200651
6.24,9.54478,9.54867,-2.98749,-2.97238,2,1.99698,-0.895738,-0.881055,-2.89364,-2.90487,7.3888e-07,0.015743,-0.0510068,-0.0541663,-0.0713894,-0.0719396,0.200466,0.20074,-0.0521817,-0.0439958,0.00518912,-0.00806181,-0.0185635,-0.0152401,9.54478,-2.98749,2,-0.0510068,-0.0713894,0.200466
6.25,9.53578,9.53975,-3.01641,-3.00103,2,1.99716,-0.903615,-0.889222,-2.89009,-2.90155,7.18195e-07,0.0156212,-0.0515211,-0.0546908,-0.0713427,-0.0718854,0.20028,0.200548,-0.050658,-0.0425906,0.00415332,-0.00899336,-0.0187248,-0.0154097,9.53578,-3.01641,2,-0.0515211,-0.0713427,0.20028
6.26,9.5267,9.53074,-3.0453,-3.02963,2,1.99735,-0.911497,-0.897398,-2.88649,-2.89817,6.98088e-07,0.015497,-0.05202,-0.0552025,-0.0713062,-0.0718374,0.200091,0.200354,-0.0491196,-0.041168,0.00314758,-0.00989497,-0.0188861,-0.01558,9.5267,-3.0453,2,-0.05202,-0.0713062,0.200091
6.27,9.51755,9.52165,-3.07414,-3.05819,2,1.99753,-0.919385,-0.905583,-2.88284,-2.89474,6.78542e-07,0.0153723,-0.0525034,-0.0557011,-0.0712796,-0.0717952,0.199902,0.20016,-0.0475687,-0.0397273,0.00217286,-0.01077,-0.0190473,-0.015751,9.51755,-3.07414,2,-0.0525034,-0.0712796,0.199902
6.28,9.50832,9.51248,-3.10295,-3.08671,2,1.99771,-0.927279,-0.913777,-2.87914,-2.89125,6.59541e-07,0.0152454,-0.0529713,-0.0561862,-0.0712627,-0.0717589,0.199711,0.199965,-0.0460077,-0.0382702,0.00123009,-0.0116148,-0.0192086,-0.0159228,9.50832,-3.10295,2,-0.0529713,-0.0712627,0.199711
6.29,9.49901,9.50323,-3.13172,-3.11518,2,1.9979,-0.935181,-0.921982,-2.8754,-2.8877,6.41071e-07,0.0151172,-0.0534235,-0.0566576,-0.0712549,-0.071728,0.199518,0.199769,-0.0444388,-0.0367992,0.000320083,-0.0124305,-0.0193699,-0.0160951,9.49901,-3.13172,2,-0.0534235,-0.0712549,0.199518
6.3,9.48961,9.4939,-3.16046,-3.14361,2,1.99807,-0.94309,-0.930196,-2.87161,-2.8841,6.23117e-07,0.0149873,-0.0538601,-0.0571148,-0.0712561,-0.0717027,0.199323,0.199573,-0.0428643,-0.0353165,-0.000556353,-0.0132155,-0.0195311,-0.0162682,9.48961,-3.16046,2,-0.0538601,-0.0712561,0.199323
6.31,9.48014,9.48448,-3.18916,-3.17199,2,1.99825,-0.951008,-0.93842,-2.86778,-2.88044,6.05664e-07,0.0148565,-0.0542808,-0.0575572,-0.0712659,-0.0716827,0.199127,0.199376,-0.0412864,-0.0338227,-0.0013985,-0.013971,-0.0196923,-0.0164419,9.48014,-3.18916,2,-0.0542808,-0.0712659,0.199127
6.32,9.47059,9.47498,-3.21782,-3.20033,2,1.99842,-0.958934,-0.946654,-2.86391,-2.87673,5.88698e-07,0.0147237,-0.0546858,-0.0579849,-0.071284,-0.0716676,0.198929,0.199178,-0.0397073,-0.0323181,-0.0022057,-0.0146952,-0.0198536,-0.0166163,9.47059,-3.21782,2,-0.0546858,-0.071284,0.198929
6.33,9.46096,9.4654,-3.24643,-3.22863,2,1.99859,-0.966869,-0.954897,-2.85999,-2.87297,5.72206e-07,0.0145903,-0.055075,-0.0583974,-0.0713099,-0.0716576,0.19873,0.19898,-0.0381291,-0.0308075,-0.00297735,-0.0153905,-0.0200148,-0.0167913,9.46096,-3.24643,2,-0.055075,-0.0713099,0.19873
6.34,9.45126,9.45573,-3.27501,-3.25689,2,1.99876,-0.974814,-0.96315,-2.85604,-2.86915,5.56175e-07,0.0144552,-0.0554484,-0.0587948,-0.0713434,-0.0716521,0.198529,0.198781,-0.036554,-0.0292899,-0.0037129,-0.0160542,-0.020176,-0.016967,9.45126,-3.27501,2,-0.0554484,-0.0713434,0.198529
6.35,9.44147,9.44598,-3.30356,-3.2851,2,1.99892,-0.982769,-0.971413,-2.85206,-2.86528,5.40591e-07,0.0143188,-0.0558061,-0.0591766,-0.0713841,-0.071651,0.198326,0.198582,-0.034984,-0.0277689,-0.00441187,-0.0166857,-0.0203372,-0.0171432,9.44147,-3.30356,2,-0.0558061,-0.0713841,0.198326
6.36,9.4316,9.43614,-3.33206,-3.31327,2,1.99909,-0.990734,-0.979686,-2.84803,-2.86136,5.25443e-07,0.0141811,-0.0561481,-0.0595424,-0.0714315,-0.0716542,0.198122,0.198382,-0.0334212,-0.0262446,-0.00507384,-0.0172869,-0.0204983,-0.01732,9.4316,-3.33206,2,-0.0561481,-0.0714315,0.198122
6.37,9.42165,9.42621,-3.36052,-3.3414,2,1.99924,-0.998709,-0.987968,-2.84398,-2.85739,5.10718e-07,0.0140415,-0.0564745,-0.0598923,-0.0714854,-0.0716614,0.197916,0.198182,-0.0318676,-0.02472,-0.00569845,-0.0178568,-0.0206595,-0.0174972,9.42165,-3.36052,2,-0.0564745,-0.0714854,0.197916
6.38,9.41163,9.4162,-3.38894,-3.36949,2,1.9994,-1.0067,-0.996258,-2.83989,-2.85337,4.96404e-07,0.0139014,-0.0567855,-0.0602264,-0.0715454,-0.0716726,0.197709,0.197982,-0.030325,-0.0231955,-0.00628539,-0.0183947,-0.0208207,-0.0176751,9.41163,-3.38894,2,-0.0567855,-0.0715454,0.197709
6.39,9.40152,9.4061,-3.41731,-3.39754,2,1.99955,-1.01469,-1.00456,-2.83578,-2.84929,4.82491e-07,0.0137603,-0.0570811,-0.0605443,-0.071611,-0.0716872,0.1975,0.197782,-0.0287955,-0.0216734,-0.00683442,-0.0189023,-0.0209818,-0.0178534,9.40152,-3.41731,2,-0.0570811,-0.071611,0.1975
6.4,9.39133,9.39592,-3.44565,-3.42555,2,1.99969,-1.0227,-1.01287,-2.83163,-2.84518,4.68966e-07,0.0136175,-0.0573614,-0.0608461,-0.0716819,-0.0717052,0.197289,0.197582,-0.0272808,-0.020155,-0.00734534,-0.0193785,-0.0211429,-0.0180321,9.39133,-3.44565,2,-0.0573614,-0.0716819,0.197289
6.41,9.38107,9.38564,-3.47395,-3.45352,2,1.99984,-1.03072,-1.02118,-2.82746,-2.84101,4.55819e-07,0.0134735,-0.0576267,-0.061132,-0.0717578,-0.0717263,0.197077,0.197381,-0.0257828,-0.0186419,-0.00781804,-0.0198228,-0.021304,-0.0182112,9.38107,-3.47395,2,-0.0576267,-0.0717578,0.197077
6.42,9.37072,9.37527,-3.5022,-3.48145,2,1.99997,-1.03875,-1.02951,-2.82327,-2.8368,4.4304e-07,0.0133284,-0.0578771,-0.0614013,-0.0718382,-0.0717502,0.196863,0.19718,-0.0243031,-0.0171373,-0.00825242,-0.0202358,-0.0214651,-0.0183907,9.37072,-3.5022,2,-0.0578771,-0.0718382,0.196863
6.43,9.36029,9.36482,-3.53041,-3.50934,2,2.00011,-1.0468,-1.03784,-2.81905,-2.83254,4.30618e-07,0.0131822,-0.0581129,-0.0616548,-0.0719227,-0.0717766,0.196648,0.196979,-0.0228435,-0.0156411,-0.00864847,-0.0206178,-0.0216262,-0.0185706,9.36029,-3.53041,2,-0.0581129,-0.0719227,0.196648
6.44,9.34978,9.35428,-3.55858,-3.53719,2,2.00024,-1.05485,-1.04618,-2.81481,-2.82825,4.18543e-07,0.0130353,-0.0583341,-0.0618922,-0.072011,-0.0718055,0.196431,0.196778,-0.0214056,-0.0141551,-0.00900622,-0.0209696,-0.0217873,-0.0187506,9.34978,-3.55858,2,-0.0583341,-0.072011,0.196431
6.45,9.33919,9.34365,-3.58671,-3.56501,2,2.00037,-1.06292,-1.05452,-2.81054,-2.8239,4.06806e-07,0.0128875,-0.058541,-0.0621138,-0.0721027,-0.0718365,0.196212,0.196576,-0.0199909,-0.012682,-0.00932577,-0.0212899,-0.0219483,-0.0189309,9.33919,-3.58671,2,-0.058541,-0.0721027,0.196212
6.46,9.32852,9.33292,-3.61479,-3.59278,2,2.00049,-1.071,-1.06287,-2.80626,-2.81952,3.95397e-07,0.0127392,-0.058734,-0.0623197,-0.0721974,-0.0718692,0.195992,0.196375,-0.0186011,-0.0112231,-0.00960724,-0.02158,-0.0221094,-0.0191113,9.32852,-3.61479,2,-0.058734,-0.0721974,0.195992
6.47,9.31777,9.32212,-3.64283,-3.62052,2,2.00061,-1.07909,-1.07123,-2.80196,-2.81511,3.84307e-07,0.0125897,-0.0589132,-0.0625103,-0.0722947,-0.0719035,0.19577,0.196173,-0.0172374,-0.00977933,-0.00985084,-0.0218372,-0.0222704,-0.0192919,9.31777,-3.64283,2,-0.0589132,-0.0722947,0.19577
6.48,9.30694,9.31122,-3.67083,-3.64823,2,2.00073,-1.08719,-1.07959,-2.79765,-2.81065,3.73527e-07,0.0124401,-0.0590788,-0.0626856,-0.0723943,-0.0719394,0.195546,0.195971,-0.0159014,-0.00835256,-0.0100568,-0.0220652,-0.0224314,-0.0194725,9.30694,-3.67083,2,-0.0590788,-0.0723943,0.195546
6.49,9.29603,9.30023,-3.69879,-3.6759,2,2.00084,-1.09531,-1.08795,-2.79331,-2.80616,3.63049e-07,0.0122901,-0.0592313,-0.062846,-0.0724957,-0.0719763,0.195321,0.19577,-0.0145943,-0.00694527,-0.0102254,-0.0222622,-0.0225923,-0.0196531,9.29603,-3.69879,2,-0.0592313,-0.0724957,0.195321
6.5,9.28504,9.28915,-3.7267,-3.70353,2,2.00095,-1.10344,-1.09632,-2.78897,-2.80164,3.52863e-07,0.0121403,-0.0593708,-0.0629915,-0.0725987,-0.072014,0.195095,0.195568,-0.0133175,-0.00555905,-0.010357,-0.0224283,-0.0227533,-0.0198337,9.28504,-3.7267,2,-0.0593708,-0.0725987,0.195095
6.51,9.27396,9.27799,-3.75457,-3.73113,2,2.00105,-1.11157,-1.1047,-2.78461,-2.79708,3.42963e-07,0.0119907,-0.0594977,-0.0631226,-0.0727028,-0.0720525,0.194866,0.195365,-0.012072,-0.00419476,-0.0104519,-0.0225659,-0.0229142,-0.0200141,9.27396,-3.75457,2,-0.0594977,-0.0727028,0.194866
6.52,9.2628,9.26674,-3.78239,-3.75868,2,2.00115,-1.11972,-1.11307,-2.78024,-2.7925,3.3334e-07,0.0118411,-0.0596124,-0.0632399,-0.0728076,-0.0720915,0.194636,0.195163,-0.0108591,-0.00285329,-0.0105107,-0.0226709,-0.0230751,-0.0201943,9.2628,-3.78239,2,-0.0596124,-0.0728076,0.194636
6.53,9.25157,9.2554,-3.81017,-3.78621,2,2.00125,-1.12788,-1.12145,-2.77586,-2.78788,3.23986e-07,0.0116918,-0.059715,-0.0633434,-0.0729128,-0.0721306,0.194405,0.19496,-0.00967984,-0.0015383,-0.0105337,-0.0227483,-0.023236,-0.0203743,9.25157,-3.81017,2,-0.059715,-0.0729128,0.194405
6.54,9.24025,9.24397,-3.83791,-3.8137,2,2.00134,-1.13606,-1.12983,-2.77147,-2.78325,3.14893e-07,0.0115441,-0.0598061,-0.0634342,-0.0730181,-0.0721698,0.194172,0.194757,-0.0085352,-0.000248559,-0.0105214,-0.0227942,-0.0233968,-0.0205539,9.24025,-3.83791,2,-0.0598061,-0.0730181,0.194172
6.55,9.22884,9.23245,-3.8656,-3.84116,2,2.00143,-1.14424,-1.13821,-2.76707,-2.77859,3.06055e-07,0.0113967,-0.0598858,-0.063512,-0.0731232,-0.0722089,0.193937,0.194553,-0.00742615,0.00101176,-0.0104746,-0.0228106,-0.0235577,-0.0207332,9.22884,-3.8656,2,-0.0598858,-0.0731232,0.193937
6.56,9.21736,9.22086,-3.89325,-3.86857,2,2.00151,-1.15243,-1.14659,-2.76266,-2.77391,2.97465e-07,0.0112505,-0.0599547,-0.0635776,-0.0732275,-0.0722475,0.1937,0.19435,-0.00635355,0.00224283,-0.0103936,-0.0227978,-0.0237185,-0.0209121,9.21736,-3.89325,2,-0.0599547,-0.0732275,0.1937
6.57,9.2058,9.20917,-3.92085,-3.89596,2,2.00159,-1.16064,-1.15498,-2.75825,-2.76921,2.89115e-07,0.0111064,-0.060013,-0.0636313,-0.0733309,-0.0722855,0.193462,0.194145,-0.00531821,0.00344234,-0.0102792,-0.0227551,-0.0238792,-0.0210904,9.2058,-3.92085,2,-0.060013,-0.0733309,0.193462
6.58,9.19415,9.1974,-3.94841,-3.92331,2,2.00167,-1.16885,-1.16336,-2.75384,-2.76449,2.80999e-07,0.0109642,-0.0600612,-0.063674,-0.073433,-0.0723228,0.193223,0.19394,-0.00432089,0.00460955,-0.010132,-0.0226827,-0.02404,-0.0212682,9.19415,-3.94841,2,-0.0600612,-0.073433,0.193223
6.59,9.18242,9.18555,-3.97593,-3.95062,2,2.00174,-1.17707,-1.17174,-2.74941,-2.75976,2.73109e-07,0.0108236,-0.0600996,-0.0637058,-0.0735335,-0.0723588,0.192982,0.193735,-0.00336227,0.00574273,-0.00995268,-0.0225836,-0.0242007,-0.0214453,9.18242,-3.97593,2,-0.0600996,-0.0735335,0.192982
6.6,9.17061,9.17361,-4.0034,-3.9779,2,2.00181,-1.1853,-1.18012,-2.74499,-2.75502,2.65441e-07,0.0106857,-0.0601286,-0.0637275,-0.0736319,-0.072394,0.192739,0.193529,-0.00244296,0.00684075,-0.00974205,-0.0224546,-0.0243614,-0.0216217,9.17061,-4.0034,2,-0.0601286,-0.0736319,0.192739
6.61,9.15871,9.16159,-4.03083,-4.00515,2,2.00188,-1.19355,-1.18849,-2.74056,-2.75027,2.57988e-07,0.0105505,-0.0601486,-0.0637396,-0.0737282,-0.0724275,0.192494,0.193322,-0.00156351,0.00790332,-0.00950084,-0.0222969,-0.024522,-0.0217974,9.15871,-4.03083,2,-0.0601486,-0.0737282,0.192494
6.62,9.14674,9.1495,-4.05821,-4.03236,2,2.00194,-1.2018,-1.19687,-2.73613,-2.74551,2.50743e-07,0.0104177,-0.06016,-0.0637429,-0.0738219,-0.0724599,0.192248,0.193114,-0.000724395,0.00892699,-0.00922983,-0.0221109,-0.0246826,-0.0219722,9.14674,-4.05821,2,-0.06016,-0.0738219,0.192248
6.63,9.13468,9.13731,-4.08555,-4.05953,2,2.00199,-1.21005,-1.20524,-2.7317,-2.74074,2.43701e-07,0.0102883,-0.0601632,-0.0637376,-0.0739127,-0.0724906,0.192001,0.192905,7.39465e-05,0.00991273,-0.00892986,-0.0218979,-0.0248432,-0.0221461,9.13468,-4.08555,2,-0.0601632,-0.0739127,0.192001
6.64,9.12253,9.12506,-4.11285,-4.08667,2,2.00205,-1.21832,-1.21361,-2.72727,-2.73597,2.36856e-07,0.0101629,-0.0601586,-0.0637246,-0.0740004,-0.0725193,0.191752,0.192695,0.000831168,0.0108593,-0.00860178,-0.0216559,-0.0250037,-0.0223191,9.12253,-4.11285,2,-0.0601586,-0.0740004,0.191752
6.65,9.11031,9.11272,-4.1401,-4.11377,2,2.0021,-1.22659,-1.22197,-2.72284,-2.7312,2.30203e-07,0.010041,-0.0601467,-0.0637046,-0.0740846,-0.0725461,0.191501,0.192484,0.00154697,0.0117636,-0.00824645,-0.0213875,-0.0251642,-0.0224912,9.11031,-4.1401,2,-0.0601467,-0.0740846,0.191501
6.66,9.098,9.10031,-4.1673,-4.14084,2,2.00214,-1.23487,-1.23033,-2.71841,-2.72643,2.23737e-07,0.00992256,-0.0601278,-0.0636776,-0.0741652,-0.0725708,0.191248,0.192272,0.00222113,0.0126271,-0.00786479,-0.0210912,-0.0253247,-0.0226622,9.098,-4.1673,2,-0.0601278,-0.0741652,0.191248
6.67,9.08561,9.08782,-4.19447,-4.16787,2,2.00218,-1.24315,-1.23869,-2.71399,-2.72166,2.17451e-07,0.00980937,-0.0601024,-0.0636449,-0.0742418,-0.0725934,0.190994,0.192059,0.00285346,0.0134489,-0.0074577,-0.0207705,-0.0254851,-0.022832,9.08561,-4.19447,2,-0.0601024,-0.0742418,0.190994
6.68,9.07314,9.07525,-4.22158,-4.19487,2,2.00222,-1.25144,-1.24704,-2.70956,-2.7169,2.11342e-07,0.00969997,-0.0600709,-0.0636069,-0.0743143,-0.0726133,0.190739,0.191844,0.00344388,0.0142267,-0.00702612,-0.0204212,-0.0256454,-0.0230008,9.07314,-4.22158,2,-0.0600709,-0.0743143,0.190739
6.69,9.06058,9.0626,-4.24866,-4.22183,2,2.00226,-1.25974,-1.25538,-2.70514,-2.71214,2.05404e-07,0.00959507,-0.0600337,-0.0635639,-0.0743823,-0.0726309,0.190481,0.191627,0.00399232,0.0149616,-0.00657102,-0.0200483,-0.0258057,-0.0231684,9.06058,-4.24866,2,-0.0600337,-0.0743823,0.190481
6.7,9.04795,9.04988,-4.27569,-4.24875,2,2.00229,-1.26804,-1.26372,-2.70072,-2.70739,1.99632e-07,0.00949536,-0.0599912,-0.0635171,-0.0744456,-0.0726459,0.190222,0.191409,0.0044988,0.0156521,-0.00609337,-0.0196494,-0.025966,-0.0233348,9.04795,-4.27569,2,-0.0599912,-0.0744456,0.190222
6.71,9.03522,9.03709,-4.30267,-4.27563,2,2.00231,-1.27634,-1.27206,-2.6963,-2.70264,1.94022e-07,0.00940047,-0.0599439,-0.0634668,-0.0745041,-0.072658,0.189962,0.19119,0.00496339,0.0162985,-0.00559416,-0.0192261,-0.0261262,-0.0234999,9.03522,-4.30267,2,-0.0599439,-0.0745041,0.189962
6.72,9.02242,9.02422,-4.32961,-4.30248,2,2.00234,-1.28465,-1.28038,-2.69189,-2.69791,1.88569e-07,0.00931081,-0.0598921,-0.0634135,-0.0745574,-0.0726672,0.1897,0.190968,0.00538621,0.0168986,-0.00507439,-0.0187778,-0.0262864,-0.0236637,9.02242,-4.32961,2,-0.0598921,-0.0745574,0.1897
6.73,9.00953,9.01127,-4.35651,-4.3293,2,2.00235,-1.29296,-1.28871,-2.68748,-2.69319,1.83269e-07,0.0092259,-0.0598363,-0.0633581,-0.0746055,-0.0726735,0.189436,0.190745,0.00576745,0.0174538,-0.00453507,-0.0183058,-0.0264465,-0.0238263,9.00953,-4.35651,2,-0.0598363,-0.0746055,0.189436
6.74,8.99656,8.99826,-4.38336,-4.35607,2,2.00237,-1.30127,-1.29702,-2.68307,-2.68847,1.78118e-07,0.00914648,-0.0597769,-0.0633006,-0.0746481,-0.0726765,0.189171,0.190519,0.00610735,0.0179637,-0.00397724,-0.0178116,-0.0266066,-0.0239874,8.99656,-4.38336,2,-0.0597769,-0.0746481,0.189171
6.75,8.98351,8.98517,-4.41017,-4.38281,2,2.00238,-1.30958,-1.30533,-2.67867,-2.68377,1.73111e-07,0.00907166,-0.0597143,-0.0632421,-0.074685,-0.0726765,0.188904,0.190291,0.00640618,0.0184287,-0.00340193,-0.0172946,-0.0267666,-0.0241473,8.98351,-4.41017,2,-0.0597143,-0.074685,0.188904
6.76,8.97037,8.972,-4.43693,-4.40951,2,2.00239,-1.3179,-1.31363,-2.67428,-2.67909,1.68244e-07,0.00900245,-0.0596489,-0.0631833,-0.0747161,-0.0726729,0.188636,0.190061,0.00666431,0.0188474,-0.00281018,-0.0167556,-0.0269265,-0.0243058,8.97037,-4.43693,2,-0.0596489,-0.0747161,0.188636
6.77,8.95715,8.95877,-4.46366,-4.43618,2,2.0024,-1.32621,-1.32192,-2.66989,-2.67442,1.63514e-07,0.00893818,-0.0595811,-0.0631242,-0.0747411,-0.0726661,0.188366,0.189829,0.00688212,0.019221,-0.00220303,-0.016196,-0.0270864,-0.0244629,8.95715,-4.46366,2,-0.0595811,-0.0747411,0.188366
6.78,8.94384,8.94546,-4.49033,-4.4628,2,2.0024,-1.33453,-1.33021,-2.6655,-2.66976,1.58916e-07,0.00887939,-0.0595114,-0.0630654,-0.0747601,-0.0726555,0.188094,0.189595,0.00706005,0.0195495,-0.00158153,-0.0156158,-0.0272462,-0.0246186,8.94384,-4.49033,2,-0.0595114,-0.0747601,0.188094
6.79,8.93046,8.93208,-4.51697,-4.48939,2,2.0024,-1.34284,-1.33848,-2.66112,-2.66511,1.54448e-07,0.00882584,-0.05944,-0.0630078,-0.0747727,-0.0726414,0.187821,0.189357,0.0071986,0.019833,-0.000946744,-0.015017,-0.027406,-0.0247729,8.93046,-4.51697,2,-0.05944,-0.0747727,0.187821
6.8,8.91699,8.91862,-4.54355,-4.51594,2,2.0024,-1.35115,-1.34675,-2.65674,-2.66049,1.50105e-07,0.00877638,-0.0593675,-0.0629517,-0.074779,-0.0726236,0.187546,0.189118,0.0072983,0.0200724,-0.000299717,-0.0143985,-0.0275657,-0.0249258,8.91699,-4.54355,2,-0.0593675,-0.074779,0.187546
6.81,8.90343,8.90509,-4.5701,-4.54246,2,2.00239,-1.35946,-1.35501,-2.65237,-2.65587,1.45883e-07,0.00873166,-0.0592942,-0.0628972,-0.0747787,-0.0726016,0.187269,0.188875,0.00735974,0.0202677,0.000358493,-0.0137631,-0.0277253,-0.0250774,8.90343,-4.5701,2,-0.0592942,-0.0747787,0.187269
6.82,8.8898,8.89149,-4.5966,-4.56893,2,2.00239,-1.36777,-1.36327,-2.648,-2.65128,1.4178e-07,0.00869198,-0.0592205,-0.0628455,-0.0747718,-0.0725758,0.186991,0.18863,0.00738354,0.0204195,0.00102684,-0.0131106,-0.0278849,-0.0252275,8.8898,-4.5966,2,-0.0592205,-0.0747718,0.186991
6.83,8.87608,8.87782,-4.62306,-4.59537,2,2.00238,-1.37607,-1.37151,-2.64364,-2.64669,1.37792e-07,0.00865568,-0.0591467,-0.0627963,-0.0747581,-0.072546,0.186712,0.188382,0.00737037,0.020529,0.00170427,-0.0124408,-0.0280443,-0.0253763,8.87608,-4.62306,2,-0.0591467,-0.0747581,0.186712
6.84,8.86228,8.86407,-4.64948,-4.62177,2,2.00236,-1.38437,-1.37975,-2.63928,-2.64212,1.33916e-07,0.00862376,-0.0590732,-0.0627503,-0.0747377,-0.0725122,0.18643,0.18813,0.00732094,0.0205968,0.00238974,-0.0117566,-0.0282038,-0.0255238,8.86228,-4.64948,2,-0.0590732,-0.0747377,0.18643
6.85,8.84839,8.85024,-4.67585,-4.64813,2,2.00235,-1.39267,-1.38797,-2.63493,-2.63756,1.30149e-07,0.0085955,-0.0590004,-0.0627081,-0.0747103,-0.0724741,0.186148,0.187876,0.007236,0.0206238,0.00308222,-0.0110588,-0.0283631,-0.0256699,8.84839,-4.67585,2,-0.0590004,-0.0747103,0.186148
6.86,8.83442,8.83634,-4.70217,-4.67445,2,2.00233,-1.40095,-1.39619,-2.63058,-2.63302,1.26487e-07,0.00857009,-0.0589286,-0.0626698,-0.074676,-0.0724317,0.185863,0.187619,0.00711632,0.0206099,0.00378068,-0.0103477,-0.0285223,-0.0258148,8.83442,-4.70217,2,-0.0589286,-0.074676,0.185863
6.87,8.82037,8.82236,-4.72846,-4.70073,2,2.00232,-1.40924,-1.4044,-2.62623,-2.62849,1.22928e-07,0.00854792,-0.0588581,-0.0626358,-0.0746347,-0.0723849,0.185577,0.187359,0.00696272,0.0205589,0.0044841,-0.00962395,-0.0286815,-0.0259583,8.82037,-4.72846,2,-0.0588581,-0.0746347,0.185577
6.88,8.80624,8.80831,-4.7547,-4.72698,2,2.0023,-1.41751,-1.4126,-2.62189,-2.62397,1.1947e-07,0.00852767,-0.0587894,-0.0626062,-0.0745863,-0.0723336,0.18529,0.187095,0.00677607,0.0204693,0.00519146,-0.00888998,-0.0288406,-0.0261006,8.80624,-4.7547,2,-0.0587894,-0.0745863,0.18529
6.89,8.79202,8.79418,-4.7809,-4.75318,2,2.00228,-1.42578,-1.42079,-2.61755,-2.61946,1.16108e-07,0.00851092,-0.0587227,-0.0625817,-0.0745308,-0.072278,0.185,0.186828,0.00655723,0.0203424,0.00590177,-0.00814489,-0.0289996,-0.0262418,8.79202,-4.7809,2,-0.0587227,-0.0745308,0.185
6.9,8.77772,8.77997,-4.80705,-4.77935,2,2.00226,-1.43404,-1.42897,-2.61322,-2.61496,1.1284e-07,0.00849433,-0.0586584,-0.0625623,-0.0744683,-0.0722177,0.18471,0.186557,0.00630713,0.0201808,0.00661404,-0.00739148,-0.0291586,-0.0263817,8.77772,-4.80705,2,-0.0586584,-0.0744683,0.18471
6.91,8.76334,8.76569,-4.83316,-4.80548,2,2.00224,-1.44229,-1.43714,-2.60888,-2.61046,1.09664e-07,0.00847994,-0.0585967,-0.0625483,-0.0743985,-0.0721528,0.184417,0.186283,0.00602671,0.0199856,0.0073273,-0.00663085,-0.0293174,-0.0265206,8.76334,-4.83316,2,-0.0585967,-0.0743985,0.184417
6.92,8.74888,8.75133,-4.85923,-4.83156,2,2.00222,-1.45053,-1.4453,-2.60455,-2.60598,1.06578e-07,0.00846627,-0.0585379,-0.0625402,-0.0743217,-0.0720833,0.184123,0.186006,0.00571693,0.0197557,0.00804059,-0.0058626,-0.0294761,-0.0266583,8.74888,-4.85923,2,-0.0585379,-0.0743217,0.184123
6.93,8.73433,8.73688,-4.88525,-4.85761,2,2.0022,-1.45876,-1.45345,-2.60022,-2.6015,1.03578e-07,0.00845259,-0.0584824,-0.0625377,-0.0742377,-0.0720092,0.183828,0.185725,0.00537879,0.019496,0.00875297,-0.0050895,-0.0296348,-0.0267951,8.73433,-4.88525,2,-0.0584824,-0.0742377,0.183828
6.94,8.7197,8.72236,-4.91123,-4.88363,2,2.00218,-1.46698,-1.46159,-2.59589,-2.59702,1.00662e-07,0.00843982,-0.0584305,-0.0625413,-0.0741467,-0.0719303,0.18353,0.185441,0.0050133,0.0192061,0.00946351,-0.00431167,-0.0297934,-0.0269308,8.7197,-4.91123,2,-0.0584305,-0.0741467,0.18353
6.95,8.70499,8.70776,-4.93717,-4.90959,2,2.00216,-1.47519,-1.46972,-2.59157,-2.59255,9.78282e-08,0.00842556,-0.0583823,-0.0625511,-0.0740485,-0.0718467,0.183232,0.185153,0.00462149,0.0188876,0.0101713,-0.00353069,-0.0299518,-0.0270656,8.70499,-4.93717,2,-0.0583823,-0.0740485,0.183232
6.96,8.6902,8.69307,-4.96306,-4.93553,2,2.00214,-1.48339,-1.47784,-2.58724,-2.58807,9.50739e-08,0.00841078,-0.0583381,-0.0625675,-0.0739432,-0.0717583,0.182931,0.184861,0.00420444,0.018543,0.0108755,-0.00274833,-0.0301102,-0.0271996,8.6902,-4.96306,2,-0.0583381,-0.0739432,0.182931
6.97,8.67532,8.6783,-4.98891,-4.96142,2,2.00212,-1.49157,-1.48595,-2.58291,-2.5836,9.2397e-08,0.00839488,-0.0582983,-0.06259,-0.073831,-0.0716651,0.18263,0.184566,0.0037632,0.0181711,0.0115752,-0.00196304,-0.0302684,-0.0273327,8.67532,-4.98891,2,-0.0582983,-0.073831,0.18263
6.98,8.66037,8.66345,-5.01472,-4.98727,2,2.0021,-1.49975,-1.49405,-2.57858,-2.57913,8.97952e-08,0.0083764,-0.0582629,-0.0626195,-0.0737118,-0.0715673,0.182326,0.184267,0.00329887,0.017778,0.0122695,-0.00118047,-0.0304266,-0.0274651,8.66037,-5.01472,2,-0.0582629,-0.0737118,0.182326
6.99,8.64533,8.64852,-5.04049,-5.01308,2,2.00209,-1.5079,-1.50213,-2.57425,-2.57465,8.72666e-08,0.00835608,-0.0582324,-0.0626554,-0.0735856,-0.0714649,0.182021,0.183964,0.00281254,0.0173607,0.0129576,-0.000396579,-0.0305846,-0.0275967,8.64533,-5.04049,2,-0.0582324,-0.0735856,0.182021
7,8.63021,8.6335,-5.06621,-5.03885,2,2.00207,-1.51605,-1.51021,-2.56992,-2.57017,8.48089e-08,0.00833322,-0.0582068,-0.062698,-0.0734526,-0.0713574,0.181714,0.183657,0.00230534,0.016923,0.0136388,0.000383059,-0.0307426,-0.0277278,8.63021,-5.06621,2,-0.0582068,-0.0734526,0.181714
7.01,8.61501,8.6184,-5.09188,-5.06458,2,2.00206,-1.52417,-1.51827,-2.56559,-2.56568,8.24203e-08,0.00830694,-0.0581863,-0.0627476,-0.0733129,-0.0712456,0.181406,0.183347,0.00177839,0.016467,0.0143122,0.0011583,-0.0309004,-0.0278582,8.61501,-5.09188,2,-0.0581863,-0.0733129,0.181406
7.02,8.59972,8.60322,-5.11752,-5.09027,2,2.00205,-1.53229,-1.52631,-2.56125,-2.56118,8.00989e-08,0.00827757,-0.0581712,-0.0628042,-0.0731664,-0.0711292,0.181096,0.183033,0.00123283,0.0159927,0.0149771,0.00192915,-0.0310581,-0.0279882,8.59972,-5.11752,2,-0.0581712,-0.0731664,0.181096
7.03,8.58436,8.58795,-5.14311,-5.11592,2,2.00204,-1.54038,-1.53435,-2.55691,-2.55668,7.78426e-08,0.00824374,-0.0581617,-0.0628674,-0.0730134,-0.0710081,0.180785,0.182716,0.000669789,0.0155024,0.0156328,0.0026951,-0.0312157,-0.0281177,8.58436,-5.14311,2,-0.0581617,-0.0730134,0.180785
7.04,8.56892,8.5726,-5.16866,-5.14153,2,2.00203,-1.54846,-1.54237,-2.55256,-2.55216,7.56498e-08,0.00820582,-0.0581579,-0.0629377,-0.0728538,-0.0708826,0.180472,0.182395,9.04245e-05,0.0149989,0.0162785,0.00345251,-0.0313732,-0.0282468,8.56892,-5.16866,2,-0.0581579,-0.0728538,0.180472
7.05,8.55339,8.55716,-5.19416,-5.16709,2,2.00203,-1.55653,-1.55038,-2.54821,-2.54763,7.35186e-08,0.00816372,-0.05816,-0.0630146,-0.0726878,-0.0707529,0.180158,0.18207,-0.00050412,0.0144816,0.0169136,0.0042027,-0.0315305,-0.0283756,8.55339,-5.19416,2,-0.05816,-0.0726878,0.180158
7.06,8.53779,8.54163,-5.21962,-5.19262,2,2.00202,-1.56457,-1.55837,-2.54385,-2.54309,7.14472e-08,0.00811724,-0.058168,-0.0630984,-0.0725156,-0.0706188,0.179841,0.181741,-0.00111269,0.0139543,0.0175374,0.00494293,-0.0316878,-0.0285042,8.53779,-5.21962,2,-0.058168,-0.0725156,0.179841
7.07,8.5221,8.52602,-5.24504,-5.2181,2,2.00202,-1.5726,-1.56636,-2.53949,-2.53853,6.94341e-08,0.00806491,-0.0581823,-0.0631891,-0.0723371,-0.0704803,0.179524,0.181409,-0.00173413,0.0134165,0.0181492,0.00567256,-0.0318449,-0.0286326,8.5221,-5.24504,2,-0.0581823,-0.0723371,0.179524
7.08,8.50633,8.51033,-5.27041,-5.24355,2,2.00203,-1.58061,-1.57432,-2.53512,-2.53396,6.74776e-08,0.00800772,-0.0582028,-0.0632867,-0.0721526,-0.0703379,0.179205,0.181073,-0.00236729,0.0128709,0.0187486,0.00639069,-0.0320019,-0.0287609,8.50633,-5.27041,2,-0.0582028,-0.0721526,0.179205
7.09,8.49049,8.49455,-5.29574,-5.26895,2,2.00203,-1.58859,-1.58227,-2.53074,-2.52938,6.55761e-08,0.00794519,-0.0582296,-0.0633906,-0.0719622,-0.0701915,0.178884,0.180733,-0.00301102,0.0123185,0.0193349,0.00709567,-0.0321587,-0.0288891,8.49049,-5.29574,2,-0.0582296,-0.0719622,0.178884
7.1,8.47456,8.47869,-5.32102,-5.29431,2,2.00204,-1.59656,-1.59021,-2.52635,-2.52477,6.3728e-08,0.00787643,-0.058263,-0.0635016,-0.071766,-0.0700413,0.178561,0.18039,-0.00366417,0.0117609,0.0199075,0.00778843,-0.0323154,-0.0290174,8.47456,-5.32102,2,-0.058263,-0.071766,0.178561
7.11,8.45856,8.46274,-5.34627,-5.31963,2,2.00205,-1.60451,-1.59812,-2.52195,-2.52014,6.19319e-08,0.00780265,-0.0583029,-0.0636187,-0.0715641,-0.0698872,0.178237,0.180044,-0.00432562,0.0111997,0.0204659,0.00846672,-0.032472,-0.0291457,8.45856,-5.34627,2,-0.0583029,-0.0715641,0.178237
7.12,8.44247,8.44671,-5.37146,-5.3449,2,2.00206,-1.61244,-1.60603,-2.51754,-2.5155,6.01863e-08,0.00772271,-0.0583495,-0.0637427,-0.0713567,-0.0697297,0.177912,0.179694,-0.00499422,0.0106359,0.0210097,0.00912783,-0.0326285,-0.0292742,8.44247,-5.37146,2,-0.0583495,-0.0713567,0.177912
7.13,8.42631,8.43059,-5.39662,-5.37013,2,2.00208,-1.62035,-1.61391,-2.51312,-2.51083,5.84898e-08,0.00763705,-0.0584029,-0.0638727,-0.0711439,-0.0695689,0.177585,0.17934,-0.00566886,0.0100709,0.0215384,0.00977584,-0.0327848,-0.029403,8.42631,-5.39662,2,-0.0584029,-0.0711439,0.177585
7.14,8.41007,8.4144,-5.42173,-5.39532,2,2.00209,-1.62823,-1.62178,-2.50869,-2.50614,5.6841e-08,0.00754501,-0.0584629,-0.064009,-0.070926,-0.0694046,0.177256,0.178983,-0.00634841,0.00950706,0.0220516,0.010403,-0.0329409,-0.029532,8.41007,-5.42173,2,-0.0584629,-0.070926,0.177256
7.15,8.39374,8.39811,-5.44679,-5.42046,2,2.00211,-1.6361,-1.62963,-2.50425,-2.50143,5.52385e-08,0.00744766,-0.0585298,-0.0641516,-0.070703,-0.0692373,0.176926,0.178623,-0.00703179,0.00894388,0.0225488,0.0110152,-0.0330969,-0.0296614,8.39374,-5.44679,2,-0.0585298,-0.070703,0.176926
7.16,8.37734,8.38174,-5.47181,-5.44557,2,2.00213,-1.64394,-1.63747,-2.49979,-2.49669,5.36812e-08,0.00734459,-0.0586036,-0.0643,-0.0704751,-0.069067,0.176594,0.17826,-0.00771789,0.00838463,0.0230296,0.0116073,-0.0332528,-0.0297912,8.37734,-5.47181,2,-0.0586036,-0.0704751,0.176594
7.17,8.36087,8.36529,-5.49679,-5.47063,2,2.00216,-1.65176,-1.64528,-2.49532,-2.49193,5.21676e-08,0.00723498,-0.0586842,-0.0644543,-0.0702424,-0.0688942,0.176261,0.177894,-0.00840565,0.00782871,0.0234939,0.012179,-0.0334085,-0.0299215,8.36087,-5.49679,2,-0.0586842,-0.0702424,0.176261
7.18,8.34431,8.34877,-5.52172,-5.49564,2,2.00218,-1.65956,-1.65308,-2.49084,-2.48715,5.06966e-08,0.00712147,-0.0587717,-0.0646143,-0.0700052,-0.0687187,0.175926,0.177524,-0.00909401,0.0072779,0.0239411,0.0127317,-0.033564,-0.0300523,8.34431,-5.52172,2,-0.0587717,-0.0700052,0.175926
7.19,8.32767,8.33216,-5.5466,-5.52061,2,2.00221,-1.66733,-1.66085,-2.48633,-2.48234,4.9267e-08,0.00700156,-0.0588661,-0.06478,-0.0697637,-0.0685408,0.17559,0.177152,-0.00978193,0.00673235,0.024371,0.0132624,-0.0337194,-0.0301837,8.32767,-5.5466,2,-0.0588661,-0.0697637,0.17559
7.2,8.31096,8.31547,-5.57144,-5.54554,2,2.00224,-1.67508,-1.66861,-2.48182,-2.4775,4.78776e-08,0.00687598,-0.0589673,-0.0649509,-0.0695179,-0.0683605,0.175252,0.176776,-0.0104684,0.0061953,0.0247834,0.0137726,-0.0338747,-0.0303158,8.31096,-5.57144,2,-0.0589673,-0.0695179,0.175252
7.21,8.29417,8.2987,-5.59624,-5.57043,2,2.00227,-1.68281,-1.67635,-2.47728,-2.47264,4.65273e-08,0.0067461,-0.0590754,-0.0651272,-0.069268,-0.0681783,0.174912,0.176398,-0.0111523,0.00566555,0.0251781,0.0142605,-0.0340298,-0.0304485,8.29417,-5.59624,2,-0.0590754,-0.069268,0.174912
7.22,8.27731,8.28186,-5.62099,-5.59526,2,2.0023,-1.69051,-1.68407,-2.47273,-2.46775,4.5215e-08,0.006611,-0.0591904,-0.0653087,-0.0690144,-0.0679941,0.174571,0.176017,-0.0118329,0.00514469,0.0255547,0.0147267,-0.0341847,-0.0305821,8.27731,-5.62099,2,-0.0591904,-0.0690144,0.174571
7.23,8.26036,8.26494,-5.64569,-5.62006,2,2.00233,-1.69819,-1.69177,-2.46816,-2.46283,4.39397e-08,0.00647165,-0.0593121,-0.0654949,-0.068757,-0.0678084,0.174229,0.175633,-0.0125089,0.00463394,0.0259133,0.0151696,-0.0343394,-0.0307164,8.26036,-5.64569,2,-0.0593121,-0.068757,0.174229
7.24,8.24334,8.24794,-5.67035,-5.64481,2,2.00236,-1.70584,-1.69944,-2.46357,-2.45789,4.27002e-08,0.00632858,-0.0594405,-0.0656859,-0.0684962,-0.0676211,0.173884,0.175247,-0.0131797,0.00413356,0.0262535,0.015588,-0.034494,-0.0308516,8.24334,-5.67035,2,-0.0594405,-0.0684962,0.173884
7.25,8.22625,8.23086,-5.69497,-5.66952,2,2.0024,-1.71347,-1.7071,-2.45896,-2.45292,4.14956e-08,0.00618155,-0.0595757,-0.0658815,-0.068232,-0.0674323,0.173539,0.174859,-0.0138441,0.00364431,0.0265753,0.0159837,-0.0346484,-0.0309877,8.22625,-5.69497,2,-0.0595757,-0.068232,0.173539
7.26,8.20907,8.21371,-5.71953,-5.69418,2,2.00243,-1.72107,-1.71473,-2.45433,-2.44792,4.03249e-08,0.00603053,-0.0597174,-0.0660816,-0.0679647,-0.0672425,0.173191,0.174468,-0.0145013,0.00316732,0.0268786,0.0163554,-0.0348026,-0.0311248,8.20907,-5.71953,2,-0.0597174,-0.0679647,0.173191
7.27,8.19182,8.19649,-5.74405,-5.7188,2,2.00247,-1.72865,-1.72235,-2.44968,-2.44289,3.91872e-08,0.0058766,-0.0598656,-0.066286,-0.0676945,-0.0670517,0.172843,0.174075,-0.0151505,0.00270358,0.0271634,0.0167038,-0.0349567,-0.0312628,8.19182,-5.74405,2,-0.0598656,-0.0676945,0.172843
7.28,8.1745,8.1792,-5.76853,-5.74337,2,2.0025,-1.7362,-1.72994,-2.44501,-2.43784,3.80815e-08,0.00571969,-0.0600204,-0.0664942,-0.0674215,-0.0668598,0.172492,0.173679,-0.0157908,0.00225313,0.0274296,0.0170264,-0.0351105,-0.0314019,8.1745,-5.76853,2,-0.0600204,-0.0674215,0.172492
7.29,8.1571,8.16183,-5.79295,-5.7679,2,2.00253,-1.74373,-1.73751,-2.44031,-2.43276,3.70069e-08,0.00556076,-0.0601814,-0.0667061,-0.067146,-0.0666671,0.17214,0.173282,-0.0164213,0.00181633,0.0276771,0.0173252,-0.0352642,-0.0315421,8.1571,-5.79295,2,-0.0601814,-0.067146,0.17214
7.3,8.13963,8.14439,-5.81733,-5.79238,2,2.00257,-1.75123,-1.74506,-2.4356,-2.42765,3.59626e-08,0.00539954,-0.0603488,-0.066922,-0.066868,-0.0664739,0.171787,0.172883,-0.0170414,0.00139423,0.0279061,0.0175997,-0.0354177,-0.0316833,8.13963,-5.81733,2,-0.0603488,-0.066868,0.171787
7.31,8.12208,8.12689,-5.84166,-5.81681,2,2.0026,-1.75871,-1.75259,-2.43085,-2.42252,3.49476e-08,0.00523688,-0.0605222,-0.0671413,-0.0665879,-0.0662802,0.171432,0.172481,-0.0176501,0.000985906,0.0281165,0.0178498,-0.035571,-0.0318257,8.12208,-5.84166,2,-0.0605222,-0.0665879,0.171432
7.32,8.10445,8.10931,-5.86595,-5.8412,2,2.00264,-1.76616,-1.7601,-2.42609,-2.41735,3.39613e-08,0.0050731,-0.0607017,-0.0673637,-0.0663058,-0.0660862,0.171076,0.172078,-0.0182469,0.000593819,0.0283084,0.0180747,-0.0357241,-0.0319692,8.10445,-5.86595,2,-0.0607017,-0.0663058,0.171076
7.33,8.08675,8.09166,-5.89019,-5.86555,2,2.00267,-1.77358,-1.76758,-2.42129,-2.41216,3.30027e-08,0.00490868,-0.0608871,-0.0675892,-0.0660218,-0.0658918,0.170718,0.171674,-0.0188309,0.000215758,0.0284819,0.0182763,-0.0358771,-0.0321139,8.08675,-5.89019,2,-0.0608871,-0.0660218,0.170718
7.34,8.06898,8.07395,-5.91437,-5.88984,2,2.0027,-1.78098,-1.77504,-2.41648,-2.40694,3.20712e-08,0.0047437,-0.0610783,-0.0678176,-0.0657362,-0.0656972,0.170358,0.171268,-0.0194015,-0.00014459,0.0286372,0.0184526,-0.0360298,-0.0322598,8.06898,-5.91437,2,-0.0610783,-0.0657362,0.170358
7.35,8.05113,8.05617,-5.93852,-5.91409,2,2.00273,-1.78835,-1.78248,-2.41163,-2.4017,3.11658e-08,0.00457871,-0.0612751,-0.0680487,-0.0654491,-0.0655025,0.169997,0.170861,-0.019958,-0.000489928,0.0287743,0.0186057,-0.0361823,-0.0324069,8.05113,-5.93852,2,-0.0612751,-0.0654491,0.169997
7.36,8.03321,8.03833,-5.96261,-5.9383,2,2.00276,-1.79569,-1.7899,-2.40676,-2.39642,3.0286e-08,0.00441416,-0.0614774,-0.0682822,-0.0651608,-0.0653079,0.169634,0.170452,-0.0204999,-0.000818856,0.0288934,0.0187348,-0.0363346,-0.0325552,8.03321,-5.96261,2,-0.0614774,-0.0651608,0.169634
7.37,8.01522,8.02042,-5.98665,-5.96246,2,2.00279,-1.80301,-1.7973,-2.40187,-2.39112,2.9431e-08,0.0042502,-0.061685,-0.068518,-0.0648713,-0.065113,0.16927,0.170042,-0.0210265,-0.00113143,0.0289947,0.0188411,-0.0364868,-0.0327047,8.01522,-5.98665,2,-0.061685,-0.0648713,0.16927
7.38,7.99715,8.00244,-6.01064,-5.98657,2,2.00281,-1.8103,-1.80468,-2.39694,-2.38579,2.86e-08,0.00408813,-0.0618979,-0.0687558,-0.0645809,-0.0649183,0.168905,0.169631,-0.0215373,-0.00142688,0.0290784,0.0189229,-0.0366387,-0.0328555,7.99715,-6.01064,2,-0.0618979,-0.0645809,0.168905
7.39,7.97901,7.9844,-6.03459,-6.01064,2,2.00284,-1.81757,-1.81203,-2.39199,-2.38044,2.77924e-08,0.0039268,-0.0621157,-0.0689953,-0.0642898,-0.0647237,0.168538,0.169219,-0.0220317,-0.00170571,0.0291447,0.0189818,-0.0367904,-0.0330075,7.97901,-6.03459,2,-0.0621157,-0.0642898,0.168538
7.4,7.9608,7.96629,-6.05848,-6.03465,2,2.00286,-1.8248,-1.81936,-2.387,-2.37506,2.70076e-08,0.00376821,-0.0623385,-0.0692369,-0.0639981,-0.064529,0.168169,0.168806,-0.0225093,-0.00196788,0.029194,0.0190192,-0.0369419,-0.0331607,7.9608,-6.05848,2,-0.0623385,-0.0639981,0.168169
7.41,7.94252,7.94812,-6.08233,-6.05862,2,2.00288,-1.83202,-1.82668,-2.38199,-2.36965,2.6245e-08,0.00361213,-0.0625659,-0.0694795,-0.063706,-0.0643346,0.167799,0.168392,-0.0229695,-0.00221312,0.0292263,0.0190339,-0.0370931,-0.0333152,7.94252,-6.08233,2,-0.0625659,-0.063706,0.167799
7.42,7.92416,7.92989,-6.10612,-6.08254,2,2.0029,-1.8392,-1.83397,-2.37695,-2.36422,2.55038e-08,0.0034586,-0.0627978,-0.0697235,-0.0634136,-0.0641404,0.167427,0.167978,-0.0234121,-0.0024422,0.0292421,0.0190285,-0.0372442,-0.0334709,7.92416,-6.10612,2,-0.0627978,-0.0634136,0.167427
7.43,7.90573,7.91159,-6.12987,-6.10642,2,2.00292,-1.84636,-1.84124,-2.37188,-2.35876,2.47834e-08,0.00330746,-0.063034,-0.0699684,-0.0631212,-0.0639461,0.167054,0.167563,-0.0238364,-0.00265448,0.0292416,0.019001,-0.037395,-0.0336277,7.90573,-6.12987,2,-0.063034,-0.0631212,0.167054
7.44,7.88723,7.89323,-6.15356,-6.13024,2,2.00294,-1.85349,-1.84849,-2.36678,-2.35327,2.40834e-08,0.00316024,-0.0632745,-0.0702144,-0.0628288,-0.0637518,0.166679,0.167148,-0.0242423,-0.00284829,0.0292252,0.0189525,-0.0375456,-0.0337857,7.88723,-6.15356,2,-0.0632745,-0.0628288,0.166679
7.45,7.86866,7.87481,-6.1772,-6.15402,2,2.00295,-1.8606,-1.85572,-2.36164,-2.34775,2.34032e-08,0.00301619,-0.0635188,-0.0704608,-0.0625367,-0.0635574,0.166303,0.166732,-0.0246293,-0.00302719,0.0291932,0.0188849,-0.037696,-0.0339449,7.86866,-6.1772,2,-0.0635188,-0.0625367,0.166303
7.46,7.85002,7.85632,-6.20079,-6.17775,2,2.00296,-1.86768,-1.86293,-2.35648,-2.34221,2.27421e-08,0.0028767,-0.063767,-0.0707075,-0.062245,-0.063363,0.165925,0.166315,-0.0249972,-0.0031886,0.0291458,0.0187975,-0.0378461,-0.0341052,7.85002,-6.20079,2,-0.063767,-0.062245,0.165925
7.47,7.83131,7.83777,-6.22433,-6.20143,2,2.00298,-1.87473,-1.87013,-2.35128,-2.33665,2.20996e-08,0.00274056,-0.0640187,-0.0709546,-0.0619539,-0.0631686,0.165546,0.165899,-0.0253456,-0.00333396,0.0290836,0.0186921,-0.0379961,-0.0342667,7.83131,-6.22433,2,-0.0640187,-0.0619539,0.165546
7.48,7.81253,7.81915,-6.24782,-6.22506,2,2.00299,-1.88176,-1.8773,-2.34606,-2.33105,2.14752e-08,0.00260897,-0.0642738,-0.0712017,-0.0616634,-0.0629738,0.165165,0.165482,-0.0256743,-0.00346185,0.0290069,0.018567,-0.0381457,-0.0344291,7.81253,-6.24782,2,-0.0642738,-0.0616634,0.165165
7.49,7.79368,7.80048,-6.27125,-6.24864,2,2.003,-1.88876,-1.88446,-2.3408,-2.32543,2.08685e-08,0.00248262,-0.0645321,-0.0714485,-0.0613738,-0.062779,0.164783,0.165065,-0.0259832,-0.00357616,0.0289161,0.0184272,-0.0382952,-0.0345926,7.79368,-6.27125,2,-0.0645321,-0.0613738,0.164783
7.5,7.77475,7.78174,-6.29464,-6.27217,2,2.00301,-1.89574,-1.89159,-2.3355,-2.31979,2.02788e-08,0.00236021,-0.0647934,-0.0716947,-0.0610851,-0.0625835,0.164399,0.164647,-0.026272,-0.0036734,0.0288116,0.0182696,-0.0384444,-0.0347571,7.77475,-6.29464,2,-0.0647934,-0.0610851,0.164399
7.51,7.75576,7.76293,-6.31796,-6.29565,2,2.00301,-1.90269,-1.89871,-2.33018,-2.31411,1.97058e-08,0.00224295,-0.0650575,-0.0719405,-0.0607976,-0.0623876,0.164014,0.16423,-0.0265406,-0.00375377,0.0286937,0.0180944,-0.0385933,-0.0349225,7.75576,-6.31796,2,-0.0650575,-0.0607976,0.164014
7.52,7.7367,7.74406,-6.34124,-6.31908,2,2.00302,-1.90961,-1.90581,-2.32482,-2.30841,1.91489e-08,0.00213052,-0.0653242,-0.0721853,-0.0605113,-0.0621911,0.163627,0.163813,-0.0267888,-0.00382011,0.0285631,0.0179057,-0.038742,-0.0350888,7.7367,-6.34124,2,-0.0653242,-0.0605113,0.163627
7.53,7.71757,7.72512,-6.36446,-6.34245,2,2.00303,-1.91651,-1.9129,-2.31943,-2.30269,1.86078e-08,0.00202346,-0.0655932,-0.0724289,-0.0602264,-0.0619941,0.163239,0.163395,-0.0270166,-0.00386973,0.02842,0.0177008,-0.0388905,-0.0352559,7.71757,-6.36446,2,-0.0655932,-0.0602264,0.163239
7.54,7.69837,7.70612,-6.38763,-6.36578,2,2.00303,-1.92338,-1.91996,-2.314,-2.29693,1.80819e-08,0.00192177,-0.0658644,-0.0726715,-0.0599429,-0.0617963,0.16285,0.162978,-0.027224,-0.00390602,0.0282649,0.0174818,-0.0390387,-0.0354238,7.69837,-6.38763,2,-0.0658644,-0.0599429,0.16285
7.55,7.6791,7.68706,-6.41074,-6.38905,2,2.00304,-1.93023,-1.92702,-2.30854,-2.29115,1.75708e-08,0.00182575,-0.0661376,-0.0729124,-0.0596611,-0.0615974,0.162459,0.162561,-0.0274108,-0.00392685,0.0280984,0.0172495,-0.0391867,-0.0355924,7.6791,-6.41074,2,-0.0661376,-0.0596611,0.162459
7.56,7.65976,7.66792,-6.4338,-6.41227,2,2.00304,-1.93705,-1.93405,-2.30305,-2.28535,1.70742e-08,0.00173448,-0.0664126,-0.0731517,-0.059381,-0.0613974,0.162066,0.162144,-0.0275771,-0.00393206,0.0279208,0.0170043,-0.0393343,-0.0357617,7.65976,-6.4338,2,-0.0664126,-0.059381,0.162066
7.57,7.64036,7.64872,-6.4568,-6.43544,2,2.00305,-1.94385,-1.94107,-2.29752,-2.27951,1.65915e-08,0.00164887,-0.0666891,-0.0733893,-0.0591027,-0.0611963,0.161672,0.161727,-0.027723,-0.00392458,0.0277327,0.0167471,-0.0394818,-0.0359315,7.64036,-6.4568,2,-0.0666891,-0.0591027,0.161672
7.58,7.62089,7.62945,-6.47975,-6.45856,2,2.00305,-1.95063,-1.94807,-2.29196,-2.27365,1.61225e-08,0.00156908,-0.066967,-0.0736247,-0.0588264,-0.060994,0.161276,0.16131,-0.0278484,-0.00390211,0.0275345,0.0164785,-0.0396289,-0.036102,7.62089,-6.47975,2,-0.066967,-0.0588264,0.161276
7.59,7.60135,7.61012,-6.50264,-6.48162,2,2.00306,-1.95737,-1.95506,-2.28637,-2.26776,1.56667e-08,0.00149412,-0.067246,-0.0738579,-0.0585521,-0.0607902,0.160879,0.160893,-0.0279535,-0.00386564,0.0273268,0.0161983,-0.0397759,-0.0362728,7.60135,-6.50264,2,-0.067246,-0.0585521,0.160879
7.6,7.58174,7.59071,-6.52548,-6.50463,2,2.00307,-1.9641,-1.96203,-2.28074,-2.26185,1.52237e-08,0.00142501,-0.067526,-0.0740887,-0.0582799,-0.060585,0.160481,0.160477,-0.0280383,-0.00381585,0.0271099,0.0159074,-0.0399225,-0.0364441,7.58174,-6.52548,2,-0.067526,-0.0582799,0.160481
7.61,7.56207,7.57123,-6.54825,-6.52759,2,2.00307,-1.9708,-1.96899,-2.27508,-2.2559,1.47933e-08,0.00136168,-0.0678067,-0.0743168,-0.0580099,-0.0603782,0.160081,0.16006,-0.028103,-0.00375373,0.0268845,0.0156083,-0.0400688,-0.0366157,7.56207,-6.54825,2,-0.0678067,-0.0580099,0.160081
7.62,7.54232,7.55169,-6.57098,-6.55049,2,2.00308,-1.97747,-1.97593,-2.26938,-2.24993,1.4375e-08,0.00130294,-0.068088,-0.0745421,-0.0577422,-0.0601694,0.159679,0.159644,-0.0281479,-0.00367736,0.026651,0.0152977,-0.0402149,-0.0367876,7.54232,-6.57098,2,-0.068088,-0.0577422,0.159679
7.63,7.52252,7.53207,-6.59364,-6.57333,2,2.00309,-1.98413,-1.98286,-2.26365,-2.24393,1.39685e-08,0.00125001,-0.0683696,-0.0747644,-0.0574769,-0.0599591,0.159277,0.159227,-0.0281729,-0.00358966,0.0264099,0.014981,-0.0403607,-0.0369597,7.52252,-6.59364,2,-0.0683696,-0.0574769,0.159277
7.64,7.50264,7.51238,-6.61625,-6.59612,2,2.00311,-1.99076,-1.98977,-2.25788,-2.23791,1.35735e-08,0.00120196,-0.0686514,-0.0749836,-0.057214,-0.0597466,0.158872,0.158811,-0.0281785,-0.00348905,0.0261618,0.0146546,-0.0405063,-0.0371318,7.50264,-6.61625,2,-0.0686514,-0.057214,0.158872
7.65,7.4827,7.49262,-6.6388,-6.61886,2,2.00312,-1.99736,-1.99667,-2.25209,-2.23185,1.31896e-08,0.00115871,-0.0689331,-0.0751993,-0.0569537,-0.059532,0.158466,0.158395,-0.0281648,-0.00337589,0.025907,0.0143207,-0.0406515,-0.0373041,7.4827,-6.6388,2,-0.0689331,-0.0569537,0.158466
7.66,7.46269,7.47279,-6.66129,-6.64153,2,2.00314,-2.00394,-2.00356,-2.24625,-2.22577,1.28166e-08,0.00112037,-0.0692146,-0.0754116,-0.0566959,-0.0593156,0.158059,0.157978,-0.028132,-0.00325147,0.0256462,0.0139801,-0.0407965,-0.0374763,7.46269,-6.66129,2,-0.0692146,-0.0566959,0.158059
7.67,7.44262,7.45288,-6.68372,-6.66416,2,2.00316,-2.0105,-2.01043,-2.24038,-2.21966,1.24541e-08,0.00108784,-0.0694957,-0.0756202,-0.0564408,-0.0590965,0.15765,0.157562,-0.0280805,-0.00311493,0.0253799,0.0136329,-0.0409412,-0.0376485,7.44262,-6.68372,2,-0.0694957,-0.0564408,0.15765
7.68,7.42248,7.43289,-6.7061,-6.68672,2,2.00318,-2.01704,-2.01728,-2.23448,-2.21352,1.21018e-08,0.00105943,-0.0697761,-0.0758251,-0.0561883,-0.0588756,0.15724,0.157146,-0.0280105,-0.00296744,0.0251086,0.0132801,-0.0410856,-0.0378205,7.42248,-6.7061,2,-0.0697761,-0.0561883,0.15724
7.69,7.40228,7.41284,-6.72841,-6.70923,2,2.0032,-2.02355,-2.02412,-2.22855,-2.20735,1.17595e-08,0.00103615,-0.0700558,-0.0760264,-0.0559386,-0.0586521,0.156829,0.156729,-0.0279224,-0.00280927,0.0248326,0.0129213,-0.0412296,-0.0379924,7.40228,-6.72841,2,-0.0700558,-0.0559386,0.156829
7.7,7.38201,7.3927,-6.75067,-6.73167,2,2.00323,-2.03004,-2.03095,-2.22258,-2.20116,1.14268e-08,0.00101644,-0.0703345,-0.0762231,-0.0556917,-0.0584262,0.156416,0.156312,-0.0278165,-0.00263941,0.0245527,0.0125572,-0.0413734,-0.0381639,7.38201,-6.75067,2,-0.0703345,-0.0556917,0.156416
7.71,7.36168,7.37249,-6.77287,-6.75407,2,2.00326,-2.03651,-2.03776,-2.21658,-2.19494,1.11035e-08,0.00100142,-0.0706121,-0.076416,-0.0554476,-0.0581978,0.156001,0.155895,-0.0276932,-0.00245998,0.0242692,0.0121892,-0.0415169,-0.0383352,7.36168,-6.77287,2,-0.0706121,-0.0554476,0.156001
7.72,7.34128,7.35221,-6.795,-6.7764,2,2.0033,-2.04296,-2.04456,-2.21054,-2.18869,1.07894e-08,0.000990584,-0.0708883,-0.0766046,-0.0552063,-0.0579671,0.155585,0.155478,-0.0275529,-0.00227015,0.0239827,0.0118167,-0.0416601,-0.0385061,7.34128,-6.795,2,-0.0708883,-0.0552063,0.155585
7.73,7.32082,7.33184,-6.81708,-6.79867,2,2.00333,-2.04939,-2.05134,-2.20447,-2.18241,1.04841e-08,0.000983134,-0.0711631,-0.0767888,-0.0549679,-0.0577339,0.155168,0.155061,-0.027396,-0.0020705,0.0236936,0.0114405,-0.041803,-0.0386765,7.32082,-6.81708,2,-0.0711631,-0.0549679,0.155168
7.74,7.3003,7.31141,-6.83909,-6.82089,2,2.00338,-2.05579,-2.05811,-2.19837,-2.17611,1.01874e-08,0.000979647,-0.0714362,-0.0769686,-0.0547325,-0.0574984,0.154749,0.154643,-0.0272228,-0.00186117,0.0234025,0.0110603,-0.0419456,-0.0388465,7.3003,-6.83909,2,-0.0714362,-0.0547325,0.154749
7.75,7.27971,7.29089,-6.86104,-6.84304,2,2.00342,-2.06218,-2.06486,-2.19224,-2.16978,9.89916e-09,0.000980064,-0.0717075,-0.0771436,-0.0544999,-0.0572601,0.154329,0.154224,-0.0270338,-0.00164235,0.0231098,0.0106786,-0.0420879,-0.039016,7.27971,-6.86104,2,-0.0717075,-0.0544999,0.154329
7.76,7.25905,7.27029,-6.88294,-6.86514,2,2.00347,-2.06854,-2.0716,-2.18607,-2.16342,9.61903e-09,0.000983462,-0.0719768,-0.0773142,-0.0542703,-0.0570194,0.153908,0.153806,-0.0268295,-0.00141326,0.022816,0.010292,-0.0422298,-0.039185,7.25905,-6.88294,2,-0.0719768,-0.0542703,0.153908
7.77,7.23834,7.24962,-6.90477,-6.88717,2,2.00352,-2.07488,-2.07832,-2.17987,-2.15704,9.3468e-09,0.000990272,-0.072244,-0.0774801,-0.0540436,-0.0567765,0.153485,0.153386,-0.0266103,-0.00117731,0.0225216,0.00990559,-0.0423715,-0.0393534,7.23834,-6.90477,2,-0.072244,-0.0540436,0.153485
7.78,7.21755,7.22887,-6.92653,-6.90915,2,2.00358,-2.0812,-2.08502,-2.17364,-2.15062,9.08226e-09,0.00100033,-0.072509,-0.077641,-0.0538198,-0.0565308,0.15306,0.152967,-0.0263768,-0.000931326,0.022227,0.00951529,-0.0425128,-0.0395213,7.21755,-6.92653,2,-0.072509,-0.0538198,0.15306
7.79,7.19671,7.20804,-6.94824,-6.93107,2,2.00364,-2.0875,-2.09171,-2.16738,-2.14419,8.8252e-09,0.001013,-0.0727715,-0.0777974,-0.053599,-0.056283,0.152634,0.152546,-0.0261293,-0.000677235,0.0219326,0.00912359,-0.0426538,-0.0396885,7.19671,-6.94824,2,-0.0727715,-0.053599,0.152634
7.8,7.1758,7.18713,-6.96988,-6.95292,2,2.0037,-2.09378,-2.09838,-2.16108,-2.13772,8.5754e-09,0.00102776,-0.0730315,-0.0779491,-0.0533812,-0.0560329,0.152207,0.152125,-0.0258683,-0.000414912,0.021639,0.00873243,-0.0427945,-0.0398551,7.1758,-6.96988,2,-0.0730315,-0.0533812,0.152207
7.81,7.15484,7.16615,-6.99146,-6.97471,2,2.00377,-2.10004,-2.10503,-2.15476,-2.13123,8.33265e-09,0.00104478,-0.0732888,-0.0780962,-0.0531663,-0.0557808,0.151778,0.151704,-0.0255945,-0.000145264,0.0213466,0.00833849,-0.0429349,-0.0400211,7.15484,-6.99146,2,-0.0732888,-0.0531663,0.151778
7.82,7.1338,7.14509,-7.01298,-6.99644,2,2.00384,-2.10628,-2.11166,-2.1484,-2.12472,8.09676e-09,0.00106451,-0.0735434,-0.0782382,-0.0529542,-0.0555262,0.151348,0.151282,-0.0253083,0.000132237,0.0210557,0.0079451,-0.0430749,-0.0401865,7.1338,-7.01298,2,-0.0735434,-0.0529542,0.151348
7.83,7.11271,7.12395,-7.03443,-7.0181,2,2.00392,-2.11251,-2.11827,-2.14202,-2.11818,7.86754e-09,0.00108662,-0.073795,-0.0783757,-0.0527451,-0.0552697,0.150917,0.150859,-0.0250102,0.00041686,0.0207668,0.00755084,-0.0432146,-0.0403512,7.11271,-7.03443,2,-0.073795,-0.0527451,0.150917
7.84,7.09155,7.10273,-7.05582,-7.03971,2,2.004,-2.11871,-2.12487,-2.1356,-2.11162,7.64479e-09,0.00111043,-0.0740435,-0.0785085,-0.0525389,-0.0550112,0.150484,0.150435,-0.0247008,0.000709787,0.0204804,0.0071573,-0.043354,-0.0405154,7.09155,-7.05582,2,-0.0740435,-0.0525389,0.150484
7.85,7.07034,7.08143,-7.07714,-7.06125,2,2.00408,-2.12489,-2.13144,-2.12915,-2.10503,7.42834e-09,0.00113589,-0.0742889,-0.0786366,-0.0523355,-0.054751,0.15005,0.150011,-0.0243805,0.00100837,0.0201968,0.00676263,-0.043493,-0.040679,7.07034,-7.07714,2,-0.0742889,-0.0523355,0.15005
7.86,7.04906,7.06006,-7.0984,-7.08273,2,2.00417,-2.13106,-2.138,-2.12268,-2.09842,7.21801e-09,0.00116268,-0.0745311,-0.07876,-0.0521349,-0.054489,0.149614,0.149586,-0.0240501,0.00131381,0.0199163,0.0063697,-0.0436317,-0.0408421,7.04906,-7.0984,2,-0.0745311,-0.0521349,0.149614
7.87,7.02771,7.03862,-7.11959,-7.10415,2,2.00426,-2.1372,-2.14453,-2.11617,-2.09179,7.01362e-09,0.00119127,-0.0747699,-0.078879,-0.0519372,-0.0542255,0.149177,0.14916,-0.0237099,0.00162525,0.0196395,0.00597689,-0.0437701,-0.0410047,7.02771,-7.11959,2,-0.0747699,-0.0519372,0.149177
7.88,7.00631,7.01709,-7.14072,-7.1255,2,2.00435,-2.14333,-2.15104,-2.10964,-2.08513,6.815e-09,0.00122066,-0.0750053,-0.0789937,-0.0517421,-0.0539604,0.148739,0.148734,-0.0233607,0.00194357,0.0193666,0.00558572,-0.0439081,-0.0411668,7.00631,-7.14072,2,-0.0750053,-0.0517421,0.148739
7.89,6.98485,6.99549,-7.16179,-7.14679,2,2.00445,-2.14944,-2.15753,-2.10308,-2.07846,6.622e-09,0.00125073,-0.0752371,-0.079104,-0.0515498,-0.0536942,0.148299,0.148307,-0.0230028,0.00226627,0.0190979,0.0051961,-0.0440458,-0.0413285,6.98485,-7.16179,2,-0.0752371,-0.0515498,0.148299
7.9,6.96332,6.97382,-7.18278,-7.16802,2,2.00455,-2.15553,-2.164,-2.09649,-2.07176,6.43446e-09,0.00128272,-0.0754653,-0.0792101,-0.0513602,-0.0534268,0.147858,0.147879,-0.022637,0.00259554,0.0188339,0.00480803,-0.0441831,-0.0414898,6.96332,-7.18278,2,-0.0754653,-0.0513602,0.147858
7.91,6.94174,6.95208,-7.20371,-7.18918,2,2.00465,-2.1616,-2.17044,-2.08987,-2.06504,6.25221e-09,0.00131465,-0.0756898,-0.0793119,-0.0511731,-0.0531584,0.147415,0.147451,-0.0222637,0.00292884,0.0185748,0.00442208,-0.0443201,-0.0416509,6.94174,-7.20371,2,-0.0756898,-0.0511731,0.147415
7.92,6.92009,6.93025,-7.22458,-7.21028,2,2.00475,-2.16766,-2.17686,-2.08323,-2.0583,6.07512e-09,0.00134763,-0.0759106,-0.0794101,-0.0509887,-0.0528891,0.146972,0.147022,-0.0218835,0.00326835,0.0183211,0.00403713,-0.0444567,-0.0418117,6.92009,-7.22458,2,-0.0759106,-0.0509887,0.146972
7.93,6.89838,6.90836,-7.24538,-7.23131,2,2.00486,-2.1737,-2.18326,-2.07656,-2.05155,5.90304e-09,0.00138059,-0.0761275,-0.0795043,-0.0508067,-0.0526189,0.146526,0.146592,-0.0214971,0.00361144,0.0180728,0.003656,-0.0445929,-0.0419723,6.89838,-7.24538,2,-0.0761275,-0.0508067,0.146526
7.94,6.87662,6.8864,-7.26611,-7.25228,2,2.00497,-2.17972,-2.18963,-2.06986,-2.04477,5.73582e-09,0.00141437,-0.0763405,-0.0795949,-0.0506272,-0.0523484,0.14608,0.146162,-0.0211049,0.00395961,0.0178305,0.00327811,-0.0447288,-0.0421329,6.87662,-7.26611,2,-0.0763405,-0.0506272,0.14608
7.95,6.85479,6.86436,-7.28678,-7.27318,2,2.00508,-2.18572,-2.19598,-2.06314,-2.03798,5.57333e-09,0.00144842,-0.0765496,-0.079682,-0.0504501,-0.0520777,0.145632,0.145732,-0.0207075,0.00431103,0.0175942,0.00290186,-0.0448644,-0.0422934,6.85479,-7.28678,2,-0.0765496,-0.0504501,0.145632
7.96,6.8329,6.84226,-7.30737,-7.29402,2,2.00519,-2.1917,-2.2023,-2.05639,-2.03116,5.41543e-09,0.00148189,-0.0767546,-0.0797659,-0.0502753,-0.0518066,0.145182,0.145301,-0.0203056,0.00466641,0.0173644,0.00253046,-0.0449995,-0.042454,6.8329,-7.30737,2,-0.0767546,-0.0502753,0.145182
7.97,6.81096,6.82009,-7.3279,-7.3148,2,2.0053,-2.19767,-2.20859,-2.04962,-2.02433,5.262e-09,0.0015157,-0.0769556,-0.0798466,-0.0501028,-0.0515354,0.144732,0.14487,-0.0198996,0.00502579,0.0171412,0.00215988,-0.0451343,-0.0426147,6.81096,-7.3279,2,-0.0769556,-0.0501028,0.144732
7.98,6.78895,6.79784,-7.34837,-7.33551,2,2.00542,-2.20363,-2.21485,-2.04282,-2.01749,5.1129e-09,0.00155,-0.0771526,-0.0799245,-0.0499324,-0.0512646,0.14428,0.144439,-0.0194901,0.00538716,0.0169249,0.00179524,-0.0452688,-0.0427756,6.78895,-7.34837,2,-0.0771526,-0.0499324,0.14428
7.99,6.76688,6.77554,-7.36876,-7.35616,2,2.00553,-2.20956,-2.22109,-2.036,-2.01063,4.96803e-09,0.0015837,-0.0773454,-0.0799996,-0.0497642,-0.050994,0.143826,0.144007,-0.0190776,0.00575198,0.0167157,0.00143351,-0.0454028,-0.0429368,6.76688,-7.36876,2,-0.0773454,-0.0497642,0.143826
8,6.74476,6.75316,-7.38909,-7.37673,2,2.00565,-2.21548,-2.2273,-2.02916,-2.00375,4.82725e-09,0.0016167,-0.0775341,-0.080072,-0.0495981,-0.0507239,0.143372,0.143575,-0.0186628,0.00611877,0.0165138,0.00107557,-0.0455365,-0.0430984,6.74476,-7.38909,2,-0.0775341,-0.0495981,0.143372
8.01,6.72257,6.73072,-7.40934,-7.39725,2,2.00576,-2.22138,-2.23349,-2.02229,-1.99686,4.69045e-09,0.00165007,-0.0777187,-0.0801424,-0.0494339,-0.0504545,0.142916,0.143143,-0.0182461,0.00648742,0.0163194,0.000723099,-0.0456699,-0.0432605,6.72257,-7.40934,2,-0.0777187,-0.0494339,0.142916
8.02,6.70033,6.70821,-7.42953,-7.4177,2,2.00588,-2.22727,-2.23964,-2.0154,-1.98996,4.55752e-09,0.00168277,-0.0778991,-0.0802107,-0.0492717,-0.0501859,0.142458,0.142712,-0.0178281,0.0068589,0.0161326,0.000373967,-0.0458028,-0.0434231,6.70033,-7.42953,2,-0.0778991,-0.0492717,0.142458
8.03,6.67803,6.68564,-7.44965,-7.43809,2,2.00599,-2.23313,-2.24577,-2.00848,-1.98304,4.42836e-09,0.00171517,-0.0780753,-0.0802769,-0.0491113,-0.0499184,0.142,0.14228,-0.0174094,0.00723085,0.0159537,2.95069e-05,-0.0459354,-0.0435863,6.67803,-7.44965,2,-0.0780753,-0.0491113,0.142
8.04,6.65567,6.66301,-7.4697,-7.4584,2,2.0061,-2.23899,-2.25187,-2.00155,-1.9761,4.30284e-09,0.00174625,-0.0782472,-0.0803415,-0.0489526,-0.049652,0.14154,0.141848,-0.0169904,0.00760455,0.0157828,-0.000309281,-0.0460675,-0.0437503,6.65567,-7.4697,2,-0.0782472,-0.0489526,0.14154
8.05,6.63325,6.64031,-7.48968,-7.47866,2,2.00622,-2.24482,-2.25793,-1.99459,-1.96916,4.18088e-09,0.00177775,-0.0784151,-0.0804045,-0.0487956,-0.0493869,0.141078,0.141417,-0.0165716,0.00797876,0.01562,-0.000642489,-0.0461993,-0.043915,6.63325,-7.48968,2,-0.0784151,-0.0487956,0.141078
8.06,6.61077,6.61756,-7.50959,-7.49885,2,2.00633,-2.25064,-2.26397,-1.98761,-1.9622,4.06237e-09,0.00180778,-0.0785787,-0.0804666,-0.0486402,-0.0491229,0.140616,0.140986,-0.0161536,0.00835423,0.0154655,-0.000973762,-0.0463307,-0.0440805,6.61077,-7.50959,2,-0.0785787,-0.0486402,0.140616
8.07,6.58824,6.59475,-7.52943,-7.51897,2,2.00643,-2.25645,-2.26998,-1.98062,-1.95523,3.94721e-09,0.00183836,-0.0787381,-0.0805273,-0.0484862,-0.0488608,0.140152,0.140555,-0.0157369,0.00872884,0.0153193,-0.00129739,-0.0464617,-0.044247,6.58824,-7.52943,2,-0.0787381,-0.0484862,0.140152
8.08,6.56564,6.57187,-7.54921,-7.53903,2,2.00654,-2.26224,-2.27596,-1.9736,-1.94825,3.83531e-09,0.00186691,-0.0788934,-0.0805874,-0.0483337,-0.0486004,0.139686,0.140125,-0.0153218,0.00910409,0.0151816,-0.00161516,-0.0465924,-0.0444144,6.56564,-7.54921,2,-0.0788934,-0.0483337,0.139686
8.09,6.54299,6.54894,-7.56891,-7.55902,2,2.00665,-2.26801,-2.28191,-1.96656,-1.94126,3.72658e-09,0.00189544,-0.0790446,-0.0806469,-0.0481826,-0.048342,0.13922,0.139695,-0.014909,0.00947823,0.0150524,-0.00192833,-0.0467226,-0.0445828,6.54299,-7.56891,2,-0.0790446,-0.0481826,0.13922
8.1,6.52028,6.52594,-7.58854,-7.57894,2,2.00675,-2.27376,-2.28783,-1.9595,-1.93425,3.62092e-09,0.00192316,-0.0791916,-0.0807057,-0.0480327,-0.0480854,0.138752,0.139266,-0.0144989,0.00985234,0.0149319,-0.00223443,-0.0468524,-0.0447522,6.52028,-7.58854,2,-0.0791916,-0.0480327,0.138752
8.11,6.49752,6.5029,-7.6081,-7.5988,2,2.00685,-2.2795,-2.29372,-1.95243,-1.92724,3.51826e-09,0.00195004,-0.0793346,-0.0807646,-0.0478839,-0.0478308,0.138283,0.138837,-0.0140919,0.010225,0.0148199,-0.00253658,-0.0469819,-0.0449228,6.49752,-7.6081,2,-0.0793346,-0.0478839,0.138283
8.12,6.47469,6.47979,-7.62759,-7.61859,2,2.00694,-2.28523,-2.29958,-1.94533,-1.92021,3.4185e-09,0.00197592,-0.0794735,-0.0808234,-0.0477362,-0.0475787,0.137812,0.138409,-0.0136885,0.0105975,0.0147167,-0.0028326,-0.0471109,-0.0450944,6.47469,-7.62759,2,-0.0794735,-0.0477362,0.137812
8.13,6.45181,6.45663,-7.647,-7.63832,2,2.00704,-2.29094,-2.30541,-1.93822,-1.91318,3.32156e-09,0.00200151,-0.0796084,-0.0808823,-0.0475895,-0.0473288,0.13734,0.137982,-0.0132891,0.010967,0.0146222,-0.00312231,-0.0472395,-0.0452672,6.45181,-7.647,2,-0.0796084,-0.0475895,0.13734
8.14,6.42887,6.43342,-7.66635,-7.65798,2,2.00713,-2.29663,-2.31122,-1.93109,-1.90613,3.22737e-09,0.00202566,-0.0797393,-0.0809416,-0.0474438,-0.0470812,0.136867,0.137555,-0.012894,0.011336,0.0145365,-0.00340681,-0.0473677,-0.045441,6.42887,-7.66635,2,-0.0797393,-0.0474438,0.136867
8.15,6.40588,6.41015,-7.68563,-7.67757,2,2.00721,-2.30231,-2.31699,-1.92394,-1.89907,3.13584e-09,0.00204958,-0.0798662,-0.0810014,-0.0472988,-0.0468363,0.136393,0.137129,-0.0125038,0.0117011,0.0144595,-0.00368408,-0.0474955,-0.0456161,6.40588,-7.68563,2,-0.0798662,-0.0472988,0.136393
8.16,6.38283,6.38682,-7.70483,-7.6971,2,2.0073,-2.30797,-2.32273,-1.91678,-1.892,3.04691e-09,0.0020721,-0.0799894,-0.0810617,-0.0471545,-0.0465937,0.135918,0.136703,-0.0121188,0.0120661,0.0143912,-0.00395651,-0.0476229,-0.0457922,6.38283,-7.70483,2,-0.0799894,-0.0471545,0.135918
8.17,6.35972,6.36344,-7.72396,-7.71655,2,2.00738,-2.31361,-2.32845,-1.9096,-1.88493,2.96049e-09,0.0020941,-0.0801086,-0.081123,-0.0470109,-0.0463538,0.135441,0.136278,-0.0117394,0.0124269,0.0143316,-0.00422235,-0.0477499,-0.0459695,6.35972,-7.72396,2,-0.0801086,-0.0470109,0.135441
8.18,6.33656,6.34001,-7.74302,-7.73595,2,2.00745,-2.31924,-2.33413,-1.9024,-1.87784,2.87652e-09,0.00211552,-0.0802242,-0.0811851,-0.0468679,-0.046117,0.134963,0.135854,-0.0113659,0.0127863,0.0142807,-0.00448192,-0.0478765,-0.0461478,6.33656,-7.74302,2,-0.0802242,-0.0468679,0.134963
8.19,6.31334,6.31653,-7.76201,-7.75527,2,2.00753,-2.32486,-2.33979,-1.89519,-1.87074,2.79492e-09,0.00213502,-0.080336,-0.0812484,-0.0467253,-0.0458828,0.134483,0.13543,-0.0109987,0.0131417,0.0142384,-0.00473425,-0.0480026,-0.0463271,6.31334,-7.76201,2,-0.080336,-0.0467253,0.134483
8.2,6.29006,6.29299,-7.78092,-7.77452,2,2.00759,-2.33045,-2.34542,-1.88796,-1.86363,2.71564e-09,0.00215437,-0.0804442,-0.081313,-0.0465831,-0.0456513,0.134002,0.135007,-0.0106382,0.0134943,0.0142047,-0.00498142,-0.0481284,-0.0465074,6.29006,-7.78092,2,-0.0804442,-0.0465831,0.134002
8.21,6.26673,6.2694,-7.79977,-7.79371,2,2.00766,-2.33604,-2.35102,-1.88072,-1.85651,2.6386e-09,0.00217246,-0.0805488,-0.0813788,-0.0464412,-0.0454229,0.133521,0.134584,-0.0102845,0.0138426,0.0141796,-0.00522174,-0.0482537,-0.0466886,6.26673,-7.79977,2,-0.0805488,-0.0464412,0.133521
8.22,6.24334,6.24576,-7.81854,-7.81283,2,2.00772,-2.3416,-2.3566,-1.87346,-1.84938,2.56375e-09,0.00219004,-0.0806499,-0.0814461,-0.0462995,-0.0451972,0.133037,0.134161,-0.00993812,0.0141888,0.0141628,-0.00545619,-0.0483786,-0.0468707,6.24334,-7.81854,2,-0.0806499,-0.0462995,0.133037
8.23,6.21989,6.22208,-7.83724,-7.83188,2,2.00778,-2.34715,-2.36215,-1.86619,-1.84224,2.49101e-09,0.00220677,-0.0807476,-0.081515,-0.0461579,-0.0449746,0.132553,0.133739,-0.00959925,0.0145295,0.0141543,-0.00568443,-0.048503,-0.0470535,6.21989,-7.83724,2,-0.0807476,-0.0461579,0.132553
8.24,6.1964,6.19834,-7.85586,-7.85086,2,2.00783,-2.35269,-2.36767,-1.8589,-1.83509,2.42033e-09,0.00222172,-0.0808419,-0.0815852,-0.0460163,-0.0447549,0.132067,0.133317,-0.00926818,0.0148672,0.0141541,-0.00590696,-0.0486271,-0.0472371,6.1964,-7.85586,2,-0.0808419,-0.0460163,0.132067
8.25,6.17284,6.17454,-7.87441,-7.86977,2,2.00788,-2.3582,-2.37317,-1.8516,-1.82792,2.35166e-09,0.00223656,-0.0809329,-0.0816573,-0.0458748,-0.0445382,0.13158,0.132895,-0.00894517,0.0152016,0.014162,-0.00612303,-0.0487507,-0.0474211,6.17284,-7.87441,2,-0.0809329,-0.0458748,0.13158
8.26,6.14923,6.1507,-7.89289,-7.88862,2,2.00793,-2.36371,-2.37864,-1.84429,-1.82075,2.28493e-09,0.00224963,-0.0810208,-0.0817312,-0.0457331,-0.0443245,0.131092,0.132473,-0.00863046,0.0155307,0.0141779,-0.00633202,-0.0488739,-0.0476057,6.14923,-7.89289,2,-0.0810208,-0.0457331,0.131092
8.27,6.12557,6.12681,-7.9113,-7.90739,2,2.00797,-2.36919,-2.38408,-1.83697,-1.81356,2.22009e-09,0.00226192,-0.0811056,-0.0818066,-0.0455912,-0.0441136,0.130603,0.132052,-0.00832427,0.0158563,0.0142017,-0.00653557,-0.0489966,-0.0477907,6.12557,-7.9113,2,-0.0811056,-0.0455912,0.130603
8.28,6.10185,6.10287,-7.92963,-7.92609,2,2.00801,-2.37466,-2.38951,-1.82963,-1.80636,2.15709e-09,0.00227353,-0.0811873,-0.0818841,-0.045449,-0.0439058,0.130112,0.131629,-0.00802682,0.016176,0.0142332,-0.00673267,-0.0491189,-0.0479759,6.10185,-7.92963,2,-0.0811873,-0.045449,0.130112
8.29,6.07807,6.07887,-7.94789,-7.94472,2,2.00804,-2.38011,-2.3949,-1.82228,-1.79915,2.09587e-09,0.00228369,-0.0812661,-0.0819631,-0.0453065,-0.043701,0.129621,0.131207,-0.0077383,0.0164922,0.0142723,-0.00692337,-0.0492408,-0.0481612,6.07807,-7.94789,2,-0.0812661,-0.0453065,0.129621
8.3,6.05425,6.05483,-7.96608,-7.96327,2,2.00808,-2.38555,-2.40028,-1.81492,-1.79192,2.03639e-09,0.00229286,-0.0813421,-0.0820441,-0.0451635,-0.043499,0.129128,0.130783,-0.00745888,0.0168036,0.0143188,-0.00710836,-0.0493622,-0.0483465,6.05425,-7.96608,2,-0.0813421,-0.0451635,0.129128
8.31,6.03036,6.03074,-7.98419,-7.98176,2,2.00811,-2.39097,-2.40563,-1.80754,-1.78468,1.97859e-09,0.00230071,-0.0814154,-0.0821268,-0.0450201,-0.0433001,0.128633,0.13036,-0.00718874,0.0171099,0.0143725,-0.00728726,-0.0494832,-0.0485317,6.03036,-7.98419,2,-0.0814154,-0.0450201,0.128633
8.32,6.00643,6.0066,-8.00223,-8.00017,2,2.00813,-2.39637,-2.41096,-1.80016,-1.77743,1.92243e-09,0.00230744,-0.0814859,-0.0822112,-0.0448761,-0.0431038,0.128138,0.129935,-0.00692802,0.0174113,0.0144334,-0.00745958,-0.0496037,-0.0487166,6.00643,-8.00223,2,-0.0814859,-0.0448761,0.128138
8.33,5.98244,5.98241,-8.02019,-8.01851,2,2.00816,-2.40175,-2.41627,-1.79276,-1.77016,1.86786e-09,0.00231321,-0.081554,-0.0822976,-0.0447314,-0.0429102,0.127641,0.129509,-0.00667685,0.0177076,0.0145011,-0.00762625,-0.0497238,-0.048901,5.98244,-8.02019,2,-0.081554,-0.0447314,0.127641
8.34,5.95839,5.95816,-8.03808,-8.03677,2,2.00818,-2.40712,-2.42155,-1.78535,-1.76288,1.81484e-09,0.00231738,-0.0816195,-0.0823857,-0.044586,-0.0427197,0.127143,0.129082,-0.00643535,0.0179985,0.0145756,-0.00778621,-0.0498434,-0.0490849,5.95839,-8.03808,2,-0.0816195,-0.044586,0.127143
8.35,5.93429,5.93387,-8.0559,-8.05497,2,2.0082,-2.41247,-2.42682,-1.77793,-1.75559,1.76332e-09,0.00232014,-0.0816827,-0.0824754,-0.0444399,-0.0425316,0.126644,0.128654,-0.00620363,0.0182842,0.0146566,-0.00794049,-0.0499626,-0.0492681,5.93429,-8.0559,2,-0.0816827,-0.0444399,0.126644
8.36,5.91014,5.90953,-8.07364,-8.07308,2,2.00822,-2.41781,-2.43207,-1.77051,-1.74828,1.71326e-09,0.00232154,-0.0817436,-0.0825671,-0.0442929,-0.0423466,0.126144,0.128224,-0.00598175,0.0185649,0.0147439,-0.0080891,-0.0500814,-0.0494504,5.91014,-8.07364,2,-0.0817436,-0.0442929,0.126144
8.37,5.88594,5.88513,-8.09131,-8.09112,2,2.00824,-2.42313,-2.43729,-1.76307,-1.74095,1.66462e-09,0.00232182,-0.0818024,-0.0826603,-0.044145,-0.0421635,0.125643,0.127793,-0.00576981,0.01884,0.0148373,-0.00823115,-0.0501997,-0.0496317,5.88594,-8.09131,2,-0.0818024,-0.044145,0.125643
8.38,5.86168,5.86069,-8.1089,-8.10909,2,2.00825,-2.42843,-2.4425,-1.75562,-1.73361,1.61736e-09,0.0023202,-0.081859,-0.082755,-0.0439961,-0.0419834,0.12514,0.12736,-0.00556784,0.0191095,0.0149367,-0.00836781,-0.0503175,-0.0498118,5.86168,-8.1089,2,-0.081859,-0.0439961,0.12514
8.39,5.83737,5.83619,-8.12642,-8.12698,2,2.00827,-2.43371,-2.44768,-1.74816,-1.72626,1.57143e-09,0.00231692,-0.0819137,-0.0828512,-0.0438462,-0.0418053,0.124636,0.126924,-0.0053759,0.0193738,0.0150417,-0.00849834,-0.0504349,-0.0499907,5.83737,-8.12642,2,-0.0819137,-0.0438462,0.124636
8.4,5.813,5.81165,-8.14387,-8.14479,2,2.00828,-2.43897,-2.45285,-1.74069,-1.71888,1.52681e-09,0.00231232,-0.0819666,-0.0829488,-0.0436953,-0.0416296,0.124132,0.126487,-0.00519401,0.0196325,0.0151522,-0.00862248,-0.0505518,-0.050168,5.813,-8.14387,2,-0.0819666,-0.0436953,0.124132
8.41,5.78859,5.78706,-8.16124,-8.16253,2,2.00829,-2.44422,-2.458,-1.73321,-1.7115,1.48346e-09,0.00230601,-0.0820177,-0.0830479,-0.0435432,-0.0414564,0.123625,0.126047,-0.00502218,0.0198854,0.015268,-0.00874078,-0.0506682,-0.0503439,5.78859,-8.16124,2,-0.0820177,-0.0435432,0.123625
8.42,5.76412,5.76241,-8.17853,-8.18018,2,2.0083,-2.44944,-2.46314,-1.72572,-1.70409,1.44133e-09,0.00229797,-0.0820671,-0.0831483,-0.0433899,-0.041285,0.123118,0.125604,-0.00486041,0.0201323,0.0153888,-0.00885495,-0.0507842,-0.050518,5.76412,-8.17853,2,-0.0820671,-0.0433899,0.123118
8.43,5.7396,5.73772,-8.19575,-8.19776,2,2.00831,-2.45465,-2.46825,-1.71823,-1.69667,1.4004e-09,0.00228851,-0.0821149,-0.0832498,-0.0432354,-0.041116,0.12261,0.125159,-0.00470868,0.0203719,0.0155144,-0.00896129,-0.0508997,-0.0506903,5.7396,-8.19575,2,-0.0821149,-0.0432354,0.12261
8.44,5.71503,5.71298,-8.2129,-8.21526,2,2.00832,-2.45985,-2.47335,-1.71072,-1.68923,1.36062e-09,0.0022765,-0.0821613,-0.0833526,-0.0430796,-0.0409486,0.1221,0.12471,-0.00456696,0.0206082,0.0156445,-0.00906389,-0.0510148,-0.0508606,5.71503,-8.2129,2,-0.0821613,-0.0430796,0.1221
8.45,5.6904,5.68818,-8.22997,-8.23268,2,2.00833,-2.46502,-2.47843,-1.70321,-1.68177,1.32198e-09,0.00226323,-0.0822063,-0.0834564,-0.0429225,-0.0407832,0.121589,0.124259,-0.00443521,0.0208361,0.015779,-0.00915971,-0.0511294,-0.0510289,5.6904,-8.22997,2,-0.0822063,-0.0429225,0.121589
8.46,5.66573,5.66334,-8.24696,-8.25002,2,2.00835,-2.47017,-2.4835,-1.69568,-1.6743,1.28443e-09,0.00224791,-0.08225,-0.0835612,-0.042764,-0.0406197,0.121078,0.123805,-0.00431337,0.0210588,0.0159175,-0.00924926,-0.0512435,-0.0511951,5.66573,-8.24696,2,-0.08225,-0.042764,0.121078
8.47,5.641,5.63844,-8.26388,-8.26728,2,2.00836,-2.47531,-2.48855,-1.68815,-1.6668,1.24795e-09,0.00223023,-0.0822926,-0.0836666,-0.0426041,-0.0404576,0.120565,0.123347,-0.00420137,0.0212745,0.0160599,-0.0093339,-0.0513571,-0.0513589,5.641,-8.26388,2,-0.0822926,-0.0426041,0.120565
8.48,5.61622,5.61349,-8.28072,-8.28446,2,2.00837,-2.48042,-2.49358,-1.68061,-1.65929,1.2125e-09,0.00221087,-0.0823341,-0.0837732,-0.0424428,-0.0402974,0.12005,0.122886,-0.00409913,0.0214835,0.0162059,-0.00941282,-0.0514703,-0.0515204,5.61622,-8.28072,2,-0.0823341,-0.0424428,0.12005
8.49,5.59139,5.58849,-8.29749,-8.30156,2,2.00838,-2.48552,-2.49859,-1.67306,-1.65177,1.17805e-09,0.00218865,-0.0823746,-0.0838802,-0.04228,-0.0401383,0.119535,0.122421,-0.00400655,0.0216865,0.0163553,-0.00948677,-0.051583,-0.0516794,5.59139,-8.29749,2,-0.0823746,-0.04228,0.119535
8.5,5.56651,5.56345,-8.31419,-8.31858,2,2.0084,-2.4906,-2.5036,-1.6655,-1.64422,1.14459e-09,0.00216466,-0.0824142,-0.083988,-0.0421157,-0.0399806,0.119019,0.121953,-0.00392354,0.0218828,0.0165077,-0.00955461,-0.0516952,-0.051836,5.56651,-8.31419,2,-0.0824142,-0.0421157,0.119019
8.51,5.54158,5.53835,-8.3308,-8.33551,2,2.00841,-2.49566,-2.50858,-1.65794,-1.63666,1.11207e-09,0.00213952,-0.0824531,-0.0840963,-0.0419498,-0.039824,0.118501,0.12148,-0.00384996,0.0220709,0.0166631,-0.00961565,-0.0518069,-0.0519899,5.54158,-8.3308,2,-0.0824531,-0.0419498,0.118501
8.52,5.5166,5.5132,-8.34734,-8.35237,2,2.00843,-2.50069,-2.51355,-1.65036,-1.62908,1.08047e-09,0.00211078,-0.0824913,-0.084205,-0.0417824,-0.0396689,0.117983,0.121004,-0.00378569,0.0222521,0.016821,-0.00967032,-0.0519182,-0.0521413,5.5166,-8.34734,2,-0.0824913,-0.0417824,0.117983
8.53,5.49157,5.48801,-8.36381,-8.36914,2,2.00845,-2.50571,-2.51851,-1.64278,-1.62148,1.04977e-09,0.00208019,-0.0825288,-0.0843141,-0.0416134,-0.0395142,0.117463,0.120524,-0.0037306,0.0224267,0.0169813,-0.00972234,-0.052029,-0.0522899,5.49157,-8.36381,2,-0.0825288,-0.0416134,0.117463
8.54,5.46648,5.46276,-8.3802,-8.38583,2,2.00847,-2.51071,-2.52345,-1.63519,-1.61387,1.01995e-09,0.00204754,-0.0825659,-0.0844232,-0.0414428,-0.0393607,0.116942,0.12004,-0.00368452,0.0225925,0.0171438,-0.0097672,-0.0521392,-0.0524359,5.46648,-8.3802,2,-0.0825659,-0.0414428,0.116942
8.55,5.44135,5.43746,-8.39651,-8.40243,2,2.00849,-2.51569,-2.52838,-1.62759,-1.60623,9.90963e-10,0.00201203,-0.0826026,-0.0845329,-0.0412705,-0.039208,0.11642,0.119552,-0.00364731,0.0227512,0.0173081,-0.00980595,-0.052249,-0.0525791,5.44135,-8.39651,2,-0.0826026,-0.0412705,0.11642
8.56,5.41617,5.41211,-8.41275,-8.41895,2,2.00851,-2.52065,-2.53328,-1.61998,-1.59858,9.62803e-10,0.00197411,-0.0826389,-0.0846425,-0.0410966,-0.0390558,0.115897,0.11906,-0.00361878,0.022902,0.0174741,-0.00983984,-0.0523583,-0.0527196,5.41617,-8.41275,2,-0.0826389,-0.0410966,0.115897
8.57,5.39094,5.38671,-8.42891,-8.43539,2,2.00854,-2.52558,-2.53818,-1.61237,-1.59091,9.35442e-10,0.00193439,-0.082675,-0.0847521,-0.040921,-0.038904,0.115373,0.118563,-0.00359877,0.0230457,0.0176415,-0.00986799,-0.0524672,-0.0528573,5.39094,-8.42891,2,-0.082675,-0.040921,0.115373
8.58,5.36566,5.36127,-8.445,-8.45174,2,2.00856,-2.5305,-2.54306,-1.60474,-1.58323,9.08857e-10,0.0018917,-0.0827109,-0.0848618,-0.0407438,-0.0387527,0.114848,0.118063,-0.00358707,0.0231794,0.0178101,-0.00989003,-0.0525755,-0.0529923,5.36566,-8.445,2,-0.0827109,-0.0407438,0.114848
8.59,5.34033,5.33577,-8.46101,-8.46801,2,2.00859,-2.53539,-2.54792,-1.59711,-1.57553,8.83027e-10,0.00184634,-0.0827467,-0.0849713,-0.0405648,-0.0386018,0.114321,0.117558,-0.0035835,0.0233056,0.0179796,-0.00990798,-0.0526833,-0.0531246,5.34033,-8.46101,2,-0.0827467,-0.0405648,0.114321
8.6,5.31495,5.31023,-8.47694,-8.48419,2,2.00862,-2.54027,-2.55277,-1.58947,-1.56781,8.57929e-10,0.00179927,-0.0827826,-0.0850807,-0.0403842,-0.0384508,0.113794,0.117049,-0.00358785,0.0234227,0.0181498,-0.00991966,-0.0527907,-0.0532541,5.31495,-8.47694,2,-0.0827826,-0.0403842,0.113794
8.61,5.28952,5.28464,-8.4928,-8.50029,2,2.00866,-2.54512,-2.5576,-1.58182,-1.56008,8.33544e-10,0.00174947,-0.0828185,-0.0851898,-0.0402018,-0.0383001,0.113266,0.116536,-0.0035999,0.0235306,0.0183204,-0.00992487,-0.0528975,-0.053381,5.28952,-8.4928,2,-0.0828185,-0.0402018,0.113266
8.62,5.26405,5.259,-8.50858,-8.5163,2,2.00869,-2.54995,-2.56241,-1.57417,-1.55233,8.0985e-10,0.0016968,-0.0828546,-0.0852987,-0.0400178,-0.0381491,0.112736,0.116018,-0.00361944,0.0236306,0.0184913,-0.00992464,-0.0530039,-0.0535052,5.26405,-8.50858,2,-0.0828546,-0.0400178,0.112736
8.63,5.23852,5.23331,-8.52428,-8.53223,2,2.00873,-2.55476,-2.56721,-1.5665,-1.54456,7.86829e-10,0.00164194,-0.0828909,-0.0854073,-0.039832,-0.0379979,0.112206,0.115497,-0.00364624,0.0237206,0.0186622,-0.00991904,-0.0531097,-0.0536269,5.23852,-8.52428,2,-0.0828909,-0.039832,0.112206
8.64,5.21295,5.20757,-8.53991,-8.54808,2,2.00877,-2.55955,-2.57199,-1.55883,-1.53678,7.64462e-10,0.00158516,-0.0829275,-0.0855155,-0.0396445,-0.0378466,0.111674,0.114971,-0.00368007,0.0238011,0.0188329,-0.00990722,-0.0532151,-0.053746,5.21295,-8.53991,2,-0.0829275,-0.0396445,0.111674
8.65,5.18733,5.18178,-8.55546,-8.56383,2,2.00881,-2.56431,-2.57675,-1.55115,-1.52898,7.42729e-10,0.00152546,-0.0829645,-0.0856232,-0.0394553,-0.0376947,0.111141,0.114441,-0.00372068,0.0238714,0.0190032,-0.00989085,-0.0533199,-0.0538627,5.18733,-8.55546,2,-0.0829645,-0.0394553,0.111141
8.66,5.16167,5.15595,-8.57093,-8.57951,2,2.00885,-2.56906,-2.58149,-1.54347,-1.52117,7.21613e-10,0.00146259,-0.083002,-0.0857303,-0.0392644,-0.0375421,0.110608,0.113907,-0.00376784,0.0239333,0.0191728,-0.00986935,-0.0534242,-0.0539769,5.16167,-8.57093,2,-0.083002,-0.0392644,0.110608
8.67,5.13595,5.13007,-8.58633,-8.5951,2,2.00889,-2.57378,-2.58622,-1.53577,-1.51335,7.01097e-10,0.00139864,-0.0830399,-0.0858369,-0.0390719,-0.0373892,0.110073,0.113369,-0.00382129,0.0239841,0.0193416,-0.00984257,-0.0535281,-0.0540889,5.13595,-8.58633,2,-0.0830399,-0.0390719,0.110073
8.68,5.11019,5.10415,-8.60165,-8.6106,2,2.00894,-2.57847,-2.59093,-1.52806,-1.50551,6.81163e-10,0.00133246,-0.0830784,-0.0859431,-0.0388776,-0.0372352,0.109537,0.112827,-0.00388078,0.0240253,0.0195093,-0.00980922,-0.0536314,-0.0541986,5.11019,-8.60165,2,-0.0830784,-0.0388776,0.109537
8.69,5.08438,5.07818,-8.61689,-8.62602,2,2.00899,-2.58315,-2.59562,-1.52035,-1.49765,6.61795e-10,0.00126319,-0.0831176,-0.0860488,-0.0386817,-0.0370808,0.109,0.112282,-0.00394605,0.0240558,0.0196757,-0.00976958,-0.0537342,-0.0543062,5.08438,-8.61689,2,-0.0831176,-0.0386817,0.109
8.7,5.05853,5.05216,-8.63205,-8.64135,2,2.00904,-2.5878,-2.60029,-1.51263,-1.48979,6.42977e-10,0.00119138,-0.0831574,-0.0861536,-0.0384841,-0.0369249,0.108462,0.111733,-0.00401683,0.0240771,0.0198408,-0.00972672,-0.0538366,-0.0544117,5.05853,-8.63205,2,-0.0831574,-0.0384841,0.108462
8.71,5.03263,5.0261,-8.64714,-8.6566,2,2.00909,-2.59243,-2.60494,-1.5049,-1.48191,6.24692e-10,0.0011179,-0.0831979,-0.0862578,-0.0382849,-0.0367682,0.107923,0.11118,-0.00409288,0.024087,0.0200041,-0.00967748,-0.0539384,-0.0545152,5.03263,-8.64714,2,-0.0831979,-0.0382849,0.107923
8.72,5.00668,4.99999,-8.66215,-8.67176,2,2.00915,-2.59704,-2.60956,-1.49716,-1.47402,6.06928e-10,0.00104208,-0.0832392,-0.0863613,-0.038084,-0.0366106,0.107384,0.110624,-0.0041739,0.0240854,0.0201657,-0.00962267,-0.0540396,-0.0546169,5.00668,-8.66215,2,-0.0832392,-0.038084,0.107384
8.73,4.98069,4.97385,-8.67708,-8.68683,2,2.0092,-2.60162,-2.61417,-1.48941,-1.46611,5.89667e-10,0.000964403,-0.0832814,-0.0864642,-0.0378816,-0.0364516,0.106843,0.110064,-0.00425964,0.0240741,0.0203253,-0.00956151,-0.0541404,-0.0547169,4.98069,-8.67708,2,-0.0832814,-0.0378816,0.106843
8.74,4.95465,4.94765,-8.69194,-8.70183,2,2.00926,-2.60618,-2.61876,-1.48166,-1.4582,5.72897e-10,0.000884235,-0.0833245,-0.0865664,-0.0376775,-0.0362911,0.106301,0.109501,-0.00434982,0.0240525,0.0204826,-0.00949727,-0.0542407,-0.0548151,4.95465,-8.69194,2,-0.0833245,-0.0376775,0.106301
8.75,4.92856,4.92141,-8.70672,-8.71673,2,2.00932,-2.61071,-2.62332,-1.47389,-1.45027,5.56603e-10,0.000802249,-0.0833684,-0.0866677,-0.0374719,-0.0361291,0.105758,0.108935,-0.00444416,0.0240203,0.0206377,-0.00942805,-0.0543404,-0.0549118,4.92856,-8.70672,2,-0.0833684,-0.0374719,0.105758
8.76,4.90243,4.89513,-8.72142,-8.73155,2,2.00937,-2.61522,-2.62786,-1.46612,-1.44233,5.40771e-10,0.000718504,-0.0834133,-0.0867683,-0.0372648,-0.035966,0.105214,0.108366,-0.0045424,0.0239764,0.0207902,-0.00935126,-0.0544397,-0.0550071,4.90243,-8.72142,2,-0.0834133,-0.0372648,0.105214
8.77,4.87626,4.8688,-8.73604,-8.74629,2,2.00944,-2.61971,-2.63238,-1.45834,-1.43438,5.25389e-10,0.000632301,-0.0834593,-0.086868,-0.0370561,-0.0358009,0.104669,0.107794,-0.00464424,0.0239232,0.0209401,-0.00927204,-0.0545384,-0.0551009,4.87626,-8.73604,2,-0.0834593,-0.0370561,0.104669
8.78,4.85004,4.84243,-8.75058,-8.76094,2,2.0095,-2.62417,-2.63688,-1.45055,-1.42642,5.10445e-10,0.00054498,-0.0835062,-0.086967,-0.036846,-0.035634,0.104123,0.107219,-0.00474942,0.0238583,0.0210872,-0.00918673,-0.0546366,-0.0551936,4.85004,-8.75058,2,-0.0835062,-0.036846,0.104123
8.79,4.82378,4.81602,-8.76505,-8.77551,2,2.00956,-2.62861,-2.64135,-1.44274,-1.41845,4.95924e-10,0.000455037,-0.0835543,-0.0870652,-0.0366344,-0.0354656,0.103576,0.106641,-0.00485767,0.0237827,0.0212313,-0.0090961,-0.0547342,-0.0552852,4.82378,-8.76505,2,-0.0835543,-0.0366344,0.103576
8.8,4.79747,4.78957,-8.77944,-8.78999,2,2.00962,-2.63303,-2.64579,-1.43493,-1.41046,4.81816e-10,0.000363782,-0.0836034,-0.0871624,-0.0364214,-0.0352953,0.103028,0.106062,-0.00496868,0.0236973,0.0213723,-0.00900157,-0.0548314,-0.0553757,4.79747,-8.77944,2,-0.0836034,-0.0364214,0.103028
8.81,4.77111,4.76307,-8.79375,-8.80439,2,2.00968,-2.63742,-2.65022,-1.42711,-1.40247,4.68109e-10,0.000270963,-0.0836537,-0.0872589,-0.036207,-0.0351231,0.10248,0.105479,-0.00508221,0.0236015,0.0215101,-0.00890351,-0.054928,-0.0554653,4.77111,-8.79375,2,-0.0836537,-0.036207,0.10248
8.82,4.74472,4.73654,-8.80798,-8.8187,2,2.00975,-2.64178,-2.65461,-1.41929,-1.39447,4.54791e-10,0.000176743,-0.0837051,-0.0873544,-0.0359912,-0.0349489,0.10193,0.104895,-0.00519796,0.0234952,0.0216446,-0.00879945,-0.0550241,-0.055554,4.74472,-8.80798,2,-0.0837051,-0.0359912,0.10193
8.83,4.71828,4.70996,-8.82213,-8.83293,2,2.00981,-2.64612,-2.65898,-1.41145,-1.38646,4.41851e-10,8.08835e-05,-0.0837576,-0.0874493,-0.0357741,-0.0347727,0.101379,0.104308,-0.00531567,0.0233787,0.0217756,-0.00869164,-0.0551197,-0.0556421,4.71828,-8.82213,2,-0.0837576,-0.0357741,0.101379
8.84,4.6918,4.68334,-8.83621,-8.84708,2,2.00988,-2.65043,-2.66332,-1.4036,-1.37844,4.29279e-10,-1.57505e-05,-0.0838114,-0.0875428,-0.0355557,-0.0345945,0.100828,0.10372,-0.00543506,0.0232523,0.0219031,-0.0085794,-0.0552147,-0.0557296,4.6918,-8.83621,2,-0.0838114,-0.0355557,0.100828
8.85,4.66527,4.65669,-8.85021,-8.86114,2,2.00994,-2.65472,-2.66764,-1.39574,-1.37041,4.17064e-10,-0.000115186,-0.0838663,-0.0876357,-0.035336,-0.0344141,0.100275,0.10313,-0.00555587,0.0231165,0.0220268,-0.00846306,-0.0553092,-0.0558165,4.66527,-8.85021,2,-0.0838663,-0.035336,0.100275
8.86,4.6387,4.62999,-8.86412,-8.87511,2,2.01,-2.65899,-2.67192,-1.38787,-1.36237,4.05197e-10,-0.000214487,-0.0839225,-0.0877277,-0.0351152,-0.0342315,0.0997213,0.102538,-0.00567782,0.0229711,0.0221468,-0.00834339,-0.0554032,-0.0559029,4.6387,-8.86412,2,-0.0839225,-0.0351152,0.0997213
8.87,4.61209,4.60325,-8.87796,-8.88901,2,2.01007,-2.66323,-2.67618,-1.37999,-1.35433,3.93666e-10,-0.000316113,-0.0839799,-0.0878185,-0.0348931,-0.0340467,0.0991668,0.101945,-0.00580065,0.0228171,0.022263,-0.00821873,-0.0554967,-0.0559891,4.61209,-8.87796,2,-0.0839799,-0.0348931,0.0991668
8.88,4.58544,4.57647,-8.89172,-8.90282,2,2.01013,-2.66744,-2.68041,-1.37211,-1.34627,3.82463e-10,-0.000418082,-0.0840385,-0.0879087,-0.0346699,-0.0338596,0.0986114,0.10135,-0.0059241,0.0226538,0.0223752,-0.00809192,-0.0555896,-0.056075,4.58544,-8.89172,2,-0.0840385,-0.0346699,0.0986114
8.89,4.55874,4.54966,-8.90541,-8.91654,2,2.0102,-2.67163,-2.68461,-1.36421,-1.3382,3.71579e-10,-0.000520915,-0.0840984,-0.0879979,-0.0344456,-0.0336702,0.0980551,0.100754,-0.00604792,0.0224826,0.0224834,-0.00796178,-0.055682,-0.0561607,4.55874,-8.90541,2,-0.0840984,-0.0344456,0.0980551
8.9,4.53201,4.5228,-8.91901,-8.93018,2,2.01026,-2.67579,-2.68878,-1.3563,-1.33013,3.61003e-10,-0.000625089,-0.0841595,-0.0880858,-0.0342203,-0.0334787,0.0974978,0.100158,-0.00617184,0.022302,0.0225875,-0.00782618,-0.0557738,-0.0562462,4.53201,-8.91901,2,-0.0841595,-0.0342203,0.0974978
8.91,4.50523,4.49591,-8.93253,-8.94374,2,2.01032,-2.67992,-2.69292,-1.34838,-1.32205,3.50729e-10,-0.00073047,-0.0842218,-0.088173,-0.0339939,-0.0332847,0.0969396,0.09956,-0.00629563,0.0221143,0.0226874,-0.00769012,-0.0558651,-0.0563318,4.50523,-8.93253,2,-0.0842218,-0.0339939,0.0969396
8.92,4.47841,4.46897,-8.94598,-8.95722,2,2.01038,-2.68403,-2.69703,-1.34045,-1.31396,3.40746e-10,-0.000835538,-0.0842854,-0.0882589,-0.0337665,-0.0330888,0.0963805,0.0989615,-0.00641902,0.0219191,0.0227832,-0.00754907,-0.0559559,-0.0564174,4.47841,-8.94598,2,-0.0842854,-0.0337665,0.0963805
8.93,4.45155,4.442,-8.95934,-8.97061,2,2.01044,-2.68812,-2.7011,-1.33251,-1.30586,3.31047e-10,-0.000942051,-0.0843502,-0.0883439,-0.0335382,-0.0328902,0.0958205,0.0983623,-0.00654179,0.0217171,0.0228747,-0.00740738,-0.0560461,-0.0565031,4.45155,-8.95934,2,-0.0843502,-0.0335382,0.0958205
8.94,4.42464,4.415,-8.97263,-8.98392,2,2.0105,-2.69217,-2.70515,-1.32456,-1.29775,3.21623e-10,-0.00104953,-0.0844162,-0.0884278,-0.033309,-0.0326894,0.0952596,0.0977626,-0.00666369,0.0215081,0.0229619,-0.00726128,-0.0561358,-0.0565889,4.42464,-8.97263,2,-0.0844162,-0.033309,0.0952596
8.95,4.3977,4.38795,-8.98583,-8.99715,2,2.01056,-2.6962,-2.70917,-1.31659,-1.28964,3.12468e-10,-0.00115749,-0.0844835,-0.0885108,-0.033079,-0.0324861,0.0946978,0.0971625,-0.00678449,0.0212931,0.0230447,-0.00711345,-0.056225,-0.0566749,4.3977,-8.98583,2,-0.0844835,-0.033079,0.0946978
8.96,4.37072,4.36086,-8.99896,-9.01029,2,2.01061,-2.70021,-2.71315,-1.30862,-1.28151,3.03573e-10,-0.00126544,-0.0845519,-0.0885925,-0.0328482,-0.0322806,0.0941351,0.0965621,-0.00690398,0.021072,0.0231232,-0.00696185,-0.0563136,-0.0567612,4.37072,-8.99896,2,-0.0845519,-0.0328482,0.0941351
8.97,4.3437,4.33374,-9.012,-9.02336,2,2.01067,-2.70419,-2.7171,-1.30064,-1.27338,2.9493e-10,-0.0013734,-0.0846215,-0.0886732,-0.0326166,-0.0320731,0.0935715,0.0959614,-0.00702192,0.0208453,0.0231974,-0.00681039,-0.0564017,-0.0568479,4.3437,-9.012,2,-0.0846215,-0.0326166,0.0935715
8.98,4.31664,4.30658,-9.02497,-9.03633,2,2.01072,-2.70814,-2.72102,-1.29264,-1.26524,2.86534e-10,-0.00148255,-0.0846923,-0.0887527,-0.0323842,-0.031863,0.093007,0.0953607,-0.0071381,0.0206143,0.0232671,-0.00665714,-0.0564892,-0.0569348,4.31664,-9.02497,2,-0.0846923,-0.0323842,0.093007
8.99,4.28954,4.27938,-9.03786,-9.04923,2,2.01078,-2.71206,-2.7249,-1.28463,-1.25709,2.78376e-10,-0.00159155,-0.0847643,-0.0888312,-0.0321512,-0.0316512,0.0924417,0.0947601,-0.00725233,0.0203782,0.0233324,-0.00650052,-0.0565762,-0.0570221,4.28954,-9.03786,2,-0.0847643,-0.0321512,0.0924417
9,4.2624,4.25215,-9.05066,-9.06205,2,2.01083,-2.71596,-2.72875,-1.27661,-1.24893,2.70449e-10,-0.00170106,-0.0848374,-0.0889084,-0.0319176,-0.0314371,0.0918755,0.0941596,-0.00736438,0.0201388,0.0233933,-0.0063433,-0.0566627,-0.0571098,4.2624,-9.05066,2,-0.0848374,-0.0319176,0.0918755
9.01,4.23522,4.22488,-9.06339,-9.07478,2,2.01087,-2.71983,-2.73257,-1.26858,-1.24077,2.62749e-10,-0.00181067,-0.0849116,-0.0889843,-0.0316834,-0.0312208,0.0913084,0.0935591,-0.00747408,0.0198959,0.0234497,-0.00618467,-0.0567486,-0.057198,4.23522,-9.06339,2,-0.0849116,-0.0316834,0.0913084
9.02,4.208,4.19757,-9.07603,-9.08743,2,2.01092,-2.72368,-2.73636,-1.26054,-1.23259,2.55267e-10,-0.00191976,-0.0849869,-0.0890588,-0.0314486,-0.0310027,0.0907405,0.0929591,-0.00758122,0.0196496,0.0235018,-0.00602397,-0.0568339,-0.0572866,4.208,-9.07603,2,-0.0849869,-0.0314486,0.0907405
9.03,4.18074,4.17023,-9.0886,-9.1,2,2.01096,-2.72749,-2.74011,-1.25249,-1.22441,2.47998e-10,-0.00202923,-0.0850632,-0.0891324,-0.0312134,-0.0307825,0.0901718,0.0923594,-0.00768563,0.0194009,0.0235495,-0.0058638,-0.0569187,-0.0573756,4.18074,-9.0886,2,-0.0850632,-0.0312134,0.0901718
9.04,4.15345,4.14284,-9.10108,-9.11248,2,2.01101,-2.73128,-2.74383,-1.24442,-1.21622,2.40936e-10,-0.00213914,-0.0851405,-0.0892047,-0.0309776,-0.0305604,0.0896022,0.09176,-0.00778713,0.0191507,0.0235928,-0.0057013,-0.057003,-0.0574651,4.15345,-9.10108,2,-0.0851405,-0.0309776,0.0896022
9.05,4.12612,4.11543,-9.11349,-9.12489,2,2.01105,-2.73505,-2.74751,-1.23635,-1.20801,2.34074e-10,-0.00224893,-0.0852189,-0.0892756,-0.0307415,-0.0303366,0.0890317,0.0911612,-0.00788556,0.0188987,0.0236318,-0.00553699,-0.0570867,-0.0575551,4.12612,-9.11349,2,-0.0852189,-0.0307415,0.0890317
9.06,4.09875,4.08797,-9.12581,-9.13721,2,2.01108,-2.73878,-2.75116,-1.22826,-1.1998,2.27408e-10,-0.00235781,-0.0852982,-0.0893452,-0.030505,-0.0301113,0.0884604,0.0905629,-0.00798074,0.0186453,0.0236665,-0.00537408,-0.0571698,-0.0576456,4.09875,-9.12581,2,-0.0852982,-0.030505,0.0884604
9.07,4.07134,4.06048,-9.13805,-9.14945,2,2.01112,-2.74249,-2.75478,-1.22016,-1.19159,2.20931e-10,-0.0024665,-0.0853785,-0.0894134,-0.0302682,-0.0298842,0.0878883,0.0899652,-0.00807254,0.0183918,0.0236968,-0.00520966,-0.0572524,-0.0577365,4.07134,-9.13805,2,-0.0853785,-0.0302682,0.0878883
9.08,4.0439,4.03296,-9.15021,-9.16161,2,2.01115,-2.74618,-2.75836,-1.21205,-1.18336,2.14638e-10,-0.00257501,-0.0854597,-0.0894803,-0.0300311,-0.0296557,0.0873154,0.0893681,-0.00816079,0.0181376,0.023723,-0.00504381,-0.0573345,-0.0578279,4.0439,-9.15021,2,-0.0854597,-0.0300311,0.0873154
9.09,4.01642,4.0054,-9.16229,-9.17369,2,2.01118,-2.74983,-2.76191,-1.20392,-1.17512,2.08525e-10,-0.00268367,-0.0855417,-0.0895456,-0.0297938,-0.0294258,0.0867416,0.0887717,-0.00824536,0.0178841,0.023745,-0.0048809,-0.057416,-0.0579198,4.01642,-9.16229,2,-0.0855417,-0.0297938,0.0867416
9.1,3.9889,3.9778,-9.17429,-9.18568,2,2.01121,-2.75346,-2.76543,-1.19578,-1.16688,2.02585e-10,-0.00279133,-0.0856246,-0.0896095,-0.0295562,-0.0291945,0.0861671,0.0881761,-0.00832612,0.0176318,0.0237628,-0.00471467,-0.0574969,-0.058012,3.9889,-9.17429,2,-0.0856246,-0.0295562,0.0861671
9.11,3.96135,3.95017,-9.18621,-9.19759,2,2.01123,-2.75706,-2.76891,-1.18763,-1.15862,1.96814e-10,-0.00289887,-0.0857082,-0.0896721,-0.0293185,-0.028962,0.0855917,0.0875812,-0.00840295,0.0173815,0.0237766,-0.00454965,-0.0575773,-0.0581048,3.96135,-9.18621,2,-0.0857082,-0.0293185,0.0855917
9.12,3.93376,3.92251,-9.19804,-9.20942,2,2.01126,-2.76063,-2.77236,-1.17947,-1.15036,1.91208e-10,-0.00300576,-0.0857926,-0.0897331,-0.0290807,-0.0287286,0.0850155,0.0869869,-0.00847572,0.017132,0.0237863,-0.00438417,-0.0576571,-0.0581979,3.93376,-9.19804,2,-0.0857926,-0.0290807,0.0850155
9.13,3.90614,3.8948,-9.2098,-9.22117,2,2.01128,-2.76418,-2.77577,-1.1713,-1.14209,1.85761e-10,-0.0031119,-0.0858777,-0.0897927,-0.0288428,-0.0284941,0.0844385,0.0863934,-0.00854434,0.0168843,0.0237921,-0.00421732,-0.0577364,-0.0582914,3.90614,-9.2098,2,-0.0858777,-0.0288428,0.0844385
9.14,3.87848,3.86707,-9.22147,-9.23284,2,2.01129,-2.7677,-2.77915,-1.16311,-1.1338,1.80468e-10,-0.00321777,-0.0859635,-0.0898507,-0.0286049,-0.0282591,0.0838608,0.0858007,-0.00860869,0.0166407,0.023794,-0.0040538,-0.0578151,-0.0583852,3.87848,-9.22147,2,-0.0859635,-0.0286049,0.0838608
9.15,3.85078,3.8393,-9.23306,-9.24442,2,2.0113,-2.77119,-2.7825,-1.15491,-1.12551,1.75327e-10,-0.00332291,-0.0860499,-0.0899072,-0.0283669,-0.0280234,0.0832822,0.0852089,-0.00866868,0.0163992,0.0237922,-0.00388924,-0.0578933,-0.0584794,3.85078,-9.23306,2,-0.0860499,-0.0283669,0.0832822
9.16,3.82305,3.81149,-9.24457,-9.25593,2,2.01132,-2.77466,-2.78581,-1.1467,-1.11722,1.70331e-10,-0.00342713,-0.0861369,-0.0899619,-0.028129,-0.0277868,0.0827029,0.0846177,-0.00872423,0.0161611,0.0237866,-0.0037239,-0.0579709,-0.0585738,3.82305,-9.24457,2,-0.0861369,-0.028129,0.0827029
9.17,3.79529,3.78365,-9.25599,-9.26735,2,2.01132,-2.77809,-2.78909,-1.13848,-1.10891,1.65478e-10,-0.00353058,-0.0862244,-0.0900154,-0.0278912,-0.0275501,0.0821228,0.0840273,-0.00877526,0.0159268,0.0237774,-0.00356047,-0.0580479,-0.0586684,3.79529,-9.25599,2,-0.0862244,-0.0278912,0.0821228
9.18,3.76749,3.75578,-9.26734,-9.27869,2,2.01133,-2.7815,-2.79234,-1.13024,-1.10059,1.60763e-10,-0.0036332,-0.0863124,-0.0900669,-0.0276535,-0.027313,0.081542,0.0834377,-0.00882169,0.0156971,0.0237646,-0.0033963,-0.0581244,-0.0587633,3.76749,-9.26734,2,-0.0863124,-0.0276535,0.081542
9.19,3.73966,3.72788,-9.2786,-9.28994,2,2.01133,-2.78489,-2.79556,-1.12199,-1.09226,1.56182e-10,-0.00373523,-0.0864008,-0.0901169,-0.0274159,-0.027076,0.0809603,0.0828488,-0.00886347,0.0154713,0.0237483,-0.00323336,-0.0582003,-0.0588584,3.73966,-9.2786,2,-0.0864008,-0.0274159,0.0809603
9.2,3.71179,3.69994,-9.28978,-9.30112,2,2.01133,-2.78824,-2.79874,-1.11373,-1.08393,1.51732e-10,-0.00383633,-0.0864896,-0.0901653,-0.0271785,-0.0268388,0.080378,0.0822606,-0.00890054,0.0152507,0.0237287,-0.00306946,-0.0582756,-0.0589535,3.71179,-9.28978,2,-0.0864896,-0.0271785,0.080378
9.21,3.6839,3.67196,-9.30087,-9.31221,2,2.01132,-2.79157,-2.80189,-1.10546,-1.07559,1.47408e-10,-0.00393659,-0.0865788,-0.0902118,-0.0269414,-0.0266019,0.0797948,0.0816731,-0.00893284,0.0150349,0.0237059,-0.00290796,-0.0583504,-0.0590487,3.6839,-9.30087,2,-0.0865788,-0.0269414,0.0797948
9.22,3.65596,3.64396,-9.31189,-9.32322,2,2.01132,-2.79487,-2.80501,-1.09717,-1.06723,1.43207e-10,-0.0040355,-0.0866682,-0.090257,-0.0267044,-0.0263653,0.079211,0.0810862,-0.00896035,0.0148257,0.0236798,-0.00274699,-0.0584247,-0.0591439,3.65596,-9.31189,2,-0.0866682,-0.0267044,0.079211
9.23,3.628,3.61592,-9.32282,-9.33415,2,2.01131,-2.79814,-2.8081,-1.08887,-1.05887,1.39125e-10,-0.00413392,-0.086758,-0.0903,-0.0264678,-0.0261292,0.0786263,0.0805,-0.00898303,0.0146211,0.0236507,-0.00258639,-0.0584983,-0.0592391,3.628,-9.32282,2,-0.086758,-0.0264678,0.0786263
9.24,3.6,3.58785,-9.33366,-9.34499,2,2.01129,-2.80139,-2.81115,-1.08056,-1.0505,1.3516e-10,-0.00423107,-0.0868479,-0.0903417,-0.0262314,-0.0258934,0.078041,0.0799143,-0.00900084,0.014423,0.0236186,-0.00242673,-0.0585714,-0.0593342,3.6,-9.33366,2,-0.0868479,-0.0262314,0.078041
9.25,3.57197,3.55975,-9.34443,-9.35576,2,2.01127,-2.80461,-2.81418,-1.07224,-1.04213,1.31308e-10,-0.00432679,-0.086938,-0.0903816,-0.0259954,-0.0256584,0.0774549,0.0793291,-0.00901378,0.0142305,0.0235837,-0.00226849,-0.058644,-0.0594292,3.57197,-9.34443,2,-0.086938,-0.0259954,0.0774549
9.26,3.54391,3.53161,-9.35511,-9.36644,2,2.01126,-2.8078,-2.81718,-1.0639,-1.03374,1.27565e-10,-0.00442155,-0.0870281,-0.0904196,-0.0257598,-0.0254245,0.0768681,0.0787445,-0.00902183,0.0140445,0.023546,-0.00211055,-0.0587159,-0.059524,3.54391,-9.35511,2,-0.0870281,-0.0257598,0.0768681
9.27,3.51581,3.50344,-9.36571,-9.37703,2,2.01123,-2.81096,-2.82014,-1.05555,-1.02535,1.23929e-10,-0.00451574,-0.0871184,-0.090456,-0.0255245,-0.0251914,0.0762806,0.0781602,-0.00902498,0.0138652,0.0235056,-0.00195138,-0.0587873,-0.0596185,3.51581,-9.36571,2,-0.0871184,-0.0255245,0.0762806
9.28,3.48769,3.47525,-9.37622,-9.38754,2,2.01121,-2.8141,-2.82308,-1.04719,-1.01694,1.20396e-10,-0.0046082,-0.0872086,-0.0904904,-0.0252897,-0.0249593,0.0756924,0.0775765,-0.00902324,0.0136934,0.0234628,-0.00179656,-0.0588581,-0.0597127,3.48769,-9.37622,2,-0.0872086,-0.0252897,0.0756924
9.29,3.45953,3.44702,-9.38665,-9.39797,2,2.01118,-2.81721,-2.82598,-1.03882,-1.00854,1.16964e-10,-0.00470059,-0.0872988,-0.0905231,-0.0250553,-0.0247286,0.0751034,0.0769931,-0.00901663,0.0135272,0.0234175,-0.0016406,-0.0589284,-0.0598066,3.45953,-9.38665,2,-0.0872988,-0.0250553,0.0751034
9.3,3.43135,3.41876,-9.397,-9.40832,2,2.01115,-2.82029,-2.82886,-1.03043,-1.00012,1.1363e-10,-0.00478989,-0.0873889,-0.0905543,-0.0248213,-0.0244992,0.0745138,0.0764099,-0.00900514,0.0133688,0.0233699,-0.00148591,-0.0589981,-0.0599001,3.43135,-9.397,2,-0.0873889,-0.0248213,0.0745138
9.31,3.40313,3.39047,-9.40726,-9.41859,2,2.01112,-2.82335,-2.8317,-1.02203,-0.991694,1.10391e-10,-0.0048794,-0.0874789,-0.0905836,-0.0245879,-0.0242713,0.0739235,0.075827,-0.00898882,0.0132174,0.0233202,-0.00133388,-0.0590672,-0.059993,3.40313,-9.40726,2,-0.0874789,-0.0245879,0.0739235
9.32,3.37488,3.36215,-9.41744,-9.42876,2,2.01108,-2.82637,-2.83452,-1.01362,-0.983263,1.07243e-10,-0.00496677,-0.0875687,-0.0906111,-0.0243549,-0.0240449,0.0733325,0.0752445,-0.00896768,0.0130731,0.0232684,-0.00118192,-0.0591358,-0.0600855,3.37488,-9.41744,2,-0.0875687,-0.0243549,0.0733325
9.33,3.3466,3.3338,-9.42753,-9.43886,2,2.01104,-2.82937,-2.83731,-1.0052,-0.974825,1.04186e-10,-0.00505419,-0.0876583,-0.090637,-0.0241225,-0.0238205,0.0727408,0.074662,-0.00894177,0.0129363,0.0232146,-0.00103051,-0.0592038,-0.0601773,3.3466,-9.42753,2,-0.0876583,-0.0241225,0.0727408
9.34,3.31829,3.30542,-9.43754,-9.44888,2,2.011,-2.83235,-2.84007,-0.996766,-0.966379,1.01215e-10,-0.00513938,-0.0877475,-0.0906609,-0.0238906,-0.0235974,0.0721484,0.0740796,-0.00891112,0.012807,0.0231591,-0.000881356,-0.0592712,-0.0602685,3.31829,-9.43754,2,-0.0877475,-0.0238906,0.0721484
9.35,3.28995,3.277,-9.44747,-9.4588,2,2.01096,-2.8353,-2.8428,-0.988319,-0.957927,9.83292e-11,-0.00522342,-0.0878365,-0.0906832,-0.0236593,-0.0233765,0.0715553,0.0734972,-0.00887578,0.0126844,0.0231018,-0.00073432,-0.059338,-0.060359,3.28995,-9.44747,2,-0.0878365,-0.0236593,0.0715553
9.36,3.26159,3.24857,-9.45731,-9.46865,2,2.01091,-2.83822,-2.84551,-0.979859,-0.949468,9.55254e-11,-0.00530611,-0.087925,-0.090704,-0.0234286,-0.0231573,0.0709616,0.0729148,-0.00883581,0.0125704,0.023043,-0.000586908,-0.0594043,-0.0604487,3.26159,-9.45731,2,-0.087925,-0.0234286,0.0709616
9.37,3.23319,3.2201,-9.46706,-9.47841,2,2.01086,-2.84111,-2.84818,-0.971388,-0.941004,9.28015e-11,-0.00538734,-0.0880132,-0.0907228,-0.0231985,-0.0229404,0.0703673,0.0723325,-0.00879126,0.0124634,0.0229826,-0.000440945,-0.05947,-0.0605377,3.23319,-9.46706,2,-0.0880132,-0.0231985,0.0703673
9.38,3.20476,3.1916,-9.47674,-9.48808,2,2.01082,-2.84397,-2.85083,-0.962905,-0.932532,9.01551e-11,-0.00546716,-0.0881008,-0.0907398,-0.022969,-0.0227256,0.0697722,0.07175,-0.0087422,0.0123633,0.022921,-0.000297917,-0.0595351,-0.0606257,3.20476,-9.47674,2,-0.0881008,-0.022969,0.0697722
9.39,3.17631,3.16308,-9.48632,-9.49767,2,2.01076,-2.84681,-2.85346,-0.95441,-0.924055,8.75841e-11,-0.00554651,-0.088188,-0.0907555,-0.0227401,-0.0225128,0.0691766,0.0711673,-0.0086887,0.0122714,0.0228581,-0.00015382,-0.0595997,-0.0607128,3.17631,-9.48632,2,-0.088188,-0.0227401,0.0691766
9.4,3.14783,3.13453,-9.49582,-9.50717,2,2.01071,-2.84963,-2.85606,-0.945903,-0.915572,8.50863e-11,-0.00562379,-0.0882746,-0.0907693,-0.0225118,-0.0223023,0.0685802,0.0705845,-0.00863083,0.0121865,0.0227942,-1.56832e-05,-0.0596636,-0.0607989,3.14783,-9.49582,2,-0.0882746,-0.0225118,0.0685802
9.41,3.11932,3.10595,-9.50524,-9.51659,2,2.01065,-2.85241,-2.85863,-0.937384,-0.907084,8.26596e-11,-0.00569972,-0.0883606,-0.0907814,-0.0222842,-0.0220942,0.0679833,0.0700015,-0.00856868,0.012109,0.0227292,0.000124532,-0.059727,-0.0608841,3.11932,-9.50524,2,-0.0883606,-0.0222842,0.0679833
9.42,3.09078,3.07734,-9.51457,-9.52592,2,2.0106,-2.85517,-2.86118,-0.928854,-0.898589,8.0302e-11,-0.00577453,-0.088446,-0.0907921,-0.0220572,-0.0218881,0.0673857,0.0694182,-0.00850233,0.012039,0.0226634,0.000261365,-0.0597899,-0.0609681,3.09078,-9.51457,2,-0.088446,-0.0220572,0.0673857
9.43,3.06221,3.04871,-9.52382,-9.53517,2,2.01054,-2.8579,-2.8637,-0.920313,-0.890091,7.80117e-11,-0.0058476,-0.0885306,-0.0908011,-0.0218309,-0.0216848,0.0667875,0.0688345,-0.00843186,0.0119756,0.0225968,0.000396365,-0.0598521,-0.061051,3.06221,-9.52382,2,-0.0885306,-0.0218309,0.0667875
9.44,3.03362,3.02005,-9.53298,-9.54433,2,2.01048,-2.86061,-2.8662,-0.91176,-0.881587,7.57865e-11,-0.00591992,-0.0886146,-0.0908086,-0.0216053,-0.0214836,0.0661887,0.0682506,-0.00835738,0.01192,0.0225296,0.000528444,-0.0599138,-0.0611327,3.03362,-9.53298,2,-0.0886146,-0.0216053,0.0661887
9.45,3.005,2.99136,-9.54205,-9.55341,2,2.01042,-2.86328,-2.86867,-0.903195,-0.873078,7.36247e-11,-0.00599042,-0.0886978,-0.0908144,-0.0213803,-0.0212849,0.0655892,0.0676662,-0.00827897,0.0118712,0.0224619,0.000659073,-0.0599749,-0.0612132,3.005,-9.54205,2,-0.0886978,-0.0213803,0.0655892
9.46,2.97636,2.96264,-9.55104,-9.5624,2,2.01036,-2.86594,-2.87111,-0.89462,-0.864564,7.15246e-11,-0.00605933,-0.0887801,-0.090819,-0.0211561,-0.0210887,0.0649892,0.0670813,-0.00819674,0.0118293,0.0223938,0.000788078,-0.0600354,-0.0612924,2.97636,-9.55104,2,-0.0887801,-0.0211561,0.0649892
9.47,2.94768,2.93391,-9.55995,-9.5713,2,2.0103,-2.86856,-2.87354,-0.886033,-0.856046,6.94842e-11,-0.00612719,-0.0888617,-0.090822,-0.0209325,-0.0208948,0.0643885,0.066496,-0.00811081,0.011794,0.0223255,0.000913223,-0.0600953,-0.0613704,2.94768,-9.55995,2,-0.0888617,-0.0209325,0.0643885
9.48,2.91898,2.90514,-9.56876,-9.58011,2,2.01024,-2.87116,-2.87594,-0.877436,-0.847524,6.7502e-11,-0.00619335,-0.0889423,-0.0908237,-0.0207095,-0.0207035,0.0637873,0.0659102,-0.00802126,0.0117644,0.0222569,0.00103741,-0.0601547,-0.0614469,2.91898,-9.56876,2,-0.0889423,-0.0207095,0.0637873
9.49,2.89026,2.87635,-9.57749,-9.58884,2,2.01017,-2.87373,-2.87831,-0.868828,-0.838997,6.55762e-11,-0.00625804,-0.0890221,-0.0908241,-0.0204873,-0.0205145,0.0631854,0.0653239,-0.00792822,0.0117424,0.0221883,0.00115892,-0.0602135,-0.0615222,2.89026,-9.57749,2,-0.0890221,-0.0204873,0.0631854
9.5,2.86151,2.84754,-9.58614,-9.59748,2,2.01011,-2.87628,-2.88066,-0.860209,-0.830466,6.37053e-11,-0.00632243,-0.0891009,-0.090823,-0.0202658,-0.0203282,0.062583,0.064737,-0.0078318,0.0117266,0.0221197,0.00127721,-0.0602717,-0.061596,2.86151,-9.58614,2,-0.0891009,-0.0202658,0.062583
9.51,2.83273,2.8187,-9.5947,-9.60604,2,2.01005,-2.8788,-2.88299,-0.851579,-0.821931,6.18878e-11,-0.00638412,-0.0891787,-0.090821,-0.0200449,-0.0201439,0.06198,0.0641495,-0.00773212,0.0117169,0.0220513,0.00139147,-0.0603293,-0.0616683,2.83273,-9.5947,2,-0.0891787,-0.0200449,0.06198
9.52,2.80393,2.78983,-9.60317,-9.6145,2,2.00998,-2.88129,-2.8853,-0.842939,-0.813392,6.0122e-11,-0.00644581,-0.0892555,-0.0908174,-0.0198248,-0.019962,0.0613764,0.0635614,-0.0076293,0.0117132,0.0219831,0.00150352,-0.0603864,-0.0617393,2.80393,-9.60317,2,-0.0892555,-0.0198248,0.0613764
9.53,2.77511,2.76094,-9.61156,-9.62288,2,2.00992,-2.88376,-2.88758,-0.834289,-0.80485,5.84065e-11,-0.00650543,-0.0893313,-0.0908128,-0.0196053,-0.0197826,0.0607723,0.0629726,-0.00752346,0.0117148,0.0219152,0.00161333,-0.0604429,-0.0618086,2.77511,-9.61156,2,-0.0893313,-0.0196053,0.0607723
9.54,2.74626,2.73203,-9.61986,-9.63117,2,2.00986,-2.8862,-2.88984,-0.825628,-0.796304,5.674e-11,-0.00656426,-0.089406,-0.0908072,-0.0193864,-0.0196053,0.0601676,0.0623833,-0.00741473,0.0117224,0.0218479,0.00171854,-0.0604988,-0.0618766,2.74626,-9.61986,2,-0.089406,-0.0193864,0.0601676
9.55,2.71738,2.70309,-9.62807,-9.63937,2,2.00979,-2.88861,-2.89208,-0.816958,-0.787755,5.51209e-11,-0.00662152,-0.0894796,-0.0908006,-0.0191683,-0.0194303,0.0595623,0.0617933,-0.00730324,0.0117349,0.0217811,0.00182198,-0.0605541,-0.0619429,2.71738,-9.62807,2,-0.0894796,-0.0191683,0.0595623
9.56,2.68849,2.67413,-9.6362,-9.64749,2,2.00973,-2.891,-2.8943,-0.808277,-0.779202,5.3548e-11,-0.00667751,-0.0895521,-0.0907927,-0.0189508,-0.0192576,0.0589565,0.0612025,-0.00718911,0.0117536,0.0217149,0.00192189,-0.0606088,-0.0620077,2.68849,-9.6362,2,-0.0895521,-0.0189508,0.0589565
9.57,2.65956,2.64515,-9.64423,-9.65551,2,2.00967,-2.89336,-2.89649,-0.799587,-0.770648,5.20199e-11,-0.00673229,-0.0896234,-0.0907841,-0.018734,-0.0190868,0.0583501,0.0606112,-0.00707247,0.0117767,0.0216494,0.00201786,-0.0606629,-0.062071,2.65956,-9.64423,2,-0.0896234,-0.018734,0.0583501
9.58,2.63062,2.61614,-9.65219,-9.66345,2,2.00961,-2.8957,-2.89866,-0.790887,-0.762089,5.05353e-11,-0.00678596,-0.0896935,-0.0907747,-0.0185178,-0.0189181,0.0577432,0.0600191,-0.00695346,0.011804,0.0215848,0.00211157,-0.0607165,-0.0621326,2.63062,-9.65219,2,-0.0896935,-0.0185178,0.0577432
9.59,2.60165,2.58711,-9.66005,-9.6713,2,2.00955,-2.89801,-2.90081,-0.782178,-0.753525,4.90931e-11,-0.00683834,-0.0897624,-0.0907643,-0.0183023,-0.0187514,0.0571358,0.0594262,-0.00683222,0.0118364,0.0215211,0.00219832,-0.0607695,-0.0621927,2.60165,-9.66005,2,-0.0897624,-0.0183023,0.0571358
9.6,2.57266,2.55805,-9.66783,-9.67906,2,2.0095,-2.90029,-2.90294,-0.773459,-0.744961,4.76919e-11,-0.00688937,-0.0898301,-0.0907533,-0.0180874,-0.0185867,0.0565278,0.0588327,-0.00670886,0.0118732,0.0214584,0.0022854,-0.0608219,-0.0622512,2.57266,-9.66783,2,-0.0898301,-0.0180874,0.0565278
9.61,2.54365,2.52898,-9.67552,-9.68673,2,2.00944,-2.90255,-2.90505,-0.764732,-0.736394,4.63307e-11,-0.00693975,-0.0898966,-0.0907415,-0.0178731,-0.0184236,0.0559194,0.0582385,-0.00658354,0.0119144,0.0213967,0.00236717,-0.0608737,-0.0623081,2.54365,-9.67552,2,-0.0898966,-0.0178731,0.0559194
9.62,2.51461,2.49988,-9.68313,-9.69432,2,2.00939,-2.90478,-2.90714,-0.755995,-0.727823,4.50083e-11,-0.00698912,-0.0899618,-0.0907293,-0.0176595,-0.0182624,0.0553104,0.0576435,-0.00645638,0.0119587,0.0213363,0.00244464,-0.060925,-0.0623635,2.51461,-9.68313,2,-0.0899618,-0.0176595,0.0553104
9.63,2.48555,2.47076,-9.69064,-9.70181,2,2.00933,-2.90699,-2.9092,-0.747249,-0.719248,4.37236e-11,-0.00703678,-0.0900257,-0.0907165,-0.0174464,-0.0181027,0.0547009,0.0570478,-0.00632752,0.0120068,0.021277,0.00251921,-0.0609756,-0.0624172,2.48555,-9.69064,2,-0.0900257,-0.0174464,0.0547009
9.64,2.45647,2.44162,-9.69807,-9.70921,2,2.00928,-2.90917,-2.91125,-0.738495,-0.710671,4.24756e-11,-0.00708413,-0.0900883,-0.0907032,-0.0172339,-0.0179444,0.0540909,0.0564513,-0.0061971,0.0120594,0.021219,0.00258882,-0.0610257,-0.0624693,2.45647,-9.69807,2,-0.0900883,-0.0172339,0.0540909
9.65,2.42737,2.41246,-9.70541,-9.71653,2,2.00923,-2.91132,-2.91328,-0.729732,-0.702092,4.12631e-11,-0.00713043,-0.0901497,-0.0906895,-0.017022,-0.0177878,0.0534803,0.0558543,-0.00606525,0.0121149,0.0211624,0.00265537,-0.0610752,-0.0625199,2.42737,-9.70541,2,-0.0901497,-0.017022,0.0534803
9.66,2.39824,2.38327,-9.71266,-9.72375,2,2.00919,-2.91345,-2.91528,-0.720961,-0.693509,4.00852e-11,-0.00717588,-0.0902096,-0.0906757,-0.0168107,-0.0176325,0.0528693,0.0552563,-0.0059321,0.0121726,0.0211073,0.00271592,-0.0611241,-0.062569,2.39824,-9.71266,2,-0.0902096,-0.0168107,0.0528693
9.67,2.3691,2.35406,-9.71983,-9.73089,2,2.00914,-2.91556,-2.91726,-0.712182,-0.684924,3.89408e-11,-0.00721997,-0.0902683,-0.0906615,-0.0165999,-0.0174784,0.0522579,0.0546577,-0.00579781,0.0122331,0.0210536,0.00277503,-0.0611724,-0.0626165,2.3691,-9.71983,2,-0.0902683,-0.0165999,0.0522579
9.68,2.33993,2.32483,-9.72691,-9.73793,2,2.0091,-2.91763,-2.91923,-0.703394,-0.676335,3.78291e-11,-0.00726344,-0.0903256,-0.0906471,-0.0163896,-0.0173251,0.0516459,0.0540583,-0.00566249,0.0122965,0.0210015,0.00282768,-0.0612202,-0.0626625,2.33993,-9.72691,2,-0.0903256,-0.0163896,0.0516459
9.69,2.31074,2.29559,-9.7339,-9.74489,2,2.00906,-2.91969,-2.92117,-0.694599,-0.667745,3.67491e-11,-0.00730605,-0.0903815,-0.0906327,-0.0161798,-0.0171733,0.0510335,0.0534583,-0.00552628,0.0123619,0.020951,0.00287818,-0.0612673,-0.062707,2.31074,-9.7339,2,-0.0903815,-0.0161798,0.0510335
9.7,2.28154,2.26632,-9.7408,-9.75175,2,2.00902,-2.92171,-2.9231,-0.685796,-0.659151,3.56999e-11,-0.00734794,-0.0904361,-0.0906182,-0.0159706,-0.017022,0.0504206,0.0528576,-0.00538931,0.0124298,0.0209021,0.00292393,-0.0613139,-0.06275,2.28154,-9.7408,2,-0.0904361,-0.0159706,0.0504206
9.71,2.25231,2.23702,-9.74761,-9.75853,2,2.00899,-2.92371,-2.925,-0.676985,-0.650553,3.46806e-11,-0.00738871,-0.0904893,-0.090604,-0.0157618,-0.0168715,0.0498072,0.052256,-0.00525173,0.0125001,0.020855,0.00296545,-0.0613599,-0.0627916,2.25231,-9.74761,2,-0.0904893,-0.0157618,0.0498072
9.72,2.22306,2.20771,-9.75434,-9.76522,2,2.00896,-2.92569,-2.92688,-0.668167,-0.641953,3.36903e-11,-0.00742935,-0.0905412,-0.0905896,-0.0155535,-0.0167219,0.0491934,0.0516538,-0.00511365,0.0125709,0.0208096,0.00300274,-0.0614053,-0.0628318,2.22306,-9.75434,2,-0.0905412,-0.0155535,0.0491934
9.73,2.1938,2.17838,-9.76098,-9.77182,2,2.00893,-2.92764,-2.92875,-0.659342,-0.633351,3.27284e-11,-0.00746876,-0.0905916,-0.0905754,-0.0153456,-0.0165727,0.0485791,0.051051,-0.00497521,0.0126431,0.020766,0.00303667,-0.0614501,-0.0628705,2.1938,-9.76098,2,-0.0905916,-0.0153456,0.0485791
9.74,2.16451,2.14903,-9.76753,-9.77832,2,2.0089,-2.92956,-2.93059,-0.650509,-0.624745,3.17938e-11,-0.00750844,-0.0906407,-0.0905618,-0.0151381,-0.016424,0.0479644,0.0504475,-0.00483653,0.0127179,0.0207242,0.00306652,-0.0614943,-0.0629079,2.16451,-9.76753,2,-0.0906407,-0.0151381,0.0479644
9.75,2.13521,2.11966,-9.77399,-9.78474,2,2.00888,-2.93146,-2.93242,-0.64167,-0.616135,3.08859e-11,-0.00754766,-0.0906883,-0.0905484,-0.0149311,-0.0162755,0.0473492,0.0498432,-0.00469774,0.0127923,0.0206844,0.00309285,-0.061538,-0.062944,2.13521,-9.77399,2,-0.0906883,-0.0149311,0.0473492
9.76,2.10588,2.09027,-9.78036,-9.79107,2,2.00886,-2.93333,-2.93422,-0.632824,-0.607523,3.00039e-11,-0.00758584,-0.0907346,-0.0905352,-0.0147244,-0.0161274,0.0467336,0.0492383,-0.00455896,0.0128674,0.0206464,0.00311564,-0.061581,-0.0629788,2.10588,-9.78036,2,-0.0907346,-0.0147244,0.0467336
9.77,2.07654,2.06086,-9.78664,-9.7973,2,2.00884,-2.93518,-2.93601,-0.623971,-0.598907,2.91471e-11,-0.00762314,-0.0907795,-0.0905228,-0.0145182,-0.0159792,0.0461176,0.0486328,-0.00442033,0.0129436,0.0206103,0.00313358,-0.0616235,-0.0630124,2.07654,-9.78664,2,-0.0907795,-0.0145182,0.0461176
9.78,2.04718,2.03143,-9.79284,-9.80345,2,2.00883,-2.937,-2.93778,-0.615112,-0.590288,2.83146e-11,-0.00766075,-0.090823,-0.0905109,-0.0143122,-0.0158308,0.0455011,0.0480266,-0.00428194,0.0130211,0.0205762,0.00314738,-0.0616654,-0.0630447,2.04718,-9.79284,2,-0.090823,-0.0143122,0.0455011
9.79,2.0178,2.00199,-9.79895,-9.80951,2,2.00881,-2.9388,-2.93953,-0.606247,-0.581666,2.7506e-11,-0.00769785,-0.0908651,-0.0904996,-0.0141066,-0.0156827,0.0448843,0.0474197,-0.00414393,0.0130976,0.0205441,0.00315942,-0.0617067,-0.0630759,2.0178,-9.79895,2,-0.0908651,-0.0141066,0.0448843
9.8,1.9884,1.97252,-9.80497,-9.81548,2,2.00881,-2.94057,-2.94126,-0.597376,-0.57304,2.67204e-11,-0.00773428,-0.0909059,-0.090489,-0.0139013,-0.0155341,0.044267,0.0468122,-0.0040064,0.0131741,0.0205139,0.00316849,-0.0617474,-0.0631059,1.9884,-9.80497,2,-0.0909059,-0.0139013,0.044267
9.81,1.95899,1.94303,-9.81089,-9.82136,2,2.0088,-2.94231,-2.94296,-0.588499,-0.564411,2.59572e-11,-0.00777088,-0.0909453,-0.0904789,-0.0136963,-0.0153852,0.0436493,0.0462041,-0.00386948,0.0132508,0.0204858,0.0031734,-0.0617876,-0.0631349,1.95899,-9.81089,2,-0.0909453,-0.0136963,0.0436493
9.82,1.92956,1.91353,-9.81673,-9.82714,2,2.0088,-2.94403,-2.94465,-0.579616,-0.555778,2.52158e-11,-0.00780724,-0.0909833,-0.09047,-0.0134916,-0.0152355,0.0430313,0.0455954,-0.00373326,0.0133271,0.0204597,0.0031741,-0.0618271,-0.0631627,1.92956,-9.81673,2,-0.0909833,-0.0134916,0.0430313
9.83,1.90011,1.88401,-9.82249,-9.83284,2,2.0088,-2.94573,-2.94633,-0.570727,-0.547141,2.44955e-11,-0.00784311,-0.0910199,-0.0904618,-0.0132871,-0.0150856,0.0424128,0.0449861,-0.00359786,0.0134022,0.0204357,0.00317378,-0.0618661,-0.0631897,1.90011,-9.82249,2,-0.0910199,-0.0132871,0.0424128
9.84,1.87064,1.85447,-9.82815,-9.83845,2,2.0088,-2.9474,-2.94798,-0.561833,-0.538501,2.37958e-11,-0.00787912,-0.0910553,-0.0904547,-0.0130829,-0.0149346,0.0417939,0.0443761,-0.00346337,0.0134769,0.0204136,0.00316982,-0.0619045,-0.0632156,1.87064,-9.82815,2,-0.0910553,-0.0130829,0.0417939
9.85,1.84116,1.82492,-9.83372,-9.84397,2,2.00881,-2.94904,-2.94961,-0.552934,-0.529857,2.3116e-11,-0.00791462,-0.0910892,-0.0904485,-0.0128789,-0.0147833,0.0411747,0.0437656,-0.00332991,0.0135505,0.0203936,0.00316301,-0.0619423,-0.0632406,1.84116,-9.83372,2,-0.0910892,-0.0128789,0.0411747
9.86,1.81166,1.79534,-9.83921,-9.8494,2,2.00882,-2.95066,-2.95122,-0.54403,-0.521209,2.24557e-11,-0.00795123,-0.0911219,-0.0904432,-0.012675,-0.0146304,0.0405551,0.0431546,-0.00319756,0.0136232,0.0203757,0.00315409,-0.0619795,-0.0632648,1.81166,-9.83921,2,-0.0911219,-0.012675,0.0405551
9.87,1.78215,1.76575,-9.8446,-9.85475,2,2.00883,-2.95225,-2.95282,-0.535121,-0.512557,2.18142e-11,-0.0079872,-0.0911532,-0.0904393,-0.0124713,-0.0144768,0.0399351,0.0425429,-0.00306643,0.0136946,0.0203598,0.00314119,-0.0620161,-0.0632882,1.78215,-9.8446,2,-0.0911532,-0.0124713,0.0399351
9.88,1.75262,1.73615,-9.84991,-9.86,2,2.00885,-2.95382,-2.95439,-0.526206,-0.5039,2.1191e-11,-0.0080235,-0.0911832,-0.0904362,-0.0122678,-0.014322,0.0393148,0.0419306,-0.0029366,0.0137648,0.0203459,0.00312835,-0.0620521,-0.0633107,1.75262,-9.84991,2,-0.0911832,-0.0122678,0.0393148
9.89,1.72307,1.70652,-9.85513,-9.86516,2,2.00887,-2.95536,-2.95595,-0.517288,-0.495239,2.05856e-11,-0.00805931,-0.0912119,-0.0904345,-0.0120644,-0.0141656,0.0386941,0.0413178,-0.00280816,0.0138338,0.0203341,0.00311297,-0.0620876,-0.0633326,1.72307,-9.85513,2,-0.0912119,-0.0120644,0.0386941
9.9,1.69351,1.67688,-9.86026,-9.87024,2,2.00889,-2.95688,-2.95749,-0.508365,-0.486575,1.99974e-11,-0.00809537,-0.0912393,-0.0904339,-0.0118611,-0.0140083,0.038073,0.0407044,-0.0026812,0.013901,0.0203242,0.00309485,-0.0621224,-0.0633537,1.69351,-9.86026,2,-0.0912393,-0.0118611,0.038073
9.91,1.66393,1.64723,-9.86529,-9.87523,2,2.00891,-2.95837,-2.959,-0.499437,-0.477906,1.94261e-11,-0.00813214,-0.0912655,-0.0904349,-0.0116579,-0.0138495,0.0374516,0.0400904,-0.00255579,0.0139655,0.0203164,0.00307696,-0.0621567,-0.0633742,1.66393,-9.86529,2,-0.0912655,-0.0116579,0.0374516
9.92,1.63434,1.61755,-9.87024,-9.88012,2,2.00894,-2.95984,-2.9605,-0.490506,-0.469231,1.8871e-11,-0.00816862,-0.0912905,-0.0904368,-0.0114548,-0.013689,0.0368299,0.0394759,-0.00243202,0.0140282,0.0203105,0.00305558,-0.0621904,-0.0633941,1.63434,-9.87024,2,-0.0912905,-0.0114548,0.0368299
9.93,1.60474,1.58787,-9.8751,-9.88493,2,2.00897,-2.96128,-2.96198,-0.48157,-0.460552,1.83318e-11,-0.00820607,-0.0913142,-0.0904405,-0.0112517,-0.0135267,0.0362078,0.0388609,-0.00230996,0.0140902,0.0203066,0.00303433,-0.0622235,-0.0634135,1.60474,-9.8751,2,-0.0913142,-0.0112517,0.0362078
9.94,1.57512,1.55817,-9.87988,-9.88965,2,2.009,-2.9627,-2.96344,-0.47263,-0.45187,1.78079e-11,-0.00824326,-0.0913367,-0.090445,-0.0110487,-0.013363,0.0355854,0.0382454,-0.00218968,0.0141487,0.0203046,0.00301226,-0.062256,-0.0634323,1.57512,-9.87988,2,-0.0913367,-0.0110487,0.0355854
9.95,1.54548,1.52845,-9.88456,-9.89428,2,2.00903,-2.96409,-2.96488,-0.463687,-0.443182,1.72991e-11,-0.00828092,-0.091358,-0.0904514,-0.0108456,-0.0131973,0.0349627,0.0376293,-0.00207124,0.0142061,0.0203045,0.00298818,-0.0622879,-0.0634506,1.54548,-9.88456,2,-0.091358,-0.0108456,0.0349627
9.96,1.51583,1.49872,-9.88915,-9.89883,2,2.00907,-2.96545,-2.9663,-0.45474,-0.434489,1.68047e-11,-0.00831918,-0.0913781,-0.0904588,-0.0106426,-0.0130296,0.0343397,0.0370126,-0.00195472,0.0142605,0.0203063,0.00296325,-0.0623192,-0.0634685,1.51583,-9.88915,2,-0.0913781,-0.0106426,0.0343397
9.97,1.48617,1.46898,-9.89365,-9.90328,2,2.00911,-2.96679,-2.96771,-0.44579,-0.425792,1.63245e-11,-0.00835708,-0.0913971,-0.090468,-0.0104395,-0.0128599,0.0337163,0.0363955,-0.00184016,0.0143116,0.02031,0.00293779,-0.06235,-0.063486,1.48617,-9.89365,2,-0.0913971,-0.0104395,0.0337163
9.98,1.4565,1.43922,-9.89807,-9.90765,2,2.00915,-2.9681,-2.96909,-0.436836,-0.417091,1.58579e-11,-0.00839655,-0.0914149,-0.0904783,-0.0102364,-0.0126884,0.0330927,0.0357779,-0.00172762,0.0143614,0.0203155,0.00291442,-0.0623802,-0.0635032,1.4565,-9.89807,2,-0.0914149,-0.0102364,0.0330927
9.99,1.42681,1.40945,-9.90239,-9.91193,2,2.00919,-2.96939,-2.97045,-0.42788,-0.408384,1.54047e-11,-0.00843599,-0.0914316,-0.0904903,-0.0100332,-0.0125145,0.0324687,0.0351597,-0.00161717,0.0144076,0.0203228,0.00289084,-0.0624097,-0.06352,1.42681,-9.90239,2,-0.0914316,-0.0100332,0.0324687
10,1.39711,1.37966,-9.90662,-9.91612,2,2.00924,-2.97066,-2.97179,-0.41892,-0.399671,1.49644e-11,-0.00847623,-0.0914473,-0.0905036,-0.00982989,-0.0123384,0.0318445,0.034541,-0.00150883,0.0144529,0.0203318,0.00286402,-0.0624387,-0.0635366,1.39711,-9.90662,2,-0.0914473,-0.00982989,0.0318445
10.01,1.3674,1.34986,-9.91077,-9.92022,2,2.00928,-2.97189,-2.97312,-0.409957,-0.390952,1.45367e-11,-0.00851712,-0.0914618,-0.0905187,-0.00962652,-0.0121602,0.0312199,0.0339218,-0.00140266,0.0144943,0.0203425,0.00284016,-0.0624671,-0.0635528,1.3674,-9.91077,2,-0.0914618,-0.00962652,0.0312199
10.02,1.33767,1.32005,-9.91482,-9.92424,2,2.00933,-2.97311,-2.97442,-0.400992,-0.38223,1.41212e-11,-0.00855838,-0.0914753,-0.090535,-0.00942303,-0.0119795,0.0305951,0.0333021,-0.0012987,0.0145324,0.0203549,0.00281719,-0.062495,-0.0635689,1.33767,-9.91482,2,-0.0914753,-0.00942303,0.0305951
10.03,1.30794,1.29024,-9.91879,-9.92816,2,2.00938,-2.97429,-2.9757,-0.392024,-0.373502,1.37175e-11,-0.00859976,-0.0914878,-0.0905528,-0.00921942,-0.0117965,0.02997,0.032682,-0.00119699,0.0145686,0.020369,0.00279384,-0.0625222,-0.0635847,1.30794,-9.91879,2,-0.0914878,-0.00921942,0.02997
10.04,1.27819,1.2604,-9.92266,-9.932,2,2.00943,-2.97545,-2.97697,-0.383053,-0.364769,1.33254e-11,-0.00864257,-0.0914993,-0.0905722,-0.00901565,-0.0116108,0.0293447,0.0320613,-0.00109756,0.0146015,0.0203846,0.00277113,-0.0625488,-0.0636004,1.27819,-9.92266,2,-0.0914993,-0.00901565,0.0293447
10.05,1.24843,1.23056,-9.92645,-9.93575,2,2.00948,-2.97659,-2.97821,-0.37408,-0.35603,1.29445e-11,-0.00868568,-0.0915098,-0.0905931,-0.00881172,-0.0114227,0.0287191,0.0314401,-0.00100043,0.0146314,0.0204018,0.00274885,-0.0625749,-0.0636159,1.24843,-9.92645,2,-0.0915098,-0.00881172,0.0287191
10.06,1.21866,1.2007,-9.93014,-9.93942,2,2.00953,-2.9777,-2.97943,-0.365105,-0.347286,1.25744e-11,-0.00872949,-0.0915193,-0.0906153,-0.00860761,-0.0112321,0.0280932,0.0308185,-0.000905637,0.0146586,0.0204204,0.00272859,-0.0626004,-0.0636313,1.21866,-9.93014,2,-0.0915193,-0.00860761,0.0280932
10.07,1.18887,1.17084,-9.93375,-9.943,2,2.00959,-2.97878,-2.98063,-0.356128,-0.338537,1.2215e-11,-0.00877364,-0.0915279,-0.0906389,-0.00840331,-0.0110388,0.0274671,0.0301964,-0.000813201,0.0146833,0.0204405,0.00271094,-0.0626253,-0.0636466,1.18887,-9.93375,2,-0.0915279,-0.00840331,0.0274671
10.08,1.15908,1.14096,-9.93727,-9.94649,2,2.00964,-2.97984,-2.98181,-0.347149,-0.329782,1.18658e-11,-0.0088183,-0.0915356,-0.0906638,-0.00819879,-0.010843,0.0268407,0.0295738,-0.000723134,0.0147042,0.020462,0.00269251,-0.0626495,-0.0636618,1.15908,-9.93727,2,-0.0915356,-0.00819879,0.0268407
10.09,1.12928,1.11108,-9.94069,-9.94989,2,2.0097,-2.98087,-2.98297,-0.338167,-0.321022,1.15266e-11,-0.0088651,-0.0915424,-0.09069,-0.00799406,-0.0106443,0.0262141,0.0289507,-0.00063546,0.0147224,0.0204848,0.00267725,-0.0626733,-0.063677,1.12928,-9.94069,2,-0.0915424,-0.00799406,0.0262141
10.1,1.09946,1.08118,-9.94403,-9.95321,2,2.00975,-2.98188,-2.98411,-0.329184,-0.312256,1.1197e-11,-0.00891148,-0.0915483,-0.0907179,-0.00778909,-0.0104431,0.0255872,0.0283272,-0.00055018,0.0147373,0.020509,0.00266197,-0.0626964,-0.0636922,1.09946,-9.94403,2,-0.0915483,-0.00778909,0.0255872
10.11,1.06964,1.05128,-9.94728,-9.95644,2,2.00981,-2.98286,-2.98522,-0.3202,-0.303486,1.08769e-11,-0.00895901,-0.0915534,-0.0907469,-0.00758388,-0.010239,0.0249602,0.0277033,-0.00046731,0.0147495,0.0205343,0.00264896,-0.0627189,-0.0637073,1.06964,-9.94728,2,-0.0915534,-0.00758388,0.0249602
10.12,1.03981,1.02137,-9.95043,-9.95958,2,2.00987,-2.98382,-2.98632,-0.311213,-0.294709,1.05659e-11,-0.00900705,-0.0915576,-0.0907773,-0.0073784,-0.010032,0.0243329,0.0270789,-0.000386847,0.014759,0.0205609,0.00263899,-0.0627409,-0.0637224,1.03981,-9.95043,2,-0.0915576,-0.0073784,0.0243329
10.13,1.00996,0.991448,-9.9535,-9.96263,2,2.00992,-2.98475,-2.98739,-0.302226,-0.285927,1.02637e-11,-0.00905629,-0.0915611,-0.0908089,-0.00717266,-0.00982244,0.0237053,0.026454,-0.000308799,0.0147651,0.0205886,0.00262961,-0.0627623,-0.0637375,1.00996,-9.9535,2,-0.0915611,-0.00717266,0.0237053
10.14,0.980111,0.961521,-9.95648,-9.9656,2,2.00998,-2.98565,-2.98844,-0.293237,-0.277138,9.97022e-12,-0.00910525,-0.0915638,-0.0908418,-0.00696663,-0.00960992,0.0230776,0.0258286,-0.000233154,0.0147677,0.0206173,0.00262209,-0.062783,-0.0637527,0.980111,-9.95648,2,-0.0915638,-0.00696663,0.0230776
10.15,0.95025,0.93159,-9.95937,-9.96848,2,2.01003,-2.98653,-2.98947,-0.284247,-0.268346,9.68508e-12,-0.00915644,-0.0915658,-0.0908757,-0.00676031,-0.00939436,0.0224497,0.0252029,-0.000159915,0.0147685,0.0206471,0.00261691,-0.0628032,-0.0637678,0.95025,-9.95937,2,-0.0915658,-0.00676031,0.0224497
10.16,0.92038,0.901644,-9.96216,-9.97128,2,2.01009,-2.98738,-2.99048,-0.275255,-0.259547,9.40812e-12,-0.00920753,-0.091567,-0.0909107,-0.00655368,-0.00917627,0.0218215,0.0245767,-8.90646e-05,0.0147649,0.0206778,0.00261325,-0.0628229,-0.063783,0.92038,-9.96216,2,-0.091567,-0.00655368,0.0218215
10.17,0.890502,0.871697,-9.96487,-9.97398,2,2.01015,-2.98821,-2.99146,-0.266263,-0.250742,9.13907e-12,-0.00925925,-0.0915676,-0.0909468,-0.00634675,-0.00895542,0.0211932,0.0239501,-2.05971e-05,0.0147593,0.0207095,0.00261326,-0.0628419,-0.0637983,0.890502,-9.96487,2,-0.0915676,-0.00634675,0.0211932
10.18,0.860616,0.841742,-9.96749,-9.97661,2,2.0102,-2.98901,-2.99242,-0.257269,-0.241932,8.87769e-12,-0.00931194,-0.0915674,-0.090984,-0.00613949,-0.00873145,0.0205647,0.023323,4.55104e-05,0.0147506,0.0207419,0.00261394,-0.0628603,-0.0638136,0.860616,-9.96749,2,-0.0915674,-0.00613949,0.0205647
10.19,0.830722,0.811783,-9.97002,-9.97914,2,2.01025,-2.98978,-2.99336,-0.248275,-0.233117,8.62376e-12,-0.0093655,-0.0915667,-0.0910221,-0.00593191,-0.00850474,0.019936,0.0226957,0.000109269,0.0147389,0.0207752,0.00261926,-0.0628782,-0.0638289,0.830722,-9.97002,2,-0.0915667,-0.00593191,0.019936
10.2,0.80082,0.781818,-9.97245,-9.98158,2,2.01031,-2.99053,-2.99427,-0.23928,-0.224296,8.37711e-12,-0.00941969,-0.0915653,-0.0910612,-0.00572398,-0.00827515,0.0193072,0.0220679,0.000170709,0.014725,0.0208092,0.00262359,-0.0628955,-0.0638443,0.80082,-9.97245,2,-0.0915653,-0.00572398,0.0193072
10.21,0.770911,0.751847,-9.9748,-9.98394,2,2.01036,-2.99125,-2.99516,-0.230284,-0.21547,8.13751e-12,-0.00947456,-0.0915633,-0.0911009,-0.00551572,-0.00804253,0.0186781,0.0214397,0.000229847,0.0147077,0.0208438,0.00263052,-0.0629121,-0.0638597,0.770911,-9.9748,2,-0.0915633,-0.00551572,0.0186781
10.22,0.740995,0.721871,-9.97706,-9.98622,2,2.01041,-2.99195,-2.99602,-0.221288,-0.206638,7.90474e-12,-0.00952995,-0.0915607,-0.0911415,-0.00530711,-0.00780752,0.0180489,0.0208111,0.000286718,0.0146877,0.0208791,0.00264097,-0.0629282,-0.0638753,0.740995,-9.97706,2,-0.0915607,-0.00530711,0.0180489
10.23,0.711073,0.691893,-9.97923,-9.98841,2,2.01046,-2.99262,-2.99687,-0.212291,-0.197801,7.67865e-12,-0.00958611,-0.0915575,-0.0911829,-0.00509814,-0.00756925,0.0174196,0.0201821,0.000341345,0.0146651,0.0209149,0.00265339,-0.0629438,-0.0638908,0.711073,-9.97923,2,-0.0915575,-0.00509814,0.0174196
10.24,0.681143,0.661911,-9.98131,-9.9905,2,2.01051,-2.99326,-2.99768,-0.203294,-0.188959,7.45899e-12,-0.00964396,-0.0915539,-0.0912248,-0.00488881,-0.00732841,0.01679,0.0195529,0.000393767,0.01464,0.0209512,0.00266657,-0.0629587,-0.0639064,0.681143,-9.98131,2,-0.0915539,-0.00488881,0.01679
10.25,0.651207,0.631921,-9.98329,-9.99251,2,2.01056,-2.99388,-2.99847,-0.194297,-0.180111,7.24561e-12,-0.00970191,-0.0915497,-0.0912674,-0.00467911,-0.0070846,0.0161604,0.0189232,0.000444015,0.0146122,0.0209879,0.00268182,-0.0629731,-0.0639221,0.651207,-9.98329,2,-0.0915497,-0.00467911,0.0161604
10.26,0.621266,0.601932,-9.98519,-9.99444,2,2.0106,-2.99447,-2.99924,-0.185299,-0.171258,7.03835e-12,-0.00975993,-0.091545,-0.0913106,-0.00446905,-0.00683826,0.0155306,0.0182933,0.000492131,0.0145817,0.021025,0.00270063,-0.0629868,-0.0639378,0.621266,-9.98519,2,-0.091545,-0.00446905,0.0155306
10.27,0.591318,0.571938,-9.987,-9.99628,2,2.01065,-2.99504,-2.99998,-0.176301,-0.162399,6.83701e-12,-0.00981966,-0.0915398,-0.0913541,-0.00425861,-0.00658891,0.0149006,0.0176629,0.000538151,0.0145486,0.0210624,0.00271961,-0.063,-0.0639536,0.591318,-9.987,2,-0.0915398,-0.00425861,0.0149006
10.28,0.561365,0.541946,-9.98872,-9.99803,2,2.01069,-2.99558,-3.00069,-0.167303,-0.153537,6.6414e-12,-0.00987914,-0.0915342,-0.0913979,-0.0040478,-0.00633714,0.0142706,0.0170324,0.000582122,0.0145136,0.0211001,0.00274179,-0.0630126,-0.0639694,0.561365,-9.98872,2,-0.0915342,-0.0040478,0.0142706
10.29,0.531407,0.511947,-9.99035,-9.99969,2,2.01073,-2.99609,-3.00138,-0.158304,-0.144668,6.4514e-12,-0.00993867,-0.0915282,-0.0914423,-0.00383661,-0.00608266,0.0136404,0.0164015,0.000624084,0.0144766,0.021138,0.00276558,-0.0630246,-0.0639852,0.531407,-9.99035,2,-0.0915282,-0.00383661,0.0136404
10.3,0.501443,0.481948,-9.99188,-10.0013,2,2.01077,-2.99658,-3.00204,-0.149306,-0.135793,6.26683e-12,-0.0100004,-0.0915218,-0.0914867,-0.00362504,-0.00582555,0.0130101,0.0157703,0.000664089,0.0144364,0.021176,0.00278923,-0.063036,-0.064001,0.501443,-9.99188,2,-0.0915218,-0.00362504,0.0130101
10.31,0.471475,0.451948,-9.99333,-10.0028,2,2.01081,-2.99703,-3.00268,-0.140308,-0.126915,6.08752e-12,-0.0100618,-0.0915149,-0.0915314,-0.00341309,-0.00556584,0.0123797,0.0151389,0.00070218,0.0143944,0.0212141,0.00281535,-0.0630469,-0.0640169,0.471475,-9.99333,2,-0.0915149,-0.00341309,0.0123797
10.32,0.441503,0.421948,-9.99469,-10.0042,2,2.01084,-2.99747,-3.00328,-0.13131,-0.118031,5.91332e-12,-0.0101237,-0.0915077,-0.0915761,-0.00320076,-0.00530364,0.0117492,0.0145073,0.000738414,0.0143499,0.0212522,0.00284223,-0.0630572,-0.0640327,0.441503,-9.99469,2,-0.0915077,-0.00320076,0.0117492
10.33,0.411526,0.391946,-9.99596,-10.0055,2,2.01087,-2.99787,-3.00386,-0.122313,-0.109143,5.7441e-12,-0.0101861,-0.0915002,-0.0916209,-0.00298804,-0.00503895,0.0111185,0.0138754,0.000772837,0.0143034,0.0212903,0.00287049,-0.0630668,-0.0640486,0.411526,-9.99596,2,-0.0915002,-0.00298804,0.0111185
10.34,0.381545,0.361945,-9.99714,-10.0067,2,2.01091,-2.99825,-3.00441,-0.113315,-0.100249,5.5797e-12,-0.0102488,-0.0914923,-0.0916657,-0.00277495,-0.00477207,0.0104878,0.0132433,0.000805509,0.014255,0.0213283,0.00290283,-0.0630759,-0.0640644,0.381545,-9.99714,2,-0.0914923,-0.00277495,0.0104878
10.35,0.351561,0.33194,-9.99822,-10.0078,2,2.01093,-2.99861,-3.00494,-0.104318,-0.0913498,5.42002e-12,-0.0103126,-0.0914841,-0.0917102,-0.00256148,-0.0045029,0.00985702,0.0126109,0.00083648,0.0142049,0.0213662,0.00293323,-0.0630845,-0.0640803,0.351561,-9.99822,2,-0.0914841,-0.00256148,0.00985702
10.36,0.321573,0.301941,-9.99922,-10.0089,2,2.01096,-2.99893,-3.00543,-0.0953216,-0.0824479,5.26491e-12,-0.0103765,-0.0914755,-0.0917547,-0.00234763,-0.00423143,0.00922613,0.0119785,0.000865813,0.0141525,0.0214039,0.00296633,-0.0630924,-0.0640961,0.321573,-9.99922,2,-0.0914755,-0.00234763,0.00922613
10.37,0.291582,0.271939,-10.0001,-10.0099,2,2.01098,-2.99923,-3.0059,-0.0863255,-0.0735391,5.11424e-12,-0.0104402,-0.0914667,-0.0917988,-0.0021334,-0.00395741,0.00859517,0.0113458,0.00089356,0.0140988,0.0214414,0.00299744,-0.0630997,-0.0641118,0.291582,-10.0001,2,-0.0914667,-0.0021334,0.00859517
10.38,0.261589,0.24194,-10.0009,-10.0107,2,2.01101,-2.99951,-3.00633,-0.0773299,-0.0646271,4.96786e-12,-0.0105049,-0.0914577,-0.0918425,-0.0019188,-0.00368164,0.00796414,0.0107131,0.000919788,0.0140424,0.0214786,0.00303248,-0.0631065,-0.0641275,0.261589,-10.0009,2,-0.0914577,-0.0019188,0.00796414
10.39,0.231592,0.21194,-10.0017,-10.0115,2,2.01102,-2.99975,-3.00674,-0.0683349,-0.0557102,4.82565e-12,-0.0105695,-0.0914484,-0.091886,-0.00170383,-0.00340346,0.00733304,0.0100802,0.00094455,0.0139855,0.0215154,0.00306585,-0.0631127,-0.0641431,0.231592,-10.0017,2,-0.0914484,-0.00170383,0.00733304
10.4,0.201594,0.181946,-10.0023,-10.0122,2,2.01104,-2.99997,-3.00712,-0.0593405,-0.0467891,4.68751e-12,-0.0106352,-0.0914388,-0.0919288,-0.00148849,-0.00312337,0.00670189,0.00944716,0.000967916,0.0139261,0.0215519,0.00309849,-0.0631183,-0.0641587,0.201594,-10.0023,2,-0.0914388,-0.00148849,0.00670189
10.41,0.171593,0.15195,-10.0029,-10.0128,2,2.01106,-3.00017,-3.00747,-0.0503468,-0.0378636,4.55332e-12,-0.0106997,-0.091429,-0.0919712,-0.00127279,-0.00284155,0.00607068,0.00881404,0.00098994,0.0138657,0.021588,0.00313291,-0.0631233,-0.0641741,0.171593,-10.0029,2,-0.091429,-0.00127279,0.00607068
10.42,0.14159,0.121955,-10.0033,-10.0134,2,2.01107,-3.00033,-3.00778,-0.0413538,-0.0289335,4.42297e-12,-0.0107654,-0.091419,-0.0920129,-0.00105673,-0.00255752,0.00543942,0.00818087,0.0010107,0.0138036,0.0216236,0.00316821,-0.0631278,-0.0641895,0.14159,-10.0033,2,-0.091419,-0.00105673,0.00543942
10.43,0.111586,0.0919626,-10.0037,-10.0138,2,2.01108,-3.00047,-3.00807,-0.0323616,-0.0199985,4.29634e-12,-0.0108311,-0.0914088,-0.0920539,-0.000840323,-0.00227178,0.00480812,0.00754762,0.00103024,0.0137401,0.0216586,0.0032014,-0.0631317,-0.0642047,0.111586,-10.0037,2,-0.0914088,-0.000840323,0.00480812
10.44,0.081581,0.0619781,-10.004,-10.0141,2,2.01108,-3.00058,-3.00833,-0.0233703,-0.011061,4.17336e-12,-0.0108965,-0.0913984,-0.0920941,-0.000623564,-0.00198454,0.00417679,0.00691445,0.00104864,0.0136753,0.0216931,0.00323657,-0.0631349,-0.0642199,0.081581,-10.004,2,-0.0913984,-0.000623564,0.00417679
10.45,0.0515747,0.0319921,-10.0042,-10.0144,2,2.01109,-3.00067,-3.00855,-0.0143798,-0.00211853,4.05391e-12,-0.0109631,-0.0913878,-0.0921334,-0.000406462,-0.00169562,0.00354543,0.00628118,0.00106596,0.0136092,0.0217271,0.0032692,-0.0631377,-0.0642349,0.0515747,-10.0042,2,-0.0913878,-0.000406462,0.00354543
10.46,0.0215677,0.00200985,-10.0043,-10.0146,2,2.01109,-3.00073,-3.00874,-0.00539031,0.00682747,3.93786e-12,-0.0110288,-0.0913771,-0.0921718,-0.000189025,-0.00140525,0.00291404,0.00564796,0.00108227,0.0135416,0.0217603,0.00330208,-0.0631398,-0.0642497,0.0215677,-10.0043,2,-0.0913771,-0.000189025,0.00291404
10.47,-0.00843977,-0.0279689,-10.0043,-10.0146,2,2.01109,-3.00076,-3.0089,0.00359822,0.015778,3.82514e-12,-0.0110946,-0.0913662,-0.0922095,2.8742e-05,-0.00111316,0.00228263,0.00501476,0.00109763,0.013473,0.0217929,0.00333384,-0.0631413,-0.0642644,-0.00843977,-10.0043,2,-0.0913662,2.8742e-05,0.00228263
10.48,-0.0384474,-0.0579417,-10.0042,-10.0146,2,2.01109,-3.00076,-3.00903,0.0125857,0.0247314,3.71564e-12,-0.0111601,-0.0913551,-0.0922459,0.000246831,-0.000819914,0.00165121,0.00438171,0.00111211,0.0134039,0.0218248,0.00336655,-0.0631423,-0.0642789,-0.0384474,-10.0042,2,-0.0913551,0.000246831,0.00165121
10.49,-0.0684549,-0.0879125,-10.004,-10.0145,2,2.01108,-3.00074,-3.00913,0.0215722,0.0336887,3.60927e-12,-0.0112267,-0.0913439,-0.0922814,0.000465236,-0.000525333,0.00101979,0.00374866,0.00112578,0.0133332,0.021856,0.00339549,-0.0631427,-0.0642933,-0.0684549,-10.004,2,-0.0913439,0.000465236,0.00101979
10.5,-0.0984621,-0.11788,-10.0038,-10.0143,2,2.01107,-3.00069,-3.00919,0.0305575,0.0426511,3.50592e-12,-0.0112928,-0.0913326,-0.0923156,0.000683948,-0.00022953,0.000388363,0.00311567,0.00113871,0.013261,0.0218863,0.00342619,-0.0631425,-0.0643074,-0.0984621,-10.0038,2,-0.0913326,0.000683948,0.000388363
10.51,-0.128469,-0.147842,-10.0034,-10.0141,2,2.01106,-3.00061,-3.00922,0.0395417,0.0516153,3.40553e-12,-0.0113585,-0.0913212,-0.0923485,0.000902959,6.72862e-05,-0.000243059,0.00248287,0.00115095,0.013189,0.0219158,0.00345396,-0.0631417,-0.0643214,-0.128469,-10.0034,2,-0.0913212,0.000902959,-0.000243059
10.52,-0.158474,-0.177799,-10.003,-10.0137,2,2.01105,-3.00051,-3.00922,0.0485246,0.0605827,3.30802e-12,-0.0114242,-0.0913096,-0.0923801,0.00112226,0.000365332,-0.00087447,0.00185023,0.00116258,0.0131162,0.0219445,0.00347987,-0.0631404,-0.0643351,-0.158474,-10.003,2,-0.0913096,0.00112226,-0.00087447
10.53,-0.188479,-0.207749,-10.0024,-10.0132,2,2.01104,-3.00038,-3.00918,0.0575064,0.0695533,3.21329e-12,-0.0114891,-0.0912979,-0.0924107,0.00134185,0.000663854,-0.00150586,0.00121778,0.00117366,0.0130417,0.0219724,0.00350409,-0.0631385,-0.0643486,-0.188479,-10.0024,2,-0.0912979,0.00134185,-0.00150586
10.54,-0.218482,-0.237695,-10.0018,-10.0127,2,2.01102,-3.00022,-3.00911,0.0664868,0.0785275,3.12126e-12,-0.011554,-0.0912861,-0.0924398,0.00156171,0.000963435,-0.00213724,0.000585507,0.00118427,0.0129666,0.0219993,0.0035293,-0.063136,-0.0643619,-0.218482,-10.0018,2,-0.0912861,0.00156171,-0.00213724
10.55,-0.248483,-0.267637,-10.0011,-10.012,2,2.011,-3.00003,-3.00901,0.0754659,0.0875047,3.03186e-12,-0.0116196,-0.0912742,-0.0924671,0.00178183,0.00126371,-0.00276858,-4.65894e-05,0.00119446,0.012891,0.0220253,0.00354982,-0.0631329,-0.064375,-0.248483,-10.0011,2,-0.0912742,0.00178183,-0.00276858
10.56,-0.278482,-0.297572,-10.0003,-10.0113,2,2.01098,-2.99982,-3.00887,0.0844437,0.0964846,2.94503e-12,-0.0116834,-0.0912622,-0.0924935,0.00200221,0.0015647,-0.00339989,-0.000678401,0.00120429,0.0128154,0.0220503,0.0035716,-0.0631292,-0.0643877,-0.278482,-10.0003,2,-0.0912622,0.00200221,-0.00339989
10.57,-0.308479,-0.327499,-9.99941,-10.0105,2,2.01095,-2.99958,-3.0087,0.09342,0.105467,2.8607e-12,-0.0117477,-0.0912502,-0.0925178,0.00222283,0.00186623,-0.00403116,-0.00130991,0.00121384,0.0127378,0.0220744,0.00358766,-0.063125,-0.0644002,-0.308479,-9.99941,2,-0.0912502,0.00222283,-0.00403116
10.58,-0.338474,-0.357423,-9.99844,-10.0096,2,2.01093,-2.99931,-3.0085,0.102395,0.114453,2.77874e-12,-0.0118116,-0.091238,-0.0925409,0.00244369,0.00216825,-0.00466239,-0.00194121,0.00122318,0.0126608,0.0220975,0.00360328,-0.0631202,-0.0644125,-0.338474,-9.99844,2,-0.091238,0.00244369,-0.00466239
10.59,-0.368465,-0.387341,-9.99737,-10.0086,2,2.0109,-2.99901,-3.00826,0.111368,0.123442,2.69913e-12,-0.0118748,-0.0912257,-0.0925622,0.00266478,0.0024704,-0.00529357,-0.00257216,0.00123235,0.0125831,0.0221196,0.00361682,-0.0631148,-0.0644244,-0.368465,-9.99737,2,-0.0912257,0.00266478,-0.00529357
10.6,-0.398454,-0.41725,-9.99621,-10.0075,2,2.01087,-2.99869,-3.00799,0.12034,0.132431,2.62179e-12,-0.0119377,-0.0912133,-0.0925819,0.00288608,0.0027728,-0.00592468,-0.00320282,0.00124142,0.0125043,0.0221406,0.00362757,-0.0631088,-0.0644361,-0.398454,-9.99621,2,-0.0912133,0.00288608,-0.00592468
10.61,-0.428439,-0.447149,-9.99496,-10.0063,2,2.01084,-2.99834,-3.00768,0.129311,0.141422,2.54666e-12,-0.0120002,-0.0912009,-0.0925999,0.00310759,0.00307544,-0.00655574,-0.00383301,0.00125046,0.0124259,0.0221606,0.00363698,-0.0631023,-0.0644474,-0.428439,-9.99496,2,-0.0912009,0.00310759,-0.00655574
10.62,-0.458421,-0.477047,-9.99362,-10.005,2,2.0108,-2.99796,-3.00734,0.138279,0.150418,2.4737e-12,-0.012062,-0.0911883,-0.092616,0.00332929,0.00337827,-0.00718673,-0.0044629,0.00125952,0.0123468,0.0221796,0.0036432,-0.0630952,-0.0644585,-0.458421,-9.99362,2,-0.0911883,0.00332929,-0.00718673
10.63,-0.488398,-0.506936,-9.99219,-10.0037,2,2.01077,-2.99756,-3.00696,0.147246,0.159415,2.40282e-12,-0.0121233,-0.0911757,-0.0926304,0.00355118,0.00368085,-0.00781764,-0.00509247,0.00126867,0.0122665,0.0221974,0.0036479,-0.0630875,-0.0644692,-0.488398,-9.99219,2,-0.0911757,0.00355118,-0.00781764
10.64,-0.518372,-0.536815,-9.99068,-10.0022,2,2.01073,-2.99713,-3.00655,0.156212,0.168414,2.33395e-12,-0.0121836,-0.0911629,-0.0926431,0.00377324,0.00398335,-0.00844848,-0.0057215,0.00127796,0.012187,0.0222142,0.00364951,-0.0630792,-0.0644796,-0.518372,-9.99068,2,-0.0911629,0.00377324,-0.00844848
10.65,-0.548341,-0.566685,-9.98907,-10.0007,2,2.01069,-2.99667,-3.0061,0.165176,0.177413,2.26707e-12,-0.0122442,-0.0911501,-0.092654,0.00399546,0.00428574,-0.00907923,-0.00635003,0.00128745,0.0121071,0.0222299,0.00364897,-0.0630704,-0.0644896,-0.548341,-9.98907,2,-0.0911501,0.00399546,-0.00907923
10.66,-0.578305,-0.596551,-9.98737,-9.99903,2,2.01065,-2.99618,-3.00562,0.174137,0.186415,2.20213e-12,-0.0123037,-0.0911372,-0.0926627,0.00421783,0.00458759,-0.00970988,-0.00697827,0.00129719,0.0120263,0.0222445,0.00364382,-0.063061,-0.0644993,-0.578305,-9.98737,2,-0.0911372,0.00421783,-0.00970988
10.67,-0.608264,-0.626408,-9.98559,-9.9973,2,2.01061,-2.99567,-3.0051,0.183098,0.195419,2.13902e-12,-0.0123627,-0.0911242,-0.0926699,0.00444035,0.00488944,-0.0103404,-0.00760594,0.00130725,0.0119456,0.022258,0.00363709,-0.063051,-0.0645086,-0.608264,-9.98559,2,-0.0911242,0.00444035,-0.0103404
10.68,-0.638218,-0.656255,-9.98371,-9.99548,2,2.01057,-2.99512,-3.00455,0.192056,0.204423,2.07771e-12,-0.0124206,-0.091111,-0.0926749,0.00466299,0.00519044,-0.0109709,-0.0082331,0.00131767,0.0118648,0.0222704,0.0036275,-0.0630405,-0.0645176,-0.638218,-9.98371,2,-0.091111,0.00466299,-0.0109709
10.69,-0.668167,-0.68609,-9.98175,-9.99357,2,2.01052,-2.99455,-3.00396,0.201012,0.213428,2.01819e-12,-0.0124779,-0.0910978,-0.092678,0.00488575,0.00549106,-0.0116013,-0.00885964,0.0013285,0.0117838,0.0222817,0.00361821,-0.0630293,-0.0645261,-0.668167,-9.98175,2,-0.0910978,0.00488575,-0.0116013
10.7,-0.698109,-0.71592,-9.97969,-9.99156,2,2.01047,-2.99396,-3.00334,0.209967,0.222434,1.96036e-12,-0.0125343,-0.0910845,-0.092679,0.00510862,0.00579109,-0.0122315,-0.00948576,0.0013398,0.0117018,0.0222918,0.00360224,-0.0630176,-0.0645343,-0.698109,-9.97969,2,-0.0910845,0.00510862,-0.0122315
10.71,-0.728046,-0.745741,-9.97755,-9.98947,2,2.01043,-2.99333,-3.00268,0.218919,0.231442,1.9042e-12,-0.0125904,-0.091071,-0.0926784,0.00533158,0.00609034,-0.0128616,-0.0101113,0.00135161,0.0116206,0.0223009,0.00358378,-0.0630054,-0.0645421,-0.728046,-9.97755,2,-0.091071,0.00533158,-0.0128616
10.72,-0.757976,-0.775552,-9.97531,-9.98728,2,2.01038,-2.99268,-3.00199,0.22787,0.24045,1.84965e-12,-0.0126449,-0.0910574,-0.0926755,0.00555463,0.00638879,-0.0134916,-0.0107362,0.00136399,0.0115389,0.0223088,0.00356394,-0.0629925,-0.0645495,-0.757976,-9.97531,2,-0.0910574,0.00555463,-0.0134916
10.73,-0.787899,-0.805351,-9.97299,-9.985,2,2.01033,-2.992,-3.00126,0.236818,0.249458,1.79667e-12,-0.0126989,-0.0910437,-0.0926707,0.00577776,0.00668604,-0.0141214,-0.0113604,0.00137697,0.0114575,0.0223157,0.00354154,-0.0629791,-0.0645564,-0.787899,-9.97299,2,-0.0910437,0.00577776,-0.0141214
10.74,-0.817816,-0.835142,-9.97058,-9.98262,2,2.01028,-2.9913,-3.0005,0.245765,0.258467,1.74517e-12,-0.0127524,-0.0910299,-0.0926637,0.00600094,0.00698255,-0.0147512,-0.0119841,0.0013906,0.0113759,0.0223214,0.00351495,-0.0629651,-0.0645629,-0.817816,-9.97058,2,-0.0910299,0.00600094,-0.0147512
10.75,-0.847725,-0.864924,-9.96807,-9.98016,2,2.01023,-2.99056,-2.9997,0.254709,0.267476,1.69513e-12,-0.0128051,-0.0910159,-0.092655,0.00622418,0.00727811,-0.0153807,-0.0126071,0.00140493,0.0112933,0.022326,0.00348679,-0.0629505,-0.064569,-0.847725,-9.96807,2,-0.0910159,0.00622418,-0.0153807
10.76,-0.877627,-0.894694,-9.96548,-9.9776,2,2.01018,-2.9898,-2.99887,0.263651,0.276485,1.64656e-12,-0.0128567,-0.0910018,-0.0926441,0.00644746,0.00757221,-0.0160102,-0.0132295,0.00141999,0.0112116,0.0223296,0.0034547,-0.0629354,-0.0645747,-0.877627,-9.96548,2,-0.0910018,0.00644746,-0.0160102
10.77,-0.907521,-0.924454,-9.9628,-9.97495,2,2.01013,-2.98901,-2.998,0.272591,0.285494,1.59938e-12,-0.0129072,-0.0909875,-0.0926309,0.00667077,0.00786562,-0.0166395,-0.0138512,0.00143583,0.0111289,0.022332,0.00342059,-0.0629197,-0.0645799,-0.907521,-9.9628,2,-0.0909875,0.00667077,-0.0166395
10.78,-0.937407,-0.954198,-9.96003,-9.97221,2,2.01007,-2.98819,-2.9971,0.281528,0.294501,1.55352e-12,-0.0129571,-0.0909731,-0.092616,0.0068941,0.00815725,-0.0172686,-0.014472,0.00145248,0.0110462,0.0223334,0.00338403,-0.0629034,-0.0645846,-0.937407,-9.96003,2,-0.0909731,0.0068941,-0.0172686
10.79,-0.967285,-0.983937,-9.95717,-9.96937,2,2.01002,-2.98735,-2.99616,0.290463,0.30351,1.50896e-12,-0.0130055,-0.0909585,-0.092599,0.00711743,0.00844769,-0.0178975,-0.0150923,0.00146998,0.0109641,0.0223337,0.00334429,-0.0628866,-0.0645889,-0.967285,-9.95717,2,-0.0909585,0.00711743,-0.0178975
10.8,-0.997154,-1.01366,-9.95422,-9.96644,2,2.00997,-2.98648,-2.99519,0.299396,0.312517,1.46571e-12,-0.0130532,-0.0909437,-0.0925799,0.00734077,0.00873681,-0.0185263,-0.0157118,0.00148836,0.0108816,0.022333,0.0033015,-0.0628692,-0.0645926,-0.997154,-9.95422,2,-0.0909437,0.00734077,-0.0185263
10.81,-1.02701,-1.04338,-9.95118,-9.96342,2,2.00991,-2.98558,-2.99419,0.308326,0.321523,1.4237e-12,-0.0131005,-0.0909287,-0.0925585,0.00756409,0.00902442,-0.0191549,-0.0163306,0.00150765,0.0107993,0.0223312,0.00325692,-0.0628512,-0.0645959,-1.02701,-9.95118,2,-0.0909287,0.00756409,-0.0191549
10.82,-1.05687,-1.07308,-9.94806,-9.96031,2,2.00986,-2.98465,-2.99315,0.317254,0.330528,1.38291e-12,-0.0131461,-0.0909135,-0.0925352,0.00778739,0.00931048,-0.0197833,-0.0169485,0.00152789,0.0107166,0.0223285,0.00321121,-0.0628327,-0.0645987,-1.05687,-9.94806,2,-0.0909135,0.00778739,-0.0197833
10.83,-1.08671,-1.10277,-9.94484,-9.95711,2,2.00981,-2.98369,-2.99208,0.32618,0.339532,1.34326e-12,-0.0131908,-0.0908981,-0.09251,0.00801065,0.00959498,-0.0204116,-0.0175657,0.0015491,0.010633,0.0223247,0.00316081,-0.0628136,-0.0646009,-1.08671,-9.94484,2,-0.0908981,0.00801065,-0.0204116
10.84,-1.11654,-1.13244,-9.94153,-9.95381,2,2.00975,-2.98271,-2.99097,0.335103,0.348534,1.30476e-12,-0.0132348,-0.0908825,-0.0924827,0.00823388,0.00987767,-0.0210396,-0.0181821,0.00157131,0.0105507,0.0223199,0.00310757,-0.0627939,-0.0646027,-1.11654,-9.94153,2,-0.0908825,0.00823388,-0.0210396
10.85,-1.14636,-1.16211,-9.93814,-9.95042,2,2.0097,-2.9817,-2.98984,0.344023,0.357536,1.26737e-12,-0.0132777,-0.0908667,-0.0924533,0.00845705,0.0101589,-0.0216674,-0.0187977,0.00159454,0.0104678,0.0223142,0.00305535,-0.0627736,-0.0646038,-1.14636,-9.93814,2,-0.0908667,0.00845705,-0.0216674
10.86,-1.17617,-1.19176,-9.93465,-9.94694,2,2.00965,-2.98067,-2.98866,0.35294,0.366535,1.23104e-12,-0.0133191,-0.0908506,-0.0924221,0.00868016,0.0104382,-0.0222951,-0.0194124,0.00161882,0.010385,0.0223075,0.00299848,-0.0627528,-0.0646045,-1.17617,-9.93465,2,-0.0908506,0.00868016,-0.0222951
10.87,-1.20597,-1.2214,-9.93108,-9.94337,2,2.00959,-2.9796,-2.98746,0.361855,0.375531,1.19574e-12,-0.0133598,-0.0908343,-0.0923887,0.0089032,0.0107158,-0.0229225,-0.0200263,0.00164416,0.0103015,0.0222999,0.00293984,-0.0627314,-0.0646045,-1.20597,-9.93108,2,-0.0908343,0.0089032,-0.0229225
10.88,-1.23577,-1.25102,-9.92741,-9.9397,2,2.00954,-2.97851,-2.98622,0.370767,0.384527,1.16144e-12,-0.0133998,-0.0908177,-0.0923535,0.00912615,0.0109916,-0.0235497,-0.0206393,0.0016706,0.010218,0.0222913,0.00287691,-0.0627095,-0.0646041,-1.23577,-9.92741,2,-0.0908177,0.00912615,-0.0235497
10.89,-1.26554,-1.28063,-9.92366,-9.93594,2,2.00949,-2.97739,-2.98495,0.379676,0.393519,1.12812e-12,-0.0134379,-0.0908009,-0.0923162,0.00934902,0.0112654,-0.0241767,-0.0212515,0.00169814,0.0101344,0.0222819,0.00281388,-0.062687,-0.064603,-1.26554,-9.92366,2,-0.0908009,0.00934902,-0.0241767
10.9,-1.29531,-1.31023,-9.91982,-9.93209,2,2.00944,-2.97624,-2.98364,0.388583,0.402508,1.09577e-12,-0.0134757,-0.0907838,-0.0922771,0.00957179,0.0115372,-0.0248034,-0.0218627,0.0017268,0.0100508,0.0222716,0.00274837,-0.0626639,-0.0646014,-1.29531,-9.91982,2,-0.0907838,0.00957179,-0.0248034
10.91,-1.32507,-1.33981,-9.91589,-9.92814,2,2.00938,-2.97507,-2.98231,0.397486,0.411496,1.06433e-12,-0.0135122,-0.0907664,-0.0922361,0.00979445,0.0118071,-0.02543,-0.0224732,0.0017566,0.00996664,0.0222605,0.00268357,-0.0626403,-0.0645991,-1.32507,-9.91589,2,-0.0907664,0.00979445,-0.02543
10.92,-1.35481,-1.36938,-9.91187,-9.9241,2,2.00933,-2.97387,-2.98094,0.406386,0.42048,1.03378e-12,-0.0135482,-0.0907486,-0.092193,0.010017,0.012075,-0.0260562,-0.0230826,0.00178754,0.00988291,0.0222486,0.00261501,-0.0626161,-0.0645962,-1.35481,-9.91187,2,-0.0907486,0.010017,-0.0260562
10.93,-1.38455,-1.39893,-9.90776,-9.91998,2,2.00928,-2.97264,-2.97954,0.415284,0.429462,1.0041e-12,-0.0135817,-0.0907306,-0.0921481,0.0102394,0.0123408,-0.0266823,-0.0236913,0.00181964,0.00979858,0.0222358,0.00254419,-0.0625913,-0.0645927,-1.38455,-9.90776,2,-0.0907306,0.0102394,-0.0266823
10.94,-1.41427,-1.42847,-9.90357,-9.91576,2,2.00923,-2.97139,-2.97811,0.424178,0.438439,9.7529e-13,-0.0136148,-0.0907122,-0.0921015,0.0104617,0.0126046,-0.0273081,-0.0242989,0.0018529,0.00971393,0.0222223,0.00247152,-0.062566,-0.0645886,-1.41427,-9.90357,2,-0.0907122,0.0104617,-0.0273081
10.95,-1.44397,-1.45799,-9.89928,-9.91144,2,2.00919,-2.9701,-2.97665,0.433069,0.447413,9.47302e-13,-0.0136471,-0.0906935,-0.092053,0.0106839,0.0128662,-0.0279336,-0.0249056,0.00188734,0.00962973,0.0222081,0.00239869,-0.0625401,-0.0645838,-1.44397,-9.89928,2,-0.0906935,0.0106839,-0.0279336
10.96,-1.47367,-1.4875,-9.8949,-9.90704,2,2.00914,-2.96879,-2.97516,0.441956,0.456384,9.20107e-13,-0.0136786,-0.0906745,-0.0920025,0.0109059,0.013126,-0.0285589,-0.0255115,0.00192295,0.00954431,0.0221931,0.0023245,-0.0625136,-0.0645784,-1.47367,-9.8949,2,-0.0906745,0.0109059,-0.0285589
10.97,-1.50335,-1.51699,-9.89044,-9.90254,2,2.00909,-2.96745,-2.97364,0.45084,0.465351,8.93712e-13,-0.0137084,-0.0906551,-0.0919504,0.0111277,0.0133832,-0.0291839,-0.0261163,0.00195974,0.00945906,0.0221775,0.00224679,-0.0624866,-0.0645722,-1.50335,-9.89044,2,-0.0906551,0.0111277,-0.0291839
10.98,-1.53302,-1.54646,-9.88589,-9.89795,2,2.00905,-2.96609,-2.97208,0.459721,0.474313,8.68045e-13,-0.0137373,-0.0906353,-0.0918966,0.0113494,0.0136386,-0.0298086,-0.0267202,0.00199772,0.0093742,0.0221611,0.00217115,-0.062459,-0.0645654,-1.53302,-9.88589,2,-0.0906353,0.0113494,-0.0298086
10.99,-1.56267,-1.57592,-9.88125,-9.89327,2,2.009,-2.9647,-2.9705,0.468599,0.483271,8.43121e-13,-0.0137654,-0.0906151,-0.091841,0.0115709,0.0138914,-0.030433,-0.0273231,0.00203687,0.00928862,0.0221442,0.00209266,-0.0624309,-0.0645579,-1.56267,-9.88125,2,-0.0906151,0.0115709,-0.030433
11,-1.59231,-1.60537,-9.87651,-9.88849,2,2.00896,-2.96328,-2.96889,0.477473,0.492225,8.18891e-13,-0.0137926,-0.0905946,-0.0917837,0.0117923,0.0141426,-0.0310572,-0.0279252,0.00207721,0.0092025,0.0221266,0.00201212,-0.0624021,-0.0645497,-1.59231,-9.87651,2,-0.0905946,0.0117923,-0.0310572
11.01,-1.62194,-1.63479,-9.8717,-9.88363,2,2.00891,-2.96183,-2.96725,0.486343,0.501175,7.95352e-13,-0.0138182,-0.0905736,-0.0917249,0.0120135,0.0143913,-0.0316811,-0.0285262,0.00211872,0.00911655,0.0221085,0.00193173,-0.0623729,-0.0645408,-1.62194,-9.8717,2,-0.0905736,0.0120135,-0.0316811
11.02,-1.65155,-1.6642,-9.86679,-9.87867,2,2.00887,-2.96036,-2.96558,0.49521,0.510119,7.72507e-13,-0.0138424,-0.0905522,-0.0916644,0.0122345,0.0146377,-0.0323047,-0.0291262,0.0021614,0.00902972,0.0220898,0.00184916,-0.0623431,-0.0645311,-1.65155,-9.86679,2,-0.0905522,0.0122345,-0.0323047
11.03,-1.68114,-1.69359,-9.86179,-9.87362,2,2.00883,-2.95886,-2.96388,0.504072,0.519058,7.50326e-13,-0.0138665,-0.0905303,-0.0916023,0.0124553,0.014882,-0.0329279,-0.0297253,0.00220525,0.00894313,0.0220706,0.00176794,-0.0623127,-0.0645207,-1.68114,-9.86179,2,-0.0905303,0.0124553,-0.0329279
11.04,-1.71073,-1.72296,-9.85671,-9.86848,2,2.00879,-2.95733,-2.96215,0.512932,0.527992,7.28793e-13,-0.0138893,-0.0905081,-0.0915386,0.0126759,0.0151241,-0.0335509,-0.0303234,0.00225025,0.00885602,0.0220508,0.00168311,-0.0622817,-0.0645095,-1.71073,-9.85671,2,-0.0905081,0.0126759,-0.0335509
11.05,-1.74029,-1.75232,-9.85153,-9.86325,2,2.00876,-2.95577,-2.96039,0.521787,0.536922,7.07884e-13,-0.0139104,-0.0904853,-0.0914736,0.0128963,0.0153639,-0.0341736,-0.0309205,0.0022964,0.00876921,0.0220307,0.0016003,-0.0622502,-0.0644975,-1.74029,-9.85153,2,-0.0904853,0.0128963,-0.0341736
11.06,-1.76984,-1.78165,-9.84627,-9.85793,2,2.00872,-2.95419,-2.95861,0.530638,0.545844,6.87582e-13,-0.0139314,-0.0904621,-0.0914071,0.0131165,0.0156016,-0.0347959,-0.0315167,0.00234369,0.00868072,0.0220101,0.00151697,-0.0622182,-0.0644848,-1.76984,-9.84627,2,-0.0904621,0.0131165,-0.0347959
11.07,-1.79937,-1.81097,-9.84092,-9.85252,2,2.00869,-2.95258,-2.9568,0.539485,0.554762,6.67857e-13,-0.0139509,-0.0904385,-0.0913389,0.0133365,0.015837,-0.0354179,-0.0321118,0.0023921,0.00859291,0.021989,0.00143339,-0.0621855,-0.0644713,-1.79937,-9.84092,2,-0.0904385,0.0133365,-0.0354179
11.08,-1.82889,-1.84027,-9.83548,-9.84701,2,2.00866,-2.95094,-2.95496,0.548328,0.563672,6.48714e-13,-0.0139697,-0.0904143,-0.0912694,0.0135563,0.0160702,-0.0360396,-0.032706,0.00244162,0.00850427,0.0219676,0.00134746,-0.0621524,-0.0644569,-1.82889,-9.83548,2,-0.0904143,0.0135563,-0.0360396
11.09,-1.85839,-1.86955,-9.82995,-9.84142,2,2.00862,-2.94928,-2.95309,0.557167,0.572577,6.30111e-13,-0.0139873,-0.0903896,-0.0911984,0.0137758,0.0163012,-0.036661,-0.0332992,0.00249223,0.00841492,0.0219459,0.00126333,-0.0621186,-0.0644417,-1.85839,-9.82995,2,-0.0903896,0.0137758,-0.036661
11.1,-1.88788,-1.89881,-9.82434,-9.83573,2,2.00859,-2.94759,-2.9512,0.566002,0.581476,6.12042e-13,-0.0140044,-0.0903644,-0.0911263,0.0139952,0.01653,-0.037282,-0.0338914,0.00254393,0.00832576,0.0219238,0.00117734,-0.0620843,-0.0644257,-1.88788,-9.82434,2,-0.0903644,0.0139952,-0.037282
11.11,-1.91734,-1.92805,-9.81863,-9.82996,2,2.00857,-2.94587,-2.94928,0.574832,0.590369,5.94483e-13,-0.0140204,-0.0903387,-0.0910526,0.0142143,0.0167568,-0.0379027,-0.0344826,0.00259668,0.00823606,0.0219015,0.00109177,-0.0620495,-0.0644089,-1.91734,-9.81863,2,-0.0903387,0.0142143,-0.0379027
11.12,-1.94679,-1.95727,-9.81284,-9.82409,2,2.00854,-2.94413,-2.94734,0.583658,0.599255,5.77399e-13,-0.0140344,-0.0903125,-0.0909779,0.0144332,0.0169813,-0.038523,-0.0350729,0.00265048,0.00814589,0.0218789,0.00100624,-0.0620141,-0.0643912,-1.94679,-9.81284,2,-0.0903125,0.0144332,-0.038523
11.13,-1.97623,-1.98647,-9.80696,-9.81813,2,2.00851,-2.94236,-2.94537,0.592479,0.608133,5.60819e-13,-0.014048,-0.0902857,-0.0909019,0.0146519,0.0172037,-0.0391429,-0.0356621,0.0027053,0.00805561,0.021856,0.000921844,-0.0619781,-0.0643725,-1.97623,-9.80696,2,-0.0902857,0.0146519,-0.0391429
11.14,-2.00564,-2.01565,-9.80099,-9.81208,2,2.00849,-2.94056,-2.94337,0.601296,0.617006,5.44712e-13,-0.0140615,-0.0902584,-0.0908247,0.0148703,0.0174238,-0.0397625,-0.0362505,0.00276112,0.00796433,0.021833,0.000837717,-0.0619416,-0.0643531,-2.00564,-9.80099,2,-0.0902584,0.0148703,-0.0397625
11.15,-2.03504,-2.04481,-9.79493,-9.80595,2,2.00847,-2.93874,-2.94135,0.610108,0.625869,5.2907e-13,-0.0140735,-0.0902305,-0.0907463,0.0150885,0.017642,-0.0403818,-0.0368378,0.00281792,0.00787286,0.0218097,0.000751392,-0.0619046,-0.0643327,-2.03504,-9.79493,2,-0.0902305,0.0150885,-0.0403818
11.16,-2.06442,-2.07395,-9.78879,-9.79972,2,2.00845,-2.93689,-2.93931,0.618916,0.634727,5.13864e-13,-0.0140844,-0.090202,-0.090667,0.0153065,0.0178581,-0.0410006,-0.0374241,0.00287568,0.00778156,0.0217863,0.000666573,-0.0618669,-0.0643114,-2.06442,-9.78879,2,-0.090202,0.0153065,-0.0410006
11.17,-2.09378,-2.10307,-9.78256,-9.79341,2,2.00843,-2.93501,-2.93724,0.627718,0.643577,4.99096e-13,-0.0140947,-0.090173,-0.0905863,0.0155243,0.0180721,-0.0416191,-0.0380096,0.00293436,0.00768931,0.0217628,0.000584343,-0.0618288,-0.0642892,-2.09378,-9.78256,2,-0.090173,0.0155243,-0.0416191
11.18,-2.12312,-2.13217,-9.77623,-9.787,2,2.00841,-2.93311,-2.93514,0.636516,0.652419,4.84752e-13,-0.0141034,-0.0901433,-0.0905049,0.0157418,0.018284,-0.0422372,-0.0385941,0.00299396,0.00759649,0.0217392,0.000501763,-0.06179,-0.0642661,-2.12312,-9.77623,2,-0.0901433,0.0157418,-0.0422372
11.19,-2.15244,-2.16124,-9.76983,-9.78051,2,2.0084,-2.93118,-2.93302,0.645308,0.661253,4.70801e-13,-0.0141125,-0.0901131,-0.0904221,0.0159591,0.0184941,-0.0428549,-0.0391776,0.00305444,0.00750339,0.0217155,0.000418344,-0.0617508,-0.0642421,-2.15244,-9.76983,2,-0.0901131,0.0159591,-0.0428549
11.2,-2.18174,-2.1903,-9.76333,-9.77392,2,2.00838,-2.92922,-2.93088,0.654096,0.670079,4.57272e-13,-0.0141199,-0.0900823,-0.0903386,0.0161761,0.0187023,-0.0434722,-0.0397602,0.00311578,0.00741018,0.0216918,0.000336025,-0.0617109,-0.0642171,-2.18174,-9.76333,2,-0.0900823,0.0161761,-0.0434722
11.21,-2.21102,-2.21933,-9.75674,-9.76725,2,2.00837,-2.92723,-2.92872,0.662878,0.678897,4.44139e-13,-0.0141272,-0.0900508,-0.0902542,0.0163929,0.0189082,-0.0440891,-0.0403418,0.00317794,0.00731577,0.0216681,0.000254894,-0.0616706,-0.0641911,-2.21102,-9.75674,2,-0.0900508,0.0163929,-0.0440891
11.22,-2.24028,-2.24834,-9.75007,-9.76048,2,2.00836,-2.92522,-2.92653,0.671655,0.687708,4.31331e-13,-0.014133,-0.0900187,-0.0901686,0.0166095,0.0191124,-0.0447056,-0.0409226,0.00324091,0.00722098,0.0216443,0.000173831,-0.0616296,-0.0641642,-2.24028,-9.75007,2,-0.0900187,0.0166095,-0.0447056
11.23,-2.26953,-2.27732,-9.74331,-9.75364,2,2.00835,-2.92319,-2.92432,0.680426,0.696508,4.18901e-13,-0.0141378,-0.089986,-0.0900824,0.0168258,0.0193148,-0.0453217,-0.0415024,0.00330464,0.00712625,0.0216206,9.30317e-05,-0.0615881,-0.0641363,-2.26953,-9.74331,2,-0.089986,0.0168258,-0.0453217
11.24,-2.29875,-2.30629,-9.73646,-9.7467,2,2.00835,-2.92112,-2.92208,0.689193,0.705302,4.06859e-13,-0.0141427,-0.0899526,-0.0899953,0.0170419,0.0195152,-0.0459374,-0.0420814,0.00336912,0.00703064,0.021597,1.30041e-05,-0.0615461,-0.0641074,-2.29875,-9.73646,2,-0.0899526,0.0170419,-0.0459374
11.25,-2.32795,-2.33523,-9.72953,-9.73967,2,2.00834,-2.91903,-2.91983,0.697953,0.714086,3.9516e-13,-0.014146,-0.0899186,-0.0899073,0.0172577,0.0197141,-0.0465526,-0.0426595,0.00343432,0.00693521,0.0215734,-6.39465e-05,-0.0615035,-0.0640775,-2.32795,-9.72953,2,-0.0899186,0.0172577,-0.0465526
11.26,-2.35713,-2.36415,-9.7225,-9.73256,2,2.00834,-2.91692,-2.91755,0.706708,0.722862,3.83799e-13,-0.0141497,-0.0898839,-0.0898186,0.0174733,0.0199111,-0.0471675,-0.0432367,0.00350019,0.00683897,0.0215499,-0.000143792,-0.0614604,-0.0640466,-2.35713,-9.7225,2,-0.0898839,0.0174733,-0.0471675
11.27,-2.38629,-2.39305,-9.71539,-9.72536,2,2.00834,-2.91478,-2.91525,0.715457,0.731628,3.72787e-13,-0.0141513,-0.0898486,-0.0897292,0.0176887,0.0201061,-0.0477818,-0.043813,0.00356672,0.00674229,0.0215266,-0.000219606,-0.0614167,-0.0640147,-2.38629,-9.71539,2,-0.0898486,0.0176887,-0.0477818
11.28,-2.41542,-2.42191,-9.70819,-9.71807,2,2.00834,-2.91261,-2.91293,0.724201,0.740385,3.62072e-13,-0.0141532,-0.0898126,-0.0896389,0.0179039,0.0202995,-0.0483958,-0.0443884,0.00363388,0.00664544,0.0215034,-0.000294052,-0.0613725,-0.0639818,-2.41542,-9.70819,2,-0.0898126,0.0179039,-0.0483958
11.29,-2.44454,-2.45076,-9.70091,-9.71069,2,2.00834,-2.91041,-2.91058,0.732938,0.749133,3.51629e-13,-0.0141534,-0.0897759,-0.0895482,0.0181188,0.0204916,-0.0490093,-0.0449631,0.00370162,0.00654734,0.0214803,-0.000369117,-0.0613277,-0.0639479,-2.44454,-9.70091,2,-0.0897759,0.0181188,-0.0490093
11.3,-2.47363,-2.47959,-9.69354,-9.70323,2,2.00834,-2.90819,-2.90822,0.74167,0.757871,3.4149e-13,-0.0141541,-0.0897385,-0.0894568,0.0183335,0.0206818,-0.0496223,-0.0455369,0.00376992,0.00644968,0.0214575,-0.000440598,-0.0612824,-0.0639129,-2.47363,-9.69354,2,-0.0897385,0.0183335,-0.0496223
11.31,-2.5027,-2.50839,-9.68608,-9.69567,2,2.00835,-2.90594,-2.90583,0.750395,0.766602,3.31676e-13,-0.0141538,-0.0897005,-0.0893647,0.0185479,0.0208706,-0.0502349,-0.0461099,0.00383875,0.00635202,0.0214348,-0.000514825,-0.0612365,-0.063877,-2.5027,-9.68608,2,-0.0897005,0.0185479,-0.0502349
11.32,-2.53175,-2.53716,-9.67853,-9.68804,2,2.00835,-2.90367,-2.90342,0.759114,0.77532,3.22145e-13,-0.0141528,-0.0896618,-0.0892722,0.0187622,0.0210578,-0.0508471,-0.0466821,0.00390807,0.00625328,0.0214124,-0.000584038,-0.0611901,-0.0638399,-2.53175,-9.67853,2,-0.0896618,0.0187622,-0.0508471
11.33,-2.56078,-2.56591,-9.67089,-9.68031,2,2.00836,-2.90137,-2.901,0.767827,0.78403,3.12886e-13,-0.0141512,-0.0896223,-0.0891787,0.0189762,0.0212437,-0.0514587,-0.0472535,0.00397786,0.00615438,0.0213902,-0.000654077,-0.0611432,-0.0638018,-2.56078,-9.67089,2,-0.0896223,0.0189762,-0.0514587
11.34,-2.58978,-2.59464,-9.66317,-9.6725,2,2.00837,-2.89904,-2.89855,0.776534,0.79273,3.03916e-13,-0.0141485,-0.0895822,-0.0890853,0.01919,0.021428,-0.0520699,-0.0478242,0.00404808,0.00605455,0.0213682,-0.000721616,-0.0610957,-0.0637627,-2.58978,-9.66317,2,-0.0895822,0.01919,-0.0520699
11.35,-2.61876,-2.62334,-9.65536,-9.6646,2,2.00838,-2.89669,-2.89608,0.785234,0.801421,2.95185e-13,-0.0141458,-0.0895414,-0.0889911,0.0194036,0.0216109,-0.0526806,-0.0483941,0.00411869,0.00595479,0.0213466,-0.000788433,-0.0610476,-0.0637225,-2.61876,-9.65536,2,-0.0895414,0.0194036,-0.0526806
11.36,-2.64771,-2.65201,-9.64747,-9.65662,2,2.00839,-2.89431,-2.89359,0.793927,0.810102,2.86685e-13,-0.0141422,-0.0894998,-0.0888965,0.0196169,0.0217926,-0.0532909,-0.0489633,0.00418967,0.00585492,0.0213252,-0.000856572,-0.060999,-0.0636813,-2.64771,-9.64747,2,-0.0894998,0.0196169,-0.0532909
11.37,-2.67664,-2.68066,-9.63948,-9.64855,2,2.00841,-2.89191,-2.89108,0.802614,0.818771,2.78415e-13,-0.0141387,-0.0894576,-0.0888014,0.0198301,0.021973,-0.0539006,-0.0495318,0.00426099,0.00575476,0.0213041,-0.000918694,-0.0609499,-0.063639,-2.67664,-9.63948,2,-0.0894576,0.0198301,-0.0539006
11.38,-2.70555,-2.70929,-9.63141,-9.64039,2,2.00842,-2.88948,-2.88856,0.811294,0.827431,2.70375e-13,-0.0141336,-0.0894146,-0.0887057,0.020043,0.0221521,-0.0545099,-0.0500996,0.00433261,0.00565409,0.0212833,-0.000983234,-0.0609002,-0.0635957,-2.70555,-9.63141,2,-0.0894146,0.020043,-0.0545099
11.39,-2.73443,-2.73789,-9.62326,-9.63215,2,2.00844,-2.88702,-2.88601,0.819967,0.836081,2.62573e-13,-0.0141292,-0.0893709,-0.08861,0.0202557,0.0223301,-0.0551186,-0.0506667,0.0044045,0.00555317,0.0212629,-0.00104707,-0.06085,-0.0635512,-2.73443,-9.62326,2,-0.0893709,0.0202557,-0.0551186
11.4,-2.76329,-2.76646,-9.61502,-9.62383,2,2.00846,-2.88454,-2.88344,0.828633,0.844719,2.55009e-13,-0.0141233,-0.0893265,-0.0885137,0.0204683,0.0225069,-0.0557269,-0.0512331,0.00447663,0.00545153,0.0212428,-0.00110452,-0.0607992,-0.0635058,-2.76329,-9.61502,2,-0.0893265,0.0204683,-0.0557269
11.41,-2.79212,-2.79501,-9.60669,-9.61542,2,2.00848,-2.88204,-2.88085,0.837292,0.853348,2.47644e-13,-0.0141169,-0.0892814,-0.0884172,0.0206806,0.0226824,-0.0563346,-0.0517989,0.00454896,0.00535043,0.0212231,-0.00116471,-0.0607479,-0.0634592,-2.79212,-9.60669,2,-0.0892814,0.0206806,-0.0563346
11.42,-2.82093,-2.82353,-9.59827,-9.60693,2,2.0085,-2.8795,-2.87825,0.845944,0.861967,2.405e-13,-0.014111,-0.0892355,-0.0883202,0.0208927,0.0228571,-0.0569418,-0.0523641,0.00462147,0.00524858,0.0212037,-0.00122137,-0.0606961,-0.0634116,-2.82093,-9.59827,2,-0.0892355,0.0208927,-0.0569418
11.43,-2.84971,-2.85202,-9.58977,-9.59834,2,2.00852,-2.87694,-2.87562,0.854589,0.870573,2.33579e-13,-0.0141038,-0.089189,-0.0882231,0.0211047,0.0230309,-0.0575485,-0.0529287,0.00469412,0.00514712,0.0211847,-0.00127838,-0.0606437,-0.0633629,-2.84971,-9.58977,2,-0.089189,0.0211047,-0.0575485
11.44,-2.87847,-2.88049,-9.58118,-9.58968,2,2.00854,-2.87436,-2.87297,0.863226,0.879171,2.26851e-13,-0.0140963,-0.0891417,-0.0881255,0.0213164,0.0232034,-0.0581547,-0.0534927,0.00476689,0.00504525,0.0211661,-0.00133419,-0.0605908,-0.0633132,-2.87847,-9.58118,2,-0.0891417,0.0213164,-0.0581547
11.45,-2.9072,-2.90893,-9.5725,-9.58093,2,2.00857,-2.87175,-2.87031,0.871856,0.887757,2.20312e-13,-0.0140885,-0.0890936,-0.0880279,0.021528,0.0233752,-0.0587603,-0.0540561,0.00483974,0.00494259,0.0211478,-0.00138767,-0.0605373,-0.0632624,-2.9072,-9.5725,2,-0.0890936,0.021528,-0.0587603
11.46,-2.93591,-2.93734,-9.56374,-9.5721,2,2.00859,-2.86911,-2.86763,0.880479,0.896332,2.13946e-13,-0.0140806,-0.0890449,-0.08793,0.0217394,0.0235462,-0.0593654,-0.0546191,0.00491264,0.00484016,0.02113,-0.00144144,-0.0604833,-0.0632106,-2.93591,-9.56374,2,-0.0890449,0.0217394,-0.0593654
11.47,-2.96458,-2.96573,-9.55489,-9.56318,2,2.00862,-2.86645,-2.86493,0.889093,0.904896,2.07767e-13,-0.0140714,-0.0889954,-0.0878318,0.0219506,0.0237162,-0.05997,-0.0551815,0.00498557,0.00473771,0.0211126,-0.00149057,-0.0604288,-0.0631577,-2.96458,-9.55489,2,-0.0889954,0.0219506,-0.05997
11.48,-2.99323,-2.99409,-9.54596,-9.55418,2,2.00865,-2.86376,-2.8622,0.8977,0.91345,2.01765e-13,-0.0140628,-0.0889451,-0.0877334,0.0221616,0.0238854,-0.060574,-0.0557433,0.00505849,0.00463544,0.0210955,-0.00154178,-0.0603737,-0.0631037,-2.99323,-9.54596,2,-0.0889451,0.0221616,-0.060574
11.49,-3.02186,-3.02242,-9.53694,-9.5451,2,2.00868,-2.86105,-2.85946,0.9063,0.921991,1.95957e-13,-0.0140537,-0.0888942,-0.0876349,0.0223725,0.0240541,-0.0611775,-0.0563048,0.00513138,0.00453218,0.0210789,-0.00158899,-0.0603181,-0.0630487,-3.02186,-9.53694,2,-0.0888942,0.0223725,-0.0611775
11.5,-3.05046,-3.05072,-9.52783,-9.53593,2,2.00871,-2.85831,-2.85671,0.914891,0.930524,1.90335e-13,-0.0140443,-0.0888425,-0.0875362,0.0225832,0.0242219,-0.0617804,-0.0568658,0.00520421,0.00442931,0.0210627,-0.00163735,-0.060262,-0.0629927,-3.05046,-9.52783,2,-0.0888425,0.0225832,-0.0617804
11.51,-3.07902,-3.079,-9.51864,-9.52668,2,2.00874,-2.85555,-2.85393,0.923474,0.939044,1.84855e-13,-0.0140345,-0.0887901,-0.0874374,0.0227937,0.0243892,-0.0623827,-0.0574264,0.00527694,0.0043265,0.021047,-0.00168215,-0.0602053,-0.0629356,-3.07902,-9.51864,2,-0.0887901,0.0227937,-0.0623827
11.52,-3.10757,-3.10725,-9.50936,-9.51735,2,2.00877,-2.85276,-2.85113,0.932049,0.947553,1.79539e-13,-0.0140247,-0.088737,-0.0873383,0.0230041,0.024556,-0.0629845,-0.0579866,0.00534957,0.00422362,0.0210316,-0.00172569,-0.0601481,-0.0628775,-3.10757,-9.50936,2,-0.088737,0.0230041,-0.0629845
11.53,-3.13608,-3.13546,-9.5,-9.50793,2,2.0088,-2.84994,-2.84831,0.940616,0.95605,1.74381e-13,-0.0140132,-0.0886831,-0.0872393,0.0232144,0.024722,-0.0635857,-0.0585463,0.00542205,0.00412067,0.0210167,-0.00176952,-0.0600903,-0.0628183,-3.13608,-9.5,2,-0.0886831,0.0232144,-0.0635857
11.54,-3.16456,-3.16366,-9.49055,-9.49844,2,2.00884,-2.8471,-2.84548,0.949174,0.964537,1.69365e-13,-0.0140031,-0.0886285,-0.0871399,0.0234245,0.0248878,-0.0641863,-0.0591057,0.00549436,0.00401764,0.0210022,-0.00181208,-0.0600321,-0.0627581,-3.16456,-9.49055,2,-0.0886285,0.0234245,-0.0641863
11.55,-3.19302,-3.19182,-9.48102,-9.48885,2,2.00887,-2.84424,-2.84263,0.957724,0.973011,1.64535e-13,-0.0139921,-0.0885732,-0.0870406,0.0236344,0.025053,-0.0647863,-0.0596648,0.00556649,0.00391463,0.0209882,-0.00184978,-0.0599732,-0.0626969,-3.19302,-9.48102,2,-0.0885732,0.0236344,-0.0647863
11.56,-3.22145,-3.21995,-9.4714,-9.47919,2,2.00891,-2.84135,-2.83976,0.966266,0.981476,1.59825e-13,-0.0139806,-0.0885172,-0.0869411,0.0238442,0.0252179,-0.0653858,-0.0602236,0.00563839,0.00381164,0.0209745,-0.00189083,-0.0599139,-0.0626347,-3.22145,-9.4714,2,-0.0885172,0.0238442,-0.0653858
11.57,-3.24985,-3.24805,-9.46169,-9.46945,2,2.00894,-2.83843,-2.83687,0.974799,0.989928,1.55232e-13,-0.0139695,-0.0884605,-0.0868417,0.0240539,0.0253823,-0.0659846,-0.060782,0.00571006,0.00370919,0.0209613,-0.00192787,-0.059854,-0.0625715,-3.24985,-9.46169,2,-0.0884605,0.0240539,-0.0659846
11.58,-3.27822,-3.27613,-9.4519,-9.45962,2,2.00898,-2.83549,-2.83396,0.983323,0.99837,1.50783e-13,-0.0139574,-0.088403,-0.0867421,0.0242635,0.0255463,-0.0665828,-0.0613403,0.00578147,0.00360576,0.0209485,-0.00196552,-0.0597936,-0.0625073,-3.27822,-9.4519,2,-0.088403,0.0242635,-0.0665828
11.59,-3.30656,-3.30418,-9.44203,-9.44971,2,2.00902,-2.83252,-2.83103,0.991839,1.0068,1.46447e-13,-0.0139457,-0.0883448,-0.0866427,0.0244729,0.0257104,-0.0671805,-0.0618983,0.00585259,0.00350291,0.0209361,-0.00200302,-0.0597327,-0.0624422,-3.30656,-9.44203,2,-0.0883448,0.0244729,-0.0671805
11.6,-3.33487,-3.3322,-9.43206,-9.43972,2,2.00906,-2.82953,-2.82808,1.00035,1.01522,1.42225e-13,-0.0139339,-0.088286,-0.0865428,0.0246822,0.025874,-0.0677775,-0.062456,0.00592341,0.00340051,0.0209242,-0.00203605,-0.0596712,-0.062376,-3.33487,-9.43206,2,-0.088286,0.0246822,-0.0677775
11.61,-3.36315,-3.36018,-9.42202,-9.42965,2,2.0091,-2.82651,-2.82511,1.00884,1.02362,1.38137e-13,-0.0139213,-0.0882264,-0.0864432,0.0248914,0.0260374,-0.0683739,-0.0630136,0.00599391,0.00329782,0.0209127,-0.00207217,-0.0596092,-0.0623089,-3.36315,-9.42202,2,-0.0882264,0.0248914,-0.0683739
11.62,-3.3914,-3.38814,-9.41189,-9.4195,2,2.00914,-2.82347,-2.82213,1.01733,1.03202,1.34173e-13,-0.0139087,-0.0881661,-0.0863435,0.0251004,0.0262008,-0.0689697,-0.063571,0.00606406,0.00319508,0.0209015,-0.00210286,-0.0595467,-0.0622408,-3.3914,-9.41189,2,-0.0881661,0.0251004,-0.0689697
11.63,-3.41962,-3.41607,-9.40167,-9.40927,2,2.00918,-2.8204,-2.81912,1.02581,1.0404,1.30305e-13,-0.0138962,-0.0881051,-0.0862438,0.0253094,0.0263641,-0.0695648,-0.0641282,0.00613385,0.00309291,0.0208908,-0.00213517,-0.0594836,-0.0621718,-3.41962,-9.40167,2,-0.0881051,0.0253094,-0.0695648
11.64,-3.44781,-3.44397,-9.39137,-9.39895,2,2.00922,-2.81731,-2.8161,1.03428,1.04878,1.26547e-13,-0.013883,-0.0880434,-0.0861442,0.0255183,0.026527,-0.0701593,-0.0646854,0.00620326,0.00299069,0.0208805,-0.00216458,-0.05942,-0.0621019,-3.44781,-9.39137,2,-0.0880434,0.0255183,-0.0701593
11.65,-3.47596,-3.47184,-9.38099,-9.38856,2,2.00927,-2.81419,-2.81306,1.04274,1.05714,1.22898e-13,-0.0138703,-0.087981,-0.0860445,0.025727,0.0266902,-0.0707532,-0.0652424,0.00627227,0.00288934,0.0208705,-0.00219805,-0.0593559,-0.062031,-3.47596,-9.38099,2,-0.087981,0.025727,-0.0707532
11.66,-3.50409,-3.49968,-9.37052,-9.37808,2,2.00931,-2.81105,-2.81,1.05119,1.06549,1.19361e-13,-0.0138568,-0.087918,-0.0859447,0.0259357,0.0268532,-0.0713465,-0.0657994,0.00634087,0.00278703,0.020861,-0.00222346,-0.0592913,-0.0619592,-3.50409,-9.37052,2,-0.087918,0.0259357,-0.0713465
11.67,-3.53218,-3.52748,-9.35996,-9.36753,2,2.00935,-2.80788,-2.80691,1.05963,1.07382,1.15943e-13,-0.0138435,-0.0878542,-0.0858448,0.0261442,0.0270165,-0.071939,-0.0663563,0.00640904,0.00268545,0.0208518,-0.00225446,-0.0592261,-0.0618865,-3.53218,-9.35996,2,-0.0878542,0.0261442,-0.071939
11.68,-3.56025,-3.55526,-9.34932,-9.35689,2,2.0094,-2.80469,-2.80381,1.06807,1.08215,1.12607e-13,-0.0138305,-0.0877898,-0.0857451,0.0263527,0.0271799,-0.072531,-0.0669132,0.00647677,0.0025841,0.020843,-0.0022782,-0.0591604,-0.0618129,-3.56025,-9.34932,2,-0.0877898,0.0263527,-0.072531
11.69,-3.58828,-3.583,-9.3386,-9.34618,2,2.00944,-2.80147,-2.80069,1.07649,1.09047,1.09362e-13,-0.0138172,-0.0877247,-0.0856454,0.0265611,0.027343,-0.0731222,-0.06747,0.00654405,0.002483,0.0208345,-0.00230469,-0.0590942,-0.0617385,-3.58828,-9.3386,2,-0.0877247,0.0265611,-0.0731222
11.7,-3.61628,-3.61072,-9.32779,-9.33538,2,2.00949,-2.79823,-2.79755,1.0849,1.09877,1.06222e-13,-0.0138031,-0.0876589,-0.0855458,0.0267694,0.0275065,-0.0737129,-0.0680269,0.00661086,0.00238195,0.0208264,-0.00233052,-0.0590274,-0.0616632,-3.61628,-9.32779,2,-0.0876589,0.0267694,-0.0737129
11.71,-3.64424,-3.63841,-9.3169,-9.3245,2,2.00953,-2.79496,-2.79439,1.0933,1.10706,1.03164e-13,-0.0137898,-0.0875925,-0.0854461,0.0269776,0.0276704,-0.0743028,-0.0685838,0.00667718,0.00228128,0.0208186,-0.00235518,-0.0589602,-0.061587,-3.64424,-9.3169,2,-0.0875925,0.0269776,-0.0743028
11.72,-3.67218,-3.66606,-9.30593,-9.31355,2,2.00958,-2.79167,-2.79121,1.1017,1.11534,1.00181e-13,-0.0137764,-0.0875254,-0.0853464,0.0271858,0.0278343,-0.0748921,-0.0691408,0.00674302,0.00218091,0.0208112,-0.0023805,-0.0588924,-0.06151,-3.67218,-9.30593,2,-0.0875254,0.0271858,-0.0748921
11.73,-3.70008,-3.69368,-9.29487,-9.30252,2,2.00963,-2.78835,-2.78801,1.11008,1.12361,9.72833e-14,-0.0137623,-0.0874576,-0.0852469,0.0273939,0.0279985,-0.0754806,-0.0696978,0.00680836,0.00208118,0.0208041,-0.00240243,-0.0588241,-0.0614321,-3.70008,-9.29487,2,-0.0874576,0.0273939,-0.0754806
11.74,-3.72794,-3.72127,-9.28373,-9.2914,2,2.00968,-2.78501,-2.78479,1.11845,1.13187,9.44644e-14,-0.0137478,-0.0873892,-0.0851472,0.0276019,0.0281628,-0.0760685,-0.070255,0.00687319,0.00198148,0.0207972,-0.00242533,-0.0587552,-0.0613535,-3.72794,-9.28373,2,-0.0873892,0.0276019,-0.0760685
11.75,-3.75578,-3.74883,-9.2725,-9.2802,2,2.00972,-2.78165,-2.78155,1.12681,1.14012,9.17358e-14,-0.0137339,-0.0873201,-0.0850477,0.0278098,0.0283277,-0.0766557,-0.0708122,0.0069375,0.00188156,0.0207907,-0.00244716,-0.0586859,-0.061274,-3.75578,-9.2725,2,-0.0873201,0.0278098,-0.0766557
11.76,-3.78358,-3.77635,-9.26119,-9.26893,2,2.00977,-2.77826,-2.77829,1.13517,1.14835,8.90903e-14,-0.0137199,-0.0872504,-0.0849482,0.0280177,0.0284928,-0.0772423,-0.0713697,0.0070013,0.00178214,0.0207845,-0.00246808,-0.058616,-0.0611938,-3.78358,-9.26119,2,-0.0872504,0.0280177,-0.0772423
11.77,-3.81134,-3.80385,-9.2498,-9.25758,2,2.00982,-2.77484,-2.77501,1.14351,1.15657,8.65239e-14,-0.0137059,-0.0871801,-0.0848487,0.0282255,0.0286583,-0.0778281,-0.0719273,0.00706455,0.00168338,0.0207785,-0.00248929,-0.0585456,-0.0611128,-3.81134,-9.2498,2,-0.0871801,0.0282255,-0.0778281
11.78,-3.83907,-3.83131,-9.23832,-9.24615,2,2.00987,-2.7714,-2.7717,1.15184,1.16479,8.40362e-14,-0.0136912,-0.0871092,-0.0847492,0.0284332,0.0288244,-0.0784132,-0.0724851,0.00712728,0.00158417,0.0207728,-0.00250966,-0.0584747,-0.061031,-3.83907,-9.23832,2,-0.0871092,0.0284332,-0.0784132
11.79,-3.86677,-3.85874,-9.22676,-9.23464,2,2.00992,-2.76793,-2.76838,1.16016,1.17299,8.16152e-14,-0.0136769,-0.0870376,-0.0846499,0.0286409,0.0289907,-0.0789976,-0.073043,0.00718947,0.00148642,0.0207673,-0.00253,-0.0584033,-0.0609485,-3.86677,-9.22676,2,-0.0870376,0.0286409,-0.0789976
11.8,-3.89443,-3.88614,-9.21512,-9.22305,2,2.00997,-2.76444,-2.76504,1.16847,1.18118,7.92284e-14,-0.0136629,-0.0869654,-0.0845505,0.0288486,0.0291577,-0.0795812,-0.0736012,0.00725111,0.00138797,0.0207621,-0.0025496,-0.0583313,-0.0608652,-3.89443,-9.21512,2,-0.0869654,0.0288486,-0.0795812
11.81,-3.92206,-3.9135,-9.20339,-9.21138,2,2.01002,-2.76093,-2.76167,1.17677,1.18935,7.69313e-14,-0.0136482,-0.0868926,-0.0844513,0.0290562,0.0293248,-0.0801642,-0.0741596,0.00731221,0.00129037,0.0207571,-0.00256736,-0.0582589,-0.0607812,-3.92206,-9.20339,2,-0.0868926,0.0290562,-0.0801642
11.82,-3.94965,-3.94083,-9.19158,-9.19964,2,2.01007,-2.75739,-2.75828,1.18506,1.19752,7.47062e-14,-0.0136345,-0.0868191,-0.0843519,0.0292637,0.0294927,-0.0807464,-0.0747182,0.00737276,0.00119332,0.0207523,-0.00258582,-0.0581859,-0.0606966,-3.94965,-9.19158,2,-0.0868191,0.0292637,-0.0807464
11.83,-3.97721,-3.96813,-9.17969,-9.18781,2,2.01012,-2.75383,-2.75487,1.19333,1.20568,7.25394e-14,-0.0136197,-0.0867451,-0.0842527,0.0294712,0.0296611,-0.0813279,-0.0752771,0.00743276,0.00109587,0.0207477,-0.00260226,-0.0581124,-0.0606112,-3.97721,-9.17969,2,-0.0867451,0.0294712,-0.0813279
11.84,-4.00473,-3.99539,-9.16772,-9.17591,2,2.01018,-2.75024,-2.75144,1.2016,1.21382,7.04622e-14,-0.013605,-0.0866705,-0.0841536,0.0296787,0.0298299,-0.0819087,-0.0758364,0.00749221,0.000999004,0.0207432,-0.00262229,-0.0580384,-0.0605252,-4.00473,-9.16772,2,-0.0866705,0.0296787,-0.0819087
11.85,-4.03221,-4.02263,-9.15566,-9.16393,2,2.01023,-2.74663,-2.74799,1.20985,1.22195,6.8437e-14,-0.0135904,-0.0865953,-0.0840545,0.0298861,0.0299996,-0.0824887,-0.0763959,0.00755111,0.000902593,0.0207389,-0.00263768,-0.0579639,-0.0604385,-4.03221,-9.15566,2,-0.0865953,0.0298861,-0.0824887
11.86,-4.05966,-4.04982,-9.14352,-9.15187,2,2.01028,-2.74299,-2.74451,1.2181,1.23008,6.64489e-14,-0.0135768,-0.0865194,-0.0839552,0.0300935,0.0301698,-0.0830679,-0.0769557,0.00760947,0.000805933,0.0207348,-0.00265508,-0.0578888,-0.0603511,-4.05966,-9.14352,2,-0.0865194,0.0300935,-0.0830679
11.87,-4.08707,-4.07698,-9.1313,-9.13974,2,2.01033,-2.73933,-2.74102,1.22633,1.23819,6.45312e-14,-0.0135617,-0.0864431,-0.0838565,0.0303008,0.0303406,-0.0836464,-0.0775159,0.00766728,0.000710141,0.0207308,-0.00267305,-0.0578133,-0.0602631,-4.08707,-9.1313,2,-0.0864431,0.0303008,-0.0836464
11.88,-4.11445,-4.10411,-9.11899,-9.12752,2,2.01039,-2.73564,-2.7375,1.23455,1.24629,6.26616e-14,-0.0135474,-0.0863661,-0.0837573,0.0305081,0.0305119,-0.0842242,-0.0780764,0.00772455,0.000614356,0.0207269,-0.00268945,-0.0577372,-0.0601745,-4.11445,-9.11899,2,-0.0863661,0.0305081,-0.0842242
11.89,-4.14178,-4.13121,-9.1066,-9.11522,2,2.01044,-2.73193,-2.73396,1.24276,1.25438,6.08465e-14,-0.0135335,-0.0862886,-0.0836583,0.0307153,0.0306842,-0.0848012,-0.0786373,0.00778128,0.000519093,0.0207232,-0.00270684,-0.0576606,-0.0600853,-4.14178,-9.1066,2,-0.0862886,0.0307153,-0.0848012
11.9,-4.16908,-4.15827,-9.09414,-9.10285,2,2.01049,-2.7282,-2.73039,1.25096,1.26245,5.90956e-14,-0.0135188,-0.0862105,-0.0835593,0.0309225,0.0308569,-0.0853774,-0.0791985,0.00783747,0.000424504,0.0207195,-0.00272055,-0.0575835,-0.0599955,-4.16908,-9.09414,2,-0.0862105,0.0309225,-0.0853774
11.91,-4.19635,-4.18529,-9.08158,-9.09041,2,2.01055,-2.72444,-2.72681,1.25915,1.27052,5.73897e-14,-0.0135049,-0.0861318,-0.0834604,0.0311297,0.0310305,-0.0859528,-0.0797601,0.00789314,0.000329543,0.0207159,-0.00273815,-0.057506,-0.0599051,-4.19635,-9.08158,2,-0.0861318,0.0311297,-0.0859528
11.92,-4.22357,-4.21229,-9.06895,-9.07788,2,2.0106,-2.72066,-2.7232,1.26732,1.27857,5.57346e-14,-0.0134899,-0.0860526,-0.0833616,0.0313369,0.0312048,-0.0865275,-0.0803222,0.00794828,0.00023504,0.0207123,-0.00275459,-0.0574278,-0.0598142,-4.22357,-9.06895,2,-0.0860526,0.0313369,-0.0865275
11.93,-4.25076,-4.23924,-9.05624,-9.06527,2,2.01066,-2.71685,-2.71956,1.27549,1.28662,5.41503e-14,-0.0134756,-0.0859729,-0.0832629,0.031544,0.0313798,-0.0871014,-0.0808846,0.00800291,0.000141442,0.0207088,-0.00277053,-0.0573492,-0.0597226,-4.25076,-9.05624,2,-0.0859729,0.031544,-0.0871014
11.94,-4.27791,-4.26616,-9.04344,-9.05259,2,2.01071,-2.71302,-2.7159,1.28364,1.29465,5.26071e-14,-0.013461,-0.0858926,-0.083164,0.031751,0.0315555,-0.0876745,-0.0814474,0.00805703,4.78812e-05,0.0207054,-0.00278359,-0.0572701,-0.0596306,-4.27791,-9.04344,2,-0.0858926,0.031751,-0.0876745
11.95,-4.30502,-4.29305,-9.03057,-9.03983,2,2.01077,-2.70916,-2.71222,1.29178,1.30268,5.1086e-14,-0.0134465,-0.0858117,-0.0830653,0.0319581,0.0317322,-0.0882468,-0.0820106,0.00811064,-4.57577e-05,0.0207019,-0.00280256,-0.0571905,-0.059538,-4.30502,-9.03057,2,-0.0858117,0.0319581,-0.0882468
11.96,-4.33209,-4.3199,-9.01761,-9.02699,2,2.01082,-2.70528,-2.70852,1.29991,1.31069,4.96227e-14,-0.0134325,-0.0857304,-0.0829668,0.0321651,0.0319094,-0.0888183,-0.0825742,0.00816376,-0.000139412,0.0206985,-0.00281772,-0.0571103,-0.0594449,-4.33209,-9.01761,2,-0.0857304,0.0321651,-0.0888183
11.97,-4.35913,-4.34671,-9.00457,-9.01408,2,2.01088,-2.70138,-2.70479,1.30802,1.31869,4.81842e-14,-0.0134183,-0.0856485,-0.0828681,0.032372,0.0320875,-0.089389,-0.0831383,0.00821639,-0.000232443,0.020695,-0.00283211,-0.0570297,-0.0593514,-4.35913,-9.00457,2,-0.0856485,0.032372,-0.089389
11.98,-4.38612,-4.37349,-8.99145,-9.00109,2,2.01094,-2.69745,-2.70104,1.31613,1.32668,4.68177e-14,-0.0134037,-0.085566,-0.0827695,0.032579,0.0322666,-0.0899589,-0.0837027,0.00826855,-0.000325702,0.0206915,-0.00284718,-0.0569485,-0.0592573,-4.38612,-8.99145,2,-0.085566,0.032579,-0.0899589
11.99,-4.41307,-4.40023,-8.97825,-8.98802,2,2.01099,-2.69349,-2.69726,1.32422,1.33466,4.55027e-14,-0.0133894,-0.0854831,-0.082671,0.0327859,0.0324462,-0.090528,-0.0842677,0.00832024,-0.000418104,0.020688,-0.00286201,-0.0568669,-0.0591627,-4.41307,-8.97825,2,-0.0854831,0.0327859,-0.090528
12,-4.43999,-4.42694,-8.96496,-8.97487,2,2.01105,-2.68952,-2.69346,1.3323,1.34263,4.41972e-14,-0.0133744,-0.0853996,-0.0825725,0.0329927,0.0326268,-0.0910962,-0.0848331,0.00837148,-0.000510134,0.0206844,-0.0028778,-0.0567847,-0.0590677,-4.43999,-8.96496,2,-0.0853996,0.0329927,-0.0910962
12.01,-4.46687,-4.45361,-8.9516,-8.96165,2,2.01111,-2.68552,-2.68964,1.34036,1.35059,4.29274e-14,-0.013361,-0.0853157,-0.0824741,0.0331996,0.0328084,-0.0916637,-0.0853989,0.00842227,-0.000602212,0.0206807,-0.00289258,-0.0567021,-0.0589722,-4.46687,-8.9516,2,-0.0853157,0.0331996,-0.0916637
12.02,-4.4937,-4.48024,-8.93816,-8.94834,2,2.01117,-2.68149,-2.68579,1.34842,1.35854,4.16629e-14,-0.013347,-0.0852312,-0.0823756,0.0334064,0.0329906,-0.0922303,-0.0859652,0.00847264,-0.000693306,0.020677,-0.00290889,-0.0566189,-0.0588763,-4.4937,-8.93816,2,-0.0852312,0.0334064,-0.0922303
12.03,-4.52049,-4.50683,-8.92463,-8.93497,2,2.01123,-2.67744,-2.68191,1.35646,1.36647,4.04249e-14,-0.0133329,-0.0851462,-0.0822772,0.0336131,0.0331739,-0.0927961,-0.0865318,0.00852257,-0.00078566,0.0206731,-0.00292362,-0.0565352,-0.05878,-4.52049,-8.92463,2,-0.0851462,0.0336131,-0.0927961
12.04,-4.54725,-4.53339,-8.91103,-8.92151,2,2.01129,-2.67337,-2.67801,1.36449,1.3744,3.92488e-14,-0.0133191,-0.0850607,-0.0821788,0.0338198,0.033358,-0.093361,-0.0870991,0.0085721,-0.000876587,0.0206692,-0.00293608,-0.0564511,-0.0586832,-4.54725,-8.91103,2,-0.0850607,0.0338198,-0.093361
12.05,-4.57396,-4.55991,-8.89734,-8.90798,2,2.01135,-2.66927,-2.67408,1.37251,1.38232,3.81033e-14,-0.0133057,-0.0849748,-0.0820805,0.0340265,0.0335429,-0.0939251,-0.0876666,0.00862123,-0.000967663,0.0206651,-0.00295309,-0.0563664,-0.058586,-4.57396,-8.89734,2,-0.0849748,0.0340265,-0.0939251
12.06,-4.60063,-4.5864,-8.88358,-8.89436,2,2.01141,-2.66515,-2.67013,1.38051,1.39022,3.69938e-14,-0.0132913,-0.0848883,-0.0819823,0.0342331,0.0337286,-0.0944883,-0.0882347,0.00866999,-0.00105921,0.0206609,-0.00296518,-0.0562812,-0.0584885,-4.60063,-8.88358,2,-0.0848883,0.0342331,-0.0944883
12.07,-4.62726,-4.61284,-8.86973,-8.88068,2,2.01147,-2.66101,-2.66616,1.3885,1.39812,3.59087e-14,-0.0132777,-0.0848014,-0.0818841,0.0344397,0.0339153,-0.0950507,-0.0888032,0.00871836,-0.00114971,0.0206565,-0.00298149,-0.0561956,-0.0583905,-4.62726,-8.86973,2,-0.0848014,0.0344397,-0.0950507
12.08,-4.65385,-4.63925,-8.85581,-8.86692,2,2.01153,-2.65684,-2.66216,1.39648,1.406,3.48351e-14,-0.0132644,-0.0847139,-0.0817857,0.0346463,0.0341029,-0.0956122,-0.0893721,0.00876639,-0.00124064,0.020652,-0.00299521,-0.0561094,-0.0582921,-4.65385,-8.85581,2,-0.0847139,0.0346463,-0.0956122
12.09,-4.6804,-4.66561,-8.8418,-8.85307,2,2.01159,-2.65265,-2.65813,1.40445,1.41388,3.38036e-14,-0.0132507,-0.084626,-0.0816875,0.0348527,0.0342914,-0.0961729,-0.0899414,0.00881407,-0.00133106,0.0206473,-0.00300961,-0.0560228,-0.0581934,-4.6804,-8.8418,2,-0.084626,0.0348527,-0.0961729
12.1,-4.70691,-4.69194,-8.82772,-8.83916,2,2.01165,-2.64843,-2.65407,1.4124,1.42174,3.28215e-14,-0.0132376,-0.0845377,-0.0815893,0.0350592,0.0344808,-0.0967327,-0.0905112,0.00886142,-0.0014212,0.0206424,-0.00302233,-0.0559356,-0.0580943,-4.70691,-8.82772,2,-0.0845377,0.0350592,-0.0967327
12.11,-4.73337,-4.71823,-8.81355,-8.82516,2,2.01171,-2.64419,-2.64999,1.42034,1.4296,3.18744e-14,-0.0132243,-0.0844488,-0.0814913,0.0352656,0.0346712,-0.0972916,-0.0910814,0.00890846,-0.00151122,0.0206374,-0.00303692,-0.055848,-0.0579949,-4.73337,-8.81355,2,-0.0844488,0.0352656,-0.0972916
12.12,-4.75979,-4.74449,-8.79931,-8.81109,2,2.01178,-2.63993,-2.64589,1.42827,1.43744,3.09361e-14,-0.0132108,-0.0843595,-0.0813933,0.0354719,0.0348624,-0.0978496,-0.091652,0.00895521,-0.00160157,0.0206321,-0.00305061,-0.0557598,-0.0578952,-4.75979,-8.79931,2,-0.0843595,0.0354719,-0.0978496
12.13,-4.78617,-4.7707,-8.78499,-8.79694,2,2.01184,-2.63564,-2.64176,1.43618,1.44527,3.00199e-14,-0.0131986,-0.0842697,-0.0812951,0.0356782,0.0350544,-0.0984068,-0.0922229,0.00900166,-0.00169107,0.0206266,-0.00306434,-0.0556712,-0.0577951,-4.78617,-8.78499,2,-0.0842697,0.0356782,-0.0984068
12.14,-4.8125,-4.79688,-8.77059,-8.78271,2,2.0119,-2.63133,-2.6376,1.44409,1.4531,2.9139e-14,-0.0131862,-0.0841795,-0.0811971,0.0358845,0.0352475,-0.098963,-0.0927943,0.00904785,-0.00178038,0.0206208,-0.00307754,-0.055582,-0.0576946,-4.8125,-8.77059,2,-0.0841795,0.0358845,-0.098963
12.15,-4.8388,-4.82301,-8.75611,-8.76841,2,2.01197,-2.627,-2.63341,1.45197,1.46091,2.82772e-14,-0.0131727,-0.0840888,-0.0810994,0.0360906,0.0354414,-0.0995184,-0.093366,0.00909379,-0.00186989,0.0206149,-0.00308881,-0.0554924,-0.0575939,-4.8388,-8.75611,2,-0.0840888,0.0360906,-0.0995184
12.16,-4.86504,-4.8491,-8.74155,-8.75403,2,2.01203,-2.62264,-2.6292,1.45985,1.46871,2.74462e-14,-0.0131604,-0.0839976,-0.0810012,0.0362968,0.0356361,-0.100073,-0.0939381,0.00913949,-0.00195907,0.0206086,-0.00309987,-0.0554023,-0.0574928,-4.86504,-8.74155,2,-0.0839976,0.0362968,-0.100073
12.17,-4.89125,-4.87516,-8.72691,-8.73957,2,2.0121,-2.61825,-2.62496,1.46771,1.47651,2.66499e-14,-0.0131479,-0.083906,-0.0809034,0.0365028,0.0358317,-0.100626,-0.0945106,0.00918496,-0.00204826,0.0206021,-0.00311219,-0.0553117,-0.0573914,-4.89125,-8.72691,2,-0.083906,0.0365028,-0.100626
12.18,-4.91741,-4.90118,-8.71219,-8.72503,2,2.01216,-2.61385,-2.6207,1.47556,1.48429,2.58539e-14,-0.0131361,-0.0838139,-0.0808054,0.0367088,0.0360284,-0.101179,-0.0950834,0.00923023,-0.00213772,0.0205954,-0.00312255,-0.0552206,-0.0572898,-4.91741,-8.71219,2,-0.0838139,0.0367088,-0.101179
12.19,-4.94352,-4.92715,-8.6974,-8.71043,2,2.01223,-2.60942,-2.6164,1.48339,1.49206,2.50935e-14,-0.013124,-0.0837214,-0.0807078,0.0369147,0.0362259,-0.101731,-0.0956564,0.00927531,-0.00222694,0.0205883,-0.0031364,-0.055129,-0.0571878,-4.94352,-8.6974,2,-0.0837214,0.0369147,-0.101731
12.2,-4.9696,-4.95308,-8.68253,-8.69574,2,2.0123,-2.60497,-2.61208,1.49121,1.49982,2.43564e-14,-0.0131126,-0.0836284,-0.08061,0.0371206,0.036424,-0.102282,-0.0962298,0.00932021,-0.00231572,0.020581,-0.00314468,-0.0550369,-0.0570856,-4.9696,-8.68253,2,-0.0836284,0.0371206,-0.102282
12.21,-4.99562,-4.97897,-8.66757,-8.68097,2,2.01236,-2.60049,-2.60773,1.49902,1.50758,2.36265e-14,-0.0131012,-0.083535,-0.080512,0.0373263,0.0366234,-0.102832,-0.0968035,0.00936495,-0.0024047,0.0205734,-0.0031552,-0.0549443,-0.056983,-4.99562,-8.66757,2,-0.083535,0.0373263,-0.102832
12.22,-5.02161,-5.00483,-8.65254,-8.66613,2,2.01243,-2.59599,-2.60336,1.50681,1.51532,2.29378e-14,-0.0130897,-0.0834411,-0.0804142,0.037532,0.0368235,-0.103381,-0.0973775,0.00940955,-0.00249343,0.0205655,-0.00316368,-0.0548513,-0.0568802,-5.02161,-8.65254,2,-0.0834411,0.037532,-0.103381
12.23,-5.04754,-5.03063,-8.63744,-8.65121,2,2.0125,-2.59147,-2.59896,1.51459,1.52305,2.22747e-14,-0.0130792,-0.0833468,-0.0803163,0.0377377,0.0370245,-0.103929,-0.0979517,0.00945402,-0.00258209,0.0205573,-0.00317173,-0.0547577,-0.0567772,-5.04754,-8.63744,2,-0.0833468,0.0377377,-0.103929
12.24,-5.07344,-5.0564,-8.62225,-8.63622,2,2.01257,-2.58692,-2.59453,1.52236,1.53077,2.16342e-14,-0.0130685,-0.083252,-0.0802187,0.0379432,0.0372262,-0.104476,-0.0985262,0.00949838,-0.00267026,0.0205487,-0.00317986,-0.0546637,-0.0566738,-5.07344,-8.62225,2,-0.083252,0.0379432,-0.104476
12.25,-5.09928,-5.08213,-8.60699,-8.62114,2,2.01264,-2.58235,-2.59007,1.53011,1.53848,2.09949e-14,-0.0130585,-0.0831568,-0.0801209,0.0381486,0.0374289,-0.105022,-0.0991008,0.00954264,-0.00275859,0.0205399,-0.00318676,-0.0545692,-0.0565702,-5.09928,-8.60699,2,-0.0831568,0.0381486,-0.105022
12.26,-5.12508,-5.10781,-8.59165,-8.60599,2,2.01271,-2.57776,-2.58559,1.53785,1.54619,2.03907e-14,-0.0130487,-0.0830612,-0.0800233,0.038354,0.0376325,-0.105567,-0.0996757,0.00958681,-0.00284745,0.0205307,-0.00319275,-0.0544742,-0.0564663,-5.12508,-8.59165,2,-0.0830612,0.038354,-0.105567
12.27,-5.15084,-5.13346,-8.57623,-8.59077,2,2.01278,-2.57314,-2.58107,1.54557,1.55388,1.98177e-14,-0.0130385,-0.0829651,-0.0799257,0.0385592,0.0378367,-0.106111,-0.100251,0.00963092,-0.00293495,0.0205212,-0.00319841,-0.0543787,-0.0563622,-5.15084,-8.57623,2,-0.0829651,0.0385592,-0.106111
12.28,-5.17655,-5.15906,-8.56074,-8.57546,2,2.01285,-2.5685,-2.57653,1.55328,1.56156,1.92527e-14,-0.0130298,-0.0828685,-0.0798278,0.0387644,0.0380419,-0.106655,-0.100826,0.00967498,-0.00302305,0.0205113,-0.00320058,-0.0542828,-0.0562579,-5.17655,-8.56074,2,-0.0828685,0.0387644,-0.106655
12.29,-5.20221,-5.18461,-8.54517,-8.56008,2,2.01292,-2.56384,-2.57196,1.56098,1.56923,1.87217e-14,-0.0130208,-0.0827716,-0.0797302,0.0389695,0.0382477,-0.107197,-0.101401,0.009719,-0.00311143,0.0205011,-0.00320474,-0.0541863,-0.0561533,-5.20221,-8.54517,2,-0.0827716,0.0389695,-0.107197
12.3,-5.22782,-5.21013,-8.52952,-8.54463,2,2.013,-2.55916,-2.56737,1.56866,1.57689,1.81675e-14,-0.013012,-0.0826742,-0.0796325,0.0391744,0.0384546,-0.107738,-0.101977,0.009763,-0.00319926,0.0204905,-0.00320639,-0.0540894,-0.0560484,-5.22782,-8.52952,2,-0.0826742,0.0391744,-0.107738
12.31,-5.25339,-5.2356,-8.5138,-8.52909,2,2.01307,-2.55445,-2.56274,1.57633,1.58455,1.76537e-14,-0.0130044,-0.0825763,-0.0795349,0.0393793,0.038662,-0.108279,-0.102552,0.00980699,-0.00328673,0.0204796,-0.00320753,-0.053992,-0.0559433,-5.25339,-8.5138,2,-0.0825763,0.0393793,-0.108279
12.32,-5.27891,-5.26103,-8.49799,-8.51348,2,2.01314,-2.54971,-2.55809,1.58398,1.59219,1.71454e-14,-0.0129964,-0.082478,-0.0794373,0.039584,0.0388702,-0.108818,-0.103128,0.00985099,-0.00337422,0.0204684,-0.00320704,-0.0538941,-0.0558379,-5.27891,-8.49799,2,-0.082478,0.039584,-0.108818
12.33,-5.30438,-5.28641,-8.48212,-8.49779,2,2.01322,-2.54496,-2.55341,1.59162,1.59982,1.6659e-14,-0.0129894,-0.0823793,-0.0793395,0.0397886,0.0390792,-0.109357,-0.103703,0.00989501,-0.00346231,0.0204568,-0.00320486,-0.0537957,-0.0557324,-5.30438,-8.48212,2,-0.0823793,0.0397886,-0.109357
12.34,-5.32981,-5.31175,-8.46616,-8.48203,2,2.01329,-2.54018,-2.5487,1.59924,1.60744,1.61678e-14,-0.0129822,-0.0822801,-0.0792419,0.0399932,0.0392891,-0.109894,-0.104279,0.00993906,-0.00354981,0.0204448,-0.00320251,-0.0536969,-0.0556265,-5.32981,-8.46616,2,-0.0822801,0.0399932,-0.109894
12.35,-5.35519,-5.33705,-8.45013,-8.46619,2,2.01337,-2.53538,-2.54397,1.60685,1.61505,1.5681e-14,-0.0129762,-0.0821805,-0.0791441,0.0401975,0.0394994,-0.110431,-0.104854,0.00998316,-0.00363721,0.0204324,-0.00319709,-0.0535976,-0.0555205,-5.35519,-8.45013,2,-0.0821805,0.0401975,-0.110431
12.36,-5.38052,-5.3623,-8.43402,-8.45027,2,2.01344,-2.53056,-2.5392,1.61445,1.62265,1.52242e-14,-0.01297,-0.0820805,-0.0790464,0.0404018,0.0397104,-0.110966,-0.105429,0.0100273,-0.00372364,0.0204197,-0.00319238,-0.0534978,-0.0554142,-5.38052,-8.43402,2,-0.0820805,0.0404018,-0.110966
12.37,-5.4058,-5.3875,-8.41784,-8.43427,2,2.01352,-2.52571,-2.53441,1.62203,1.63025,1.47885e-14,-0.0129644,-0.08198,-0.0789488,0.0406059,0.0399222,-0.111501,-0.106005,0.0100716,-0.00381116,0.0204066,-0.00318574,-0.0533975,-0.0553076,-5.4058,-8.41784,2,-0.08198,0.0406059,-0.111501
12.38,-5.43103,-5.41267,-8.40158,-8.4182,2,2.0136,-2.52084,-2.52959,1.62959,1.63783,1.43584e-14,-0.0129597,-0.081879,-0.0788509,0.0408099,0.0401349,-0.112034,-0.10658,0.0101159,-0.00389845,0.0203932,-0.00317693,-0.0532968,-0.0552008,-5.43103,-8.40158,2,-0.081879,0.0408099,-0.112034
12.39,-5.45622,-5.43778,-8.38525,-8.40205,2,2.01367,-2.51595,-2.52474,1.63714,1.6454,1.39397e-14,-0.0129559,-0.0817776,-0.0787532,0.0410138,0.0403479,-0.112567,-0.107155,0.0101603,-0.00398501,0.0203794,-0.00316434,-0.0531956,-0.0550938,-5.45622,-8.38525,2,-0.0817776,0.0410138,-0.112567
12.4,-5.48135,-5.46285,-8.36884,-8.38583,2,2.01375,-2.51103,-2.51987,1.64468,1.65296,1.35357e-14,-0.0129518,-0.0816758,-0.0786552,0.0412175,0.0405616,-0.113098,-0.10773,0.0102049,-0.00407127,0.0203652,-0.00315213,-0.0530939,-0.0549866,-5.48135,-8.36884,2,-0.0816758,0.0412175,-0.113098
12.41,-5.50644,-5.48788,-8.35236,-8.36953,2,2.01383,-2.50609,-2.51496,1.6522,1.66051,1.31287e-14,-0.0129489,-0.0815735,-0.0785574,0.0414211,0.040776,-0.113628,-0.108304,0.0102495,-0.00415735,0.0203506,-0.00313904,-0.0529917,-0.0548791,-5.50644,-8.35236,2,-0.0815735,0.0414211,-0.113628
12.42,-5.53147,-5.51286,-8.3358,-8.35315,2,2.01391,-2.50113,-2.51003,1.65971,1.66805,1.27676e-14,-0.0129467,-0.0814708,-0.0784594,0.0416245,0.0409909,-0.114158,-0.108879,0.0102943,-0.00424306,0.0203357,-0.00312222,-0.0528891,-0.0547714,-5.53147,-8.3358,2,-0.0814708,0.0416245,-0.114158
12.43,-5.55646,-5.53779,-8.31916,-8.33669,2,2.01399,-2.49615,-2.50507,1.6672,1.67558,1.24015e-14,-0.0129457,-0.0813676,-0.0783615,0.0418278,0.0412065,-0.114686,-0.109453,0.0103393,-0.0043291,0.0203204,-0.00310293,-0.052786,-0.0546634,-5.55646,-8.31916,2,-0.0813676,0.0418278,-0.114686
12.44,-5.5814,-5.56268,-8.30245,-8.32016,2,2.01407,-2.49114,-2.50008,1.67468,1.6831,1.2072e-14,-0.0129443,-0.081264,-0.0782635,0.0420309,0.0414226,-0.115214,-0.110027,0.0103844,-0.00441484,0.0203048,-0.003083,-0.0526824,-0.0545552,-5.5814,-8.30245,2,-0.081264,0.0420309,-0.115214
12.45,-5.60628,-5.58752,-8.28567,-8.30355,2,2.01415,-2.48611,-2.49506,1.68214,1.69061,1.1747e-14,-0.0129435,-0.08116,-0.0781654,0.0422339,0.041639,-0.11574,-0.1106,0.0104296,-0.0045004,0.0202887,-0.00306085,-0.0525784,-0.0544467,-5.60628,-8.28567,2,-0.08116,0.0422339,-0.11574
12.46,-5.63112,-5.61232,-8.26881,-8.28686,2,2.01423,-2.48106,-2.49001,1.68959,1.69811,1.14296e-14,-0.0129442,-0.0810554,-0.0780674,0.0424367,0.0418563,-0.116265,-0.111173,0.0104751,-0.0045856,0.0202723,-0.00303457,-0.0524739,-0.054338,-5.63112,-8.26881,2,-0.0810554,0.0424367,-0.116265
12.47,-5.6559,-5.63707,-8.25188,-8.2701,2,2.01431,-2.47599,-2.48494,1.69702,1.7056,1.11191e-14,-0.012946,-0.0809505,-0.0779688,0.0426393,0.0420737,-0.116789,-0.111746,0.0105207,-0.00466988,0.0202556,-0.00300753,-0.0523689,-0.0542291,-5.6559,-8.25188,2,-0.0809505,0.0426393,-0.116789
12.48,-5.68064,-5.66176,-8.23487,-8.25326,2,2.01439,-2.47089,-2.47984,1.70443,1.71307,1.08195e-14,-0.0129472,-0.080845,-0.0778706,0.0428418,0.0422916,-0.117312,-0.112318,0.0105666,-0.00475471,0.0202384,-0.00297997,-0.0522635,-0.05412,-5.68064,-8.23487,2,-0.080845,0.0428418,-0.117312
12.49,-5.70532,-5.68642,-8.21779,-8.23635,2,2.01447,-2.46577,-2.47471,1.71184,1.72054,1.05292e-14,-0.0129497,-0.0807391,-0.0777723,0.0430441,0.04251,-0.117835,-0.11289,0.0106126,-0.00483921,0.020221,-0.0029457,-0.0521576,-0.0540105,-5.70532,-8.21779,2,-0.0807391,0.0430441,-0.117835
12.5,-5.72995,-5.71102,-8.20063,-8.21935,2,2.01456,-2.46063,-2.46955,1.71922,1.728,1.02464e-14,-0.0129539,-0.0806328,-0.0776736,0.0432462,0.0427288,-0.118356,-0.113461,0.0106588,-0.00492365,0.0202031,-0.00291142,-0.0520512,-0.0539008,-5.72995,-8.20063,2,-0.0806328,0.0432462,-0.118356
12.51,-5.75453,-5.73558,-8.1834,-8.20228,2,2.01464,-2.45547,-2.46437,1.72659,1.73545,9.97186e-15,-0.0129586,-0.0805259,-0.0775747,0.0434482,0.0429481,-0.118876,-0.114032,0.0107053,-0.00500661,0.0201849,-0.00287463,-0.0519444,-0.0537909,-5.75453,-8.1834,2,-0.0805259,0.0434482,-0.118876
12.52,-5.77906,-5.76009,-8.1661,-8.18514,2,2.01472,-2.45028,-2.45915,1.73395,1.74288,9.7198e-15,-0.0129638,-0.0804187,-0.0774757,0.0436499,0.0431677,-0.119395,-0.114602,0.010752,-0.00508972,0.0201664,-0.00283511,-0.0518371,-0.0536807,-5.77906,-8.1661,2,-0.0804187,0.0436499,-0.119395
12.53,-5.80354,-5.78455,-8.14873,-8.16792,2,2.01481,-2.44507,-2.45391,1.74129,1.75031,9.46027e-15,-0.0129695,-0.0803109,-0.0773768,0.0438515,0.0433875,-0.119912,-0.115171,0.010799,-0.00517295,0.0201475,-0.00279123,-0.0517294,-0.0535702,-5.80354,-8.14873,2,-0.0803109,0.0438515,-0.119912
12.54,-5.82796,-5.80896,-8.13128,-8.15062,2,2.01489,-2.43984,-2.44864,1.74861,1.75772,9.19382e-15,-0.0129769,-0.0802027,-0.0772776,0.0440529,0.0436079,-0.120429,-0.11574,0.0108461,-0.00525538,0.0201283,-0.00274786,-0.0516212,-0.0534595,-5.82796,-8.13128,2,-0.0802027,0.0440529,-0.120429
12.55,-5.85234,-5.83332,-8.11375,-8.13325,2,2.01497,-2.43459,-2.44335,1.75592,1.76512,8.92803e-15,-0.0129854,-0.080094,-0.0771782,0.0442541,0.0438281,-0.120945,-0.116308,0.0108936,-0.00533738,0.0201087,-0.00269899,-0.0515125,-0.0533485,-5.85234,-8.11375,2,-0.080094,0.0442541,-0.120945
12.56,-5.87666,-5.85764,-8.09616,-8.11579,2,2.01506,-2.42932,-2.43802,1.76321,1.77252,8.68316e-15,-0.0129943,-0.0799848,-0.0770786,0.0444551,0.0440489,-0.121459,-0.116876,0.0109412,-0.00541878,0.0200888,-0.00265011,-0.0514034,-0.0532372,-5.87666,-8.09616,2,-0.0799848,0.0444551,-0.121459
12.57,-5.90092,-5.8819,-8.07849,-8.09827,2,2.01514,-2.42402,-2.43267,1.77049,1.7799,8.44031e-15,-0.0130035,-0.0798752,-0.0769788,0.0446558,0.0442697,-0.121973,-0.117443,0.0109892,-0.00550059,0.0200685,-0.00259498,-0.0512938,-0.0531257,-5.90092,-8.07849,2,-0.0798752,0.0446558,-0.121973
12.58,-5.92514,-5.90611,-8.06075,-8.08066,2,2.01523,-2.4187,-2.42729,1.77775,1.78727,8.1796e-15,-0.0130149,-0.079765,-0.0768789,0.0448564,0.0444909,-0.122485,-0.118008,0.0110374,-0.00558095,0.020048,-0.00253788,-0.0511838,-0.0530139,-5.92514,-8.06075,2,-0.079765,0.0448564,-0.122485
12.59,-5.9493,-5.93028,-8.04293,-8.06298,2,2.01531,-2.41336,-2.42189,1.78499,1.79463,7.92825e-15,-0.0130267,-0.0796544,-0.0767787,0.0450568,0.0447121,-0.122997,-0.118574,0.0110859,-0.00566123,0.0200271,-0.00247739,-0.0510733,-0.0529018,-5.9493,-8.04293,2,-0.0796544,0.0450568,-0.122997
12.6,-5.9734,-5.95439,-8.02505,-8.04523,2,2.0154,-2.408,-2.41646,1.79222,1.80197,7.6971e-15,-0.0130401,-0.0795433,-0.0766781,0.045257,0.0449335,-0.123507,-0.119138,0.0111346,-0.00574096,0.0200059,-0.00241687,-0.0509623,-0.0527894,-5.9734,-8.02505,2,-0.0795433,0.045257,-0.123507
12.61,-5.99746,-5.97845,-8.00709,-8.0274,2,2.01548,-2.40262,-2.411,1.79943,1.80931,7.46012e-15,-0.0130541,-0.0794317,-0.0765776,0.0454569,0.045155,-0.124016,-0.119701,0.0111836,-0.00581951,0.0199844,-0.00234896,-0.0508509,-0.0526767,-5.99746,-8.00709,2,-0.0794317,0.0454569,-0.124016
12.62,-6.02145,-6.00247,-7.98906,-8.00949,2,2.01557,-2.39721,-2.40551,1.80663,1.81664,7.20663e-15,-0.0130699,-0.0793196,-0.0764765,0.0456567,0.0453766,-0.124524,-0.120263,0.0112329,-0.00589886,0.0199626,-0.00228035,-0.0507391,-0.0525637,-6.02145,-7.98906,2,-0.0793196,0.0456567,-0.124524
12.63,-6.0454,-6.02643,-7.97096,-7.99151,2,2.01565,-2.39178,-2.39999,1.81381,1.82395,6.95303e-15,-0.0130857,-0.0792071,-0.0763754,0.0458562,0.0455983,-0.125031,-0.120825,0.0112825,-0.00597639,0.0199405,-0.0022083,-0.0506268,-0.0524505,-6.0454,-7.97096,2,-0.0792071,0.0458562,-0.125031
12.64,-6.06929,-6.05034,-7.95278,-7.97345,2,2.01574,-2.38633,-2.39445,1.82097,1.83125,6.7266e-15,-0.0131036,-0.079094,-0.0762736,0.0460555,0.04582,-0.125536,-0.121385,0.0113324,-0.00605417,0.0199181,-0.00213265,-0.050514,-0.0523369,-6.06929,-7.95278,2,-0.079094,0.0460555,-0.125536
12.65,-6.09313,-6.0742,-7.93454,-7.95531,2,2.01582,-2.38086,-2.38889,1.82812,1.83854,6.51441e-15,-0.0131215,-0.0789804,-0.0761718,0.0462545,0.0460412,-0.126041,-0.121945,0.0113826,-0.00613122,0.0198954,-0.00205247,-0.0504008,-0.052223,-6.09313,-7.93454,2,-0.0789804,0.0462545,-0.126041
12.66,-6.11691,-6.098,-7.91622,-7.9371,2,2.01591,-2.37537,-2.38329,1.83525,1.84582,6.30497e-15,-0.0131414,-0.0788663,-0.0760695,0.0464534,0.0462629,-0.126544,-0.122503,0.011433,-0.00620717,0.0198725,-0.00197122,-0.0502872,-0.0521088,-6.11691,-7.91622,2,-0.0788663,0.0464534,-0.126544
12.67,-6.14063,-6.12176,-7.89783,-7.91882,2,2.01599,-2.36985,-2.37767,1.84237,1.85309,6.0954e-15,-0.0131629,-0.0787518,-0.0759668,0.046652,0.0464844,-0.127047,-0.12306,0.0114837,-0.00628271,0.0198492,-0.00188692,-0.0501731,-0.0519943,-6.14063,-7.89783,2,-0.0787518,0.046652,-0.127047
12.68,-6.1643,-6.14546,-7.87937,-7.90045,2,2.01608,-2.36432,-2.37202,1.84947,1.86034,5.9218e-15,-0.0131847,-0.0786367,-0.0758638,0.0468504,0.0467056,-0.127548,-0.123616,0.0115348,-0.00635783,0.0198257,-0.00179771,-0.0500585,-0.0518795,-6.1643,-7.87937,2,-0.0786367,0.0468504,-0.127548
12.69,-6.18792,-6.16911,-7.86084,-7.88202,2,2.01616,-2.35876,-2.36635,1.85655,1.86758,5.72367e-15,-0.0132078,-0.0785211,-0.0757606,0.0470485,0.046927,-0.128048,-0.124171,0.0115861,-0.0064314,0.019802,-0.00170425,-0.0499435,-0.0517643,-6.18792,-7.86084,2,-0.0785211,0.0470485,-0.128048
12.7,-6.21148,-6.1927,-7.84224,-7.86351,2,2.01625,-2.35318,-2.36065,1.86362,1.87481,5.54765e-15,-0.0132328,-0.0784049,-0.0756567,0.0472464,0.047148,-0.128547,-0.124725,0.0116377,-0.00650542,0.019778,-0.00160951,-0.0498281,-0.0516488,-6.21148,-7.84224,2,-0.0784049,0.0472464,-0.128547
12.71,-6.23498,-6.21625,-7.82357,-7.84492,2,2.01633,-2.34758,-2.35492,1.87067,1.88203,5.3453e-15,-0.0132581,-0.0782883,-0.0755525,0.0474441,0.0473689,-0.129044,-0.125278,0.0116896,-0.0065776,0.0197537,-0.00151137,-0.0497122,-0.051533,-6.23498,-7.82357,2,-0.0782883,0.0474441,-0.129044
12.72,-6.25843,-6.23974,-7.80483,-7.82626,2,2.01642,-2.34196,-2.34917,1.8777,1.88924,5.1456e-15,-0.0132849,-0.0781711,-0.0754478,0.0476415,0.0475894,-0.129541,-0.125829,0.0117418,-0.00665018,0.0197292,-0.0014075,-0.0495959,-0.0514168,-6.25843,-7.80483,2,-0.0781711,0.0476415,-0.129541
12.73,-6.28182,-6.26317,-7.78602,-7.80752,2,2.0165,-2.33632,-2.34339,1.88472,1.89643,4.94423e-15,-0.0133138,-0.0780535,-0.0753426,0.0478386,0.04781,-0.130036,-0.126379,0.0117942,-0.00672144,0.0197044,-0.00130012,-0.0494791,-0.0513003,-6.28182,-7.78602,2,-0.0780535,0.0478386,-0.130036
12.74,-6.30516,-6.28655,-7.76714,-7.78871,2,2.01658,-2.33066,-2.33759,1.89171,1.90361,4.75489e-15,-0.0133443,-0.0779353,-0.0752368,0.0480356,0.0480301,-0.13053,-0.126928,0.011847,-0.00679146,0.0196795,-0.0011916,-0.0493619,-0.0511834,-6.30516,-7.76714,2,-0.0779353,0.0480356,-0.13053
12.75,-6.32844,-6.30988,-7.74818,-7.76982,2,2.01667,-2.32497,-2.33176,1.8987,1.91078,4.59225e-15,-0.0133745,-0.0778165,-0.0751304,0.0482322,0.0482498,-0.131023,-0.127475,0.0119,-0.00686113,0.0196543,-0.00107857,-0.0492443,-0.0510662,-6.32844,-7.74818,2,-0.0778165,0.0482322,-0.131023
12.76,-6.35166,-6.33316,-7.72916,-7.75086,2,2.01675,-2.31927,-2.32591,1.90566,1.91794,4.45297e-15,-0.0134079,-0.0776973,-0.0750236,0.0484286,0.0484693,-0.131515,-0.128021,0.0119534,-0.0069294,0.0196289,-0.000960475,-0.0491262,-0.0509486,-6.35166,-7.72916,2,-0.0776973,0.0484286,-0.131515
12.77,-6.37482,-6.35637,-7.71007,-7.73182,2,2.01683,-2.31354,-2.32003,1.91261,1.92508,4.3151e-15,-0.0134409,-0.0775775,-0.0749162,0.0486248,0.0486883,-0.132006,-0.128566,0.0120069,-0.00699739,0.0196033,-0.000842263,-0.0490077,-0.0508307,-6.37482,-7.71007,2,-0.0775775,0.0486248,-0.132006
12.78,-6.39793,-6.37954,-7.69091,-7.71272,2,2.01692,-2.30779,-2.31412,1.91954,1.93221,4.17743e-15,-0.0134757,-0.0774571,-0.0748084,0.0488207,0.0489071,-0.132495,-0.129109,0.0120608,-0.00706435,0.0195774,-0.00071955,-0.0488887,-0.0507124,-6.39793,-7.69091,2,-0.0774571,0.0488207,-0.132495
12.79,-6.42098,-6.40265,-7.67168,-7.69353,2,2.017,-2.30202,-2.30819,1.92646,1.93932,4.05199e-15,-0.013512,-0.0773362,-0.0746997,0.0490163,0.0491251,-0.132984,-0.129651,0.012115,-0.00713054,0.0195514,-0.000592468,-0.0487693,-0.0505937,-6.42098,-7.67168,2,-0.0773362,0.0490163,-0.132984
12.8,-6.44397,-6.4257,-7.65238,-7.67428,2,2.01708,-2.29623,-2.30224,1.93335,1.94642,3.93308e-15,-0.0135496,-0.0772148,-0.0745905,0.0492117,0.0493429,-0.133471,-0.130191,0.0121694,-0.00719533,0.0195252,-0.000464282,-0.0486495,-0.0504747,-6.44397,-7.65238,2,-0.0772148,0.0492117,-0.133471
12.81,-6.4669,-6.44869,-7.63301,-7.65494,2,2.01716,-2.29042,-2.29626,1.94023,1.95351,3.83127e-15,-0.0135885,-0.0770928,-0.0744806,0.0494069,0.0495599,-0.133957,-0.13073,0.0122241,-0.00725969,0.0194989,-0.000329511,-0.0485292,-0.0503552,-6.4669,-7.63301,2,-0.0770928,0.0494069,-0.133957
12.82,-6.48978,-6.47163,-7.61358,-7.63554,2,2.01724,-2.28459,-2.29026,1.9471,1.96059,3.72469e-15,-0.0136288,-0.0769703,-0.0743698,0.0496017,0.0497767,-0.134441,-0.131267,0.012279,-0.00732275,0.0194723,-0.000193756,-0.0484085,-0.0502354,-6.48978,-7.61358,2,-0.0769703,0.0496017,-0.134441
12.83,-6.51259,-6.49452,-7.59407,-7.61606,2,2.01732,-2.27874,-2.28423,1.95394,1.96765,3.61884e-15,-0.0136709,-0.0768473,-0.0742586,0.0497963,0.0499928,-0.134925,-0.131803,0.0123342,-0.00738504,0.0194456,-5.3531e-05,-0.0482874,-0.0501152,-6.51259,-7.59407,2,-0.0768473,0.0497963,-0.134925
12.84,-6.53535,-6.51734,-7.5745,-7.59651,2,2.0174,-2.27287,-2.27818,1.96077,1.9747,3.53658e-15,-0.0137133,-0.0767237,-0.0741465,0.0499906,0.0502084,-0.135407,-0.132337,0.0123896,-0.00744653,0.0194187,8.90486e-05,-0.0481658,-0.0499946,-6.53535,-7.5745,2,-0.0767237,0.0499906,-0.135407
12.85,-6.55805,-6.54012,-7.55486,-7.57688,2,2.01748,-2.26698,-2.2721,1.96758,1.98173,3.45834e-15,-0.0137587,-0.0765995,-0.0740336,0.0501847,0.0504233,-0.135888,-0.13287,0.0124453,-0.00750616,0.0193916,0.000236058,-0.0480438,-0.0498736,-6.55805,-7.55486,2,-0.0765995,0.0501847,-0.135888
12.86,-6.58069,-6.56283,-7.53515,-7.55719,2,2.01755,-2.26106,-2.266,1.97437,1.98875,3.37051e-15,-0.0138035,-0.0764747,-0.0739199,0.0503785,0.0506377,-0.136368,-0.133401,0.0125012,-0.00756647,0.0193644,0.000384139,-0.0479214,-0.0497522,-6.58069,-7.53515,2,-0.0764747,0.0503785,-0.136368
12.87,-6.60327,-6.58548,-7.51537,-7.53742,2,2.01763,-2.25513,-2.25987,1.98115,1.99575,3.28415e-15,-0.013851,-0.0763494,-0.0738055,0.050572,0.0508512,-0.136847,-0.13393,0.0125574,-0.00762509,0.0193371,0.000535827,-0.0477986,-0.0496304,-6.60327,-7.51537,2,-0.0763494,0.050572,-0.136847
12.88,-6.62579,-6.60808,-7.49552,-7.51757,2,2.01771,-2.24917,-2.25373,1.98791,2.00274,3.2039e-15,-0.0138992,-0.0762236,-0.0736902,0.0507652,0.0510641,-0.137324,-0.134458,0.0126138,-0.00768172,0.0193096,0.000692075,-0.0476753,-0.0495082,-6.62579,-7.49552,2,-0.0762236,0.0507652,-0.137324
12.89,-6.64826,-6.63062,-7.47561,-7.49766,2,2.01778,-2.2432,-2.24756,1.99464,2.00972,3.13174e-15,-0.0139488,-0.0760972,-0.0735739,0.0509582,0.0512765,-0.1378,-0.134984,0.0126704,-0.00773828,0.019282,0.000850111,-0.0475516,-0.0493855,-6.64826,-7.47561,2,-0.0760972,0.0509582,-0.1378
12.9,-6.67066,-6.6531,-7.45563,-7.47767,2,2.01786,-2.2372,-2.24136,2.00137,2.01668,3.06966e-15,-0.0140001,-0.0759702,-0.0734568,0.0511508,0.0514879,-0.138275,-0.135508,0.0127272,-0.00779381,0.0192543,0.00101007,-0.0474275,-0.0492625,-6.67066,-7.45563,2,-0.0759702,0.0511508,-0.138275
12.91,-6.693,-6.67552,-7.43558,-7.45761,2,2.01793,-2.23119,-2.23514,2.00807,2.02362,3.01628e-15,-0.0140522,-0.0758426,-0.0733388,0.0513432,0.0516984,-0.138749,-0.136031,0.0127843,-0.00784729,0.0192264,0.00117416,-0.0473029,-0.049139,-6.693,-7.43558,2,-0.0758426,0.0513432,-0.138749
12.92,-6.71528,-6.69788,-7.41547,-7.43748,2,2.018,-2.22515,-2.2289,2.01476,2.03055,2.94038e-15,-0.0141064,-0.0757145,-0.0732199,0.0515354,0.0519084,-0.139221,-0.136551,0.0128415,-0.00790029,0.0191985,0.00134038,-0.0471779,-0.0490151,-6.71528,-7.41547,2,-0.0757145,0.0515354,-0.139221
12.93,-6.7375,-6.72019,-7.39529,-7.41728,2,2.01808,-2.2191,-2.22264,2.02143,2.03747,2.85795e-15,-0.0141606,-0.0755858,-0.0730999,0.0517272,0.0521174,-0.139692,-0.13707,0.0128989,-0.00795262,0.0191704,0.00150803,-0.0470525,-0.0488908,-6.7375,-7.39529,2,-0.0755858,0.0517272,-0.139692
12.94,-6.75966,-6.74243,-7.37504,-7.397,2,2.01815,-2.21302,-2.21635,2.02808,2.04437,2.79507e-15,-0.0142172,-0.0754565,-0.0729789,0.0519188,0.0523254,-0.140162,-0.137588,0.0129566,-0.00800354,0.0191422,0.00167845,-0.0469267,-0.048766,-6.75966,-7.37504,2,-0.0754565,0.0519188,-0.140162
12.95,-6.78176,-6.76462,-7.35473,-7.37666,2,2.01822,-2.20693,-2.21004,2.03471,2.05125,2.7528e-15,-0.0142743,-0.0753267,-0.072857,0.05211,0.0525327,-0.140631,-0.138103,0.0130144,-0.00805339,0.0191139,0.00185333,-0.0468005,-0.0486408,-6.78176,-7.35473,2,-0.0753267,0.05211,-0.140631
12.96,-6.8038,-6.78674,-7.33435,-7.35624,2,2.01828,-2.20081,-2.20371,2.04132,2.05812,2.7078e-15,-0.0143334,-0.0751962,-0.0727337,0.052301,0.0527391,-0.141098,-0.138617,0.0130723,-0.00810165,0.0190855,0.00202991,-0.0466739,-0.0485152,-6.8038,-7.33435,2,-0.0751962,0.052301,-0.141098
12.97,-6.82578,-6.80881,-7.3139,-7.33576,2,2.01835,-2.19468,-2.19735,2.04792,2.06497,2.65483e-15,-0.0143934,-0.0750652,-0.0726097,0.0524918,0.0529446,-0.141564,-0.139129,0.0131305,-0.00814903,0.0190571,0.00220683,-0.0465468,-0.048389,-6.82578,-7.3139,2,-0.0750652,0.0524918,-0.141564
12.98,-6.84769,-6.83081,-7.29339,-7.3152,2,2.01842,-2.18852,-2.19098,2.0545,2.0718,2.61832e-15,-0.0144547,-0.0749336,-0.0724843,0.0526822,0.053149,-0.142029,-0.139639,0.0131888,-0.008196,0.0190285,0.00238806,-0.0464193,-0.0482625,-6.84769,-7.29339,2,-0.0749336,0.0526822,-0.142029
12.99,-6.86955,-6.85275,-7.27281,-7.29457,2,2.01848,-2.18235,-2.18458,2.06106,2.07862,2.57769e-15,-0.0145175,-0.0748014,-0.0723579,0.0528723,0.0533526,-0.142493,-0.140148,0.0132473,-0.00824124,0.0189999,0.00256879,-0.0462914,-0.0481355,-6.86955,-7.27281,2,-0.0748014,0.0528723,-0.142493
13,-6.89134,-6.87463,-7.25217,-7.27387,2,2.01855,-2.17615,-2.17816,2.0676,2.08542,2.54459e-15,-0.014581,-0.0746687,-0.0722304,0.0530622,0.0535552,-0.142955,-0.140654,0.0133059,-0.00828562,0.0189712,0.00275418,-0.0461631,-0.0480081,-6.89134,-7.25217,2,-0.0746687,0.0530622,-0.142955
13.01,-6.91307,-6.89645,-7.23146,-7.25311,2,2.01861,-2.16994,-2.17172,2.07412,2.09221,2.5126e-15,-0.0146452,-0.0745353,-0.0721016,0.0532518,0.0537568,-0.143416,-0.141159,0.0133646,-0.00832858,0.0189424,0.00294089,-0.0460344,-0.0478802,-6.91307,-7.23146,2,-0.0745353,0.0532518,-0.143416
13.02,-6.93474,-6.9182,-7.21068,-7.23227,2,2.01867,-2.16371,-2.16525,2.08062,2.09898,2.45778e-15,-0.0147113,-0.0744014,-0.0719715,0.053441,0.0539572,-0.143876,-0.141662,0.0134235,-0.00836994,0.0189136,0.00312807,-0.0459053,-0.0477519,-6.93474,-7.21068,2,-0.0744014,0.053441,-0.143876
13.03,-6.95635,-6.9399,-7.18985,-7.21137,2,2.01873,-2.15745,-2.15877,2.08711,2.10573,2.42491e-15,-0.0147782,-0.0742669,-0.0718401,0.05363,0.0541568,-0.144334,-0.142163,0.0134825,-0.00841119,0.0188847,0.00331662,-0.0457757,-0.0476231,-6.95635,-7.18985,2,-0.0742669,0.05363,-0.144334
13.04,-6.97789,-6.96153,-7.16894,-7.19039,2,2.01879,-2.15118,-2.15226,2.09358,2.11246,2.42154e-15,-0.0148465,-0.0741317,-0.0717076,0.0538187,0.0543552,-0.144791,-0.142662,0.0135416,-0.00845119,0.0188557,0.00350654,-0.0456458,-0.0474938,-6.97789,-7.16894,2,-0.0741317,0.0538187,-0.144791
13.05,-6.99937,-6.9831,-7.14797,-7.16935,2,2.01885,-2.14489,-2.14574,2.10002,2.11918,2.41132e-15,-0.0149151,-0.073996,-0.0715738,0.0540071,0.0545524,-0.145247,-0.143159,0.0136008,-0.00848966,0.0188267,0.00369822,-0.0455154,-0.0473641,-6.99937,-7.14797,2,-0.073996,0.0540071,-0.145247
13.06,-7.02079,-7.00461,-7.12694,-7.14823,2,2.0189,-2.13858,-2.13919,2.10645,2.12587,2.36713e-15,-0.0149862,-0.0738597,-0.0714384,0.0541953,0.0547489,-0.145701,-0.143654,0.0136602,-0.00852663,0.0187976,0.00388938,-0.0453846,-0.0472339,-7.02079,-7.12694,2,-0.0738597,0.0541953,-0.145701
13.07,-7.04214,-7.02605,-7.10584,-7.12706,2,2.01896,-2.13225,-2.13262,2.11286,2.13255,2.31435e-15,-0.0150574,-0.0737228,-0.071302,0.0543831,0.0549441,-0.146155,-0.144148,0.0137196,-0.00856304,0.0187685,0.00408468,-0.0452534,-0.0471032,-7.04214,-7.10584,2,-0.0737228,0.0543831,-0.146155
13.08,-7.06343,-7.04743,-7.08468,-7.10581,2,2.01901,-2.1259,-2.12603,2.11925,2.13922,2.297e-15,-0.0151296,-0.0735853,-0.0711642,0.0545706,0.0551378,-0.146606,-0.144639,0.0137791,-0.00859761,0.0187393,0.00427939,-0.0451219,-0.0469721,-7.06343,-7.08468,2,-0.0735853,0.0545706,-0.146606
13.09,-7.08466,-7.06874,-7.06346,-7.08449,2,2.01906,-2.11953,-2.11943,2.12563,2.14586,2.27834e-15,-0.0152027,-0.0734472,-0.0710246,0.0547579,0.0553309,-0.147057,-0.145129,0.0138386,-0.00863201,0.0187101,0.00447455,-0.0449899,-0.0468405,-7.08466,-7.06346,2,-0.0734472,0.0547579,-0.147057
13.1,-7.10582,-7.08999,-7.04217,-7.06311,2,2.01911,-2.11314,-2.1128,2.13198,2.15249,2.26431e-15,-0.0152764,-0.0733085,-0.070884,0.0549448,0.0555224,-0.147506,-0.145616,0.0138983,-0.0086655,0.0186808,0.00466943,-0.0448575,-0.0467085,-7.10582,-7.04217,2,-0.0733085,0.0549448,-0.147506
13.11,-7.12692,-7.11118,-7.02082,-7.04166,2,2.01916,-2.10673,-2.10615,2.13832,2.15909,2.25243e-15,-0.0153514,-0.0731693,-0.0707418,0.0551315,0.055713,-0.147954,-0.146102,0.0139579,-0.00869712,0.0186515,0.00486717,-0.0447247,-0.0465759,-7.12692,-7.02082,2,-0.0731693,0.0551315,-0.147954
13.12,-7.14796,-7.13231,-6.99941,-7.02015,2,2.01921,-2.10031,-2.09948,2.14463,2.16568,2.23708e-15,-0.0154267,-0.0730294,-0.0705981,0.0553179,0.0559024,-0.148401,-0.146586,0.0140177,-0.00872826,0.0186221,0.00506274,-0.0445915,-0.0464429,-7.14796,-6.99941,2,-0.0730294,0.0553179,-0.148401
13.13,-7.16893,-7.15336,-6.97793,-6.99857,2,2.01926,-2.09386,-2.09279,2.15093,2.17225,2.22355e-15,-0.015503,-0.0728889,-0.070453,0.0555039,0.0560906,-0.148846,-0.147068,0.0140775,-0.0087574,0.0185928,0.00526105,-0.0444579,-0.0463094,-7.16893,-6.97793,2,-0.0728889,0.0555039,-0.148846
13.14,-7.18983,-7.17436,-6.95639,-6.97692,2,2.0193,-2.0874,-2.08609,2.1572,2.17879,2.20677e-15,-0.0155802,-0.0727478,-0.0703063,0.0556897,0.0562776,-0.14929,-0.147548,0.0141373,-0.00878636,0.0185633,0.00545734,-0.0443239,-0.0461754,-7.18983,-6.95639,2,-0.0727478,0.0556897,-0.14929
13.15,-7.21068,-7.19528,-6.93478,-6.95521,2,2.01934,-2.08092,-2.07936,2.16346,2.18532,2.19554e-15,-0.015658,-0.0726062,-0.0701581,0.0558752,0.0564633,-0.149732,-0.148026,0.0141972,-0.00881403,0.0185339,0.00565394,-0.0441896,-0.046041,-7.21068,-6.93478,2,-0.0726062,0.0558752,-0.149732
13.16,-7.23145,-7.21614,-6.91312,-6.93343,2,2.01938,-2.07442,-2.07261,2.1697,2.19183,2.19392e-15,-0.0157364,-0.0724639,-0.0700085,0.0560604,0.0566481,-0.150174,-0.148502,0.014257,-0.00883995,0.0185044,0.00584926,-0.0440548,-0.045906,-7.23145,-6.91312,2,-0.0724639,0.0560604,-0.150174
13.17,-7.25216,-7.23693,-6.89139,-6.91158,2,2.01942,-2.0679,-2.06585,2.17592,2.19832,2.17872e-15,-0.0158159,-0.072321,-0.0698569,0.0562453,0.0568314,-0.150614,-0.148976,0.0143169,-0.00886534,0.0184749,0.00604586,-0.0439196,-0.0457707,-7.25216,-6.89139,2,-0.072321,0.0562453,-0.150614
13.18,-7.27281,-7.25766,-6.8696,-6.88967,2,2.01946,-2.06136,-2.05907,2.18212,2.20479,2.14553e-15,-0.0158962,-0.0721776,-0.069704,0.0564299,0.0570135,-0.151052,-0.149449,0.0143768,-0.00888964,0.0184454,0.00624218,-0.043784,-0.0456347,-7.27281,-6.8696,2,-0.0721776,0.0564299,-0.151052
13.19,-7.29339,-7.27833,-6.84775,-6.8677,2,2.01949,-2.0548,-2.05226,2.1883,2.21123,2.1314e-15,-0.0159758,-0.0720335,-0.0695497,0.0566142,0.0571945,-0.151489,-0.149919,0.0144367,-0.00891267,0.0184158,0.0064348,-0.0436481,-0.0454984,-7.29339,-6.84775,2,-0.0720335,0.0566142,-0.151489
13.2,-7.31391,-7.29892,-6.82583,-6.84566,2,2.01953,-2.04823,-2.04544,2.19446,2.21766,2.1441e-15,-0.0160568,-0.0718888,-0.0693936,0.0567982,0.0573743,-0.151925,-0.150388,0.0144966,-0.00893428,0.0183862,0.00663038,-0.0435117,-0.0453615,-7.31391,-6.82583,2,-0.0718888,0.0567982,-0.151925
13.21,-7.33436,-7.31945,-6.80386,-6.82356,2,2.01956,-2.04163,-2.03861,2.2006,2.22407,2.15852e-15,-0.0161379,-0.0717436,-0.0692357,0.0569819,0.0575528,-0.15236,-0.150854,0.0145565,-0.00895567,0.0183565,0.00682142,-0.043375,-0.0452242,-7.33436,-6.80386,2,-0.0717436,0.0569819,-0.15236
13.22,-7.35474,-7.33991,-6.78182,-6.8014,2,2.01959,-2.03502,-2.03175,2.20672,2.23045,2.14521e-15,-0.0162195,-0.0715977,-0.0690761,0.0571653,0.0577298,-0.152793,-0.151319,0.0146163,-0.00897646,0.0183269,0.00701362,-0.0432379,-0.0450864,-7.35474,-6.78182,2,-0.0715977,0.0571653,-0.152793
13.23,-7.37506,-7.3603,-6.75972,-6.77917,2,2.01962,-2.02839,-2.02488,2.21282,2.23682,2.14769e-15,-0.016302,-0.0714512,-0.068915,0.0573485,0.0579059,-0.153224,-0.151781,0.0146761,-0.00899543,0.0182972,0.00720326,-0.0431004,-0.0449481,-7.37506,-6.75972,2,-0.0714512,0.0573485,-0.153224
13.24,-7.39531,-7.38062,-6.73757,-6.75688,2,2.01965,-2.02174,-2.01798,2.2189,2.24316,2.14258e-15,-0.0163844,-0.0713042,-0.0687522,0.0575313,0.058081,-0.153655,-0.152242,0.0147359,-0.00901308,0.0182675,0.00739298,-0.0429625,-0.0448094,-7.39531,-6.73757,2,-0.0713042,0.0575313,-0.153655
13.25,-7.41549,-7.40088,-6.71535,-6.73453,2,2.01967,-2.01508,-2.01107,2.22496,2.24948,2.1397e-15,-0.0164668,-0.0711565,-0.0685877,0.0577138,0.0582543,-0.154084,-0.152701,0.0147957,-0.00902998,0.0182377,0.00757975,-0.0428242,-0.0446701,-7.41549,-6.71535,2,-0.0711565,0.0577138,-0.154084
13.26,-7.43561,-7.42107,-6.69307,-6.71211,2,2.01969,-2.00839,-2.00415,2.231,2.25578,2.13215e-15,-0.01655,-0.0710083,-0.0684216,0.057896,0.0584268,-0.154511,-0.153158,0.0148554,-0.00904668,0.0182079,0.0077658,-0.0426855,-0.0445304,-7.43561,-6.69307,2,-0.0710083,0.057896,-0.154511
13.27,-7.45566,-7.44119,-6.67073,-6.68963,2,2.01972,-2.00169,-1.9972,2.23702,2.26205,2.11632e-15,-0.0166332,-0.0708594,-0.0682535,0.058078,0.0585981,-0.154937,-0.153613,0.014915,-0.00906212,0.0181781,0.00794857,-0.0425464,-0.0443902,-7.45566,-6.67073,2,-0.0708594,0.058078,-0.154937
13.28,-7.47564,-7.46123,-6.64833,-6.6671,2,2.01974,-1.99497,-1.99024,2.24302,2.26831,2.11632e-15,-0.0167161,-0.07071,-0.0680841,0.0582596,0.0587677,-0.155362,-0.154066,0.0149746,-0.00907584,0.0181483,0.00812979,-0.042407,-0.0442495,-7.47564,-6.64833,2,-0.07071,0.0582596,-0.155362
13.29,-7.49556,-7.48121,-6.62587,-6.6445,2,2.01975,-1.98823,-1.98326,2.249,2.27454,2.11833e-15,-0.0167995,-0.0705599,-0.0679125,0.0584409,0.0589365,-0.155785,-0.154518,0.0150341,-0.00908925,0.0181184,0.00830784,-0.0422672,-0.0441084,-7.49556,-6.62587,2,-0.0705599,0.0584409,-0.155785
13.3,-7.51541,-7.50113,-6.60335,-6.62184,2,2.01977,-1.98147,-1.97627,2.25496,2.28075,2.10975e-15,-0.0168835,-0.0704093,-0.0677392,0.058622,0.059104,-0.156207,-0.154967,0.0150936,-0.00910095,0.0180885,0.00848485,-0.042127,-0.0439668,-7.51541,-6.60335,2,-0.0704093,0.058622,-0.156207
13.31,-7.53519,-7.52097,-6.58077,-6.59911,2,2.01978,-1.9747,-1.96926,2.26091,2.28693,2.09176e-15,-0.0169671,-0.070258,-0.0675642,0.0588027,0.0592703,-0.156628,-0.155415,0.015153,-0.00911283,0.0180585,0.0086581,-0.0419864,-0.0438247,-7.53519,-6.58077,2,-0.070258,0.0588027,-0.156628
13.32,-7.5549,-7.54074,-6.55813,-6.57634,2,2.01979,-1.96791,-1.96223,2.26683,2.29309,2.09517e-15,-0.0170501,-0.0701062,-0.0673876,0.0589831,0.0594355,-0.157047,-0.15586,0.0152123,-0.00912279,0.0180285,0.00883034,-0.0418455,-0.0436821,-7.5549,-6.55813,2,-0.0701062,0.0589831,-0.157047
13.33,-7.57455,-7.56044,-6.53543,-6.55349,2,2.0198,-1.9611,-1.95519,2.27272,2.29923,2.10586e-15,-0.017133,-0.0699538,-0.0672092,0.0591633,0.0595993,-0.157465,-0.156304,0.0152715,-0.0091334,0.0179985,0.00899986,-0.0417041,-0.0435391,-7.57455,-6.53543,2,-0.0699538,0.0591633,-0.157465
13.34,-7.59412,-7.58007,-6.51267,-6.53059,2,2.01981,-1.95427,-1.94813,2.2786,2.30534,2.12025e-15,-0.017216,-0.0698008,-0.0670288,0.0593431,0.0597621,-0.157881,-0.156746,0.0153306,-0.00914225,0.0179684,0.00916458,-0.0415624,-0.0433955,-7.59412,-6.51267,2,-0.0698008,0.0593431,-0.157881
13.35,-7.61363,-7.59963,-6.48986,-6.50764,2,2.01982,-1.94742,-1.94105,2.28446,2.31143,2.12575e-15,-0.0172989,-0.0696472,-0.0668468,0.0595226,0.0599236,-0.158296,-0.157186,0.0153896,-0.00914935,0.0179383,0.00932921,-0.0414204,-0.0432515,-7.61363,-6.48986,2,-0.0696472,0.0595226,-0.158296
13.36,-7.63307,-7.61912,-6.46698,-6.48462,2,2.01982,-1.94056,-1.93396,2.2903,2.3175,2.12916e-15,-0.0173818,-0.069493,-0.0666629,0.0597019,0.0600841,-0.15871,-0.157624,0.0154486,-0.00915684,0.0179082,0.00948934,-0.0412779,-0.0431071,-7.63307,-6.46698,2,-0.069493,0.0597019,-0.15871
13.37,-7.65244,-7.63854,-6.44405,-6.46154,2,2.01983,-1.93368,-1.92685,2.29612,2.32354,2.13864e-15,-0.017464,-0.0693382,-0.0664774,0.0598808,0.0602434,-0.159122,-0.158061,0.0155074,-0.00916322,0.0178779,0.00964615,-0.0411351,-0.0429622,-7.65244,-6.44405,2,-0.0693382,0.0598808,-0.159122
13.38,-7.67174,-7.65789,-6.42106,-6.43841,2,2.01983,-1.92678,-1.91973,2.30191,2.32955,2.13864e-15,-0.0175463,-0.0691829,-0.06629,0.0600594,0.0604015,-0.159532,-0.158495,0.0155661,-0.00916843,0.0178477,0.0097998,-0.0409919,-0.0428168,-7.67174,-6.42106,2,-0.0691829,0.0600594,-0.159532
13.39,-7.69098,-7.67716,-6.39801,-6.41522,2,2.01983,-1.91987,-1.9126,2.30769,2.33554,2.13789e-15,-0.017627,-0.0690269,-0.0661011,0.0602378,0.0605586,-0.159941,-0.158928,0.0156247,-0.00917264,0.0178174,0.00994948,-0.0408484,-0.042671,-7.69098,-6.39801,2,-0.0690269,0.0602378,-0.159941
13.4,-7.71014,-7.69636,-6.37491,-6.39197,2,2.01982,-1.91294,-1.90544,2.31345,2.34151,2.1396e-15,-0.0177089,-0.0688704,-0.06591,0.0604158,0.0607147,-0.160349,-0.159359,0.0156832,-0.00917675,0.017787,0.0100962,-0.0407044,-0.0425247,-7.71014,-6.37491,2,-0.0688704,0.0604158,-0.160349
13.41,-7.72924,-7.7155,-6.35175,-6.36867,2,2.01982,-1.90599,-1.89828,2.31918,2.34745,2.13437e-15,-0.0177894,-0.0687132,-0.0657173,0.0605935,0.0608694,-0.160756,-0.159788,0.0157416,-0.00917984,0.0177566,0.0102379,-0.0405602,-0.0423779,-7.72924,-6.35175,2,-0.0687132,0.0605935,-0.160756
13.42,-7.74826,-7.73456,-6.32853,-6.3453,2,2.01981,-1.89902,-1.8911,2.32489,2.35337,2.13576e-15,-0.0178697,-0.0685555,-0.0655228,0.0607709,0.0610234,-0.16116,-0.160215,0.0157998,-0.00918267,0.0177261,0.0103789,-0.0404155,-0.0422307,-7.74826,-6.32853,2,-0.0685555,0.0607709,-0.16116
13.43,-7.76722,-7.75354,-6.30525,-6.32189,2,2.0198,-1.89204,-1.8839,2.33059,2.35925,2.13787e-15,-0.0179497,-0.0683972,-0.0653267,0.060948,0.0611762,-0.161564,-0.160641,0.0158579,-0.00918368,0.0176955,0.0105134,-0.0402705,-0.0420831,-7.76722,-6.30525,2,-0.0683972,0.060948,-0.161564
13.44,-7.7861,-7.77246,-6.28191,-6.29841,2,2.01979,-1.88504,-1.87669,2.33626,2.36512,2.12101e-15,-0.0180292,-0.0682384,-0.0651287,0.0611248,0.061328,-0.161966,-0.161065,0.0159159,-0.00918454,0.0176649,0.0106454,-0.0401251,-0.0419349,-7.7861,-6.28191,2,-0.0682384,0.0611248,-0.161966
13.45,-7.80492,-7.7913,-6.25852,-6.27488,2,2.01978,-1.87802,-1.86947,2.34191,2.37096,2.10849e-15,-0.0181073,-0.0680789,-0.064929,0.0613013,0.0614788,-0.162366,-0.161487,0.0159738,-0.00918441,0.0176342,0.0107721,-0.0399794,-0.0417864,-7.80492,-6.25852,2,-0.0680789,0.0613013,-0.162366
13.46,-7.82366,-7.81007,-6.23508,-6.2513,2,2.01976,-1.87099,-1.86223,2.34754,2.37677,2.10621e-15,-0.0181852,-0.0679189,-0.0647277,0.0614775,0.0616285,-0.162765,-0.161907,0.0160315,-0.00918345,0.0176034,0.0108957,-0.0398333,-0.0416373,-7.82366,-6.23508,2,-0.0679189,0.0614775,-0.162765
13.47,-7.84234,-7.82876,-6.21157,-6.22766,2,2.01975,-1.86394,-1.85498,2.35315,2.38255,2.08359e-15,-0.018262,-0.0677583,-0.0645244,0.0616534,0.0617771,-0.163163,-0.162325,0.0160891,-0.00918268,0.0175725,0.0110154,-0.0396868,-0.0414879,-7.84234,-6.21157,2,-0.0677583,0.0616534,-0.163163
13.48,-7.86094,-7.84738,-6.18801,-6.20397,2,2.01973,-1.85687,-1.84771,2.35873,2.38831,2.07642e-15,-0.0183379,-0.0675971,-0.0643197,0.0618289,0.0619252,-0.163559,-0.162742,0.0161466,-0.0091814,0.0175416,0.0111291,-0.03954,-0.041338,-7.86094,-6.18801,2,-0.0675971,0.0618289,-0.163559
13.49,-7.87947,-7.86593,-6.1644,-6.18022,2,2.01971,-1.84979,-1.84044,2.3643,2.39404,2.08902e-15,-0.0184139,-0.0674354,-0.0641132,0.0620042,0.0620721,-0.163954,-0.163157,0.0162039,-0.00917786,0.0175106,0.0112403,-0.0393929,-0.0411877,-7.87947,-6.1644,2,-0.0674354,0.0620042,-0.163954
13.5,-7.89794,-7.88441,-6.14073,-6.15642,2,2.01969,-1.84269,-1.83314,2.36984,2.39974,2.08732e-15,-0.018488,-0.067273,-0.0639049,0.0621792,0.0622182,-0.164347,-0.16357,0.0162611,-0.00917449,0.0174794,0.0113467,-0.0392453,-0.0410369,-7.89794,-6.14073,2,-0.067273,0.0621792,-0.164347
13.51,-7.91633,-7.90281,-6.117,-6.13256,2,2.01966,-1.83557,-1.82584,2.37537,2.40542,2.08911e-15,-0.0185621,-0.0671101,-0.063695,0.0623538,0.0623634,-0.164739,-0.163981,0.0163181,-0.00917027,0.0174482,0.0114486,-0.0390975,-0.0408857,-7.91633,-6.117,2,-0.0671101,0.0623538,-0.164739
13.52,-7.93465,-7.92114,-6.09322,-6.10865,2,2.01964,-1.82844,-1.81852,2.38087,2.41107,2.0997e-15,-0.0186344,-0.0669467,-0.0634836,0.0625281,0.0625077,-0.165129,-0.164391,0.016375,-0.00916613,0.0174169,0.0115459,-0.0389492,-0.040734,-7.93465,-6.09322,2,-0.0669467,0.0625281,-0.165129
13.53,-7.9529,-7.93939,-6.06938,-6.08469,2,2.01961,-1.82129,-1.81119,2.38635,2.41669,2.12005e-15,-0.0187062,-0.0667826,-0.0632703,0.0627021,0.0626509,-0.165518,-0.164799,0.0164318,-0.00916098,0.0173855,0.0116409,-0.0388007,-0.040582,-7.9529,-6.06938,2,-0.0667826,0.0627021,-0.165518
13.54,-7.97107,-7.95757,-6.04549,-6.06068,2,2.01958,-1.81412,-1.80385,2.39181,2.42228,2.1022e-15,-0.0187768,-0.066618,-0.0630555,0.0628758,0.0627938,-0.165905,-0.165205,0.0164884,-0.0091558,0.017354,0.0117289,-0.0386517,-0.0404295,-7.97107,-6.04549,2,-0.066618,0.0628758,-0.165905
13.55,-7.98918,-7.97567,-6.02155,-6.03661,2,2.01955,-1.80694,-1.79649,2.39724,2.42785,2.08375e-15,-0.0188472,-0.0664529,-0.0628391,0.0630492,0.0629358,-0.166291,-0.165609,0.0165448,-0.00914925,0.0173224,0.0118134,-0.0385025,-0.0402766,-7.98918,-6.02155,2,-0.0664529,0.0630492,-0.166291
13.56,-8.00721,-7.99371,-5.99755,-6.0125,2,2.01952,-1.79974,-1.78912,2.40266,2.43339,2.08416e-15,-0.0189154,-0.0662871,-0.0626211,0.0632223,0.0630769,-0.166675,-0.166012,0.0166011,-0.00914284,0.0172906,0.0118924,-0.0383528,-0.0401233,-8.00721,-5.99755,2,-0.0662871,0.0632223,-0.166675
13.57,-8.02517,-8.01166,-5.97349,-5.98833,2,2.01948,-1.79252,-1.78175,2.40805,2.4389,2.08325e-15,-0.0189834,-0.0661208,-0.0624019,0.063395,0.0632175,-0.167058,-0.166413,0.0166573,-0.00913483,0.0172588,0.0119683,-0.0382029,-0.0399696,-8.02517,-5.97349,2,-0.0661208,0.063395,-0.167058
13.58,-8.04306,-8.02954,-5.94939,-5.96411,2,2.01945,-1.78529,-1.77435,2.41343,2.44438,2.08495e-15,-0.0190504,-0.065954,-0.0621808,0.0635675,0.0633573,-0.167439,-0.166813,0.0167133,-0.00912618,0.0172268,0.0120389,-0.0380526,-0.0398154,-8.04306,-5.94939,2,-0.065954,0.0635675,-0.167439
13.59,-8.06088,-8.04735,-5.92523,-5.93984,2,2.01941,-1.77805,-1.76695,2.41878,2.44983,2.08116e-15,-0.0191156,-0.0657866,-0.0619584,0.0637396,0.063496,-0.167819,-0.16721,0.0167692,-0.00911819,0.0171947,0.0121047,-0.0379019,-0.0396609,-8.06088,-5.92523,2,-0.0657866,0.0637396,-0.167819
13.6,-8.07862,-8.06507,-5.90101,-5.91552,2,2.01937,-1.77078,-1.75954,2.4241,2.45525,2.10112e-15,-0.019179,-0.0656186,-0.0617344,0.0639113,0.0636346,-0.168197,-0.167606,0.016825,-0.00910915,0.0171625,0.0121667,-0.0377509,-0.0395059,-8.07862,-5.90101,2,-0.0656186,0.0639113,-0.168197
13.61,-8.0963,-8.08273,-5.87674,-5.89115,2,2.01933,-1.7635,-1.75211,2.42941,2.46065,2.11351e-15,-0.0192416,-0.0654501,-0.0615092,0.0640828,0.0637723,-0.168574,-0.168,0.0168805,-0.00909983,0.0171302,0.0122236,-0.0375996,-0.0393506,-8.0963,-5.87674,2,-0.0654501,0.0640828,-0.168574
13.62,-8.11389,-8.10031,-5.85242,-5.86673,2,2.01929,-1.75621,-1.74467,2.43469,2.46601,2.1149e-15,-0.0193032,-0.065281,-0.0612822,0.064254,0.0639094,-0.168949,-0.168393,0.016936,-0.00908963,0.0170977,0.0122774,-0.0374479,-0.0391948,-8.11389,-5.85242,2,-0.065281,0.064254,-0.168949
13.63,-8.13142,-8.11781,-5.82805,-5.84226,2,2.01924,-1.7489,-1.73722,2.43996,2.47135,2.11532e-15,-0.019364,-0.0651114,-0.061054,0.0644248,0.0640462,-0.169323,-0.168784,0.0169913,-0.00907938,0.017065,0.0123254,-0.0372959,-0.0390387,-8.13142,-5.82805,2,-0.0651114,0.0644248,-0.169323
13.64,-8.14887,-8.13524,-5.80362,-5.81774,2,2.0192,-1.74157,-1.72976,2.4452,2.47665,2.10643e-15,-0.019423,-0.0649412,-0.0608244,0.0645953,0.0641823,-0.169695,-0.169173,0.0170464,-0.00906836,0.0170323,0.0123692,-0.0371436,-0.0388821,-8.14887,-5.80362,2,-0.0649412,0.0645953,-0.169695
13.65,-8.16625,-8.15259,-5.77915,-5.79318,2,2.01915,-1.73423,-1.72229,2.45042,2.48193,2.08225e-15,-0.0194812,-0.0647704,-0.0605935,0.0647654,0.0643179,-0.170066,-0.169561,0.0171014,-0.00905705,0.0169993,0.0124091,-0.0369909,-0.0387252,-8.16625,-5.77915,2,-0.0647704,0.0647654,-0.170066
13.66,-8.18356,-8.16987,-5.75462,-5.76856,2,2.0191,-1.72687,-1.71481,2.45561,2.48718,2.07409e-15,-0.0195369,-0.0645991,-0.0603616,0.0649352,0.064453,-0.170435,-0.169947,0.0171563,-0.0090449,0.0169663,0.0124439,-0.0368379,-0.0385679,-8.18356,-5.75462,2,-0.0645991,0.0649352,-0.170435
13.67,-8.20079,-8.18707,-5.73003,-5.7439,2,2.01905,-1.7195,-1.70732,2.46079,2.4924,2.06015e-15,-0.0195922,-0.0644273,-0.0601282,0.0651047,0.0645876,-0.170802,-0.170331,0.017211,-0.00903334,0.016933,0.0124745,-0.0366845,-0.0384102,-8.20079,-5.73003,2,-0.0644273,0.0651047,-0.170802
13.68,-8.21795,-8.20419,-5.7054,-5.71918,2,2.019,-1.71211,-1.69981,2.46594,2.49758,2.05059e-15,-0.0196457,-0.0642549,-0.0598936,0.0652739,0.0647218,-0.171169,-0.170714,0.0172656,-0.00902042,0.0168997,0.0125007,-0.0365309,-0.0382521,-8.21795,-5.7054,2,-0.0642549,0.0652739,-0.171169
13.69,-8.23503,-8.22124,-5.68072,-5.69443,2,2.01895,-1.70471,-1.6923,2.47107,2.50274,2.02735e-15,-0.0196981,-0.064082,-0.0596577,0.0654427,0.0648558,-0.171533,-0.171095,0.0173201,-0.00900747,0.0168661,0.0125224,-0.0363769,-0.0380937,-8.23503,-5.68072,2,-0.064082,0.0654427,-0.171533
13.7,-8.25204,-8.23821,-5.65598,-5.66962,2,2.0189,-1.69729,-1.68478,2.47618,2.50787,2.03175e-15,-0.0197488,-0.0639085,-0.0594209,0.0656112,0.0649892,-0.171896,-0.171474,0.0173744,-0.00899434,0.0168324,0.0125404,-0.0362225,-0.0379349,-8.25204,-5.65598,2,-0.0639085,0.0656112,-0.171896
13.71,-8.26898,-8.2551,-5.63119,-5.64476,2,2.01884,-1.68985,-1.67724,2.48126,2.51297,2.0436e-15,-0.0197976,-0.0637345,-0.0591828,0.0657794,0.0651224,-0.172257,-0.171852,0.0174286,-0.00897985,0.0167985,0.0125544,-0.0360679,-0.0377758,-8.26898,-5.63119,2,-0.0637345,0.0657794,-0.172257
13.72,-8.28584,-8.27192,-5.60635,-5.61986,2,2.01879,-1.6824,-1.6697,2.48632,2.51804,2.02746e-15,-0.0198456,-0.0635599,-0.0589437,0.0659472,0.0652554,-0.172617,-0.172228,0.0174827,-0.00896632,0.0167644,0.0125629,-0.0359129,-0.0376162,-8.28584,-5.60635,2,-0.0635599,0.0659472,-0.172617
13.73,-8.30262,-8.28866,-5.58147,-5.59492,2,2.01873,-1.67494,-1.66215,2.49136,2.52308,2.02292e-15,-0.0198924,-0.0633849,-0.0587035,0.0661147,0.0653879,-0.172976,-0.172602,0.0175366,-0.00895172,0.0167302,0.0125702,-0.0357576,-0.0374563,-8.30262,-5.58147,2,-0.0633849,0.0661147,-0.172976
13.74,-8.31934,-8.30532,-5.55653,-5.56992,2,2.01867,-1.66746,-1.65458,2.49638,2.52808,2.02292e-15,-0.0199374,-0.0632092,-0.0584623,0.0662818,0.0655202,-0.173333,-0.172975,0.0175904,-0.00893638,0.0166958,0.0125728,-0.035602,-0.0372961,-8.31934,-5.55653,2,-0.0632092,0.0662818,-0.173333
13.75,-8.33597,-8.32191,-5.53154,-5.54488,2,2.01861,-1.65996,-1.64701,2.50138,2.53306,2.02557e-15,-0.0199809,-0.0630331,-0.0582201,0.0664486,0.0656526,-0.173688,-0.173346,0.0176441,-0.00892145,0.0166612,0.0125703,-0.035446,-0.0371355,-8.33597,-5.53154,2,-0.0630331,0.0664486,-0.173688
13.76,-8.35254,-8.33843,-5.5065,-5.5198,2,2.01855,-1.65245,-1.63943,2.50635,2.53801,2.03655e-15,-0.0200227,-0.0628563,-0.0579773,0.066615,0.0657844,-0.174041,-0.173716,0.0176976,-0.00890578,0.0166264,0.0125647,-0.0352897,-0.0369746,-8.35254,-5.5065,2,-0.0628563,0.066615,-0.174041
13.77,-8.36902,-8.35486,-5.48141,-5.49467,2,2.01849,-1.64493,-1.63184,2.5113,2.54292,2.03809e-15,-0.0200636,-0.0626791,-0.0577332,0.0667811,0.0659163,-0.174394,-0.174084,0.017751,-0.00888985,0.0165914,0.0125553,-0.0351332,-0.0368133,-8.36902,-5.48141,2,-0.0626791,0.0667811,-0.174394
13.78,-8.38543,-8.37121,-5.45627,-5.46949,2,2.01842,-1.63739,-1.62424,2.51623,2.54781,2.04566e-15,-0.0201021,-0.0625013,-0.0574884,0.0669468,0.0660478,-0.174744,-0.17445,0.0178044,-0.0088744,0.0165562,0.0125434,-0.0349762,-0.0366517,-8.38543,-5.45627,2,-0.0625013,0.0669468,-0.174744
13.79,-8.40177,-8.3875,-5.43109,-5.44427,2,2.01836,-1.62984,-1.61663,2.52113,2.55266,2.03213e-15,-0.0201396,-0.062323,-0.0572428,0.0671122,0.0661794,-0.175093,-0.174815,0.0178576,-0.00885764,0.0165208,0.0125255,-0.034819,-0.0364898,-8.40177,-5.43109,2,-0.062323,0.0671122,-0.175093
13.8,-8.41803,-8.4037,-5.40585,-5.419,2,2.01829,-1.62227,-1.60901,2.52601,2.55749,2.0328e-15,-0.0201753,-0.0621442,-0.0569966,0.0672773,0.0663111,-0.175441,-0.175178,0.0179106,-0.00884066,0.0164853,0.012507,-0.0346615,-0.0363275,-8.41803,-5.40585,2,-0.0621442,0.0672773,-0.175441
13.81,-8.43422,-8.41982,-5.38057,-5.3937,2,2.01823,-1.61468,-1.60138,2.53087,2.56228,2.04014e-15,-0.0202103,-0.0619648,-0.0567492,0.0674419,0.0664425,-0.175786,-0.175539,0.0179636,-0.0088245,0.0164495,0.0124854,-0.0345036,-0.036165,-8.43422,-5.38057,2,-0.0619648,0.0674419,-0.175786
13.82,-8.45032,-8.43587,-5.35523,-5.36834,2,2.01816,-1.60708,-1.59374,2.53571,2.56704,2.01542e-15,-0.020243,-0.0617849,-0.0565015,0.0676062,0.066574,-0.176131,-0.175899,0.0180165,-0.00880713,0.0164135,0.0124601,-0.0343455,-0.0360021,-8.45032,-5.35523,2,-0.0617849,0.0676062,-0.176131
13.83,-8.46636,-8.45184,-5.32985,-5.34294,2,2.01809,-1.59947,-1.5861,2.54052,2.57178,1.99447e-15,-0.020274,-0.0616045,-0.0562532,0.0677702,0.0667054,-0.176473,-0.176257,0.0180693,-0.00878984,0.0163773,0.012431,-0.034187,-0.0358388,-8.46636,-5.32985,2,-0.0616045,0.0677702,-0.176473
13.84,-8.48231,-8.46773,-5.30442,-5.3175,2,2.01802,-1.59185,-1.57844,2.54531,2.57648,1.99591e-15,-0.0203039,-0.0614235,-0.0560044,0.0679338,0.0668369,-0.176814,-0.176613,0.0181219,-0.00877239,0.0163409,0.0123989,-0.0340282,-0.0356753,-8.48231,-5.30442,2,-0.0614235,0.0679338,-0.176814
13.85,-8.49819,-8.48355,-5.27895,-5.29201,2,2.01795,-1.5842,-1.57078,2.55008,2.58115,1.99726e-15,-0.0203322,-0.061242,-0.0557548,0.068097,0.0669688,-0.177154,-0.176968,0.0181745,-0.00875479,0.0163043,0.0123643,-0.0338692,-0.0355115,-8.49819,-5.27895,2,-0.061242,0.068097,-0.177154
13.86,-8.514,-8.49929,-5.25342,-5.26649,2,2.01788,-1.57655,-1.56311,2.55482,2.58579,1.99627e-15,-0.0203589,-0.06106,-0.0555048,0.0682599,0.0671003,-0.177492,-0.177322,0.018227,-0.00873635,0.0162674,0.0123277,-0.0337098,-0.0353474,-8.514,-5.25342,2,-0.06106,0.0682599,-0.177492
13.87,-8.52973,-8.51495,-5.22785,-5.24091,2,2.01781,-1.56888,-1.55543,2.55955,2.5904,1.98981e-15,-0.0203843,-0.0608775,-0.0552544,0.0684224,0.0672322,-0.177828,-0.177673,0.0182793,-0.00871838,0.0162303,0.01229,-0.0335501,-0.0351829,-8.52973,-5.22785,2,-0.0608775,0.0684224,-0.177828
13.88,-8.54538,-8.53053,-5.20223,-5.2153,2,2.01774,-1.56119,-1.54774,2.56424,2.59498,1.9764e-15,-0.020408,-0.0606944,-0.0550036,0.0685845,0.0673641,-0.178163,-0.178023,0.0183316,-0.00869976,0.0161931,0.0122483,-0.0333901,-0.0350182,-8.54538,-5.20223,2,-0.0606944,0.0685845,-0.178163
13.89,-8.56095,-8.54604,-5.17656,-5.18964,2,2.01767,-1.5535,-1.54004,2.56892,2.59952,1.974e-15,-0.0204303,-0.0605109,-0.0547524,0.0687462,0.0674963,-0.178496,-0.178371,0.0183838,-0.0086812,0.0161555,0.0122039,-0.0332298,-0.0348532,-8.56095,-5.17656,2,-0.0605109,0.0687462,-0.178496
13.9,-8.57645,-8.56146,-5.15085,-5.16394,2,2.0176,-1.54578,-1.53234,2.57357,2.60404,1.97674e-15,-0.0204505,-0.0603268,-0.0545009,0.0689076,0.0676286,-0.178827,-0.178718,0.0184359,-0.0086626,0.0161178,0.0121585,-0.0330692,-0.0346879,-8.57645,-5.15085,2,-0.0603268,0.0689076,-0.178827
13.91,-8.59186,-8.57681,-5.12509,-5.1382,2,2.01752,-1.53806,-1.52463,2.5782,2.60852,1.98163e-15,-0.0204698,-0.0601421,-0.054249,0.0690686,0.0677615,-0.179157,-0.179063,0.018488,-0.00864369,0.0160798,0.0121085,-0.0329083,-0.0345223,-8.59186,-5.12509,2,-0.0601421,0.0690686,-0.179157
13.92,-8.60721,-8.59209,-5.09929,-5.11241,2,2.01745,-1.53032,-1.51691,2.5828,2.61298,1.99607e-15,-0.0204874,-0.059957,-0.053997,0.0692292,0.0678942,-0.179485,-0.179406,0.0185399,-0.00862483,0.0160416,0.0120607,-0.0327471,-0.0343565,-8.60721,-5.09929,2,-0.059957,0.0692292,-0.179485
13.93,-8.62247,-8.60728,-5.07344,-5.08659,2,2.01738,-1.52256,-1.50918,2.58739,2.6174,2.00569e-15,-0.0205031,-0.0597713,-0.0537449,0.0693894,0.0680272,-0.179812,-0.179748,0.0185918,-0.00860668,0.0160032,0.0120099,-0.0325856,-0.0341903,-8.62247,-5.07344,2,-0.0597713,0.0693894,-0.179812
13.94,-8.63766,-8.62239,-5.04754,-5.06072,2,2.0173,-1.5148,-1.50144,2.59195,2.6218,2.00286e-15,-0.020518,-0.0595852,-0.0534926,0.0695493,0.0681605,-0.180137,-0.180088,0.0186436,-0.00858642,0.0159645,0.0119577,-0.0324238,-0.0340239,-8.63766,-5.04754,2,-0.0595852,0.0695493,-0.180137
13.95,-8.65277,-8.63743,-5.0216,-5.03481,2,2.01723,-1.50702,-1.4937,2.59648,2.62616,1.99583e-15,-0.0205308,-0.0593985,-0.0532401,0.0697087,0.0682942,-0.180461,-0.180427,0.0186954,-0.00856803,0.0159256,0.0119038,-0.0322617,-0.0338573,-8.65277,-5.0216,2,-0.0593985,0.0697087,-0.180461
13.96,-8.6678,-8.65239,-4.99561,-5.00886,2,2.01715,-1.49922,-1.48595,2.60099,2.63049,2.00094e-15,-0.0205423,-0.0592113,-0.0529877,0.0698678,0.0684282,-0.180782,-0.180763,0.0187471,-0.00854845,0.0158864,0.0118487,-0.0320994,-0.0336904,-8.6678,-4.99561,2,-0.0592113,0.0698678,-0.180782
13.97,-8.68275,-8.66727,-4.96958,-4.98286,2,2.01708,-1.49141,-1.47819,2.60548,2.6348,2.00799e-15,-0.0205522,-0.0590235,-0.0527353,0.0700264,0.0685627,-0.181103,-0.181098,0.0187987,-0.00852918,0.015847,0.011793,-0.0319367,-0.0335232,-8.68275,-4.96958,2,-0.0590235,0.0700264,-0.181103
13.98,-8.69763,-8.68208,-4.9435,-4.95683,2,2.017,-1.48359,-1.47042,2.60995,2.63907,1.99982e-15,-0.0205607,-0.0588353,-0.0524829,0.0701847,0.0686973,-0.181421,-0.181432,0.0188502,-0.00850938,0.0158074,0.0117372,-0.0317737,-0.0333558,-8.69763,-4.9435,2,-0.0588353,0.0701847,-0.181421
13.99,-8.71242,-8.6968,-4.91738,-4.93075,2,2.01692,-1.47576,-1.46265,2.61439,2.64331,1.98237e-15,-0.0205678,-0.0586465,-0.0522306,0.0703426,0.0688326,-0.181738,-0.181764,0.0189017,-0.00849045,0.0157675,0.0116792,-0.0316105,-0.0331881,-8.71242,-4.91738,2,-0.0586465,0.0703426,-0.181738
14,-8.72714,-8.71145,-4.89121,-4.90464,2,2.01685,-1.46791,-1.45487,2.61881,2.64752,1.9861e-15,-0.0205736,-0.0584572,-0.0519782,0.0705001,0.068968,-0.182053,-0.182094,0.0189532,-0.00847078,0.0157274,0.0116208,-0.031447,-0.0330202,-8.72714,-4.89121,2,-0.0584572,0.0705001,-0.182053
14.01,-8.74178,-8.72602,-4.865,-4.87848,2,2.01677,-1.46005,-1.44708,2.6232,2.6517,1.99141e-15,-0.0205775,-0.0582675,-0.0517264,0.0706571,0.0691039,-0.182367,-0.182422,0.0190045,-0.00845122,0.015687,0.0115638,-0.0312832,-0.0328521,-8.74178,-4.865,2,-0.0582675,0.0706571,-0.182367
14.02,-8.75634,-8.74051,-4.83875,-4.85228,2,2.0167,-1.45217,-1.43928,2.62757,2.65585,1.99899e-15,-0.02058,-0.0580772,-0.0514746,0.0708138,0.0692406,-0.182679,-0.182749,0.0190559,-0.00843192,0.0156464,0.0115039,-0.0311191,-0.0326837,-8.75634,-4.83875,2,-0.0580772,0.0708138,-0.182679
14.03,-8.77082,-8.75492,-4.81245,-4.82605,2,2.01662,-1.44428,-1.43147,2.63192,2.65997,2.01189e-15,-0.0205812,-0.0578863,-0.0512228,0.0709701,0.0693775,-0.182989,-0.183073,0.0191072,-0.00841327,0.0156055,0.0114461,-0.0309547,-0.0325151,-8.77082,-4.81245,2,-0.0578863,0.0709701,-0.182989
14.04,-8.78523,-8.76925,-4.78611,-4.79977,2,2.01654,-1.43638,-1.42366,2.63624,2.66406,2.0109e-15,-0.0205811,-0.057695,-0.0509718,0.0711259,0.069515,-0.183298,-0.183397,0.0191584,-0.00839404,0.0155644,0.0113862,-0.0307901,-0.0323463,-8.78523,-4.78611,2,-0.057695,0.0711259,-0.183298
14.05,-8.79955,-8.78352,-4.75973,-4.77345,2,2.01647,-1.42847,-1.41584,2.64054,2.66812,2.00444e-15,-0.0205792,-0.0575032,-0.050721,0.0712813,0.0696528,-0.183605,-0.183718,0.0192096,-0.00837442,0.015523,0.0113274,-0.0306252,-0.0321773,-8.79955,-4.75973,2,-0.0575032,0.0712813,-0.183605
14.06,-8.8138,-8.79769,-4.7333,-4.74709,2,2.01639,-1.42054,-1.40801,2.64482,2.67215,2.01301e-15,-0.0205761,-0.0573108,-0.0504705,0.0714364,0.0697912,-0.183911,-0.184038,0.0192608,-0.00835466,0.0154814,0.0112691,-0.0304599,-0.032008,-8.8138,-4.7333,2,-0.0573108,0.0714364,-0.183911
14.07,-8.82796,-8.81179,-4.70683,-4.7207,2,2.01632,-1.4126,-1.40018,2.64907,2.67615,2.02893e-15,-0.0205715,-0.057118,-0.0502206,0.071591,0.0699302,-0.184214,-0.184356,0.019312,-0.00833596,0.0154396,0.0112107,-0.0302945,-0.0318386,-8.82796,-4.70683,2,-0.057118,0.071591,-0.184214
14.08,-8.84205,-8.82581,-4.68032,-4.69426,2,2.01624,-1.40465,-1.39234,2.6533,2.68012,2.03136e-15,-0.020565,-0.0569246,-0.0499711,0.0717451,0.0700696,-0.184517,-0.184672,0.0193631,-0.008316,0.0153974,0.0111523,-0.0301287,-0.0316689,-8.84205,-4.68032,2,-0.0569246,0.0717451,-0.184517
14.09,-8.85606,-8.83976,-4.65377,-4.66778,2,2.01616,-1.39668,-1.38449,2.6575,2.68406,2.03781e-15,-0.0205574,-0.0567307,-0.049722,0.0718989,0.0702096,-0.184817,-0.184987,0.0194141,-0.00829697,0.0153551,0.0110965,-0.0299627,-0.031499,-8.85606,-4.65377,2,-0.0567307,0.0718989,-0.184817
14.1,-8.86998,-8.85362,-4.62717,-4.64126,2,2.01609,-1.38871,-1.37663,2.66168,2.68797,2.0344e-15,-0.0205488,-0.0565363,-0.0494737,0.0720523,0.0703503,-0.185116,-0.1853,0.0194652,-0.00827857,0.0153124,0.0110413,-0.0297964,-0.031329,-8.86998,-4.62717,2,-0.0565363,0.0720523,-0.185116
14.11,-8.88383,-8.8674,-4.60053,-4.61471,2,2.01601,-1.38072,-1.36877,2.66584,2.69186,2.02356e-15,-0.0205383,-0.0563414,-0.0492258,0.0722052,0.0704915,-0.185413,-0.185611,0.0195162,-0.00826071,0.0152696,0.0109862,-0.0296298,-0.0311588,-8.88383,-4.60053,2,-0.0563414,0.0722052,-0.185413
14.12,-8.8976,-8.88111,-4.57385,-4.58812,2,2.01594,-1.37271,-1.36089,2.66997,2.69571,2.02971e-15,-0.020527,-0.056146,-0.0489784,0.0723576,0.0706332,-0.185708,-0.18592,0.0195672,-0.00824238,0.0152264,0.0109327,-0.029463,-0.0309883,-8.8976,-4.57385,2,-0.056146,0.0723576,-0.185708
14.13,-8.91128,-8.89473,-4.54713,-4.56148,2,2.01586,-1.3647,-1.35301,2.67408,2.69953,2.04199e-15,-0.0205139,-0.05595,-0.0487319,0.0725097,0.0707756,-0.186002,-0.186228,0.0196181,-0.00822322,0.015183,0.0108798,-0.0292959,-0.0308177,-8.91128,-4.54713,2,-0.05595,0.0725097,-0.186002
14.14,-8.92489,-8.90829,-4.52037,-4.53481,2,2.01579,-1.35667,-1.34513,2.67816,2.70333,2.04029e-15,-0.0204988,-0.0557536,-0.048486,0.0726613,0.0709186,-0.186294,-0.186533,0.0196691,-0.00820445,0.0151394,0.0108288,-0.0291285,-0.0306469,-8.92489,-4.52037,2,-0.0557536,0.0726613,-0.186294
14.15,-8.93842,-8.92175,-4.49357,-4.5081,2,2.01572,-1.34863,-1.33723,2.68222,2.7071,2.04409e-15,-0.020483,-0.0555567,-0.0482409,0.0728125,0.0710621,-0.186585,-0.186837,0.01972,-0.00818639,0.0150955,0.0107787,-0.0289609,-0.030476,-8.93842,-4.49357,2,-0.0555567,0.0728125,-0.186585
14.16,-8.95186,-8.93514,-4.46673,-4.48135,2,2.01564,-1.34058,-1.32933,2.68626,2.71083,2.0461e-15,-0.0204655,-0.0553592,-0.0479967,0.0729632,0.0712063,-0.186873,-0.187139,0.0197709,-0.00816775,0.0150514,0.0107321,-0.028793,-0.0303049,-8.95186,-4.46673,2,-0.0553592,0.0729632,-0.186873
14.17,-8.96523,-8.94846,-4.43984,-4.45456,2,2.01557,-1.33251,-1.32142,2.69027,2.71454,2.04993e-15,-0.0204469,-0.0551613,-0.0477532,0.0731135,0.071351,-0.187161,-0.18744,0.0198218,-0.00815113,0.015007,0.0106854,-0.0286248,-0.0301335,-8.96523,-4.43984,2,-0.0551613,0.0731135,-0.187161
14.18,-8.97851,-8.96169,-4.41292,-4.42773,2,2.0155,-1.32444,-1.3135,2.69426,2.71822,2.05608e-15,-0.0204264,-0.0549628,-0.0475106,0.0732634,0.0714964,-0.187446,-0.187738,0.0198727,-0.00813404,0.0149623,0.0106409,-0.0284564,-0.0299621,-8.97851,-4.41292,2,-0.0549628,0.0732634,-0.187446
14.19,-8.99172,-8.97484,-4.38596,-4.40087,2,2.01543,-1.31635,-1.30558,2.69822,2.72187,2.07035e-15,-0.020405,-0.0547638,-0.0472691,0.0734127,0.0716424,-0.18773,-0.188035,0.0199235,-0.00811509,0.0149174,0.0105983,-0.0282877,-0.0297905,-8.99172,-4.38596,2,-0.0547638,0.0734127,-0.18773
14.2,-9.00484,-8.98792,-4.35896,-4.37396,2,2.01535,-1.30825,-1.29765,2.70216,2.7255,2.05804e-15,-0.0203821,-0.0545643,-0.0470281,0.0735617,0.071789,-0.188012,-0.188329,0.0199744,-0.00809838,0.0148723,0.0105584,-0.0281188,-0.0296187,-9.00484,-4.35896,2,-0.0545643,0.0735617,-0.188012
14.21,-9.01788,-9.00092,-4.33192,-4.34702,2,2.01528,-1.30014,-1.28971,2.70607,2.72909,2.03904e-15,-0.0203572,-0.0543643,-0.0467883,0.0737102,0.0719364,-0.188292,-0.188622,0.0200252,-0.00808152,0.0148269,0.0105202,-0.0279496,-0.0294468,-9.01788,-4.33192,2,-0.0543643,0.0737102,-0.188292
14.22,-9.03084,-9.01383,-4.30484,-4.32003,2,2.01521,-1.29201,-1.28176,2.70996,2.73266,2.04661e-15,-0.0203313,-0.0541638,-0.0465494,0.0738582,0.0720843,-0.188571,-0.188913,0.020076,-0.00806472,0.0147812,0.0104848,-0.0277802,-0.0292747,-9.03084,-4.30484,2,-0.0541638,0.0738582,-0.188571
14.23,-9.04372,-9.02667,-4.27772,-4.29302,2,2.01514,-1.28388,-1.27381,2.71383,2.7362,2.04147e-15,-0.0203043,-0.0539628,-0.0463115,0.0740058,0.0722328,-0.188848,-0.189203,0.0201269,-0.00804877,0.0147353,0.0104519,-0.0276105,-0.0291025,-9.04372,-4.27772,2,-0.0539628,0.0740058,-0.188848
14.24,-9.05652,-9.03943,-4.25056,-4.26596,2,2.01507,-1.27573,-1.26584,2.71767,2.73971,2.03948e-15,-0.0202762,-0.0537613,-0.0460745,0.0741529,0.0723821,-0.189123,-0.18949,0.0201777,-0.00803251,0.0146892,0.0104208,-0.0274406,-0.0289302,-9.05652,-4.25056,2,-0.0537613,0.0741529,-0.189123
14.25,-9.06924,-9.05211,-4.22336,-4.23886,2,2.01501,-1.26757,-1.25787,2.72149,2.7432,2.00659e-15,-0.0202458,-0.0535592,-0.0458389,0.0742996,0.0725318,-0.189396,-0.189775,0.0202285,-0.00801588,0.0146428,0.0103936,-0.0272704,-0.0287578,-9.06924,-4.22336,2,-0.0535592,0.0742996,-0.189396
14.26,-9.08187,-9.06471,-4.19613,-4.21173,2,2.01494,-1.2594,-1.24989,2.72528,2.74666,1.98604e-15,-0.0202141,-0.0533567,-0.0456042,0.0744458,0.0726822,-0.189668,-0.190059,0.0202793,-0.00800031,0.0145961,0.0103677,-0.0271,-0.0285851,-9.08187,-4.19613,2,-0.0533567,0.0744458,-0.189668
14.27,-9.09443,-9.07723,-4.16886,-4.18456,2,2.01487,-1.25122,-1.24191,2.72905,2.75008,1.96757e-15,-0.0201814,-0.0531536,-0.0453708,0.0745915,0.0728334,-0.189938,-0.19034,0.0203301,-0.00798419,0.0145492,0.010344,-0.0269293,-0.0284124,-9.09443,-4.16886,2,-0.0531536,0.0745915,-0.189938
14.28,-9.1069,-9.08967,-4.14155,-4.15736,2,2.01481,-1.24303,-1.23391,2.73279,2.75349,1.96757e-15,-0.0201468,-0.0529501,-0.0451383,0.0747368,0.072985,-0.190207,-0.19062,0.0203809,-0.00796974,0.0145021,0.0103244,-0.0267584,-0.0282396,-9.1069,-4.14155,2,-0.0529501,0.0747368,-0.190207
14.29,-9.11929,-9.10203,-4.1142,-4.13011,2,2.01474,-1.23482,-1.22591,2.73651,2.75686,1.967e-15,-0.020111,-0.052746,-0.044907,0.0748816,0.0731373,-0.190474,-0.190898,0.0204317,-0.00795394,0.0144547,0.0103069,-0.0265872,-0.0280667,-9.11929,-4.1142,2,-0.052746,0.0748816,-0.190474
14.3,-9.13159,-9.11431,-4.08682,-4.10283,2,2.01467,-1.22661,-1.2179,2.7402,2.76021,1.97217e-15,-0.0200736,-0.0525415,-0.0446771,0.0750259,0.0732902,-0.190739,-0.191174,0.0204825,-0.00793909,0.0144071,0.0102942,-0.0264158,-0.0278936,-9.13159,-4.08682,2,-0.0525415,0.0750259,-0.190739
14.31,-9.14382,-9.12652,-4.0594,-4.07551,2,2.01461,-1.21838,-1.20988,2.74387,2.76354,1.97861e-15,-0.0200341,-0.0523364,-0.0444482,0.0751697,0.0734436,-0.191002,-0.191448,0.0205332,-0.00792453,0.0143592,0.010282,-0.0262442,-0.0277204,-9.14382,-4.0594,2,-0.0523364,0.0751697,-0.191002
14.32,-9.15596,-9.13864,-4.03194,-4.04815,2,2.01455,-1.21014,-1.20186,2.74752,2.76683,1.98103e-15,-0.0199946,-0.0521308,-0.0442205,0.0753131,0.0735977,-0.191264,-0.191719,0.020584,-0.00791106,0.0143111,0.0102751,-0.0260723,-0.0275472,-9.15596,-4.03194,2,-0.0521308,0.0753131,-0.191264
14.33,-9.16802,-9.15068,-4.00445,-4.02076,2,2.01448,-1.20189,-1.19382,2.75114,2.7701,1.9867e-15,-0.0199528,-0.0519247,-0.0439939,0.0754559,0.0737525,-0.191523,-0.191989,0.0206348,-0.00789675,0.0142628,0.0102692,-0.0259002,-0.0273738,-9.16802,-4.00445,2,-0.0519247,0.0754559,-0.191523
14.34,-9.18,-9.16264,-3.97692,-3.99333,2,2.01442,-1.19363,-1.18578,2.75473,2.77334,2.00625e-15,-0.0199095,-0.0517181,-0.0437688,0.0755983,0.0739077,-0.191782,-0.192257,0.0206856,-0.00788302,0.0142142,0.0102684,-0.0257278,-0.0272003,-9.18,-3.97692,2,-0.0517181,0.0755983,-0.191782
14.35,-9.19189,-9.17452,-3.94935,-3.96586,2,2.01436,-1.18536,-1.17773,2.7583,2.77656,2.01814e-15,-0.0198645,-0.051511,-0.0435452,0.0757402,0.0740637,-0.192038,-0.192523,0.0207363,-0.00787025,0.0141654,0.0102689,-0.0255552,-0.0270267,-9.19189,-3.94935,2,-0.051511,0.0757402,-0.192038
14.36,-9.20371,-9.18632,-3.92175,-3.93835,2,2.0143,-1.17708,-1.16967,2.76185,2.77975,2.00128e-15,-0.0198187,-0.0513034,-0.0433225,0.0758816,0.0742199,-0.192293,-0.192787,0.0207871,-0.00785616,0.0141163,0.0102728,-0.0253824,-0.0268531,-9.20371,-3.92175,2,-0.0513034,0.0758816,-0.192293
14.37,-9.21544,-9.19804,-3.89412,-3.91081,2,2.01424,-1.16879,-1.16161,2.76537,2.78292,2.00484e-15,-0.0197707,-0.0510953,-0.0431013,0.0760225,0.0743769,-0.192546,-0.193049,0.0208378,-0.00784354,0.014067,0.0102806,-0.0252094,-0.0266793,-9.21544,-3.89412,2,-0.0510953,0.0760225,-0.192546
14.38,-9.22708,-9.20968,-3.86645,-3.88323,2,2.01418,-1.16049,-1.15353,2.76887,2.78606,2.00542e-15,-0.0197215,-0.0508866,-0.0428814,0.076163,0.0745345,-0.192797,-0.193309,0.0208886,-0.00783017,0.0140175,0.0102927,-0.0250361,-0.0265054,-9.22708,-3.86645,2,-0.0508866,0.076163,-0.192797
14.39,-9.23864,-9.22125,-3.83874,-3.85562,2,2.01412,-1.15218,-1.14545,2.77234,2.78917,2.01005e-15,-0.0196704,-0.0506775,-0.0426626,0.0763029,0.0746924,-0.193046,-0.193567,0.0209394,-0.00781887,0.0139677,0.0103069,-0.0248626,-0.0263315,-9.23864,-3.83874,2,-0.0506775,0.0763029,-0.193046
14.4,-9.25012,-9.23272,-3.811,-3.82797,2,2.01407,-1.14385,-1.13735,2.77578,2.79226,2.01005e-15,-0.019618,-0.0504678,-0.0424454,0.0764423,0.0748509,-0.193294,-0.193822,0.0209901,-0.00780604,0.0139178,0.0103248,-0.0246888,-0.0261575,-9.25012,-3.811,2,-0.0504678,0.0764423,-0.193294
14.41,-9.26152,-9.24412,-3.78322,-3.80028,2,2.01401,-1.13552,-1.12925,2.77921,2.79532,2.00797e-15,-0.0195644,-0.0502577,-0.0422292,0.0765812,0.07501,-0.19354,-0.194076,0.0210408,-0.00779405,0.0138675,0.0103457,-0.0245149,-0.0259834,-9.26152,-3.78322,2,-0.0502577,0.0765812,-0.19354
14.42,-9.27283,-9.25544,-3.75541,-3.77256,2,2.01396,-1.12718,-1.12114,2.7826,2.79837,1.99183e-15,-0.0195087,-0.050047,-0.0420148,0.0767197,0.0751695,-0.193784,-0.194328,0.0210916,-0.00778161,0.0138171,0.0103704,-0.0243407,-0.0258093,-9.27283,-3.75541,2,-0.050047,0.0767197,-0.193784
14.43,-9.28407,-9.26667,-3.72757,-3.7448,2,2.0139,-1.11882,-1.11302,2.78597,2.80138,1.98654e-15,-0.0194517,-0.0498358,-0.0418015,0.0768576,0.0753295,-0.194027,-0.194578,0.0211423,-0.00776977,0.0137664,0.010398,-0.0241663,-0.025635,-9.28407,-3.72757,2,-0.0498358,0.0768576,-0.194027
14.44,-9.29521,-9.27783,-3.6997,-3.71701,2,2.01385,-1.11046,-1.1049,2.78932,2.80437,1.98825e-15,-0.0193924,-0.0496242,-0.0415896,0.076995,0.07549,-0.194268,-0.194825,0.021193,-0.00775865,0.0137155,0.0104286,-0.0239917,-0.0254608,-9.29521,-3.6997,2,-0.0496242,0.076995,-0.194268
14.45,-9.30627,-9.28891,-3.67179,-3.68918,2,2.01379,-1.10208,-1.09676,2.79264,2.80733,1.98319e-15,-0.0193325,-0.049412,-0.041379,0.0771319,0.075651,-0.194507,-0.19507,0.0212437,-0.00774735,0.0136644,0.0104617,-0.0238169,-0.0252864,-9.30627,-3.67179,2,-0.049412,0.0771319,-0.194507
14.46,-9.31725,-9.2999,-3.64384,-3.66132,2,2.01374,-1.0937,-1.08862,2.79594,2.81027,1.96606e-15,-0.0192703,-0.0491993,-0.04117,0.0772683,0.0758121,-0.194744,-0.195314,0.0212944,-0.00773614,0.0136131,0.010501,-0.0236418,-0.025112,-9.31725,-3.64384,2,-0.0491993,0.0772683,-0.194744
14.47,-9.32815,-9.31081,-3.61587,-3.63342,2,2.01369,-1.0853,-1.08046,2.79921,2.81319,1.96702e-15,-0.0192067,-0.0489861,-0.0409621,0.0774041,0.0759738,-0.19498,-0.195555,0.021345,-0.00772537,0.0135615,0.0105409,-0.0234666,-0.0249375,-9.32815,-3.61587,2,-0.0489861,0.0774041,-0.19498
14.48,-9.33896,-9.32164,-3.58786,-3.60549,2,2.01364,-1.0769,-1.0723,2.80245,2.81608,1.95293e-15,-0.0191418,-0.0487724,-0.0407556,0.0775395,0.0761361,-0.195213,-0.195794,0.0213957,-0.00771466,0.0135097,0.0105851,-0.0232911,-0.0247629,-9.33896,-3.58786,2,-0.0487724,0.0775395,-0.195213
14.49,-9.34969,-9.33239,-3.55982,-3.57752,2,2.01359,-1.06849,-1.06413,2.80567,2.81894,1.93229e-15,-0.0190742,-0.0485582,-0.0405507,0.0776743,0.0762986,-0.195445,-0.196031,0.0214463,-0.00770339,0.0134577,0.0106318,-0.0231154,-0.0245883,-9.34969,-3.55982,2,-0.0485582,0.0776743,-0.195445
14.5,-9.36033,-9.34305,-3.53175,-3.54951,2,2.01354,-1.06006,-1.05595,2.80887,2.82179,1.93089e-15,-0.0190052,-0.0483435,-0.0403467,0.0778087,0.0764613,-0.195676,-0.196266,0.0214969,-0.00769261,0.0134055,0.010683,-0.0229395,-0.0244136,-9.36033,-3.53175,2,-0.0483435,0.0778087,-0.195676
14.51,-9.37089,-9.35364,-3.50364,-3.52147,2,2.01349,-1.05163,-1.04776,2.81204,2.8246,1.92517e-15,-0.0189346,-0.0481282,-0.0401442,0.0779425,0.0766246,-0.195904,-0.196498,0.0215475,-0.0076828,0.0133531,0.0107361,-0.0227634,-0.0242389,-9.37089,-3.50364,2,-0.0481282,0.0779425,-0.195904
14.52,-9.38136,-9.36414,-3.4755,-3.4934,2,2.01344,-1.04319,-1.03956,2.81518,2.8274,1.92858e-15,-0.0188631,-0.0479125,-0.0399431,0.0780757,0.0767881,-0.196131,-0.196729,0.0215981,-0.00767153,0.0133005,0.0107921,-0.0225871,-0.0240641,-9.38136,-3.4755,2,-0.0479125,0.0780757,-0.196131
14.53,-9.39175,-9.37456,-3.44734,-3.46529,2,2.01339,-1.03474,-1.03135,2.8183,2.83017,1.93397e-15,-0.0187887,-0.0476963,-0.0397433,0.0782085,0.076952,-0.196356,-0.196957,0.0216487,-0.0076606,0.0132476,0.0108504,-0.0224106,-0.0238893,-9.39175,-3.44734,2,-0.0476963,0.0782085,-0.196356
14.54,-9.40206,-9.38489,-3.41914,-3.43715,2,2.01335,-1.02628,-1.02313,2.8214,2.83292,1.9264e-15,-0.0187135,-0.0474795,-0.039545,0.0783407,0.0771161,-0.196579,-0.197183,0.0216992,-0.00765039,0.0131945,0.0109137,-0.0222339,-0.0237144,-9.40206,-3.41914,2,-0.0474795,0.0783407,-0.196579
14.55,-9.41228,-9.39515,-3.39091,-3.40897,2,2.0133,-1.01781,-1.0149,2.82447,2.83564,1.93843e-15,-0.0186356,-0.0472623,-0.0393476,0.0784724,0.0772803,-0.196801,-0.197407,0.0217497,-0.00763989,0.0131413,0.0109787,-0.0220569,-0.0235394,-9.41228,-3.39091,2,-0.0472623,0.0784724,-0.196801
14.56,-9.42241,-9.40532,-3.36265,-3.38076,2,2.01326,-1.00933,-1.00667,2.82751,2.83834,1.93843e-15,-0.0185568,-0.0470445,-0.0391519,0.0786035,0.0774449,-0.19702,-0.197629,0.0218002,-0.00762865,0.0130878,0.011048,-0.0218798,-0.0233644,-9.42241,-3.36265,2,-0.0470445,0.0786035,-0.19702
14.57,-9.43246,-9.41541,-3.33436,-3.35252,2,2.01321,-1.00084,-0.998422,2.83053,2.84102,1.93695e-15,-0.0184753,-0.0468263,-0.0389574,0.0787341,0.0776099,-0.197238,-0.197849,0.0218506,-0.00761846,0.0130341,0.0111176,-0.0217025,-0.0231893,-9.43246,-3.33436,2,-0.0468263,0.0787341,-0.197238
14.58,-9.44243,-9.42542,-3.30604,-3.32424,2,2.01317,-0.992339,-0.990167,2.83352,2.84368,1.93964e-15,-0.0183923,-0.0466075,-0.038764,0.0788642,0.0777747,-0.197454,-0.198066,0.0219011,-0.00760774,0.0129802,0.0111914,-0.021525,-0.0230143,-9.44243,-3.30604,2,-0.0466075,0.0788642,-0.197454
14.59,-9.45231,-9.43534,-3.27769,-3.29593,2,2.01312,-0.983832,-0.981901,2.83649,2.84631,1.95887e-15,-0.0183073,-0.0463883,-0.0385721,0.0789937,0.0779397,-0.197669,-0.198281,0.0219514,-0.00759627,0.0129261,0.0112678,-0.0213473,-0.0228391,-9.45231,-3.27769,2,-0.0463883,0.0789937,-0.197669
14.6,-9.46211,-9.44517,-3.24931,-3.26759,2,2.01308,-0.975316,-0.973626,2.83943,2.84891,1.9822e-15,-0.0182212,-0.0461685,-0.0383812,0.0791227,0.0781052,-0.197881,-0.198494,0.0220018,-0.00758604,0.0128718,0.011346,-0.0211694,-0.0226639,-9.46211,-3.24931,2,-0.0461685,0.0791227,-0.197881
14.61,-9.47182,-9.45493,-3.2209,-3.23921,2,2.01304,-0.966792,-0.965342,2.84234,2.8515,1.99901e-15,-0.0181327,-0.0459482,-0.0381915,0.0792511,0.0782705,-0.198092,-0.198705,0.0220521,-0.00757511,0.0128173,0.0114262,-0.0209913,-0.0224886,-9.47182,-3.2209,2,-0.0459482,0.0792511,-0.198092
14.62,-9.48144,-9.4646,-3.19246,-3.21081,2,2.013,-0.958258,-0.957048,2.84523,2.85406,1.99901e-15,-0.0180429,-0.0457275,-0.0380029,0.079379,0.0784362,-0.198301,-0.198913,0.0221023,-0.00756321,0.0127626,0.0115095,-0.020813,-0.0223134,-9.48144,-3.19246,2,-0.0457275,0.079379,-0.198301
14.63,-9.49098,-9.47419,-3.164,-3.18237,2,2.01296,-0.949716,-0.948744,2.8481,2.8566,1.9997e-15,-0.0179505,-0.0455062,-0.0378157,0.0795064,0.0786017,-0.198508,-0.199119,0.0221526,-0.00755138,0.0127077,0.011595,-0.0206345,-0.022138,-9.49098,-3.164,2,-0.0455062,0.0795064,-0.198508
14.64,-9.50044,-9.4837,-3.1355,-3.15389,2,2.01292,-0.941166,-0.940431,2.85094,2.85912,1.99799e-15,-0.0178568,-0.0452844,-0.0376296,0.0796332,0.0787674,-0.198714,-0.199324,0.0222027,-0.00753833,0.0126526,0.0116821,-0.0204558,-0.0219626,-9.50044,-3.1355,2,-0.0452844,0.0796332,-0.198714
14.65,-9.5098,-9.49312,-3.10698,-3.12539,2,2.01287,-0.932606,-0.932109,2.85375,2.86161,1.98331e-15,-0.0177606,-0.0450621,-0.0374447,0.0797594,0.0789329,-0.198917,-0.199525,0.0222528,-0.00752579,0.0125973,0.0117723,-0.020277,-0.0217872,-9.5098,-3.10698,2,-0.0450621,0.0797594,-0.198917
14.66,-9.51909,-9.50245,-3.07843,-3.09685,2,2.01283,-0.924039,-0.923776,2.85654,2.86408,1.98673e-15,-0.0176628,-0.0448394,-0.0372608,0.0798851,0.0790988,-0.199119,-0.199725,0.0223029,-0.00751345,0.0125418,0.0118636,-0.0200979,-0.0216117,-9.51909,-3.07843,2,-0.0448394,0.0798851,-0.199119
14.67,-9.52829,-9.5117,-3.04985,-3.06829,2,2.01279,-0.915463,-0.915433,2.8593,2.86653,2.00248e-15,-0.0175632,-0.0446161,-0.0370781,0.0800103,0.0792646,-0.199319,-0.199922,0.0223529,-0.00750139,0.0124861,0.0119566,-0.0199187,-0.0214361,-9.52829,-3.04985,2,-0.0446161,0.0800103,-0.199319
14.68,-9.5374,-9.52087,-3.02124,-3.03969,2,2.01276,-0.906879,-0.907081,2.86204,2.86896,1.99417e-15,-0.0174615,-0.0443923,-0.0368962,0.0801349,0.0794301,-0.199518,-0.200117,0.0224029,-0.00748732,0.0124302,0.0120521,-0.0197393,-0.0212605,-9.5374,-3.02124,2,-0.0443923,0.0801349,-0.199518
14.69,-9.54642,-9.52995,-2.99261,-3.01106,2,2.01272,-0.898286,-0.898719,2.86475,2.87137,1.98444e-15,-0.0173584,-0.044168,-0.0367153,0.0802589,0.0795955,-0.199714,-0.20031,0.0224528,-0.00747303,0.0123742,0.0121476,-0.0195598,-0.0210849,-9.54642,-2.99261,2,-0.044168,0.0802589,-0.199714
14.7,-9.55536,-9.53895,-2.96394,-2.9824,2,2.01268,-0.889686,-0.890346,2.86743,2.87375,1.98614e-15,-0.0172534,-0.0439432,-0.0365357,0.0803823,0.0797611,-0.199909,-0.2005,0.0225026,-0.00745818,0.0123179,0.0122461,-0.01938,-0.0209092,-9.55536,-2.96394,2,-0.0439432,0.0803823,-0.199909
14.71,-9.56422,-9.54786,-2.93526,-2.95371,2,2.01264,-0.881077,-0.881965,2.87009,2.87611,1.98096e-15,-0.0171462,-0.043718,-0.0363567,0.0805052,0.0799265,-0.200102,-0.200688,0.0225524,-0.00744301,0.0122615,0.0123467,-0.0192001,-0.0207334,-9.56422,-2.93526,2,-0.043718,0.0805052,-0.200102
14.72,-9.57298,-9.55669,-2.90654,-2.92499,2,2.0126,-0.872461,-0.873572,2.87273,2.87845,1.98307e-15,-0.0170373,-0.0434922,-0.0361789,0.0806276,0.0800916,-0.200293,-0.200874,0.0226021,-0.00742719,0.0122048,0.012447,-0.01902,-0.0205576,-9.57298,-2.90654,2,-0.0434922,0.0806276,-0.200293
14.73,-9.58167,-9.56543,-2.8778,-2.89625,2,2.01256,-0.863837,-0.865171,2.87533,2.88077,1.97773e-15,-0.0169268,-0.0432659,-0.0360018,0.0807493,0.0802566,-0.200482,-0.201058,0.0226517,-0.00741135,0.012148,0.0125487,-0.0188397,-0.0203817,-9.58167,-2.8778,2,-0.0432659,0.0807493,-0.200482
14.74,-9.59026,-9.57408,-2.84904,-2.86747,2,2.01253,-0.855204,-0.85676,2.87792,2.88306,1.97984e-15,-0.0168139,-0.0430392,-0.0358257,0.0808705,0.0804215,-0.20067,-0.201239,0.0227013,-0.00739443,0.0120909,0.012652,-0.0186592,-0.0202058,-9.59026,-2.84904,2,-0.0430392,0.0808705,-0.20067
14.75,-9.59877,-9.58265,-2.82024,-2.83866,2,2.01249,-0.846564,-0.848338,2.88047,2.88533,1.97394e-15,-0.0166993,-0.0428119,-0.0356504,0.0809912,0.0805861,-0.200855,-0.201419,0.0227508,-0.00737654,0.0120337,0.012756,-0.0184786,-0.0200297,-9.59877,-2.82024,2,-0.0428119,0.0809912,-0.200855
14.76,-9.60719,-9.59114,-2.79143,-2.80982,2,2.01245,-0.837917,-0.839907,2.883,2.88758,1.98324e-15,-0.0165833,-0.0425841,-0.035476,0.0811112,0.0807505,-0.201039,-0.201595,0.0228002,-0.00735873,0.0119763,0.0128612,-0.0182978,-0.0198537,-9.60719,-2.79143,2,-0.0425841,0.0811112,-0.201039
14.77,-9.61553,-9.59953,-2.76258,-2.78095,2,2.01241,-0.829262,-0.831465,2.88551,2.88981,1.99593e-15,-0.0164649,-0.0423559,-0.0353021,0.0812307,0.0809146,-0.201221,-0.20177,0.0228495,-0.00733877,0.0119188,0.0129661,-0.0181169,-0.0196775,-9.61553,-2.76258,2,-0.0423559,0.0812307,-0.201221
14.78,-9.62378,-9.60785,-2.73372,-2.75206,2,2.01238,-0.820599,-0.823015,2.88798,2.89202,1.99763e-15,-0.0163453,-0.0421272,-0.035129,0.0813496,0.0810785,-0.201402,-0.201942,0.0228988,-0.00731901,0.011861,0.0130725,-0.0179358,-0.0195013,-9.62378,-2.73372,2,-0.0421272,0.0813496,-0.201402
14.79,-9.63194,-9.61607,-2.70482,-2.72314,2,2.01234,-0.811929,-0.814554,2.89044,2.89421,1.99528e-15,-0.0162238,-0.0418979,-0.0349565,0.0814679,0.081242,-0.20158,-0.202112,0.0229479,-0.00729933,0.011803,0.0131796,-0.0177545,-0.0193251,-9.63194,-2.70482,2,-0.0418979,0.0814679,-0.20158
14.8,-9.64002,-9.62421,-2.67591,-2.69419,2,2.0123,-0.803252,-0.806082,2.89286,2.89637,2.01183e-15,-0.0160996,-0.0416682,-0.0347848,0.0815856,0.0814051,-0.201757,-0.20228,0.022997,-0.00727698,0.0117449,0.0132857,-0.017573,-0.0191487,-9.64002,-2.67591,2,-0.0416682,0.0815856,-0.201757
14.81,-9.648,-9.63226,-2.64697,-2.66521,2,2.01226,-0.794567,-0.797602,2.89526,2.89851,2.01756e-15,-0.0159747,-0.041438,-0.0346137,0.0817028,0.0815679,-0.201932,-0.202446,0.023046,-0.00725327,0.0116866,0.0133927,-0.0173914,-0.0189723,-9.648,-2.64697,2,-0.041438,0.0817028,-0.201932
14.82,-9.65591,-9.64023,-2.618,-2.63621,2,2.01223,-0.785875,-0.789111,2.89764,2.90063,2.01141e-15,-0.0158474,-0.0412073,-0.0344432,0.0818194,0.0817303,-0.202105,-0.202609,0.0230949,-0.00722977,0.011628,0.0134984,-0.0172097,-0.0187957,-9.65591,-2.618,2,-0.0412073,0.0818194,-0.202105
14.83,-9.66372,-9.6481,-2.58902,-2.60718,2,2.01219,-0.777177,-0.780611,2.89998,2.90273,2.00412e-15,-0.0157187,-0.0409761,-0.0342732,0.0819354,0.0818923,-0.202276,-0.20277,0.0231437,-0.00720605,0.0115694,0.0136052,-0.0170278,-0.0186191,-9.66372,-2.58902,2,-0.0409761,0.0819354,-0.202276
14.84,-9.67145,-9.65589,-2.56,-2.57812,2,2.01215,-0.768471,-0.772101,2.90231,2.90481,2.01515e-15,-0.0155879,-0.0407444,-0.0341038,0.0820508,0.0820538,-0.202445,-0.202928,0.0231924,-0.00717909,0.0115105,0.0137127,-0.0168457,-0.0184424,-9.67145,-2.56,2,-0.0407444,0.0820508,-0.202445
14.85,-9.67909,-9.6636,-2.53097,-2.54904,2,2.01211,-0.759758,-0.763582,2.9046,2.90686,2.01883e-15,-0.015456,-0.0405122,-0.0339347,0.0821656,0.0822149,-0.202613,-0.203085,0.023241,-0.00715344,0.0114514,0.0138187,-0.0166635,-0.0182657,-9.67909,-2.53097,2,-0.0405122,0.0821656,-0.202613
14.86,-9.68665,-9.67121,-2.50191,-2.51994,2,2.01207,-0.751038,-0.755053,2.90687,2.90889,2.00474e-15,-0.0153225,-0.0402796,-0.0337659,0.0822798,0.0823755,-0.202778,-0.203239,0.0232895,-0.00712532,0.0113922,0.0139244,-0.0164811,-0.0180888,-9.68665,-2.50191,2,-0.0402796,0.0822798,-0.202778
14.87,-9.69411,-9.67874,-2.47283,-2.4908,2,2.01203,-0.742312,-0.746514,2.90911,2.91091,1.98331e-15,-0.015187,-0.0400464,-0.0335976,0.0823934,0.0825354,-0.202942,-0.203391,0.0233378,-0.00709629,0.0113328,0.0140295,-0.0162986,-0.0179118,-9.69411,-2.47283,2,-0.0400464,0.0823934,-0.202942
14.88,-9.70149,-9.68618,-2.44373,-2.46164,2,2.012,-0.733579,-0.737965,2.91133,2.9129,1.9829e-15,-0.0150501,-0.0398128,-0.0334296,0.0825064,0.082695,-0.203104,-0.203541,0.0233861,-0.00706663,0.0112731,0.0141339,-0.0161159,-0.0177348,-9.70149,-2.44373,2,-0.0398128,0.0825064,-0.203104
14.89,-9.70878,-9.69353,-2.41461,-2.43246,2,2.01196,-0.724839,-0.729406,2.91352,2.91486,1.98164e-15,-0.0149115,-0.0395787,-0.0332618,0.0826189,0.0828538,-0.203265,-0.203688,0.0234343,-0.00703525,0.0112134,0.0142375,-0.0159331,-0.0175576,-9.70878,-2.41461,2,-0.0395787,0.0826189,-0.203265
14.9,-9.71599,-9.70079,-2.38546,-2.40326,2,2.01192,-0.716093,-0.72084,2.91569,2.91681,1.98505e-15,-0.0147716,-0.0393441,-0.0330945,0.0827307,0.0830121,-0.203423,-0.203833,0.0234823,-0.0070027,0.0111534,0.0143397,-0.0157501,-0.0173803,-9.71599,-2.38546,2,-0.0393441,0.0827307,-0.203423
14.91,-9.72311,-9.70797,-2.35629,-2.37402,2,2.01188,-0.70734,-0.712262,2.91783,2.91873,1.99244e-15,-0.0146299,-0.0391091,-0.032927,0.0828419,0.0831697,-0.20358,-0.203976,0.0235302,-0.00696913,0.0110932,0.0144427,-0.015567,-0.0172029,-9.72311,-2.35629,2,-0.0391091,0.0828419,-0.20358
14.92,-9.73014,-9.71506,-2.3271,-2.34477,2,2.01184,-0.698581,-0.703676,2.91994,2.92064,1.9763e-15,-0.014487,-0.0388735,-0.0327601,0.0829526,0.0833268,-0.203734,-0.204117,0.023578,-0.00693478,0.0110329,0.014544,-0.0153837,-0.0170254,-9.73014,-2.3271,2,-0.0388735,0.0829526,-0.203734
14.93,-9.73708,-9.72205,-2.29789,-2.31549,2,2.0118,-0.689815,-0.695079,2.92202,2.92252,1.97241e-15,-0.0143425,-0.0386375,-0.032593,0.0830626,0.0834832,-0.203887,-0.204255,0.0236257,-0.00689832,0.0109724,0.0146433,-0.0152004,-0.0168478,-9.73708,-2.29789,2,-0.0386375,0.0830626,-0.203887
14.94,-9.74393,-9.72896,-2.26866,-2.28619,2,2.01175,-0.681044,-0.686475,2.92408,2.92438,1.99196e-15,-0.0141973,-0.038401,-0.0324261,0.083172,0.0836388,-0.204038,-0.204391,0.0236733,-0.00686052,0.0109117,0.0147416,-0.0150168,-0.01667,-9.74393,-2.26866,2,-0.038401,0.083172,-0.204038
14.95,-9.7507,-9.73578,-2.23941,-2.25687,2,2.01171,-0.672266,-0.677861,2.92612,2.92621,2.00412e-15,-0.0140501,-0.0381641,-0.0322591,0.0832808,0.0837937,-0.204188,-0.204525,0.0237207,-0.00682143,0.0108508,0.0148382,-0.0148332,-0.0164921,-9.7507,-2.23941,2,-0.0381641,0.0832808,-0.204188
14.96,-9.75738,-9.74251,-2.21014,-2.22752,2,2.01167,-0.663482,-0.669237,2.92812,2.92803,2.01413e-15,-0.0139019,-0.0379266,-0.0320922,0.083389,0.083948,-0.204335,-0.204657,0.023768,-0.00678066,0.0107897,0.0149331,-0.0146494,-0.0163141,-9.75738,-2.21014,2,-0.0379266,0.083389,-0.204335
14.97,-9.76397,-9.74916,-2.18085,-2.19815,2,2.01163,-0.654692,-0.660604,2.9301,2.92982,2.02771e-15,-0.0137523,-0.0376887,-0.0319254,0.0834966,0.0841016,-0.204481,-0.204786,0.0238152,-0.00673863,0.0107285,0.0150254,-0.0144654,-0.0161359,-9.76397,-2.18085,2,-0.0376887,0.0834966,-0.204481
14.98,-9.77047,-9.75571,-2.15154,-2.16877,2,2.01158,-0.645896,-0.651962,2.93206,2.9316,2.03898e-15,-0.0136023,-0.0374503,-0.031758,0.0836036,0.084254,-0.204624,-0.204914,0.0238622,-0.00669495,0.0106671,0.015118,-0.0142814,-0.0159577,-9.77047,-2.15154,2,-0.0374503,0.0836036,-0.204624
14.99,-9.77689,-9.76217,-2.12221,-2.13936,2,2.01154,-0.637095,-0.643312,2.93399,2.93335,2.05846e-15,-0.0134503,-0.0372115,-0.031591,0.08371,0.084406,-0.204766,-0.205039,0.0239091,-0.00665044,0.0106055,0.0152067,-0.0140972,-0.0157792,-9.77689,-2.12221,2,-0.0372115,0.08371,-0.204766
15,-9.78321,-9.76854,-2.09286,-2.10993,2,2.01149,-0.628287,-0.634652,2.93589,2.93507,2.05002e-15,-0.0132978,-0.0369721,-0.0314236,0.0838157,0.084557,-0.204906,-0.205162,0.0239559,-0.00660483,0.0105437,0.0152942,-0.0139129,-0.0156006,-9.78321,-2.09286,2,-0.0369721,0.0838157,-0.204906
15.01,-9.78945,-9.77483,-2.06349,-2.08048,2,2.01145,-0.619474,-0.625984,2.93776,2.93678,2.03549e-15,-0.0131439,-0.0367323,-0.0312561,0.0839208,0.084707,-0.205044,-0.205283,0.0240025,-0.00655697,0.0104817,0.0153807,-0.0137284,-0.0154219,-9.78945,-2.06349,2,-0.0367323,0.0839208,-0.205044
15.02,-9.7956,-9.78102,-2.0341,-2.05101,2,2.0114,-0.610656,-0.617306,2.93961,2.93846,2.02267e-15,-0.0129892,-0.0364921,-0.0310879,0.0840253,0.0848565,-0.205181,-0.205402,0.024049,-0.00650797,0.0104195,0.0154635,-0.0135438,-0.0152429,-9.7956,-2.0341,2,-0.0364921,0.0840253,-0.205181
15.03,-9.80166,-9.78713,-2.0047,-2.02152,2,2.01135,-0.601832,-0.608621,2.94143,2.94013,2.02332e-15,-0.0128334,-0.0362514,-0.0309199,0.0841292,0.0850047,-0.205315,-0.205518,0.0240953,-0.00645776,0.0103572,0.0155452,-0.0133591,-0.0150639,-9.80166,-2.0047,2,-0.0362514,0.0841292,-0.205315
15.04,-9.80764,-9.79314,-1.97527,-1.99202,2,2.01131,-0.593002,-0.599927,2.94323,2.94177,2.02399e-15,-0.0126774,-0.0360102,-0.0307513,0.0842325,0.0851521,-0.205448,-0.205632,0.0241415,-0.0064052,0.0102947,0.0156242,-0.0131743,-0.0148846,-9.80764,-1.97527,2,-0.0360102,0.0842325,-0.205448
15.05,-9.81353,-9.79906,-1.94583,-1.96249,2,2.01126,-0.584168,-0.591225,2.945,2.94338,2.0299e-15,-0.0125204,-0.0357685,-0.0305822,0.0843351,0.0852987,-0.205579,-0.205745,0.0241875,-0.00635091,0.010232,0.0157002,-0.0129894,-0.0147052,-9.81353,-1.94583,2,-0.0357685,0.0843351,-0.205579
15.06,-9.81932,-9.8049,-1.91637,-1.93294,2,2.01121,-0.575327,-0.582513,2.94674,2.94498,2.03057e-15,-0.0123619,-0.0355264,-0.0304132,0.0844371,0.085444,-0.205708,-0.205855,0.0242334,-0.0062962,0.0101691,0.0157752,-0.0128043,-0.0145256,-9.81932,-1.91637,2,-0.0355264,0.0844371,-0.205708
15.07,-9.82503,-9.81064,-1.8869,-1.90338,2,2.01116,-0.566482,-0.573795,2.94846,2.94655,2.03515e-15,-0.0122031,-0.0352839,-0.0302433,0.0845385,0.0855885,-0.205835,-0.205963,0.0242791,-0.0062395,0.010106,0.015846,-0.0126191,-0.0143458,-9.82503,-1.8869,2,-0.0352839,0.0845385,-0.205835
15.08,-9.83065,-9.81629,-1.85741,-1.8738,2,2.01111,-0.557632,-0.565067,2.95015,2.9481,2.02071e-15,-0.0120443,-0.0350408,-0.0300731,0.0846392,0.085732,-0.20596,-0.206069,0.0243247,-0.00618075,0.0100427,0.0159154,-0.0124339,-0.0141659,-9.83065,-1.85741,2,-0.0350408,0.0846392,-0.20596
15.09,-9.83618,-9.82185,-1.8279,-1.84421,2,2.01105,-0.548776,-0.556331,2.95181,2.94963,2.01317e-15,-0.0118849,-0.0347974,-0.0299021,0.0847394,0.0858746,-0.206084,-0.206172,0.0243701,-0.00612028,0.00997924,0.015981,-0.0122485,-0.0139857,-9.83618,-1.8279,2,-0.0347974,0.0847394,-0.206084
15.1,-9.84163,-9.82732,-1.79837,-1.81459,2,2.011,-0.539916,-0.547588,2.95345,2.95114,2.01017e-15,-0.0117246,-0.0345534,-0.0297307,0.0848388,0.0860159,-0.206205,-0.206274,0.0244153,-0.00605993,0.00991559,0.0160449,-0.0120629,-0.0138053,-9.84163,-1.79837,2,-0.0345534,0.0848388,-0.206205
15.11,-9.84698,-9.8327,-1.76883,-1.78496,2,2.01095,-0.531051,-0.538837,2.95506,2.95262,2.00052e-15,-0.011564,-0.0343091,-0.0295586,0.0849377,0.0861562,-0.206325,-0.206373,0.0244604,-0.00599701,0.00985176,0.0161057,-0.0118773,-0.0136248,-9.84698,-1.76883,2,-0.0343091,0.0849377,-0.206325
15.12,-9.85225,-9.83799,-1.73927,-1.75532,2,2.01089,-0.522181,-0.530078,2.95664,2.95408,2.00052e-15,-0.0114031,-0.0340642,-0.029386,0.0850359,0.0862954,-0.206443,-0.206471,0.0245053,-0.00593226,0.00978774,0.0161637,-0.0116916,-0.013444,-9.85225,-1.73927,2,-0.0340642,0.0850359,-0.206443
15.13,-9.85743,-9.84319,-1.70969,-1.72565,2,2.01084,-0.513306,-0.521312,2.9582,2.95552,1.9983e-15,-0.0112426,-0.033819,-0.0292125,0.0851334,0.0864336,-0.206559,-0.206566,0.0245501,-0.00586605,0.00972353,0.0162185,-0.0115058,-0.0132631,-9.85743,-1.70969,2,-0.033819,0.0851334,-0.206559
15.14,-9.86251,-9.8483,-1.6801,-1.69598,2,2.01078,-0.504427,-0.512536,2.95973,2.95694,2.0027e-15,-0.0110812,-0.0335732,-0.0290384,0.0852303,0.0865706,-0.206673,-0.20666,0.0245946,-0.00579875,0.00965913,0.0162707,-0.0113198,-0.0130819,-9.86251,-1.6801,2,-0.0335732,0.0852303,-0.206673
15.15,-9.86751,-9.85332,-1.6505,-1.66629,2,2.01072,-0.495543,-0.503756,2.96123,2.95833,2.01653e-15,-0.0109196,-0.0333271,-0.0288637,0.0853266,0.0867063,-0.206785,-0.206751,0.0246391,-0.00572917,0.00959454,0.0163198,-0.0111338,-0.0129005,-9.86751,-1.6505,2,-0.0333271,0.0853266,-0.206785
15.16,-9.87243,-9.85824,-1.62088,-1.63658,2,2.01066,-0.486655,-0.494966,2.9627,2.9597,2.03779e-15,-0.0107588,-0.0330805,-0.028688,0.0854222,0.086841,-0.206895,-0.206841,0.0246833,-0.00565867,0.00952976,0.0163661,-0.0109476,-0.0127189,-9.87243,-1.62088,2,-0.0330805,0.0854222,-0.206895
15.17,-9.87725,-9.86308,-1.59125,-1.60686,2,2.0106,-0.477762,-0.48617,2.96415,2.96105,2.05009e-15,-0.0105973,-0.0328334,-0.0285114,0.0855172,0.0869745,-0.207004,-0.206928,0.0247274,-0.00558676,0.00946478,0.0164087,-0.0107614,-0.012537,-9.87725,-1.59125,2,-0.0328334,0.0855172,-0.207004
15.18,-9.88198,-9.86782,-1.5616,-1.57712,2,2.01054,-0.468865,-0.477366,2.96558,2.96237,2.06421e-15,-0.0104355,-0.0325859,-0.0283343,0.0856115,0.0871066,-0.207111,-0.207013,0.0247713,-0.00551284,0.00939962,0.0164488,-0.010575,-0.0123549,-9.88198,-1.5616,2,-0.0325859,0.0856115,-0.207111
15.19,-9.88662,-9.87247,-1.53193,-1.54738,2,2.01048,-0.459964,-0.468556,2.96697,2.96367,2.06292e-15,-0.0102752,-0.032338,-0.028156,0.0857052,0.0872378,-0.207216,-0.207097,0.024815,-0.00543839,0.00933426,0.0164861,-0.0103886,-0.0121726,-9.88662,-1.53193,2,-0.032338,0.0857052,-0.207216
15.2,-9.89118,-9.87703,-1.50226,-1.51762,2,2.01041,-0.451058,-0.459738,2.96834,2.96495,2.06535e-15,-0.0101146,-0.0320896,-0.0279771,0.0857982,0.0873675,-0.207318,-0.207178,0.0248586,-0.00536093,0.0092687,0.0165198,-0.0102021,-0.01199,-9.89118,-1.50226,2,-0.0320896,0.0857982,-0.207318
15.21,-9.89565,-9.88149,-1.47257,-1.48785,2,2.01035,-0.442149,-0.450914,2.96969,2.96621,2.07109e-15,-0.00995411,-0.0318408,-0.0277972,0.0858906,0.087496,-0.20742,-0.207257,0.0249019,-0.00528417,0.00920296,0.0165502,-0.0100154,-0.0118073,-9.89565,-1.47257,2,-0.0318408,0.0858906,-0.20742
15.22,-9.90002,-9.88587,-1.44286,-1.45806,2,2.01029,-0.433235,-0.442084,2.971,2.96744,2.06736e-15,-0.00979429,-0.0315916,-0.0276162,0.0859823,0.0876234,-0.207519,-0.207335,0.0249451,-0.00520368,0.00913701,0.0165772,-0.00982872,-0.0116242,-9.90002,-1.44286,2,-0.0315916,0.0859823,-0.207519
15.23,-9.90431,-9.89015,-1.41315,-1.42827,2,2.01022,-0.424318,-0.433247,2.97229,2.96865,2.06618e-15,-0.00963415,-0.0313419,-0.0274344,0.0860733,0.0877493,-0.207616,-0.20741,0.0249881,-0.00512383,0.00907088,0.0166013,-0.00964191,-0.0114409,-9.90431,-1.41315,2,-0.0313419,0.0860733,-0.207616
15.24,-9.90851,-9.89435,-1.38342,-1.39846,2,2.01015,-0.415397,-0.424403,2.97355,2.96984,2.06688e-15,-0.00947535,-0.0310918,-0.0272514,0.0861637,0.0878739,-0.207712,-0.207484,0.025031,-0.00504176,0.00900454,0.0166234,-0.00945502,-0.0112574,-9.90851,-1.38342,2,-0.0310918,0.0861637,-0.207712
15.25,-9.91262,-9.89845,-1.35368,-1.36864,2,2.01008,-0.406472,-0.415552,2.97479,2.971,2.02914e-15,-0.00931723,-0.0308413,-0.0270673,0.0862534,0.0879973,-0.207805,-0.207556,0.0250736,-0.00495851,0.00893801,0.0166404,-0.00926804,-0.0110736,-9.91262,-1.35368,2,-0.0308413,0.0862534,-0.207805
15.26,-9.91664,-9.90246,-1.32392,-1.33881,2,2.01001,-0.397544,-0.406695,2.976,2.97214,2.0244e-15,-0.00915936,-0.0305903,-0.0268827,0.0863424,0.0881193,-0.207897,-0.207625,0.0251161,-0.00487352,0.00887128,0.0166557,-0.00908097,-0.0108895,-9.91664,-1.32392,2,-0.0305903,0.0863424,-0.207897
15.27,-9.92057,-9.90637,-1.29416,-1.30896,2,2.00994,-0.388611,-0.397832,2.97718,2.97326,2.04535e-15,-0.00900215,-0.030339,-0.0266963,0.0864308,0.0882398,-0.207987,-0.207693,0.0251584,-0.00478805,0.00880435,0.0166669,-0.00889382,-0.0107052,-9.92057,-1.29416,2,-0.030339,0.0864308,-0.207987
15.28,-9.92441,-9.9102,-1.26438,-1.27912,2,2.00987,-0.379676,-0.388965,2.97834,2.97435,2.05292e-15,-0.00884603,-0.0300872,-0.0265094,0.0865185,0.088359,-0.208075,-0.207759,0.0252004,-0.0047011,0.00873722,0.0166753,-0.00870659,-0.0105206,-9.92441,-1.26438,2,-0.0300872,0.0865185,-0.208075
15.29,-9.92816,-9.91393,-1.23459,-1.24925,2,2.0098,-0.370737,-0.38009,2.97947,2.97542,2.03937e-15,-0.00869082,-0.029835,-0.0263207,0.0866056,0.088477,-0.208161,-0.207823,0.0252423,-0.00461333,0.00866989,0.0166811,-0.00851928,-0.0103357,-9.92816,-1.23459,2,-0.029835,0.0866056,-0.208161
15.3,-9.93183,-9.91758,-1.20479,-1.21938,2,2.00973,-0.361794,-0.37121,2.98057,2.97646,2.04206e-15,-0.00853667,-0.0295823,-0.0261316,0.0866919,0.0885933,-0.208245,-0.207885,0.0252841,-0.00452388,0.00860236,0.0166816,-0.00833189,-0.0101506,-9.93183,-1.20479,2,-0.0295823,0.0866919,-0.208245
15.31,-9.9354,-9.92113,-1.17498,-1.1895,2,2.00965,-0.352849,-0.362324,2.98164,2.97748,2.04475e-15,-0.00838384,-0.0293293,-0.0259411,0.0867776,0.0887085,-0.208328,-0.207946,0.0253256,-0.00443295,0.00853463,0.01668,-0.00814443,-0.00996518,-9.9354,-1.17498,2,-0.0293293,0.0867776,-0.208328
15.32,-9.93888,-9.92459,-1.14516,-1.15961,2,2.00958,-0.3439,-0.353433,2.98269,2.97848,2.03618e-15,-0.00823107,-0.0290758,-0.0257493,0.0868626,0.0888221,-0.208408,-0.208004,0.0253669,-0.00434135,0.0084667,0.0166762,-0.00795689,-0.00977951,-9.93888,-1.14516,2,-0.0290758,0.0868626,-0.208408
15.33,-9.94228,-9.92795,-1.11533,-1.12971,2,2.0095,-0.334948,-0.344536,2.98371,2.97946,2.02613e-15,-0.00808042,-0.0288219,-0.0255566,0.0869469,0.0889343,-0.208487,-0.208061,0.0254081,-0.00424866,0.00839856,0.0166687,-0.00776928,-0.00959353,-9.94228,-1.11533,2,-0.0288219,0.0869469,-0.208487
15.34,-9.94558,-9.93123,-1.08548,-1.09981,2,2.00943,-0.325993,-0.335633,2.9847,2.98041,2.02402e-15,-0.00793077,-0.0285676,-0.0253624,0.0870306,0.0890449,-0.208564,-0.208116,0.025449,-0.00415518,0.00833022,0.0166591,-0.0075816,-0.00940731,-9.94558,-1.08548,2,-0.0285676,0.0870306,-0.208564
15.35,-9.9488,-9.93441,-1.05563,-1.0699,2,2.00935,-0.317035,-0.326726,2.98567,2.98133,2.02863e-15,-0.0077824,-0.028313,-0.0251673,0.0871135,0.0891543,-0.208638,-0.208169,0.0254898,-0.00406016,0.00826168,0.0166444,-0.00739385,-0.00922077,-9.9488,-1.05563,2,-0.028313,0.0871135,-0.208638
15.36,-9.95192,-9.9375,-1.02577,-1.03998,2,2.00927,-0.308074,-0.317814,2.98661,2.98224,2.02822e-15,-0.00763521,-0.0280579,-0.0249709,0.0871958,0.0892622,-0.208711,-0.20822,0.0255303,-0.00396559,0.00819293,0.0166292,-0.00720603,-0.00903394,-9.95192,-1.02577,2,-0.0280579,0.0871958,-0.208711
15.37,-9.95496,-9.9405,-0.995899,-1.01005,2,2.00919,-0.299111,-0.308896,2.98753,2.98311,2.02696e-15,-0.00748983,-0.0278023,-0.0247733,0.0872774,0.0893684,-0.208783,-0.20827,0.0255707,-0.00386903,0.00812398,0.0166091,-0.00701815,-0.00884687,-9.95496,-0.995899,2,-0.0278023,0.0872774,-0.208783
15.38,-9.9579,-9.94341,-0.966019,-0.980111,2,2.00911,-0.290144,-0.299974,2.98841,2.98397,2.03037e-15,-0.00734548,-0.0275464,-0.0245744,0.0873583,0.0894732,-0.208852,-0.208317,0.0256109,-0.0037725,0.00805482,0.0165877,-0.0068302,-0.00865945,-9.9579,-0.966019,2,-0.0275464,0.0873583,-0.208852
15.39,-9.96076,-9.94622,-0.936131,-0.95017,2,2.00903,-0.281175,-0.291047,2.98927,2.9848,2.0392e-15,-0.00720318,-0.0272901,-0.0243746,0.0874385,0.0895767,-0.208919,-0.208363,0.0256508,-0.00367396,0.00798545,0.0165606,-0.00664219,-0.00847179,-9.96076,-0.936131,2,-0.0272901,0.0874385,-0.208919
15.4,-9.96353,-9.94895,-0.906234,-0.920222,2,2.00894,-0.272204,-0.282116,2.9901,2.9856,2.04162e-15,-0.00706224,-0.0270334,-0.0241731,0.087518,0.0896785,-0.208985,-0.208407,0.0256906,-0.00357452,0.00791587,0.0165326,-0.00645412,-0.0082838,-9.96353,-0.906234,2,-0.0270334,0.087518,-0.208985
15.41,-9.9662,-9.95158,-0.876329,-0.890267,2,2.00886,-0.26323,-0.27318,2.99091,2.98639,2.04808e-15,-0.00692345,-0.0267763,-0.0239707,0.0875968,0.0897789,-0.209048,-0.20845,0.0257302,-0.00347549,0.00784609,0.0165028,-0.00626599,-0.00809555,-9.9662,-0.876329,2,-0.0267763,0.0875968,-0.209048
15.42,-9.96879,-9.95411,-0.846416,-0.860307,2,2.00878,-0.254254,-0.264239,2.99169,2.98714,2.04467e-15,-0.00678548,-0.0265188,-0.0237668,0.0876749,0.0898777,-0.20911,-0.208491,0.0257696,-0.0033751,0.0077761,0.0164681,-0.0060778,-0.007907,-9.96879,-0.846416,2,-0.0265188,0.0876749,-0.20911
15.43,-9.97129,-9.95656,-0.816495,-0.830338,2,2.00869,-0.245275,-0.255293,2.99244,2.98788,2.0303e-15,-0.00664979,-0.0262609,-0.0235619,0.0877523,0.0899751,-0.20917,-0.20853,0.0258088,-0.00327622,0.0077059,0.0164317,-0.00588956,-0.0077181,-9.97129,-0.816495,2,-0.0262609,0.0877523,-0.20917
15.44,-9.9737,-9.95892,-0.786567,-0.80037,2,2.00861,-0.236294,-0.246345,2.99317,2.98858,2.02169e-15,-0.00651628,-0.0260026,-0.0233556,0.087829,0.0900707,-0.209228,-0.208567,0.0258478,-0.00317414,0.00763549,0.0163918,-0.00570127,-0.007529,-9.9737,-0.786567,2,-0.0260026,0.087829,-0.209228
15.45,-9.97602,-9.96118,-0.756632,-0.770393,2,2.00852,-0.227312,-0.237392,2.99386,2.98927,2.02439e-15,-0.00638446,-0.025744,-0.0231482,0.087905,0.090165,-0.209284,-0.208603,0.0258865,-0.0030723,0.00756487,0.0163507,-0.00551292,-0.00733956,-9.97602,-0.756632,2,-0.025744,0.087905,-0.209284
15.46,-9.97824,-9.96336,-0.72669,-0.740412,2,2.00843,-0.218327,-0.228434,2.99453,2.98993,2.01035e-15,-0.00625448,-0.0254849,-0.0229395,0.0879803,0.0902575,-0.209338,-0.208636,0.0259251,-0.00296936,0.00749404,0.016306,-0.00532452,-0.00714982,-9.97824,-0.72669,2,-0.0254849,0.0879803,-0.209338
15.47,-9.98038,-9.96544,-0.696742,-0.710424,2,2.00834,-0.20934,-0.219473,2.99518,2.99056,1.99903e-15,-0.00612639,-0.0252255,-0.0227294,0.0880549,0.0903489,-0.20939,-0.208669,0.0259635,-0.00286755,0.007423,0.0162597,-0.00513607,-0.00695976,-9.98038,-0.696742,2,-0.0252255,0.0880549,-0.20939
15.48,-9.98243,-9.96742,-0.666787,-0.680435,2,2.00826,-0.200351,-0.210508,2.99579,2.99117,2.00455e-15,-0.0060005,-0.0249656,-0.0225185,0.0881288,0.0904381,-0.209441,-0.208699,0.0260017,-0.00276357,0.00735175,0.0162105,-0.00494758,-0.00676944,-9.98243,-0.666787,2,-0.0249656,0.0881288,-0.209441
15.49,-9.98439,-9.96932,-0.636826,-0.65044,2,2.00817,-0.19136,-0.201539,2.99638,2.99176,2.00942e-15,-0.00587705,-0.0247054,-0.022306,0.088202,0.0905262,-0.209489,-0.208728,0.0260397,-0.00266103,0.00728029,0.0161583,-0.00475904,-0.0065788,-9.98439,-0.636826,2,-0.0247054,0.088202,-0.209489
15.5,-9.98626,-9.97112,-0.606859,-0.620441,2,2.00808,-0.182368,-0.192566,2.99695,2.99232,2.00983e-15,-0.00575529,-0.0244449,-0.0220923,0.0882744,0.0906125,-0.209536,-0.208755,0.0260774,-0.00255762,0.00720861,0.016103,-0.00457046,-0.0063879,-9.98626,-0.606859,2,-0.0244449,0.0882744,-0.209536
15.51,-9.98804,-9.97284,-0.576887,-0.59044,2,2.00799,-0.173374,-0.183591,2.99748,2.99286,2.00828e-15,-0.00563604,-0.0241839,-0.0218774,0.0883461,0.0906974,-0.209581,-0.208781,0.026115,-0.00245443,0.00713672,0.016046,-0.00438183,-0.00619669,-9.98804,-0.576887,2,-0.0241839,0.0883461,-0.209581
15.52,-9.98973,-9.97446,-0.546909,-0.560431,2,2.0079,-0.164378,-0.17461,2.99799,2.99337,2.0124e-15,-0.0055186,-0.0239226,-0.0216612,0.0884171,0.0907807,-0.209624,-0.208805,0.0261524,-0.00235038,0.00706462,0.0159869,-0.00419317,-0.00600516,-9.98973,-0.546909,2,-0.0239226,0.0884171,-0.209624
15.53,-9.99132,-9.97599,-0.516927,-0.530426,2,2.0078,-0.155381,-0.165629,2.99847,2.99386,2.00961e-15,-0.00540353,-0.0236608,-0.0214442,0.0884874,0.0908625,-0.209665,-0.208827,0.0261896,-0.0022452,0.00699231,0.015926,-0.00400446,-0.00581338,-9.99132,-0.516927,2,-0.0236608,0.0884874,-0.209665
15.54,-9.99283,-9.97743,-0.48694,-0.500415,2,2.00771,-0.146382,-0.156642,2.99893,2.99432,2.00277e-15,-0.00529075,-0.0233988,-0.0212254,0.088557,0.0909425,-0.209704,-0.208847,0.0262265,-0.00214212,0.00691978,0.0158613,-0.00381572,-0.00562127,-9.99283,-0.48694,2,-0.0233988,0.088557,-0.209704
15.55,-9.99425,-9.97878,-0.456949,-0.470402,2,2.00762,-0.137383,-0.147654,2.99936,2.99476,2.0131e-15,-0.00518021,-0.0231363,-0.0210059,0.0886258,0.091021,-0.209741,-0.208866,0.0262633,-0.00203697,0.00684704,0.0157963,-0.00362695,-0.00542892,-9.99425,-0.456949,2,-0.0231363,0.0886258,-0.209741
15.56,-9.99558,-9.98003,-0.426953,-0.440383,2,2.00753,-0.128381,-0.138661,2.99976,2.99517,2.00969e-15,-0.00507241,-0.0228735,-0.0207854,0.0886939,0.0910978,-0.209776,-0.208884,0.0262998,-0.00193242,0.00677408,0.0157293,-0.00343814,-0.00523622,-9.99558,-0.426953,2,-0.0228735,0.0886939,-0.209776
15.57,-9.99682,-9.9812,-0.396954,-0.410365,2,2.00744,-0.119379,-0.129666,3.00013,2.99556,2.00021e-15,-0.00496696,-0.0226103,-0.0205635,0.0887613,0.0911733,-0.20981,-0.2089,0.0263362,-0.00182759,0.00670091,0.0156595,-0.0032493,-0.0050433,-9.99682,-0.396954,2,-0.0226103,0.0887613,-0.20981
15.58,-9.99797,-9.98227,-0.366951,-0.380346,2,2.00734,-0.110376,-0.120668,3.00048,2.99592,2.00021e-15,-0.00486417,-0.0223468,-0.0203401,0.0888279,0.0912471,-0.209841,-0.208914,0.0263723,-0.00172355,0.00662752,0.0155866,-0.00306043,-0.00485009,-9.99797,-0.366951,2,-0.0223468,0.0888279,-0.209841
15.59,-9.99903,-9.98325,-0.336944,-0.350323,2,2.00725,-0.101371,-0.111668,3.0008,2.99626,1.99821e-15,-0.00476316,-0.0220829,-0.020116,0.0888939,0.0913191,-0.209871,-0.208926,0.0264083,-0.00161986,0.00655392,0.0155129,-0.00287153,-0.00465655,-9.99903,-0.336944,2,-0.0220829,0.0888939,-0.209871
15.6,-10,-9.98414,-0.306935,-0.320298,2,2.00716,-0.092366,-0.102664,3.00109,2.99657,2.00678e-15,-0.00466543,-0.0218186,-0.0198906,0.088959,0.0913898,-0.209899,-0.208937,0.026444,-0.00151639,0.00648011,0.0154384,-0.0026826,-0.00446274,-10,-0.306935,2,-0.0218186,0.088959,-0.209899
15.61,-10.0009,-9.98494,-0.276923,-0.290275,2,2.00706,-0.0833599,-0.0936584,3.00135,2.99686,2.02414e-15,-0.00456958,-0.021554,-0.0196643,0.0890234,0.0914588,-0.209924,-0.208947,0.0264795,-0.0014125,0.00640608,0.0153613,-0.00249365,-0.00426868,-10.0009,-0.276923,2,-0.021554,0.0890234,-0.209924
15.62,-10.0017,-9.98565,-0.246908,-0.260247,2,2.00697,-0.074353,-0.0846497,3.00159,2.99712,2.02315e-15,-0.00447652,-0.021289,-0.0194369,0.0890871,0.0915262,-0.209948,-0.208954,0.0265148,-0.0013083,0.00633183,0.0152824,-0.00230468,-0.00407433,-10.0017,-0.246908,2,-0.021289,0.0890871,-0.209948
15.63,-10.0024,-9.98627,-0.216891,-0.230218,2,2.00687,-0.0653454,-0.0756382,3.0018,2.99736,2.01864e-15,-0.00438578,-0.0210237,-0.0192082,0.0891501,0.0915922,-0.209971,-0.208961,0.0265499,-0.00120566,0.00625738,0.0152018,-0.00211569,-0.00387972,-10.0024,-0.216891,2,-0.0210237,0.0891501,-0.209971
15.64,-10.003,-9.9868,-0.186872,-0.200188,2,2.00678,-0.0563371,-0.0666247,3.00199,2.99757,2.01793e-15,-0.00429769,-0.020758,-0.0189786,0.0892123,0.0916564,-0.209991,-0.208965,0.0265848,-0.00110181,0.0061827,0.0151188,-0.00192667,-0.00368481,-10.003,-0.186872,2,-0.020758,0.0892123,-0.209991
15.65,-10.0035,-9.98724,-0.156851,-0.170159,2,2.00669,-0.0473284,-0.0576099,3.00214,2.99776,2.02561e-15,-0.00421202,-0.020492,-0.0187475,0.0892737,0.0917192,-0.210009,-0.208968,0.0266195,-0.000999704,0.00610781,0.0150342,-0.00173764,-0.00348965,-10.0035,-0.156851,2,-0.020492,0.0892737,-0.210009
15.66,-10.0039,-9.98758,-0.126829,-0.140129,2,2.00659,-0.0383192,-0.0485913,3.00227,2.99792,2.03279e-15,-0.00412929,-0.0202256,-0.018516,0.0893344,0.0917804,-0.210026,-0.20897,0.026654,-0.000897463,0.00603271,0.0149504,-0.0015486,-0.00329422,-10.0039,-0.126829,2,-0.0202256,0.0893344,-0.210026
15.67,-10.0043,-9.98783,-0.0968057,-0.110098,2,2.0065,-0.0293097,-0.0395714,3.00238,2.99806,2.04499e-15,-0.00404873,-0.0199589,-0.0182833,0.0893944,0.0918399,-0.21004,-0.20897,0.0266883,-0.000793941,0.00595739,0.0148629,-0.00135953,-0.00309852,-10.0043,-0.0968057,2,-0.0199589,0.0893944,-0.21004
15.68,-10.0045,-9.988,-0.0667815,-0.0800657,2,2.0064,-0.0202998,-0.0305488,3.00245,2.99817,2.04225e-15,-0.00397098,-0.0196919,-0.0180496,0.0894536,0.0918981,-0.210053,-0.208968,0.0267224,-0.000693619,0.00588185,0.0147734,-0.00117046,-0.00290257,-10.0045,-0.0667815,2,-0.0196919,0.0894536,-0.210053
15.69,-10.0047,-9.98807,-0.0367567,-0.0500375,2,2.00631,-0.0112898,-0.0215258,3.0025,2.99825,2.03823e-15,-0.00389613,-0.0194245,-0.017815,0.089512,0.0919547,-0.210063,-0.208965,0.0267562,-0.000592262,0.00580611,0.014684,-0.000981373,-0.00270638,-10.0047,-0.0367567,2,-0.0194245,0.089512,-0.210063
15.7,-10.0047,-9.98805,-0.00673157,-0.0200066,2,2.00622,-0.00227965,-0.0125,3.00252,2.99832,2.04752e-15,-0.00382331,-0.0191567,-0.0175794,0.0895697,0.0920097,-0.210072,-0.20896,0.0267899,-0.000491515,0.00573014,0.0145925,-0.000792278,-0.00250995,-10.0047,-0.00673157,2,-0.0191567,0.0895697,-0.210072
15.71,-10.0047,-9.98794,0.0232937,0.010026,2,2.00612,0.00673055,-0.00347209,3.00252,2.99835,2.05519e-15,-0.0037531,-0.0188887,-0.017343,0.0896266,0.0920631,-0.210079,-0.208954,0.0268233,-0.000391174,0.00565397,0.0144998,-0.000603175,-0.00231323,-10.0047,0.0232937,2,-0.0188887,0.0896266,-0.210079
15.72,-10.0046,-9.98774,0.0533187,0.0400571,2,2.00603,0.0157407,0.00555836,3.00249,2.99836,2.05559e-15,-0.00368595,-0.0186203,-0.0171056,0.0896828,0.092115,-0.210084,-0.208946,0.0268565,-0.000291135,0.00557757,0.0144056,-0.000414066,-0.00211628,-10.0046,0.0533187,2,-0.0186203,0.0896828,-0.210084
15.73,-10.0044,-9.98745,0.0833433,0.070085,2,2.00593,0.0247507,0.0145886,3.00243,2.99835,2.04991e-15,-0.00362098,-0.0183515,-0.0168672,0.0897382,0.0921654,-0.210088,-0.208937,0.0268895,-0.000193059,0.00550097,0.0143106,-0.000224954,-0.00191913,-10.0044,0.0833433,2,-0.0183515,0.0897382,-0.210088
15.74,-10.0041,-9.98707,0.113367,0.100112,2,2.00584,0.0337606,0.023621,3.00234,2.99831,2.04575e-15,-0.00355847,-0.0180825,-0.0166282,0.0897928,0.0922143,-0.210089,-0.208926,0.0269223,-9.31658e-05,0.00542415,0.0142145,-3.58383e-05,-0.00172173,-10.0041,0.113367,2,-0.0180825,0.0897928,-0.210089
15.75,-10.0037,-9.9866,0.14339,0.130141,2,2.00575,0.0427701,0.0326557,3.00223,2.99824,2.0667e-15,-0.0034989,-0.0178131,-0.016388,0.0898467,0.0922616,-0.210088,-0.208913,0.0269549,4.14252e-06,0.00534712,0.0141163,0.000153278,-0.00152406,-10.0037,0.14339,2,-0.0178131,0.0898467,-0.210088
15.76,-10.0032,-9.98604,0.173412,0.16017,2,2.00566,0.0517793,0.041692,3.00209,2.99816,2.04787e-15,-0.00344233,-0.0175434,-0.016147,0.0898997,0.0923076,-0.210086,-0.208899,0.0269873,0.000101518,0.00526987,0.0140172,0.000342393,-0.00132623,-10.0032,0.173412,2,-0.0175434,0.0898997,-0.210086
15.77,-10.0027,-9.98539,0.203432,0.190195,2,2.00556,0.060788,0.0507297,3.00192,2.99804,2.04474e-15,-0.00338775,-0.0172734,-0.0159055,0.0899521,0.0923519,-0.210081,-0.208884,0.0270195,0.00019851,0.00519242,0.0139178,0.000531505,-0.0011281,-10.0027,0.203432,2,-0.0172734,0.0899521,-0.210081
15.78,-10.002,-9.98465,0.23345,0.220215,2,2.00547,0.0697962,0.0597664,3.00173,2.9979,2.04092e-15,-0.00333548,-0.017003,-0.0156631,0.0900036,0.0923949,-0.210075,-0.208866,0.0270514,0.000294656,0.00511475,0.013816,0.000720613,-0.000929859,-10.002,0.23345,2,-0.017003,0.0900036,-0.210075
15.79,-10.0013,-9.98382,0.263466,0.250239,2,2.00538,0.0788038,0.0688063,3.0015,2.99773,2.03076e-15,-0.00328587,-0.0167323,-0.0154201,0.0900544,0.0924364,-0.210067,-0.208848,0.0270832,0.000389963,0.00503687,0.013715,0.000909715,-0.000731328,-10.0013,0.263466,2,-0.0167323,0.0900544,-0.210067
15.8,-10.0005,-9.9829,0.29348,0.28026,2,2.00529,0.0878107,0.077848,3.00126,2.99754,2.029e-15,-0.00323945,-0.0164613,-0.0151763,0.0901043,0.0924765,-0.210057,-0.208828,0.0271147,0.000485107,0.00495877,0.0136115,0.00109881,-0.000532616,-10.0005,0.29348,2,-0.0164613,0.0901043,-0.210057
15.81,-9.99953,-9.98188,0.323491,0.31028,2,2.0052,0.0968169,0.0868898,3.00098,2.99732,2.03333e-15,-0.00319451,-0.01619,-0.0149316,0.0901535,0.0925149,-0.210045,-0.208806,0.027146,0.000579506,0.00488047,0.0135065,0.00128789,-0.000333696,-9.99953,0.323491,2,-0.01619,0.0901535,-0.210045
15.82,-9.99852,-9.98079,0.353499,0.340294,2,2.00511,0.105822,0.0959318,3.00068,2.99708,2.02201e-15,-0.0031525,-0.0159184,-0.0146863,0.0902019,0.092552,-0.210031,-0.208783,0.0271771,0.000672892,0.00480196,0.0134021,0.00147697,-0.000134583,-9.99852,0.353499,2,-0.0159184,0.0902019,-0.210031
15.83,-9.99741,-9.97959,0.383505,0.37031,2,2.00502,0.114827,0.104976,3.00035,2.99682,2.00354e-15,-0.00311305,-0.0156465,-0.0144403,0.0902496,0.0925879,-0.210016,-0.208758,0.027208,0.000766557,0.00472324,0.0132952,0.00166603,6.4698e-05,-9.99741,0.383505,2,-0.0156465,0.0902496,-0.210016
15.84,-9.99622,-9.97831,0.413506,0.400322,2,2.00493,0.12383,0.114021,2.99999,2.99652,2.00497e-15,-0.00307608,-0.0153743,-0.0141935,0.0902964,0.0926221,-0.209998,-0.208732,0.0272386,0.000857569,0.0046443,0.0131886,0.00185507,0.000264219,-9.99622,0.413506,2,-0.0153743,0.0902964,-0.209998
15.85,-9.99494,-9.97694,0.443504,0.430332,2,2.00484,0.132832,0.123066,2.99961,2.99621,2.00569e-15,-0.00304124,-0.0151017,-0.0139464,0.0903425,0.0926551,-0.209978,-0.208704,0.0272691,0.000948753,0.00456516,0.0130802,0.0020441,0.000463882,-9.99494,0.443504,2,-0.0151017,0.0903425,-0.209978
15.86,-9.99356,-9.97548,0.473498,0.460336,2,2.00476,0.141833,0.132112,2.9992,2.99586,2.00712e-15,-0.0030085,-0.0148289,-0.0136988,0.0903877,0.0926867,-0.209957,-0.208674,0.0272993,0.00104005,0.00448581,0.012971,0.00223311,0.000663708,-9.99356,0.473498,2,-0.0148289,0.0903877,-0.209957
15.87,-9.9921,-9.97393,0.503488,0.490341,2,2.00467,0.150833,0.141159,2.99876,2.99549,2.00991e-15,-0.00297815,-0.0145557,-0.0134503,0.0904322,0.0927168,-0.209934,-0.208643,0.0273293,0.00112964,0.00440626,0.0128614,0.00242211,0.000863693,-9.9921,0.503488,2,-0.0145557,0.0904322,-0.209934
15.88,-9.99055,-9.97229,0.533473,0.520343,2,2.00458,0.159831,0.150207,2.99829,2.9951,2.00551e-15,-0.00295088,-0.0142823,-0.013201,0.0904758,0.0927456,-0.209909,-0.208611,0.0273591,0.00121981,0.00432649,0.0127496,0.00261108,0.00106388,-9.99055,0.533473,2,-0.0142823,0.0904758,-0.209909
15.89,-9.9889,-9.97056,0.563454,0.550343,2,2.0045,0.168829,0.159255,2.9978,2.99468,1.98814e-15,-0.00292513,-0.0140086,-0.0129516,0.0905187,0.092773,-0.209882,-0.208577,0.0273887,0.00130865,0.00424652,0.0126381,0.00280002,0.00126424,-9.9889,0.563454,2,-0.0140086,0.0905187,-0.209882
15.9,-9.98717,-9.96874,0.593429,0.580336,2,2.00442,0.177824,0.168304,2.99728,2.99424,2.00013e-15,-0.0029016,-0.0137345,-0.0127014,0.0905608,0.0927993,-0.209853,-0.208541,0.027418,0.00139574,0.00416635,0.0125256,0.00298894,0.00146468,-9.98717,0.593429,2,-0.0137345,0.0905608,-0.209853
15.91,-9.98535,-9.96684,0.623399,0.610327,2,2.00433,0.186818,0.177352,2.99674,2.99377,2.02753e-15,-0.00288071,-0.0134602,-0.0124509,0.090602,0.0928241,-0.209822,-0.208504,0.0274472,0.00148346,0.00408597,0.0124115,0.00317784,0.00166533,-9.98535,0.623399,2,-0.0134602,0.090602,-0.209822
15.92,-9.98343,-9.96484,0.653364,0.640316,2,2.00425,0.19581,0.186402,2.99616,2.99327,2.02137e-15,-0.00286125,-0.0131856,-0.0121997,0.0906425,0.0928476,-0.209789,-0.208465,0.0274761,0.00157055,0.00400538,0.0122962,0.00336671,0.00186608,-9.98343,0.653364,2,-0.0131856,0.0906425,-0.209789
15.93,-9.98143,-9.96275,0.683323,0.670301,2,2.00417,0.204801,0.195451,2.99556,2.99275,2.00704e-15,-0.00284438,-0.0129107,-0.0119482,0.0906821,0.09287,-0.209754,-0.208425,0.0275048,0.00165664,0.00392459,0.0121807,0.00355554,0.00206698,-9.98143,0.683323,2,-0.0129107,0.0906821,-0.209754
15.94,-9.97934,-9.96057,0.713275,0.70028,2,2.00409,0.21379,0.2045,2.99494,2.9922,2.0166e-15,-0.00282954,-0.0126355,-0.011696,0.090721,0.0928909,-0.209718,-0.208383,0.0275332,0.00174221,0.0038436,0.0120648,0.00374435,0.00226803,-9.97934,0.713275,2,-0.0126355,0.090721,-0.209718
15.95,-9.97715,-9.95831,0.743221,0.730256,2,2.004,0.222777,0.21355,2.99428,2.99163,2.03841e-15,-0.00281642,-0.01236,-0.0114434,0.090759,0.0929108,-0.20968,-0.20834,0.0275615,0.00182713,0.00376241,0.0119464,0.00393312,0.00246916,-9.97715,0.743221,2,-0.01236,0.090759,-0.20968
15.96,-9.97488,-9.95596,0.773161,0.760229,2,2.00393,0.231762,0.222599,2.9936,2.99103,2.03742e-15,-0.00280572,-0.0120843,-0.0111905,0.0907962,0.0929293,-0.209639,-0.208295,0.0275895,0.00191154,0.00368102,0.0118276,0.00412186,0.00267044,-9.97488,0.773161,2,-0.0120843,0.0907962,-0.209639
15.97,-9.97252,-9.95351,0.803093,0.790196,2,2.00385,0.240744,0.231649,2.99289,2.99041,2.03784e-15,-0.00279665,-0.0118082,-0.0109372,0.0908326,0.0929465,-0.209597,-0.208248,0.0276173,0.00199493,0.00359942,0.0117079,0.00431056,0.00287182,-9.97252,0.803093,2,-0.0118082,0.0908326,-0.209597
15.98,-9.97007,-9.95098,0.833018,0.820156,2,2.00377,0.249725,0.240697,2.99216,2.98977,2.04442e-15,-0.00278972,-0.0115319,-0.0106833,0.0908682,0.0929627,-0.209553,-0.2082,0.0276448,0.00207799,0.00351763,0.0115869,0.00449922,0.00307326,-9.97007,0.833018,2,-0.0115319,0.0908682,-0.209553
15.99,-9.96752,-9.94835,0.862936,0.850115,2,2.00369,0.258703,0.249747,2.9914,2.98909,2.02858e-15,-0.00278434,-0.0112553,-0.0104291,0.090903,0.0929776,-0.209507,-0.20815,0.0276722,0.00216114,0.00343564,0.0114659,0.00468784,0.00327485,-9.96752,0.862936,2,-0.0112553,0.090903,-0.209507
16,-9.96489,-9.94564,0.892846,0.880068,2,2.00362,0.26768,0.258796,2.99061,2.98839,2.02616e-15,-0.00278097,-0.0109785,-0.0101747,0.0909369,0.0929914,-0.209459,-0.208099,0.0276993,0.00224161,0.00335345,0.0113437,0.00487642,0.00347649,-9.96489,0.892846,2,-0.0109785,0.0909369,-0.209459
16.01,-9.96217,-9.94284,0.922748,0.910017,2,2.00354,0.276653,0.267844,2.98979,2.98767,2.02114e-15,-0.00277968,-0.0107013,-0.00991949,0.09097,0.093004,-0.20941,-0.208046,0.0277262,0.00232346,0.00327107,0.0112199,0.00506495,0.00367825,-9.96217,0.922748,2,-0.0107013,0.09097,-0.20941
16.02,-9.95936,-9.93995,0.952642,0.93996,2,2.00347,0.285625,0.276892,2.98895,2.98692,2.02114e-15,-0.00277898,-0.0104239,-0.00966438,0.0910023,0.0930154,-0.209358,-0.207992,0.0277528,0.00240447,0.00318848,0.0110943,0.00525344,0.00388007,-9.95936,0.952642,2,-0.0104239,0.0910023,-0.209358
16.03,-9.95646,-9.93698,0.982527,0.969898,2,2.0034,0.294593,0.28594,2.98808,2.98614,2.02448e-15,-0.00278056,-0.0101463,-0.00940878,0.0910338,0.0930258,-0.209305,-0.207936,0.0277793,0.00248419,0.00310571,0.0109686,0.00544188,0.00408197,-9.95646,0.982527,2,-0.0101463,0.0910338,-0.209305
16.04,-9.95347,-9.93391,1.0124,0.99983,2,2.00332,0.303559,0.294986,2.98718,2.98534,2.03376e-15,-0.00278372,-0.00986836,-0.00915324,0.0910645,0.0930351,-0.209249,-0.207879,0.0278054,0.00256473,0.00302274,0.010841,0.00563027,0.00428392,-9.95347,1.0124,2,-0.00986836,0.0910645,-0.209249
16.05,-9.95039,-9.93076,1.04227,1.02975,2,2.00325,0.312523,0.30403,2.98626,2.98452,2.02276e-15,-0.00278802,-0.00959018,-0.0088966,0.0910943,0.0930432,-0.209192,-0.207819,0.0278314,0.00264319,0.00293958,0.0107127,0.00581862,0.00448589,-9.95039,1.04227,2,-0.00959018,0.0910943,-0.209192
16.06,-9.94722,-9.92751,1.07213,1.05967,2,2.00318,0.321483,0.313075,2.98531,2.98367,2.00463e-15,-0.0027947,-0.00931173,-0.00864014,0.0911232,0.0930504,-0.209133,-0.207759,0.0278571,0.00272273,0.00285622,0.0105832,0.00600691,0.00468794,-9.94722,1.07213,2,-0.00931173,0.0911232,-0.209133
16.07,-9.94396,-9.92418,1.10198,1.08958,2,2.00311,0.330441,0.322119,2.98433,2.98279,1.97283e-15,-0.00280219,-0.00903304,-0.00838311,0.0911514,0.0930566,-0.209072,-0.207696,0.0278826,0.00280136,0.00277268,0.0104514,0.00619514,0.00489008,-9.94396,1.10198,2,-0.00903304,0.0911514,-0.209072
16.08,-9.94061,-9.92075,1.13182,1.11949,2,2.00305,0.339396,0.331162,2.98333,2.98189,1.97242e-15,-0.00281076,-0.00875408,-0.00812614,0.0911787,0.0930615,-0.209009,-0.207632,0.0279079,0.0028789,0.00268894,0.0103207,0.00638332,0.00509223,-9.94061,1.13182,2,-0.00875408,0.0911787,-0.209009
16.09,-9.93717,-9.91724,1.16164,1.14939,2,2.00298,0.348347,0.340205,2.9823,2.98096,1.97598e-15,-0.00282121,-0.00847488,-0.00786884,0.0912052,0.0930657,-0.208944,-0.207567,0.0279329,0.00295699,0.00260501,0.0101869,0.00657145,0.00529441,-9.93717,1.16164,2,-0.00847488,0.0912052,-0.208944
16.1,-9.93364,-9.91364,1.19146,1.17928,2,2.00291,0.357296,0.349245,2.98124,2.98,1.96328e-15,-0.00283256,-0.00819543,-0.00761118,0.0912308,0.0930686,-0.208877,-0.2075,0.0279577,0.00303455,0.0025209,0.0100526,0.00675951,0.00549662,-9.93364,1.19146,2,-0.00819543,0.0912308,-0.208877
16.11,-9.93002,-9.90996,1.22127,1.20916,2,2.00285,0.366241,0.358284,2.98016,2.97903,1.94613e-15,-0.002845,-0.00791573,-0.00735319,0.0912556,0.0930707,-0.208809,-0.207431,0.0279822,0.00311206,0.0024366,0.00991563,0.00694752,0.00569882,-9.93002,1.22127,2,-0.00791573,0.0912556,-0.208809
16.12,-9.92632,-9.90618,1.25106,1.23904,2,2.00278,0.375183,0.367322,2.97904,2.97802,1.94573e-15,-0.00285886,-0.00763578,-0.00709495,0.0912795,0.0930717,-0.208738,-0.20736,0.0280065,0.0031879,0.00235211,0.0097787,0.00713546,0.00590106,-9.92632,1.25106,2,-0.00763578,0.0912795,-0.208738
16.13,-9.92252,-9.90232,1.28085,1.26891,2,2.00272,0.384122,0.376357,2.97791,2.97699,1.94382e-15,-0.00287388,-0.0073556,-0.00683621,0.0913026,0.0930719,-0.208666,-0.207288,0.0280306,0.00326446,0.00226745,0.0096402,0.00732333,0.00610326,-9.92252,1.28085,2,-0.0073556,0.0913026,-0.208666
16.14,-9.91863,-9.89836,1.31062,1.29877,2,2.00266,0.393057,0.385392,2.97674,2.97593,1.92767e-15,-0.00288996,-0.00707517,-0.00657767,0.0913249,0.0930712,-0.208592,-0.207215,0.0280544,0.00334046,0.00218259,0.00949898,0.00751115,0.0063055,-9.91863,1.31062,2,-0.00707517,0.0913249,-0.208592
16.15,-9.91466,-9.89432,1.34038,1.32862,2,2.0026,0.401989,0.394425,2.97555,2.97485,1.92371e-15,-0.00290653,-0.00679451,-0.00631848,0.0913463,0.0930696,-0.208516,-0.207139,0.0280779,0.00341693,0.00209755,0.00935789,0.00769889,0.00650773,-9.91466,1.34038,2,-0.00679451,0.0913463,-0.208516
16.16,-9.91059,-9.89019,1.37013,1.35847,2,2.00254,0.410917,0.403456,2.97433,2.97375,1.91854e-15,-0.00292437,-0.00651361,-0.00605937,0.0913668,0.0930669,-0.208438,-0.207062,0.0281013,0.00349178,0.00201233,0.00921391,0.00788656,0.00670996,-9.91059,1.37013,2,-0.00651361,0.0913668,-0.208438
16.17,-9.90644,-9.88597,1.39987,1.38831,2,2.00248,0.419842,0.412485,2.97308,2.97261,1.91146e-15,-0.0029429,-0.00623249,-0.00579995,0.0913865,0.0930635,-0.208358,-0.206984,0.0281243,0.00356807,0.00192693,0.00906862,0.00807417,0.00691214,-9.90644,1.39987,2,-0.00623249,0.0913865,-0.208358
16.18,-9.9022,-9.88166,1.42959,1.41813,2,2.00242,0.428763,0.421512,2.97181,2.97146,1.91146e-15,-0.00296238,-0.00595113,-0.00554016,0.0914054,0.0930593,-0.208277,-0.206904,0.0281472,0.00364336,0.00184135,0.00892272,0.0082617,0.00711433,-9.9022,1.42959,2,-0.00595113,0.0914054,-0.208277
16.19,-9.89787,-9.87726,1.45931,1.44795,2,2.00237,0.43768,0.430538,2.97051,2.97027,1.91024e-15,-0.00298296,-0.00566954,-0.00528017,0.0914234,0.0930543,-0.208193,-0.206822,0.0281698,0.00371872,0.0017556,0.00877385,0.00844915,0.00731647,-9.89787,1.45931,2,-0.00566954,0.0914234,-0.208193
16.2,-9.89344,-9.87278,1.489,1.47776,2,2.00231,0.446593,0.43956,2.96919,2.96906,1.89585e-15,-0.00300357,-0.00538773,-0.00501957,0.0914405,0.0930483,-0.208108,-0.206738,0.0281921,0.00379338,0.00166966,0.00862301,0.00863653,0.00751856,-9.89344,1.489,2,-0.00538773,0.0914405,-0.208108
16.21,-9.88893,-9.86821,1.51869,1.50756,2,2.00226,0.455501,0.448578,2.96783,2.96783,1.8882e-15,-0.00302523,-0.0051057,-0.00475907,0.0914567,0.0930416,-0.20802,-0.206653,0.0282142,0.00386864,0.00158355,0.00847169,0.00882384,0.00772054,-9.88893,1.51869,2,-0.0051057,0.0914567,-0.20802
16.22,-9.88433,-9.86355,1.54836,1.53735,2,2.0022,0.464406,0.457596,2.96646,2.96657,1.89193e-15,-0.00304705,-0.00482345,-0.00449841,0.0914721,0.0930341,-0.207931,-0.206566,0.028236,0.00394327,0.00149726,0.00831789,0.00901106,0.00792252,-9.88433,1.54836,2,-0.00482345,0.0914721,-0.207931
16.23,-9.87965,-9.8588,1.57802,1.56713,2,2.00215,0.473307,0.466612,2.96505,2.96528,1.89771e-15,-0.00306983,-0.00454098,-0.00423724,0.0914867,0.0930258,-0.20784,-0.206478,0.0282576,0.00401778,0.0014108,0.00816158,0.0091982,0.00812448,-9.87965,1.57802,2,-0.00454098,0.0914867,-0.20784
16.24,-9.87487,-9.85396,1.60766,1.59689,2,2.0021,0.482203,0.475624,2.96362,2.96397,1.89941e-15,-0.00309284,-0.0042583,-0.00397591,0.0915004,0.0930168,-0.207747,-0.206387,0.0282789,0.00409308,0.00132417,0.00800396,0.00938526,0.00832635,-9.87487,1.60766,2,-0.0042583,0.0915004,-0.207747
16.25,-9.87,-9.84904,1.63729,1.62665,2,2.00205,0.491096,0.484634,2.96216,2.96263,1.89418e-15,-0.0031165,-0.00397541,-0.00371414,0.0915132,0.0930071,-0.207652,-0.206295,0.0283,0.00416781,0.00123736,0.00784462,0.00957223,0.00852815,-9.87,1.63729,2,-0.00397541,0.0915132,-0.207652
16.26,-9.86505,-9.84402,1.66691,1.6564,2,2.002,0.499983,0.49364,2.96067,2.96126,1.87359e-15,-0.00314011,-0.0036923,-0.00345223,0.0915251,0.0929967,-0.207556,-0.206202,0.0283208,0.00424283,0.00115038,0.00768201,0.00975912,0.00872985,-9.86505,1.66691,2,-0.0036923,0.0915251,-0.207556
16.27,-9.86,-9.83892,1.6965,1.68614,2,2.00195,0.508867,0.502644,2.95916,2.95987,1.85964e-15,-0.00316404,-0.00340899,-0.0031898,0.0915362,0.0929854,-0.207457,-0.206107,0.0283413,0.00431721,0.00106324,0.00751983,0.00994592,0.00893148,-9.86,1.6965,2,-0.00340899,0.0915362,-0.207457
16.28,-9.85487,-9.83373,1.72609,1.71586,2,2.0019,0.517745,0.511644,2.95762,2.95846,1.85865e-15,-0.00318843,-0.00312548,-0.00292754,0.0915464,0.0929737,-0.207357,-0.20601,0.0283616,0.00439261,0.00097592,0.00735299,0.0101326,0.00913306,-9.85487,1.72609,2,-0.00312548,0.0915464,-0.207357
16.29,-9.84965,-9.82846,1.75566,1.74557,2,2.00185,0.526619,0.52064,2.95605,2.95702,1.85611e-15,-0.00321299,-0.00284176,-0.00266454,0.0915557,0.0929611,-0.207255,-0.205911,0.0283816,0.00446739,0.000888439,0.00718591,0.0103193,0.00933447,-9.84965,1.75566,2,-0.00284176,0.0915557,-0.207255
16.3,-9.84434,-9.82309,1.78521,1.77526,2,2.0018,0.535488,0.529632,2.95446,2.95555,1.8461e-15,-0.00323778,-0.00255785,-0.00240141,0.0915641,0.0929479,-0.20715,-0.205811,0.0284014,0.0045418,0.000800789,0.00701469,0.0105058,0.00953576,-9.84434,1.78521,2,-0.00255785,0.0915641,-0.20715
16.31,-9.83894,-9.81764,1.81475,1.80495,2,2.00176,0.544353,0.538622,2.95284,2.95406,1.84596e-15,-0.00326231,-0.00227373,-0.00213793,0.0915717,0.092934,-0.207044,-0.205709,0.0284209,0.00461707,0.000712976,0.00684265,0.0106922,0.00973701,-9.83894,1.81475,2,-0.00227373,0.0915717,-0.207044
16.32,-9.83345,-9.81209,1.84427,1.83462,2,2.00171,0.553212,0.547607,2.95119,2.95254,1.8513e-15,-0.0032872,-0.00198943,-0.00187412,0.0915784,0.0929196,-0.206937,-0.205605,0.0284401,0.00469184,0.000624996,0.00666865,0.0108785,0.00993811,-9.83345,1.84427,2,-0.00198943,0.0915784,-0.206937
16.33,-9.82787,-9.80647,1.87377,1.86428,2,2.00167,0.562067,0.556589,2.94952,2.95099,1.86021e-15,-0.00331201,-0.00170493,-0.00160998,0.0915842,0.0929046,-0.206827,-0.2055,0.0284591,0.00476805,0.000536856,0.00649119,0.0110648,0.0101391,-9.82787,1.87377,2,-0.00170493,0.0915842,-0.206827
16.34,-9.82221,-9.80075,1.90326,1.89393,2,2.00162,0.570917,0.565567,2.94782,2.94942,1.86631e-15,-0.00333652,-0.00142025,-0.00134541,0.0915891,0.0928889,-0.206715,-0.205393,0.0284777,0.00484274,0.000448551,0.00631206,0.0112509,0.01034,-9.82221,1.90326,2,-0.00142025,0.0915891,-0.206715
16.35,-9.81645,-9.79495,1.93273,1.92356,2,2.00158,0.579761,0.574541,2.9461,2.94782,1.87652e-15,-0.00336118,-0.00113538,-0.00108045,0.0915932,0.0928727,-0.206602,-0.205284,0.0284962,0.00491899,0.000360089,0.00613069,0.011437,0.0105407,-9.81645,1.93273,2,-0.00113538,0.0915932,-0.206602
16.36,-9.81061,-9.78905,1.96218,1.95318,2,2.00154,0.5886,0.58351,2.94435,2.9462,1.89922e-15,-0.00338566,-0.000850326,-0.000815136,0.0915963,0.0928558,-0.206487,-0.205173,0.0285143,0.00499366,0.000271463,0.00594607,0.0116229,0.0107413,-9.81061,1.96218,2,-0.000850326,0.0915963,-0.206487
16.37,-9.80468,-9.78307,1.99161,1.98278,2,2.00149,0.597434,0.592474,2.94257,2.94455,1.91296e-15,-0.00340952,-0.000565094,-0.000549551,0.0915986,0.0928384,-0.206369,-0.205061,0.0285322,0.00507027,0.000182683,0.00575989,0.0118087,0.0109417,-9.80468,1.99161,2,-0.000565094,0.0915986,-0.206369
16.38,-9.79866,-9.777,2.02103,2.01236,2,2.00145,0.606263,0.601433,2.94076,2.94288,1.91807e-15,-0.00343338,-0.000279684,-0.000283392,0.0916,0.0928205,-0.20625,-0.204947,0.0285498,0.00514642,9.37415e-05,0.00557044,0.0119944,0.011142,-9.79866,2.02103,2,-0.000279684,0.0916,-0.20625
16.39,-9.79256,-9.77084,2.05043,2.04193,2,2.00141,0.615086,0.610388,2.93893,2.94117,1.92454e-15,-0.00345728,5.90065e-06,-1.70711e-05,0.0916005,0.0928021,-0.206129,-0.204831,0.0285671,0.00522253,4.64726e-06,0.00537855,0.0121801,0.0113421,-9.79256,2.05043,2,5.90065e-06,0.0916005,-0.206129
16.4,-9.78636,-9.7646,2.07981,2.07149,2,2.00137,0.623903,0.619339,2.93707,2.93945,1.92154e-15,-0.00348054,0.000291657,0.000250258,0.0916001,0.092783,-0.206007,-0.204714,0.0285841,0.00529748,-8.46057e-05,0.00518483,0.0123656,0.0115421,-9.78636,2.07981,2,0.000291657,0.0916001,-0.206007
16.41,-9.78008,-9.75827,2.10917,2.10103,2,2.00133,0.632715,0.628284,2.93519,2.93769,1.91264e-15,-0.00350341,0.000577582,0.000517679,0.0915988,0.0927636,-0.205882,-0.204595,0.0286009,0.00537449,-0.000174009,0.00498857,0.012551,0.0117419,-9.78008,2.10917,2,0.000577582,0.0915988,-0.205882
16.42,-9.77371,-9.75185,2.13851,2.13055,2,2.00129,0.641522,0.637224,2.93328,2.93591,1.91094e-15,-0.00352587,0.000863674,0.000785588,0.0915966,0.0927436,-0.205756,-0.204474,0.0286174,0.00545148,-0.000263569,0.00478844,0.0127362,0.0119415,-9.77371,2.13851,2,0.000863674,0.0915966,-0.205756
16.43,-9.76725,-9.74534,2.16783,2.16006,2,2.00126,0.650322,0.646159,2.93134,2.93411,1.91193e-15,-0.00354749,0.00114993,0.00105394,0.0915935,0.0927229,-0.205627,-0.204351,0.0286336,0.00552847,-0.000353278,0.00458624,0.0129214,0.012141,-9.76725,2.16783,2,0.00114993,0.0915935,-0.205627
16.44,-9.7607,-9.73875,2.19714,2.18955,2,2.00122,0.659117,0.655088,2.92937,2.93227,1.92351e-15,-0.00356895,0.00143634,0.00132272,0.0915895,0.0927018,-0.205497,-0.204227,0.0286495,0.00560542,-0.000443141,0.00438057,0.0131065,0.0123402,-9.7607,2.19714,2,0.00143634,0.0915895,-0.205497
16.45,-9.75407,-9.73207,2.22642,2.21902,2,2.00118,0.667905,0.664012,2.92738,2.93042,1.95058e-15,-0.00359008,0.00172292,0.00159227,0.0915847,0.0926802,-0.205365,-0.204101,0.0286651,0.00568251,-0.00053315,0.00417271,0.0132914,0.0125393,-9.75407,2.22642,2,0.00172292,0.0915847,-0.205365
16.46,-9.74734,-9.72529,2.25569,2.24847,2,2.00114,0.676688,0.672929,2.92537,2.92853,1.95233e-15,-0.00361043,0.00200965,0.00186206,0.0915789,0.0926583,-0.205231,-0.203973,0.0286804,0.00575955,-0.000623311,0.00396329,0.0134762,0.0127381,-9.74734,2.25569,2,0.00200965,0.0915789,-0.205231
16.47,-9.74053,-9.71844,2.28493,2.2779,2,2.00111,0.685465,0.68184,2.92332,2.92662,1.94648e-15,-0.00362967,0.00229653,0.00213262,0.0915722,0.0926359,-0.205096,-0.203843,0.0286955,0.00583673,-0.000713616,0.0037501,0.0136609,0.0129368,-9.74053,2.28493,2,0.00229653,0.0915722,-0.205096
16.48,-9.73363,-9.71149,2.31415,2.30732,2,2.00107,0.694235,0.690746,2.92126,2.92468,1.93446e-15,-0.00364904,0.00258355,0.00240384,0.0915646,0.0926131,-0.204958,-0.203712,0.0287102,0.00591428,-0.000804071,0.00353391,0.0138454,0.0131353,-9.73363,2.31415,2,0.00258355,0.0915646,-0.204958
16.49,-9.72665,-9.70447,2.34335,2.33672,2,2.00103,0.702999,0.699646,2.91916,2.92272,1.93273e-15,-0.0036671,0.00287073,0.00267521,0.0915561,0.0925896,-0.204819,-0.203579,0.0287247,0.00599157,-0.000894668,0.00331589,0.0140299,0.0133335,-9.72665,2.34335,2,0.00287073,0.0915561,-0.204819
16.5,-9.71957,-9.69735,2.37254,2.36609,2,2.001,0.711757,0.708539,2.91704,2.92073,1.95072e-15,-0.00368482,0.00315805,0.0029477,0.0915467,0.0925659,-0.204678,-0.203444,0.0287389,0.00606818,-0.000985413,0.00309368,0.0142142,0.0135316,-9.71957,2.37254,2,0.00315805,0.0915467,-0.204678
16.51,-9.71241,-9.69014,2.4017,2.39545,2,2.00096,0.720509,0.717426,2.91489,2.91872,1.95654e-15,-0.00370148,0.00344551,0.00322054,0.0915364,0.0925416,-0.204535,-0.203307,0.0287528,0.00614618,-0.0010763,0.00286864,0.0143984,0.0137294,-9.71241,2.4017,2,0.00344551,0.0915364,-0.204535
16.52,-9.70516,-9.68285,2.43083,2.42479,2,2.00093,0.729254,0.726305,2.91271,2.91667,1.95628e-15,-0.0037173,0.0037331,0.00349379,0.0915252,0.092517,-0.20439,-0.203169,0.0287663,0.00622505,-0.00116733,0.00264145,0.0145824,0.013927,-9.70516,2.43083,2,0.0037331,0.0915252,-0.20439
16.53,-9.69783,-9.67547,2.45995,2.4541,2,2.00089,0.737992,0.735179,2.91051,2.9146,1.95999e-15,-0.00373298,0.00402083,0.00376827,0.0915131,0.0924918,-0.204243,-0.203029,0.0287796,0.00630223,-0.00125849,0.00241146,0.0147664,0.0141243,-9.69783,2.45995,2,0.00402083,0.0915131,-0.204243
16.54,-9.6904,-9.668,2.48904,2.48339,2,2.00086,0.746724,0.744044,2.90829,2.91251,1.96443e-15,-0.00374757,0.00430869,0.00404297,0.0915,0.0924663,-0.204094,-0.202887,0.0287926,0.00637975,-0.00134981,0.00217762,0.0149502,0.0143214,-9.6904,2.48904,2,0.00430869,0.0915,-0.204094
16.55,-9.68289,-9.66045,2.51812,2.51266,2,2.00082,0.755449,0.752901,2.90603,2.91039,1.976e-15,-0.00376056,0.00459668,0.00431845,0.0914861,0.0924402,-0.203944,-0.202743,0.0288053,0.00645741,-0.00144125,0.00194238,0.0151338,0.0145182,-9.68289,2.51812,2,0.00459668,0.0914861,-0.203944
16.56,-9.67529,-9.65281,2.54716,2.54191,2,2.00079,0.764167,0.761753,2.90375,2.90824,1.96985e-15,-0.00377293,0.0048848,0.00459481,0.0914712,0.092414,-0.203792,-0.202598,0.0288177,0.00653478,-0.00153284,0.0017035,0.0153173,0.0147149,-9.67529,2.54716,2,0.0048848,0.0914712,-0.203792
16.57,-9.66761,-9.64508,2.57619,2.57114,2,2.00075,0.772879,0.770597,2.90145,2.90606,1.95831e-15,-0.00378488,0.00517303,0.00487142,0.0914554,0.0923871,-0.203638,-0.20245,0.0288297,0.00661235,-0.00162456,0.00146101,0.0155007,0.0149112,-9.66761,2.57619,2,0.00517303,0.0914554,-0.203638
16.58,-9.65984,-9.63726,2.60519,2.60034,2,2.00072,0.781583,0.779434,2.89912,2.90386,1.95831e-15,-0.00379562,0.00546139,0.00514917,0.0914387,0.09236,-0.203482,-0.202301,0.0288415,0.00669015,-0.00171642,0.00121528,0.015684,0.0151073,-9.65984,2.60519,2,0.00546139,0.0914387,-0.203482
16.59,-9.65198,-9.62936,2.63417,2.62952,2,2.00068,0.79028,0.788262,2.89676,2.90164,1.95855e-15,-0.0038051,0.00574986,0.00542773,0.0914211,0.0923323,-0.203324,-0.202151,0.028853,0.00676696,-0.00180841,0.000968849,0.0158671,0.0153032,-9.65198,2.63417,2,0.00574986,0.0914211,-0.203324
16.6,-9.64403,-9.62137,2.66313,2.65868,2,2.00065,0.798971,0.797083,2.89438,2.89938,1.96475e-15,-0.00381397,0.00603845,0.00570693,0.0914025,0.0923042,-0.203164,-0.201998,0.0288641,0.00684429,-0.00190054,0.000717175,0.01605,0.0154988,-9.64403,2.66313,2,0.00603845,0.0914025,-0.203164
16.61,-9.636,-9.6133,2.69206,2.68781,2,2.00061,0.807654,0.805895,2.89197,2.89711,1.97972e-15,-0.00382204,0.00632714,0.00598674,0.0913831,0.0922758,-0.203003,-0.201844,0.028875,0.00692196,-0.0019928,0.000463613,0.0162328,0.0156941,-9.636,2.69206,2,0.00632714,0.0913831,-0.203003
16.62,-9.62788,-9.60514,2.72097,2.71692,2,2.00058,0.81633,0.8147,2.88953,2.8948,1.97519e-15,-0.00382838,0.00661595,0.00626751,0.0913627,0.0922467,-0.20284,-0.201688,0.0288855,0.0069981,-0.00208519,0.000207051,0.0164155,0.0158891,-9.62788,2.72097,2,0.00661595,0.0913627,-0.20284
16.63,-9.61967,-9.59689,2.74985,2.746,2,2.00054,0.824998,0.823494,2.88707,2.89247,1.97351e-15,-0.00383389,0.00690485,0.00654906,0.0913414,0.0922174,-0.202675,-0.20153,0.0288957,0.00707388,-0.00217771,-5.26204e-05,0.016598,0.0160838,-9.61967,2.74985,2,0.00690485,0.0913414,-0.202675
16.64,-9.61138,-9.58855,2.77871,2.77506,2,2.00051,0.833659,0.832283,2.88458,2.89011,1.97998e-15,-0.00383863,0.00719386,0.00683128,0.0913191,0.0921876,-0.202508,-0.20137,0.0289056,0.0071505,-0.00227036,-0.000315422,0.0167804,0.0162783,-9.61138,2.77871,2,0.00719386,0.0913191,-0.202508
16.65,-9.603,-9.58014,2.80754,2.80409,2,2.00047,0.842313,0.841061,2.88207,2.88772,2.00043e-15,-0.00384168,0.00748296,0.00711457,0.091296,0.0921574,-0.202339,-0.201208,0.0289152,0.00722607,-0.00236314,-0.000580279,0.0169626,0.0164725,-9.603,2.80754,2,0.00748296,0.091296,-0.202339
16.66,-9.59453,-9.57163,2.83635,2.8331,2,2.00044,0.850959,0.849831,2.87953,2.88531,1.99971e-15,-0.00384484,0.00777216,0.00739832,0.0912718,0.0921269,-0.202168,-0.201045,0.0289245,0.00730218,-0.00245605,-0.000849011,0.0171447,0.0166664,-9.59453,2.83635,2,0.00777216,0.0912718,-0.202168
16.67,-9.58598,-9.56304,2.86513,2.86208,2,2.0004,0.859597,0.858593,2.87696,2.88288,2.0057e-15,-0.00384587,0.00806145,0.00768315,0.0912468,0.0920958,-0.201996,-0.20088,0.0289334,0.00737664,-0.00254908,-0.00112047,0.0173266,0.0168599,-9.58598,2.86513,2,0.00806145,0.0912468,-0.201996
16.68,-9.57734,-9.55436,2.89389,2.89103,2,2.00037,0.868227,0.867346,2.87437,2.88041,2.02086e-15,-0.00384611,0.00835083,0.00796918,0.0912209,0.0920645,-0.201822,-0.200713,0.028942,0.00744998,-0.00264224,-0.00139439,0.0175084,0.0170532,-9.57734,2.89389,2,0.00835083,0.0912209,-0.201822
16.69,-9.56861,-9.54559,2.92262,2.91996,2,2.00033,0.87685,0.876089,2.87175,2.87792,2.01965e-15,-0.00384495,0.00864029,0.00825572,0.091194,0.0920325,-0.201646,-0.200544,0.0289504,0.00752559,-0.00273552,-0.00167196,0.0176899,0.0172462,-9.56861,2.92262,2,0.00864029,0.091194,-0.201646
16.7,-9.5598,-9.53674,2.95132,2.94885,2,2.0003,0.885465,0.884823,2.86911,2.8754,2.00252e-15,-0.00384282,0.00892984,0.00854302,0.0911662,0.0920002,-0.201468,-0.200374,0.0289583,0.00759825,-0.00282892,-0.00195253,0.0178714,0.0174389,-9.5598,2.95132,2,0.00892984,0.0911662,-0.201468
16.71,-9.55091,-9.5278,2.98,2.97772,2,2.00026,0.894072,0.893545,2.86644,2.87286,1.99432e-15,-0.00383945,0.00921946,0.00883131,0.0911374,0.0919674,-0.201289,-0.200201,0.028966,0.00767111,-0.00292245,-0.00223507,0.0180527,0.0176312,-9.55091,2.98,2,0.00921946,0.0911374,-0.201289
16.72,-9.54192,-9.51878,3.00865,3.00655,2,2.00022,0.90267,0.90226,2.86374,2.87029,1.99333e-15,-0.00383553,0.00950915,0.00912053,0.0911077,0.0919342,-0.201107,-0.200027,0.0289733,0.0077442,-0.0030161,-0.00252111,0.0182338,0.0178232,-9.54192,3.00865,2,0.00950915,0.0911077,-0.201107
16.73,-9.53285,-9.50968,3.03728,3.03537,2,2.00018,0.911261,0.910965,2.86102,2.8677,1.98823e-15,-0.00382988,0.00979892,0.00941062,0.0910771,0.0919004,-0.200924,-0.199851,0.0289804,0.00781504,-0.00310987,-0.00280924,0.0184147,0.0180149,-9.53285,3.03728,2,0.00979892,0.0910771,-0.200924
16.74,-9.5237,-9.50048,3.06587,3.06415,2,2.00015,0.919844,0.919661,2.85827,2.86507,1.96867e-15,-0.00382291,0.0100888,0.00970179,0.0910455,0.0918661,-0.200739,-0.199673,0.028987,0.00788626,-0.00320375,-0.00310061,0.0185955,0.0182062,-9.5237,3.06587,2,0.0100888,0.0910455,-0.200739
16.75,-9.51446,-9.4912,3.09444,3.0929,2,2.00011,0.928418,0.928347,2.8555,2.86242,1.95402e-15,-0.00381528,0.0103787,0.00999402,0.091013,0.0918314,-0.200552,-0.199494,0.0289934,0.0079558,-0.00329776,-0.00339482,0.0187761,0.0183973,-9.51446,3.09444,2,0.0103787,0.091013,-0.200552
16.76,-9.50513,-9.48184,3.12298,3.12162,2,2.00007,0.936983,0.937021,2.8527,2.85975,1.95644e-15,-0.00380607,0.0106686,0.0102867,0.0909796,0.0917963,-0.200363,-0.199312,0.0289994,0.00802517,-0.00339188,-0.00369202,0.0189566,0.018588,-9.50513,3.12298,2,0.0106686,0.0909796,-0.200363
16.77,-9.49572,-9.47238,3.1515,3.15031,2,2.00003,0.945541,0.945687,2.84988,2.85705,1.9622e-15,-0.00379626,0.0109586,0.0105805,0.0909452,0.0917607,-0.200173,-0.199129,0.0290051,0.00809338,-0.00348612,-0.00399252,0.0191368,0.0187784,-9.49572,3.1515,2,0.0109586,0.0909452,-0.200173
16.78,-9.48622,-9.46285,3.17998,3.17897,2,1.99999,0.95409,0.954342,2.84703,2.85432,1.9605e-15,-0.00378494,0.0112487,0.0108753,0.0909098,0.0917244,-0.199981,-0.198944,0.0290105,0.00816015,-0.00358047,-0.0042949,0.019317,0.0189684,-9.48622,3.17998,2,0.0112487,0.0909098,-0.199981
16.79,-9.47663,-9.45323,3.20844,3.2076,2,1.99995,0.96263,0.962987,2.84415,2.85157,1.96414e-15,-0.00377245,0.0115389,0.0111711,0.0908736,0.0916877,-0.199786,-0.198757,0.0290155,0.00822669,-0.00367494,-0.00460003,0.0194969,0.019158,-9.47663,3.20844,2,0.0115389,0.0908736,-0.199786
16.8,-9.46697,-9.44352,3.23686,3.23619,2,1.99991,0.971161,0.971619,2.84125,2.84879,1.96473e-15,-0.00375873,0.011829,0.0114676,0.0908363,0.0916503,-0.199591,-0.198568,0.0290202,0.00829159,-0.00376952,-0.0049078,0.0196766,0.0193473,-9.46697,3.23686,2,0.011829,0.0908363,-0.199591
16.81,-9.45721,-9.43374,3.26526,3.26475,2,1.99987,0.979684,0.980242,2.83833,2.84599,1.97136e-15,-0.0037439,0.0121193,0.0117652,0.0907982,0.0916127,-0.199393,-0.198377,0.0290245,0.00835492,-0.00386421,-0.00521827,0.0198562,0.0195363,-9.45721,3.26526,2,0.0121193,0.0907982,-0.199393
16.82,-9.44737,-9.42386,3.29363,3.29328,2,1.99983,0.988198,0.988854,2.83537,2.84316,1.96278e-15,-0.00372782,0.0124095,0.0120636,0.090759,0.0915741,-0.199193,-0.198184,0.0290285,0.00841833,-0.00395901,-0.00553178,0.0200356,0.0197249,-9.44737,3.29363,2,0.0124095,0.090759,-0.199193
16.83,-9.43745,-9.4139,3.32197,3.32178,2,1.99979,0.996703,0.997456,2.8324,2.8403,1.94288e-15,-0.00371073,0.0126998,0.0123629,0.090719,0.0915352,-0.198992,-0.19799,0.0290322,0.00848034,-0.00405392,-0.00584771,0.0202148,0.0199132,-9.43745,3.32197,2,0.0126998,0.090719,-0.198992
16.84,-9.42744,-9.40386,3.35028,3.35025,2,1.99975,1.0052,1.00605,2.82939,2.83742,1.93361e-15,-0.00369224,0.0129902,0.0126633,0.090678,0.0914958,-0.198789,-0.197794,0.0290355,0.00854077,-0.00414895,-0.00616628,0.0203939,0.0201011,-9.42744,3.35028,2,0.0129902,0.090678,-0.198789
16.85,-9.41734,-9.39373,3.37856,3.37868,2,1.99971,1.01369,1.01463,2.82637,2.83451,1.94814e-15,-0.00367276,0.0132805,0.0129647,0.090636,0.0914557,-0.198584,-0.197595,0.0290385,0.00860046,-0.00424407,-0.006488,0.0205727,0.0202886,-9.41734,3.37856,2,0.0132805,0.090636,-0.198584
16.86,-9.40716,-9.38351,3.4068,3.40708,2,1.99967,1.02216,1.0232,2.82331,2.83157,1.95501e-15,-0.00365229,0.0135709,0.0132669,0.0905931,0.091415,-0.198378,-0.197395,0.0290412,0.00865714,-0.00433931,-0.00680954,0.0207514,0.0204757,-9.40716,3.4068,2,0.0135709,0.0905931,-0.198378
16.87,-9.3969,-9.37321,3.43502,3.43544,2,1.99962,1.03063,1.03175,2.82023,2.82861,1.96743e-15,-0.00363043,0.0138614,0.0135699,0.0905492,0.0913737,-0.198169,-0.197193,0.0290435,0.00871483,-0.00443465,-0.00713659,0.0209298,0.0206625,-9.3969,3.43502,2,0.0138614,0.0905492,-0.198169
16.88,-9.38655,-9.36284,3.46321,3.46377,2,1.99958,1.03909,1.0403,2.81713,2.82563,1.95501e-15,-0.0036079,0.0141518,0.013874,0.0905044,0.0913317,-0.197959,-0.196989,0.0290454,0.00876853,-0.00453009,-0.00746397,0.0211081,0.0208489,-9.38655,3.46321,2,0.0141518,0.0905044,-0.197959
16.89,-9.37612,-9.35237,3.49136,3.49206,2,1.99953,1.04754,1.04883,2.814,2.82262,1.95489e-15,-0.00358345,0.0144423,0.0141785,0.0904586,0.0912891,-0.197747,-0.196783,0.0290471,0.00882243,-0.00462564,-0.00779565,0.0212862,0.0210349,-9.37612,3.49136,2,0.0144423,0.0904586,-0.197747
16.9,-9.3656,-9.34182,3.51949,3.52032,2,1.99949,1.05598,1.05736,2.81084,2.81958,1.96275e-15,-0.00355828,0.0147327,0.0144843,0.0904119,0.0912456,-0.197533,-0.196575,0.0290483,0.00887391,-0.00472129,-0.00812839,0.0214641,0.0212205,-9.3656,3.51949,2,0.0147327,0.0904119,-0.197533
16.91,-9.355,-9.33119,3.54758,3.54854,2,1.99945,1.06441,1.06587,2.80766,2.81651,1.96906e-15,-0.00353192,0.0150232,0.0147909,0.0903642,0.0912017,-0.197318,-0.196365,0.0290493,0.0089248,-0.00481704,-0.00846329,0.0216419,0.0214057,-9.355,3.54758,2,0.0150232,0.0903642,-0.197318
16.92,-9.34431,-9.32047,3.57564,3.57673,2,1.9994,1.07284,1.07437,2.80445,2.81342,1.97045e-15,-0.00350443,0.0153137,0.0150982,0.0903155,0.091157,-0.197101,-0.196153,0.0290498,0.00897351,-0.00491289,-0.00880083,0.0218194,0.0215906,-9.34431,3.57564,2,0.0153137,0.0903155,-0.197101
16.93,-9.33354,-9.30967,3.60367,3.60488,2,1.99935,1.08125,1.08286,2.80122,2.81031,1.97474e-15,-0.00347646,0.0156042,0.0154067,0.0902659,0.0911116,-0.196881,-0.19594,0.02905,0.00902054,-0.00500884,-0.00914058,0.0219967,0.021775,-9.33354,3.60367,2,0.0156042,0.0902659,-0.196881
16.94,-9.32269,-9.29878,3.63167,3.633,2,1.99931,1.08965,1.09133,2.79796,2.80717,1.97474e-15,-0.00344691,0.0158947,0.0157158,0.0902154,0.0910657,-0.196661,-0.195724,0.0290499,0.00906529,-0.00510489,-0.00948208,0.0221738,0.0219591,-9.32269,3.63167,2,0.0158947,0.0902154,-0.196661
16.95,-9.31175,-9.28782,3.65963,3.66107,2,1.99926,1.09804,1.0998,2.79468,2.804,1.9712e-15,-0.00341628,0.0161852,0.0160257,0.0901638,0.0910186,-0.196438,-0.195506,0.0290494,0.00910944,-0.00520103,-0.00982707,0.0223507,0.0221427,-9.31175,3.65963,2,0.0161852,0.0901638,-0.196438
16.96,-9.30073,-9.27676,3.68756,3.68911,2,1.99922,1.10642,1.10825,2.79137,2.80081,1.98247e-15,-0.00338444,0.0164757,0.0163366,0.0901113,0.0909711,-0.196214,-0.195287,0.0290486,0.00915071,-0.00529728,-0.0101714,0.0225275,0.022326,-9.30073,3.68756,2,0.0164757,0.0901113,-0.196214
16.97,-9.28962,-9.26563,3.71546,3.71711,2,1.99917,1.1148,1.11669,2.78804,2.7976,1.99905e-15,-0.00335211,0.0167662,0.0166479,0.0900579,0.0909228,-0.195987,-0.195065,0.0290474,0.00919109,-0.00539361,-0.0105209,0.022704,0.0225089,-9.28962,3.71546,2,0.0167662,0.0900579,-0.195987
16.98,-9.27843,-9.25441,3.74332,3.74508,2,1.99912,1.12316,1.12512,2.78468,2.79436,1.99945e-15,-0.00331829,0.0170567,0.0169604,0.0900035,0.0908735,-0.19576,-0.194841,0.0290458,0.00922902,-0.00549004,-0.0108715,0.0228803,0.0226913,-9.27843,3.74332,2,0.0170567,0.0900035,-0.19576
16.99,-9.26716,-9.24311,3.77115,3.77301,2,1.99907,1.13151,1.13354,2.7813,2.79109,2.00008e-15,-0.00328358,0.0173471,0.0172733,0.0899481,0.0908235,-0.19553,-0.194615,0.0290439,0.00926551,-0.00558656,-0.0112238,0.0230564,0.0228733,-9.26716,3.77115,2,0.0173471,0.0899481,-0.19553
17,-9.2558,-9.23173,3.79895,3.8009,2,1.99902,1.13985,1.14194,2.77789,2.7878,1.99909e-15,-0.00324833,0.0176375,0.0175871,0.0898917,0.0907728,-0.195298,-0.194387,0.0290417,0.00929914,-0.00568317,-0.0115773,0.0232323,0.023055,-9.2558,3.79895,2,0.0176375,0.0898917,-0.195298
17.01,-9.24436,-9.22026,3.82671,3.82875,2,1.99898,1.14819,1.15034,2.77446,2.78448,1.99399e-15,-0.00321148,0.0179279,0.0179013,0.0898344,0.0907212,-0.195065,-0.194158,0.0290391,0.00933276,-0.00577987,-0.0119332,0.023408,0.0232362,-9.24436,3.82671,2,0.0179279,0.0898344,-0.195065
17.02,-9.23284,-9.20871,3.85444,3.85657,2,1.99893,1.15651,1.15872,2.771,2.78114,1.99641e-15,-0.00317387,0.0182183,0.0182164,0.0897761,0.0906686,-0.19483,-0.193926,0.0290361,0.00936266,-0.00587667,-0.0122905,0.0235835,0.023417,-9.23284,3.85444,2,0.0182183,0.0897761,-0.19483
17.03,-9.22123,-9.19708,3.88213,3.88434,2,1.99888,1.16482,1.16709,2.76752,2.77777,2.00344e-15,-0.00313546,0.0185087,0.0185323,0.0897169,0.0906154,-0.194594,-0.193692,0.0290328,0.00939047,-0.00597355,-0.01265,0.0237587,0.0235974,-9.22123,3.88213,2,0.0185087,0.0897169,-0.194594
17.04,-9.20954,-9.18537,3.90979,3.91208,2,1.99883,1.17312,1.17544,2.76401,2.77438,1.99486e-15,-0.00309664,0.018799,0.0188486,0.0896567,0.0905611,-0.194355,-0.193455,0.0290291,0.00941675,-0.00607051,-0.0130103,0.0239338,0.0237774,-9.20954,3.90979,2,0.018799,0.0896567,-0.194355
17.05,-9.19777,-9.17358,3.93741,3.93977,2,1.99878,1.18141,1.18378,2.76048,2.77096,1.9783e-15,-0.00305571,0.0190892,0.0191652,0.0895955,0.0905057,-0.194115,-0.193217,0.029025,0.00944168,-0.00616756,-0.0133735,0.0241086,0.0239569,-9.19777,3.93741,2,0.0190892,0.0895955,-0.194115
17.06,-9.18591,-9.1617,3.965,3.96743,2,1.99873,1.18969,1.19212,2.75692,2.76752,1.9783e-15,-0.00301492,0.0193795,0.0194829,0.0895333,0.0904498,-0.193873,-0.192977,0.0290206,0.00946375,-0.0062647,-0.0137377,0.0242832,0.024136,-9.18591,3.965,2,0.0193795,0.0895333,-0.193873
17.07,-9.17397,-9.14973,3.99255,3.99505,2,1.99868,1.19796,1.20044,2.75334,2.76405,1.97687e-15,-0.0029729,0.0196697,0.0198005,0.0894702,0.0903927,-0.193629,-0.192734,0.0290158,0.00948495,-0.00636192,-0.014103,0.0244576,0.0243147,-9.17397,3.99255,2,0.0196697,0.0894702,-0.193629
17.08,-9.16195,-9.13769,4.02006,4.02263,2,1.99863,1.20621,1.20874,2.74973,2.76056,1.98028e-15,-0.00293013,0.0199598,0.0201195,0.0894061,0.0903348,-0.193384,-0.192489,0.0290106,0.00950207,-0.00645922,-0.0144707,0.0246318,0.024493,-9.16195,4.02006,2,0.0199598,0.0894061,-0.193384
17.09,-9.14985,-9.12557,4.04754,4.05017,2,1.99858,1.21446,1.21704,2.7461,2.75704,1.99102e-15,-0.00288616,0.0202499,0.0204383,0.089341,0.0902759,-0.193137,-0.192243,0.0290051,0.00951845,-0.0065566,-0.0148392,0.0248058,0.0246708,-9.14985,4.04754,2,0.0202499,0.089341,-0.193137
17.1,-9.13766,-9.11336,4.07498,4.07767,2,1.99853,1.2227,1.22532,2.74244,2.7535,1.98415e-15,-0.00284187,0.0205399,0.0207578,0.0892749,0.090216,-0.192888,-0.191994,0.0289993,0.00953227,-0.00665406,-0.0152092,0.0249795,0.0248483,-9.13766,4.07498,2,0.0205399,0.0892749,-0.192888
17.11,-9.1254,-9.10107,4.10239,4.10513,2,1.99849,1.23092,1.23359,2.73876,2.74993,1.96187e-15,-0.00279708,0.0208299,0.0210777,0.0892079,0.0901553,-0.192637,-0.191742,0.028993,0.00954546,-0.0067516,-0.015581,0.025153,0.0250253,-9.1254,4.10239,2,0.0208299,0.0892079,-0.192637
17.12,-9.11305,-9.08871,4.12976,4.13255,2,1.99844,1.23914,1.24185,2.73506,2.74634,1.96712e-15,-0.00275064,0.0211198,0.0213977,0.0891399,0.0900934,-0.192385,-0.191489,0.0289864,0.009555,-0.00684922,-0.0159538,0.0253263,0.0252018,-9.11305,4.12976,2,0.0211198,0.0891399,-0.192385
17.13,-9.10061,-9.07625,4.15709,4.15992,2,1.99839,1.24734,1.25009,2.73133,2.74273,1.979e-15,-0.00270399,0.0214096,0.0217182,0.0890709,0.0900304,-0.19213,-0.191233,0.0289794,0.00956321,-0.00694691,-0.0163266,0.0254994,0.0253779,-9.10061,4.15709,2,0.0214096,0.0890709,-0.19213
17.14,-9.0881,-9.06372,4.18439,4.18726,2,1.99834,1.25553,1.25832,2.72757,2.73909,1.97042e-15,-0.00265667,0.0216993,0.0220389,0.089001,0.0899664,-0.191875,-0.190975,0.0289721,0.00956929,-0.00704468,-0.0167011,0.0256722,0.0255536,-9.0881,4.18439,2,0.0216993,0.089001,-0.191875
17.15,-9.0755,-9.05111,4.21164,4.21456,2,1.99829,1.26371,1.26654,2.72379,2.73542,1.95257e-15,-0.00260852,0.021989,0.0223601,0.08893,0.0899016,-0.191617,-0.190715,0.0289644,0.00957283,-0.00714252,-0.0170771,0.0258448,0.0257289,-9.0755,4.21164,2,0.021989,0.08893,-0.191617
17.16,-9.06283,-9.03841,4.23886,4.24182,2,1.99824,1.27188,1.27475,2.71999,2.73173,1.93544e-15,-0.00256009,0.0222786,0.0226813,0.0888581,0.0898355,-0.191358,-0.190452,0.0289563,0.0095755,-0.00724043,-0.0174538,0.0260171,0.0259037,-9.06283,4.23886,2,0.0222786,0.0888581,-0.191358
17.17,-9.05007,-9.02563,4.26604,4.26903,2,1.9982,1.28004,1.28294,2.71616,2.72802,1.92311e-15,-0.0025108,0.0225681,0.0230028,0.0887852,0.0897685,-0.191097,-0.190187,0.0289478,0.0095751,-0.00733842,-0.017831,0.0261893,0.0260781,-9.05007,4.26604,2,0.0225681,0.0887852,-0.191097
17.18,-9.03722,-9.01278,4.29318,4.29621,2,1.99815,1.28818,1.29112,2.7123,2.72428,1.93582e-15,-0.00246057,0.0228576,0.0233245,0.0887114,0.0897004,-0.190834,-0.18992,0.028939,0.00957294,-0.00743647,-0.0182097,0.0263611,0.026252,-9.03722,4.29318,2,0.0228576,0.0887114,-0.190834
17.19,-9.0243,-8.99984,4.32029,4.32334,2,1.9981,1.29632,1.29929,2.70843,2.72052,1.97474e-15,-0.00241077,0.0231469,0.0236464,0.0886365,0.0896313,-0.190569,-0.189651,0.0289298,0.0095694,-0.00753459,-0.0185885,0.0265328,0.0264255,-9.0243,4.32029,2,0.0231469,0.0886365,-0.190569
17.2,-9.0113,-8.98682,4.34735,4.35044,2,1.99806,1.30444,1.30745,2.70452,2.71673,1.96235e-15,-0.00235949,0.0234362,0.0239681,0.0885607,0.089561,-0.190303,-0.189379,0.0289202,0.00956344,-0.00763278,-0.0189687,0.0267042,0.0265986,-9.0113,4.34735,2,0.0234362,0.0885607,-0.190303
17.21,-8.99821,-8.97373,4.37438,4.37748,2,1.99801,1.31255,1.31559,2.7006,2.71292,1.93585e-15,-0.00230813,0.0237253,0.02429,0.0884838,0.0894895,-0.190035,-0.189105,0.0289103,0.00955552,-0.00773103,-0.0193494,0.0268754,0.0267712,-8.99821,4.37438,2,0.0237253,0.0884838,-0.190035
17.22,-8.98505,-8.96055,4.40137,4.40449,2,1.99797,1.32065,1.32372,2.69665,2.70909,1.93827e-15,-0.0022562,0.0240144,0.0246119,0.088406,0.089417,-0.189766,-0.188828,0.0288999,0.00954557,-0.00782935,-0.0197309,0.0270463,0.0269434,-8.98505,4.40137,2,0.0240144,0.088406,-0.189766
17.23,-8.9718,-8.94729,4.42831,4.43146,2,1.99792,1.32874,1.33184,2.69267,2.70523,1.94313e-15,-0.002204,0.0243033,0.0249337,0.0883273,0.0893436,-0.189494,-0.188549,0.0288892,0.0095349,-0.00792773,-0.0201122,0.027217,0.0271152,-8.9718,4.42831,2,0.0243033,0.0883273,-0.189494
17.24,-8.95847,-8.93395,4.45522,4.45839,2,1.99788,1.33681,1.33995,2.68867,2.70135,1.91972e-15,-0.00215074,0.0245922,0.0252555,0.0882475,0.0892688,-0.189221,-0.188268,0.0288782,0.00952189,-0.00802618,-0.0204947,0.0273874,0.0272865,-8.95847,4.45522,2,0.0245922,0.0882475,-0.189221
17.25,-8.94506,-8.92053,4.48209,4.48527,2,1.99783,1.34487,1.34804,2.68465,2.69744,1.90156e-15,-0.00209832,0.0248809,0.0255771,0.0881667,0.0891931,-0.188947,-0.187984,0.0288667,0.00950724,-0.00812468,-0.0208763,0.0275576,0.0274573,-8.94506,4.48209,2,0.0248809,0.0881667,-0.188947
17.26,-8.93157,-8.90703,4.50891,4.51212,2,1.99779,1.35292,1.35612,2.6806,2.69351,1.89815e-15,-0.00204496,0.0251695,0.0258986,0.088085,0.0891163,-0.18867,-0.187698,0.0288549,0.0094909,-0.00822324,-0.0212599,0.0277276,0.0276278,-8.93157,4.50891,2,0.0251695,0.088085,-0.18867
17.27,-8.918,-8.89345,4.5357,4.53892,2,1.99775,1.36096,1.36419,2.67653,2.68955,1.88795e-15,-0.00199147,0.025458,0.0262198,0.0880023,0.0890381,-0.188392,-0.187409,0.0288427,0.0094729,-0.00832186,-0.0216424,0.0278973,0.0277978,-8.918,4.5357,2,0.025458,0.0880023,-0.188392
17.28,-8.90436,-8.87979,4.56244,4.56568,2,1.99771,1.36899,1.37224,2.67243,2.68557,1.89168e-15,-0.00193755,0.0257463,0.0265409,0.0879186,0.0889592,-0.188112,-0.187118,0.0288301,0.00945319,-0.00842054,-0.0220254,0.0280667,0.0279673,-8.90436,4.56244,2,0.0257463,0.0879186,-0.188112
17.29,-8.89062,-8.86605,4.58915,4.5924,2,1.99767,1.377,1.38028,2.66831,2.68157,1.89602e-15,-0.00188355,0.0260346,0.0268616,0.0878339,0.088879,-0.187831,-0.186824,0.0288172,0.00943262,-0.00851927,-0.0224087,0.0282359,0.0281365,-8.89062,4.58915,2,0.0260346,0.0878339,-0.187831
17.3,-8.87682,-8.85223,4.61581,4.61907,2,1.99763,1.38501,1.38831,2.66416,2.67755,1.90114e-15,-0.00182913,0.0263227,0.0271816,0.0877482,0.0887977,-0.187548,-0.186528,0.0288038,0.00941053,-0.00861805,-0.0227912,0.0284048,0.0283051,-8.87682,4.61581,2,0.0263227,0.0877482,-0.187548
17.31,-8.86293,-8.83834,4.64243,4.6457,2,1.9976,1.393,1.39633,2.66,2.67349,1.90348e-15,-0.00177479,0.0266107,0.0275021,0.0876615,0.0887152,-0.187263,-0.18623,0.0287901,0.00938719,-0.00871688,-0.0231744,0.0285735,0.0284734,-8.86293,4.64243,2,0.0266107,0.0876615,-0.187263
17.32,-8.84896,-8.82435,4.66901,4.67229,2,1.99756,1.40097,1.40433,2.6558,2.66942,1.89219e-15,-0.00172037,0.0268985,0.0278216,0.0875738,0.0886317,-0.186976,-0.185929,0.028776,0.00936244,-0.00881577,-0.0235573,0.028742,0.0286411,-8.84896,4.66901,2,0.0268985,0.0875738,-0.186976
17.33,-8.83491,-8.8103,4.69554,4.69884,2,1.99753,1.40894,1.41232,2.65159,2.66532,1.90754e-15,-0.00166579,0.0271862,0.0281408,0.0874852,0.0885471,-0.186688,-0.185625,0.0287615,0.00933662,-0.0089147,-0.0239397,0.0289101,0.0288085,-8.83491,4.69554,2,0.0271862,0.0874852,-0.186688
17.34,-8.82078,-8.79616,4.72204,4.72535,2,1.99749,1.41689,1.4203,2.64735,2.6612,1.91471e-15,-0.00161161,0.0274737,0.0284594,0.0873955,0.0884615,-0.186398,-0.185319,0.0287467,0.00930989,-0.00901369,-0.0243224,0.029078,0.0289755,-8.82078,4.72204,2,0.0274737,0.0873955,-0.186398
17.35,-8.80657,-8.78195,4.74849,4.75181,2,1.99746,1.42483,1.42827,2.64308,2.65705,1.90621e-15,-0.00155744,0.0277611,0.0287778,0.0873049,0.0883746,-0.186106,-0.185011,0.0287315,0.00928228,-0.00911271,-0.0247043,0.0292457,0.029142,-8.80657,4.74849,2,0.0277611,0.0873049,-0.186106
17.36,-8.79228,-8.76765,4.7749,4.77823,2,1.99743,1.43275,1.43622,2.6388,2.65288,1.91751e-15,-0.00150296,0.0280483,0.0290954,0.0872133,0.0882868,-0.185813,-0.184699,0.0287158,0.0092525,-0.00921179,-0.025085,0.029413,0.029308,-8.79228,4.7749,2,0.0280483,0.0872133,-0.185813
17.37,-8.77791,-8.75328,4.80127,4.80461,2,1.9974,1.44066,1.44416,2.63448,2.64869,1.91203e-15,-0.0014489,0.0283354,0.0294124,0.0871207,0.0881979,-0.185518,-0.184386,0.0286998,0.00922422,-0.0093109,-0.0254664,0.0295801,0.0294737,-8.77791,4.80127,2,0.0283354,0.0871207,-0.185518
17.38,-8.76347,-8.73883,4.82759,4.83094,2,1.99737,1.44856,1.45208,2.63015,2.64447,1.91406e-15,-0.00139482,0.0286223,0.0297287,0.0870271,0.0881079,-0.185221,-0.18407,0.0286835,0.00919328,-0.00941006,-0.0258462,0.029747,0.0296389,-8.76347,4.82759,2,0.0286223,0.0870271,-0.185221
17.39,-8.74894,-8.7243,4.85387,4.85724,2,1.99735,1.45645,1.46,2.62579,2.64023,1.92638e-15,-0.00134149,0.0289091,0.0300446,0.0869325,0.0880171,-0.184923,-0.183751,0.0286667,0.00916216,-0.00950926,-0.0262257,0.0299136,0.0298037,-8.74894,4.85387,2,0.0289091,0.0869325,-0.184923
17.4,-8.73434,-8.70969,4.88011,4.88348,2,1.99732,1.46432,1.4679,2.62141,2.63596,1.9418e-15,-0.00128764,0.0291957,0.0303596,0.0868369,0.0879251,-0.184623,-0.18343,0.0286495,0.0091314,-0.00960849,-0.026605,0.0300799,0.029968,-8.73434,4.88011,2,0.0291957,0.0868369,-0.184623
17.41,-8.71966,-8.695,4.9063,4.90969,2,1.9973,1.47219,1.47578,2.617,2.63167,1.95008e-15,-0.00123553,0.0294821,0.0306741,0.0867403,0.0878323,-0.184322,-0.183106,0.028632,0.00909869,-0.00970776,-0.0269825,0.0302459,0.0301319,-8.71966,4.9063,2,0.0294821,0.0867403,-0.184322
17.42,-8.70489,-8.68024,4.93245,4.93586,2,1.99727,1.48003,1.48366,2.61257,2.62736,1.94564e-15,-0.00118276,0.0297683,0.0309878,0.0866427,0.0877383,-0.184018,-0.18278,0.0286141,0.0090663,-0.00980707,-0.0273601,0.0304117,0.0302954,-8.70489,4.93245,2,0.0297683,0.0866427,-0.184018
17.43,-8.69005,-8.66539,4.95855,4.96198,2,1.99725,1.48787,1.49152,2.60812,2.62302,1.93055e-15,-0.00113103,0.0300544,0.0313005,0.0865442,0.0876433,-0.183713,-0.182451,0.0285958,0.00903358,-0.00990641,-0.0277354,0.0305772,0.0304585,-8.69005,4.95855,2,0.0300544,0.0865442,-0.183713
17.44,-8.67514,-8.65047,4.98461,4.98806,2,1.99723,1.49569,1.49937,2.60364,2.61866,1.93069e-15,-0.00107971,0.0303402,0.0316126,0.0864446,0.0875476,-0.183407,-0.18212,0.0285771,0.00900158,-0.0100058,-0.0281099,0.0307424,0.0306212,-8.67514,4.98461,2,0.0303402,0.0864446,-0.183407
17.45,-8.66014,-8.63547,5.01062,5.01409,2,1.99722,1.50349,1.50721,2.59914,2.61428,1.93351e-15,-0.00102851,0.0306259,0.0319238,0.086344,0.0874507,-0.183098,-0.181786,0.028558,0.00896815,-0.0101052,-0.0284833,0.0309073,0.0307835,-8.66014,5.01062,2,0.0306259,0.086344,-0.183098
17.46,-8.64507,-8.6204,5.03659,5.04008,2,1.9972,1.51129,1.51503,2.59461,2.60987,1.9197e-15,-0.00097847,0.0309114,0.0322337,0.0862425,0.0873532,-0.182789,-0.18145,0.0285385,0.00893632,-0.0102046,-0.028855,0.031072,0.0309453,-8.64507,5.03659,2,0.0309114,0.0862425,-0.182789
17.47,-8.62992,-8.60524,5.06251,5.06603,2,1.99718,1.51907,1.52284,2.59007,2.60544,1.91586e-15,-0.0009287,0.0311967,0.0325433,0.0861399,0.0872547,-0.182477,-0.181111,0.0285187,0.00890356,-0.0103041,-0.0292261,0.0312364,0.0311067,-8.62992,5.06251,2,0.0311967,0.0861399,-0.182477
17.48,-8.61469,-8.59002,5.08839,5.09193,2,1.99717,1.52683,1.53063,2.5855,2.60098,1.91855e-15,-0.000879943,0.0314818,0.0328519,0.0860364,0.0871555,-0.182164,-0.18077,0.0284984,0.00887162,-0.0104036,-0.0295956,0.0314005,0.0312678,-8.61469,5.08839,2,0.0314818,0.0860364,-0.182164
17.49,-8.59938,-8.57471,5.11422,5.11779,2,1.99716,1.53459,1.53842,2.5809,2.5965,1.91588e-15,-0.000832796,0.0317666,0.0331595,0.0859319,0.0870554,-0.181849,-0.180426,0.0284778,0.00884014,-0.0105031,-0.0299648,0.0315643,0.0314284,-8.59938,5.11422,2,0.0317666,0.0859319,-0.181849
17.5,-8.58399,-8.55932,5.14001,5.14361,2,1.99715,1.54232,1.54618,2.57629,2.592,1.90458e-15,-0.000785619,0.0320513,0.0334662,0.0858264,0.0869543,-0.181533,-0.18008,0.0284568,0.00880899,-0.0106026,-0.0303311,0.0317278,0.0315886,-8.58399,5.14001,2,0.0320513,0.0858264,-0.181533
17.51,-8.56853,-8.54385,5.16575,5.16938,2,1.99714,1.55005,1.55394,2.57164,2.58747,1.91786e-15,-0.000740036,0.0323358,0.0337719,0.0857198,0.0868526,-0.181214,-0.179731,0.0284354,0.00877834,-0.0107022,-0.0306951,0.0318911,0.0317485,-8.56853,5.16575,2,0.0323358,0.0857198,-0.181214
17.52,-8.55299,-8.52832,5.19144,5.19511,2,1.99713,1.55776,1.56168,2.56698,2.58292,1.90888e-15,-0.000695169,0.03262,0.0340764,0.0856123,0.0867503,-0.180895,-0.17938,0.0284136,0.00874911,-0.0108017,-0.0310579,0.032054,0.0319079,-8.55299,5.19144,2,0.03262,0.0856123,-0.180895
17.53,-8.53738,-8.5127,5.21709,5.22079,2,1.99713,1.56546,1.56941,2.56229,2.57834,1.89449e-15,-0.000651583,0.032904,0.0343803,0.0855038,0.0866473,-0.180573,-0.179027,0.0283914,0.00871957,-0.0109013,-0.0314194,0.0322167,0.032067,-8.53738,5.21709,2,0.032904,0.0855038,-0.180573
17.54,-8.52168,-8.49701,5.24269,5.24643,2,1.99713,1.57314,1.57713,2.55758,2.57374,1.88592e-15,-0.000608891,0.0331878,0.0346829,0.0853943,0.0865433,-0.18025,-0.178671,0.0283688,0.00869227,-0.0110009,-0.0317786,0.0323791,0.0322257,-8.52168,5.24269,2,0.0331878,0.0853943,-0.18025
17.55,-8.50591,-8.48124,5.26824,5.27202,2,1.99712,1.58081,1.58483,2.55285,2.56912,1.86936e-15,-0.000567779,0.0334714,0.0349845,0.0852838,0.0864391,-0.179926,-0.178313,0.0283459,0.00866568,-0.0111006,-0.0321363,0.0325412,0.032384,-8.50591,5.26824,2,0.0334714,0.0852838,-0.179926
17.56,-8.49007,-8.46539,5.29375,5.29757,2,1.99712,1.58846,1.59252,2.5481,2.56448,1.86936e-15,-0.000527531,0.0337548,0.035285,0.0851723,0.0863339,-0.1796,-0.177953,0.0283225,0.00863932,-0.0112002,-0.0324915,0.032703,0.0325419,-8.49007,5.29375,2,0.0337548,0.0851723,-0.1796
17.57,-8.47415,-8.44947,5.3192,5.32308,2,1.99712,1.5961,1.60019,2.54332,2.55981,1.87223e-15,-0.000488997,0.0340379,0.0355847,0.0850598,0.0862285,-0.179272,-0.17759,0.0282988,0.00861599,-0.0112998,-0.0328449,0.0328645,0.0326995,-8.47415,5.3192,2,0.0340379,0.0850598,-0.179272
17.58,-8.45815,-8.43347,5.34461,5.34854,2,1.99713,1.60373,1.60786,2.53852,2.55511,1.88739e-15,-0.000451922,0.0343207,0.0358833,0.0849463,0.0861225,-0.178942,-0.177225,0.0282746,0.00859237,-0.0113995,-0.0331953,0.0330257,0.0328567,-8.45815,5.34461,2,0.0343207,0.0849463,-0.178942
17.59,-8.44207,-8.4174,5.36997,5.37395,2,1.99713,1.61134,1.6155,2.53369,2.55039,1.88603e-15,-0.000416651,0.0346034,0.036181,0.0848318,0.0860159,-0.178611,-0.176859,0.0282501,0.00857132,-0.0114992,-0.0335441,0.0331866,0.0330135,-8.44207,5.36997,2,0.0346034,0.0848318,-0.178611
17.6,-8.42592,-8.40125,5.39529,5.39932,2,1.99713,1.61894,1.62314,2.52884,2.54565,1.88944e-15,-0.000382453,0.0348857,0.0364771,0.0847163,0.0859089,-0.178279,-0.176489,0.0282252,0.00855205,-0.0115988,-0.0338918,0.0333472,0.03317,-8.42592,5.39529,2,0.0348857,0.0847163,-0.178279
17.61,-8.40969,-8.38502,5.42055,5.42464,2,1.99714,1.62652,1.63076,2.52397,2.54088,1.8954e-15,-0.000350118,0.0351679,0.0367727,0.0845998,0.0858012,-0.177944,-0.176118,0.0281998,0.00853319,-0.0116985,-0.0342349,0.0335075,0.0333262,-8.40969,5.42055,2,0.0351679,0.0845998,-0.177944
17.62,-8.39339,-8.36872,5.44577,5.44992,2,1.99715,1.63408,1.63836,2.51908,2.53609,1.90869e-15,-0.0003196,0.0354497,0.0370672,0.0844823,0.0856933,-0.177608,-0.175745,0.0281741,0.00851697,-0.0117982,-0.0345762,0.0336675,0.033482,-8.39339,5.44577,2,0.0354497,0.0844823,-0.177608
17.63,-8.37701,-8.35234,5.47093,5.47514,2,1.99716,1.64164,1.64596,2.51416,2.53128,1.93697e-15,-0.000290886,0.0357313,0.0373604,0.0843638,0.0855852,-0.177271,-0.175369,0.028148,0.00850327,-0.0118978,-0.0349154,0.0338272,0.0336375,-8.37701,5.47093,2,0.0357313,0.0843638,-0.177271
17.64,-8.36056,-8.33589,5.49605,5.50033,2,1.99717,1.64917,1.65353,2.50923,2.52644,1.93527e-15,-0.000263825,0.0360127,0.0376527,0.0842444,0.0854767,-0.176932,-0.174992,0.0281215,0.00849155,-0.0119975,-0.0352521,0.0339866,0.0337927,-8.36056,5.49605,2,0.0360127,0.0842444,-0.176932
17.65,-8.34403,-8.31936,5.52112,5.52547,2,1.99718,1.6567,1.6611,2.50426,2.52157,1.94377e-15,-0.000238568,0.0362938,0.0379441,0.0841239,0.0853677,-0.176591,-0.174613,0.0280946,0.00848144,-0.0120972,-0.035586,0.0341457,0.0339475,-8.34403,5.52112,2,0.0362938,0.0841239,-0.176591
17.66,-8.32742,-8.30276,5.54613,5.55056,2,1.99719,1.66421,1.66865,2.49928,2.51669,1.94891e-15,-0.000215769,0.0365746,0.0382343,0.0840024,0.0852588,-0.176249,-0.174231,0.0280673,0.00847428,-0.0121968,-0.0359175,0.0343045,0.0341021,-8.32742,5.54613,2,0.0365746,0.0840024,-0.176249
17.67,-8.31074,-8.28608,5.5711,5.5756,2,1.9972,1.6717,1.67618,2.49428,2.51177,1.92466e-15,-0.000194579,0.0368551,0.0385238,0.0838799,0.0851495,-0.175905,-0.173848,0.0280397,0.00846874,-0.0122965,-0.036245,0.0344629,0.0342564,-8.31074,5.5711,2,0.0368551,0.0838799,-0.175905
17.68,-8.29399,-8.26933,5.59602,5.6006,2,1.99722,1.67918,1.6837,2.48925,2.50684,1.92848e-15,-0.000175521,0.0371354,0.0388123,0.0837565,0.08504,-0.17556,-0.173463,0.0280116,0.00846544,-0.0123961,-0.03657,0.0346211,0.0344103,-8.29399,5.59602,2,0.0371354,0.0837565,-0.17556
17.69,-8.27716,-8.2525,5.62089,5.62555,2,1.99723,1.68664,1.69121,2.4842,2.50188,1.93148e-15,-0.000158727,0.0374153,0.0391,0.083632,0.0849304,-0.175213,-0.173077,0.0279831,0.00846536,-0.0124958,-0.036893,0.0347789,0.034564,-8.27716,5.62089,2,0.0374153,0.083632,-0.175213
17.7,-8.26026,-8.2356,5.6457,5.65045,2,1.99725,1.69409,1.6987,2.47912,2.49689,1.92831e-15,-0.000144109,0.037695,0.0393865,0.0835066,0.0848207,-0.174864,-0.172688,0.0279542,0.0084669,-0.0125954,-0.0372122,0.0349365,0.0347174,-8.26026,5.6457,2,0.037695,0.0835066,-0.174864
17.71,-8.24328,-8.21863,5.67047,5.67529,2,1.99726,1.70152,1.70618,2.47403,2.49189,1.95154e-15,-0.000131965,0.0379744,0.0396717,0.0833801,0.0847107,-0.174514,-0.172298,0.027925,0.00847161,-0.012695,-0.0375296,0.0350937,0.0348706,-8.24328,5.67047,2,0.0379744,0.0833801,-0.174514
17.72,-8.22623,-8.20158,5.69518,5.7001,2,1.99728,1.70894,1.71364,2.46891,2.48685,1.93782e-15,-0.00012137,0.0382535,0.0399566,0.0832527,0.0846008,-0.174162,-0.171907,0.0278953,0.00847977,-0.0127946,-0.0378429,0.0352506,0.0350235,-8.22623,5.69518,2,0.0382535,0.0832527,-0.174162
17.73,-8.2091,-8.18445,5.71985,5.72486,2,1.9973,1.71634,1.72109,2.46377,2.48179,1.94031e-15,-0.000113472,0.0385323,0.0402405,0.0831242,0.0844907,-0.173809,-0.171514,0.0278652,0.00848953,-0.0128942,-0.0381531,0.0354072,0.0351762,-8.2091,5.71985,2,0.0385323,0.0831242,-0.173809
17.74,-8.1919,-8.16725,5.74446,5.74956,2,1.99732,1.72372,1.72852,2.45861,2.47671,1.93173e-15,-0.000108495,0.0388108,0.0405237,0.0829948,0.0843809,-0.173454,-0.171119,0.0278348,0.008503,-0.0129937,-0.0384605,0.0355635,0.0353286,-8.1919,5.74446,2,0.0388108,0.0829948,-0.173454
17.75,-8.17462,-8.14998,5.76902,5.77422,2,1.99733,1.73109,1.73594,2.45342,2.4716,1.9166e-15,-0.000105694,0.039089,0.0408059,0.0828644,0.0842707,-0.173098,-0.170723,0.0278039,0.00851933,-0.0130933,-0.0387638,0.0357194,0.0354808,-8.17462,5.76902,2,0.039089,0.0828644,-0.173098
17.76,-8.15728,-8.13264,5.79353,5.79883,2,1.99735,1.73845,1.74335,2.44822,2.46647,1.91319e-15,-0.000105292,0.0393669,0.0410873,0.0827329,0.0841608,-0.17274,-0.170326,0.0277727,0.00853756,-0.0131928,-0.0390646,0.0358751,0.0356328,-8.15728,5.79353,2,0.0393669,0.0827329,-0.17274
17.77,-8.13986,-8.11522,5.81798,5.82339,2,1.99737,1.74579,1.75073,2.44299,2.46132,1.90235e-15,-0.000107214,0.0396445,0.0413681,0.0826005,0.0840509,-0.17238,-0.169927,0.027741,0.00856006,-0.0132923,-0.0393622,0.0360304,0.0357846,-8.13986,5.81798,2,0.0396445,0.0826005,-0.17238
17.78,-8.12236,-8.09772,5.84239,5.8479,2,1.99739,1.75311,1.75811,2.43774,2.45613,1.90851e-15,-0.000111431,0.0399217,0.0416479,0.0824671,0.083941,-0.172019,-0.169528,0.0277089,0.00858498,-0.0133917,-0.039657,0.0361854,0.0359362,-8.12236,5.84239,2,0.0399217,0.0824671,-0.172019
17.79,-8.10479,-8.08015,5.86674,5.87235,2,1.99741,1.76042,1.76547,2.43246,2.45093,1.91932e-15,-0.000118449,0.0401987,0.0419274,0.0823327,0.0838312,-0.171656,-0.169127,0.0276765,0.0086123,-0.0134912,-0.0399485,0.03634,0.0360877,-8.10479,5.86674,2,0.0401987,0.0823327,-0.171656
17.8,-8.08715,-8.06251,5.89104,5.89676,2,1.99743,1.76771,1.77281,2.42717,2.4457,1.92305e-15,-0.000128567,0.0404753,0.0422061,0.0821973,0.0837215,-0.171292,-0.168725,0.0276436,0.00864406,-0.0135906,-0.0402347,0.0364943,0.0362389,-8.08715,5.89104,2,0.0404753,0.0821973,-0.171292
17.81,-8.06944,-8.0448,5.91528,5.92112,2,1.99745,1.77499,1.78014,2.42185,2.44044,1.93237e-15,-0.000140458,0.0407515,0.0424841,0.0820609,0.083612,-0.170927,-0.168322,0.0276104,0.00867807,-0.0136899,-0.0405178,0.0366483,0.0363901,-8.06944,5.91528,2,0.0407515,0.0820609,-0.170927
17.82,-8.05165,-8.02701,5.93947,5.94542,2,1.99746,1.78225,1.78745,2.41651,2.43516,1.92281e-15,-0.000155181,0.0410275,0.0427617,0.0819235,0.0835024,-0.170559,-0.167918,0.0275767,0.00871519,-0.0137893,-0.0407993,0.036802,0.036541,-8.05165,5.93947,2,0.0410275,0.0819235,-0.170559
17.83,-8.03379,-8.00915,5.96361,5.96968,2,1.99748,1.78949,1.79474,2.41115,2.42986,1.90179e-15,-0.000172049,0.0413031,0.0430388,0.0817851,0.0833929,-0.170191,-0.167513,0.0275427,0.00875567,-0.0138886,-0.0410767,0.0369553,0.0366919,-8.03379,5.96361,2,0.0413031,0.0817851,-0.170191
17.84,-8.01586,-7.99122,5.9877,5.99388,2,1.9975,1.79672,1.80203,2.40577,2.42453,1.90179e-15,-0.000191718,0.0415783,0.0433152,0.0816457,0.0832837,-0.16982,-0.167107,0.0275082,0.00879868,-0.0139878,-0.0413492,0.0371084,0.0368426,-8.01586,5.9877,2,0.0415783,0.0816457,-0.16982
17.85,-7.99786,-7.97321,6.01173,6.01803,2,1.99751,1.80393,1.80929,2.40037,2.41917,1.90461e-15,-0.000214517,0.0418532,0.0435912,0.0815053,0.0831745,-0.169448,-0.1667,0.0274734,0.00884515,-0.014087,-0.0416196,0.037261,0.0369933,-7.99786,6.01173,2,0.0418532,0.0815053,-0.169448
17.86,-7.97978,-7.95513,6.0357,6.04214,2,1.99753,1.81113,1.81654,2.39494,2.41379,1.91906e-15,-0.000239119,0.0421278,0.0438667,0.0813639,0.0830653,-0.169075,-0.166293,0.0274381,0.00889481,-0.0141862,-0.0418863,0.0374134,0.0371439,-7.97978,6.0357,2,0.0421278,0.0813639,-0.169075
17.87,-7.96164,-7.93697,6.05963,6.06618,2,1.99754,1.81831,1.82378,2.3895,2.40838,1.92591e-15,-0.000266567,0.042402,0.0441417,0.0812216,0.0829563,-0.1687,-0.165885,0.0274025,0.00894801,-0.0142854,-0.042149,0.0375654,0.0372944,-7.96164,6.05963,2,0.042402,0.0812216,-0.1687
17.88,-7.94342,-7.91875,6.08349,6.09017,2,1.99756,1.82547,1.83099,2.38403,2.40295,1.93062e-15,-0.00029625,0.0426758,0.0444167,0.0810782,0.0828474,-0.168324,-0.165476,0.0273664,0.0090034,-0.0143844,-0.0424076,0.037717,0.0374447,-7.94342,6.08349,2,0.0426758,0.0810782,-0.168324
17.89,-7.92513,-7.90045,6.10731,6.11411,2,1.99757,1.83262,1.83819,2.37854,2.3975,1.95561e-15,-0.00032866,0.0429493,0.0446912,0.0809339,0.0827384,-0.167946,-0.165067,0.0273299,0.00906164,-0.0144835,-0.0426631,0.0378683,0.0375951,-7.92513,6.10731,2,0.0429493,0.0809339,-0.167946
17.9,-7.90677,-7.88207,6.13106,6.138,2,1.99758,1.83975,1.84538,2.37303,2.39201,1.95179e-15,-0.000362977,0.0432224,0.0449651,0.0807886,0.0826295,-0.167566,-0.164658,0.0272931,0.0091233,-0.0145825,-0.0429157,0.0380193,0.0377455,-7.90677,6.13106,2,0.0432224,0.0807886,-0.167566
17.91,-7.88833,-7.86363,6.15477,6.16184,2,1.99759,1.84686,1.85255,2.3675,2.38651,1.94174e-15,-0.000400215,0.0434952,0.0452393,0.0806422,0.0825206,-0.167185,-0.164248,0.0272558,0.00918736,-0.0146814,-0.0431643,0.03817,0.0378958,-7.88833,6.15477,2,0.0434952,0.0806422,-0.167185
17.92,-7.86983,-7.84511,6.17841,6.18562,2,1.9976,1.85395,1.8597,2.36194,2.38097,1.94344e-15,-0.000439286,0.0437675,0.0455129,0.0804949,0.0824117,-0.166803,-0.163837,0.0272181,0.00925409,-0.0147803,-0.0434086,0.0383203,0.038046,-7.86983,6.17841,2,0.0437675,0.0804949,-0.166803
17.93,-7.85125,-7.82652,6.20201,6.20934,2,1.99761,1.86103,1.86684,2.35637,2.37541,1.93693e-15,-0.000480399,0.0440395,0.0457864,0.0803466,0.0823028,-0.166419,-0.163426,0.02718,0.00932388,-0.0148791,-0.0436499,0.0384702,0.0381963,-7.85125,6.20201,2,0.0440395,0.0803466,-0.166419
17.94,-7.83261,-7.80785,6.22554,6.23302,2,1.99762,1.8681,1.87396,2.35077,2.36983,1.94317e-15,-0.000524163,0.0443111,0.0460599,0.0801974,0.0821937,-0.166034,-0.163015,0.0271416,0.00939558,-0.0149779,-0.0438873,0.0386198,0.0383466,-7.83261,6.22554,2,0.0443111,0.0801974,-0.166034
17.95,-7.81389,-7.78912,6.24902,6.25664,2,1.99762,1.87514,1.88107,2.34515,2.36422,1.95209e-15,-0.000569433,0.0445824,0.0463329,0.0800471,0.0820845,-0.165647,-0.162604,0.0271027,0.00947131,-0.0150766,-0.0441216,0.0387691,0.0384969,-7.81389,6.24902,2,0.0445824,0.0800471,-0.165647
17.96,-7.79511,-7.77031,6.27244,6.2802,2,1.99763,1.88217,1.88815,2.33952,2.35858,1.94864e-15,-0.000617355,0.0448532,0.0466061,0.0798958,0.0819751,-0.165258,-0.162192,0.0270634,0.00954862,-0.0151752,-0.0443514,0.038918,0.0386472,-7.79511,6.27244,2,0.0448532,0.0798958,-0.165258
17.97,-7.77625,-7.75142,6.29581,6.3037,2,1.99763,1.88919,1.89523,2.33386,2.35292,1.98024e-15,-0.000666678,0.0451236,0.0468792,0.0797436,0.0818655,-0.164868,-0.161781,0.0270237,0.00962785,-0.0152738,-0.0445787,0.0390665,0.0387975,-7.77625,6.29581,2,0.0451236,0.0797436,-0.164868
17.98,-7.75732,-7.73247,6.31912,6.32716,2,1.99763,1.89618,1.90228,2.32818,2.34723,1.97741e-15,-0.000717983,0.0453937,0.0471521,0.0795904,0.0817557,-0.164477,-0.161369,0.0269836,0.00970939,-0.0153723,-0.0448012,0.0392147,0.038948,-7.75732,6.31912,2,0.0453937,0.0795904,-0.164477
17.99,-7.73833,-7.71344,6.34237,6.35055,2,1.99763,1.90316,1.90932,2.32247,2.34152,1.96848e-15,-0.000770718,0.0456633,0.0474251,0.0794361,0.0816454,-0.164084,-0.160957,0.0269431,0.00979304,-0.0154708,-0.0450212,0.0393626,0.0390984,-7.73833,6.34237,2,0.0456633,0.0794361,-0.164084
18,-7.71926,-7.69433,6.36557,6.3739,2,1.99763,1.91012,1.91634,2.31675,2.33578,1.9609e-15,-0.000825107,0.0459325,0.0476979,0.0792809,0.0815348,-0.16369,-0.160545,0.0269022,0.00987895,-0.0155691,-0.0452379,0.0395101,0.039249,-7.71926,6.36557,2,0.0459325,0.0792809,-0.16369
18.01,-7.70012,-7.67515,6.38871,6.39718,2,1.99762,1.91706,1.92335,2.31101,2.33002,1.97501e-15,-0.000880793,0.0462013,0.047971,0.0791247,0.0814239,-0.163294,-0.160133,0.0268609,0.00996681,-0.0156675,-0.0454506,0.0396572,0.0393995,-7.70012,6.38871,2,0.0462013,0.0791247,-0.163294
18.02,-7.68092,-7.65591,6.41179,6.42041,2,1.99762,1.92399,1.93033,2.30524,2.32422,1.99115e-15,-0.000937998,0.0464697,0.0482438,0.0789676,0.0813123,-0.162896,-0.159721,0.0268192,0.0100554,-0.0157657,-0.0456595,0.039804,0.0395503,-7.68092,6.41179,2,0.0464697,0.0789676,-0.162896
18.03,-7.66164,-7.63659,6.43481,6.44359,2,1.99761,1.9309,1.9373,2.29946,2.3184,1.99697e-15,-0.000996336,0.0467377,0.048517,0.0788094,0.0812001,-0.162498,-0.159309,0.0267771,0.0101459,-0.0158638,-0.0458652,0.0399504,0.039701,-7.66164,6.43481,2,0.0467377,0.0788094,-0.162498
18.04,-7.6423,-7.61719,6.45778,6.46671,2,1.9976,1.93779,1.94426,2.29365,2.31256,1.99212e-15,-0.00105555,0.0470053,0.0487901,0.0786503,0.0810875,-0.162097,-0.158897,0.0267345,0.0102374,-0.0159619,-0.0460681,0.0400965,0.0398518,-7.6423,6.45778,2,0.0470053,0.0786503,-0.162097
18.05,-7.62289,-7.59772,6.48069,6.48977,2,1.99758,1.94467,1.95119,2.28783,2.30669,1.98098e-15,-0.00111528,0.0472724,0.0490631,0.0784902,0.0809738,-0.161696,-0.158485,0.0266916,0.0103303,-0.0160599,-0.0462669,0.0402422,0.0400028,-7.62289,6.48069,2,0.0472724,0.0784902,-0.161696
18.06,-7.60341,-7.57818,6.50354,6.51277,2,1.99757,1.95152,1.95811,2.28198,2.30079,1.98928e-15,-0.00117639,0.0475391,0.0493362,0.0783291,0.0808596,-0.161293,-0.158072,0.0266483,0.0104241,-0.0161578,-0.046462,0.0403875,0.0401538,-7.60341,6.50354,2,0.0475391,0.0783291,-0.161293
18.07,-7.58386,-7.55856,6.52633,6.53572,2,1.99755,1.95836,1.96501,2.27611,2.29487,2.01148e-15,-0.00123756,0.0478054,0.0496094,0.078167,0.0807442,-0.160888,-0.15766,0.0266045,0.0105188,-0.0162557,-0.0466536,0.0405325,0.0403049,-7.58386,6.52633,2,0.0478054,0.078167,-0.160888
18.08,-7.56424,-7.53888,6.54906,6.55861,2,1.99753,1.96518,1.9719,2.27022,2.28892,2.00865e-15,-0.0012994,0.0480712,0.0498825,0.078004,0.0806281,-0.160482,-0.157249,0.0265604,0.0106138,-0.0163534,-0.0468431,0.0406771,0.0404561,-7.56424,6.54906,2,0.0480712,0.078004,-0.160482
18.09,-7.54455,-7.51911,6.57173,6.58144,2,1.99751,1.97199,1.97876,2.26432,2.28294,2.00445e-15,-0.00136133,0.0483366,0.050156,0.07784,0.0805108,-0.160074,-0.156837,0.0265158,0.0107092,-0.0164511,-0.0470286,0.0408214,0.0406074,-7.54455,6.57173,2,0.0483366,0.07784,-0.160074
18.1,-7.5248,-7.49928,6.59434,6.60422,2,1.99749,1.97877,1.98561,2.25839,2.27694,2.024e-15,-0.00142324,0.0486015,0.0504294,0.077675,0.0803922,-0.159665,-0.156425,0.0264709,0.0108046,-0.0165487,-0.0472112,0.0409652,0.0407588,-7.5248,6.59434,2,0.0486015,0.077675,-0.159665
18.11,-7.50498,-7.47937,6.6169,6.62693,2,1.99746,1.98554,1.99244,2.25244,2.27091,2.04074e-15,-0.00148487,0.048866,0.0507025,0.077509,0.0802727,-0.159255,-0.156013,0.0264255,0.0109005,-0.0166461,-0.0473899,0.0411087,0.0409103,-7.50498,6.6169,2,0.048866,0.077509,-0.159255
18.12,-7.48509,-7.45939,6.63939,6.64959,2,1.99744,1.99229,1.99925,2.24647,2.26485,2.05446e-15,-0.00154622,0.04913,0.050976,0.0773421,0.0801517,-0.158843,-0.155601,0.0263797,0.0109958,-0.0167435,-0.0475663,0.0412519,0.0410618,-7.48509,6.63939,2,0.04913,0.0773421,-0.158843
18.13,-7.46513,-7.43934,6.66183,6.67219,2,1.99741,1.99903,2.00605,2.24048,2.25877,2.05605e-15,-0.00160685,0.0493936,0.0512493,0.0771741,0.0800292,-0.15843,-0.155189,0.0263335,0.0110906,-0.0168408,-0.0477393,0.0413947,0.0412134,-7.46513,6.66183,2,0.0493936,0.0771741,-0.15843
18.14,-7.44511,-7.41921,6.6842,6.69473,2,1.99737,2.00574,2.01282,2.23447,2.25266,2.0722e-15,-0.00166696,0.0496567,0.0515224,0.0770052,0.0799053,-0.158015,-0.154777,0.0262869,0.0111853,-0.016938,-0.0479095,0.0415371,0.0413651,-7.44511,6.6842,2,0.0496567,0.0770052,-0.158015
18.15,-7.42502,-7.39901,6.70652,6.71722,2,1.99734,2.01244,2.01958,2.22844,2.24653,2.07674e-15,-0.00172645,0.0499193,0.0517956,0.0768354,0.0797798,-0.157599,-0.154364,0.0262399,0.0112781,-0.0170351,-0.048076,0.0416791,0.0415168,-7.42502,6.70652,2,0.0499193,0.0768354,-0.157599
18.16,-7.40486,-7.37873,6.72877,6.73964,2,1.9973,2.01911,2.02632,2.22239,2.24036,2.07674e-15,-0.00178437,0.0501815,0.0520688,0.0766645,0.0796525,-0.157182,-0.153952,0.0261925,0.0113699,-0.0171321,-0.0482395,0.0418207,0.0416685,-7.40486,6.72877,2,0.0501815,0.0766645,-0.157182
18.17,-7.38464,-7.35838,6.75096,6.76201,2,1.99727,2.02577,2.03304,2.21632,2.23417,2.07387e-15,-0.00184126,0.0504432,0.0523418,0.0764927,0.0795235,-0.156763,-0.153539,0.0261447,0.0114602,-0.017229,-0.0484003,0.041962,0.0418204,-7.38464,6.75096,2,0.0504432,0.0764927,-0.156763
18.18,-7.36434,-7.33796,6.7731,6.78432,2,1.99723,2.03242,2.03975,2.21023,2.22796,2.05871e-15,-0.00189678,0.0507044,0.0526148,0.07632,0.0793926,-0.156343,-0.153127,0.0260965,0.0115492,-0.0173258,-0.0485587,0.0421029,0.0419721,-7.36434,6.7731,2,0.0507044,0.07632,-0.156343
18.19,-7.34399,-7.31746,6.79517,6.80657,2,1.99718,2.03904,2.04643,2.20412,2.22172,2.06067e-15,-0.00195031,0.0509651,0.0528873,0.0761462,0.0792595,-0.155921,-0.152713,0.0260479,0.0116365,-0.0174225,-0.0487137,0.0422434,0.042124,-7.34399,6.79517,2,0.0509651,0.0761462,-0.155921
18.2,-7.32356,-7.29689,6.81718,6.82875,2,1.99714,2.04564,2.05309,2.19799,2.21545,2.05007e-15,-0.00200185,0.0512253,0.0531598,0.0759715,0.0791245,-0.155498,-0.1523,0.0259988,0.0117214,-0.017519,-0.048866,0.0423835,0.0422757,-7.32356,6.81718,2,0.0512253,0.0759715,-0.155498
18.21,-7.30307,-7.27625,6.83913,6.85088,2,1.99709,2.05223,2.05974,2.19184,2.20915,2.0409e-15,-0.00205122,0.0514851,0.0534316,0.0757958,0.0789872,-0.155073,-0.151886,0.0259494,0.0118036,-0.0176155,-0.0490151,0.0425233,0.0424274,-7.30307,6.83913,2,0.0514851,0.0757958,-0.155073
18.22,-7.28252,-7.25554,6.86102,6.87295,2,1.99704,2.0588,2.06637,2.18567,2.20283,2.04049e-15,-0.00209853,0.0517443,0.0537034,0.0756192,0.0788477,-0.154647,-0.151471,0.0258996,0.0118837,-0.0177118,-0.0491631,0.0426627,0.0425791,-7.28252,6.86102,2,0.0517443,0.0756192,-0.154647
18.23,-7.2619,-7.23475,6.88284,6.89496,2,1.99699,2.06535,2.07297,2.17948,2.19648,2.03916e-15,-0.00214349,0.0520031,0.0539748,0.0754416,0.0787057,-0.15422,-0.151057,0.0258493,0.0119614,-0.0178081,-0.0493056,0.0428016,0.0427306,-7.2619,6.88284,2,0.0520031,0.0754416,-0.15422
18.24,-7.24121,-7.21389,6.90461,6.91691,2,1.99694,2.07188,2.07956,2.17327,2.19011,2.03983e-15,-0.002186,0.0522613,0.0542459,0.075263,0.0785614,-0.153791,-0.150641,0.0257986,0.0120351,-0.0179042,-0.0494471,0.0429402,0.0428821,-7.24121,6.90461,2,0.0522613,0.075263,-0.153791
18.25,-7.22046,-7.19295,6.92631,6.9388,2,1.99688,2.07839,2.08613,2.16704,2.18371,2.04724e-15,-0.00222506,0.052519,0.0545161,0.0750835,0.0784146,-0.153361,-0.150225,0.0257476,0.0121058,-0.0180002,-0.0495861,0.0430784,0.0430334,-7.22046,6.92631,2,0.052519,0.0750835,-0.153361
18.26,-7.19964,-7.17194,6.94795,6.96063,2,1.99682,2.08489,2.09268,2.16079,2.17728,2.04724e-15,-0.00226103,0.0527763,0.0547858,0.074903,0.0782649,-0.15293,-0.149808,0.0256961,0.0121733,-0.018096,-0.0497215,0.0432163,0.0431846,-7.19964,6.94795,2,0.0527763,0.074903,-0.15293
18.27,-7.17876,-7.15086,6.96952,6.98239,2,1.99676,2.09136,2.09921,2.15453,2.17083,2.04942e-15,-0.00229406,0.053033,0.0550549,0.0747216,0.0781126,-0.152497,-0.14939,0.0256442,0.0122365,-0.0181918,-0.049855,0.0433537,0.0433355,-7.17876,6.96952,2,0.053033,0.0747216,-0.152497
18.28,-7.15782,-7.1297,6.99104,7.0041,2,1.9967,2.09782,2.10572,2.14824,2.16435,2.0443e-15,-0.00232363,0.0532892,0.0553232,0.0745392,0.0779576,-0.152063,-0.148971,0.0255919,0.0122964,-0.0182874,-0.049986,0.0434907,0.0434863,-7.15782,6.99104,2,0.0532892,0.0745392,-0.152063
18.29,-7.13681,-7.10847,7.01249,7.02574,2,1.99664,2.10425,2.11221,2.14194,2.15784,2.04345e-15,-0.00234997,0.0535448,0.0555909,0.0743558,0.0777996,-0.151627,-0.148551,0.0255392,0.0123517,-0.0183829,-0.050114,0.0436274,0.0436367,-7.13681,7.01249,2,0.0535448,0.0743558,-0.151627
18.3,-7.11573,-7.08718,7.03388,7.04732,2,1.99657,2.11067,2.11868,2.13561,2.15131,2.05133e-15,-0.00237258,0.0537999,0.0558574,0.0741715,0.0776387,-0.15119,-0.14813,0.0254861,0.0124026,-0.0184783,-0.0502395,0.0437637,0.0437869,-7.11573,7.03388,2,0.0537999,0.0741715,-0.15119
18.31,-7.09459,-7.06581,7.0552,7.06885,2,1.9965,2.11707,2.12512,2.12927,2.14475,2.04966e-15,-0.00239107,0.0540545,0.0561234,0.0739863,0.0774749,-0.150752,-0.147708,0.0254326,0.0124493,-0.0185735,-0.0503627,0.0438995,0.0439368,-7.09459,7.0552,2,0.0540545,0.0739863,-0.150752
18.32,-7.07339,-7.04437,7.07646,7.09031,2,1.99643,2.12345,2.13155,2.1229,2.13817,2.04552e-15,-0.00240546,0.0543086,0.0563881,0.0738001,0.0773078,-0.150312,-0.147285,0.0253787,0.0124916,-0.0186686,-0.050484,0.044035,0.0440863,-7.07339,7.07646,2,0.0543086,0.0738001,-0.150312
18.33,-7.05212,-7.02285,7.09766,7.1117,2,1.99636,2.12981,2.13796,2.11652,2.13156,2.04065e-15,-0.00241563,0.0545621,0.0566522,0.0736129,0.0771376,-0.149871,-0.14686,0.0253243,0.0125285,-0.0187635,-0.050602,0.0441701,0.0442355,-7.05212,7.09766,2,0.0545621,0.0736129,-0.149871
18.34,-7.0308,-7.00126,7.11879,7.13304,2,1.99629,2.13615,2.14435,2.11012,2.12493,2.03795e-15,-0.00242162,0.0548151,0.0569144,0.0734248,0.0769642,-0.149429,-0.146434,0.0252696,0.0125601,-0.0188584,-0.0507186,0.0443048,0.0443842,-7.0308,7.11879,2,0.0548151,0.0734248,-0.149429
18.35,-7.0094,-6.97961,7.13986,7.15431,2,1.99621,2.14248,2.15071,2.1037,2.11827,2.02033e-15,-0.00242278,0.0550675,0.0571759,0.0732357,0.0767876,-0.148985,-0.146006,0.0252145,0.0125869,-0.0189531,-0.0508327,0.044439,0.0445324,-7.0094,7.13986,2,0.0550675,0.0732357,-0.148985
18.36,-6.98795,-6.95788,7.16087,7.17552,2,1.99613,2.14878,2.15705,2.09726,2.11158,2.01903e-15,-0.00242001,0.0553194,0.0574358,0.0730457,0.0766077,-0.14854,-0.145576,0.0251589,0.0126081,-0.0190476,-0.0509437,0.0445729,0.0446802,-6.98795,7.16087,2,0.0553194,0.0730457,-0.14854
18.37,-6.96643,-6.93608,7.18181,7.19667,2,1.99605,2.15506,2.16338,2.0908,2.10487,2.02597e-15,-0.00241226,0.0555707,0.0576941,0.0728548,0.0764244,-0.148093,-0.145145,0.025103,0.0126237,-0.019142,-0.0510521,0.0447064,0.0448275,-6.96643,7.18181,2,0.0555707,0.0728548,-0.148093
18.38,-6.94484,-6.91422,7.20268,7.21775,2,1.99597,2.16133,2.16967,2.08432,2.09814,2.03857e-15,-0.0024001,0.0558214,0.0579514,0.0726629,0.0762379,-0.147646,-0.144713,0.0250466,0.0126339,-0.0192363,-0.0511593,0.0448395,0.0449741,-6.94484,7.20268,2,0.0558214,0.0726629,-0.147646
18.39,-6.9232,-6.89228,7.22349,7.23877,2,1.99589,2.16757,2.17595,2.07782,2.09139,2.04522e-15,-0.00238337,0.0560716,0.0582071,0.0724701,0.0760478,-0.147197,-0.144278,0.0249898,0.0126381,-0.0193304,-0.051263,0.0449721,0.0451203,-6.9232,7.22349,2,0.0560716,0.0724701,-0.147197
18.4,-6.90149,-6.87027,7.24424,7.25972,2,1.9958,2.1738,2.18221,2.07131,2.0846,2.03011e-15,-0.00236104,0.0563212,0.0584609,0.0722763,0.0758542,-0.146746,-0.143841,0.0249327,0.0126362,-0.0194243,-0.0513642,0.0451044,0.0452657,-6.90149,7.24424,2,0.0563212,0.0722763,-0.146746
18.41,-6.87972,-6.84819,7.26492,7.28061,2,1.99571,2.18,2.18844,2.06477,2.0778,2.02623e-15,-0.00233424,0.0565703,0.0587132,0.0720816,0.0756572,-0.146295,-0.143402,0.0248751,0.0126289,-0.0195181,-0.0514649,0.0452363,0.0454106,-6.87972,7.26492,2,0.0565703,0.0720816,-0.146295
18.42,-6.85789,-6.82604,7.28553,7.30144,2,1.99562,2.18619,2.19465,2.05822,2.07097,2.02349e-15,-0.00230211,0.0568187,0.0589635,0.0718859,0.0754567,-0.145842,-0.142962,0.0248171,0.0126149,-0.0196118,-0.0515617,0.0453677,0.0455547,-6.85789,7.28553,2,0.0568187,0.0718859,-0.145842
18.43,-6.836,-6.80383,7.30608,7.3222,2,1.99553,2.19235,2.20084,2.05165,2.06412,2.02224e-15,-0.0022653,0.0570666,0.059212,0.0716893,0.0752529,-0.145387,-0.142519,0.0247587,0.0125962,-0.0197053,-0.0516559,0.0454988,0.045698,-6.836,7.30608,2,0.0570666,0.0716893,-0.145387
18.44,-6.81405,-6.78155,7.32657,7.3429,2,1.99544,2.1985,2.20701,2.04506,2.05724,2.02327e-15,-0.00222293,0.0573139,0.0594585,0.0714918,0.0750454,-0.144932,-0.142073,0.0246999,0.0125708,-0.0197986,-0.0517484,0.0456294,0.0458407,-6.81405,7.32657,2,0.0573139,0.0714918,-0.144932
18.45,-6.79203,-6.75919,7.34698,7.36353,2,1.99535,2.20463,2.21315,2.03845,2.05035,2.0305e-15,-0.00217618,0.0575606,0.0597035,0.0712934,0.0748345,-0.144475,-0.141626,0.0246407,0.0125389,-0.0198918,-0.0518386,0.0457596,0.0459825,-6.79203,7.34698,2,0.0575606,0.0712934,-0.144475
18.46,-6.76995,-6.73679,7.36734,7.38409,2,1.99525,2.21074,2.21927,2.03183,2.04343,2.02636e-15,-0.00212424,0.0578067,0.0599457,0.071094,0.0746203,-0.144016,-0.141176,0.0245811,0.0125015,-0.0199848,-0.0519259,0.0458894,0.0461235,-6.76995,7.36734,2,0.0578067,0.071094,-0.144016
18.47,-6.74782,-6.7143,7.38762,7.40458,2,1.99515,2.21682,2.22537,2.02518,2.03649,2.0188e-15,-0.00206654,0.0580522,0.060186,0.0708937,0.0744023,-0.143557,-0.140724,0.0245211,0.0124574,-0.0200777,-0.0520111,0.0460188,0.0462637,-6.74782,7.38762,2,0.0580522,0.0708937,-0.143557
18.48,-6.72562,-6.69176,7.40784,7.42502,2,1.99505,2.22289,2.23144,2.01852,2.02952,2.02638e-15,-0.00200422,0.0582971,0.0604244,0.0706924,0.0741811,-0.143096,-0.140269,0.0244607,0.0124076,-0.0201703,-0.0520944,0.0461478,0.0464031,-6.72562,7.40784,2,0.0582971,0.0706924,-0.143096
18.49,-6.70336,-6.66915,7.42799,7.44538,2,1.99495,2.22894,2.23749,2.01184,2.02254,2.03366e-15,-0.0019367,0.0585414,0.0606602,0.0704903,0.0739563,-0.142634,-0.139812,0.0243999,0.012352,-0.0202629,-0.0521749,0.0462764,0.0465415,-6.70336,7.42799,2,0.0585414,0.0704903,-0.142634
18.5,-6.68104,-6.64647,7.44808,7.46567,2,1.99485,2.23496,2.24351,2.00514,2.01553,2.02779e-15,-0.00186445,0.0587851,0.0608938,0.0702872,0.0737283,-0.142171,-0.139352,0.0243387,0.0122907,-0.0203552,-0.0522522,0.0464045,0.046679,-6.68104,7.44808,2,0.0587851,0.0702872,-0.142171
18.51,-6.65866,-6.62373,7.46809,7.4859,2,1.99474,2.24097,2.24951,1.99842,2.00851,2.03523e-15,-0.00178772,0.0590282,0.0611254,0.0700832,0.073497,-0.141706,-0.13889,0.0242771,0.0122228,-0.0204474,-0.0523269,0.0465323,0.0468156,-6.65866,7.46809,2,0.0590282,0.0700832,-0.141706
18.52,-6.63622,-6.60093,7.48804,7.50606,2,1.99463,2.24696,2.25549,1.99169,2.00146,2.01222e-15,-0.0017049,0.0592707,0.0613544,0.0698782,0.0732622,-0.14124,-0.138425,0.0242151,0.0121494,-0.0205394,-0.0524002,0.0466596,0.0469513,-6.63622,7.48804,2,0.0592707,0.0698782,-0.14124
18.53,-6.61372,-6.57806,7.50793,7.52615,2,1.99452,2.25292,2.26144,1.98494,1.99439,1.99166e-15,-0.00161819,0.0595125,0.0615809,0.0696724,0.0730244,-0.140773,-0.137957,0.0241527,0.0120702,-0.0206312,-0.0524701,0.0467865,0.0470859,-6.61372,7.50793,2,0.0595125,0.0696724,-0.140773
18.54,-6.59116,-6.55514,7.52774,7.54618,2,1.99441,2.25887,2.26737,1.97817,1.98731,1.99265e-15,-0.00152658,0.0597537,0.061805,0.0694656,0.0727833,-0.140304,-0.137487,0.0240898,0.0119858,-0.0207229,-0.0525395,0.046913,0.0472197,-6.59116,7.52774,2,0.0597537,0.0694656,-0.140304
18.55,-6.56854,-6.53216,7.54749,7.56612,2,1.9943,2.26479,2.27327,1.97138,1.9802,1.99711e-15,-0.00143005,0.0599943,0.0620264,0.0692579,0.0725389,-0.139834,-0.137015,0.0240266,0.011895,-0.0208144,-0.0526038,0.047039,0.0473524,-6.56854,7.54749,2,0.0599943,0.0692579,-0.139834
18.56,-6.54587,-6.50911,7.56717,7.58601,2,1.99419,2.2707,2.27915,1.96457,1.97308,1.99711e-15,-0.00132896,0.0602342,0.0622455,0.0690493,0.0722917,-0.139363,-0.136539,0.023963,0.0117997,-0.0209056,-0.0526673,0.0471647,0.0474842,-6.54587,7.56717,2,0.0602342,0.0690493,-0.139363
18.57,-6.52313,-6.486,7.58678,7.60582,2,1.99407,2.27658,2.285,1.95775,1.96594,1.99775e-15,-0.00122344,0.0604736,0.0624621,0.0688398,0.0720413,-0.138891,-0.136062,0.023899,0.0117,-0.0209967,-0.0527275,0.0472899,0.047615,-6.52313,7.58678,2,0.0604736,0.0688398,-0.138891
18.58,-6.50033,-6.46284,7.60633,7.62556,2,1.99396,2.28245,2.29083,1.95091,1.95878,1.99532e-15,-0.00111401,0.0607122,0.0626761,0.0686294,0.0717882,-0.138418,-0.135581,0.0238345,0.0115941,-0.0210877,-0.0527839,0.0474146,0.0477447,-6.50033,7.60633,2,0.0607122,0.0686294,-0.138418
18.59,-6.47748,-6.43962,7.6258,7.64523,2,1.99384,2.28829,2.29663,1.94405,1.9516,1.98759e-15,-0.000999898,0.0609502,0.0628877,0.0684181,0.0715321,-0.137943,-0.135098,0.0237697,0.0114837,-0.0211784,-0.0528386,0.047539,0.0478736,-6.47748,7.6258,2,0.0609502,0.0684181,-0.137943
18.6,-6.45457,-6.41634,7.64521,7.66483,2,1.99372,2.29411,2.30241,1.93717,1.94441,1.97386e-15,-0.000882074,0.0611876,0.0630966,0.0682058,0.0712733,-0.137467,-0.134613,0.0237045,0.0113693,-0.0212689,-0.0528903,0.0476629,0.0480014,-6.45457,7.64521,2,0.0611876,0.0682058,-0.137467
18.61,-6.4316,-6.393,7.66454,7.68436,2,1.99359,2.29992,2.30816,1.93027,1.9372,1.97026e-15,-0.000759795,0.0614243,0.063303,0.0679927,0.0710118,-0.13699,-0.134125,0.0236389,0.0112509,-0.0213593,-0.052939,0.0477864,0.0481283,-6.4316,7.66454,2,0.0614243,0.0679927,-0.13699
18.62,-6.40857,-6.36961,7.68381,7.70381,2,1.99347,2.3057,2.31389,1.92336,1.92997,1.96269e-15,-0.000634015,0.0616604,0.063507,0.0677786,0.0707477,-0.136511,-0.133635,0.0235728,0.0111284,-0.0214495,-0.0529852,0.0479095,0.0482542,-6.40857,7.68381,2,0.0616604,0.0677786,-0.136511
18.63,-6.38548,-6.34617,7.70301,7.72319,2,1.99335,2.31146,2.31959,1.91643,1.92273,1.97536e-15,-0.000504345,0.0618958,0.0637083,0.0675637,0.0704811,-0.136031,-0.133143,0.0235064,0.0110011,-0.0215394,-0.0530279,0.0480321,0.0483792,-6.38548,7.70301,2,0.0618958,0.0675637,-0.136031
18.64,-6.36234,-6.32267,7.72214,7.7425,2,1.99322,2.3172,2.32526,1.90949,1.91547,1.99492e-15,-0.000371158,0.0621305,0.0639072,0.0673478,0.0702122,-0.13555,-0.132648,0.0234396,0.0108709,-0.0216292,-0.0530687,0.0481543,0.0485033,-6.36234,7.72214,2,0.0621305,0.0673478,-0.13555
18.65,-6.33914,-6.29912,7.7412,7.76173,2,1.99309,2.32292,2.33091,1.90252,1.9082,2.00416e-15,-0.000234976,0.0623646,0.0641041,0.0671311,0.0699411,-0.135068,-0.132151,0.0233724,0.0107369,-0.0217187,-0.0531044,0.0482761,0.0486264,-6.33914,7.7412,2,0.0623646,0.0671311,-0.135068
18.66,-6.31588,-6.27551,7.76019,7.7809,2,1.99297,2.32862,2.33653,1.89554,1.90091,1.99829e-15,-9.51737e-05,0.062598,0.0642982,0.0669135,0.0696676,-0.134585,-0.131652,0.0233048,0.0106001,-0.0218081,-0.053139,0.0483974,0.0487488,-6.31588,7.76019,2,0.062598,0.0669135,-0.134585
18.67,-6.29257,-6.25186,7.77911,7.79998,2,1.99284,2.33429,2.34213,1.88855,1.89361,2.02766e-15,4.75347e-05,0.0628307,0.0644901,0.0666949,0.069392,-0.1341,-0.13115,0.0232368,0.0104607,-0.0218973,-0.0531689,0.0485183,0.0488702,-6.29257,7.77911,2,0.0628307,0.0666949,-0.1341
18.68,-6.2692,-6.22815,7.79796,7.81899,2,1.9927,2.33995,2.3477,1.88153,1.88629,2.01527e-15,0.000193447,0.0630627,0.0646796,0.0664755,0.0691147,-0.133615,-0.130648,0.0231684,0.0103192,-0.0219862,-0.0531973,0.0486388,0.0489909,-6.2692,7.79796,2,0.0630627,0.0664755,-0.133615
18.69,-6.24577,-6.20439,7.81674,7.83793,2,1.99257,2.34558,2.35324,1.8745,1.87896,1.99148e-15,0.000342011,0.063294,0.0648671,0.0662552,0.0688352,-0.133128,-0.130143,0.0230996,0.0101736,-0.022075,-0.0532204,0.0487588,0.0491108,-6.24577,7.81674,2,0.063294,0.0662552,-0.133128
18.7,-6.22228,-6.18058,7.83545,7.85679,2,1.99244,2.3512,2.35876,1.86745,1.87162,2.00763e-15,0.000493288,0.0635247,0.0650522,0.066034,0.0685543,-0.132639,-0.129636,0.0230304,0.010028,-0.0221635,-0.053241,0.0488784,0.04923,-6.22228,7.83545,2,0.0635247,0.066034,-0.132639
18.71,-6.19874,-6.15673,7.85409,7.87558,2,1.99231,2.35679,2.36425,1.86039,1.86427,2.01232e-15,0.000646889,0.0637546,0.065235,0.065812,0.0682713,-0.13215,-0.129128,0.0229609,0.00988039,-0.0222518,-0.0532578,0.0489975,0.0493484,-6.19874,7.85409,2,0.0637546,0.065812,-0.13215
18.72,-6.17515,-6.13282,7.87266,7.89429,2,1.99217,2.36236,2.36971,1.85331,1.8569,2.01375e-15,0.000802517,0.0639839,0.0654163,0.065589,0.0679871,-0.131659,-0.128618,0.0228909,0.00973045,-0.0223399,-0.0532718,0.0491163,0.0494661,-6.17515,7.87266,2,0.0639839,0.065589,-0.131659
18.73,-6.1515,-6.10887,7.89116,7.91292,2,1.99204,2.36791,2.37515,1.84621,1.84952,2.01443e-15,0.000960544,0.0642125,0.0655953,0.0653652,0.0677013,-0.131168,-0.128107,0.0228205,0.00958051,-0.0224278,-0.0532805,0.0492345,0.0495832,-6.1515,7.89116,2,0.0642125,0.0653652,-0.131168
18.74,-6.12779,-6.08487,7.90958,7.93148,2,1.9919,2.37344,2.38056,1.83909,1.84213,2.03987e-15,0.00112098,0.0644403,0.0657728,0.0651404,0.0674142,-0.130675,-0.127595,0.0227498,0.00942806,-0.0225155,-0.053286,0.0493523,0.0496998,-6.12779,7.90958,2,0.0644403,0.0651404,-0.130675
18.75,-6.10403,-6.06082,7.92794,7.94996,2,1.99177,2.37895,2.38595,1.83196,1.83473,2.0528e-15,0.00128259,0.0646675,0.0659483,0.0649148,0.0671259,-0.130181,-0.127081,0.0226786,0.00927597,-0.022603,-0.0532886,0.0494697,0.0498158,-6.10403,7.92794,2,0.0646675,0.0649148,-0.130181
18.76,-6.08021,-6.03673,7.94622,7.96836,2,1.99163,2.38444,2.3913,1.82481,1.82732,2.04948e-15,0.00144573,0.0648939,0.0661223,0.0646884,0.0668364,-0.129685,-0.126566,0.0226071,0.00912287,-0.0226902,-0.053286,0.0495866,0.0499314,-6.08021,7.94622,2,0.0648939,0.0646884,-0.129685
18.77,-6.05634,-6.0126,7.96443,7.98668,2,1.9915,2.3899,2.39664,1.81765,1.81989,2.04687e-15,0.00161082,0.0651196,0.0662944,0.064461,0.0665459,-0.129189,-0.126051,0.0225352,0.00897088,-0.0227772,-0.0532802,0.0497031,0.0500465,-6.05634,7.96443,2,0.0651196,0.064461,-0.129189
18.78,-6.03241,-5.98841,7.98257,8.00493,2,1.99136,2.39534,2.40194,1.81046,1.81246,2.05444e-15,0.00177756,0.0653446,0.0664653,0.0642328,0.0662545,-0.128691,-0.125535,0.0224629,0.00881819,-0.022864,-0.0532699,0.0498192,0.0501612,-6.03241,7.98257,2,0.0653446,0.0642328,-0.128691
18.79,-6.00843,-5.96419,8.00064,8.0231,2,1.99122,2.40076,2.40722,1.80327,1.80501,2.0425e-15,0.00194547,0.0655688,0.0666349,0.0640038,0.0659623,-0.128193,-0.125018,0.0223902,0.00866573,-0.0229506,-0.0532552,0.0499347,0.0502755,-6.00843,8.00064,2,0.0655688,0.0640038,-0.128193
18.8,-5.9844,-5.93992,8.01864,8.04118,2,1.99109,2.40616,2.41248,1.79605,1.79756,2.04119e-15,0.00211439,0.0657924,0.0668033,0.0637738,0.0656693,-0.127693,-0.124501,0.0223171,0.00851386,-0.0230369,-0.0532367,0.0500499,0.0503896,-5.9844,8.01864,2,0.0657924,0.0637738,-0.127693
18.81,-5.96031,-5.91561,8.03656,8.05919,2,1.99095,2.41154,2.4177,1.78882,1.79009,2.03969e-15,0.00228402,0.0660152,0.0669702,0.063543,0.0653757,-0.127192,-0.123983,0.0222437,0.00836329,-0.023123,-0.0532124,0.0501646,0.0505034,-5.96031,8.03656,2,0.0660152,0.063543,-0.127192
18.82,-5.93617,-5.89125,8.05442,8.07712,2,1.99081,2.4169,2.42291,1.78158,1.78262,2.03969e-15,0.00245483,0.0662373,0.0671366,0.0633114,0.0650815,-0.126689,-0.123465,0.0221698,0.00821298,-0.0232089,-0.053185,0.0502788,0.0506171,-5.93617,8.05442,2,0.0662373,0.0633114,-0.126689
18.83,-5.91197,-5.86686,8.0722,8.09497,2,1.99068,2.42223,2.42808,1.77432,1.77513,2.04313e-15,0.00262597,0.0664586,0.0673018,0.0630789,0.0647871,-0.126186,-0.122947,0.0220956,0.00806385,-0.0232945,-0.0531526,0.0503926,0.0507306,-5.91197,8.0722,2,0.0664586,0.0630789,-0.126186
18.84,-5.88772,-5.84242,8.0899,8.11275,2,1.99054,2.42755,2.43323,1.76704,1.76764,2.03114e-15,0.00279799,0.0666792,0.0674662,0.0628455,0.0644921,-0.125681,-0.122428,0.0220209,0.00791674,-0.0233799,-0.053115,0.0505059,0.050844,-5.88772,8.0899,2,0.0666792,0.0628455,-0.125681
18.85,-5.86342,-5.81794,8.10754,8.13043,2,1.99041,2.43284,2.43835,1.75974,1.76013,2.00711e-15,0.00297053,0.066899,0.0676299,0.0626113,0.0641969,-0.125176,-0.12191,0.0219459,0.00777058,-0.023465,-0.0530731,0.0506188,0.0509573,-5.86342,8.10754,2,0.066899,0.0626113,-0.125176
18.86,-5.83907,-5.79341,8.1251,8.14805,2,1.99027,2.43811,2.44345,1.75243,1.75261,1.99854e-15,0.00314373,0.0671181,0.0677932,0.0623762,0.0639015,-0.124669,-0.121392,0.0218706,0.00762606,-0.0235499,-0.053026,0.0507312,0.0510706,-5.83907,8.1251,2,0.0671181,0.0623762,-0.124669
18.87,-5.81466,-5.76885,8.14259,8.16558,2,1.99014,2.44335,2.44852,1.74511,1.74509,1.98198e-15,0.00331657,0.0673364,0.0679559,0.0621403,0.0636058,-0.124161,-0.120875,0.0217948,0.0074827,-0.0236346,-0.0529737,0.0508432,0.051184,-5.81466,8.14259,2,0.0673364,0.0621403,-0.124161
18.88,-5.7902,-5.74424,8.16,8.18303,2,1.99001,2.44858,2.45357,1.73777,1.73756,1.98198e-15,0.00349039,0.067554,0.0681183,0.0619035,0.0633103,-0.123652,-0.120358,0.0217187,0.00734165,-0.023719,-0.0529161,0.0509547,0.0512975,-5.7902,8.16,2,0.067554,0.0619035,-0.123652
18.89,-5.76569,-5.71959,8.17734,8.2004,2,1.98988,2.45378,2.45859,1.73041,1.73001,1.98344e-15,0.00366384,0.0677708,0.0682807,0.0616659,0.0630145,-0.123142,-0.119842,0.0216421,0.00720198,-0.0238032,-0.0528539,0.0510657,0.051411,-5.76569,8.17734,2,0.0677708,0.0616659,-0.123142
18.9,-5.74112,-5.6949,8.19461,8.21768,2,1.98975,2.45896,2.46358,1.72304,1.72246,1.95603e-15,0.00383693,0.0679868,0.0684427,0.0614274,0.0627192,-0.122631,-0.119326,0.0215652,0.00706543,-0.0238871,-0.0527861,0.0511763,0.0515248,-5.74112,8.19461,2,0.0679868,0.0614274,-0.122631
18.91,-5.71651,-5.67017,8.2118,8.23489,2,1.98962,2.46412,2.46855,1.71565,1.71489,1.93209e-15,0.00401047,0.0682021,0.0686049,0.0611881,0.0624237,-0.122119,-0.118811,0.021488,0.00692933,-0.0239708,-0.0527125,0.0512865,0.0516386,-5.71651,8.2118,2,0.0682021,0.0611881,-0.122119
18.92,-5.69184,-5.6454,8.22892,8.25202,2,1.98949,2.46926,2.4735,1.70825,1.70732,1.93922e-15,0.00418356,0.0684166,0.068767,0.060948,0.0621285,-0.121605,-0.118297,0.0214103,0.00679638,-0.0240542,-0.0526331,0.0513961,0.0517528,-5.69184,8.22892,2,0.0684166,0.060948,-0.121605
18.93,-5.66712,-5.62059,8.24597,8.26906,2,1.98937,2.47437,2.47841,1.70083,1.69973,1.94987e-15,0.00435676,0.0686303,0.0689296,0.060707,0.0618336,-0.121091,-0.117783,0.0213323,0.00666466,-0.0241374,-0.052548,0.0515053,0.0518671,-5.66712,8.24597,2,0.0686303,0.060707,-0.121091
18.94,-5.64235,-5.59573,8.26294,8.28603,2,1.98924,2.47946,2.48331,1.69339,1.69214,1.94368e-15,0.00452909,0.0688432,0.0690923,0.0604653,0.0615386,-0.120575,-0.117271,0.0212539,0.00653481,-0.0242203,-0.0524579,0.0516141,0.0519818,-5.64235,8.26294,2,0.0688432,0.0604653,-0.120575
18.95,-5.61753,-5.57084,8.27983,8.3029,2,1.98912,2.48453,2.48818,1.68594,1.68453,1.93591e-15,0.00470121,0.0690554,0.0692556,0.0602226,0.0612444,-0.120058,-0.11676,0.0211751,0.00640703,-0.024303,-0.0523614,0.0517224,0.0520968,-5.61753,8.27983,2,0.0690554,0.0602226,-0.120058
18.96,-5.59266,-5.5459,8.29666,8.31971,2,1.989,2.48958,2.49302,1.67848,1.67692,1.93663e-15,0.0048728,0.0692667,0.0694192,0.0599792,0.0609505,-0.119541,-0.11625,0.0210959,0.00628166,-0.0243854,-0.0522598,0.0518302,0.0522119,-5.59266,8.29666,2,0.0692667,0.0599792,-0.119541
18.97,-5.56774,-5.52093,8.3134,8.33642,2,1.98889,2.4946,2.49784,1.671,1.66929,1.92964e-15,0.00504443,0.0694773,0.0695835,0.0597349,0.0606567,-0.119022,-0.115741,0.0210164,0.00615584,-0.0244675,-0.0521516,0.0519375,0.0523275,-5.56774,8.3134,2,0.0694773,0.0597349,-0.119022
18.98,-5.54277,-5.49591,8.33008,8.35306,2,1.98877,2.49961,2.50263,1.66351,1.66165,1.92075e-15,0.00521506,0.0696871,0.0697486,0.0594899,0.0603636,-0.118502,-0.115233,0.0209365,0.00603401,-0.0245494,-0.0520376,0.0520444,0.0524434,-5.54277,8.33008,2,0.0696871,0.0594899,-0.118502
18.99,-5.51775,-5.47085,8.34667,8.36961,2,1.98866,2.50458,2.5074,1.656,1.654,1.89166e-15,0.00538488,0.069896,0.0699142,0.059244,0.060071,-0.117981,-0.114727,0.0208563,0.0059136,-0.0246309,-0.0519179,0.0521508,0.0525595,-5.51775,8.34667,2,0.069896,0.059244,-0.117981
19,-5.49268,-5.44574,8.3632,8.38608,2,1.98854,2.50954,2.51215,1.64847,1.64633,1.87893e-15,0.0055548,0.0701042,0.0700808,0.0589972,0.0597786,-0.117459,-0.114222,0.0207756,0.00579429,-0.0247123,-0.0517924,0.0522567,0.0526761,-5.49268,8.3632,2,0.0701042,0.0589972,-0.117459
19.01,-5.46756,-5.4206,8.37964,8.40247,2,1.98844,2.51448,2.51687,1.64093,1.63866,1.86993e-15,0.00572337,0.0703115,0.0702483,0.0587497,0.059487,-0.116936,-0.113718,0.0206946,0.00567558,-0.0247933,-0.0516598,0.0523622,0.0527929,-5.46756,8.37964,2,0.0703115,0.0587497,-0.116936
19.02,-5.44239,-5.39541,8.39602,8.41878,2,1.98833,2.51939,2.52156,1.63338,1.63097,1.87649e-15,0.00589128,0.0705181,0.0704167,0.0585014,0.0591958,-0.116412,-0.113216,0.0206132,0.00555884,-0.0248741,-0.0515219,0.0524672,0.0529101,-5.44239,8.39602,2,0.0705181,0.0585014,-0.116412
19.03,-5.41717,-5.37018,8.41231,8.435,2,1.98822,2.52428,2.52623,1.62581,1.62327,1.88786e-15,0.00605859,0.0707238,0.0705862,0.0582522,0.0589053,-0.115886,-0.112715,0.0205315,0.00544112,-0.0249546,-0.0513773,0.0525717,0.0530275,-5.41717,8.41231,2,0.0707238,0.0582522,-0.115886
19.04,-5.39191,-5.3449,8.42853,8.45115,2,1.98812,2.52914,2.53088,1.61823,1.61556,1.88786e-15,0.00622496,0.0709287,0.0707565,0.0580023,0.0586152,-0.11536,-0.112215,0.0204494,0.00532544,-0.0250349,-0.0512283,0.0526758,0.0531452,-5.39191,8.42853,2,0.0709287,0.0580023,-0.11536
19.05,-5.36659,-5.31959,8.44468,8.46721,2,1.98802,2.53399,2.5355,1.61063,1.60784,1.88513e-15,0.00639053,0.0711328,0.0709279,0.0577515,0.0583261,-0.114833,-0.111716,0.020367,0.00521078,-0.0251148,-0.0510731,0.0527794,0.0532631,-5.36659,8.44468,2,0.0711328,0.0577515,-0.114833
19.06,-5.34123,-5.29423,8.46074,8.48319,2,1.98792,2.53881,2.5401,1.60301,1.6001,1.89744e-15,0.00655502,0.071336,0.0711008,0.0575,0.0580368,-0.114305,-0.111219,0.0202841,0.00509441,-0.0251945,-0.0509107,0.0528825,0.0533812,-5.34123,8.46074,2,0.071336,0.0575,-0.114305
19.07,-5.31581,-5.26883,8.47674,8.49908,2,1.98783,2.54361,2.54468,1.59539,1.59234,1.91713e-15,0.00671883,0.0715385,0.0712745,0.0572476,0.0577489,-0.113775,-0.110723,0.0202009,0.00497987,-0.0252739,-0.0507434,0.0529851,0.0534996,-5.31581,8.47674,2,0.0715385,0.0572476,-0.113775
19.08,-5.29035,-5.24338,8.49265,8.51489,2,1.98774,2.54838,2.54923,1.58775,1.58458,1.92983e-15,0.00688143,0.0717401,0.0714494,0.0569945,0.0574615,-0.113245,-0.110228,0.0201174,0.00486381,-0.025353,-0.0505699,0.0530872,0.0536179,-5.29035,8.49265,2,0.0717401,0.0569945,-0.113245
19.09,-5.26485,-5.21789,8.50849,8.53063,2,1.98765,2.55313,2.55375,1.58009,1.57679,1.94625e-15,0.0070435,0.0719408,0.0716256,0.0567406,0.0571744,-0.112714,-0.109734,0.0200335,0.00474795,-0.0254318,-0.0503911,0.0531889,0.0537365,-5.26485,8.50849,2,0.0719408,0.0567406,-0.112714
19.1,-5.23929,-5.19236,8.52425,8.54628,2,1.98756,2.55786,2.55826,1.57242,1.569,1.95039e-15,0.00720496,0.0721407,0.0718027,0.0564859,0.056888,-0.112181,-0.109241,0.0199492,0.00463086,-0.0255103,-0.0502074,0.0532901,0.0538549,-5.23929,8.52425,2,0.0721407,0.0564859,-0.112181
19.11,-5.21369,-5.16678,8.53994,8.56184,2,1.98748,2.56257,2.56274,1.56474,1.56119,1.95882e-15,0.00736456,0.0723398,0.0719815,0.0562304,0.0566024,-0.111648,-0.108749,0.0198646,0.00451218,-0.0255886,-0.0500178,0.0533908,0.0539734,-5.21369,8.53994,2,0.0723398,0.0562304,-0.111648
19.12,-5.18804,-5.14116,8.55555,8.57733,2,1.98739,2.56725,2.56719,1.55704,1.55336,1.97496e-15,0.00752336,0.072538,0.0721612,0.0559741,0.0563173,-0.111113,-0.108258,0.0197796,0.00439236,-0.0256665,-0.0498224,0.053491,0.0540918,-5.18804,8.55555,2,0.072538,0.0559741,-0.111113
19.13,-5.16234,-5.11549,8.57108,8.59273,2,1.98731,2.57191,2.57163,1.54933,1.54552,1.9795e-15,0.00768127,0.0727354,0.0723417,0.055717,0.0560332,-0.110578,-0.107768,0.0196943,0.00427171,-0.0257442,-0.0496243,0.0535908,0.0542099,-5.16234,8.57108,2,0.0727354,0.055717,-0.110578
19.14,-5.1366,-5.08978,8.58653,8.60805,2,1.98724,2.57655,2.57604,1.5416,1.53766,1.9795e-15,0.00783874,0.0729319,0.0725236,0.0554592,0.0557494,-0.110041,-0.107279,0.0196086,0.00414719,-0.0258215,-0.0494194,0.0536901,0.0543278,-5.1366,8.58653,2,0.0729319,0.0554592,-0.110041
19.15,-5.11081,-5.06402,8.60191,8.62328,2,1.98716,2.58116,2.58042,1.53386,1.52979,1.97807e-15,0.00799452,0.0731276,0.0727064,0.0552006,0.0554664,-0.109504,-0.10679,0.0195226,0.00402213,-0.0258986,-0.0492105,0.0537889,0.0544454,-5.11081,8.60191,2,0.0731276,0.0552006,-0.109504
19.16,-5.08498,-5.03822,8.61721,8.63844,2,1.98709,2.58575,2.58478,1.52611,1.5219,1.98148e-15,0.00814907,0.0733223,0.0728905,0.0549412,0.0551842,-0.108966,-0.106301,0.0194362,0.00389397,-0.0259754,-0.0489993,0.0538872,0.0545626,-5.08498,8.61721,2,0.0733223,0.0549412,-0.108966
19.17,-5.0591,-5.01237,8.63243,8.65351,2,1.98702,2.59032,2.58912,1.51834,1.51399,1.99439e-15,0.00830348,0.0735163,0.0730754,0.0546811,0.0549023,-0.108426,-0.105813,0.0193495,0.00376219,-0.0260518,-0.0487822,0.053985,0.0546793,-5.0591,8.63243,2,0.0735163,0.0546811,-0.108426
19.18,-5.03317,-4.98648,8.64758,8.6685,2,1.98695,2.59486,2.59344,1.51056,1.50607,1.98241e-15,0.00845662,0.0737093,0.0732613,0.0544202,0.0546214,-0.107886,-0.105326,0.0192624,0.00362805,-0.026128,-0.0485612,0.0540823,0.0547954,-5.03317,8.64758,2,0.0737093,0.0544202,-0.107886
19.19,-5.0072,-4.96055,8.66264,8.68341,2,1.98689,2.59938,2.59773,1.50276,1.49814,1.95491e-15,0.00860852,0.0739015,0.0734481,0.0541585,0.0543411,-0.107345,-0.104838,0.0191749,0.00348984,-0.0262039,-0.0483377,0.0541792,0.0549109,-5.0072,8.66264,2,0.0739015,0.0541585,-0.107345
19.2,-4.98118,-4.93456,8.67763,8.69824,2,1.98682,2.60388,2.602,1.49496,1.49018,1.98232e-15,0.00875978,0.0740928,0.0736358,0.0538961,0.0540613,-0.106802,-0.10435,0.0190872,0.00334745,-0.0262794,-0.0481117,0.0542755,0.0550256,-4.98118,8.67763,2,0.0740928,0.0538961,-0.106802
19.21,-4.95512,-4.90854,8.69254,8.71298,2,1.98676,2.60835,2.60624,1.48713,1.48221,2.0028e-15,0.00891037,0.0742833,0.0738241,0.053633,0.0537824,-0.106259,-0.103863,0.018999,0.003202,-0.0263546,-0.0478827,0.0543714,0.0551394,-4.95512,8.69254,2,0.0742833,0.053633,-0.106259
19.22,-4.92902,-4.88247,8.70738,8.72764,2,1.9867,2.6128,2.61047,1.4793,1.47423,2.00563e-15,0.00905944,0.0744728,0.074013,0.053369,0.0535042,-0.105715,-0.103375,0.0189106,0.00305206,-0.0264296,-0.0476521,0.0544668,0.0552522,-4.92902,8.70738,2,0.0744728,0.053369,-0.105715
19.23,-4.90287,-4.85636,8.72213,8.74222,2,1.98665,2.61722,2.61467,1.47145,1.46622,2.01048e-15,0.00920808,0.0746615,0.0742028,0.0531044,0.0532266,-0.10517,-0.102886,0.0188218,0.00289689,-0.0265042,-0.0474188,0.0545617,0.055364,-4.90287,8.72213,2,0.0746615,0.0531044,-0.10517
19.24,-4.87667,-4.8302,8.7368,8.75672,2,1.98659,2.62163,2.61884,1.46359,1.45821,2.01048e-15,0.00935565,0.0748492,0.0743932,0.052839,0.0529497,-0.104624,-0.102397,0.0187326,0.00273729,-0.0265785,-0.0471843,0.0546561,0.0554747,-4.87667,8.7368,2,0.0748492,0.052839,-0.104624
19.25,-4.85044,-4.80399,8.7514,8.77114,2,1.98654,2.62601,2.623,1.45571,1.45017,2.01037e-15,0.00950202,0.0750361,0.0745838,0.0525728,0.0526733,-0.104077,-0.101907,0.0186431,0.00257257,-0.0266525,-0.0469496,0.05475,0.0555841,-4.85044,8.7514,2,0.0750361,0.0525728,-0.104077
19.26,-4.82415,-4.77775,8.76592,8.78548,2,1.98648,2.63036,2.62713,1.44783,1.44212,2.00966e-15,0.00964853,0.0752221,0.0747748,0.0523059,0.052398,-0.103529,-0.101417,0.0185533,0.00240236,-0.0267261,-0.046714,0.0548434,0.0556921,-4.82415,8.76592,2,0.0752221,0.0523059,-0.103529
19.27,-4.79783,-4.75146,8.78036,8.79973,2,1.98643,2.63469,2.63124,1.43992,1.43405,2.00354e-15,0.00979358,0.0754072,0.0749661,0.0520383,0.052123,-0.10298,-0.100925,0.0184631,0.00222737,-0.0267995,-0.0464775,0.0549363,0.0557987,-4.79783,8.78036,2,0.0754072,0.0520383,-0.10298
19.28,-4.77146,-4.72513,8.79472,8.8139,2,1.98639,2.639,2.63532,1.43201,1.42597,2.01322e-15,0.00993824,0.0755914,0.0751572,0.0517699,0.0518488,-0.10243,-0.100433,0.0183726,0.00204747,-0.0268725,-0.0462425,0.0550287,0.0559038,-4.77146,8.79472,2,0.0755914,0.0517699,-0.10243
19.29,-4.74505,-4.69875,8.809,8.82799,2,1.98634,2.64328,2.63938,1.42408,1.41787,1.99516e-15,0.010082,0.0757746,0.0753489,0.0515008,0.0515751,-0.101879,-0.0999385,0.0182818,0.00186023,-0.0269452,-0.0460071,0.0551207,0.0560072,-4.74505,8.809,2,0.0757746,0.0515008,-0.101879
19.3,-4.71859,-4.67234,8.8232,8.842,2,1.98629,2.64754,2.64342,1.41614,1.40976,1.99898e-15,0.010225,0.075957,0.0755403,0.051231,0.0513023,-0.101328,-0.0994432,0.0181906,0.00166788,-0.0270176,-0.0457749,0.0552121,0.0561089,-4.71859,8.8232,2,0.075957,0.051231,-0.101328
19.31,-4.6921,-4.64588,8.83732,8.85593,2,1.98625,2.65178,2.64744,1.40819,1.40163,2.00546e-15,0.0103682,0.0761385,0.0757315,0.0509605,0.05103,-0.100775,-0.0989462,0.0180991,0.00147058,-0.0270896,-0.0455436,0.055303,0.0562087,-4.6921,8.83732,2,0.0761385,0.0509605,-0.100775
19.32,-4.66556,-4.61938,8.85136,8.86977,2,1.9862,2.65599,2.65143,1.40023,1.39349,1.99102e-15,0.0105106,0.076319,0.0759227,0.0506892,0.0507583,-0.100222,-0.0984474,0.0180073,0.00126608,-0.0271613,-0.045314,0.0553935,0.0563066,-4.66556,8.85136,2,0.076319,0.0506892,-0.100222
19.33,-4.63898,-4.59284,8.86532,8.88354,2,1.98616,2.66018,2.6554,1.39225,1.38533,1.98405e-15,0.010652,0.0764986,0.0761135,0.0504173,0.0504873,-0.0996672,-0.0979468,0.0179151,0.00105546,-0.0272327,-0.0450874,0.0554834,0.0564025,-4.63898,8.86532,2,0.0764986,0.0504173,-0.0996672
19.34,-4.61236,-4.56626,8.87921,8.89722,2,1.98612,2.66435,2.65935,1.38426,1.37716,1.97588e-15,0.0107939,0.0766773,0.0763034,0.0501446,0.0502167,-0.0991119,-0.0974443,0.0178226,0.000838779,-0.0273037,-0.0448642,0.0555729,0.0564963,-4.61236,8.87921,2,0.0766773,0.0501446,-0.0991119
19.35,-4.58569,-4.53965,8.89301,8.91082,2,1.98608,2.66849,2.66328,1.37626,1.36898,1.95836e-15,0.0109349,0.076855,0.0764934,0.0498712,0.0499471,-0.0985558,-0.0969397,0.0177298,0.00061724,-0.0273745,-0.0446458,0.0556618,0.0565879,-4.58569,8.89301,2,0.076855,0.0498712,-0.0985558
19.36,-4.55899,-4.51299,8.90673,8.92434,2,1.98604,2.6726,2.66718,1.36824,1.36078,1.95935e-15,0.011076,0.0770319,0.0766826,0.0495971,0.0496779,-0.0979987,-0.0964328,0.0176367,0.000387784,-0.0274448,-0.0444302,0.0557502,0.0566774,-4.55899,8.90673,2,0.0770319,0.0495971,-0.0979987
19.37,-4.53224,-4.48629,8.92037,8.93778,2,1.986,2.67669,2.67106,1.36021,1.35258,1.96507e-15,0.0112171,0.0772078,0.0768711,0.0493223,0.0494091,-0.0974407,-0.0959236,0.0175432,0.000152621,-0.0275149,-0.0442201,0.0558382,0.0567645,-4.53224,8.92037,2,0.0772078,0.0493223,-0.0974407
19.38,-4.50545,-4.45956,8.93394,8.95114,2,1.98596,2.68076,2.67492,1.35217,1.34435,1.9582e-15,0.0113576,0.0773827,0.0770588,0.0490468,0.0491408,-0.0968819,-0.095412,0.0174494,-8.91648e-05,-0.0275846,-0.0440144,0.0559256,0.0568492,-4.50545,8.93394,2,0.0773827,0.0490468,-0.0968819
19.39,-4.47862,-4.43279,8.94742,8.96441,2,1.98592,2.68481,2.67876,1.34412,1.33612,1.93705e-15,0.0114989,0.0775568,0.0772453,0.0487706,0.0488732,-0.0963222,-0.0948978,0.0173553,-0.000335116,-0.0276539,-0.0438142,0.0560126,0.0569315,-4.47862,8.94742,2,0.0775568,0.0487706,-0.0963222
19.4,-4.45176,-4.40599,8.96082,8.97761,2,1.98589,2.68883,2.68257,1.33606,1.32788,1.93602e-15,0.0116398,0.0777299,0.0774313,0.0484937,0.0486055,-0.0957617,-0.094381,0.0172609,-0.000588477,-0.0277229,-0.0436202,0.056099,0.0570114,-4.45176,8.96082,2,0.0777299,0.0484937,-0.0957617
19.41,-4.42485,-4.37914,8.97414,8.99073,2,1.98585,2.69282,2.68637,1.32798,1.31963,1.9373e-15,0.0117811,0.077902,0.0776161,0.0482161,0.0483388,-0.0952003,-0.0938614,0.0171661,-0.000847004,-0.0277916,-0.0434327,0.0561849,0.0570887,-4.42485,8.97414,2,0.077902,0.0482161,-0.0952003
19.42,-4.3979,-4.35227,8.98738,9.00376,2,1.98581,2.69679,2.69014,1.31989,1.31136,1.92872e-15,0.0119224,0.0780732,0.0777993,0.0479379,0.048072,-0.094638,-0.093339,0.0170711,-0.00111146,-0.0278599,-0.0432505,0.0562703,0.0571635,-4.3979,8.98738,2,0.0780732,0.0479379,-0.094638
19.43,-4.37091,-4.32535,9.00054,9.01672,2,1.98578,2.70074,2.69388,1.31179,1.30309,1.90808e-15,0.0120642,0.0782434,0.0779816,0.0476589,0.0478056,-0.0940749,-0.0928137,0.0169757,-0.00138026,-0.0279279,-0.0430764,0.0563552,0.0572357,-4.37091,9.00054,2,0.0782434,0.0476589,-0.0940749
19.44,-4.34388,-4.29841,9.01361,9.02959,2,1.98574,2.70466,2.69761,1.30368,1.29481,1.92249e-15,0.0122062,0.0784127,0.0781627,0.0473793,0.0475395,-0.0935109,-0.0922855,0.01688,-0.00165555,-0.0279955,-0.0429094,0.0564397,0.0573054,-4.34388,9.01361,2,0.0784127,0.0473793,-0.0935109
19.45,-4.31682,-4.27143,9.02661,9.04239,2,1.9857,2.70856,2.70131,1.29556,1.28652,1.95634e-15,0.0123493,0.078581,0.0783422,0.047099,0.0472735,-0.0929461,-0.0917542,0.016784,-0.0019355,-0.0280628,-0.0427506,0.0565236,0.0573724,-4.31682,9.02661,2,0.078581,0.047099,-0.0929461
19.46,-4.28971,-4.24442,9.03953,9.0551,2,1.98567,2.71244,2.70499,1.28743,1.27822,1.94678e-15,0.0124927,0.0787484,0.0785203,0.0468181,0.0470076,-0.0923804,-0.09122,0.0166877,-0.00222001,-0.0281297,-0.0425988,0.0566069,0.0574368,-4.28971,9.03953,2,0.0787484,0.0468181,-0.0923804
19.47,-4.26257,-4.21738,9.05236,9.06773,2,1.98563,2.71629,2.70865,1.27928,1.26991,1.93039e-15,0.012637,0.0789148,0.0786971,0.0465364,0.046742,-0.0918139,-0.0906826,0.0165911,-0.0025103,-0.0281963,-0.0424554,0.0566898,0.0574987,-4.26257,9.05236,2,0.0789148,0.0465364,-0.0918139
19.48,-4.23539,-4.1903,9.06511,9.08028,2,1.98559,2.72011,2.71229,1.27112,1.2616,1.93481e-15,0.0127813,0.0790802,0.0788722,0.0462542,0.0464764,-0.0912466,-0.090142,0.0164941,-0.0028027,-0.0282624,-0.0423204,0.0567722,0.0575579,-4.23539,9.06511,2,0.0790802,0.0462542,-0.0912466
19.49,-4.20817,-4.16319,9.07778,9.09276,2,1.98556,2.72391,2.71591,1.26295,1.25328,1.9056e-15,0.012928,0.0792446,0.0790459,0.0459712,0.0462105,-0.0906785,-0.0895982,0.0163969,-0.00310097,-0.0283283,-0.0421929,0.0568541,0.0576146,-4.20817,9.07778,2,0.0792446,0.0459712,-0.0906785
19.5,-4.18091,-4.13606,9.09037,9.10515,2,1.98552,2.72769,2.7195,1.25477,1.24496,1.89228e-15,0.0130738,0.0794081,0.0792175,0.0456876,0.0459443,-0.0901095,-0.0890514,0.0162994,-0.00340261,-0.0283938,-0.0420735,0.0569354,0.0576687,-4.18091,9.09037,2,0.0794081,0.0456876,-0.0901095
19.51,-4.15361,-4.10889,9.10288,9.11747,2,1.98548,2.73144,2.72307,1.24658,1.23663,1.89542e-15,0.0132218,0.0795706,0.0793877,0.0454033,0.0456783,-0.0895398,-0.0885012,0.0162015,-0.00370667,-0.0284589,-0.0419638,0.0570162,0.0577203,-4.15361,9.10288,2,0.0795706,0.0454033,-0.0895398
19.52,-4.12628,-4.08169,9.1153,9.12969,2,1.98545,2.73516,2.72662,1.23838,1.22829,1.90986e-15,0.0133701,0.0797321,0.0795563,0.0451184,0.0454118,-0.0889692,-0.087948,0.0161034,-0.00401516,-0.0285236,-0.041862,0.0570966,0.0577694,-4.12628,9.1153,2,0.0797321,0.0451184,-0.0889692
19.53,-4.09891,-4.05446,9.12764,9.14185,2,1.98541,2.73887,2.73015,1.23016,1.21995,1.91816e-15,0.0135201,0.0798927,0.0797229,0.0448328,0.0451447,-0.0883978,-0.0873915,0.016005,-0.0043262,-0.028588,-0.041769,0.0571764,0.057816,-4.09891,9.12764,2,0.0798927,0.0448328,-0.0883978
19.54,-4.0715,-4.0272,9.1399,9.15392,2,1.98537,2.74254,2.73366,1.22194,1.21161,1.94418e-15,0.0136705,0.0800522,0.0798878,0.0445466,0.0448775,-0.0878257,-0.0868319,0.0159062,-0.00463853,-0.028652,-0.0416841,0.0572557,0.0578604,-4.0715,9.1399,2,0.0800522,0.0445466,-0.0878257
19.55,-4.04406,-3.99992,9.15208,9.16591,2,1.98533,2.7462,2.73714,1.2137,1.20326,1.95693e-15,0.0138225,0.0802108,0.0800509,0.0442598,0.0446098,-0.0872527,-0.0862693,0.0158072,-0.00495543,-0.0287157,-0.0416073,0.0573344,0.0579024,-4.04406,9.15208,2,0.0802108,0.0442598,-0.0872527
19.56,-4.01658,-3.9726,9.16418,9.17782,2,1.98529,2.74983,2.74061,1.20545,1.19491,1.97174e-15,0.0139759,0.0803684,0.080212,0.0439723,0.0443412,-0.086679,-0.0857034,0.0157078,-0.00527192,-0.0287789,-0.0415389,0.0574127,0.0579422,-4.01658,9.16418,2,0.0803684,0.0439723,-0.086679
19.57,-3.98906,-3.94526,9.17619,9.18965,2,1.98525,2.75343,2.74405,1.19719,1.18656,2.00062e-15,0.0141304,0.080525,0.0803716,0.0436842,0.044072,-0.0861045,-0.0851345,0.0156082,-0.00559102,-0.0288418,-0.0414792,0.0574905,0.0579798,-3.98906,9.17619,2,0.080525,0.0436842,-0.0861045
19.58,-3.96151,-3.91788,9.18812,9.2014,2,1.98521,2.75701,2.74747,1.18892,1.1782,2.0092e-15,0.014286,0.0806806,0.0805292,0.0433955,0.0438021,-0.0855292,-0.0845626,0.0155083,-0.00591131,-0.0289043,-0.0414267,0.0575677,0.0580153,-3.96151,9.18812,2,0.0806806,0.0433955,-0.0855292
19.59,-3.93392,-3.89048,9.19997,9.21307,2,1.98517,2.76056,2.75087,1.18065,1.16984,2.02522e-15,0.014443,0.0808351,0.0806849,0.0431061,0.0435315,-0.0849531,-0.0839877,0.0154081,-0.00623214,-0.0289665,-0.0413814,0.0576444,0.0580488,-3.93392,9.19997,2,0.0808351,0.0431061,-0.0849531
19.6,-3.9063,-3.86304,9.21174,9.22466,2,1.98513,2.76409,2.75424,1.17235,1.16148,2.00638e-15,0.0146011,0.0809887,0.0808388,0.0428162,0.0432599,-0.0843763,-0.08341,0.0153076,-0.00655307,-0.0290282,-0.0413443,0.0577206,0.0580805,-3.9063,9.21174,2,0.0809887,0.0428162,-0.0843763
19.61,-3.87864,-3.83558,9.22342,9.23617,2,1.98509,2.76759,2.7576,1.16405,1.15312,2.00447e-15,0.0147603,0.0811413,0.0809909,0.0425256,0.0429873,-0.0837987,-0.0828293,0.0152068,-0.00687455,-0.0290896,-0.0413135,0.0577963,0.0581104,-3.87864,9.22342,2,0.0811413,0.0425256,-0.0837987
19.62,-3.85095,-3.80809,9.23502,9.2476,2,1.98505,2.77107,2.76093,1.15574,1.14475,1.99306e-15,0.0149212,0.0812929,0.0811413,0.0422344,0.0427136,-0.0832204,-0.082246,0.0151058,-0.00719671,-0.0291506,-0.0412894,0.0578714,0.0581385,-3.85095,9.23502,2,0.0812929,0.0422344,-0.0832204
19.63,-3.82322,-3.78058,9.24653,9.25895,2,1.985,2.77453,2.76424,1.14742,1.13638,1.96678e-15,0.0150823,0.0814434,0.0812899,0.0419426,0.0424387,-0.0826413,-0.08166,0.0150044,-0.00751776,-0.0292113,-0.0412719,0.057946,0.0581651,-3.82322,9.24653,2,0.0814434,0.0419426,-0.0826413
19.64,-3.79546,-3.75303,9.25797,9.27022,2,1.98496,2.77795,2.76752,1.13909,1.12802,1.9602e-15,0.0152452,0.0815929,0.0814365,0.0416502,0.0421627,-0.0820615,-0.0810714,0.0149028,-0.00783806,-0.0292715,-0.0412602,0.0580202,0.0581901,-3.79546,9.25797,2,0.0815929,0.0416502,-0.0820615
19.65,-3.76766,-3.72545,9.26931,9.28141,2,1.98492,2.78136,2.77079,1.13075,1.11964,1.97328e-15,0.0154095,0.0817415,0.0815814,0.0413571,0.0418855,-0.0814809,-0.0804803,0.0148009,-0.00815777,-0.0293313,-0.041254,0.0580937,0.0582139,-3.76766,9.26931,2,0.0817415,0.0413571,-0.0814809
19.66,-3.73983,-3.69784,9.28058,9.29252,2,1.98487,2.78474,2.77403,1.12239,1.11127,1.964e-15,0.0155737,0.081889,0.0817247,0.0410635,0.0416072,-0.0808996,-0.0798867,0.0146987,-0.00847501,-0.0293908,-0.041253,0.0581668,0.0582363,-3.73983,9.28058,2,0.081889,0.0410635,-0.0808996
19.67,-3.71197,-3.6702,9.29176,9.30354,2,1.98483,2.78809,2.77725,1.11403,1.10289,1.96068e-15,0.0157395,0.0820354,0.0818662,0.0407693,0.0413274,-0.0803176,-0.0792909,0.0145962,-0.0087926,-0.0294499,-0.0412563,0.0582394,0.0582577,-3.71197,9.29176,2,0.0820354,0.0407693,-0.0803176
19.68,-3.68407,-3.64253,9.30286,9.31449,2,1.98478,2.79142,2.78044,1.10566,1.09452,1.9645e-15,0.0159061,0.0821809,0.0820058,0.0404745,0.0410463,-0.0797348,-0.0786929,0.0144935,-0.00910762,-0.0295085,-0.0412632,0.0583114,0.0582781,-3.68407,9.30286,2,0.0821809,0.0404745,-0.0797348
19.69,-3.65614,-3.61484,9.31388,9.32535,2,1.98473,2.79472,2.78362,1.09728,1.08614,1.97524e-15,0.0160732,0.0823253,0.0821441,0.0401792,0.0407639,-0.0791513,-0.0780928,0.0143905,-0.00942047,-0.0295668,-0.0412732,0.0583829,0.0582976,-3.65614,9.31388,2,0.0823253,0.0401792,-0.0791513
19.7,-3.62817,-3.5871,9.32481,9.33613,2,1.98469,2.798,2.78677,1.08888,1.07775,1.97183e-15,0.0162413,0.0824687,0.0822804,0.0398832,0.04048,-0.0785671,-0.0774906,0.0142872,-0.00973025,-0.0296247,-0.0412878,0.0584538,0.0583163,-3.62817,9.32481,2,0.0824687,0.0398832,-0.0785671
19.71,-3.60018,-3.55935,9.33565,9.34684,2,1.98464,2.80125,2.7899,1.08048,1.06937,1.96458e-15,0.0164093,0.082611,0.0824152,0.0395867,0.0401946,-0.0779823,-0.0768868,0.0141836,-0.0100381,-0.0296822,-0.0413029,0.0585243,0.0583344,-3.60018,9.33565,2,0.082611,0.0395867,-0.0779823
19.72,-3.57215,-3.53155,9.34642,9.35745,2,1.98459,2.80448,2.793,1.07207,1.06098,1.96018e-15,0.0165773,0.0827524,0.0825485,0.0392896,0.0399079,-0.0773967,-0.076281,0.0140798,-0.0103441,-0.0297393,-0.0413205,0.0585942,0.0583519,-3.57215,9.34642,2,0.0827524,0.0392896,-0.0773967
19.73,-3.54409,-3.50372,9.35709,9.36799,2,1.98454,2.80768,2.79608,1.06365,1.05259,1.94842e-15,0.0167463,0.0828926,0.08268,0.0389919,0.0396198,-0.0768104,-0.0756737,0.0139757,-0.0106461,-0.029796,-0.0413404,0.0586636,0.0583691,-3.54409,9.35709,2,0.0828926,0.0389919,-0.0768104
19.74,-3.516,-3.47586,9.36769,9.37844,2,1.98449,2.81086,2.79913,1.05522,1.04419,1.94331e-15,0.0169151,0.0830319,0.0828102,0.0386936,0.0393299,-0.0762234,-0.0750648,0.0138714,-0.010946,-0.0298523,-0.04136,0.0587324,0.058386,-3.516,9.36769,2,0.0830319,0.0386936,-0.0762234
19.75,-3.48787,-3.44796,9.3782,9.38882,2,1.98444,2.81401,2.80216,1.04678,1.03579,1.93827e-15,0.0170836,0.0831701,0.082939,0.0383948,0.0390391,-0.0756357,-0.0744545,0.0137667,-0.0112442,-0.0299082,-0.0413793,0.0588008,0.0584027,-3.48787,9.3782,2,0.0831701,0.0383948,-0.0756357
19.76,-3.45972,-3.42004,9.38862,9.39911,2,1.98439,2.81714,2.80517,1.03833,1.02739,1.93786e-15,0.017252,0.0833072,0.0830661,0.0380955,0.0387467,-0.0750474,-0.073843,0.0136619,-0.011536,-0.0299637,-0.0414006,0.0588686,0.0584194,-3.45972,9.38862,2,0.0833072,0.0380955,-0.0750474
19.77,-3.43153,-3.39207,9.39897,9.40931,2,1.98434,2.82024,2.80815,1.02987,1.01898,1.93815e-15,0.0174201,0.0834433,0.0831921,0.0377956,0.0384529,-0.0744584,-0.0732302,0.0135567,-0.0118265,-0.0300188,-0.0414193,0.0589359,0.0584362,-3.43153,9.39897,2,0.0834433,0.0377956,-0.0744584
19.78,-3.40331,-3.36408,9.40922,9.41944,2,1.98429,2.82332,2.81111,1.0214,1.01056,1.96359e-15,0.0175875,0.0835783,0.0833165,0.0374951,0.0381579,-0.0738687,-0.0726165,0.0134513,-0.0121137,-0.0300735,-0.0414372,0.0590026,0.0584531,-3.40331,9.40922,2,0.0835783,0.0374951,-0.0738687
19.79,-3.37506,-3.33604,9.41939,9.42948,2,1.98423,2.82637,2.81404,1.01292,1.00214,1.97637e-15,0.0177537,0.0837123,0.0834397,0.0371941,0.0378616,-0.0732783,-0.0720018,0.0133457,-0.0123961,-0.0301277,-0.0414546,0.0590688,0.0584704,-3.37506,9.41939,2,0.0837123,0.0371941,-0.0732783
19.8,-3.34678,-3.30797,9.42948,9.43943,2,1.98418,2.82939,2.81695,1.00444,0.993717,1.97161e-15,0.0179192,0.0838453,0.0835613,0.0368926,0.0375641,-0.0726873,-0.0713865,0.0132398,-0.0126756,-0.0301816,-0.0414694,0.0591345,0.0584881,-3.34678,9.42948,2,0.0838453,0.0368926,-0.0726873
19.81,-3.31848,-3.27987,9.43948,9.4493,2,1.98413,2.83239,2.81984,0.99594,0.985285,1.96511e-15,0.0180829,0.0839771,0.0836817,0.0365905,0.0372655,-0.0720956,-0.0707704,0.0131336,-0.012951,-0.030235,-0.041481,0.0591996,0.0585062,-3.31848,9.43948,2,0.0839771,0.0365905,-0.0720956
19.82,-3.29014,-3.25173,9.4494,9.45909,2,1.98407,2.83536,2.82269,0.987435,0.976844,1.96615e-15,0.0182456,0.0841079,0.0838009,0.0362879,0.0369659,-0.0715033,-0.0701538,0.0130272,-0.0132236,-0.0302881,-0.0414907,0.0592643,0.0585249,-3.29014,9.4494,2,0.0841079,0.0362879,-0.0715033
19.83,-3.26177,-3.22355,9.45923,9.46879,2,1.98402,2.83831,2.82553,0.978921,0.968396,1.95435e-15,0.0184066,0.0842377,0.0839189,0.0359847,0.0366655,-0.0709103,-0.0695366,0.0129206,-0.0134903,-0.0303407,-0.0414978,0.0593283,0.0585444,-3.26177,9.45923,2,0.0842377,0.0359847,-0.0709103
19.84,-3.23337,-3.19533,9.46898,9.47841,2,1.98396,2.84124,2.82833,0.970399,0.959942,1.95547e-15,0.0185663,0.0843663,0.0840355,0.035681,0.036364,-0.0703167,-0.0689193,0.0128137,-0.013755,-0.0303929,-0.0415018,0.0593919,0.0585645,-3.23337,9.46898,2,0.0843663,0.035681,-0.0703167
19.85,-3.20494,-3.16708,9.47864,9.48794,2,1.98391,2.84413,2.83111,0.961868,0.951478,1.9429e-15,0.0187233,0.0844939,0.0841511,0.0353769,0.0360618,-0.0697225,-0.0683016,0.0127065,-0.0140152,-0.0304447,-0.0415006,0.0594549,0.0585855,-3.20494,9.47864,2,0.0844939,0.0353769,-0.0697225
19.86,-3.17649,-3.13879,9.48821,9.49739,2,1.98385,2.847,2.83387,0.953328,0.943006,1.93057e-15,0.0188787,0.0846205,0.0842654,0.0350721,0.035759,-0.0691276,-0.067684,0.0125991,-0.0142719,-0.0304961,-0.0414955,0.0595174,0.0586074,-3.17649,9.48821,2,0.0846205,0.0350721,-0.0691276
19.87,-3.148,-3.11046,9.49771,9.50675,2,1.9838,2.84985,2.8366,0.944779,0.934525,1.93742e-15,0.0190313,0.0847459,0.0843786,0.0347669,0.0354558,-0.0685322,-0.0670663,0.0124915,-0.0145242,-0.030547,-0.0414879,0.0595793,0.0586303,-3.148,9.49771,2,0.0847459,0.0347669,-0.0685322
19.88,-3.11949,-3.0821,9.50711,9.51602,2,1.98374,2.85267,2.8393,0.936222,0.926034,1.95357e-15,0.0191815,0.0848703,0.0844907,0.0344612,0.0351519,-0.0679361,-0.0664488,0.0123836,-0.0147733,-0.0305975,-0.0414756,0.0596407,0.0586541,-3.11949,9.50711,2,0.0848703,0.0344612,-0.0679361
19.89,-3.09095,-3.0537,9.51643,9.52521,2,1.98368,2.85546,2.84198,0.927657,0.917533,1.96228e-15,0.0193288,0.0849936,0.0846014,0.034155,0.0348477,-0.0673393,-0.0658315,0.0122755,-0.0150166,-0.0306476,-0.0414599,0.0597016,0.0586791,-3.09095,9.51643,2,0.0849936,0.034155,-0.0673393
19.9,-3.06238,-3.02526,9.52566,9.53431,2,1.98363,2.85823,2.84463,0.919084,0.909021,1.9486e-15,0.0194733,0.0851158,0.0847112,0.0338483,0.0345436,-0.066742,-0.0652144,0.0121672,-0.0152567,-0.0306973,-0.0414408,0.0597619,0.0587051,-3.06238,9.52566,2,0.0851158,0.0338483,-0.066742
19.91,-3.03379,-2.99679,9.53481,9.54332,2,1.98357,2.86098,2.84725,0.910502,0.9005,1.92786e-15,0.0196142,0.0852369,0.0848201,0.033541,0.0342394,-0.0661441,-0.0645977,0.0120586,-0.015493,-0.0307466,-0.0414164,0.0598217,0.0587324,-3.03379,9.53481,2,0.0852369,0.033541,-0.0661441
19.92,-3.00516,-2.96828,9.54387,9.55225,2,1.98351,2.86369,2.84985,0.901912,0.891968,1.9292e-15,0.0197527,0.085357,0.0849274,0.0332333,0.0339352,-0.0655456,-0.0639815,0.0119498,-0.0157244,-0.0307954,-0.0413894,0.059881,0.0587608,-3.00516,9.54387,2,0.085357,0.0332333,-0.0655456
19.93,-2.97651,-2.93974,9.55285,9.56108,2,1.98346,2.86638,2.85242,0.893313,0.883424,1.92906e-15,0.0198879,0.0854759,0.0850338,0.0329251,0.0336314,-0.0649465,-0.0633658,0.0118408,-0.0159521,-0.0308438,-0.0413591,0.0599397,0.0587904,-2.97651,9.55285,2,0.0854759,0.0329251,-0.0649465
19.94,-2.94783,-2.91115,9.56174,9.56983,2,1.9834,2.86905,2.85497,0.884707,0.874867,1.94521e-15,0.0200183,0.0855938,0.085139,0.0326165,0.0333281,-0.0643468,-0.0627507,0.0117315,-0.0161751,-0.0308918,-0.0413252,0.0599979,0.0588212,-2.94783,9.56174,2,0.0855938,0.0326165,-0.0643468
19.95,-2.91913,-2.88254,9.57054,9.5785,2,1.98334,2.87169,2.85749,0.876093,0.866301,1.94831e-15,0.0201464,0.0857106,0.0852433,0.0323073,0.0330249,-0.0637465,-0.0621363,0.011622,-0.0163957,-0.0309393,-0.0412872,0.0600555,0.0588533,-2.91913,9.57054,2,0.0857106,0.0323073,-0.0637465
19.96,-2.8904,-2.85389,9.57926,9.58706,2,1.98329,2.8743,2.85998,0.867471,0.857724,1.95172e-15,0.0202705,0.0858262,0.0853463,0.0319977,0.0327229,-0.0631457,-0.0615228,0.0115123,-0.0166085,-0.0309864,-0.0412471,0.0601126,0.0588866,-2.8904,9.57926,2,0.0858262,0.0319977,-0.0631457
19.97,-2.86164,-2.8252,9.58789,9.59554,2,1.98323,2.87689,2.86244,0.858841,0.849133,1.96055e-15,0.02039,0.0859408,0.0854483,0.0316876,0.0324214,-0.0625443,-0.0609097,0.0114024,-0.0168182,-0.0310331,-0.041207,0.0601692,0.0589211,-2.86164,9.58789,2,0.0859408,0.0316876,-0.0625443
19.98,-2.83286,-2.79649,9.59644,9.60394,2,1.98317,2.87945,2.86489,0.850204,0.840531,1.96298e-15,0.0205067,0.0860543,0.085549,0.031377,0.0321206,-0.0619423,-0.0602976,0.0112922,-0.0170245,-0.0310793,-0.0411638,0.0602252,0.0589568,-2.83286,9.59644,2,0.0860543,0.031377,-0.0619423
19.99,-2.80406,-2.76773,9.6049,9.61224,2,1.98312,2.88199,2.8673,0.841559,0.831916,1.96874e-15,0.0206187,0.0861666,0.0856489,0.031066,0.0318213,-0.0613398,-0.0596863,0.0111818,-0.0172258,-0.0311252,-0.041118,0.0602807,0.0589937,-2.80406,9.6049,2,0.0861666,0.031066,-0.0613398
20,-2.77522,-2.73895,9.61327,9.62046,2,1.98306,2.8845,2.86969,0.832906,0.82329,1.96704e-15,0.020726,0.0862779,0.0857471,0.0307545,0.0315232,-0.0607367,-0.0590758,0.0110712,-0.0174212,-0.0311705,-0.0410733,0.0603356,0.0590317,-2.77522,9.61327,2,0.0862779,0.0307545,-0.0607367
20.01,-2.74637,-2.71014,9.62156,9.62858,2,1.98301,2.88698,2.87206,0.824246,0.814652,1.97211e-15,0.0208303,0.0863881,0.0858447,0.0304426,0.0312262,-0.0601331,-0.0584661,0.0109604,-0.0176127,-0.0312154,-0.0410284,0.06039,0.0590708,-2.74637,9.62156,2,0.0863881,0.0304426,-0.0601331
20.02,-2.71748,-2.6813,9.62975,9.63662,2,1.98295,2.88944,2.8744,0.815578,0.806002,1.96928e-15,0.0209298,0.0864971,0.0859407,0.0301302,0.0309306,-0.0595289,-0.0578573,0.0108494,-0.0177989,-0.0312599,-0.0409842,0.0604438,0.0591111,-2.71748,9.62975,2,0.0864971,0.0301302,-0.0595289
20.03,-2.68858,-2.65243,9.63787,9.64456,2,1.9829,2.89187,2.87671,0.806903,0.797341,1.96523e-15,0.0210261,0.0866051,0.0860358,0.0298174,0.0306367,-0.0589242,-0.0572494,0.0107382,-0.017981,-0.031304,-0.0409408,0.0604971,0.0591523,-2.68858,9.63787,2,0.0866051,0.0298174,-0.0589242
20.04,-2.65965,-2.62354,9.64589,9.65241,2,1.98285,2.89428,2.879,0.798221,0.788668,1.96424e-15,0.0211174,0.0867119,0.0861297,0.0295041,0.0303443,-0.058319,-0.0566423,0.0106268,-0.0181575,-0.0313476,-0.0409,0.0605499,0.0591945,-2.65965,9.64589,2,0.0867119,0.0295041,-0.058319
20.05,-2.63069,-2.59462,9.65383,9.66018,2,1.9828,2.89666,2.88126,0.789532,0.779986,1.95978e-15,0.021205,0.0868176,0.0862223,0.0291904,0.0300538,-0.0577132,-0.0560361,0.0105151,-0.0183282,-0.0313908,-0.0408617,0.0606021,0.0592376,-2.63069,9.65383,2,0.0868176,0.0291904,-0.0577132
20.06,-2.60171,-2.56568,9.66168,9.66785,2,1.98275,2.89901,2.8835,0.780835,0.771291,1.95978e-15,0.0212885,0.0869222,0.0863137,0.0288763,0.029765,-0.0571069,-0.0554304,0.0104033,-0.0184939,-0.0314335,-0.0408261,0.0606538,0.0592815,-2.60171,9.66168,2,0.0869222,0.0288763,-0.0571069
20.07,-2.57271,-2.53671,9.66945,9.67543,2,1.9827,2.90134,2.88571,0.772132,0.762586,1.95147e-15,0.0213683,0.0870257,0.0864035,0.0285618,0.0294782,-0.0565001,-0.0548255,0.0102912,-0.0186536,-0.0314757,-0.0407966,0.0607049,0.0593263,-2.57271,9.66945,2,0.0870257,0.0285618,-0.0565001
20.08,-2.54369,-2.50771,9.67713,9.68292,2,1.98265,2.90364,2.8879,0.763421,0.75387,1.95687e-15,0.0214444,0.087128,0.0864923,0.0282468,0.0291932,-0.0558928,-0.0542212,0.010179,-0.018808,-0.0315176,-0.0407711,0.0607555,0.0593717,-2.54369,9.67713,2,0.087128,0.0282468,-0.0558928
20.09,-2.51464,-2.4787,9.68472,9.69032,2,1.9826,2.90592,2.89007,0.754704,0.745145,2.00411e-15,0.021516,0.0872292,0.0865796,0.0279314,0.0289104,-0.055285,-0.0536175,0.0100666,-0.018955,-0.0315589,-0.0407528,0.0608055,0.0594178,-2.51464,9.68472,2,0.0872292,0.0279314,-0.055285
20.1,-2.48557,-2.44967,9.69222,9.69762,2,1.98255,2.90817,2.89221,0.74598,0.73641,2.00926e-15,0.0215848,0.0873293,0.0866653,0.0276156,0.0286295,-0.0546767,-0.0530143,0.00995392,-0.0190975,-0.0315999,-0.0407389,0.060855,0.0594644,-2.48557,9.69222,2,0.0873293,0.0276156,-0.0546767
20.11,-2.45648,-2.42062,9.69964,9.70484,2,1.98251,2.91039,2.89433,0.737249,0.727666,1.98878e-15,0.0216499,0.0874283,0.0867501,0.0272994,0.0283506,-0.0540679,-0.0524114,0.00984109,-0.0192334,-0.0316404,-0.0407337,0.0609039,0.0595114,-2.45648,9.69964,2,0.0874283,0.0272994,-0.0540679
20.12,-2.42736,-2.39155,9.70696,9.71197,2,1.98246,2.91259,2.89643,0.728512,0.718915,2.00076e-15,0.0217113,0.0875262,0.0868331,0.0269828,0.0280739,-0.0534586,-0.051809,0.00972806,-0.0193634,-0.0316804,-0.0407364,0.0609523,0.0595588,-2.42736,9.70696,2,0.0875262,0.0269828,-0.0534586
20.13,-2.39822,-2.36248,9.71421,9.719,2,1.98242,2.91476,2.8985,0.719768,0.710156,2.03024e-15,0.0217699,0.0876229,0.0869149,0.0266658,0.0277993,-0.0528489,-0.0512068,0.00961485,-0.0194871,-0.03172,-0.0407475,0.0610001,0.0596065,-2.39822,9.71421,2,0.0876229,0.0266658,-0.0528489
20.14,-2.36907,-2.33338,9.72136,9.72594,2,1.98238,2.9169,2.90055,0.711018,0.701389,2.04023e-15,0.021826,0.0877184,0.086995,0.0263484,0.0275266,-0.0522386,-0.0506046,0.00950145,-0.0196033,-0.0317591,-0.0407707,0.0610474,0.0596543,-2.36907,9.72136,2,0.0877184,0.0263484,-0.0522386
20.15,-2.33989,-2.30427,9.72843,9.7328,2,1.98234,2.91902,2.90258,0.702261,0.692614,2.03184e-15,0.0218791,0.0878129,0.0870736,0.0260306,0.0272563,-0.0516279,-0.0500024,0.00938787,-0.019712,-0.0317977,-0.0408024,0.0610941,0.0597023,-2.33989,9.72843,2,0.0878129,0.0260306,-0.0516279
20.16,-2.31068,-2.27514,9.7354,9.73955,2,1.9823,2.92111,2.90458,0.693498,0.683833,2.01399e-15,0.0219294,0.0879062,0.0871507,0.0257125,0.0269877,-0.0510168,-0.0493999,0.0092741,-0.0198153,-0.031836,-0.0408449,0.0611403,0.0597503,-2.31068,9.7354,2,0.0879062,0.0257125,-0.0510168
20.17,-2.28146,-2.24601,9.7423,9.74622,2,1.98227,2.92318,2.90656,0.684729,0.675046,2.00321e-15,0.0219774,0.0879984,0.0872263,0.0253939,0.0267211,-0.0504051,-0.0487972,0.00916015,-0.0199113,-0.0318737,-0.0408996,0.061186,0.0597982,-2.28146,9.7423,2,0.0879984,0.0253939,-0.0504051
20.18,-2.25222,-2.21687,9.7491,9.7528,2,1.98223,2.92522,2.90852,0.675953,0.666254,2.00064e-15,0.0220238,0.0880894,0.0873001,0.025075,0.0264564,-0.049793,-0.0481941,0.00904602,-0.0199998,-0.031911,-0.0409676,0.0612311,0.0598459,-2.25222,9.7491,2,0.0880894,0.025075,-0.049793
20.19,-2.22296,-2.18771,9.75582,9.75928,2,1.9822,2.92723,2.91046,0.667172,0.657457,1.96298e-15,0.0220681,0.0881793,0.0873723,0.0247557,0.0261934,-0.0491805,-0.0475904,0.00893172,-0.0200821,-0.0319478,-0.0410468,0.0612756,0.0598933,-2.22296,9.75582,2,0.0881793,0.0247557,-0.0491805
20.2,-2.19368,-2.15855,9.76244,9.76568,2,1.98216,2.92922,2.91238,0.658385,0.648655,1.96298e-15,0.022111,0.088268,0.0874428,0.024436,0.025932,-0.0485675,-0.046986,0.00881724,-0.0201564,-0.0319842,-0.0411394,0.0613196,0.0599404,-2.19368,9.76244,2,0.088268,0.024436,-0.0485675
20.21,-2.16437,-2.12939,9.76898,9.77198,2,1.98213,2.93118,2.91427,0.649591,0.639852,1.96011e-15,0.0221533,0.0883556,0.0875117,0.024116,0.0256723,-0.0479541,-0.046381,0.00870259,-0.0202242,-0.0320201,-0.0412459,0.061363,0.059987,-2.16437,9.76898,2,0.0883556,0.024116,-0.0479541
20.22,-2.13505,-2.10022,9.77544,9.7782,2,1.9821,2.93311,2.91615,0.640792,0.631042,1.94495e-15,0.0221935,0.0884421,0.0875787,0.0237956,0.0254138,-0.0473403,-0.0457748,0.00858776,-0.0202843,-0.0320556,-0.0413661,0.0614059,0.0600332,-2.13505,9.77544,2,0.0884421,0.0237956,-0.0473403
20.23,-2.10571,-2.07103,9.7818,9.78432,2,1.98207,2.93502,2.918,0.631987,0.622231,1.94763e-15,0.0222342,0.0885274,0.0876439,0.0234749,0.0251567,-0.046726,-0.0451673,0.00847277,-0.0203376,-0.0320906,-0.0415004,0.0614482,0.0600788,-2.10571,9.7818,2,0.0885274,0.0234749,-0.046726
20.24,-2.07635,-2.04185,9.78807,9.79035,2,1.98205,2.9369,2.91983,0.623176,0.613418,1.96207e-15,0.0222733,0.0886116,0.0877075,0.0231538,0.0249008,-0.0461113,-0.0445587,0.00835761,-0.0203841,-0.0321251,-0.0416487,0.06149,0.0601236,-2.07635,9.78807,2,0.0886116,0.0231538,-0.0461113
20.25,-2.04697,-2.01266,9.79426,9.79629,2,1.98202,2.93875,2.92164,0.61436,0.604601,1.95341e-15,0.022313,0.0886946,0.0877692,0.0228324,0.0246453,-0.0454962,-0.0439487,0.00824229,-0.0204237,-0.0321591,-0.0418101,0.0615312,0.0601677,-2.04697,9.79426,2,0.0886946,0.0228324,-0.0454962
20.26,-2.01758,-1.98346,9.80036,9.80214,2,1.98199,2.94058,2.92342,0.605539,0.595783,1.95413e-15,0.0223528,0.0887764,0.0878291,0.0225106,0.024391,-0.0448807,-0.0433369,0.00812681,-0.0204556,-0.0321927,-0.041987,0.0615719,0.060211,-2.01758,9.80036,2,0.0887764,0.0225106,-0.0448807
20.27,-1.98816,-1.95426,9.80637,9.8079,2,1.98197,2.94238,2.92519,0.596711,0.586965,1.95371e-15,0.0223929,0.0888571,0.0878868,0.0221885,0.0241373,-0.0442648,-0.0427236,0.00801117,-0.0204807,-0.0322259,-0.0421783,0.061612,0.0602534,-1.98816,9.80637,2,0.0888571,0.0221885,-0.0442648
20.28,-1.95873,-1.92506,9.8123,9.81358,2,1.98194,2.94416,2.92694,0.587879,0.578144,1.96541e-15,0.0224336,0.0889366,0.0879428,0.0218661,0.0238837,-0.0436484,-0.0421082,0.00789537,-0.0205004,-0.0322585,-0.0423831,0.0616516,0.0602949,-1.95873,9.8123,2,0.0889366,0.0218661,-0.0436484
20.29,-1.92928,-1.89585,9.81813,9.81915,2,1.98192,2.94591,2.92866,0.579041,0.569325,1.95254e-15,0.0224761,0.089015,0.0879969,0.0215434,0.0236303,-0.0430317,-0.041491,0.00777941,-0.0205136,-0.0322907,-0.042602,0.0616906,0.0603354,-1.92928,9.81813,2,0.089015,0.0215434,-0.0430317
20.3,-1.89981,-1.86664,9.82388,9.82464,2,1.9819,2.94763,2.93036,0.570198,0.560506,1.95635e-15,0.0225185,0.0890922,0.0880492,0.0212203,0.0233767,-0.0424146,-0.0408717,0.0076633,-0.0205209,-0.0323224,-0.0428337,0.061729,0.0603749,-1.89981,9.82388,2,0.0890922,0.0212203,-0.0424146
20.31,-1.87033,-1.83743,9.82953,9.83004,2,1.98187,2.94932,2.93204,0.56135,0.551687,1.96709e-15,0.0225634,0.0891683,0.0880989,0.0208969,0.0231227,-0.0417972,-0.0402501,0.00754704,-0.0205209,-0.0323537,-0.0430794,0.0617669,0.0604133,-1.87033,9.82953,2,0.0891683,0.0208969,-0.0417972
20.32,-1.84083,-1.80821,9.8351,9.83535,2,1.98185,2.95099,2.9337,0.552497,0.542866,1.96368e-15,0.0226096,0.0892432,0.0881473,0.0205732,0.0228681,-0.0411793,-0.0396262,0.00743063,-0.0205174,-0.0323845,-0.0433356,0.0618043,0.0604506,-1.84083,9.8351,2,0.0892432,0.0205732,-0.0411793
20.33,-1.81131,-1.77898,9.84058,9.84058,2,1.98183,2.95263,2.93533,0.543639,0.534047,1.95491e-15,0.0226583,0.0893169,0.0881933,0.0202492,0.0226128,-0.0405611,-0.0389998,0.00731408,-0.0205064,-0.0324148,-0.0436057,0.061841,0.0604868,-1.81131,9.84058,2,0.0893169,0.0202492,-0.0405611
20.34,-1.78177,-1.74975,9.84598,9.84571,2,1.9818,2.95425,2.93695,0.534776,0.525227,1.95523e-15,0.0227074,0.0893894,0.0882375,0.0199249,0.0223563,-0.0399425,-0.038371,0.00719738,-0.020492,-0.0324446,-0.0438854,0.0618773,0.0605218,-1.78177,9.84598,2,0.0893894,0.0199249,-0.0399425
20.35,-1.75222,-1.72051,9.85128,9.85075,2,1.98178,2.95584,2.93854,0.525908,0.516409,1.9551e-15,0.0227601,0.0894608,0.0882795,0.0196004,0.0220983,-0.0393235,-0.0377395,0.00708054,-0.0204724,-0.032474,-0.0441765,0.0619129,0.0605557,-1.75222,9.85128,2,0.0894608,0.0196004,-0.0393235
20.36,-1.72266,-1.69126,9.85649,9.85571,2,1.98176,2.9574,2.94011,0.517036,0.507591,1.96954e-15,0.022815,0.089531,0.0883195,0.0192755,0.0218387,-0.0387042,-0.0371055,0.00696356,-0.0204496,-0.0325028,-0.044476,0.061948,0.0605884,-1.72266,9.85649,2,0.089531,0.0192755,-0.0387042
20.37,-1.69308,-1.66201,9.86162,9.86057,2,1.98173,2.95894,2.94166,0.508159,0.498775,1.97508e-15,0.0228723,0.0896001,0.0883577,0.0189503,0.0215773,-0.0380846,-0.0364687,0.00684644,-0.0204223,-0.0325312,-0.0447851,0.0619826,0.06062,-1.69308,9.86162,2,0.0896001,0.0189503,-0.0380846
20.38,-1.66348,-1.63276,9.86666,9.86535,2,1.98171,2.96044,2.94318,0.499277,0.48996,1.98666e-15,0.0229319,0.089668,0.0883939,0.0186248,0.0213136,-0.0374646,-0.0358294,0.00672919,-0.0203927,-0.0325592,-0.0451014,0.0620166,0.0606503,-1.66348,9.86666,2,0.089668,0.0186248,-0.0374646
20.39,-1.63387,-1.60349,9.87161,9.87004,2,1.98168,2.96193,2.94468,0.490391,0.481146,2.01158e-15,0.022995,0.0897347,0.088428,0.0182991,0.0210476,-0.0368442,-0.0351872,0.0066118,-0.0203603,-0.0325866,-0.0454255,0.06205,0.0606795,-1.63387,9.87161,2,0.0897347,0.0182991,-0.0368442
20.4,-1.60424,-1.57421,9.87647,9.87464,2,1.98165,2.96338,2.94616,0.481501,0.472331,1.99444e-15,0.0230605,0.0898002,0.0884599,0.0179731,0.0207785,-0.0362236,-0.0345422,0.00649428,-0.0203256,-0.0326136,-0.0457529,0.0620829,0.0607076,-1.60424,9.87647,2,0.0898002,0.0179731,-0.0362236
20.41,-1.5746,-1.54492,9.88124,9.87916,2,1.98162,2.96481,2.94761,0.472606,0.463518,1.98624e-15,0.0231289,0.0898646,0.08849,0.0176468,0.0205068,-0.0356026,-0.0338945,0.00637664,-0.0202884,-0.0326401,-0.0460877,0.0621152,0.0607346,-1.5746,9.88124,2,0.0898646,0.0176468,-0.0356026
20.42,-1.54494,-1.51562,9.88592,9.88358,2,1.98159,2.96621,2.94904,0.463707,0.454706,1.98525e-15,0.0231997,0.0899277,0.088518,0.0173203,0.0202318,-0.0349813,-0.0332441,0.00625887,-0.0202496,-0.0326661,-0.0464241,0.062147,0.0607604,-1.54494,9.88592,2,0.0899277,0.0173203,-0.0349813
20.43,-1.51527,-1.48631,9.89051,9.88793,2,1.98156,2.96759,2.95044,0.454804,0.445894,1.98302e-15,0.0232733,0.0899897,0.0885442,0.0169935,0.0199534,-0.0343596,-0.0325911,0.00614097,-0.020211,-0.0326917,-0.046763,0.0621782,0.0607853,-1.51527,9.89051,2,0.0899897,0.0169935,-0.0343596
20.44,-1.48559,-1.45698,9.89501,9.89217,2,1.98152,2.96894,2.95182,0.445897,0.437082,1.97862e-15,0.0233502,0.0900506,0.0885686,0.0166665,0.0196711,-0.0337377,-0.0319354,0.00602295,-0.0201731,-0.0327167,-0.0471034,0.0622088,0.0608091,-1.48559,9.89501,2,0.0900506,0.0166665,-0.0337377
20.45,-1.4559,-1.42764,9.89943,9.89634,2,1.98149,2.97026,2.95317,0.436985,0.428271,1.96476e-15,0.0234293,0.0901102,0.0885908,0.0163392,0.019385,-0.0331155,-0.0312771,0.00590482,-0.0201334,-0.0327413,-0.0474431,0.0622389,0.060832,-1.4559,9.89943,2,0.0901102,0.0163392,-0.0331155
20.46,-1.42619,-1.39829,9.90375,9.90042,2,1.98145,2.97155,2.9545,0.42807,0.419463,1.9675e-15,0.023511,0.0901686,0.0886111,0.0160117,0.0190947,-0.0324929,-0.0306166,0.00578656,-0.0200962,-0.0327654,-0.0477824,0.0622685,0.060854,-1.42619,9.90375,2,0.0901686,0.0160117,-0.0324929
20.47,-1.39647,-1.36892,9.90799,9.90442,2,1.98141,2.97282,2.95581,0.419151,0.410653,1.96534e-15,0.0235944,0.0902259,0.0886294,0.0156839,0.0188002,-0.0318701,-0.0299535,0.00566819,-0.0200577,-0.032789,-0.0481187,0.0622974,0.0608751,-1.39647,9.90799,2,0.0902259,0.0156839,-0.0318701
20.48,-1.36673,-1.33954,9.91214,9.90832,2,1.98137,2.97406,2.95708,0.410228,0.401843,1.97831e-15,0.0236801,0.090282,0.0886461,0.0153559,0.0185013,-0.031247,-0.0292881,0.00554971,-0.0200213,-0.0328121,-0.0484534,0.0623258,0.0608954,-1.36673,9.91214,2,0.090282,0.0153559,-0.031247
20.49,-1.33698,-1.31014,9.91619,9.91215,2,1.98132,2.97528,2.95833,0.401302,0.393033,2.00959e-15,0.0237672,0.0903369,0.0886611,0.0150276,0.0181975,-0.0306236,-0.0286207,0.00543112,-0.0199887,-0.0328348,-0.0487817,0.0623537,0.060915,-1.33698,9.91619,2,0.0903369,0.0150276,-0.0306236
20.5,-1.30723,-1.28071,9.92016,9.91588,2,1.98128,2.97647,2.95956,0.392372,0.384224,2.00861e-15,0.0238567,0.0903906,0.0886743,0.0146992,0.017889,-0.0299999,-0.0279513,0.00531241,-0.0199569,-0.0328569,-0.0491049,0.0623809,0.0609339,-1.30723,9.92016,2,0.0903906,0.0146992,-0.0299999
20.51,-1.27745,-1.25127,9.92404,9.91953,2,1.98123,2.97763,2.96076,0.383438,0.375415,2.00336e-15,0.0239464,0.0904432,0.0886859,0.0143705,0.0175758,-0.029376,-0.0272799,0.00519361,-0.019929,-0.0328786,-0.0494216,0.0624077,0.0609521,-1.27745,9.92404,2,0.0904432,0.0143705,-0.029376
20.52,-1.24767,-1.22181,9.92783,9.9231,2,1.98118,2.97876,2.96192,0.374502,0.366605,2.00435e-15,0.0240378,0.0904945,0.0886957,0.0140416,0.0172574,-0.0287518,-0.0266068,0.0050747,-0.0199017,-0.0328998,-0.0497303,0.0624338,0.0609699,-1.24767,9.92783,2,0.0904945,0.0140416,-0.0287518
20.53,-1.21788,-1.19233,9.93153,9.92658,2,1.98112,2.97987,2.96307,0.365561,0.357795,2.00944e-15,0.0241288,0.0905447,0.088704,0.0137125,0.0169337,-0.0281273,-0.0259322,0.00495569,-0.0198798,-0.0329205,-0.0500303,0.0624594,0.0609872,-1.21788,9.93153,2,0.0905447,0.0137125,-0.0281273
20.54,-1.18808,-1.16284,9.93514,9.92998,2,1.98107,2.98095,2.96418,0.356618,0.348985,2.00702e-15,0.0242206,0.0905936,0.0887106,0.0133832,0.0166048,-0.0275026,-0.0252561,0.00483658,-0.0198607,-0.0329407,-0.0503207,0.0624844,0.061004,-1.18808,9.93514,2,0.0905936,0.0133832,-0.0275026
20.55,-1.15826,-1.13332,9.93866,9.93329,2,1.98101,2.98201,2.96527,0.347671,0.340176,2.00126e-15,0.0243116,0.0906414,0.0887159,0.0130537,0.0162712,-0.0268776,-0.024579,0.00471737,-0.0198451,-0.0329604,-0.050602,0.0625089,0.0610206,-1.15826,9.93866,2,0.0906414,0.0130537,-0.0268776
20.56,-1.12844,-1.10379,9.9421,9.93652,2,1.98095,2.98303,2.96633,0.338721,0.331366,2.00296e-15,0.024402,0.090688,0.08872,0.012724,0.0159321,-0.0262524,-0.0239008,0.00459807,-0.0198336,-0.0329796,-0.0508721,0.0625328,0.0610369,-1.12844,9.9421,2,0.090688,0.012724,-0.0262524
20.57,-1.0986,-1.07423,9.94544,9.93967,2,1.98089,2.98403,2.96736,0.329768,0.322556,1.99778e-15,0.0244912,0.0907333,0.0887222,0.0123941,0.0155874,-0.025627,-0.0232216,0.00447868,-0.0198253,-0.0329984,-0.0511302,0.0625562,0.0610529,-1.0986,9.94544,2,0.0907333,0.0123941,-0.025627
20.58,-1.06875,-1.04465,9.94869,9.94273,2,1.98082,2.98501,2.96836,0.320812,0.313746,1.99989e-15,0.0245787,0.0907775,0.0887235,0.012064,0.015238,-0.0250013,-0.0225418,0.0043592,-0.0198209,-0.0330166,-0.0513764,0.062579,0.0610688,-1.06875,9.94869,2,0.0907775,0.012064,-0.0250013
20.59,-1.0389,-1.01506,9.95185,9.9457,2,1.98076,2.98595,2.96933,0.311854,0.304936,1.99323e-15,0.0246644,0.0908205,0.0887233,0.0117338,0.0148834,-0.0243754,-0.0218615,0.00423963,-0.0198206,-0.0330344,-0.0516093,0.0626012,0.0610846,-1.0389,9.95185,2,0.0908205,0.0117338,-0.0243754
20.6,-1.00904,-0.985442,9.95493,9.9486,2,1.98069,2.98687,2.97028,0.302892,0.296126,2.0015e-15,0.0247466,0.0908623,0.0887223,0.0114033,0.0145237,-0.0237493,-0.0211809,0.00411998,-0.0198246,-0.0330517,-0.0518292,0.0626228,0.0611005,-1.00904,9.95493,2,0.0908623,0.0114033,-0.0237493
20.61,-0.979163,-0.95581,9.95791,9.95141,2,1.98062,2.98777,2.97119,0.293928,0.287316,2.02879e-15,0.0248268,0.0909029,0.08872,0.0110727,0.0141592,-0.0231229,-0.0205001,0.00400025,-0.0198318,-0.0330685,-0.0520371,0.0626439,0.0611164,-0.979163,9.95791,2,0.0909029,0.0110727,-0.0231229
20.62,-0.949281,-0.926159,9.96081,9.95413,2,1.98055,2.98863,2.97208,0.284961,0.278507,2.01981e-15,0.0249025,0.0909423,0.0887166,0.010742,0.01379,-0.0224964,-0.0198193,0.00388043,-0.0198426,-0.0330848,-0.0522301,0.0626645,0.0611323,-0.949281,9.96081,2,0.0909423,0.010742,-0.0224964
20.63,-0.91939,-0.896498,9.96361,9.95677,2,1.98048,2.98947,2.97294,0.275992,0.2697,2.00406e-15,0.0249742,0.0909805,0.0887122,0.0104111,0.0134163,-0.0218696,-0.0191389,0.00376054,-0.0198566,-0.0331006,-0.0524098,0.0626844,0.0611483,-0.91939,9.96361,2,0.0909805,0.0104111,-0.0218696
20.64,-0.889491,-0.866817,9.96633,9.95933,2,1.98041,2.99028,2.97376,0.26702,0.260895,2.02362e-15,0.0250414,0.0910176,0.0887071,0.01008,0.0130381,-0.0212427,-0.0184588,0.00364057,-0.0198743,-0.0331159,-0.0525758,0.0627038,0.0611645,-0.889491,9.96633,2,0.0910176,0.01008,-0.0212427
20.65,-0.859585,-0.83712,9.96895,9.96181,2,1.98033,2.99107,2.97456,0.258046,0.252088,2.03753e-15,0.0251034,0.0910534,0.088701,0.00974874,0.0126558,-0.0206156,-0.0177792,0.00352053,-0.0198944,-0.0331307,-0.0527295,0.0627227,0.061181,-0.859585,9.96895,2,0.0910534,0.00974874,-0.0206156
20.66,-0.82967,-0.807405,9.97149,9.9642,2,1.98026,2.99182,2.97533,0.24907,0.243283,2.03681e-15,0.0251602,0.091088,0.0886942,0.00941736,0.0122694,-0.0199882,-0.0171002,0.00340042,-0.0199173,-0.033145,-0.0528681,0.0627409,0.0611976,-0.82967,9.97149,2,0.091088,0.00941736,-0.0199882
20.67,-0.799748,-0.777683,9.97393,9.96651,2,1.98018,2.99256,2.97607,0.240091,0.234481,2.03086e-15,0.0252105,0.0911214,0.0886865,0.00908584,0.0118795,-0.0193607,-0.0164222,0.00328024,-0.0199402,-0.0331588,-0.0529952,0.0627586,0.0612145,-0.799748,9.97393,2,0.0911214,0.00908584,-0.0193607
20.68,-0.769819,-0.747948,9.97629,9.96873,2,1.98011,2.99326,2.97678,0.23111,0.22568,2.044e-15,0.0252556,0.0911536,0.0886783,0.00875418,0.0114862,-0.0187331,-0.0157451,0.00315999,-0.019967,-0.0331722,-0.0531069,0.0627758,0.0612316,-0.769819,9.97629,2,0.0911536,0.00875418,-0.0187331
20.69,-0.739883,-0.718205,9.97856,9.97087,2,1.98003,2.99394,2.97747,0.222127,0.216882,2.03875e-15,0.0252927,0.0911846,0.0886695,0.0084224,0.0110898,-0.0181052,-0.0150691,0.00303968,-0.0199935,-0.033185,-0.0532082,0.0627924,0.0612491,-0.739883,9.97856,2,0.0911846,0.0084224,-0.0181052
20.7,-0.70994,-0.688452,9.98073,9.97293,2,1.97996,2.99459,2.97812,0.213142,0.208086,2.03731e-15,0.0253233,0.0912144,0.0886604,0.00809048,0.0106909,-0.0174772,-0.0143942,0.00291931,-0.0200219,-0.0331973,-0.0532946,0.0628084,0.0612667,-0.70994,9.98073,2,0.0912144,0.00809048,-0.0174772
20.71,-0.679991,-0.658697,9.98282,9.9749,2,1.97988,2.99521,2.97875,0.204156,0.199295,2.03474e-15,0.0253466,0.0912429,0.0886505,0.00775845,0.0102893,-0.0168491,-0.0137209,0.00279888,-0.0200499,-0.0332092,-0.0533713,0.0628238,0.0612846,-0.679991,9.98282,2,0.0912429,0.00775845,-0.0168491
20.72,-0.650036,-0.628929,9.98482,9.97679,2,1.97981,2.99581,2.97934,0.195167,0.190504,2.04332e-15,0.0253618,0.0912703,0.0886403,0.0074263,0.00988569,-0.0162208,-0.0130488,0.0026784,-0.0200771,-0.0332205,-0.0534354,0.0628387,0.0613028,-0.650036,9.98482,2,0.0912703,0.0074263,-0.0162208
20.73,-0.620075,-0.599159,9.98672,9.9786,2,1.97974,2.99638,2.97991,0.186177,0.181717,2.06396e-15,0.0253702,0.0912965,0.0886296,0.00709404,0.0094806,-0.0155923,-0.0123782,0.00255786,-0.0201036,-0.0332314,-0.0534904,0.062853,0.0613211,-0.620075,9.98672,2,0.0912965,0.00709404,-0.0155923
20.74,-0.590109,-0.569386,9.98854,9.98032,2,1.97967,2.99692,2.98045,0.177185,0.172934,2.07153e-15,0.02537,0.0913215,0.0886188,0.00676167,0.00907405,-0.0149637,-0.0117092,0.00243727,-0.0201295,-0.0332418,-0.0535341,0.0628668,0.0613397,-0.590109,9.98854,2,0.0913215,0.00676167,-0.0149637
20.75,-0.560137,-0.53961,9.99027,9.98196,2,1.97959,2.99743,2.98096,0.168191,0.164155,2.05877e-15,0.0253623,0.0913453,0.0886074,0.00642921,0.00866661,-0.014335,-0.0110418,0.00231663,-0.0201529,-0.0332516,-0.0535682,0.06288,0.0613583,-0.560137,9.99027,2,0.0913453,0.00642921,-0.014335
20.76,-0.53016,-0.509834,9.9919,9.98351,2,1.97952,2.99792,2.98144,0.159196,0.155378,2.06047e-15,0.0253464,0.0913678,0.088596,0.00609664,0.00825861,-0.0137061,-0.0103761,0.00219594,-0.0201748,-0.033261,-0.0535929,0.0628926,0.061377,-0.53016,9.9919,2,0.0913678,0.00609664,-0.0137061
20.77,-0.500179,-0.480058,9.99345,9.98498,2,1.97945,2.99838,2.9819,0.1502,0.146607,2.06012e-15,0.0253219,0.0913892,0.0885842,0.00576399,0.00785046,-0.0130771,-0.00971204,0.00207521,-0.0201932,-0.0332699,-0.05361,0.0629046,0.0613958,-0.500179,9.99345,2,0.0913892,0.00576399,-0.0130771
20.78,-0.470193,-0.450287,9.99491,9.98636,2,1.97938,2.99882,2.98232,0.141202,0.13784,2.06809e-15,0.0252894,0.0914093,0.0885724,0.00543125,0.00744267,-0.012448,-0.00904986,0.00195443,-0.0202078,-0.0332782,-0.0536195,0.0629161,0.0614145,-0.470193,9.99491,2,0.0914093,0.00543125,-0.012448
20.79,-0.440202,-0.420517,9.99627,9.98766,2,1.97932,2.99923,2.98272,0.132203,0.129077,2.05599e-15,0.0252505,0.0914283,0.0885604,0.00509843,0.00703539,-0.0118188,-0.00838947,0.00183362,-0.0202194,-0.0332861,-0.0536209,0.062927,0.0614332,-0.440202,9.99627,2,0.0914283,0.00509843,-0.0118188
20.8,-0.410208,-0.390759,9.99755,9.98887,2,1.97925,2.99961,2.98309,0.123203,0.120321,2.05468e-15,0.0252031,0.091446,0.088548,0.00476553,0.00662946,-0.0111895,-0.00773098,0.00171277,-0.0202265,-0.0332935,-0.0536171,0.0629374,0.0614516,-0.410208,9.99755,2,0.091446,0.00476553,-0.0111895
20.81,-0.38021,-0.361001,9.99874,9.98999,2,1.97919,2.99996,2.98344,0.114202,0.111567,2.05303e-15,0.0251481,0.0914625,0.0885358,0.00443256,0.00622471,-0.01056,-0.0070742,0.00159189,-0.0202299,-0.0333004,-0.0536072,0.0629472,0.0614697,-0.38021,9.99874,2,0.0914625,0.00443256,-0.01056
20.82,-0.350209,-0.331248,9.99984,9.99103,2,1.97913,3.00029,2.98375,0.105199,0.102817,2.05159e-15,0.025086,0.0914778,0.0885236,0.00409952,0.0058219,-0.00993053,-0.00641926,0.00147097,-0.0202269,-0.0333068,-0.053592,0.0629564,0.0614876,-0.350209,9.99984,2,0.0914778,0.00409952,-0.00993053
20.83,-0.320205,-0.3015,10.0008,9.99199,2,1.97906,3.00058,2.98404,0.0961962,0.0940707,2.05511e-15,0.0250176,0.0914919,0.0885109,0.00376642,0.00542109,-0.00930092,-0.00576614,0.00135002,-0.0202201,-0.0333126,-0.0535715,0.0629651,0.061505,-0.320205,10.0008,2,0.0914919,0.00376642,-0.00930092
20.84,-0.290198,-0.27176,10.0018,9.99285,2,1.979,3.00086,2.98431,0.0871922,0.0853296,2.06268e-15,0.0249429,0.0915048,0.0884982,0.00343327,0.005023,-0.00867123,-0.00511484,0.00122905,-0.0202068,-0.033318,-0.0535451,0.0629731,0.0615218,-0.290198,10.0018,2,0.0915048,0.00343327,-0.00867123
20.85,-0.260188,-0.24203,10.0026,9.99363,2,1.97895,3.0011,2.98454,0.0781874,0.0765924,2.05675e-15,0.0248626,0.0915165,0.0884854,0.00310007,0.00462755,-0.00804146,-0.00446543,0.00110805,-0.0201883,-0.0333229,-0.0535165,0.0629807,0.061538,-0.260188,10.0026,2,0.0915165,0.00310007,-0.00804146
20.86,-0.230176,-0.212306,10.0033,9.99432,2,1.97889,3.00132,2.98475,0.069182,0.0678576,2.05574e-15,0.0247768,0.091527,0.0884725,0.00276681,0.00423552,-0.00741162,-0.00381782,0.000987023,-0.0201641,-0.0333273,-0.0534834,0.0629876,0.0615535,-0.230176,10.0033,2,0.091527,0.00276681,-0.00741162
20.87,-0.200161,-0.182594,10.004,9.99493,2,1.97883,3.00151,2.98493,0.060176,0.0591285,2.02573e-15,0.0246871,0.0915363,0.0884595,0.00243352,0.00384701,-0.00678171,-0.00317213,0.000865981,-0.020134,-0.0333312,-0.0534483,0.062994,0.0615681,-0.200161,10.004,2,0.0915363,0.00243352,-0.00678171
20.88,-0.170145,-0.152893,10.0045,9.99544,2,1.97878,3.00168,2.98509,0.0511694,0.0504037,2.02914e-15,0.0245928,0.0915443,0.0884463,0.00210019,0.00346243,-0.00615174,-0.00252826,0.000744917,-0.020098,-0.0333346,-0.0534086,0.0629998,0.0615818,-0.170145,10.0045,2,0.0915443,0.00210019,-0.00615174
20.89,-0.140128,-0.123195,10.005,9.99587,2,1.97873,3.00181,2.98522,0.0421624,0.0416785,2.03787e-15,0.0244951,0.0915512,0.0884331,0.00176683,0.00308167,-0.00552171,-0.00188615,0.000623842,-0.0200564,-0.0333375,-0.053367,0.0630051,0.0615944,-0.140128,10.005,2,0.0915512,0.00176683,-0.00552171
20.9,-0.110109,-0.0935028,10.0054,9.99621,2,1.97867,3.00192,2.98533,0.0331551,0.0329572,2.03957e-15,0.0243961,0.0915568,0.0884195,0.00143345,0.00270525,-0.00489164,-0.00124588,0.000502749,-0.0200096,-0.0333398,-0.0533216,0.0630098,0.061606,-0.110109,10.0054,2,0.0915568,0.00143345,-0.00489164
20.91,-0.0800896,-0.0638219,10.0057,9.99646,2,1.97862,3.00201,2.98541,0.0241475,0.0242388,2.03514e-15,0.0242939,0.0915612,0.0884059,0.00110004,0.00233349,-0.00426152,-0.000607453,0.00038165,-0.0199552,-0.0333417,-0.0532735,0.0630139,0.0616162,-0.0800896,10.0057,2,0.0915612,0.00110004,-0.00426152
20.92,-0.0500692,-0.0341428,10.0059,9.99663,2,1.97857,3.00206,2.98546,0.0151397,0.0155196,2.03554e-15,0.0241914,0.0915644,0.0883921,0.000766612,0.00196616,-0.00363136,2.92342e-05,0.000260538,-0.0198974,-0.0333431,-0.0532228,0.0630175,0.0616252,-0.0500692,10.0059,2,0.0915644,0.000766612,-0.00363136
20.93,-0.0200485,-0.00447432,10.006,9.9967,2,1.97852,3.00209,2.98549,0.00613174,0.00680315,2.03602e-15,0.0240875,0.0915664,0.0883778,0.000433176,0.00160404,-0.00300117,0.000664038,0.000139424,-0.019833,-0.033344,-0.0531698,0.0630204,0.0616327,-0.0200485,10.006,2,0.0915664,0.000433176,-0.00300117
20.94,0.00997248,0.0251905,10.006,9.99668,2,1.97847,3.00209,2.98549,-0.00287621,-0.0019123,2.03359e-15,0.0239853,0.0915672,0.0883632,9.97334e-05,0.00124686,-0.00237096,0.00129697,1.8303e-05,-0.0197638,-0.0333444,-0.0531134,0.0630229,0.0616388,0.00997248,10.006,2,0.0915672,9.97334e-05,-0.00237096
20.95,0.0399933,0.0548512,10.0059,9.99658,2,1.97842,3.00207,2.98547,-0.0118841,-0.0106287,2.03466e-15,0.0238832,0.0915668,0.0883484,-0.000233711,0.000895143,-0.00174072,0.00192815,-0.000102816,-0.0196894,-0.0333443,-0.053055,0.0630247,0.0616432,0.0399933,10.0059,2,0.0915668,-0.000233711,-0.00174072
20.96,0.0700137,0.0845003,10.0057,9.99639,2,1.97837,3.00202,2.98543,-0.0208919,-0.019343,2.03366e-15,0.0237838,0.0915652,0.088333,-0.000567151,0.000548325,-0.00111046,0.0025572,-0.000223937,-0.0196121,-0.0333437,-0.0529927,0.063026,0.061646,0.0700137,10.0057,2,0.0915652,-0.000567151,-0.00111046
20.97,0.100034,0.114154,10.0055,9.9961,2,1.97832,3.00194,2.98536,-0.0298994,-0.0280599,2.00508e-15,0.0236872,0.0915623,0.0883173,-0.000900583,0.000206597,-0.000480199,0.0031845,-0.000345051,-0.0195298,-0.0333426,-0.0529282,0.0630267,0.061647,0.100034,10.0055,2,0.0915623,-0.000900583,-0.000480199
20.98,0.130052,0.143805,10.0051,9.99573,2,1.97827,3.00183,2.98526,-0.0389066,-0.0367807,2.00508e-15,0.0235942,0.0915583,0.0883011,-0.001234,-0.000129588,0.000150069,0.0038099,-0.000466162,-0.0194452,-0.033341,-0.0528585,0.0630269,0.0616463,0.130052,10.0051,2,0.0915583,-0.001234,0.000150069
20.99,0.16007,0.173457,10.0047,9.99526,2,1.97822,3.0017,2.98514,-0.0479135,-0.0455009,2.00349e-15,0.0235051,0.091553,0.0882842,-0.0015674,-0.000460334,0.000780336,0.00443334,-0.000587262,-0.0193567,-0.0333389,-0.0527846,0.0630264,0.0616438,0.16007,10.0047,2,0.091553,-0.0015674,0.000780336
21,0.190086,0.203111,10.0042,9.9947,2,1.97817,3.00154,2.985,-0.0569199,-0.0542265,2.00547e-15,0.0234217,0.0915465,0.0882671,-0.00190078,-0.000785977,0.0014106,0.00505478,-0.000708354,-0.0192657,-0.0333363,-0.0527079,0.0630255,0.0616394,0.190086,10.0042,2,0.0915465,-0.00190078,0.0014106
21.01,0.220101,0.232762,10.0036,9.99406,2,1.97812,3.00135,2.98483,-0.0659258,-0.0629532,2.01364e-15,0.0233426,0.0915388,0.0882492,-0.00223413,-0.00110647,0.00204084,0.00567417,-0.00082943,-0.0191733,-0.0333332,-0.0526251,0.0630239,0.0616332,0.220101,10.0036,2,0.0915388,-0.00223413,0.00204084
21.02,0.250113,0.262419,10.0029,9.99332,2,1.97806,3.00114,2.98464,-0.0749311,-0.0716839,2.01534e-15,0.0232706,0.0915299,0.0882306,-0.00256744,-0.00142142,0.00267107,0.00629148,-0.000950493,-0.0190794,-0.0333296,-0.0525388,0.0630218,0.061625,0.250113,10.0029,2,0.0915299,-0.00256744,0.00267107
21.03,0.280123,0.292079,10.0021,9.9925,2,1.97801,3.00089,2.98443,-0.0839356,-0.0804192,2.0089e-15,0.0232053,0.0915198,0.0882111,-0.00290071,-0.00173154,0.00330128,0.00690657,-0.00107153,-0.018983,-0.0333255,-0.0524471,0.0630191,0.0616149,0.280123,10.0021,2,0.0915198,-0.00290071,0.00330128
21.04,0.310131,0.321742,10.0012,9.99158,2,1.97795,3.00063,2.98419,-0.0929394,-0.0891603,2.01788e-15,0.0231467,0.0915085,0.0881914,-0.00323395,-0.0020366,0.00393145,0.00751948,-0.00119256,-0.0188887,-0.0333209,-0.0523488,0.0630158,0.061603,0.310131,10.0012,2,0.0915085,-0.00323395,0.00393145
21.05,0.340136,0.351407,10.0002,9.99057,2,1.9779,3.00033,2.98393,-0.101942,-0.0979042,2.03427e-15,0.0230961,0.091496,0.0881703,-0.00356713,-0.00233708,0.00456159,0.0081301,-0.00131356,-0.0187924,-0.0333158,-0.0522455,0.063012,0.0615892,0.340136,10.0002,2,0.091496,-0.00356713,0.00456159
21.06,0.370137,0.381084,9.99914,9.98947,2,1.97784,3.00001,2.98365,-0.110944,-0.106655,2.03427e-15,0.0230538,0.0914822,0.0881486,-0.00390026,-0.00263289,0.00519169,0.00873851,-0.00143454,-0.0186972,-0.0333102,-0.052136,0.0630076,0.0615735,0.370137,9.99914,2,0.0914822,-0.00390026,0.00519169
21.07,0.400136,0.41077,9.99799,9.98828,2,1.97778,2.99966,2.98334,-0.119945,-0.115413,2.03427e-15,0.02302,0.0914673,0.0881261,-0.00423333,-0.00292462,0.00582174,0.00934456,-0.00155548,-0.0186048,-0.0333041,-0.0520195,0.0630027,0.0615562,0.400136,9.99799,2,0.0914673,-0.00423333,0.00582174
21.08,0.430131,0.440463,9.99675,9.987,2,1.97772,2.99928,2.98301,-0.128945,-0.124175,2.03427e-15,0.0229947,0.0914511,0.0881027,-0.00456634,-0.00321186,0.00645174,0.00994827,-0.0016764,-0.0185136,-0.0332975,-0.0518958,0.0629972,0.061537,0.430131,9.99675,2,0.0914511,-0.00456634,0.00645174
21.09,0.460121,0.470164,9.99541,9.98562,2,1.97766,2.99888,2.98267,-0.137944,-0.132946,2.03491e-15,0.0229784,0.0914337,0.0880782,-0.00489928,-0.00349565,0.00708168,0.0105495,-0.00179728,-0.0184232,-0.0332904,-0.0517665,0.0629911,0.0615162,0.460121,9.99541,2,0.0914337,-0.00489928,0.00708168
21.1,0.490108,0.499872,9.99399,9.98416,2,1.97759,2.99845,2.9823,-0.146941,-0.141722,2.03249e-15,0.0229715,0.0914152,0.0880524,-0.00523215,-0.00377546,0.00771156,0.0111482,-0.00191813,-0.0183355,-0.0332828,-0.0516305,0.0629844,0.0614938,0.490108,9.99399,2,0.0914152,-0.00523215,0.00771156
21.11,0.52009,0.529593,9.99247,9.98261,2,1.97753,2.99799,2.9819,-0.155937,-0.150505,2.02822e-15,0.0229733,0.0913954,0.088026,-0.00556493,-0.00405225,0.00834137,0.0117444,-0.00203895,-0.0182524,-0.0332747,-0.0514857,0.0629772,0.06147,0.52009,9.99247,2,0.0913954,-0.00556493,0.00834137
21.12,0.550068,0.559323,9.99087,9.98096,2,1.97746,2.99751,2.98149,-0.164932,-0.159295,2.02651e-15,0.0229844,0.0913744,0.0879982,-0.00589764,-0.00432562,0.0089711,0.0123381,-0.00215972,-0.0181715,-0.0332661,-0.0513361,0.0629694,0.0614448,0.550068,9.99087,2,0.0913744,-0.00589764,0.0089711
21.13,0.58004,0.589056,9.98917,9.97922,2,1.97739,2.99699,2.98106,-0.173925,-0.16809,2.03704e-15,0.0230044,0.0913522,0.0879695,-0.00623026,-0.00459658,0.00960076,0.012929,-0.00228045,-0.0180953,-0.033257,-0.0511773,0.0629611,0.0614183,0.58004,9.98917,2,0.0913522,-0.00623026,0.00960076
21.14,0.610008,0.618804,9.98739,9.9774,2,1.97732,2.99646,2.98061,-0.182916,-0.176894,2.03563e-15,0.0230326,0.0913288,0.0879393,-0.00656278,-0.00486519,0.0102303,0.0135174,-0.00240114,-0.0180217,-0.0332475,-0.0510122,0.0629521,0.0613908,0.610008,9.98739,2,0.0913288,-0.00656278,0.0102303
21.15,0.639969,0.64856,9.98552,9.97547,2,1.97724,2.99589,2.98014,-0.191906,-0.185703,2.00446e-15,0.0230704,0.0913042,0.087908,-0.0068952,-0.00513138,0.0108598,0.0141032,-0.00252178,-0.0179533,-0.0332374,-0.0508404,0.0629426,0.0613622,0.639969,9.98552,2,0.0913042,-0.0068952,0.0108598
21.16,0.669925,0.678328,9.98355,9.97346,2,1.97717,2.9953,2.97964,-0.200894,-0.19452,2.01474e-15,0.0231162,0.0912783,0.0878756,-0.00722752,-0.00539635,0.0114892,0.0146863,-0.00264237,-0.0178902,-0.0332268,-0.0506605,0.0629326,0.0613328,0.669925,9.98355,2,0.0912783,-0.00722752,0.0114892
21.17,0.699875,0.708103,9.9815,9.97136,2,1.97709,2.99468,2.97913,-0.20988,-0.203341,2.02687e-15,0.0231698,0.0912513,0.0878418,-0.00755974,-0.00565971,0.0121184,0.0152667,-0.00276291,-0.0178315,-0.0332157,-0.050476,0.062922,0.0613026,0.699875,9.9815,2,0.0912513,-0.00755974,0.0121184
21.18,0.729819,0.737884,9.97935,9.96916,2,1.97701,2.99403,2.9786,-0.218865,-0.212169,2.02727e-15,0.0232311,0.0912231,0.0878064,-0.00789184,-0.00592239,0.0127476,0.0158445,-0.0028834,-0.0177773,-0.0332042,-0.0502846,0.0629108,0.0612719,0.729819,9.97935,2,0.0912231,-0.00789184,0.0127476
21.19,0.759756,0.767674,9.97712,9.96688,2,1.97693,2.99336,2.97806,-0.227847,-0.221003,2.02982e-15,0.0232996,0.0911937,0.08777,-0.00822382,-0.00618403,0.0133767,0.0164197,-0.00300382,-0.0177285,-0.0331921,-0.0500879,0.062899,0.0612409,0.759756,9.97712,2,0.0911937,-0.00822382,0.0133767
21.2,0.789686,0.797467,9.9748,9.9645,2,1.97685,2.99266,2.97749,-0.236827,-0.22984,2.04354e-15,0.0233743,0.091163,0.0877322,-0.00855568,-0.0064458,0.0140056,0.0169923,-0.0031242,-0.0176859,-0.0331795,-0.0498837,0.0628867,0.0612097,0.789686,9.9748,2,0.091163,-0.00855568,0.0140056
21.21,0.819609,0.827263,9.97238,9.96203,2,1.97676,2.99193,2.9769,-0.245805,-0.238681,2.04497e-15,0.0234556,0.0911312,0.0876928,-0.00888741,-0.00670771,0.0146344,0.0175622,-0.0032445,-0.0176482,-0.0331665,-0.0496758,0.0628738,0.0611784,0.819609,9.97238,2,0.0911312,-0.00888741,0.0146344
21.22,0.849524,0.857067,9.96988,9.95947,2,1.97668,2.99118,2.9763,-0.254781,-0.247527,2.05765e-15,0.0235416,0.0910981,0.0876519,-0.00921901,-0.00696954,0.0152631,0.0181297,-0.00336475,-0.0176154,-0.0331529,-0.0494637,0.0628604,0.0611472,0.849524,9.96988,2,0.0910981,-0.00921901,0.0152631
21.23,0.879432,0.886869,9.96729,9.95682,2,1.97659,2.9904,2.97568,-0.263754,-0.256375,2.05142e-15,0.0236333,0.0910639,0.0876095,-0.00955047,-0.00723257,0.0158916,0.0186947,-0.00348493,-0.0175872,-0.0331389,-0.0492471,0.0628463,0.0611163,0.879432,9.96729,2,0.0910639,-0.00955047,0.0158916
21.24,0.909332,0.916678,9.96461,9.95408,2,1.9765,2.98959,2.97505,-0.272725,-0.265226,2.05012e-15,0.0237291,0.0910284,0.0875657,-0.00988178,-0.0074963,0.01652,0.0192574,-0.00360504,-0.0175653,-0.0331244,-0.049029,0.0628318,0.0610859,0.909332,9.96461,2,0.0910284,-0.00988178,0.01652
21.25,0.939224,0.946481,9.96183,9.95124,2,1.97641,2.98875,2.97439,-0.281694,-0.274077,2.05511e-15,0.0238286,0.0909918,0.0875201,-0.010213,-0.00776202,0.0171482,0.0198176,-0.00372508,-0.0175489,-0.0331093,-0.0488051,0.0628166,0.0610562,0.939224,9.96183,2,0.0909918,-0.010213,0.0171482
21.26,0.969107,0.976284,9.95897,9.94831,2,1.97631,2.98789,2.97372,-0.29066,-0.28293,2.05097e-15,0.0239307,0.0909539,0.0874729,-0.010544,-0.00802901,0.0177763,0.0203757,-0.00384505,-0.0175367,-0.0330938,-0.0485808,0.0628009,0.0610272,0.969107,9.95897,2,0.0909539,-0.010544,0.0177763
21.27,0.998982,1.00609,9.95602,9.94529,2,1.97622,2.987,2.97303,-0.299624,-0.291784,2.04727e-15,0.0240358,0.0909149,0.0874241,-0.0108748,-0.00829858,0.0184042,0.0209316,-0.00396495,-0.0175299,-0.0330778,-0.0483559,0.0627846,0.0609991,0.998982,9.95602,2,0.0909149,-0.0108748,0.0184042
21.28,1.02885,1.03588,9.95298,9.94219,2,1.97612,2.98609,2.97232,-0.308584,-0.300637,2.03627e-15,0.0241421,0.0908746,0.0873733,-0.0112055,-0.00857054,0.019032,0.0214855,-0.00408476,-0.0175269,-0.0330613,-0.0481285,0.0627678,0.0609722,1.02885,9.95298,2,0.0908746,-0.0112055,0.019032
21.29,1.0587,1.06567,9.94985,9.93898,2,1.97603,2.98515,2.9716,-0.317542,-0.309488,2.0139e-15,0.0242497,0.0908332,0.0873206,-0.011536,-0.00884497,0.0196596,0.0220375,-0.0042045,-0.0175289,-0.0330443,-0.0479029,0.0627504,0.0609464,1.0587,9.94985,2,0.0908332,-0.011536,0.0196596
21.3,1.08855,1.09545,9.94663,9.93569,2,1.97593,2.98418,2.97086,-0.326497,-0.318337,2.01488e-15,0.0243574,0.0907905,0.0872662,-0.0118664,-0.00912205,0.020287,0.0225875,-0.00432415,-0.0175342,-0.0330268,-0.0476779,0.0627324,0.0609221,1.08855,9.94663,2,0.0907905,-0.0118664,0.020287
21.31,1.11839,1.12522,9.94332,9.93231,2,1.97583,2.98318,2.9701,-0.335449,-0.327183,2.01949e-15,0.0244653,0.0907467,0.0872097,-0.0121966,-0.0094027,0.0209142,0.023136,-0.00444372,-0.0175453,-0.0330088,-0.0474534,0.0627139,0.0608993,1.11839,9.94332,2,0.0907467,-0.0121966,0.0209142
21.32,1.14821,1.15499,9.93992,9.92883,2,1.97573,2.98216,2.96933,-0.344398,-0.336027,1.99894e-15,0.0245723,0.0907017,0.0871512,-0.0125266,-0.00968664,0.0215413,0.023683,-0.00456321,-0.0175581,-0.0329903,-0.0472322,0.0626948,0.0608781,1.14821,9.93992,2,0.0907017,-0.0125266,0.0215413
21.33,1.17803,1.18474,9.93643,9.92526,2,1.97563,2.98111,2.96853,-0.353344,-0.344864,1.98248e-15,0.0246787,0.0906554,0.0870906,-0.0128564,-0.00997423,0.0221681,0.0242286,-0.0046826,-0.0175753,-0.0329714,-0.0470131,0.0626751,0.0608586,1.17803,9.93643,2,0.0906554,-0.0128564,0.0221681
21.34,1.20784,1.21448,9.93285,9.9216,2,1.97553,2.98003,2.96772,-0.362287,-0.353698,1.97391e-15,0.024783,0.090608,0.0870276,-0.013186,-0.0102657,0.0227948,0.0247729,-0.0048019,-0.0175948,-0.0329519,-0.0467973,0.0626549,0.0608409,1.20784,9.93285,2,0.090608,-0.013186,0.0227948
21.35,1.23763,1.2442,9.92918,9.91785,2,1.97543,2.97893,2.96689,-0.371226,-0.362524,1.96017e-15,0.0248848,0.0905594,0.0869625,-0.0135154,-0.0105611,0.0234212,0.0253162,-0.00492111,-0.0176178,-0.032932,-0.0465869,0.0626341,0.060825,1.23763,9.92918,2,0.0905594,-0.0135154,0.0234212
21.36,1.26741,1.27391,9.92543,9.914,2,1.97533,2.9778,2.96604,-0.380162,-0.371346,1.97461e-15,0.0249842,0.0905096,0.086895,-0.0138446,-0.0108606,0.0240475,0.0258585,-0.00504022,-0.017644,-0.0329116,-0.0463806,0.0626127,0.0608112,1.26741,9.92543,2,0.0905096,-0.0138446,0.0240475
21.37,1.29719,1.3036,9.92158,9.91007,2,1.97523,2.97664,2.96517,-0.389094,-0.380161,1.98433e-15,0.0250807,0.0904586,0.0868251,-0.0141737,-0.0111644,0.0246735,0.0264001,-0.00515923,-0.0176704,-0.0328907,-0.0461801,0.0625908,0.0607993,1.29719,9.92158,2,0.0904586,-0.0141737,0.0246735
21.38,1.32695,1.33327,9.91765,9.90604,2,1.97512,2.97546,2.96428,-0.398023,-0.388965,1.98222e-15,0.0251738,0.0904064,0.0867524,-0.0145025,-0.0114726,0.0252993,0.0269409,-0.00527814,-0.0176999,-0.0328693,-0.0459851,0.0625683,0.0607894,1.32695,9.91765,2,0.0904064,-0.0145025,0.0252993
21.39,1.3567,1.36293,9.91362,9.90192,2,1.97502,2.97425,2.96338,-0.406949,-0.397764,1.98546e-15,0.0252632,0.090353,0.0866775,-0.014831,-0.0117852,0.0259249,0.0274813,-0.00539695,-0.0177309,-0.0328474,-0.045797,0.0625452,0.0607816,1.3567,9.91362,2,0.090353,-0.014831,0.0259249
21.4,1.38643,1.39257,9.90951,9.89771,2,1.97492,2.97301,2.96245,-0.41587,-0.406552,1.9912e-15,0.0253494,0.0902985,0.0865996,-0.0151594,-0.0121025,0.0265502,0.0280215,-0.00551566,-0.017763,-0.032825,-0.0456144,0.0625216,0.0607758,1.38643,9.90951,2,0.0902985,-0.0151594,0.0265502
21.41,1.41616,1.42219,9.9053,9.89341,2,1.97481,2.97174,2.96149,-0.424788,-0.415334,2.00503e-15,0.025431,0.0902427,0.0865192,-0.0154875,-0.0124244,0.0271753,0.0285615,-0.00563425,-0.0177956,-0.0328021,-0.0454399,0.0624975,0.060772,1.41616,9.9053,2,0.0902427,-0.0154875,0.0271753
21.42,1.44587,1.45179,9.90101,9.88902,2,1.97471,2.97045,2.96052,-0.433702,-0.424105,1.99992e-15,0.025509,0.0901858,0.086436,-0.0158154,-0.0127507,0.0278001,0.0291016,-0.00575274,-0.0178301,-0.0327788,-0.0452728,0.0624727,0.0607702,1.44587,9.90101,2,0.0901858,-0.0158154,0.0278001
21.43,1.47556,1.48137,9.89663,9.88454,2,1.97461,2.96914,2.95952,-0.442612,-0.432866,1.97727e-15,0.0255826,0.0901277,0.08635,-0.0161431,-0.013082,0.0284247,0.0296418,-0.00587111,-0.0178641,-0.032755,-0.0451128,0.0624474,0.0607703,1.47556,9.89663,2,0.0901277,-0.0161431,0.0284247
21.44,1.50525,1.51093,9.89216,9.87997,2,1.9745,2.96779,2.95851,-0.451519,-0.441618,1.97598e-15,0.0256522,0.0900684,0.0862609,-0.0164705,-0.0134179,0.0290491,0.0301824,-0.00598937,-0.0178992,-0.0327307,-0.0449612,0.0624216,0.0607724,1.50525,9.89216,2,0.0900684,-0.0164705,0.0290491
21.45,1.53492,1.54047,9.8876,9.8753,2,1.9744,2.96642,2.95746,-0.460421,-0.45036,1.9781e-15,0.0257179,0.0900079,0.0861688,-0.0167977,-0.0137586,0.0296732,0.0307234,-0.00610751,-0.017934,-0.0327059,-0.0448179,0.0623951,0.0607762,1.53492,9.8876,2,0.0900079,-0.0167977,0.0296732
21.46,1.56458,1.56999,9.88295,9.87055,2,1.97429,2.96502,2.95639,-0.469318,-0.45909,1.9588e-15,0.0257789,0.0899462,0.0860737,-0.0171247,-0.0141036,0.030297,0.031265,-0.00622553,-0.0179674,-0.0326806,-0.0446824,0.0623682,0.0607817,1.56458,9.88295,2,0.0899462,-0.0171247,0.030297
21.47,1.59422,1.59949,9.87821,9.8657,2,1.97419,2.9636,2.9553,-0.478212,-0.467811,1.94829e-15,0.0258358,0.0898834,0.0859758,-0.0174513,-0.0144533,0.0309205,0.0318075,-0.00634343,-0.0180008,-0.0326549,-0.0445566,0.0623406,0.0607889,1.59422,9.87821,2,0.0898834,-0.0174513,0.0309205
21.48,1.62385,1.62897,9.87339,9.86077,2,1.97409,2.96215,2.95418,-0.487101,-0.476522,1.94071e-15,0.0258889,0.0898193,0.0858748,-0.0177778,-0.0148077,0.0315438,0.0323509,-0.00646121,-0.0180338,-0.0326286,-0.0444369,0.0623125,0.0607974,1.62385,9.87339,2,0.0898193,-0.0177778,0.0315438
21.49,1.65346,1.65842,9.86847,9.85574,2,1.97398,2.96067,2.95303,-0.495986,-0.485223,1.9521e-15,0.025938,0.0897541,0.0857707,-0.0181039,-0.0151666,0.0321668,0.0328953,-0.00657885,-0.0180655,-0.0326019,-0.0443259,0.0622838,0.0608074,1.65346,9.86847,2,0.0897541,-0.0181039,0.0321668
21.5,1.68306,1.68786,9.86347,9.85063,2,1.97388,2.95916,2.95185,-0.504866,-0.493913,1.95452e-15,0.0259837,0.0896878,0.0856635,-0.0184298,-0.0155294,0.0327895,0.0334409,-0.00669638,-0.0180959,-0.0325747,-0.0442237,0.0622546,0.0608185,1.68306,9.86347,2,0.0896878,-0.0184298,0.0327895
21.51,1.71265,1.71728,9.85837,9.84542,2,1.97378,2.95763,2.95065,-0.513742,-0.502595,1.95563e-15,0.0260259,0.0896202,0.0855535,-0.0187554,-0.0158969,0.0334119,0.0339879,-0.00681377,-0.0181248,-0.032547,-0.0441283,0.0622248,0.0608307,1.71265,9.85837,2,0.0896202,-0.0187554,0.0334119
21.52,1.74222,1.74668,9.85319,9.84013,2,1.97368,2.95607,2.94941,-0.522613,-0.511265,1.95152e-15,0.0260651,0.0895515,0.0854402,-0.0190807,-0.0162683,0.034034,0.0345362,-0.00693103,-0.0181523,-0.0325189,-0.0440419,0.0621945,0.0608437,1.74222,9.85319,2,0.0895515,-0.0190807,0.034034
21.53,1.77177,1.77606,9.84792,9.83475,2,1.97358,2.95449,2.94815,-0.53148,-0.519926,1.97714e-15,0.0261013,0.0894816,0.0853242,-0.0194058,-0.0166439,0.0346558,0.035086,-0.00704815,-0.0181777,-0.0324903,-0.0439629,0.0621636,0.0608575,1.77177,9.84792,2,0.0894816,-0.0194058,0.0346558
21.54,1.8013,1.80542,9.84256,9.82928,2,1.97347,2.95288,2.94685,-0.540341,-0.528578,1.99288e-15,0.0261347,0.0894105,0.0852053,-0.0197305,-0.0170232,0.0352772,0.0356375,-0.00716514,-0.0182013,-0.0324612,-0.0438901,0.0621321,0.0608717,1.8013,9.84256,2,0.0894105,-0.0197305,0.0352772
21.55,1.83083,1.83475,9.83712,9.82372,2,1.97337,2.95124,2.94553,-0.549198,-0.537221,1.9963e-15,0.0261651,0.0893383,0.0850839,-0.020055,-0.0174063,0.0358984,0.0361905,-0.00728198,-0.0182236,-0.0324316,-0.0438239,0.0621001,0.0608863,1.83083,9.83712,2,0.0893383,-0.020055,0.0358984
21.56,1.86033,1.86408,9.83158,9.81807,2,1.97327,2.94958,2.94417,-0.55805,-0.545856,1.97916e-15,0.026193,0.0892649,0.0849598,-0.0203792,-0.0177931,0.0365192,0.0367455,-0.00739869,-0.0182433,-0.0324015,-0.0437652,0.0620675,0.060901,1.86033,9.83158,2,0.0892649,-0.0203792,0.0365192
21.57,1.88982,1.89338,9.82595,9.81234,2,1.97318,2.94789,2.94278,-0.566896,-0.554482,1.96945e-15,0.0262198,0.0891903,0.0848329,-0.020703,-0.0181833,0.0371397,0.0373023,-0.00751524,-0.0182603,-0.032371,-0.0437125,0.0620343,0.0609155,1.88982,9.82595,2,0.0891903,-0.020703,0.0371397
21.58,1.91929,1.92267,9.82024,9.80651,2,1.97308,2.94617,2.94135,-0.575738,-0.563102,1.99516e-15,0.026244,0.0891146,0.0847038,-0.0210266,-0.0185766,0.0377599,0.037861,-0.00763166,-0.0182745,-0.03234,-0.0436666,0.0620006,0.0609297,1.91929,9.82024,2,0.0891146,-0.0210266,0.0377599
21.59,1.94874,1.95194,9.81444,9.80061,2,1.97298,2.94442,2.93989,-0.584574,-0.571714,2.01727e-15,0.0262671,0.0890377,0.0845727,-0.0213498,-0.018973,0.0383798,0.0384216,-0.00774792,-0.0182867,-0.0323086,-0.0436239,0.0619664,0.0609434,1.94874,9.81444,2,0.0890377,-0.0213498,0.0383798
21.6,1.97818,1.98119,9.80855,9.79461,2,1.97288,2.94265,2.9384,-0.593405,-0.58032,2.02926e-15,0.0262887,0.0889596,0.0844392,-0.0216727,-0.0193722,0.0389992,0.0389844,-0.00786404,-0.0182959,-0.0322766,-0.0435882,0.0619315,0.0609564,1.97818,9.80855,2,0.0889596,-0.0216727,0.0389992
21.61,2.00759,2.01043,9.80257,9.78853,2,1.97279,2.94086,2.93687,-0.602231,-0.588919,2.05651e-15,0.0263094,0.0888804,0.0843041,-0.0219954,-0.0197743,0.0396184,0.0395492,-0.00798,-0.0183024,-0.0322442,-0.0435544,0.0618962,0.0609684,2.00759,9.80257,2,0.0888804,-0.0219954,0.0396184
21.62,2.03699,2.03964,9.7965,9.78237,2,1.9727,2.93903,2.93531,-0.611051,-0.597513,2.04892e-15,0.0263281,0.0888,0.0841674,-0.0223176,-0.0201785,0.0402372,0.0401161,-0.00809581,-0.0183061,-0.0322113,-0.0435263,0.0618602,0.0609793,2.03699,9.7965,2,0.0888,-0.0223176,0.0402372
21.63,2.06637,2.06884,9.79035,9.77612,2,1.9726,2.93718,2.93372,-0.619866,-0.6061,2.03825e-15,0.0263473,0.0887185,0.084029,-0.0226396,-0.0205852,0.0408556,0.040685,-0.00821146,-0.0183066,-0.032178,-0.0435025,0.0618237,0.0609887,2.06637,9.79035,2,0.0887185,-0.0226396,0.0408556
21.64,2.09574,2.09803,9.78411,9.76978,2,1.97251,2.93531,2.93209,-0.628675,-0.614685,2.03484e-15,0.0263654,0.0886358,0.0838893,-0.0229612,-0.020994,0.0414736,0.0412562,-0.00832695,-0.0183043,-0.0321442,-0.0434802,0.0617867,0.0609966,2.09574,9.78411,2,0.0886358,-0.0229612,0.0414736
21.65,2.12508,2.1272,9.77778,9.76336,2,1.97242,2.93341,2.93042,-0.637478,-0.623265,2.02536e-15,0.026383,0.0885519,0.083749,-0.0232825,-0.0214046,0.0420913,0.0418295,-0.00844227,-0.0182992,-0.0321099,-0.0434619,0.0617491,0.0610027,2.12508,9.77778,2,0.0885519,-0.0232825,0.0420913
21.66,2.1544,2.15635,9.77136,9.75685,2,1.97233,2.93148,2.92872,-0.646276,-0.631842,2.02536e-15,0.0263994,0.0884669,0.0836078,-0.0236034,-0.0218165,0.0427086,0.042405,-0.00855744,-0.0182908,-0.0320752,-0.0434458,0.0617109,0.0610067,2.1544,9.77136,2,0.0884669,-0.0236034,0.0427086
21.67,2.18371,2.18548,9.76485,9.75027,2,1.97225,2.92952,2.92698,-0.655067,-0.640416,2.02472e-15,0.0264164,0.0883808,0.0834658,-0.023924,-0.0222301,0.0433255,0.0429827,-0.00867243,-0.018279,-0.03204,-0.0434303,0.0616722,0.0610086,2.18371,9.76485,2,0.0883808,-0.023924,0.0433255
21.68,2.21299,2.2146,9.75826,9.7436,2,1.97216,2.92754,2.9252,-0.663853,-0.648989,2.02715e-15,0.0264323,0.0882935,0.0833242,-0.0242442,-0.0226449,0.0439421,0.0435624,-0.00878727,-0.0182648,-0.0320043,-0.0434164,0.061633,0.0610081,2.21299,9.75826,2,0.0882935,-0.0242442,0.0439421
21.69,2.24226,2.24371,9.75157,9.73684,2,1.97208,2.92553,2.92339,-0.672633,-0.657558,2.03289e-15,0.0264485,0.0882051,0.0831824,-0.024564,-0.0230604,0.0445582,0.0441442,-0.00890192,-0.0182463,-0.0319682,-0.0434038,0.0615931,0.0610051,2.24226,9.75157,2,0.0882051,-0.024564,0.0445582
21.7,2.27151,2.27279,9.7448,9.73,2,1.972,2.9235,2.92155,-0.681407,-0.666126,2.02916e-15,0.0264641,0.0881155,0.0830408,-0.0248835,-0.0234766,0.0451739,0.0447281,-0.00901641,-0.0182256,-0.0319316,-0.0433921,0.0615528,0.0609993,2.27151,9.7448,2,0.0881155,-0.0248835,0.0451739
21.71,2.30073,2.30185,9.73795,9.72309,2,1.97192,2.92144,2.91967,-0.690174,-0.674691,2.02393e-15,0.0264799,0.0880247,0.0828999,-0.0252027,-0.0238931,0.0457892,0.0453139,-0.00913072,-0.0182013,-0.0318945,-0.0433798,0.0615118,0.0609907,2.30073,9.73795,2,0.0880247,-0.0252027,0.0457892
21.72,2.32993,2.3309,9.731,9.71609,2,1.97184,2.91935,2.91775,-0.698936,-0.683258,2.01504e-15,0.0264947,0.0879328,0.08276,-0.0255214,-0.0243097,0.0464042,0.0459019,-0.00924486,-0.0181732,-0.031857,-0.0433698,0.0614703,0.0609791,2.32993,9.731,2,0.0879328,-0.0255214,0.0464042
21.73,2.35912,2.35994,9.72397,9.70901,2,1.97177,2.91724,2.9158,-0.707691,-0.691825,2.00079e-15,0.0265095,0.0878398,0.0826213,-0.0258398,-0.0247263,0.0470186,0.0464917,-0.00935881,-0.018144,-0.031819,-0.0433562,0.0614283,0.0609643,2.35912,9.72397,2,0.0878398,-0.0258398,0.0470186
21.74,2.38828,2.38895,9.71685,9.70184,2,1.9717,2.9151,2.91382,-0.716439,-0.700393,2.00321e-15,0.0265235,0.0877457,0.0824838,-0.0261578,-0.0251428,0.0476327,0.0470834,-0.00947259,-0.0181093,-0.0317806,-0.0433429,0.0613857,0.0609462,2.38828,9.71685,2,0.0877457,-0.0261578,0.0476327
21.75,2.41742,2.41794,9.70964,9.6946,2,1.97163,2.91293,2.9118,-0.725181,-0.70896,2.00769e-15,0.0265363,0.0876504,0.0823483,-0.0264754,-0.0255583,0.0482464,0.0476769,-0.00958618,-0.0180736,-0.0317417,-0.0433296,0.0613426,0.0609247,2.41742,9.70964,2,0.0876504,-0.0264754,0.0482464
21.76,2.44654,2.44691,9.70234,9.68728,2,1.97156,2.91074,2.90975,-0.733917,-0.717529,2.01084e-15,0.0265488,0.0875539,0.0822145,-0.0267926,-0.0259732,0.0488596,0.0482721,-0.00969959,-0.018033,-0.0317024,-0.0433122,0.0612989,0.0608998,2.44654,9.70234,2,0.0875539,-0.0267926,0.0488596
21.77,2.47563,2.47587,9.69496,9.67988,2,1.9715,2.90852,2.90767,-0.742646,-0.7261,2.02605e-15,0.0265598,0.0874564,0.0820834,-0.0271095,-0.0263869,0.0494723,0.048869,-0.0098128,-0.017992,-0.0316626,-0.0432951,0.0612546,0.0608713,2.47563,9.69496,2,0.0874564,-0.0271095,0.0494723
21.78,2.50471,2.5048,9.68749,9.67239,2,1.97144,2.90628,2.90555,-0.751368,-0.734671,2.02394e-15,0.0265694,0.0873577,0.0819544,-0.0274259,-0.0267993,0.0500847,0.0494674,-0.00992584,-0.0179463,-0.0316223,-0.0432764,0.0612098,0.0608393,2.50471,9.68749,2,0.0873577,-0.0274259,0.0500847
21.79,2.53376,2.53371,9.67993,9.66483,2,1.97139,2.90401,2.9034,-0.760084,-0.743245,2.02575e-15,0.0265779,0.0872579,0.0818281,-0.0277419,-0.0272097,0.0506965,0.0500673,-0.0100387,-0.0178982,-0.0315816,-0.0432568,0.0611645,0.0608035,2.53376,9.67993,2,0.0872579,-0.0277419,0.0506965
21.8,2.56279,2.56259,9.67229,9.65719,2,1.97134,2.90171,2.90122,-0.768792,-0.751819,2.03491e-15,0.0265853,0.0871569,0.081705,-0.0280575,-0.0276185,0.0513079,0.0506686,-0.0101513,-0.017848,-0.0315405,-0.0432323,0.0611186,0.060764,2.56279,9.67229,2,0.0871569,-0.0280575,0.0513079
21.81,2.59179,2.59146,9.66456,9.64947,2,1.97129,2.89939,2.899,-0.777494,-0.760398,2.05481e-15,0.0265901,0.0870548,0.0815848,-0.0283727,-0.0280251,0.0519189,0.0512712,-0.0102638,-0.0177952,-0.0314989,-0.043206,0.0610721,0.0607208,2.59179,9.66456,2,0.0870548,-0.0283727,0.0519189
21.82,2.62077,2.6203,9.65674,9.64167,2,1.97124,2.89704,2.89676,-0.786188,-0.768978,2.03767e-15,0.0265934,0.0869517,0.0814678,-0.0286875,-0.0284294,0.0525294,0.051875,-0.010376,-0.0177404,-0.0314569,-0.0431772,0.0610251,0.060674,2.62077,9.65674,2,0.0869517,-0.0286875,0.0525294
21.83,2.64973,2.64912,9.64883,9.63379,2,1.9712,2.89466,2.89449,-0.794876,-0.777561,2.02915e-15,0.0265936,0.0868473,0.0813547,-0.0290019,-0.028831,0.0531394,0.0524798,-0.0104881,-0.0176842,-0.0314144,-0.0431472,0.0609776,0.0606233,2.64973,9.64883,2,0.0868473,-0.0290019,0.0531394
21.84,2.67867,2.67791,9.64084,9.62584,2,1.97117,2.89226,2.89219,-0.803556,-0.786149,2.02327e-15,0.0265917,0.0867419,0.0812451,-0.0293158,-0.0292299,0.0537489,0.0530857,-0.0105999,-0.0176265,-0.0313714,-0.0431123,0.0609295,0.060569,2.67867,9.64084,2,0.0867419,-0.0293158,0.0537489
21.85,2.70758,2.70667,9.63276,9.6178,2,1.97113,2.88983,2.88985,-0.812229,-0.794738,2.00688e-15,0.0265863,0.0866353,0.0811394,-0.0296293,-0.0296255,0.054358,0.0536925,-0.0107116,-0.0175663,-0.031328,-0.0430764,0.0608808,0.060511,2.70758,9.63276,2,0.0866353,-0.0296293,0.054358
21.86,2.73646,2.73541,9.6246,9.60969,2,1.97111,2.88738,2.8875,-0.820895,-0.80333,2.00872e-15,0.0265785,0.0865277,0.0810376,-0.0299424,-0.0300179,0.0549666,0.0543,-0.010823,-0.0175057,-0.0312842,-0.0430375,0.0608316,0.0604495,2.73646,9.6246,2,0.0865277,-0.0299424,0.0549666
21.87,2.76533,2.76412,9.61634,9.60149,2,1.97108,2.8849,2.88511,-0.829553,-0.811926,2.01112e-15,0.0265667,0.0864189,0.08094,-0.030255,-0.0304067,0.0555746,0.0549082,-0.0109342,-0.0174432,-0.03124,-0.0429957,0.0607819,0.0603843,2.76533,9.61634,2,0.0864189,-0.030255,0.0555746
21.88,2.79416,2.7928,9.60801,9.59322,2,1.97106,2.8824,2.88269,-0.838204,-0.820521,2.00254e-15,0.0265517,0.086309,0.080846,-0.0305671,-0.0307917,0.0561822,0.0555168,-0.0110452,-0.0173806,-0.0311952,-0.0429508,0.0607316,0.0603158,2.79416,9.60801,2,0.086309,-0.0305671,0.0561822
21.89,2.82297,2.82146,9.59958,9.58488,2,1.97105,2.87987,2.88025,-0.846847,-0.829123,1.98885e-15,0.0265328,0.086198,0.0807566,-0.0308789,-0.0311728,0.0567892,0.0561261,-0.0111561,-0.0173162,-0.0311501,-0.0429024,0.0606808,0.0602438,2.82297,9.59958,2,0.086198,-0.0308789,0.0567892
21.9,2.85176,2.85008,9.59107,9.57645,2,1.97104,2.87731,2.87779,-0.855483,-0.837726,2.00401e-15,0.0265102,0.0860858,0.0806713,-0.0311901,-0.03155,0.0573958,0.0567356,-0.0112666,-0.0172534,-0.0311045,-0.0428506,0.0606294,0.0601686,2.85176,9.59107,2,0.0860858,-0.0311901,0.0573958
21.91,2.88052,2.87868,9.58247,9.56794,2,1.97104,2.87473,2.87529,-0.86411,-0.846332,2.00409e-15,0.026483,0.0859726,0.0805903,-0.031501,-0.031923,0.0580018,0.0573454,-0.011377,-0.0171904,-0.0310585,-0.0427962,0.0605775,0.0600902,2.88052,9.58247,2,0.0859726,-0.031501,0.0580018
21.92,2.90925,2.90724,9.57379,9.55936,2,1.97104,2.87212,2.87278,-0.87273,-0.854943,2.00409e-15,0.026451,0.0858583,0.0805134,-0.0318113,-0.0322913,0.0586073,0.0579553,-0.0114872,-0.0171271,-0.031012,-0.0427395,0.060525,0.0600088,2.90925,9.57379,2,0.0858583,-0.0318113,0.0586073
21.93,2.93796,2.93578,9.56502,9.5507,2,1.97104,2.86948,2.87024,-0.881343,-0.863554,2.00335e-15,0.0264154,0.0857429,0.0804406,-0.0321212,-0.032655,0.0592123,0.0585652,-0.0115971,-0.0170649,-0.0309651,-0.0426806,0.060472,0.0599245,2.93796,9.56502,2,0.0857429,-0.0321212,0.0592123
21.94,2.96664,2.96428,9.55616,9.54196,2,1.97105,2.86682,2.86767,-0.889947,-0.872169,2.00505e-15,0.026374,0.0856264,0.0803719,-0.0324306,-0.0330141,0.0598168,0.059175,-0.0117068,-0.0170038,-0.0309178,-0.0426188,0.0604184,0.0598374,2.96664,9.55616,2,0.0856264,-0.0324306,0.0598168
21.95,2.9953,2.99275,9.54722,9.53314,2,1.97107,2.86414,2.86509,-0.898543,-0.880785,2.00405e-15,0.026328,0.0855088,0.0803073,-0.0327396,-0.0333683,0.0604207,0.0597846,-0.0118163,-0.0169435,-0.03087,-0.0425543,0.0603643,0.0597478,2.9953,9.54722,2,0.0855088,-0.0327396,0.0604207
21.96,3.02393,3.02119,9.53819,9.52424,2,1.97109,2.86142,2.86248,-0.907131,-0.889403,1.99247e-15,0.0262769,0.08539,0.0802468,-0.033048,-0.0337175,0.0610241,0.0603937,-0.0119256,-0.0168863,-0.0308218,-0.0424867,0.0603097,0.0596557,3.02393,9.53819,2,0.08539,-0.033048,0.0610241
21.97,3.05253,3.04959,9.52907,9.51527,2,1.97112,2.85869,2.85984,-0.915711,-0.898023,1.96563e-15,0.0262203,0.0852702,0.08019,-0.033356,-0.0340618,0.0616269,0.0610026,-0.0120346,-0.0168298,-0.0307732,-0.0424166,0.0602545,0.0595613,3.05253,9.52907,2,0.0852702,-0.033356,0.0616269
21.98,3.0811,3.07797,9.51987,9.50621,2,1.97115,2.85592,2.85719,-0.924282,-0.906645,1.96805e-15,0.0261589,0.0851494,0.0801369,-0.0336635,-0.0344009,0.0622292,0.061611,-0.0121434,-0.0167764,-0.0307242,-0.042345,0.0601987,0.0594648,3.0811,9.51987,2,0.0851494,-0.0336635,0.0622292
21.99,3.10965,3.10631,9.51059,9.49707,2,1.97118,2.85313,2.85451,-0.932845,-0.915268,1.97364e-15,0.0260924,0.0850274,0.0800872,-0.0339705,-0.034735,0.0628309,0.0622188,-0.012252,-0.0167247,-0.0306747,-0.0422694,0.0601425,0.0593664,3.10965,9.51059,2,0.0850274,-0.0339705,0.0628309
22,3.13816,3.13462,9.50122,9.48786,2,1.97122,2.85032,2.85182,-0.9414,-0.923894,1.96848e-15,0.02602,0.0849043,0.0800411,-0.034277,-0.035064,0.063432,0.0628261,-0.0123604,-0.016677,-0.0306248,-0.042193,0.0600856,0.0592662,3.13816,9.50122,2,0.0849043,-0.034277,0.063432
22.01,3.16665,3.16289,9.49176,9.47857,2,1.97126,2.84748,2.8491,-0.949946,-0.93252,1.95731e-15,0.025942,0.0847802,0.0799981,-0.034583,-0.0353877,0.0640326,0.0634325,-0.0124685,-0.0166322,-0.0305745,-0.0421118,0.0600283,0.0591645,3.16665,9.49176,2,0.0847802,-0.034583,0.0640326
22.02,3.19511,3.19113,9.48222,9.46919,2,1.97131,2.84461,2.84636,-0.958484,-0.941146,1.94974e-15,0.0258595,0.0846549,0.0799583,-0.0348885,-0.0357065,0.0646326,0.0640381,-0.0125763,-0.0165929,-0.0305237,-0.0420288,0.0599704,0.0590614,3.19511,9.48222,2,0.0846549,-0.0348885,0.0646326
22.03,3.22354,3.21934,9.47259,9.45974,2,1.97137,2.84172,2.8436,-0.967013,-0.949773,1.96176e-15,0.0257707,0.0845286,0.0799211,-0.0351934,-0.0360199,0.065232,0.0646428,-0.012684,-0.0165551,-0.0304725,-0.0419451,0.0599119,0.058957,3.22354,9.47259,2,0.0845286,-0.0351934,0.065232
22.04,3.25195,3.24752,9.46288,9.4502,2,1.97142,2.8388,2.84083,-0.975533,-0.958401,1.96176e-15,0.0256773,0.0844013,0.0798863,-0.0354979,-0.0363282,0.0658308,0.0652464,-0.0127914,-0.0165234,-0.0304209,-0.0418594,0.059853,0.0588517,3.25195,9.46288,2,0.0844013,-0.0354979,0.0658308
22.05,3.28032,3.27565,9.45308,9.44059,2,1.97148,2.83586,2.83803,-0.984045,-0.967026,1.96108e-15,0.0255785,0.0842728,0.0798539,-0.0358019,-0.0366315,0.066429,0.065849,-0.0128985,-0.0164952,-0.0303689,-0.0417711,0.0597934,0.0587455,3.28032,9.45308,2,0.0842728,-0.0358019,0.066429
22.06,3.30866,3.30376,9.4432,9.43089,2,1.97155,2.83289,2.83521,-0.992548,-0.975654,1.96278e-15,0.0254754,0.0841433,0.0798237,-0.0361053,-0.0369301,0.0670267,0.0664506,-0.0130054,-0.016473,-0.0303165,-0.0416792,0.0597334,0.0586386,3.30866,9.4432,2,0.0841433,-0.0361053,0.0670267
22.07,3.33698,3.33184,9.43323,9.42112,2,1.97162,2.8299,2.83237,-1.00104,-0.984281,1.9787e-15,0.025366,0.0840127,0.0797952,-0.0364082,-0.0372235,0.0676237,0.067051,-0.0131121,-0.0164556,-0.0302636,-0.041587,0.0596728,0.0585313,3.33698,9.43323,2,0.0840127,-0.0364082,0.0676237
22.08,3.36526,3.35988,9.42318,9.41126,2,1.97169,2.82688,2.82952,-1.00953,-0.992906,1.96972e-15,0.0252528,0.0838811,0.079768,-0.0367106,-0.0375124,0.0682201,0.0676502,-0.0132185,-0.0164431,-0.0302104,-0.0414931,0.0596117,0.0584237,3.36526,9.42318,2,0.0838811,-0.0367106,0.0682201
22.09,3.39352,3.38789,9.41304,9.40132,2,1.97177,2.82384,2.82664,-1.018,-1.00153,1.95003e-15,0.0251347,0.0837483,0.0797423,-0.0370124,-0.0377965,0.0688159,0.0682483,-0.0133246,-0.0164375,-0.0301567,-0.0413968,0.05955,0.0583159,3.39352,9.41304,2,0.0837483,-0.0370124,0.0688159
22.1,3.42174,3.41587,9.40282,9.3913,2,1.97185,2.82077,2.82375,-1.02647,-1.01016,1.94148e-15,0.0250122,0.0836146,0.0797173,-0.0373137,-0.0380766,0.0694111,0.068845,-0.0134305,-0.0164363,-0.0301026,-0.0412979,0.0594878,0.0582081,3.42174,9.40282,2,0.0836146,-0.0373137,0.0694111
22.11,3.44993,3.44381,9.39251,9.3812,2,1.97194,2.81767,2.82084,-1.03492,-1.01878,1.94639e-15,0.0248848,0.0834797,0.079693,-0.0376144,-0.0383521,0.0700057,0.0694403,-0.0135362,-0.0164411,-0.0300481,-0.0411976,0.0594251,0.0581005,3.44993,9.39251,2,0.0834797,-0.0376144,0.0700057
22.12,3.47809,3.47172,9.38212,9.37101,2,1.97202,2.81455,2.8179,-1.04337,-1.0274,1.93541e-15,0.0247544,0.0833438,0.0796692,-0.0379147,-0.0386238,0.0705996,0.0700343,-0.0136415,-0.016453,-0.0299932,-0.041095,0.0593618,0.0579933,3.47809,9.38212,2,0.0833438,-0.0379147,0.0705996
22.13,3.50622,3.4996,9.37164,9.36075,2,1.97211,2.8114,2.81495,-1.05181,-1.03601,1.93875e-15,0.0246195,0.0832069,0.0796454,-0.0382143,-0.0388912,0.0711929,0.0706268,-0.0137467,-0.0164717,-0.0299379,-0.0409912,0.059298,0.0578866,3.50622,9.37164,2,0.0832069,-0.0382143,0.0711929
22.14,3.53432,3.52745,9.36108,9.3504,2,1.9722,2.80823,2.81199,-1.06024,-1.04463,1.93776e-15,0.0244815,0.0830689,0.0796213,-0.0385134,-0.0391553,0.0717856,0.0712181,-0.0138515,-0.0164956,-0.0298822,-0.0408846,0.0592337,0.0577805,3.53432,9.36108,2,0.0830689,-0.0385134,0.0717856
22.15,3.56239,3.55527,9.35044,9.33997,2,1.9723,2.80504,2.809,-1.06866,-1.05324,1.9333e-15,0.0243399,0.0829299,0.0795967,-0.038812,-0.0394159,0.0723776,0.071808,-0.0139562,-0.0165274,-0.0298261,-0.0407761,0.0591688,0.0576752,3.56239,9.35044,2,0.0829299,-0.038812,0.0723776
22.16,3.59042,3.58305,9.33971,9.32946,2,1.9724,2.80181,2.80599,-1.07707,-1.06185,1.9333e-15,0.0241956,0.0827898,0.0795714,-0.0391099,-0.0396734,0.072969,0.0723963,-0.0140605,-0.016565,-0.0297696,-0.0406659,0.0591034,0.0575708,3.59042,9.33971,2,0.0827898,-0.0391099,0.072969
22.17,3.61842,3.61081,9.3289,9.31886,2,1.9725,2.79857,2.80297,-1.08547,-1.07046,1.9333e-15,0.0240481,0.0826487,0.0795449,-0.0394073,-0.0399276,0.0735597,0.0729834,-0.0141646,-0.0166111,-0.0297126,-0.0405544,0.0590374,0.0574673,3.61842,9.3289,2,0.0826487,-0.0394073,0.0735597
22.18,3.64639,3.63853,9.318,9.30818,2,1.9726,2.79529,2.79992,-1.09386,-1.07906,1.9333e-15,0.0238983,0.0825065,0.079517,-0.0397042,-0.0401796,0.0741497,0.073569,-0.0142684,-0.0166625,-0.0296553,-0.0404402,0.058971,0.0573649,3.64639,9.318,2,0.0825065,-0.0397042,0.0741497
22.19,3.67433,3.66623,9.30702,9.29742,2,1.9727,2.792,2.79686,-1.10224,-1.08766,1.93538e-15,0.023747,0.0823633,0.0794873,-0.0400004,-0.040429,0.0747391,0.0741531,-0.0143719,-0.0167207,-0.0295976,-0.0403241,0.058904,0.0572638,3.67433,9.30702,2,0.0823633,-0.0400004,0.0747391
22.2,3.70223,3.6939,9.29596,9.28657,2,1.97281,2.78867,2.79378,-1.11061,-1.09626,1.95153e-15,0.023593,0.0822191,0.079456,-0.0402961,-0.0406761,0.0753278,0.0747359,-0.0144752,-0.0167861,-0.0295395,-0.0402067,0.0588364,0.057164,3.70223,9.29596,2,0.0822191,-0.0402961,0.0753278
22.21,3.7301,3.72153,9.28481,9.27564,2,1.97291,2.78533,2.79068,-1.11897,-1.10485,1.94998e-15,0.0234384,0.0820738,0.079422,-0.0405912,-0.0409215,0.0759158,0.0753172,-0.0145782,-0.0168576,-0.029481,-0.040087,0.0587684,0.0570655,3.7301,9.28481,2,0.0820738,-0.0405912,0.0759158
22.22,3.75794,3.74914,9.27358,9.26463,2,1.97302,2.78195,2.78756,-1.12732,-1.11344,1.95098e-15,0.0232814,0.0819275,0.079386,-0.0408858,-0.0411653,0.0765032,0.0758972,-0.0146809,-0.016937,-0.029422,-0.0399648,0.0586998,0.0569684,3.75794,9.27358,2,0.0819275,-0.0408858,0.0765032
22.23,3.78574,3.77672,9.26226,9.25354,2,1.97313,2.77856,2.78442,-1.13566,-1.12202,1.9767e-15,0.0231239,0.0817802,0.0793469,-0.0411797,-0.0414079,0.0770898,0.0764758,-0.0147834,-0.0170205,-0.0293627,-0.0398411,0.0586307,0.0568729,3.78574,9.26226,2,0.0817802,-0.0411797,0.0770898
22.24,3.81351,3.80427,9.25086,9.24236,2,1.97324,2.77513,2.78127,-1.14399,-1.1306,1.96154e-15,0.0229659,0.0816318,0.0793049,-0.041473,-0.0416495,0.0776758,0.0770531,-0.0148856,-0.0171131,-0.029303,-0.0397143,0.058561,0.0567788,3.81351,9.25086,2,0.0816318,-0.041473,0.0776758
22.25,3.84124,3.83179,9.23938,9.2311,2,1.97335,2.77169,2.77809,-1.15231,-1.13918,1.96152e-15,0.0228067,0.0814825,0.0792595,-0.0417657,-0.0418903,0.078261,0.077629,-0.0149874,-0.0172091,-0.029243,-0.0395872,0.0584909,0.0566863,3.84124,9.23938,2,0.0814825,-0.0417657,0.078261
22.26,3.86894,3.85929,9.22782,9.21975,2,1.97346,2.76821,2.77489,-1.16062,-1.14775,1.96427e-15,0.0226476,0.0813321,0.079211,-0.0420579,-0.0421307,0.0788456,0.0782036,-0.0150891,-0.0173128,-0.0291825,-0.0394564,0.0584202,0.0565954,3.86894,9.22782,2,0.0813321,-0.0420579,0.0788456
22.27,3.89661,3.88675,9.21617,9.20832,2,1.97357,2.76472,2.77168,-1.16891,-1.15631,1.96708e-15,0.0224891,0.0811807,0.0791584,-0.0423494,-0.0423713,0.0794294,0.078777,-0.0151904,-0.0174229,-0.0291216,-0.0393233,0.058349,0.0565062,3.89661,9.21617,2,0.0811807,-0.0423494,0.0794294
22.28,3.92424,3.91419,9.20444,9.19681,2,1.97368,2.76119,2.76844,-1.1772,-1.16487,1.96537e-15,0.0223308,0.0810283,0.0791021,-0.0426403,-0.0426119,0.0800126,0.0793492,-0.0152914,-0.0175375,-0.0290604,-0.0391881,0.0582772,0.0564185,3.92424,9.20444,2,0.0810283,-0.0426403,0.0800126
22.29,3.95183,3.9416,9.19263,9.18521,2,1.97379,2.75765,2.76519,-1.18548,-1.17342,1.97453e-15,0.0221729,0.0808749,0.0790417,-0.0429306,-0.0428531,0.080595,0.0799201,-0.0153922,-0.0176575,-0.0289988,-0.0390499,0.0582049,0.0563325,3.95183,9.19263,2,0.0808749,-0.0429306,0.080595
22.3,3.97939,3.96898,9.18073,9.17354,2,1.9739,2.75407,2.76192,-1.19375,-1.18197,1.97927e-15,0.0220158,0.0807204,0.0789769,-0.0432203,-0.0430952,0.0811766,0.0804898,-0.0154927,-0.0177831,-0.0289368,-0.0389093,0.0581321,0.056248,3.97939,9.18073,2,0.0807204,-0.0432203,0.0811766
22.31,4.00691,3.99634,9.16875,9.16177,2,1.97401,2.75048,2.75862,-1.202,-1.19051,1.9624e-15,0.0218599,0.080565,0.0789079,-0.0435093,-0.043338,0.0817576,0.0810584,-0.0155928,-0.0179132,-0.0288744,-0.0387669,0.0580588,0.0561651,4.00691,9.16875,2,0.080565,-0.0435093,0.0817576
22.32,4.0344,4.02367,9.15669,9.14993,2,1.97413,2.74686,2.75531,-1.21025,-1.19904,1.9624e-15,0.0217054,0.0804086,0.0788341,-0.0437978,-0.0435823,0.0823378,0.081626,-0.0156927,-0.0180474,-0.0288117,-0.0386226,0.057985,0.0560837,4.0344,9.15669,2,0.0804086,-0.0437978,0.0823378
22.33,4.06185,4.05098,9.14455,9.138,2,1.97424,2.74321,2.75197,-1.21848,-1.20757,1.96176e-15,0.0215513,0.0802511,0.0787559,-0.0440856,-0.0438279,0.0829173,0.0821924,-0.0157923,-0.0181862,-0.0287485,-0.0384757,0.0579106,0.0560038,4.06185,9.14455,2,0.0802511,-0.0440856,0.0829173
22.34,4.08926,4.07825,9.13232,9.12599,2,1.97435,2.73954,2.74862,-1.2267,-1.21609,1.96418e-15,0.0213998,0.0800927,0.0786727,-0.0443727,-0.0440758,0.083496,0.0827578,-0.0158916,-0.0183298,-0.028685,-0.0383245,0.0578357,0.0559254,4.08926,9.13232,2,0.0800927,-0.0443727,0.083496
22.35,4.11664,4.1055,9.12001,9.1139,2,1.97446,2.73584,2.74525,-1.23492,-1.22461,1.9693e-15,0.0212494,0.0799333,0.0785843,-0.0446593,-0.0443254,0.084074,0.0833221,-0.0159906,-0.0184754,-0.0286211,-0.0381725,0.0577603,0.0558484,4.11664,9.12001,2,0.0799333,-0.0446593,0.084074
22.36,4.14398,4.13272,9.10762,9.10172,2,1.97457,2.73212,2.74185,-1.24312,-1.23312,1.97002e-15,0.0211007,0.0797729,0.078491,-0.0449451,-0.0445775,0.0846512,0.0838856,-0.0160893,-0.0186256,-0.0285569,-0.0380171,0.0576844,0.0557726,4.14398,9.10762,2,0.0797729,-0.0449451,0.0846512
22.37,4.17128,4.15992,9.09515,9.08946,2,1.97468,2.72838,2.73843,-1.25131,-1.24161,1.97948e-15,0.0209547,0.0796115,0.0783924,-0.0452304,-0.0448319,0.0852277,0.084448,-0.0161878,-0.0187783,-0.0284923,-0.037859,0.057608,0.0556981,4.17128,9.09515,2,0.0796115,-0.0452304,0.0852277
22.38,4.19855,4.18708,9.08259,9.07713,2,1.97478,2.72461,2.735,-1.25948,-1.25011,1.97907e-15,0.0208098,0.0794492,0.0782886,-0.045515,-0.045089,0.0858034,0.0850095,-0.0162859,-0.0189328,-0.0284273,-0.0376992,0.057531,0.0556248,4.19855,9.08259,2,0.0794492,-0.045515,0.0858034
22.39,4.22577,4.21422,9.06996,9.0647,2,1.97489,2.72081,2.73154,-1.26765,-1.25859,1.97788e-15,0.0206675,0.0792858,0.0781795,-0.0457989,-0.0453493,0.0863783,0.0855702,-0.0163837,-0.0190901,-0.0283619,-0.0375347,0.0574535,0.0555525,4.22577,9.06996,2,0.0792858,-0.0457989,0.0863783
22.4,4.25296,4.24133,9.05724,9.05219,2,1.975,2.717,2.72806,-1.27581,-1.26707,1.98403e-15,0.0205267,0.0791215,0.0780649,-0.0460822,-0.0456121,0.0869525,0.0861299,-0.0164812,-0.0192485,-0.0282962,-0.0373706,0.0573755,0.0554812,4.25296,9.05724,2,0.0791215,-0.0460822,0.0869525
22.41,4.28011,4.26841,9.04444,9.03961,2,1.9751,2.71315,2.72456,-1.28395,-1.27554,1.99636e-15,0.0203881,0.0789562,0.0779449,-0.0463649,-0.0458787,0.0875258,0.0866889,-0.0165784,-0.019409,-0.0282301,-0.0372,0.057297,0.0554108,4.28011,9.04444,2,0.0789562,-0.0463649,0.0875258
22.42,4.30723,4.29546,9.03156,9.02694,2,1.97521,2.70929,2.72104,-1.29208,-1.284,1.99537e-15,0.020252,0.0787899,0.0778198,-0.0466468,-0.0461482,0.0880984,0.0872471,-0.0166753,-0.0195708,-0.0281637,-0.0370286,0.057218,0.0553411,4.30723,9.03156,2,0.0787899,-0.0466468,0.0880984
22.43,4.3343,4.32248,9.0186,9.01419,2,1.97531,2.70539,2.7175,-1.3002,-1.29245,1.9916e-15,0.0201187,0.0786227,0.0776885,-0.0469281,-0.0464216,0.0886702,0.0878045,-0.0167719,-0.0197325,-0.0280969,-0.0368548,0.0571384,0.0552721,4.3343,9.0186,2,0.0786227,-0.0469281,0.0886702
22.44,4.36133,4.34948,9.00556,9.00136,2,1.97542,2.70148,2.71394,-1.30831,-1.30089,1.9899e-15,0.0199876,0.0784545,0.0775523,-0.0472088,-0.0466984,0.0892412,0.0883611,-0.0168681,-0.0198964,-0.0280297,-0.0366771,0.0570584,0.0552037,4.36133,9.00556,2,0.0784545,-0.0472088,0.0892412
22.45,4.38833,4.37644,8.99244,8.98845,2,1.97552,2.69754,2.71035,-1.31641,-1.30933,1.97943e-15,0.0198578,0.0782853,0.0774104,-0.0474887,-0.0469789,0.0898114,0.088917,-0.0169641,-0.0200585,-0.0279622,-0.0364968,0.0569778,0.0551357,4.38833,8.99244,2,0.0782853,-0.0474887,0.0898114
22.46,4.41529,4.40337,8.97923,8.97546,2,1.97563,2.69357,2.70674,-1.3245,-1.31775,1.98983e-15,0.0197301,0.0781152,0.077263,-0.047768,-0.047263,0.0903807,0.0894722,-0.0170597,-0.0202202,-0.0278943,-0.0363147,0.0568967,0.055068,4.41529,8.97923,2,0.0781152,-0.047768,0.0903807
22.47,4.4422,4.43028,8.96595,8.96238,2,1.97573,2.68958,2.70311,-1.33257,-1.32616,1.98208e-15,0.0196051,0.0779441,0.07711,-0.0480466,-0.0475511,0.0909493,0.0900266,-0.0171551,-0.0203812,-0.0278261,-0.0361289,0.0568151,0.0550006,4.4422,8.96595,2,0.0779441,-0.0480466,0.0909493
22.48,4.46908,4.45715,8.95258,8.94923,2,1.97583,2.68557,2.69946,-1.34063,-1.33457,1.98725e-15,0.0194819,0.0777721,0.0769518,-0.0483245,-0.0478432,0.091517,0.0905805,-0.0172501,-0.0205438,-0.0277576,-0.0359399,0.056733,0.0549332,4.46908,8.95258,2,0.0777721,-0.0483245,0.091517
22.49,4.49591,4.48399,8.93913,8.93599,2,1.97593,2.68153,2.69579,-1.34868,-1.34296,1.99369e-15,0.0193614,0.0775991,0.0767882,-0.0486018,-0.0481392,0.0920839,0.0911335,-0.0173448,-0.0207035,-0.0276886,-0.0357477,0.0566504,0.0548657,4.49591,8.93913,2,0.0775991,-0.0486018,0.0920839
22.5,4.52271,4.5108,8.92561,8.92267,2,1.97603,2.67747,2.69209,-1.35672,-1.35135,1.99612e-15,0.0192421,0.0774252,0.0766191,-0.0488783,-0.048439,0.09265,0.091686,-0.0174392,-0.020862,-0.0276194,-0.0355541,0.0565672,0.0547981,4.52271,8.92561,2,0.0774252,-0.0488783,0.09265
22.51,4.54946,4.53758,8.912,8.90928,2,1.97613,2.67339,2.68837,-1.36474,-1.35972,2.00049e-15,0.0191249,0.0772503,0.0764447,-0.0491541,-0.0487428,0.0932153,0.0922378,-0.0175332,-0.0210182,-0.0275498,-0.0353567,0.0564836,0.0547302,4.54946,8.912,2,0.0772503,-0.0491541,0.0932153
22.52,4.57617,4.56432,8.89831,8.8958,2,1.97623,2.66928,2.68463,-1.37275,-1.36808,2.00292e-15,0.0190098,0.0770746,0.0762651,-0.0494293,-0.0490507,0.0937797,0.092789,-0.017627,-0.0211733,-0.0274798,-0.0351553,0.0563995,0.0546619,4.57617,8.89831,2,0.0770746,-0.0494293,0.0937797
22.53,4.60285,4.59103,8.88454,8.88225,2,1.97632,2.66515,2.68086,-1.38075,-1.37643,2.00586e-15,0.018896,0.0768978,0.0760804,-0.0497037,-0.0493624,0.0943433,0.0933394,-0.0177204,-0.0213269,-0.0274095,-0.0349521,0.0563148,0.054593,4.60285,8.88454,2,0.0768978,-0.0497037,0.0943433
22.54,4.62948,4.6177,8.8707,8.86861,2,1.97642,2.66099,2.67707,-1.38874,-1.38477,1.98971e-15,0.0187843,0.0767201,0.0758908,-0.0499775,-0.0496779,0.094906,0.0938893,-0.0178135,-0.0214777,-0.0273389,-0.0347456,0.0562296,0.0545235,4.62948,8.8707,2,0.0767201,-0.0499775,0.094906
22.55,4.65607,4.64433,8.85677,8.85489,2,1.97652,2.65681,2.67326,-1.39672,-1.3931,1.98163e-15,0.0186729,0.0765415,0.0756962,-0.0502505,-0.049997,0.0954679,0.0944382,-0.0179063,-0.0216261,-0.0272679,-0.0345363,0.056144,0.0544532,4.65607,8.85677,2,0.0765415,-0.0502505,0.0954679
22.56,4.68261,4.67094,8.84276,8.8411,2,1.97661,2.6526,2.66942,-1.40468,-1.40141,1.9929e-15,0.0185641,0.076362,0.0754968,-0.0505228,-0.0503203,0.0960289,0.0949868,-0.0179987,-0.0217727,-0.0271966,-0.0343235,0.0560578,0.0543821,4.68261,8.84276,2,0.076362,-0.0505228,0.0960289
22.57,4.70912,4.6975,8.82868,8.82722,2,1.97671,2.64837,2.66556,-1.41263,-1.40971,2.00876e-15,0.0184566,0.0761816,0.0752923,-0.0507944,-0.0506468,0.096589,0.0955345,-0.0180908,-0.0219164,-0.027125,-0.0341081,0.0559711,0.0543098,4.70912,8.82868,2,0.0761816,-0.0507944,0.096589
22.58,4.73558,4.72403,8.81451,8.81327,2,1.97681,2.64412,2.66168,-1.42057,-1.418,2.01289e-15,0.0183495,0.0760002,0.0750836,-0.0510653,-0.0509772,0.0971483,0.0960816,-0.0181826,-0.0220571,-0.027053,-0.0338891,0.0558839,0.0542365,4.73558,8.81451,2,0.0760002,-0.0510653,0.0971483
22.59,4.762,4.75052,8.80026,8.79923,2,1.9769,2.63984,2.65777,-1.42849,-1.42628,2.01999e-15,0.0182445,0.0758179,0.07487,-0.0513355,-0.0513108,0.0977067,0.0966281,-0.018274,-0.0221952,-0.0269807,-0.0336669,0.0557963,0.054162,4.762,8.80026,2,0.0758179,-0.0513355,0.0977067
22.6,4.78838,4.77698,8.78594,8.78512,2,1.97699,2.63554,2.65383,-1.4364,-1.43454,2.01829e-15,0.0181406,0.0756347,0.074652,-0.051605,-0.0516477,0.0982642,0.0971738,-0.0183652,-0.0223314,-0.0269081,-0.0334414,0.0557081,0.0540861,4.78838,8.78594,2,0.0756347,-0.051605,0.0982642
22.61,4.81471,4.80339,8.77154,8.77092,2,1.97709,2.63122,2.64987,-1.4443,-1.44279,2.02208e-15,0.0180374,0.0754506,0.07443,-0.0518737,-0.0519877,0.0988209,0.0977187,-0.0184559,-0.0224641,-0.0268351,-0.0332135,0.0556194,0.0540088,4.81471,8.77154,2,0.0754506,-0.0518737,0.0988209
22.62,4.841,4.82977,8.75705,8.75665,2,1.97718,2.62687,2.64588,-1.45219,-1.45102,2.00211e-15,0.0179351,0.0752656,0.0742035,-0.0521417,-0.0523308,0.0993766,0.098263,-0.0185464,-0.0225941,-0.0267618,-0.0329826,0.0555302,0.05393,4.841,8.75705,2,0.0752656,-0.0521417,0.0993766
22.63,4.86725,4.8561,8.74249,8.7423,2,1.97727,2.6225,2.64187,-1.46006,-1.45924,1.98627e-15,0.0178339,0.0750797,0.0739733,-0.0524089,-0.0526766,0.0999315,0.0988064,-0.0186365,-0.0227216,-0.0266882,-0.0327478,0.0554405,0.0538496,4.86725,8.74249,2,0.0750797,-0.0524089,0.0999315
22.64,4.89345,4.88239,8.72785,8.72786,2,1.97736,2.61811,2.63783,-1.46792,-1.46744,1.99484e-15,0.0177331,0.0748929,0.0737389,-0.0526754,-0.0530252,0.100485,0.099349,-0.0187263,-0.0228465,-0.0266143,-0.0325088,0.0553503,0.0537674,4.89345,8.72785,2,0.0748929,-0.0526754,0.100485
22.65,4.91961,4.90865,8.71313,8.71335,2,1.97746,2.61369,2.63376,-1.47577,-1.47563,2.01273e-15,0.0176333,0.0747052,0.0735008,-0.0529412,-0.0533764,0.101038,0.0998909,-0.0188157,-0.0229687,-0.02654,-0.0322681,0.0552596,0.0536835,4.91961,8.71313,2,0.0747052,-0.0529412,0.101038
22.66,4.94573,4.93486,8.69834,8.69875,2,1.97755,2.60924,2.62967,-1.4836,-1.4838,2.03058e-15,0.0175345,0.0745166,0.073259,-0.0532062,-0.0537298,0.101591,0.100432,-0.0189048,-0.0230875,-0.0264655,-0.032024,0.0551685,0.0535977,4.94573,8.69834,2,0.0745166,-0.0532062,0.101591
22.67,4.9718,4.96103,8.68346,8.68408,2,1.97764,2.60478,2.62555,-1.49142,-1.49195,2.03143e-15,0.017436,0.0743271,0.0730138,-0.0534705,-0.0540853,0.102142,0.100972,-0.0189936,-0.0232052,-0.0263906,-0.0317763,0.0550768,0.0535101,4.9718,8.68346,2,0.0743271,-0.0534705,0.102142
22.68,4.99782,4.98716,8.66851,8.66933,2,1.97773,2.60029,2.6214,-1.49922,-1.50009,2.03013e-15,0.0173384,0.0741367,0.0727656,-0.053734,-0.0544428,0.102692,0.101512,-0.019082,-0.0233209,-0.0263154,-0.0315249,0.0549846,0.0534204,4.99782,8.66851,2,0.0741367,-0.053734,0.102692
22.69,5.0238,5.01324,8.65348,8.6545,2,1.97781,2.59578,2.61723,-1.50702,-1.50821,2.03297e-15,0.0172416,0.0739454,0.0725137,-0.0539968,-0.0548021,0.103242,0.10205,-0.01917,-0.0234333,-0.0262399,-0.0312701,0.0548919,0.0533287,5.0238,8.65348,2,0.0739454,-0.0539968,0.103242
22.7,5.04974,5.03928,8.63837,8.63959,2,1.9779,2.59124,2.61302,-1.51479,-1.51631,2.03597e-15,0.017145,0.0737533,0.0722592,-0.0542588,-0.0551626,0.10379,0.102588,-0.0192577,-0.023546,-0.0261641,-0.0310117,0.0547988,0.0532349,5.04974,8.63837,2,0.0737533,-0.0542588,0.10379
22.71,5.07563,5.06527,8.62318,8.6246,2,1.97799,2.58668,2.60879,-1.52256,-1.5244,2.05113e-15,0.017049,0.0735603,0.0720014,-0.0545201,-0.0555247,0.104337,0.103124,-0.0193451,-0.023655,-0.026088,-0.0307501,0.0547051,0.0531391,5.07563,8.62318,2,0.0735603,-0.0545201,0.104337
22.72,5.10147,5.09122,8.60792,8.60953,2,1.97808,2.5821,2.60453,-1.53031,-1.53246,2.05529e-15,0.0169541,0.0733664,0.0717414,-0.0547806,-0.0558878,0.104884,0.10366,-0.0194321,-0.0237635,-0.0260115,-0.0304851,0.054611,0.0530411,5.10147,8.60792,2,0.0733664,-0.0547806,0.104884
22.73,5.12727,5.11713,8.59258,8.59438,2,1.97816,2.5775,2.60024,-1.53805,-1.54051,2.03595e-15,0.0168602,0.0731716,0.0714784,-0.0550403,-0.0562518,0.10543,0.104194,-0.0195188,-0.0238701,-0.0259348,-0.0302172,0.0545163,0.0529408,5.12727,8.59258,2,0.0731716,-0.0550403,0.10543
22.74,5.15302,5.14299,8.57716,8.57915,2,1.97825,2.57287,2.59592,-1.54577,-1.54854,2.02881e-15,0.0167658,0.072976,0.071213,-0.0552993,-0.0566163,0.105974,0.104728,-0.0196051,-0.0239749,-0.0258577,-0.0299452,0.0544212,0.0528383,5.15302,8.57716,2,0.072976,-0.0552993,0.105974
22.75,5.17873,5.1688,8.56166,8.56384,2,1.97834,2.56822,2.59157,-1.55348,-1.55655,2.01207e-15,0.016673,0.0727795,0.0709456,-0.0555575,-0.0569813,0.106518,0.105261,-0.0196911,-0.0240802,-0.0257804,-0.0296707,0.0543256,0.0527337,5.17873,8.56166,2,0.0727795,-0.0555575,0.106518
22.76,5.20438,5.19457,8.54609,8.54845,2,1.97842,2.56354,2.58719,-1.56118,-1.56453,2.01377e-15,0.0165818,0.0725822,0.0706756,-0.0558149,-0.0573466,0.107061,0.105792,-0.0197767,-0.0241831,-0.0257028,-0.0293925,0.0542295,0.0526268,5.20438,8.54609,2,0.0725822,-0.0558149,0.107061
22.77,5.23,5.22029,8.53044,8.53298,2,1.9785,2.55884,2.58278,-1.56886,-1.5725,2.00741e-15,0.0164904,0.072384,0.0704039,-0.0560715,-0.0577117,0.107603,0.106323,-0.019862,-0.0242862,-0.0256248,-0.0291112,0.0541329,0.0525177,5.23,8.53044,2,0.072384,-0.0560715,0.107603
22.78,5.25556,5.24597,8.51471,8.51742,2,1.97859,2.55412,2.57833,-1.57653,-1.58045,1.9931e-15,0.0164001,0.072185,0.0701303,-0.0563274,-0.0580766,0.108144,0.106852,-0.0199469,-0.0243885,-0.0255466,-0.0288255,0.0540358,0.0524063,5.25556,8.51471,2,0.072185,-0.0563274,0.108144
22.79,5.28108,5.27159,8.49891,8.50179,2,1.97867,2.54938,2.57386,-1.58418,-1.58838,1.98822e-15,0.0163108,0.0719851,0.069855,-0.0565825,-0.0584412,0.108683,0.10738,-0.0200315,-0.0244915,-0.0254681,-0.028537,0.0539382,0.0522927,5.28108,8.49891,2,0.0719851,-0.0565825,0.108683
22.8,5.30655,5.29717,8.48303,8.48609,2,1.97875,2.54461,2.56935,-1.59182,-1.59628,1.98992e-15,0.0162228,0.0717843,0.0695784,-0.0568367,-0.058805,0.109222,0.107907,-0.0201157,-0.0245943,-0.0253893,-0.0282447,0.0538401,0.0521769,5.30655,8.48303,2,0.0717843,-0.0568367,0.109222
22.81,5.33197,5.3227,8.46707,8.4703,2,1.97883,2.53982,2.56482,-1.59944,-1.60416,1.98083e-15,0.0161354,0.0715827,0.0693,-0.0570902,-0.0591676,0.10976,0.108433,-0.0201995,-0.0246961,-0.0253102,-0.0279505,0.0537416,0.0520589,5.33197,8.46707,2,0.0715827,-0.0570902,0.10976
22.82,5.35735,5.34818,8.45104,8.45443,2,1.97891,2.53501,2.56025,-1.60705,-1.61202,1.97883e-15,0.01605,0.0713803,0.0690206,-0.0573429,-0.0595294,0.110297,0.108958,-0.020283,-0.0247997,-0.0252308,-0.0276533,0.0536426,0.0519389,5.35735,8.45104,2,0.0713803,-0.0573429,0.110297
22.83,5.38267,5.37361,8.43493,8.43847,2,1.97898,2.53017,2.55564,-1.61465,-1.61986,1.99792e-15,0.0159655,0.0711771,0.0687399,-0.0575949,-0.0598897,0.110833,0.109481,-0.0203661,-0.0249032,-0.0251511,-0.0273517,0.0535431,0.0518166,5.38267,8.43493,2,0.0711771,-0.0575949,0.110833
22.84,5.40795,5.399,8.41874,8.42244,2,1.97906,2.52532,2.55101,-1.62223,-1.62768,1.99935e-15,0.0158827,0.070973,0.0684582,-0.057846,-0.0602485,0.111368,0.110004,-0.0204489,-0.0250077,-0.0250712,-0.0270471,0.0534431,0.0516923,5.40795,8.41874,2,0.070973,-0.057846,0.111368
22.85,5.43318,5.42433,8.40248,8.40634,2,1.97914,2.52043,2.54634,-1.6298,-1.63547,1.99848e-15,0.0158012,0.0707681,0.068176,-0.0580963,-0.0606055,0.111902,0.110525,-0.0205313,-0.0251127,-0.0249909,-0.0267401,0.0533426,0.0515659,5.43318,8.40248,2,0.0707681,-0.0580963,0.111902
22.86,5.45836,5.44961,8.38615,8.39015,2,1.97921,2.51553,2.54164,-1.63735,-1.64324,2.00189e-15,0.0157215,0.0705624,0.067893,-0.0583458,-0.0609606,0.112435,0.111045,-0.0206133,-0.0252191,-0.0249104,-0.0264294,0.0532417,0.0514376,5.45836,8.38615,2,0.0705624,-0.0583458,0.112435
22.87,5.48349,5.47484,8.36974,8.37388,2,1.97929,2.51061,2.5369,-1.64489,-1.65098,2.00862e-15,0.0156441,0.0703559,0.0676092,-0.0585945,-0.0613136,0.112967,0.111563,-0.020695,-0.0253258,-0.0248296,-0.0261181,0.0531402,0.0513074,5.48349,8.36974,2,0.0703559,-0.0585945,0.112967
22.88,5.50857,5.50002,8.35325,8.35753,2,1.97936,2.50566,2.53214,-1.65241,-1.6587,2.0189e-15,0.0155668,0.0701485,0.0673252,-0.0588424,-0.0616641,0.113498,0.11208,-0.0207763,-0.0254347,-0.0247485,-0.0258019,0.0530383,0.0511753,5.50857,8.35325,2,0.0701485,-0.0588424,0.113498
22.89,5.5336,5.52516,8.33669,8.34111,2,1.97943,2.50069,2.52733,-1.65992,-1.6664,2.03177e-15,0.0154935,0.0699403,0.067041,-0.0590895,-0.0620121,0.114028,0.112596,-0.0208572,-0.0255443,-0.0246672,-0.0254846,0.0529359,0.0510414,5.5336,8.33669,2,0.0699403,-0.0590895,0.114028
22.9,5.55858,5.55024,8.32005,8.3246,2,1.9795,2.49569,2.5225,-1.66741,-1.67407,2.03047e-15,0.0154211,0.0697314,0.0667563,-0.0593357,-0.0623577,0.114556,0.113111,-0.0209378,-0.0256546,-0.0245856,-0.0251642,0.0528331,0.0509058,5.55858,8.32005,2,0.0697314,-0.0593357,0.114556
22.91,5.58351,5.57527,8.30334,8.30801,2,1.97957,2.49068,2.51763,-1.67489,-1.68171,2.03474e-15,0.015351,0.0695216,0.0664719,-0.0595812,-0.0627,0.115084,0.113624,-0.021018,-0.0257669,-0.0245037,-0.024843,0.0527297,0.0507685,5.58351,8.30334,2,0.0695216,-0.0595812,0.115084
22.92,5.6084,5.60025,8.28655,8.29135,2,1.97964,2.48564,2.51272,-1.68235,-1.68933,2.03433e-15,0.0152831,0.069311,0.0661875,-0.0598258,-0.0630397,0.115611,0.114137,-0.0210978,-0.0258811,-0.0244216,-0.0245189,0.0526259,0.0506296,5.6084,8.28655,2,0.069311,-0.0598258,0.115611
22.93,5.63323,5.62517,8.26969,8.2746,2,1.97971,2.48058,2.50778,-1.6898,-1.69693,2.0345e-15,0.0152177,0.0690996,0.0659032,-0.0600696,-0.0633762,0.116137,0.114647,-0.0211773,-0.0259963,-0.0243391,-0.0241924,0.0525216,0.0504893,5.63323,8.26969,2,0.0690996,-0.0600696,0.116137
22.94,5.65801,5.65005,8.25276,8.25778,2,1.97978,2.47549,2.50281,-1.69723,-1.7045,2.0345e-15,0.0151551,0.0688874,0.0656194,-0.0603126,-0.0637093,0.116661,0.115157,-0.0212564,-0.0261137,-0.0242565,-0.0238649,0.0524169,0.0503476,5.65801,8.25276,2,0.0688874,-0.0603126,0.116661
22.95,5.68274,5.67488,8.23575,8.24089,2,1.97984,2.47039,2.4978,-1.70465,-1.71205,2.03529e-15,0.0150948,0.0686745,0.065336,-0.0605547,-0.064039,0.117185,0.115665,-0.0213351,-0.0262309,-0.0241735,-0.0235368,0.0523116,0.0502045,5.68274,8.23575,2,0.0686745,-0.0605547,0.117185
22.96,5.70742,5.69964,8.21867,8.22391,2,1.97991,2.46526,2.49276,-1.71205,-1.71956,2.0343e-15,0.0150365,0.0684607,0.0650532,-0.060796,-0.0643653,0.117708,0.116172,-0.0214134,-0.026351,-0.0240903,-0.0232061,0.0522059,0.0500603,5.70742,8.21867,2,0.0684607,-0.060796,0.117708
22.97,5.73204,5.72436,8.20151,8.20685,2,1.97997,2.46011,2.48768,-1.71943,-1.72706,2.02927e-15,0.0149811,0.0682462,0.0647711,-0.0610365,-0.0646878,0.118229,0.116678,-0.0214914,-0.0264714,-0.0240069,-0.0228756,0.0520998,0.0499149,5.73204,8.20151,2,0.0682462,-0.0610365,0.118229
22.98,5.75662,5.74903,8.18428,8.18972,2,1.98003,2.45494,2.48257,-1.7268,-1.73452,2.03444e-15,0.0149288,0.0680309,0.0644894,-0.0612762,-0.0650067,0.11875,0.117182,-0.021569,-0.0265928,-0.0239231,-0.0225438,0.0519931,0.0497684,5.75662,8.18428,2,0.0680309,-0.0612762,0.11875
22.99,5.78114,5.77364,8.16697,8.17251,2,1.9801,2.44974,2.47742,-1.73416,-1.74196,2.03945e-15,0.0148795,0.0678148,0.064209,-0.061515,-0.0653217,0.119269,0.117685,-0.0216462,-0.0267153,-0.0238392,-0.0222112,0.051886,0.049621,5.78114,8.16697,2,0.0678148,-0.061515,0.119269
23,5.80561,5.79821,8.14959,8.15523,2,1.98016,2.44453,2.47224,-1.7415,-1.74938,2.0233e-15,0.0148325,0.067598,0.0639292,-0.061753,-0.0656327,0.119787,0.118187,-0.021723,-0.0268392,-0.023755,-0.021878,0.0517784,0.0494728,5.80561,8.14959,2,0.067598,-0.061753,0.119787
23.01,5.83003,5.82272,8.13214,8.13786,2,1.98022,2.43929,2.46703,-1.74882,-1.75677,2.02163e-15,0.0147889,0.0673804,0.0636508,-0.0619901,-0.0659399,0.120305,0.118688,-0.0217995,-0.0269649,-0.0236705,-0.021545,0.0516704,0.0493239,5.83003,8.13214,2,0.0673804,-0.0619901,0.120305
23.02,5.8544,5.84717,8.11462,8.12042,2,1.98028,2.43403,2.46178,-1.75613,-1.76413,2.03679e-15,0.0147479,0.067162,0.0633734,-0.0622264,-0.0662429,0.120821,0.119187,-0.0218756,-0.0270893,-0.0235858,-0.0212118,0.0515619,0.0491743,5.8544,8.11462,2,0.067162,-0.0622264,0.120821
23.03,5.87871,5.87157,8.09702,8.10291,2,1.98034,2.42875,2.45649,-1.76342,-1.77146,2.03472e-15,0.0147099,0.0669429,0.0630971,-0.0624618,-0.0665419,0.121336,0.119685,-0.0219513,-0.0272141,-0.0235008,-0.0208803,0.0514529,0.0490242,5.87871,8.09702,2,0.0669429,-0.0624618,0.121336
23.04,5.90297,5.89592,8.07935,8.08532,2,1.9804,2.42344,2.45118,-1.7707,-1.77877,2.04185e-15,0.0146749,0.066723,0.0628224,-0.0626964,-0.0668366,0.12185,0.120182,-0.0220266,-0.0273398,-0.0234156,-0.0205496,0.0513435,0.0488737,5.90297,8.07935,2,0.066723,-0.0626964,0.12185
23.05,5.92718,5.92021,8.06161,8.06766,2,1.98045,2.41812,2.44583,-1.77796,-1.78605,2.05593e-15,0.0146428,0.0665023,0.0625492,-0.0629301,-0.0671272,0.122363,0.120678,-0.0221016,-0.0274666,-0.0233302,-0.0202185,0.0512336,0.0487228,5.92718,8.06161,2,0.0665023,-0.0629301,0.122363
23.06,5.95134,5.94444,8.04379,8.04992,2,1.98051,2.41277,2.44044,-1.7852,-1.79331,2.0632e-15,0.0146138,0.066281,0.0622772,-0.063163,-0.0674136,0.122874,0.121172,-0.0221761,-0.0275909,-0.0232445,-0.0198894,0.0511232,0.0485717,5.95134,8.04379,2,0.066281,-0.063163,0.122874
23.07,5.97544,5.96863,8.0259,8.03211,2,1.98057,2.4074,2.43503,-1.79243,-1.80054,2.08108e-15,0.0145876,0.0660588,0.0620068,-0.063395,-0.0676957,0.123385,0.121666,-0.0222503,-0.0277174,-0.0231585,-0.0195617,0.0510124,0.0484204,5.97544,8.0259,2,0.0660588,-0.063395,0.123385
23.08,5.99948,5.99276,8.00794,8.01423,2,1.98063,2.40201,2.42958,-1.79964,-1.80775,2.09552e-15,0.0145646,0.065836,0.061738,-0.0636262,-0.0679736,0.123895,0.122158,-0.0223241,-0.0278416,-0.0230724,-0.0192359,0.0509011,0.0482691,5.99948,8.00794,2,0.065836,-0.0636262,0.123895
23.09,6.02348,6.01683,7.98991,7.99627,2,1.98068,2.3966,2.4241,-1.80684,-1.81492,2.10521e-15,0.0145447,0.0656123,0.061471,-0.0638564,-0.0682473,0.124403,0.122649,-0.0223975,-0.0279656,-0.022986,-0.0189117,0.0507894,0.0481179,6.02348,7.98991,2,0.0656123,-0.0638564,0.124403
23.1,6.04742,6.04085,7.97181,7.97823,2,1.98074,2.39117,2.41858,-1.81401,-1.82208,2.10108e-15,0.0145275,0.065388,0.0612055,-0.0640859,-0.0685168,0.124911,0.123139,-0.0224705,-0.028088,-0.0228994,-0.0185902,0.0506772,0.0479668,6.04742,7.97181,2,0.065388,-0.0640859,0.124911
23.11,6.0713,6.06481,7.95363,7.96013,2,1.9808,2.38571,2.41304,-1.82118,-1.8292,2.09611e-15,0.014513,0.0651629,0.0609421,-0.0643144,-0.068782,0.125417,0.123628,-0.0225432,-0.0282099,-0.0228125,-0.0182714,0.0505646,0.047816,6.0713,7.95363,2,0.0651629,-0.0643144,0.125417
23.12,6.09513,6.08872,7.93538,7.94195,2,1.98085,2.38023,2.40746,-1.82832,-1.83631,2.09198e-15,0.0145017,0.0649371,0.0606805,-0.0645421,-0.0690431,0.125922,0.124116,-0.0226154,-0.0283295,-0.0227254,-0.0179551,0.0504515,0.0476656,6.09513,7.93538,2,0.0649371,-0.0645421,0.125922
23.13,6.1189,6.11256,7.91706,7.92371,2,1.98091,2.37474,2.40185,-1.83545,-1.84338,2.09081e-15,0.0144932,0.0647106,0.0604205,-0.0647689,-0.0693001,0.126426,0.124602,-0.0226873,-0.028447,-0.0226381,-0.0176414,0.0503379,0.0475156,6.1189,7.91706,2,0.0647106,-0.0647689,0.126426
23.14,6.14262,6.13636,7.89867,7.9054,2,1.98096,2.36922,2.39621,-1.84257,-1.85043,2.09354e-15,0.0144871,0.0644834,0.0601627,-0.0649949,-0.0695527,0.126929,0.125088,-0.0227588,-0.0285627,-0.0225506,-0.0173321,0.0502239,0.0473661,6.14262,7.89867,2,0.0644834,-0.0649949,0.126929
23.15,6.16629,6.16009,7.88021,7.88701,2,1.98102,2.36368,2.39054,-1.84966,-1.85746,2.09263e-15,0.0144841,0.0642555,0.0599065,-0.06522,-0.0698016,0.12743,0.125572,-0.0228299,-0.0286754,-0.0224628,-0.0170261,0.0501094,0.0472172,6.16629,7.88021,2,0.0642555,-0.06522,0.12743
23.16,6.1899,6.18377,7.86168,7.86855,2,1.98108,2.35811,2.38484,-1.85674,-1.86446,2.08348e-15,0.0144835,0.0640268,0.0596526,-0.0654441,-0.0700466,0.127931,0.126056,-0.0229006,-0.0287861,-0.0223749,-0.0167226,0.0499945,0.047069,6.1899,7.86168,2,0.0640268,-0.0654441,0.127931
23.17,6.21345,6.2074,7.84308,7.85002,2,1.98113,2.35253,2.37911,-1.86381,-1.87143,2.06219e-15,0.0144856,0.0637974,0.0594006,-0.0656675,-0.0702874,0.12843,0.126538,-0.0229709,-0.0288934,-0.0222867,-0.0164238,0.0498792,0.0469215,6.21345,7.84308,2,0.0637974,-0.0656675,0.12843
23.18,6.23695,6.23096,7.8244,7.83143,2,1.98119,2.34693,2.37335,-1.87085,-1.87839,2.06147e-15,0.0144895,0.0635674,0.0591505,-0.0658899,-0.0705242,0.128928,0.12702,-0.0230408,-0.0289966,-0.0221983,-0.0161286,0.0497634,0.0467749,6.23695,7.8244,2,0.0635674,-0.0658899,0.128928
23.19,6.26039,6.25447,7.80566,7.81276,2,1.98125,2.3413,2.36756,-1.87788,-1.88532,2.05197e-15,0.0144959,0.0633366,0.0589027,-0.0661114,-0.0707573,0.129425,0.127501,-0.0231103,-0.0290972,-0.0221097,-0.0158395,0.0496471,0.0466291,6.26039,7.80566,2,0.0633366,-0.0661114,0.129425
23.2,6.28377,6.27792,7.78685,7.79403,2,1.98131,2.33566,2.36175,-1.8849,-1.89222,2.05166e-15,0.0145052,0.0631052,0.0586567,-0.0663321,-0.0709869,0.129921,0.12798,-0.0231794,-0.029194,-0.0220208,-0.015554,0.0495304,0.0464844,6.28377,7.78685,2,0.0631052,-0.0663321,0.129921
23.21,6.3071,6.3013,7.76796,7.77523,2,1.98137,2.32999,2.35591,-1.89189,-1.8991,2.06185e-15,0.0145161,0.062873,0.058413,-0.0665518,-0.0712127,0.130416,0.128459,-0.0232482,-0.0292866,-0.0219318,-0.015273,0.0494132,0.0463407,6.3071,7.76796,2,0.062873,-0.0665518,0.130416
23.22,6.33037,6.32463,7.74901,7.75636,2,1.98142,2.3243,2.35004,-1.89887,-1.90596,2.05601e-15,0.014529,0.0626402,0.0581712,-0.0667707,-0.0714349,0.13091,0.128937,-0.0233165,-0.0293748,-0.0218426,-0.0149962,0.0492956,0.0461981,6.33037,7.74901,2,0.0626402,-0.0667707,0.13091
23.23,6.35359,6.3479,7.72998,7.73743,2,1.98148,2.31859,2.34414,-1.90583,-1.9128,2.05345e-15,0.0145437,0.0624067,0.0579315,-0.0669887,-0.0716536,0.131402,0.129414,-0.0233845,-0.0294591,-0.0217531,-0.0147255,0.0491776,0.0460566,6.35359,7.72998,2,0.0624067,-0.0669887,0.131402
23.24,6.37675,6.37111,7.71089,7.71842,2,1.98154,2.31286,2.33822,-1.91278,-1.91961,2.05547e-15,0.0145607,0.0621725,0.0576938,-0.0672058,-0.0718689,0.131893,0.12989,-0.023452,-0.0295387,-0.0216634,-0.0144599,0.0490591,0.0459163,6.37675,7.71089,2,0.0621725,-0.0672058,0.131893
23.25,6.39985,6.39427,7.69173,7.69936,2,1.98161,2.30711,2.33227,-1.91971,-1.9264,2.06193e-15,0.014579,0.0619377,0.0574582,-0.067422,-0.0720812,0.132383,0.130365,-0.0235192,-0.0296133,-0.0215736,-0.0141982,0.0489402,0.0457772,6.39985,7.69173,2,0.0619377,-0.067422,0.132383
23.26,6.42289,6.41736,7.6725,7.68022,2,1.98167,2.30134,2.32629,-1.92662,-1.93317,2.05709e-15,0.0145985,0.0617021,0.0572245,-0.0676372,-0.0722901,0.132872,0.130839,-0.023586,-0.0296819,-0.0214835,-0.0139421,0.0488208,0.0456394,6.42289,7.6725,2,0.0617021,-0.0676372,0.132872
23.27,6.44587,6.44039,7.6532,7.66102,2,1.98173,2.29555,2.32029,-1.93351,-1.93992,2.04705e-15,0.01462,0.061466,0.0569927,-0.0678516,-0.0724959,0.13336,0.131313,-0.0236524,-0.0297459,-0.0213933,-0.013693,0.048701,0.0455029,6.44587,7.6532,2,0.061466,-0.0678516,0.13336
23.28,6.4688,6.46336,7.63383,7.64176,2,1.98179,2.28973,2.31427,-1.94038,-1.94665,2.04705e-15,0.0146427,0.0612291,0.0567628,-0.0680651,-0.0726989,0.133846,0.131785,-0.0237183,-0.0298053,-0.0213028,-0.013447,0.0485808,0.0453677,6.4688,7.63383,2,0.0612291,-0.0680651,0.133846
23.29,6.49167,6.48627,7.61439,7.62243,2,1.98186,2.2839,2.30822,-1.94724,-1.95336,2.04641e-15,0.0146659,0.0609916,0.0565353,-0.0682777,-0.0728989,0.134331,0.132257,-0.0237839,-0.0298582,-0.0212122,-0.0132071,0.0484601,0.0452339,6.49167,7.61439,2,0.0609916,-0.0682777,0.134331
23.3,6.51448,6.50912,7.59488,7.60304,2,1.98192,2.27804,2.30215,-1.95408,-1.96005,2.04883e-15,0.0146901,0.0607534,0.0563093,-0.0684893,-0.0730961,0.134815,0.132727,-0.0238491,-0.0299052,-0.0211214,-0.0129734,0.048339,0.0451015,6.51448,7.59488,2,0.0607534,-0.0684893,0.134815
23.31,6.53723,6.53191,7.57531,7.58358,2,1.98199,2.27217,2.29606,-1.9609,-1.96672,2.05457e-15,0.0147164,0.0605146,0.0560855,-0.0687001,-0.0732907,0.135298,0.133197,-0.0239139,-0.0299476,-0.0210304,-0.0127442,0.0482174,0.0449705,6.53723,7.57531,2,0.0605146,-0.0687001,0.135298
23.32,6.55992,6.55463,7.55566,7.56406,2,1.98205,2.26628,2.28994,-1.96771,-1.97337,2.05085e-15,0.014742,0.0602751,0.055863,-0.06891,-0.0734827,0.135779,0.133667,-0.0239783,-0.0299825,-0.0209392,-0.0125208,0.0480954,0.0448409,6.55992,7.55566,2,0.0602751,-0.06891,0.135779
23.33,6.58255,6.57729,7.53595,7.54447,2,1.98212,2.26036,2.2838,-1.9745,-1.98,2.04915e-15,0.0147692,0.060035,0.0556424,-0.0691189,-0.0736724,0.13626,0.134135,-0.0240422,-0.0300125,-0.0208478,-0.0123018,0.047973,0.0447127,6.58255,7.53595,2,0.060035,-0.0691189,0.13626
23.34,6.60513,6.59989,7.51617,7.52482,2,1.98219,2.25442,2.27765,-1.98127,-1.98662,2.05502e-15,0.0147969,0.0597943,0.0554232,-0.0693269,-0.0738598,0.136739,0.134602,-0.0241058,-0.0300369,-0.0207562,-0.0120883,0.0478502,0.0445858,6.60513,7.51617,2,0.0597943,-0.0693269,0.136739
23.35,6.62764,6.62243,7.49633,7.50511,2,1.98226,2.24847,2.27147,-1.98802,-1.99321,2.046e-15,0.0148244,0.0595529,0.0552062,-0.069534,-0.0740448,0.137217,0.135069,-0.024169,-0.0300546,-0.0206644,-0.0118802,0.0477269,0.0444605,6.62764,7.49633,2,0.0595529,-0.069534,0.137217
23.36,6.6501,6.6449,7.47641,7.48533,2,1.98233,2.24249,2.26527,-1.99475,-1.99979,2.049e-15,0.0148529,0.0593109,0.0549905,-0.0697402,-0.0742278,0.137693,0.135535,-0.0242318,-0.0300665,-0.0205725,-0.011676,0.0476032,0.0443365,6.6501,7.47641,2,0.0593109,-0.0697402,0.137693
23.37,6.67249,6.66731,7.45643,7.46548,2,1.9824,2.2365,2.25905,-2.00147,-2.00635,2.06219e-15,0.0148803,0.0590683,0.0547763,-0.0699455,-0.0744088,0.138169,0.136,-0.0242942,-0.0300731,-0.0204804,-0.0114768,0.0474791,0.0442138,6.67249,7.45643,2,0.0590683,-0.0699455,0.138169
23.38,6.69483,6.68966,7.43638,7.44559,2,1.98247,2.23048,2.25281,-2.00817,-2.0129,2.05092e-15,0.0149082,0.058825,0.0545636,-0.0701498,-0.0745878,0.138643,0.136464,-0.0243562,-0.0300725,-0.0203881,-0.0112835,0.0473545,0.0440927,6.69483,7.43638,2,0.058825,-0.0701498,0.138643
23.39,6.7171,6.71194,7.41627,7.42562,2,1.98255,2.22444,2.24655,-2.01485,-2.01943,2.03857e-15,0.0149366,0.0585812,0.0543524,-0.0703532,-0.074765,0.139116,0.136927,-0.0244177,-0.0300664,-0.0202957,-0.0110939,0.0472295,0.0439728,6.7171,7.41627,2,0.0585812,-0.0703532,0.139116
23.4,6.73932,6.73416,7.39609,7.40559,2,1.98262,2.21839,2.24027,-2.02151,-2.02594,2.04717e-15,0.0149645,0.0583367,0.0541424,-0.0705557,-0.0749406,0.139588,0.13739,-0.0244789,-0.0300547,-0.020203,-0.010909,0.0471041,0.0438542,6.73932,7.39609,2,0.0583367,-0.0705557,0.139588
23.41,6.76147,6.75631,7.37584,7.3855,2,1.9827,2.21231,2.23397,-2.02815,-2.03244,2.03789e-15,0.0149923,0.0580916,0.0539336,-0.0707573,-0.0751146,0.140058,0.137852,-0.0245397,-0.0300378,-0.0201102,-0.0107278,0.0469782,0.043737,6.76147,7.37584,2,0.0580916,-0.0707573,0.140058
23.42,6.78356,6.7784,7.35553,7.36535,2,1.98277,2.20621,2.22766,-2.03477,-2.03892,2.02931e-15,0.0150191,0.0578459,0.0537258,-0.0709579,-0.0752869,0.140527,0.138312,-0.0246001,-0.0300132,-0.0200173,-0.0105502,0.046852,0.043621,6.78356,7.35553,2,0.0578459,-0.0709579,0.140527
23.43,6.80559,6.80043,7.33514,7.34513,2,1.98285,2.2001,2.22133,-2.04138,-2.04539,2.01275e-15,0.0150456,0.0575996,0.0535194,-0.0711576,-0.075458,0.140995,0.138772,-0.02466,-0.0299849,-0.0199241,-0.0103774,0.0467253,0.0435063,6.80559,7.33514,2,0.0575996,-0.0711576,0.140995
23.44,6.82756,6.82239,7.3147,7.32485,2,1.98292,2.19396,2.21498,-2.04797,-2.05184,2.01275e-15,0.0150714,0.0573527,0.053314,-0.0713564,-0.0756276,0.141462,0.139231,-0.0247196,-0.0299504,-0.0198309,-0.0102075,0.0465982,0.0433928,6.82756,7.3147,2,0.0573527,-0.0713564,0.141462
23.45,6.84947,6.84428,7.29418,7.30451,2,1.983,2.18781,2.20862,-2.05454,-2.05828,2.00999e-15,0.0150966,0.0571052,0.0531091,-0.0715542,-0.0757961,0.141927,0.139689,-0.0247787,-0.0299096,-0.0197374,-0.0100394,0.0464707,0.0432804,6.84947,7.29418,2,0.0571052,-0.0715542,0.141927
23.46,6.87132,6.86611,7.27361,7.28411,2,1.98308,2.18163,2.20224,-2.06109,-2.06471,1.99555e-15,0.0151204,0.0568571,0.0529055,-0.0717511,-0.0759631,0.142391,0.140147,-0.0248375,-0.0298638,-0.0196438,-0.00987507,0.0463427,0.0431691,6.87132,7.27361,2,0.0568571,-0.0717511,0.142391
23.47,6.8931,6.88787,7.25296,7.26365,2,1.98316,2.17544,2.19584,-2.06762,-2.07112,2.0071e-15,0.0151432,0.0566085,0.0527023,-0.0719471,-0.0761293,0.142854,0.140603,-0.0248958,-0.0298137,-0.01955,-0.00971425,0.0462144,0.0430589,6.8931,7.25296,2,0.0566085,-0.0719471,0.142854
23.48,6.91483,6.90957,7.23225,7.24312,2,1.98324,2.16922,2.18943,-2.07414,-2.07752,2.00158e-15,0.0151655,0.0563592,0.0525,-0.0721421,-0.0762943,0.143315,0.141059,-0.0249538,-0.0297578,-0.0194561,-0.00955523,0.0460856,0.0429497,6.91483,7.23225,2,0.0563592,-0.0721421,0.143315
23.49,6.93649,6.9312,7.21148,7.22253,2,1.98332,2.16299,2.183,-2.08063,-2.08391,1.99525e-15,0.0151867,0.0561094,0.0522981,-0.0723362,-0.0764584,0.143776,0.141513,-0.0250113,-0.029697,-0.019362,-0.00939911,0.0459564,0.0428414,6.93649,7.21148,2,0.0561094,-0.0723362,0.143776
23.5,6.95809,6.95276,7.19064,7.20187,2,1.9834,2.15673,2.17655,-2.08711,-2.09028,1.99623e-15,0.0152059,0.055859,0.0520968,-0.0725294,-0.0766217,0.144235,0.141967,-0.0250685,-0.0296334,-0.0192678,-0.00924342,0.0458268,0.042734,6.95809,7.19064,2,0.055859,-0.0725294,0.144235
23.51,6.97962,6.97426,7.16974,7.18116,2,1.98348,2.15046,2.1701,-2.09357,-2.09665,1.99485e-15,0.0152247,0.055608,0.0518958,-0.0727216,-0.0767843,0.144692,0.142419,-0.0251252,-0.0295642,-0.0191735,-0.00908925,0.0456968,0.0426275,6.97962,7.16974,2,0.055608,-0.0727216,0.144692
23.52,7.0011,6.99569,7.14877,7.16038,2,1.98356,2.14417,2.16362,-2.10001,-2.103,1.99251e-15,0.0152414,0.0553565,0.0516953,-0.0729129,-0.076946,0.145148,0.142871,-0.0251815,-0.0294915,-0.0190789,-0.00893654,0.0455663,0.0425218,7.0011,7.14877,2,0.0553565,-0.0729129,0.145148
23.53,7.02251,7.01705,7.12774,7.13954,2,1.98364,2.13786,2.15713,-2.10643,-2.10934,1.99181e-15,0.0152569,0.0551044,0.051495,-0.0731032,-0.0771069,0.145603,0.143322,-0.0252374,-0.029414,-0.0189843,-0.0087859,0.0454355,0.0424168,7.02251,7.12774,2,0.0551044,-0.0731032,0.145603
23.54,7.04385,7.03835,7.10664,7.11863,2,1.98372,2.13153,2.15063,-2.11283,-2.11567,1.98912e-15,0.0152709,0.0548517,0.0512947,-0.0732925,-0.0772675,0.146057,0.143771,-0.0252929,-0.0293338,-0.0188895,-0.00863383,0.0453042,0.0423124,7.04385,7.10664,2,0.0548517,-0.0732925,0.146057
23.55,7.06514,7.05957,7.08548,7.09767,2,1.9838,2.12518,2.14412,-2.11921,-2.12199,1.99183e-15,0.0152834,0.0545985,0.0510944,-0.073481,-0.0774273,0.14651,0.14422,-0.025348,-0.0292506,-0.0187945,-0.00848223,0.0451726,0.0422087,7.06514,7.08548,2,0.0545985,-0.073481,0.14651
23.56,7.08636,7.08074,7.06426,7.07664,2,1.98388,2.11881,2.13759,-2.12557,-2.12829,1.97912e-15,0.0152946,0.0543448,0.0508941,-0.0736684,-0.0775866,0.146961,0.144667,-0.0254027,-0.0291633,-0.0186994,-0.00833214,0.0450405,0.0421055,7.08636,7.06426,2,0.0543448,-0.0736684,0.146961
23.57,7.10751,7.10183,7.04297,7.05555,2,1.98396,2.11242,2.13105,-2.13192,-2.13459,1.9541e-15,0.015304,0.0540905,0.0506938,-0.073855,-0.0777455,0.14741,0.145114,-0.025457,-0.029074,-0.0186042,-0.00818119,0.0449081,0.0420027,7.10751,7.04297,2,0.0540905,-0.073855,0.14741
23.58,7.12861,7.12286,7.02162,7.03439,2,1.98404,2.10601,2.12449,-2.13824,-2.14088,1.96195e-15,0.0153113,0.0538356,0.0504931,-0.0740405,-0.0779037,0.147859,0.145559,-0.0255109,-0.0289804,-0.0185089,-0.00802904,0.0447752,0.0419004,7.12861,7.02162,2,0.0538356,-0.0740405,0.147859
23.59,7.14963,7.14382,7.00021,7.01317,2,1.98412,2.09959,2.11792,-2.14455,-2.14715,1.96978e-15,0.0153166,0.0535803,0.0502924,-0.0742251,-0.0780617,0.148306,0.146004,-0.0255643,-0.0288857,-0.0184134,-0.00787563,0.0446419,0.0417983,7.14963,7.00021,2,0.0535803,-0.0742251,0.148306
23.6,7.1706,7.16471,6.97873,6.99189,2,1.98419,2.09314,2.11134,-2.15083,-2.15342,1.96646e-15,0.0153208,0.0533244,0.0500908,-0.0744088,-0.0782191,0.148752,0.146447,-0.0256174,-0.0287883,-0.0183178,-0.00772246,0.0445082,0.0416966,7.1706,6.97873,2,0.0533244,-0.0744088,0.148752
23.61,7.1915,7.18553,6.95719,6.97055,2,1.98427,2.08668,2.10474,-2.1571,-2.15967,1.9592e-15,0.0153231,0.0530679,0.0498892,-0.0745915,-0.0783764,0.149196,0.146889,-0.02567,-0.0286905,-0.018222,-0.00756517,0.0443742,0.041595,7.1915,6.95719,2,0.0530679,-0.0745915,0.149196
23.62,7.21233,7.20628,6.93559,6.94914,2,1.98435,2.0802,2.09813,-2.16335,-2.16592,1.96436e-15,0.015323,0.052811,0.0496871,-0.0747732,-0.0785333,0.149639,0.14733,-0.0257223,-0.0285906,-0.0181262,-0.0074077,0.0442397,0.0414936,7.21233,6.93559,2,0.052811,-0.0747732,0.149639
23.63,7.2331,7.22696,6.91392,6.92767,2,1.98443,2.0737,2.09151,-2.16958,-2.17215,1.9708e-15,0.015322,0.0525535,0.0494841,-0.074954,-0.0786897,0.150081,0.14777,-0.0257741,-0.0284881,-0.0180302,-0.00724873,0.0441048,0.0413923,7.2331,6.91392,2,0.0525535,-0.074954,0.150081
23.64,7.2538,7.24758,6.8922,6.90613,2,1.9845,2.06718,2.08487,-2.17578,-2.17837,1.97323e-15,0.0153184,0.0522955,0.0492808,-0.0751338,-0.0788459,0.150521,0.148209,-0.0258255,-0.0283864,-0.017934,-0.00708613,0.0439695,0.0412909,7.2538,6.8922,2,0.0522955,-0.0751338,0.150521
23.65,7.27444,7.26813,6.87041,6.88453,2,1.98458,2.06064,2.07823,-2.18197,-2.18459,1.97689e-15,0.0153129,0.052037,0.0490762,-0.0753127,-0.0790018,0.15096,0.148646,-0.0258765,-0.0282821,-0.0178378,-0.00692128,0.0438339,0.0411895,7.27444,6.87041,2,0.052037,-0.0753127,0.15096
23.66,7.29502,7.28861,6.84856,6.86287,2,1.98466,2.05408,2.07157,-2.18814,-2.19079,2.00502e-15,0.015305,0.0517779,0.0488711,-0.0754906,-0.0791576,0.151398,0.149083,-0.0259272,-0.0281781,-0.0177415,-0.00675313,0.0436978,0.0410879,7.29502,6.84856,2,0.0517779,-0.0754906,0.151398
23.67,7.31553,7.30902,6.82664,6.84114,2,1.98473,2.04751,2.0649,-2.19429,-2.19699,2.03494e-15,0.0152959,0.0515184,0.0486651,-0.0756675,-0.0793129,0.151834,0.149518,-0.0259773,-0.0280739,-0.017645,-0.0065824,0.0435614,0.0409862,7.31553,6.82664,2,0.0515184,-0.0756675,0.151834
23.68,7.33597,7.32936,6.80467,6.81935,2,1.9848,2.04091,2.05821,-2.20042,-2.20317,2.01539e-15,0.0152846,0.0512584,0.0484581,-0.0758435,-0.0794683,0.152269,0.149952,-0.0260271,-0.0279706,-0.0175484,-0.00640676,0.0434245,0.0408842,7.33597,6.80467,2,0.0512584,-0.0758435,0.152269
23.69,7.35634,7.34964,6.78264,6.7975,2,1.98487,2.0343,2.05152,-2.20653,-2.20935,2.00274e-15,0.0152715,0.0509979,0.04825,-0.0760185,-0.0796231,0.152703,0.150385,-0.0260765,-0.0278669,-0.0174517,-0.00622945,0.0432873,0.0407818,7.35634,6.78264,2,0.0509979,-0.0760185,0.152703
23.7,7.37665,7.36984,6.76054,6.77558,2,1.98494,2.02767,2.04481,-2.21262,-2.21551,1.97461e-15,0.0152564,0.0507369,0.0480414,-0.0761925,-0.0797777,0.153135,0.150816,-0.0261255,-0.0277661,-0.0173549,-0.0060475,0.0431497,0.0406791,7.37665,6.76054,2,0.0507369,-0.0761925,0.153135
23.71,7.3969,7.38998,6.73838,6.7536,2,1.98501,2.02102,2.03809,-2.21869,-2.22166,1.94482e-15,0.015239,0.0504754,0.047831,-0.0763656,-0.0799322,0.153566,0.151247,-0.026174,-0.0276631,-0.017258,-0.00586169,0.0430116,0.040576,7.3969,6.73838,2,0.0504754,-0.0763656,0.153566
23.72,7.41707,7.41004,6.71617,6.73155,2,1.98508,2.01436,2.03135,-2.22474,-2.22781,1.94384e-15,0.0152195,0.0502134,0.0476196,-0.0765377,-0.0800862,0.153995,0.151676,-0.0262222,-0.0275609,-0.017161,-0.00567128,0.0428732,0.0404723,7.41707,6.71617,2,0.0502134,-0.0765377,0.153995
23.73,7.43718,7.43004,6.69389,6.70944,2,1.98515,2.00767,2.02461,-2.23077,-2.23394,1.94012e-15,0.0151984,0.0499509,0.047407,-0.0767088,-0.0802401,0.154423,0.152103,-0.0262699,-0.0274633,-0.0170638,-0.005477,0.0427344,0.0403681,7.43718,6.69389,2,0.0499509,-0.0767088,0.154423
23.74,7.45723,7.44997,6.67155,6.68726,2,1.98522,2.00097,2.01785,-2.23678,-2.24006,1.93842e-15,0.0151751,0.049688,0.047193,-0.0768789,-0.0803938,0.15485,0.15253,-0.0263172,-0.0273649,-0.0169666,-0.00527789,0.0425953,0.0402632,7.45723,6.67155,2,0.049688,-0.0768789,0.15485
23.75,7.4772,7.46982,6.64915,6.66502,2,1.98528,1.99425,2.01108,-2.24277,-2.24618,1.94089e-15,0.0151501,0.0494246,0.0469776,-0.0770481,-0.0805468,0.155275,0.152955,-0.0263642,-0.0272684,-0.0168693,-0.00507473,0.0424557,0.0401577,7.4772,6.64915,2,0.0494246,-0.0770481,0.155275
23.76,7.49711,7.48961,6.6267,6.64272,2,1.98534,1.98751,2.00429,-2.24874,-2.25228,1.94703e-15,0.0151233,0.0491607,0.0467608,-0.0772163,-0.0806999,0.155699,0.153379,-0.0264107,-0.0271758,-0.0167718,-0.00486485,0.0423158,0.0400515,7.49711,6.6267,2,0.0491607,-0.0772163,0.155699
23.77,7.51695,7.50933,6.60418,6.62035,2,1.9854,1.98075,1.9975,-2.25469,-2.25837,1.9704e-15,0.015094,0.0488964,0.0465426,-0.0773836,-0.0808526,0.156121,0.153802,-0.0264568,-0.0270839,-0.0166743,-0.00465221,0.0421755,0.0399444,7.51695,6.60418,2,0.0488964,-0.0773836,0.156121
23.78,7.53673,7.52898,6.5816,6.59792,2,1.98546,1.97398,1.99069,-2.26062,-2.26444,1.9717e-15,0.0150633,0.0486316,0.0463226,-0.0775498,-0.0810047,0.156542,0.154223,-0.0265025,-0.0269935,-0.0165767,-0.00443488,0.0420348,0.0398366,7.53673,6.5816,2,0.0486316,-0.0775498,0.156542
23.79,7.55643,7.54856,6.55897,6.57542,2,1.98552,1.96719,1.98387,-2.26653,-2.27051,1.96887e-15,0.0150305,0.0483663,0.0461017,-0.0777151,-0.0811567,0.156962,0.154643,-0.0265477,-0.0269078,-0.016479,-0.00421117,0.0418937,0.0397279,7.55643,6.55897,2,0.0483663,-0.0777151,0.156962
23.8,7.57607,7.56806,6.53627,6.55287,2,1.98558,1.96038,1.97704,-2.27241,-2.27656,1.96586e-15,0.014996,0.0481006,0.0458786,-0.0778794,-0.0813083,0.15738,0.155061,-0.0265926,-0.0268233,-0.0163812,-0.00398338,0.0417522,0.0396183,7.57607,6.53627,2,0.0481006,-0.0778794,0.15738
23.81,7.59564,7.5875,6.51352,6.53024,2,1.98564,1.95355,1.9702,-2.27828,-2.28261,1.95548e-15,0.0149595,0.0478345,0.0456543,-0.0780427,-0.0814592,0.157797,0.155479,-0.0266371,-0.0267426,-0.0162833,-0.00374987,0.0416104,0.0395078,7.59564,6.51352,2,0.0478345,-0.0780427,0.157797
23.82,7.61514,7.60687,6.49071,6.50756,2,1.98569,1.94671,1.96334,-2.28413,-2.28864,1.95718e-15,0.0149215,0.0475679,0.0454284,-0.0782051,-0.0816099,0.158212,0.155895,-0.0266811,-0.0266658,-0.0161853,-0.00351079,0.0414682,0.0393962,7.61514,6.49071,2,0.0475679,-0.0782051,0.158212
23.83,7.63457,7.62617,6.46783,6.48481,2,1.98574,1.93984,1.95647,-2.28996,-2.29465,1.95339e-15,0.0148819,0.0473009,0.0452007,-0.0783664,-0.08176,0.158626,0.156309,-0.0267248,-0.0265917,-0.0160872,-0.00326747,0.0413256,0.0392836,7.63457,6.46783,2,0.0473009,-0.0783664,0.158626
23.84,7.65394,7.6454,6.44491,6.46199,2,1.98579,1.93296,1.94959,-2.29576,-2.30066,1.95137e-15,0.0148396,0.0470334,0.0449712,-0.0785268,-0.0819097,0.159039,0.156723,-0.026768,-0.0265211,-0.0159891,-0.00301879,0.0411827,0.0391699,7.65394,6.44491,2,0.0470334,-0.0785268,0.159039
23.85,7.67323,7.66455,6.42192,6.43911,2,1.98584,1.92607,1.94269,-2.30155,-2.30665,1.95036e-15,0.0147965,0.0467655,0.04474,-0.0786862,-0.0820588,0.15945,0.157135,-0.0268108,-0.0264538,-0.0158909,-0.00276471,0.0410393,0.0390552,7.67323,6.42192,2,0.0467655,-0.0786862,0.15945
23.86,7.69246,7.68364,6.39888,6.41618,2,1.98589,1.91915,1.93579,-2.30731,-2.31262,1.93667e-15,0.0147512,0.0464972,0.044507,-0.0788446,-0.0822074,0.15986,0.157545,-0.0268532,-0.0263904,-0.0157925,-0.00250563,0.0408956,0.0389392,7.69246,6.39888,2,0.0464972,-0.0788446,0.15986
23.87,7.71162,7.70265,6.37577,6.39317,2,1.98593,1.91222,1.92887,-2.31306,-2.31859,1.91661e-15,0.0147047,0.0462284,0.0442725,-0.0790021,-0.0823554,0.160268,0.157954,-0.0268952,-0.0263319,-0.0156942,-0.00224157,0.0407516,0.0388221,7.71162,6.37577,2,0.0462284,-0.0790021,0.160268
23.88,7.7307,7.7216,6.35261,6.37011,2,1.98598,1.90527,1.92194,-2.31878,-2.32453,1.91351e-15,0.0146563,0.0459593,0.0440359,-0.0791585,-0.0825027,0.160675,0.158362,-0.0269368,-0.0262765,-0.0155957,-0.00197248,0.0406072,0.0387039,7.7307,6.35261,2,0.0459593,-0.0791585,0.160675
23.89,7.74972,7.74047,6.3294,6.34698,2,1.98602,1.89831,1.91499,-2.32448,-2.33046,1.90958e-15,0.0146067,0.0456897,0.0437977,-0.079314,-0.0826493,0.16108,0.158769,-0.026978,-0.026225,-0.0154972,-0.00169978,0.0404624,0.0385844,7.74972,6.3294,2,0.0456897,-0.079314,0.16108
23.9,7.76867,7.75927,6.30613,6.32379,2,1.98606,1.89132,1.90804,-2.33016,-2.33638,1.9016e-15,0.0145554,0.0454197,0.0435576,-0.0794685,-0.0827954,0.161484,0.159174,-0.0270188,-0.0261799,-0.0153986,-0.00141987,0.0403172,0.0384636,7.76867,6.30613,2,0.0454197,-0.0794685,0.161484
23.91,7.78755,7.778,6.28279,6.30054,2,1.9861,1.88432,1.90107,-2.33582,-2.34229,1.91258e-15,0.0145024,0.0451493,0.0433155,-0.0796219,-0.0829405,0.161886,0.159578,-0.0270591,-0.0261365,-0.0152999,-0.00113693,0.0401717,0.0383416,7.78755,6.28279,2,0.0451493,-0.0796219,0.161886
23.92,7.80636,7.79666,6.25941,6.27723,2,1.98613,1.87731,1.89409,-2.34146,-2.34817,1.92016e-15,0.0144485,0.0448785,0.0430718,-0.0797744,-0.0830854,0.162287,0.15998,-0.0270991,-0.026098,-0.0152011,-0.000848579,0.0400258,0.0382183,7.80636,6.25941,2,0.0448785,-0.0797744,0.162287
23.93,7.82509,7.81525,6.23597,6.25385,2,1.98617,1.87027,1.88709,-2.34708,-2.35404,1.93024e-15,0.0143932,0.0446073,0.0428263,-0.079926,-0.0832291,0.162687,0.160381,-0.0271387,-0.0260655,-0.0151023,-0.000556337,0.0398796,0.0380937,7.82509,6.23597,2,0.0446073,-0.079926,0.162687
23.94,7.84376,7.83377,6.21247,6.23042,2,1.9862,1.86322,1.88008,-2.35268,-2.3599,1.91481e-15,0.014336,0.0443358,0.0425788,-0.0800765,-0.083372,0.163085,0.160781,-0.0271778,-0.0260367,-0.0150035,-0.000259864,0.039733,0.0379678,7.84376,6.21247,2,0.0443358,-0.0800765,0.163085
23.95,7.86236,7.85221,6.18891,6.20692,2,1.98623,1.85615,1.87306,-2.35825,-2.36573,1.90209e-15,0.0142783,0.0440638,0.0423292,-0.080226,-0.0835141,0.163482,0.161179,-0.0272165,-0.0260119,-0.0149045,4.14071e-05,0.039586,0.0378406,7.86236,6.18891,2,0.0440638,-0.080226,0.163482
23.96,7.88089,7.87058,6.1653,6.18337,2,1.98627,1.84907,1.86603,-2.36381,-2.37155,1.9248e-15,0.0142187,0.0437914,0.0420781,-0.0803746,-0.0836553,0.163877,0.161576,-0.0272549,-0.0259923,-0.0148055,0.000346512,0.0394387,0.0377119,7.88089,6.1653,2,0.0437914,-0.0803746,0.163877
23.97,7.89934,7.88888,6.14164,6.15975,2,1.98629,1.84197,1.85899,-2.36934,-2.37735,1.94281e-15,0.0141584,0.0435187,0.0418248,-0.0805221,-0.0837958,0.16427,0.161972,-0.0272928,-0.0259772,-0.0147065,0.000655103,0.0392911,0.037582,7.89934,6.14164,2,0.0435187,-0.0805221,0.16427
23.98,7.91772,7.90711,6.11792,6.13608,2,1.98632,1.83485,1.85193,-2.37485,-2.38313,1.93496e-15,0.0140969,0.0432456,0.0415696,-0.0806687,-0.0839351,0.164663,0.162366,-0.0273303,-0.0259667,-0.0146074,0.00096751,0.039143,0.0374506,7.91772,6.11792,2,0.0432456,-0.0806687,0.164663
23.99,7.93604,7.92527,6.09414,6.11234,2,1.98635,1.82772,1.84486,-2.38034,-2.3889,1.9252e-15,0.0140338,0.0429721,0.0413128,-0.0808143,-0.0840737,0.165053,0.162759,-0.0273674,-0.0259628,-0.0145082,0.00128385,0.0389947,0.0373179,7.93604,6.09414,2,0.0429721,-0.0808143,0.165053
24,7.95428,7.94335,6.07031,6.08855,2,1.98637,1.82057,1.83777,-2.38581,-2.39464,1.91382e-15,0.0139701,0.0426982,0.0410538,-0.0809589,-0.0842111,0.165442,0.163151,-0.0274041,-0.0259618,-0.014409,0.00160274,0.0388459,0.0371838,7.95428,6.07031,2,0.0426982,-0.0809589,0.165442
24.01,7.97245,7.96136,6.04642,6.0647,2,1.98639,1.8134,1.83068,-2.39126,-2.40037,1.9179e-15,0.0139056,0.042424,0.0407933,-0.0811025,-0.0843475,0.16583,0.163541,-0.0274404,-0.0259672,-0.0143097,0.00192451,0.0386969,0.0370484,7.97245,6.04642,2,0.042424,-0.0811025,0.16583
24.02,7.99055,7.9793,6.02248,6.04079,2,1.98641,1.80622,1.82357,-2.39669,-2.40607,1.91174e-15,0.0138401,0.0421494,0.0405305,-0.0812451,-0.084483,0.166216,0.16393,-0.0274763,-0.0259761,-0.0142104,0.00224979,0.0385474,0.0369115,7.99055,6.02248,2,0.0421494,-0.0812451,0.166216
24.03,8.00857,7.99717,5.99849,6.01682,2,1.98644,1.79902,1.81645,-2.40209,-2.41176,1.89877e-15,0.0137735,0.0418745,0.0402658,-0.0813867,-0.0846174,0.166601,0.164318,-0.0275117,-0.0259905,-0.0141111,0.00257816,0.0383977,0.0367733,8.00857,5.99849,2,0.0418745,-0.0813867,0.166601
24.04,8.02653,8.01496,5.97444,5.99279,2,1.98645,1.79181,1.80931,-2.40747,-2.41742,1.90218e-15,0.013706,0.0415992,0.0399991,-0.0815273,-0.0847506,0.166984,0.164704,-0.0275468,-0.0260093,-0.0140116,0.00290751,0.0382476,0.0366337,8.02653,5.97444,2,0.0415992,-0.0815273,0.166984
24.05,8.04441,8.03267,5.95034,5.96872,2,1.98647,1.78457,1.80217,-2.41283,-2.42306,1.91091e-15,0.0136384,0.0413235,0.0397309,-0.0816669,-0.0848828,0.167366,0.165089,-0.0275815,-0.0260322,-0.0139122,0.00323928,0.0380971,0.0364927,8.04441,5.95034,2,0.0413235,-0.0816669,0.167366
24.06,8.06222,8.05032,5.92619,5.94458,2,1.98649,1.77733,1.79501,-2.41817,-2.42869,1.91262e-15,0.0135698,0.0410476,0.0394606,-0.0818055,-0.0850137,0.167746,0.165472,-0.0276157,-0.0260619,-0.0138127,0.00357347,0.0379463,0.0363504,8.06222,5.92619,2,0.0410476,-0.0818055,0.167746
24.07,8.07996,8.06789,5.90198,5.92038,2,1.9865,1.77006,1.78784,-2.42349,-2.43428,1.90746e-15,0.0135006,0.0407712,0.0391882,-0.0819432,-0.0851436,0.168125,0.165854,-0.0276496,-0.0260936,-0.0137132,0.00390962,0.0377952,0.0362067,8.07996,5.90198,2,0.0407712,-0.0819432,0.168125
24.08,8.09762,8.08539,5.87772,5.89613,2,1.98652,1.76279,1.78065,-2.42879,-2.43986,1.91159e-15,0.0134305,0.0404946,0.0389142,-0.0820798,-0.0852723,0.168502,0.166235,-0.027683,-0.0261332,-0.0136136,0.00424723,0.0376437,0.0360616,8.09762,5.87772,2,0.0404946,-0.0820798,0.168502
24.09,8.11521,8.10281,5.8534,5.87183,2,1.98653,1.75549,1.77346,-2.43406,-2.44542,1.9178e-15,0.0133602,0.0402176,0.0386384,-0.0822154,-0.0853998,0.168878,0.166615,-0.0277161,-0.0261765,-0.013514,0.0045865,0.0374919,0.0359151,8.11521,5.8534,2,0.0402176,-0.0822154,0.168878
24.1,8.13273,8.12016,5.82903,5.84747,2,1.98654,1.74818,1.76625,-2.43931,-2.45095,1.91636e-15,0.0132898,0.0399402,0.0383602,-0.0823501,-0.0855261,0.169252,0.166993,-0.0277487,-0.0262225,-0.0134144,0.00492566,0.0373397,0.0357674,8.13273,5.82903,2,0.0399402,-0.0823501,0.169252
24.11,8.15018,8.13744,5.80462,5.82306,2,1.98655,1.74085,1.75903,-2.44454,-2.45646,1.91651e-15,0.0132183,0.0396626,0.0380806,-0.0824837,-0.085651,0.169625,0.16737,-0.027781,-0.0262752,-0.0133147,0.00526471,0.0371872,0.0356183,8.15018,5.80462,2,0.0396626,-0.0824837,0.169625
24.12,8.16755,8.15464,5.78014,5.79859,2,1.98656,1.73351,1.75179,-2.44975,-2.46194,1.91683e-15,0.0131467,0.0393846,0.0377988,-0.0826164,-0.0857748,0.169996,0.167745,-0.0278128,-0.0263312,-0.013215,0.00560691,0.0370344,0.0354679,8.16755,5.78014,2,0.0393846,-0.0826164,0.169996
24.13,8.18484,8.17176,5.75562,5.77408,2,1.98657,1.72615,1.74455,-2.45494,-2.4674,1.9153e-15,0.0130756,0.0391063,0.0375153,-0.082748,-0.0858975,0.170365,0.168119,-0.0278442,-0.0263919,-0.0131153,0.00594747,0.0368812,0.0353162,8.18484,5.75562,2,0.0391063,-0.082748,0.170365
24.14,8.20207,8.18882,5.73104,5.74951,2,1.98658,1.71878,1.73729,-2.4601,-2.47283,1.91189e-15,0.0130032,0.0388278,0.03723,-0.0828787,-0.0860186,0.170733,0.168492,-0.0278753,-0.0264576,-0.0130155,0.0062888,0.0367277,0.0351632,8.20207,5.73104,2,0.0388278,-0.0828787,0.170733
24.15,8.21922,8.20579,5.70642,5.72489,2,1.98658,1.71139,1.73002,-2.46525,-2.47824,1.90242e-15,0.0129313,0.0385488,0.0369426,-0.0830083,-0.0861387,0.1711,0.168863,-0.0279059,-0.0265278,-0.0129157,0.00663002,0.0365739,0.0350089,8.21922,5.70642,2,0.0385488,-0.0830083,0.1711
24.16,8.2363,8.2227,5.68174,5.70021,2,1.98659,1.70399,1.72273,-2.47036,-2.48363,1.90242e-15,0.0128597,0.0382696,0.0366534,-0.083137,-0.0862575,0.171465,0.169234,-0.0279361,-0.0266023,-0.0128159,0.00697086,0.0364197,0.0348534,8.2363,5.68174,2,0.0382696,-0.083137,0.171465
24.17,8.2533,8.23952,5.65701,5.67549,2,1.98659,1.69657,1.71544,-2.47546,-2.48899,1.89895e-15,0.0127872,0.0379901,0.0363624,-0.0832647,-0.0863751,0.171828,0.169602,-0.0279659,-0.0266814,-0.0127161,0.00731075,0.0362653,0.0346966,8.2533,5.65701,2,0.0379901,-0.0832647,0.171828
24.18,8.27023,8.25627,5.63223,5.65071,2,1.9866,1.68913,1.70813,-2.48054,-2.49432,1.91296e-15,0.012715,0.0377103,0.0360694,-0.0833913,-0.0864913,0.17219,0.16997,-0.0279953,-0.0267628,-0.0126162,0.00765032,0.0361104,0.0345387,8.27023,5.63223,2,0.0377103,-0.0833913,0.17219
24.19,8.28708,8.27295,5.6074,5.62589,2,1.9866,1.68168,1.70081,-2.48559,-2.49963,1.93023e-15,0.0126433,0.0374302,0.0357746,-0.083517,-0.0866062,0.172551,0.170336,-0.0280244,-0.0268492,-0.0125164,0.00798729,0.0359553,0.0343795,8.28708,5.6074,2,0.0374302,-0.083517,0.172551
24.2,8.30386,8.28955,5.58252,5.60101,2,1.9866,1.67422,1.69348,-2.49062,-2.50491,1.91481e-15,0.0125712,0.0371498,0.0354779,-0.0836416,-0.0867199,0.172909,0.170701,-0.028053,-0.0269398,-0.0124165,0.00832345,0.0357998,0.0342191,8.30386,5.58252,2,0.0371498,-0.0836416,0.172909
24.21,8.32057,8.30608,5.55759,5.57609,2,1.98661,1.66674,1.68614,-2.49563,-2.51016,1.90562e-15,0.0124999,0.0368692,0.0351794,-0.0837653,-0.0868322,0.173267,0.171064,-0.0280812,-0.0270345,-0.0123166,0.00865886,0.0356441,0.0340576,8.32057,5.55759,2,0.0368692,-0.0837653,0.173267
24.22,8.3372,8.32252,5.53261,5.55112,2,1.98661,1.65925,1.67878,-2.50061,-2.51539,1.90831e-15,0.0124284,0.0365882,0.0348791,-0.083888,-0.0869432,0.173622,0.171426,-0.028109,-0.0271326,-0.0122167,0.00899229,0.035488,0.0338949,8.3372,5.53261,2,0.0365882,-0.083888,0.173622
24.23,8.35375,8.3389,5.50758,5.5261,2,1.98661,1.65174,1.67142,-2.50558,-2.52059,1.90754e-15,0.0123575,0.036307,0.0345769,-0.0840096,-0.0870531,0.173976,0.171787,-0.0281364,-0.0272347,-0.0121168,0.00932279,0.0353316,0.0337311,8.35375,5.50758,2,0.036307,-0.0840096,0.173976
24.24,8.37023,8.3552,5.48249,5.50104,2,1.98661,1.64421,1.66404,-2.51052,-2.52576,1.90893e-15,0.012287,0.0360255,0.0342727,-0.0841303,-0.0871619,0.174329,0.172147,-0.0281635,-0.0273405,-0.0120169,0.00965311,0.0351748,0.0335663,8.37023,5.48249,2,0.0360255,-0.0841303,0.174329
24.25,8.38664,8.37142,5.45737,5.47592,2,1.98662,1.63667,1.65665,-2.51544,-2.5309,1.91465e-15,0.0122169,0.0357437,0.0339668,-0.08425,-0.0872691,0.17468,0.172505,-0.0281901,-0.0274497,-0.0119169,0.00997876,0.0350178,0.0334003,8.38664,5.45737,2,0.0357437,-0.08425,0.17468
24.26,8.40296,8.38756,5.43219,5.45076,2,1.98662,1.62912,1.64925,-2.52033,-2.53602,1.91124e-15,0.0121471,0.0354617,0.0336591,-0.0843687,-0.0873751,0.175029,0.172862,-0.0282163,-0.0275612,-0.011817,0.0103025,0.0348604,0.0332333,8.40296,5.43219,2,0.0354617,-0.0843687,0.175029
24.27,8.41922,8.40363,5.40696,5.42556,2,1.98662,1.62155,1.64183,-2.5252,-2.54111,1.90506e-15,0.0120777,0.0351794,0.0333495,-0.0844863,-0.08748,0.175377,0.173217,-0.0282421,-0.027677,-0.011717,0.0106237,0.0347027,0.0330652,8.41922,5.40696,2,0.0351794,-0.0844863,0.175377
24.28,8.4354,8.41962,5.38168,5.40031,2,1.98662,1.61397,1.63441,-2.53005,-2.54617,1.91362e-15,0.0120094,0.0348968,0.033038,-0.084603,-0.0875837,0.175723,0.173571,-0.0282676,-0.0277955,-0.0116171,0.0109417,0.0345447,0.0328961,8.4354,5.38168,2,0.0348968,-0.084603,0.175723
24.29,8.4515,8.43554,5.35636,5.37501,2,1.98662,1.60637,1.62697,-2.53488,-2.5512,1.90887e-15,0.0119417,0.034614,0.0327249,-0.0847187,-0.0876862,0.176068,0.173924,-0.0282926,-0.0279189,-0.0115171,0.0112573,0.0343864,0.0327261,8.4515,5.35636,2,0.034614,-0.0847187,0.176068
24.3,8.46752,8.45137,5.33098,5.34967,2,1.98662,1.59876,1.61953,-2.53969,-2.5562,1.92331e-15,0.0118746,0.034331,0.0324098,-0.0848333,-0.0877875,0.176411,0.174275,-0.0283172,-0.0280443,-0.0114172,0.0115688,0.0342278,0.0325551,8.46752,5.33098,2,0.034331,-0.0848333,0.176411
24.31,8.48347,8.46714,5.30556,5.32429,2,1.98662,1.59113,1.61207,-2.54447,-2.56117,1.93229e-15,0.0118087,0.0340477,0.0320929,-0.084947,-0.0878877,0.176752,0.174625,-0.0283415,-0.0281716,-0.0113173,0.0118769,0.0340689,0.0323832,8.48347,5.30556,2,0.0340477,-0.084947,0.176752
24.32,8.49935,8.48282,5.2801,5.29885,2,1.98662,1.58349,1.6046,-2.54923,-2.56611,1.93188e-15,0.0117433,0.0337642,0.0317742,-0.0850597,-0.0879868,0.177092,0.174973,-0.0283653,-0.0283015,-0.0112173,0.0121807,0.0339096,0.0322103,8.49935,5.2801,2,0.0337642,-0.0850597,0.177092
24.33,8.51514,8.49843,5.25458,5.27339,2,1.98662,1.57583,1.59712,-2.55396,-2.57102,1.93069e-15,0.0116793,0.0334804,0.0314538,-0.0851713,-0.0880846,0.177431,0.17532,-0.0283888,-0.0284358,-0.0111174,0.0124824,0.0337501,0.0320366,8.51514,5.25458,2,0.0334804,-0.0851713,0.177431
24.34,8.53086,8.51396,5.22902,5.24787,2,1.98663,1.56816,1.58962,-2.55867,-2.57591,1.93684e-15,0.0116153,0.0331964,0.0311316,-0.085282,-0.0881817,0.177767,0.175666,-0.0284118,-0.0285732,-0.0110175,0.0127802,0.0335903,0.031862,8.53086,5.22902,2,0.0331964,-0.085282,0.177767
24.35,8.54651,8.52941,5.20341,5.22232,2,1.98663,1.56048,1.58212,-2.56336,-2.58076,1.94763e-15,0.011553,0.0329122,0.0308074,-0.0853917,-0.0882775,0.178102,0.176011,-0.0284345,-0.0287114,-0.0109176,0.0130729,0.0334301,0.0316865,8.54651,5.20341,2,0.0329122,-0.0853917,0.178102
24.36,8.56207,8.54479,5.17775,5.19671,2,1.98663,1.55278,1.5746,-2.56803,-2.58559,1.94934e-15,0.0114912,0.0326277,0.0304815,-0.0855004,-0.0883723,0.178436,0.176354,-0.0284568,-0.0288518,-0.0108177,0.0133624,0.0332697,0.0315102,8.56207,5.17775,2,0.0326277,-0.0855004,0.178436
24.37,8.57756,8.56009,5.15205,5.17107,2,1.98663,1.54507,1.56708,-2.57267,-2.59038,1.94533e-15,0.0114315,0.032343,0.0301539,-0.0856081,-0.0884661,0.178768,0.176695,-0.0284787,-0.0289962,-0.0107178,0.0136471,0.0331089,0.0313331,8.57756,5.15205,2,0.032343,-0.0856081,0.178768
24.38,8.59297,8.57531,5.1263,5.14539,2,1.98663,1.53735,1.55954,-2.57729,-2.59514,1.93913e-15,0.0113721,0.0320581,0.0298246,-0.0857147,-0.0885591,0.179098,0.177035,-0.0285002,-0.0291407,-0.0106179,0.0139281,0.0329479,0.0311553,8.59297,5.1263,2,0.0320581,-0.0857147,0.179098
24.39,8.60831,8.59046,5.1005,5.11967,2,1.98663,1.52961,1.552,-2.58189,-2.59987,1.93057e-15,0.011314,0.031773,0.0294936,-0.0858204,-0.088651,0.179427,0.177374,-0.0285213,-0.0292894,-0.010518,0.0142042,0.0327866,0.0309768,8.60831,5.1005,2,0.031773,-0.0858204,0.179427
24.4,8.62357,8.60553,5.07466,5.09391,2,1.98664,1.52186,1.54444,-2.58646,-2.60458,1.93228e-15,0.0112568,0.0314877,0.0291607,-0.0859251,-0.088742,0.179754,0.177711,-0.028542,-0.0294381,-0.0104182,0.0144751,0.0326249,0.0307975,8.62357,5.07466,2,0.0314877,-0.0859251,0.179754
24.41,8.63875,8.62051,5.04877,5.06811,2,1.98664,1.51409,1.53687,-2.59102,-2.60925,1.92848e-15,0.0112018,0.0312022,0.028826,-0.0860288,-0.0888321,0.180079,0.178047,-0.0285623,-0.0295894,-0.0103184,0.014742,0.032463,0.0306175,8.63875,5.04877,2,0.0312022,-0.0860288,0.180079
24.42,8.65385,8.63543,5.02284,5.04227,2,1.98665,1.50631,1.52929,-2.59554,-2.61389,1.92646e-15,0.0111477,0.0309165,0.0284898,-0.0861315,-0.0889215,0.180403,0.178381,-0.0285822,-0.0297428,-0.0102186,0.0150047,0.0323008,0.0304368,8.65385,5.02284,2,0.0309165,-0.0861315,0.180403
24.43,8.66887,8.65026,4.99686,5.01638,2,1.98665,1.49852,1.5217,-2.60005,-2.61851,1.91984e-15,0.0110947,0.0306305,0.0281518,-0.0862331,-0.08901,0.180725,0.178714,-0.0286018,-0.0298975,-0.0101188,0.0152625,0.0321383,0.0302555,8.66887,4.99686,2,0.0306305,-0.0862331,0.180725
24.44,8.68382,8.66502,4.97084,4.99046,2,1.98665,1.49071,1.5141,-2.60453,-2.62309,1.92325e-15,0.0110434,0.0303444,0.027812,-0.0863338,-0.0890977,0.181046,0.179045,-0.0286209,-0.0300538,-0.0100191,0.0155147,0.0319755,0.0300735,8.68382,4.97084,2,0.0303444,-0.0863338,0.181046
24.45,8.69869,8.6797,4.94477,4.9645,2,1.98666,1.48289,1.50649,-2.60898,-2.62764,1.9301e-15,0.0109935,0.0300581,0.0274707,-0.0864335,-0.0891849,0.181365,0.179375,-0.0286397,-0.0302118,-0.00991935,0.0157635,0.0318124,0.029891,8.69869,4.94477,2,0.0300581,-0.0864335,0.181365
24.46,8.71348,8.6943,4.91866,4.93851,2,1.98667,1.47506,1.49887,-2.61342,-2.63215,1.94313e-15,0.010945,0.0297716,0.0271276,-0.0865322,-0.0892714,0.181682,0.179703,-0.0286581,-0.0303704,-0.00981965,0.0160073,0.031649,0.0297079,8.71348,4.91866,2,0.0297716,-0.0865322,0.181682
24.47,8.72819,8.70883,4.8925,4.91248,2,1.98667,1.46721,1.49123,-2.61783,-2.63664,1.97767e-15,0.010898,0.029485,0.0267831,-0.0866299,-0.0893569,0.181998,0.18003,-0.0286761,-0.0305302,-0.00971999,0.0162447,0.0314854,0.0295242,8.72819,4.8925,2,0.029485,-0.0866299,0.181998
24.48,8.74282,8.72327,4.8663,4.8864,2,1.98668,1.45935,1.48359,-2.62221,-2.6411,1.96869e-15,0.0108526,0.0291981,0.0264367,-0.0867266,-0.0894423,0.182312,0.180355,-0.0286937,-0.0306911,-0.00962036,0.0164778,0.0313214,0.02934,8.74282,4.8663,2,0.0291981,-0.0867266,0.182312
24.49,8.75737,8.73764,4.84006,4.86029,2,1.98669,1.45148,1.47594,-2.62658,-2.64553,1.95091e-15,0.0108092,0.0289111,0.0260889,-0.0868223,-0.0895268,0.182624,0.180679,-0.0287109,-0.030853,-0.00952076,0.0167066,0.0311572,0.0291553,8.75737,4.84006,2,0.0289111,-0.0868223,0.182624
24.5,8.77185,8.75194,4.81377,4.83414,2,1.9867,1.44359,1.46827,-2.63092,-2.64993,1.95504e-15,0.0107667,0.0286239,0.0257395,-0.086917,-0.089611,0.182935,0.181001,-0.0287278,-0.0310162,-0.00942119,0.0169306,0.0309927,0.02897,8.77185,4.81377,2,0.0286239,-0.086917,0.182935
24.51,8.78625,8.76615,4.78744,4.80796,2,1.98671,1.43569,1.4606,-2.63523,-2.65429,1.9569e-15,0.0107263,0.0283365,0.0253886,-0.0870108,-0.0896947,0.183244,0.181321,-0.0287442,-0.0311808,-0.00932167,0.0171491,0.0308279,0.0287843,8.78625,4.78744,2,0.0283365,-0.0870108,0.183244
24.52,8.80056,8.78029,4.76106,4.78174,2,1.98672,1.42778,1.45291,-2.63952,-2.65863,1.95246e-15,0.0106872,0.028049,0.0250359,-0.0871035,-0.0897779,0.183552,0.18164,-0.0287603,-0.0313441,-0.00922217,0.0173631,0.0306629,0.0285982,8.80056,4.76106,2,0.028049,-0.0871035,0.183552
24.53,8.8148,8.79435,4.73465,4.75548,2,1.98673,1.41986,1.44522,-2.64379,-2.66293,1.93951e-15,0.01065,0.0277613,0.0246819,-0.0871952,-0.0898607,0.183857,0.181958,-0.028776,-0.0315079,-0.00912272,0.0175722,0.0304975,0.0284117,8.8148,4.73465,2,0.0277613,-0.0871952,0.183857
24.54,8.82896,8.80833,4.70819,4.72919,2,1.98674,1.41192,1.43751,-2.64804,-2.66721,1.94979e-15,0.010614,0.0274735,0.0243264,-0.0872859,-0.0899433,0.184161,0.182273,-0.0287913,-0.0316728,-0.00902331,0.0177764,0.0303319,0.0282247,8.82896,4.70819,2,0.0274735,-0.0872859,0.184161
24.55,8.84304,8.82223,4.68169,4.70286,2,1.98675,1.40397,1.42979,-2.65226,-2.67145,1.95911e-15,0.0105802,0.0271855,0.0239697,-0.0873757,-0.0900255,0.184464,0.182587,-0.0288062,-0.031839,-0.00892394,0.0179757,0.030166,0.0280374,8.84304,4.68169,2,0.0271855,-0.0873757,0.184464
24.56,8.85704,8.83606,4.65514,4.67649,2,1.98676,1.396,1.42206,-2.65645,-2.67566,1.9471e-15,0.0105482,0.0268974,0.0236114,-0.0874644,-0.0901073,0.184765,0.1829,-0.0288208,-0.0320048,-0.00882462,0.0181709,0.0299999,0.0278497,8.85704,4.65514,2,0.0268974,-0.0874644,0.184765
24.57,8.87096,8.84981,4.62856,4.65009,2,1.98678,1.38803,1.41433,-2.66063,-2.67984,1.94483e-15,0.0105176,0.0266091,0.0232515,-0.0875522,-0.0901892,0.185064,0.18321,-0.0288349,-0.0321694,-0.00872534,0.0183598,0.0298335,0.0276616,8.87096,4.62856,2,0.0266091,-0.0875522,0.185064
24.58,8.8848,8.86348,4.60193,4.62366,2,1.98679,1.38004,1.40658,-2.66477,-2.684,1.93726e-15,0.0104892,0.0263207,0.0228905,-0.0876389,-0.0902707,0.185361,0.183519,-0.0288487,-0.0323337,-0.00862611,0.0185441,0.0296668,0.0274732,8.8848,4.60193,2,0.0263207,-0.0876389,0.185361
24.59,8.89856,8.87708,4.57526,4.59719,2,1.98681,1.37204,1.39882,-2.6689,-2.68812,1.95072e-15,0.0104628,0.0260321,0.0225284,-0.0877247,-0.0903522,0.185657,0.183827,-0.0288622,-0.0325002,-0.00852693,0.0187255,0.0294998,0.0272846,8.89856,4.57526,2,0.0260321,-0.0877247,0.185657
24.6,8.91224,8.8906,4.54855,4.57068,2,1.98683,1.36403,1.39105,-2.673,-2.69221,1.96929e-15,0.0104375,0.0257434,0.0221648,-0.0878095,-0.0904335,0.185951,0.184132,-0.0288752,-0.0326649,-0.00842779,0.0189006,0.0293326,0.0270956,8.91224,4.54855,2,0.0257434,-0.0878095,0.185951
24.61,8.92584,8.90404,4.5218,4.54414,2,1.98684,1.356,1.38327,-2.67708,-2.69627,1.97677e-15,0.010414,0.0254546,0.0218001,-0.0878932,-0.0905149,0.186244,0.184436,-0.0288879,-0.03283,-0.00832871,0.0190724,0.0291651,0.0269063,8.92584,4.5218,2,0.0254546,-0.0878932,0.186244
24.62,8.93936,8.9174,4.49501,4.51757,2,1.98686,1.34797,1.37547,-2.68113,-2.7003,1.96062e-15,0.0103929,0.0251657,0.0214341,-0.087976,-0.0905962,0.186535,0.184739,-0.0289001,-0.032994,-0.00822968,0.0192385,0.0289973,0.0267168,8.93936,4.49501,2,0.0251657,-0.087976,0.186535
24.63,8.9528,8.93069,4.46818,4.49096,2,1.98688,1.33992,1.36767,-2.68516,-2.7043,1.95705e-15,0.0103735,0.0248766,0.0210671,-0.0880578,-0.0906778,0.186824,0.185039,-0.0289121,-0.0331574,-0.00813071,0.0194011,0.0288293,0.0265271,8.9528,4.46818,2,0.0248766,-0.0880578,0.186824
24.64,8.96616,8.94389,4.44131,4.46432,2,1.9869,1.33186,1.35986,-2.68916,-2.70827,1.95952e-15,0.0103552,0.0245874,0.0206988,-0.0881386,-0.0907594,0.187111,0.185338,-0.0289236,-0.0333203,-0.00803179,0.0195591,0.0286611,0.0263372,8.96616,4.44131,2,0.0245874,-0.0881386,0.187111
24.65,8.97944,8.95703,4.4144,4.43764,2,1.98692,1.32378,1.35204,-2.69314,-2.71221,1.96955e-15,0.0103388,0.0242981,0.0203296,-0.0882185,-0.0908407,0.187397,0.185634,-0.0289348,-0.0334812,-0.00793294,0.0197117,0.0284925,0.0261471,8.97944,4.4144,2,0.0242981,-0.0882185,0.187397
24.66,8.99263,8.97008,4.38745,4.41093,2,1.98695,1.3157,1.3442,-2.6971,-2.71612,1.96305e-15,0.0103251,0.0240087,0.0199594,-0.0882973,-0.0909226,0.187681,0.185929,-0.0289455,-0.0336413,-0.00783413,0.019861,0.0283237,0.0259568,8.99263,4.38745,2,0.0240087,-0.0882973,0.187681
24.67,9.00575,8.98306,4.36046,4.38419,2,1.98697,1.3076,1.33635,-2.70103,-2.72,1.95372e-15,0.0103122,0.0237192,0.0195883,-0.0883752,-0.0910047,0.187964,0.186223,-0.028956,-0.0338027,-0.0077354,0.0200074,0.0281547,0.0257663,9.00575,4.36046,2,0.0237192,-0.0883752,0.187964
24.68,9.01879,8.99596,4.33343,4.35741,2,1.98699,1.29949,1.3285,-2.70494,-2.72385,1.95331e-15,0.0103023,0.0234296,0.0192162,-0.088452,-0.0910871,0.188244,0.186514,-0.028966,-0.0339612,-0.00763672,0.0201491,0.0279854,0.0255756,9.01879,4.33343,2,0.0234296,-0.088452,0.188244
24.69,9.03174,9.00878,4.30636,4.3306,2,1.98702,1.29137,1.32063,-2.70882,-2.72767,1.9494e-15,0.0102927,0.0231399,0.0188435,-0.0885279,-0.0911695,0.188523,0.186804,-0.0289757,-0.0341185,-0.00753811,0.0202855,0.0278159,0.0253848,9.03174,4.30636,2,0.0231399,-0.0885279,0.188523
24.7,9.04461,9.02152,4.27925,4.30375,2,1.98704,1.28324,1.31275,-2.71268,-2.73146,1.94183e-15,0.0102858,0.0228501,0.0184697,-0.0886028,-0.0912525,0.188801,0.187091,-0.028985,-0.0342745,-0.00743956,0.0204194,0.0276461,0.0251939,9.04461,4.27925,2,0.0228501,-0.0886028,0.188801
24.71,9.05741,9.03419,4.2521,4.27688,2,1.98707,1.2751,1.30486,-2.71651,-2.73522,1.95385e-15,0.0102803,0.0225602,0.0180956,-0.0886767,-0.0913358,0.189076,0.187377,-0.0289939,-0.0344302,-0.00734108,0.0205493,0.027476,0.025003,9.05741,4.2521,2,0.0225602,-0.0886767,0.189076
24.72,9.07012,9.04678,4.22492,4.24997,2,1.98709,1.26694,1.29696,-2.72032,-2.73895,1.95385e-15,0.0102768,0.0222702,0.0177206,-0.0887496,-0.0914195,0.18935,0.187661,-0.0290025,-0.0345842,-0.00724266,0.0206752,0.0273057,0.0248119,9.07012,4.22492,2,0.0222702,-0.0887496,0.18935
24.73,9.08274,9.05929,4.1977,4.22302,2,1.98712,1.25878,1.28904,-2.72411,-2.74266,1.95593e-15,0.0102752,0.0219802,0.0173452,-0.0888215,-0.0915034,0.189622,0.187943,-0.0290107,-0.0347357,-0.00714432,0.0207977,0.0271352,0.0246207,9.08274,4.1977,2,0.0219802,-0.0888215,0.189622
24.74,9.09529,9.07173,4.17044,4.19605,2,1.98715,1.2506,1.28112,-2.72787,-2.74633,1.97207e-15,0.0102746,0.02169,0.0169691,-0.0888925,-0.091588,0.189893,0.188223,-0.0290186,-0.0348859,-0.00704604,0.0209166,0.0269644,0.0244295,9.09529,4.17044,2,0.02169,-0.0888925,0.189893
24.75,9.10776,9.08409,4.14314,4.16904,2,1.98718,1.24241,1.27318,-2.7316,-2.74997,1.98007e-15,0.0102761,0.0213998,0.0165927,-0.0889625,-0.091673,0.190162,0.188501,-0.029026,-0.0350342,-0.00694785,0.0210323,0.0267934,0.0242382,9.10776,4.14314,2,0.0213998,-0.0889625,0.190162
24.76,9.12014,9.09637,4.11581,4.14199,2,1.98721,1.23421,1.26524,-2.73532,-2.75359,1.99209e-15,0.0102792,0.0211095,0.0162156,-0.0890314,-0.0917588,0.190429,0.188777,-0.0290332,-0.0351801,-0.00684972,0.0211444,0.0266221,0.0240468,9.12014,4.11581,2,0.0211095,-0.0890314,0.190429
24.77,9.13244,9.10858,4.08843,4.11492,2,1.98724,1.226,1.25728,-2.739,-2.75718,1.99594e-15,0.0102847,0.0208191,0.0158385,-0.0890994,-0.091845,0.190694,0.189051,-0.0290399,-0.035325,-0.00675167,0.0212541,0.0264506,0.0238555,9.13244,4.08843,2,0.0208191,-0.0890994,0.190694
24.78,9.14466,9.1207,4.06103,4.08781,2,1.98728,1.21778,1.24931,-2.74267,-2.76073,1.99482e-15,0.0102905,0.0205287,0.0154609,-0.0891665,-0.0919317,0.190958,0.189323,-0.0290463,-0.0354673,-0.00665369,0.0213603,0.0262789,0.0236641,9.14466,4.06103,2,0.0205287,-0.0891665,0.190958
24.79,9.1568,9.13276,4.03358,4.06067,2,1.98731,1.20955,1.24132,-2.7463,-2.76426,1.98489e-15,0.0102988,0.0202382,0.0150834,-0.0892325,-0.0920191,0.19122,0.189593,-0.0290523,-0.0356077,-0.0065558,0.021464,0.0261069,0.0234727,9.1568,4.03358,2,0.0202382,-0.0892325,0.19122
24.8,9.16885,9.14473,4.0061,4.03351,2,1.98734,1.2013,1.23333,-2.74992,-2.76776,1.98772e-15,0.0103083,0.0199477,0.0147057,-0.0892976,-0.092107,0.19148,0.189861,-0.029058,-0.0357459,-0.00645798,0.0215637,0.0259347,0.0232814,9.16885,4.0061,2,0.0199477,-0.0892976,0.19148
24.81,9.18082,9.15663,3.97858,4.0063,2,1.98738,1.19305,1.22533,-2.7535,-2.77123,1.99267e-15,0.0103194,0.019657,0.0143279,-0.0893617,-0.0921957,0.191738,0.190127,-0.0290633,-0.0358818,-0.00636024,0.0216613,0.0257622,0.02309,9.18082,3.97858,2,0.019657,-0.0893617,0.191738
24.82,9.19271,9.16844,3.95103,3.97907,2,1.98741,1.18479,1.21731,-2.75707,-2.77467,1.99339e-15,0.0103322,0.0193664,0.0139503,-0.0894248,-0.0922851,0.191995,0.190391,-0.0290682,-0.0360153,-0.00626259,0.0217565,0.0255895,0.0228987,9.19271,3.95103,2,0.0193664,-0.0894248,0.191995
24.83,9.20452,9.18019,3.92344,3.9518,2,1.98745,1.17651,1.20928,-2.76061,-2.77809,2.00285e-15,0.0103458,0.0190757,0.0135726,-0.0894869,-0.0923752,0.19225,0.190653,-0.0290728,-0.0361462,-0.00616502,0.0218497,0.0254166,0.0227074,9.20452,3.92344,2,0.0190757,-0.0894869,0.19225
24.84,9.21624,9.19185,3.89582,3.9245,2,1.98749,1.16822,1.20123,-2.76412,-2.78148,2.00244e-15,0.0103613,0.0187849,0.0131952,-0.0895481,-0.092466,0.192503,0.190913,-0.029077,-0.0362745,-0.00606753,0.0219401,0.0252435,0.0225162,9.21624,3.89582,2,0.0187849,-0.0895481,0.192503
24.85,9.22788,9.20344,3.86816,3.89717,2,1.98752,1.15993,1.19318,-2.76761,-2.78483,2.00744e-15,0.0103785,0.0184941,0.012818,-0.0896083,-0.0925574,0.192755,0.19117,-0.0290809,-0.0364003,-0.00597013,0.0220272,0.0250701,0.022325,9.22788,3.86816,2,0.0184941,-0.0896083,0.192755
24.86,9.23944,9.21496,3.84047,3.8698,2,1.98756,1.15162,1.18511,-2.77107,-2.78816,2.0133e-15,0.0103963,0.0182033,0.012441,-0.0896675,-0.0926498,0.193005,0.191426,-0.0290844,-0.0365222,-0.00587282,0.0221126,0.0248965,0.0221339,9.23944,3.84047,2,0.0182033,-0.0896675,0.193005
24.87,9.25091,9.22639,3.81274,3.84241,2,1.9876,1.1433,1.17703,-2.77451,-2.79147,2.00371e-15,0.0104159,0.0179125,0.0120647,-0.0897257,-0.0927426,0.193253,0.191679,-0.0290876,-0.0366428,-0.0057756,0.0221951,0.0247227,0.0219428,9.25091,3.81274,2,0.0179125,-0.0897257,0.193253
24.88,9.26231,9.23774,3.78497,3.81499,2,1.98764,1.13497,1.16894,-2.77793,-2.79474,2.01188e-15,0.0104365,0.0176216,0.0116888,-0.089783,-0.0928367,0.193499,0.19193,-0.0290904,-0.0367606,-0.00567846,0.0222777,0.0245487,0.0217519,9.26231,3.78497,2,0.0176216,-0.089783,0.193499
24.89,9.27361,9.24902,3.75718,3.78753,2,1.98768,1.12664,1.16084,-2.78132,-2.79799,2.03412e-15,0.0104585,0.0173307,0.0113135,-0.0898393,-0.0929312,0.193744,0.19218,-0.0290928,-0.0368751,-0.00558142,0.0223567,0.0243744,0.0215611,9.27361,3.75718,2,0.0173307,-0.0898393,0.193744
24.9,9.28484,9.26022,3.72935,3.76004,2,1.98772,1.11829,1.15272,-2.78468,-2.8012,2.03828e-15,0.0104813,0.0170397,0.0109387,-0.0898946,-0.0930266,0.193987,0.192426,-0.0290949,-0.0369858,-0.00548447,0.0224342,0.0241999,0.0213703,9.28484,3.72935,2,0.0170397,-0.0898946,0.193987
24.91,9.29598,9.27135,3.70149,3.73252,2,1.98776,1.10993,1.14459,-2.78802,-2.80439,2.016e-15,0.0105055,0.0167488,0.0105649,-0.089949,-0.093123,0.194228,0.192671,-0.0290967,-0.037096,-0.00538762,0.0225108,0.0240252,0.0211796,9.29598,3.70149,2,0.0167488,-0.089949,0.194228
24.92,9.30704,9.2824,3.67359,3.70497,2,1.98781,1.10156,1.13645,-2.79133,-2.80756,2.01698e-15,0.0105305,0.0164578,0.0101918,-0.0900024,-0.09322,0.194467,0.192914,-0.0290981,-0.0372013,-0.00529086,0.0225859,0.0238503,0.0209891,9.30704,3.67359,2,0.0164578,-0.0900024,0.194467
24.93,9.31801,9.29337,3.64566,3.67739,2,1.98785,1.09318,1.12829,-2.79462,-2.81069,2.02073e-15,0.0105568,0.0161668,0.00981977,-0.0900548,-0.0933178,0.194705,0.193154,-0.0290991,-0.0373037,-0.0051942,0.0226577,0.0236752,0.0207987,9.31801,3.64566,2,0.0161668,-0.0900548,0.194705
24.94,9.3289,9.30426,3.6177,3.64978,2,1.98789,1.0848,1.12012,-2.79789,-2.8138,2.02041e-15,0.0105844,0.0158758,0.00944856,-0.0901063,-0.0934166,0.194941,0.193392,-0.0290998,-0.0374044,-0.00509764,0.0227301,0.0234999,0.0206084,9.3289,3.6177,2,0.0158758,-0.0901063,0.194941
24.95,9.33971,9.31507,3.5897,3.62213,2,1.98794,1.0764,1.11194,-2.80113,-2.81688,2.0249e-15,0.0106123,0.0155848,0.0090782,-0.0901568,-0.093516,0.195175,0.193628,-0.0291002,-0.0375003,-0.00500118,0.0228002,0.0233243,0.0204182,9.33971,3.5897,2,0.0155848,-0.0901568,0.195175
24.96,9.35043,9.32581,3.56167,3.59447,2,1.98798,1.06799,1.10375,-2.80434,-2.81993,2.02221e-15,0.0106406,0.0152938,0.00870942,-0.0902063,-0.0936163,0.195407,0.193862,-0.0291002,-0.0375934,-0.00490481,0.0228687,0.0231485,0.0202282,9.35043,3.56167,2,0.0152938,-0.0902063,0.195407
24.97,9.36107,9.33646,3.53361,3.56676,2,1.98803,1.05958,1.09554,-2.80753,-2.82296,2.01996e-15,0.0106706,0.0150028,0.00834159,-0.0902549,-0.0937172,0.195638,0.194093,-0.0290998,-0.0376824,-0.00480856,0.0229356,0.0229726,0.0200383,9.36107,3.53361,2,0.0150028,-0.0902549,0.195638
24.98,9.37162,9.34704,3.50552,3.53903,2,1.98807,1.05115,1.08732,-2.81069,-2.82596,2.02395e-15,0.0107009,0.0147118,0.00797524,-0.0903025,-0.0938191,0.195867,0.194322,-0.0290992,-0.0377694,-0.0047124,0.0230034,0.0227964,0.0198486,9.37162,3.50552,2,0.0147118,-0.0903025,0.195867
24.99,9.38209,9.35754,3.4774,3.51126,2,1.98812,1.04271,1.07908,-2.81383,-2.82893,2.03731e-15,0.010732,0.0144208,0.00761011,-0.0903491,-0.0939218,0.196094,0.194549,-0.0290981,-0.0378521,-0.00461635,0.0230679,0.02262,0.019659,9.38209,3.4774,2,0.0144208,-0.0903491,0.196094
25,9.39248,9.36797,3.44925,3.48347,2,1.98816,1.03427,1.07083,-2.81694,-2.83187,2.03902e-15,0.0107632,0.0141298,0.00724659,-0.0903948,-0.0940253,0.196319,0.194773,-0.0290968,-0.0379322,-0.0045204,0.0231322,0.0224434,0.0194696,9.39248,3.44925,2,0.0141298,-0.0903948,0.196319
25.01,9.40278,9.37831,3.42106,3.45564,2,1.98821,1.02581,1.06257,-2.82003,-2.83479,2.03337e-15,0.0107953,0.0138389,0.00688447,-0.0904395,-0.0941293,0.196543,0.194996,-0.0290951,-0.0380089,-0.00442456,0.0231969,0.0222666,0.0192803,9.40278,3.42106,2,0.0138389,-0.0904395,0.196543
25.02,9.41299,9.38858,3.39285,3.42779,2,1.98826,1.01735,1.05429,-2.82309,-2.83768,2.04136e-15,0.0108279,0.0135479,0.00652405,-0.0904833,-0.0942343,0.196764,0.195215,-0.029093,-0.0380813,-0.00432883,0.0232603,0.0220897,0.0190913,9.41299,3.39285,2,0.0135479,-0.0904833,0.196764
25.03,9.42312,9.39877,3.3646,3.3999,2,1.9883,1.00888,1.046,-2.82612,-2.84055,2.05404e-15,0.0108608,0.013257,0.0061653,-0.0905261,-0.0943399,0.196984,0.195433,-0.0290906,-0.0381516,-0.00423321,0.0233223,0.0219125,0.0189024,9.42312,3.3646,2,0.013257,-0.0905261,0.196984
25.04,9.43317,9.40888,3.33632,3.37199,2,1.98835,1.0004,1.0377,-2.82913,-2.84338,2.05233e-15,0.0108942,0.0129661,0.00580824,-0.090568,-0.0944462,0.197203,0.195648,-0.0290879,-0.0382177,-0.0041377,0.0233846,0.0217351,0.0187136,9.43317,3.33632,2,0.0129661,-0.090568,0.197203
25.05,9.44313,9.4189,3.30802,3.34405,2,1.9884,0.991906,1.02938,-2.83212,-2.84619,2.05613e-15,0.0109273,0.0126753,0.00545321,-0.0906089,-0.094553,0.197419,0.195861,-0.0290848,-0.0382803,-0.0040423,0.0234453,0.0215575,0.0185251,9.44313,3.30802,2,0.0126753,-0.0906089,0.197419
25.06,9.45301,9.42886,3.27968,3.31608,2,1.98845,0.983406,1.02105,-2.83508,-2.84898,2.05815e-15,0.0109614,0.0123844,0.0050999,-0.0906488,-0.0946606,0.197634,0.196072,-0.0290814,-0.0383395,-0.00394701,0.0235061,0.0213797,0.0183367,9.45301,3.27968,2,0.0123844,-0.0906488,0.197634
25.07,9.4628,9.43873,3.25132,3.28807,2,1.98849,0.974898,1.0127,-2.83801,-2.85173,2.06123e-15,0.0109957,0.0120936,0.00474839,-0.0906878,-0.094769,0.197847,0.19628,-0.0290777,-0.0383954,-0.00385184,0.0235659,0.0212018,0.0181486,9.4628,3.25132,2,0.0120936,-0.0906878,0.197847
25.08,9.4725,9.44852,3.22292,3.26004,2,1.98854,0.966381,1.00434,-2.84092,-2.85446,2.06908e-15,0.0110299,0.0118029,0.00439927,-0.0907258,-0.0948778,0.198058,0.196486,-0.0290736,-0.0384471,-0.00375679,0.0236266,0.0210236,0.0179606,9.4725,3.22292,2,0.0118029,-0.0907258,0.198058
25.09,9.48213,9.45823,3.1945,3.23198,2,1.98859,0.957855,0.995971,-2.84381,-2.85717,2.07465e-15,0.0110643,0.0115122,0.00405208,-0.0907629,-0.094987,0.198267,0.19669,-0.0290692,-0.0384965,-0.00366185,0.0236857,0.0208453,0.0177727,9.48213,3.1945,2,0.0115122,-0.0907629,0.198267
25.1,9.49166,9.46787,3.16605,3.20389,2,1.98864,0.94932,0.987583,-2.84666,-2.85984,2.07775e-15,0.0110984,0.0112215,0.00370694,-0.0907991,-0.0950968,0.198475,0.196891,-0.0290644,-0.0385407,-0.00356703,0.0237449,0.0206667,0.0175852,9.49166,3.16605,2,0.0112215,-0.0907991,0.198475
25.11,9.50111,9.47742,3.13756,3.17578,2,1.98869,0.940777,0.97918,-2.8495,-2.86249,2.07552e-15,0.011132,0.0109309,0.0033644,-0.0908343,-0.0952074,0.198681,0.19709,-0.0290594,-0.0385842,-0.00347233,0.0238043,0.020488,0.0173977,9.50111,3.13756,2,0.0109309,-0.0908343,0.198681
25.12,9.51048,9.4869,3.10906,3.14763,2,1.98874,0.932226,0.970763,-2.8523,-2.86512,2.05978e-15,0.0111663,0.0106403,0.00302399,-0.0908685,-0.0953181,0.198885,0.197287,-0.029054,-0.0386231,-0.00337775,0.0238629,0.0203091,0.0172105,9.51048,3.10906,2,0.0106403,-0.0908685,0.198885
25.13,9.51976,9.49629,3.08052,3.11946,2,1.98878,0.923666,0.962334,-2.85508,-2.86771,2.05174e-15,0.0111998,0.0103498,0.00268601,-0.0909018,-0.0954293,0.199087,0.197481,-0.0290482,-0.0386569,-0.00328329,0.0239213,0.02013,0.0170235,9.51976,3.08052,2,0.0103498,-0.0909018,0.199087
25.14,9.52895,9.5056,3.05195,3.09126,2,1.98883,0.915098,0.953888,-2.85784,-2.87028,2.04246e-15,0.0112329,0.0100593,0.00235018,-0.0909342,-0.0955409,0.199287,0.197672,-0.0290422,-0.0386901,-0.00318895,0.0239808,0.0199507,0.0168367,9.52895,3.05195,2,0.0100593,-0.0909342,0.199287
25.15,9.53806,9.51483,3.02336,3.06303,2,1.98888,0.906522,0.945428,-2.86057,-2.87283,2.06365e-15,0.011266,0.00976896,0.00201704,-0.0909656,-0.0956527,0.199486,0.197862,-0.0290358,-0.0387179,-0.00309474,0.0240379,0.0197713,0.01665,9.53806,3.02336,2,0.00976896,-0.0909656,0.199486
25.16,9.54708,9.52398,2.99474,3.03477,2,1.98893,0.897938,0.936954,-2.86327,-2.87534,2.06839e-15,0.0112982,0.00947864,0.00168628,-0.0909961,-0.0957647,0.199683,0.198049,-0.0290291,-0.0387426,-0.00300065,0.0240979,0.0195917,0.0164636,9.54708,2.99474,2,0.00947864,-0.0909961,0.199683
25.17,9.55602,9.53305,2.9661,3.00649,2,1.98898,0.889346,0.928466,-2.86595,-2.87784,2.05151e-15,0.0113301,0.00918838,0.00135816,-0.0910256,-0.095877,0.199878,0.198234,-0.029022,-0.0387643,-0.00290669,0.0241562,0.0194119,0.0162774,9.55602,2.9661,2,0.00918838,-0.0910256,0.199878
25.18,9.56487,9.54204,2.93742,2.97818,2,1.98903,0.880745,0.919963,-2.8686,-2.8803,2.05151e-15,0.0113616,0.0088982,0.0010327,-0.0910542,-0.0959897,0.200071,0.198416,-0.0290146,-0.0387831,-0.00281285,0.024215,0.0192319,0.0160914,9.56487,2.93742,2,0.0088982,-0.0910542,0.200071
25.19,9.57363,9.55095,2.90872,2.94984,2,1.98907,0.872137,0.911445,-2.87123,-2.88274,2.05025e-15,0.0113921,0.00860809,0.000709781,-0.0910819,-0.0961024,0.200262,0.198596,-0.029007,-0.0387984,-0.00271914,0.024273,0.0190517,0.0159056,9.57363,2.90872,2,0.00860809,-0.0910819,0.200262
25.2,9.58231,9.55978,2.88,2.92147,2,1.98912,0.863521,0.902912,-2.87383,-2.88515,2.05712e-15,0.011422,0.00831806,0.000389677,-0.0911086,-0.096215,0.200452,0.198773,-0.0289989,-0.0388102,-0.00262557,0.0243321,0.0188714,0.0157199,9.58231,2.88,2,0.00831806,-0.0911086,0.200452
25.21,9.5909,9.56852,2.85125,2.89308,2,1.98917,0.854897,0.894367,-2.8764,-2.88754,2.07748e-15,0.0114517,0.00802811,7.22278e-05,-0.0911344,-0.0963277,0.20064,0.198948,-0.0289906,-0.0388196,-0.00253212,0.0243915,0.0186909,0.0155345,9.5909,2.85125,2,0.00802811,-0.0911344,0.20064
25.22,9.59941,9.57718,2.82247,2.86466,2,1.98922,0.846266,0.885807,-2.87895,-2.8899,2.0795e-15,0.01148,0.00773825,-0.00024227,-0.0911592,-0.0964403,0.200826,0.199121,-0.028982,-0.038825,-0.0024388,0.0244504,0.0185103,0.0153493,9.59941,2.82247,2,0.00773825,-0.0911592,0.200826
25.23,9.60783,9.58576,2.79367,2.83622,2,1.98926,0.837627,0.87723,-2.88147,-2.89223,2.08934e-15,0.0115075,0.00744847,-0.000554151,-0.0911832,-0.0965527,0.20101,0.199292,-0.028973,-0.0388273,-0.00234562,0.0245097,0.0183294,0.0151643,9.60783,2.79367,2,0.00744847,-0.0911832,0.20101
25.24,9.61616,9.59426,2.76484,2.80774,2,1.98931,0.82898,0.868639,-2.88397,-2.89454,2.09175e-15,0.0115346,0.00715879,-0.000863146,-0.0912062,-0.0966653,0.201192,0.19946,-0.0289637,-0.0388274,-0.00225257,0.0245687,0.0181485,0.0149795,9.61616,2.76484,2,0.00715879,-0.0912062,0.201192
25.25,9.62441,9.60267,2.73599,2.77925,2,1.98936,0.820326,0.860034,-2.88644,-2.89682,2.07464e-15,0.0115604,0.0068692,-0.00116917,-0.0912282,-0.0967774,0.201373,0.199625,-0.0289541,-0.0388244,-0.00215966,0.0246283,0.0179673,0.0147948,9.62441,2.73599,2,0.0068692,-0.0912282,0.201373
25.26,9.63257,9.61101,2.70711,2.75072,2,1.9894,0.811665,0.851415,-2.88889,-2.89908,2.06607e-15,0.0115848,0.00657971,-0.00147244,-0.0912493,-0.0968892,0.201552,0.199789,-0.0289442,-0.0388179,-0.00206688,0.0246886,0.017786,0.0146104,9.63257,2.70711,2,0.00657971,-0.0912493,0.201552
25.27,9.64064,9.61926,2.67821,2.72217,2,1.98945,0.802996,0.842781,-2.89131,-2.90131,2.04872e-15,0.0116083,0.00629032,-0.00177265,-0.0912696,-0.0970006,0.201729,0.199949,-0.0289339,-0.0388097,-0.00197424,0.0247476,0.0176045,0.0144262,9.64064,2.67821,2,0.00629032,-0.0912696,0.201729
25.28,9.64863,9.62742,2.64929,2.6936,2,1.98949,0.79432,0.834133,-2.8937,-2.90351,2.0497e-15,0.0116305,0.00600103,-0.00207028,-0.0912888,-0.0971115,0.201904,0.200108,-0.0289234,-0.0387967,-0.00188173,0.0248073,0.0174229,0.0142421,9.64863,2.64929,2,0.00600103,-0.0912888,0.201904
25.29,9.65653,9.6355,2.62034,2.665,2,1.98954,0.785637,0.825469,-2.89607,-2.90569,2.05617e-15,0.0116518,0.00571185,-0.00236454,-0.0913072,-0.0972222,0.202077,0.200264,-0.0289125,-0.038782,-0.00178937,0.0248681,0.0172411,0.0140583,9.65653,2.62034,2,0.00571185,-0.0913072,0.202077
25.3,9.66434,9.6435,2.59137,2.63638,2,1.98958,0.776947,0.816795,-2.89841,-2.90784,2.04759e-15,0.0116716,0.00542278,-0.0026559,-0.0913246,-0.0973321,0.202248,0.200418,-0.0289013,-0.0387656,-0.00169714,0.0249282,0.0170591,0.0138747,9.66434,2.59137,2,0.00542278,-0.0913246,0.202248
25.31,9.67207,9.65141,2.56237,2.60773,2,1.98962,0.76825,0.808102,-2.90072,-2.90997,2.03655e-15,0.01169,0.00513383,-0.00294446,-0.0913411,-0.0974416,0.202418,0.200569,-0.0288898,-0.0387468,-0.00160506,0.0249896,0.016877,0.0136912,9.67207,2.56237,2,0.00513383,-0.0913411,0.202418
25.32,9.6797,9.65924,2.53335,2.57906,2,1.98967,0.759546,0.799397,-2.90301,-2.91206,2.04071e-15,0.0117072,0.00484499,-0.00322987,-0.0913567,-0.0975503,0.202586,0.200719,-0.028878,-0.0387247,-0.00151311,0.0250501,0.0166948,0.0135079,9.6797,2.53335,2,0.00484499,-0.0913567,0.202586
25.33,9.68726,9.66699,2.50431,2.55037,2,1.98971,0.750836,0.790676,-2.90527,-2.91414,2.01921e-15,0.0117225,0.00455627,-0.00351253,-0.0913714,-0.0976581,0.202752,0.200865,-0.0288659,-0.0386998,-0.00142132,0.0251112,0.0165124,0.0133247,9.68726,2.50431,2,0.00455627,-0.0913714,0.202752
25.34,9.69472,9.67465,2.47525,2.52165,2,1.98975,0.742118,0.781942,-2.90751,-2.91618,2.01921e-15,0.0117369,0.00426767,-0.003792,-0.0913851,-0.0977651,0.202916,0.20101,-0.0288535,-0.0386726,-0.00132966,0.0251719,0.0163298,0.0131418,9.69472,2.47525,2,0.00426767,-0.0913851,0.202916
25.35,9.7021,9.68223,2.44616,2.4929,2,1.98979,0.733394,0.773194,-2.90972,-2.91821,2.01778e-15,0.0117497,0.0039792,-0.0040686,-0.091398,-0.0978713,0.203079,0.201152,-0.0288408,-0.0386437,-0.00123815,0.0252337,0.0161471,0.0129591,9.7021,2.44616,2,0.0039792,-0.091398,0.203079
25.36,9.70939,9.68971,2.41705,2.46414,2,1.98983,0.724664,0.764431,-2.91191,-2.9202,2.02119e-15,0.0117605,0.00369085,-0.00434224,-0.0914099,-0.0979763,0.203239,0.201292,-0.0288278,-0.0386127,-0.00114679,0.0252953,0.0159643,0.0127765,9.70939,2.41705,2,0.00369085,-0.0914099,0.203239
25.37,9.71659,9.69712,2.38792,2.43535,2,1.98987,0.715926,0.755654,-2.91406,-2.92217,2.02779e-15,0.01177,0.00340264,-0.00461297,-0.0914209,-0.0980804,0.203398,0.201429,-0.0288144,-0.0385787,-0.00105557,0.0253566,0.0157813,0.0125941,9.71659,2.38792,2,0.00340264,-0.0914209,0.203398
25.38,9.72371,9.70444,2.35877,2.40655,2,1.98991,0.707183,0.746866,-2.9162,-2.92411,2.01263e-15,0.0117775,0.00311457,-0.00488056,-0.091431,-0.0981831,0.203555,0.201565,-0.0288008,-0.0385425,-0.000964499,0.0254185,0.0155982,0.0124119,9.72371,2.35877,2,0.00311457,-0.091431,0.203555
25.39,9.73074,9.71167,2.3296,2.37771,2,1.98995,0.698433,0.738062,-2.9183,-2.92603,2.00783e-15,0.0117834,0.00282663,-0.00514522,-0.0914402,-0.0982847,0.20371,0.201698,-0.0287869,-0.0385051,-0.00087358,0.0254798,0.0154149,0.0122298,9.73074,2.3296,2,0.00282663,-0.0914402,0.20371
25.4,9.73768,9.71882,2.3004,2.34885,2,1.98999,0.689677,0.729244,-2.92038,-2.92792,2.00268e-15,0.011788,0.00253883,-0.00540696,-0.0914485,-0.0983852,0.203863,0.201828,-0.0287726,-0.0384652,-0.000782808,0.0255418,0.0152315,0.0120479,9.73768,2.3004,2,0.00253883,-0.0914485,0.203863
25.41,9.74453,9.72588,2.27119,2.31998,2,1.99002,0.680914,0.720412,-2.92243,-2.92979,2.01692e-15,0.0117911,0.00225118,-0.00566597,-0.0914559,-0.098484,0.204015,0.201957,-0.0287581,-0.038424,-0.000692189,0.0256036,0.0150479,0.0118661,9.74453,2.27119,2,0.00225118,-0.0914559,0.204015
25.42,9.7513,9.73285,2.24196,2.29108,2,1.99006,0.672146,0.711567,-2.92446,-2.93163,2.00451e-15,0.0117915,0.00196367,-0.00592194,-0.0914623,-0.0985815,0.204164,0.202083,-0.0287433,-0.0383809,-0.000601719,0.0256648,0.0148643,0.0116844,9.7513,2.24196,2,0.00196367,-0.0914623,0.204164
25.43,9.75797,9.73974,2.2127,2.26215,2,1.99009,0.663372,0.702708,-2.92646,-2.93345,2.00713e-15,0.0117904,0.00167631,-0.00617515,-0.0914679,-0.0986777,0.204312,0.202207,-0.0287281,-0.0383366,-0.000511406,0.0257272,0.0146804,0.011503,9.75797,2.2127,2,0.00167631,-0.0914679,0.204312
25.44,9.76456,9.74654,2.18343,2.23321,2,1.99013,0.654591,0.693836,-2.92844,-2.93523,2.00471e-15,0.0117881,0.00138911,-0.00642542,-0.0914726,-0.0987719,0.204458,0.202328,-0.0287127,-0.0382899,-0.000421242,0.0257883,0.0144965,0.0113216,9.76456,2.18343,2,0.00138911,-0.0914726,0.204458
25.45,9.77106,9.75325,2.15413,2.20425,2,1.99016,0.645805,0.684952,-2.93038,-2.937,2.00043e-15,0.011783,0.00110206,-0.00667281,-0.0914763,-0.0988646,0.204602,0.202448,-0.028697,-0.0382419,-0.000331236,0.0258504,0.0143124,0.0111404,9.77106,2.15413,2,0.00110206,-0.0914763,0.204602
25.46,9.77748,9.75987,2.12482,2.17527,2,1.99019,0.637013,0.676054,-2.9323,-2.93874,1.99873e-15,0.0117759,0.000815168,-0.00691759,-0.0914792,-0.0989554,0.204744,0.202565,-0.028681,-0.0381924,-0.000241382,0.0259108,0.0141282,0.0109594,9.77748,2.12482,2,0.000815168,-0.0914792,0.204744
25.47,9.7838,9.76642,2.09549,2.14627,2,1.99023,0.628215,0.667144,-2.9342,-2.94045,2.00507e-15,0.0117674,0.00052844,-0.00715971,-0.0914812,-0.0990445,0.204884,0.20268,-0.0286647,-0.0381417,-0.000151688,0.0259725,0.0139439,0.0107784,9.7838,2.09549,2,0.00052844,-0.0914812,0.204884
25.48,9.79004,9.77286,2.06614,2.11724,2,1.99026,0.619412,0.65822,-2.93607,-2.94213,2.01735e-15,0.0117567,0.000241876,-0.00739896,-0.0914822,-0.0991316,0.205023,0.202793,-0.0286481,-0.03809,-6.21475e-05,0.0260332,0.0137594,0.0105976,9.79004,2.06614,2,0.000241876,-0.0914822,0.205023
25.49,9.79619,9.77923,2.03677,2.0882,2,1.99029,0.610603,0.649284,-2.93791,-2.9438,2.01405e-15,0.0117445,-4.45203e-05,-0.00763574,-0.0914824,-0.0992168,0.205159,0.202904,-0.0286312,-0.0380372,2.72314e-05,0.0260944,0.0135748,0.0104169,9.79619,2.03677,2,-4.45203e-05,-0.0914824,0.205159
25.5,9.80225,9.7855,2.00738,2.05913,2,1.99031,0.601788,0.640333,-2.93973,-2.94543,2.02719e-15,0.0117303,-0.000330746,-0.00786989,-0.0914817,-0.0992998,0.205294,0.203012,-0.028614,-0.0379835,0.000116455,0.0261545,0.0133901,0.0102363,9.80225,2.00738,2,-0.000330746,-0.0914817,0.205294
25.51,9.80823,9.79168,1.97797,2.03005,2,1.99034,0.592968,0.631373,-2.94152,-2.94704,2.01864e-15,0.0117135,-0.000616799,-0.00810165,-0.0914801,-0.0993808,0.205427,0.203118,-0.0285965,-0.0379271,0.000205515,0.0262144,0.0132053,0.0100559,9.80823,1.97797,2,-0.000616799,-0.0914801,0.205427
25.52,9.81411,9.79778,1.94855,2.00095,2,1.99037,0.584143,0.622399,-2.94328,-2.94863,2.03063e-15,0.0116953,-0.000902676,-0.00833053,-0.0914776,-0.0994593,0.205558,0.203223,-0.0285788,-0.0378708,0.000294418,0.026274,0.0130204,0.00987546,9.81411,1.94855,2,-0.000902676,-0.0914776,0.205558
25.53,9.81991,9.80379,1.91911,1.97183,2,1.99039,0.575313,0.613413,-2.94502,-2.95019,2.05746e-15,0.0116746,-0.00118837,-0.00855722,-0.0914742,-0.0995357,0.205688,0.203325,-0.0285607,-0.0378139,0.000383156,0.0263327,0.0128353,0.0096952,9.81991,1.91911,2,-0.00118837,-0.0914742,0.205688
25.54,9.82562,9.80971,1.88965,1.94269,2,1.99042,0.566477,0.604416,-2.94673,-2.95172,2.05647e-15,0.0116522,-0.00147389,-0.00878136,-0.0914699,-0.0996096,0.205815,0.203425,-0.0285424,-0.0377562,0.000471735,0.0263915,0.0126501,0.00951501,9.82562,1.88965,2,-0.00147389,-0.0914699,0.205815
25.55,9.83124,9.81553,1.86017,1.91354,2,1.99044,0.557637,0.595409,-2.94841,-2.95323,2.05127e-15,0.0116279,-0.00175922,-0.00900328,-0.0914648,-0.0996808,0.205941,0.203522,-0.0285238,-0.0376973,0.000560148,0.0264506,0.0124648,0.00933493,9.83124,1.86017,2,-0.00175922,-0.0914648,0.205941
25.56,9.83677,9.82127,1.83068,1.88436,2,1.99046,0.548791,0.586388,-2.95007,-2.95472,2.05297e-15,0.0116015,-0.00204437,-0.00922274,-0.0914587,-0.0997499,0.206064,0.203618,-0.0285049,-0.0376388,0.0006484,0.0265078,0.0122794,0.00915491,9.83677,1.83068,2,-0.00204437,-0.0914587,0.206064
25.57,9.84222,9.82692,1.80117,1.85517,2,1.99048,0.539941,0.577356,-2.9517,-2.95617,2.05059e-15,0.0115729,-0.00232932,-0.00944019,-0.0914518,-0.0998163,0.206186,0.203712,-0.0284857,-0.037578,0.000736483,0.0265652,0.0120939,0.00897496,9.84222,1.80117,2,-0.00232932,-0.0914518,0.206186
25.58,9.84757,9.83248,1.77164,1.82596,2,1.9905,0.531085,0.568314,-2.9533,-2.95761,2.04314e-15,0.0115427,-0.00261408,-0.00965537,-0.091444,-0.0998802,0.206306,0.203803,-0.0284663,-0.0375177,0.000824405,0.026622,0.0119083,0.00879507,9.84757,1.77164,2,-0.00261408,-0.091444,0.206306
25.59,9.85284,9.83795,1.7421,1.79673,2,1.99052,0.522225,0.55926,-2.95488,-2.95902,2.02113e-15,0.0115104,-0.00289864,-0.00986842,-0.0914353,-0.0999411,0.206424,0.203893,-0.0284466,-0.0374563,0.000912156,0.0266778,0.0117226,0.00861526,9.85284,1.7421,2,-0.00289864,-0.0914353,0.206424
25.6,9.85802,9.84333,1.71255,1.76749,2,1.99054,0.513361,0.550194,-2.95643,-2.9604,2.03499e-15,0.0114761,-0.00318301,-0.0100794,-0.0914257,-0.0999992,0.206541,0.203981,-0.0284266,-0.0373952,0.000999744,0.026733,0.0115367,0.00843549,9.85802,1.71255,2,-0.00318301,-0.0914257,0.206541
25.61,9.86311,9.84862,1.68298,1.73823,2,1.99056,0.504491,0.541119,-2.95795,-2.96176,2.04067e-15,0.0114397,-0.00346717,-0.0102885,-0.0914153,-0.100055,0.206655,0.204066,-0.0284063,-0.0373335,0.00108716,0.0267875,0.0113508,0.00825576,9.86311,1.68298,2,-0.00346717,-0.0914153,0.206655
25.62,9.86811,9.85382,1.65339,1.70895,2,1.99057,0.495617,0.532033,-2.95945,-2.9631,2.03613e-15,0.0114011,-0.00375113,-0.0104956,-0.091404,-0.100107,0.206768,0.20415,-0.0283857,-0.0372711,0.00117441,0.02684,0.0111648,0.0080761,9.86811,1.65339,2,-0.00375113,-0.091404,0.206768
25.63,9.87302,9.85892,1.62379,1.67966,2,1.99059,0.486739,0.522941,-2.96092,-2.96441,2.01598e-15,0.0113618,-0.00403489,-0.0107008,-0.0913918,-0.100157,0.206878,0.204231,-0.0283649,-0.0372083,0.00126149,0.0268934,0.0109786,0.00789652,9.87302,1.62379,2,-0.00403489,-0.0913918,0.206878
25.64,9.87784,9.86394,1.59417,1.65035,2,1.9906,0.477856,0.513834,-2.96237,-2.96569,1.99854e-15,0.0113195,-0.00431843,-0.0109041,-0.0913788,-0.100203,0.206987,0.204311,-0.0283438,-0.0371461,0.0013484,0.0269449,0.0107924,0.0077169,9.87784,1.59417,2,-0.00431843,-0.0913788,0.206987
25.65,9.88258,9.86887,1.56454,1.62103,2,1.99061,0.468969,0.50472,-2.96378,-2.96695,1.97928e-15,0.0112761,-0.00460176,-0.0111061,-0.0913648,-0.100246,0.207094,0.204389,-0.0283224,-0.0370827,0.00143513,0.0269948,0.010606,0.00753731,9.88258,1.56454,2,-0.00460176,-0.0913648,0.207094
25.66,9.88722,9.8737,1.53489,1.59169,2,1.99062,0.460078,0.495595,-2.96518,-2.96819,1.98211e-15,0.0112304,-0.00488488,-0.011306,-0.0913501,-0.100286,0.207199,0.204464,-0.0283007,-0.0370191,0.0015217,0.0270449,0.0104196,0.00735775,9.88722,1.53489,2,-0.00488488,-0.0913501,0.207199
25.67,9.89178,9.87845,1.50524,1.56233,2,1.99063,0.451183,0.486462,-2.96654,-2.9694,1.98621e-15,0.0111829,-0.00516778,-0.0115047,-0.0913344,-0.100323,0.207303,0.204538,-0.0282788,-0.0369563,0.00160809,0.0270933,0.0102331,0.00717823,9.89178,1.50524,2,-0.00516778,-0.0913344,0.207303
25.68,9.89624,9.8831,1.47556,1.53296,2,1.99064,0.442284,0.47732,-2.96788,-2.97059,1.98792e-15,0.011134,-0.00545045,-0.0117017,-0.0913179,-0.100357,0.207404,0.20461,-0.0282566,-0.0368928,0.00169431,0.0271405,0.0100465,0.00699869,9.89624,1.47556,2,-0.00545045,-0.0913179,0.207404
25.69,9.90062,9.88766,1.44588,1.50358,2,1.99065,0.43338,0.468169,-2.96919,-2.97175,1.98148e-15,0.0110829,-0.00573291,-0.0118972,-0.0913005,-0.100387,0.207504,0.20468,-0.0282342,-0.0368285,0.00178036,0.0271862,0.00985976,0.00681914,9.90062,1.44588,2,-0.00573291,-0.0913005,0.207504
25.7,9.90491,9.89213,1.41618,1.47418,2,1.99065,0.424473,0.459009,-2.97047,-2.97289,1.99046e-15,0.0110302,-0.00601514,-0.0120916,-0.0912823,-0.100414,0.207601,0.204748,-0.0282114,-0.0367663,0.00186623,0.0272315,0.00967297,0.00663956,9.90491,1.41618,2,-0.00601514,-0.0912823,0.207601
25.71,9.90911,9.89651,1.38647,1.44477,2,1.99066,0.415562,0.449843,-2.97173,-2.97401,2.00413e-15,0.0109764,-0.00629714,-0.0122843,-0.0912632,-0.100438,0.207697,0.204815,-0.0281885,-0.0367025,0.00195192,0.0272753,0.00948608,0.00646006,9.90911,1.38647,2,-0.00629714,-0.0912632,0.207697
25.72,9.91322,9.9008,1.35675,1.41534,2,1.99066,0.406647,0.440668,-2.97296,-2.9751,1.99041e-15,0.0109204,-0.0065789,-0.012476,-0.0912433,-0.100458,0.207791,0.204879,-0.0281652,-0.0366392,0.00203744,0.0273171,0.00929911,0.00628048,9.91322,1.35675,2,-0.0065789,-0.0912433,0.207791
25.73,9.91724,9.90499,1.32701,1.3859,2,1.99066,0.397729,0.431485,-2.97417,-2.97616,1.99356e-15,0.010863,-0.00686044,-0.0126668,-0.0912225,-0.100474,0.207883,0.204942,-0.0281417,-0.0365758,0.00212278,0.0273584,0.00911206,0.00610086,9.91724,1.32701,2,-0.00686044,-0.0912225,0.207883
25.74,9.92118,9.9091,1.29726,1.35645,2,1.99066,0.388807,0.422294,-2.97534,-2.97721,2.00657e-15,0.0108041,-0.00714174,-0.012856,-0.0912008,-0.100488,0.207973,0.205003,-0.0281179,-0.0365133,0.00220795,0.0273986,0.00892492,0.00592123,9.92118,1.29726,2,-0.00714174,-0.0912008,0.207973
25.75,9.92502,9.91311,1.2675,1.32698,2,1.99066,0.379882,0.413097,-2.97649,-2.97823,2.01555e-15,0.010744,-0.0074228,-0.0130446,-0.0911783,-0.100497,0.208062,0.205062,-0.0280939,-0.0364497,0.00229293,0.0274354,0.00873771,0.00574156,9.92502,1.2675,2,-0.0074228,-0.0911783,0.208062
25.76,9.92877,9.91703,1.23773,1.2975,2,1.99066,0.370953,0.403893,-2.97762,-2.97922,2.00998e-15,0.0106822,-0.00770361,-0.0132322,-0.0911549,-0.100503,0.208148,0.205119,-0.0280696,-0.0363865,0.00237774,0.0274719,0.00855041,0.00556182,9.92877,1.23773,2,-0.00770361,-0.0911549,0.208148
25.77,9.93244,9.92085,1.20795,1.26801,2,1.99066,0.362021,0.394682,-2.97871,-2.98019,2.00514e-15,0.0106198,-0.00798419,-0.0134189,-0.0911307,-0.100505,0.208233,0.205175,-0.028045,-0.0363232,0.00246237,0.0275064,0.00836304,0.00538203,9.93244,1.20795,2,-0.00798419,-0.0911307,0.208233
25.78,9.93602,9.92459,1.17816,1.23851,2,1.99065,0.353086,0.385465,-2.97979,-2.98114,2.02129e-15,0.0105553,-0.00826451,-0.0136048,-0.0911057,-0.100504,0.208315,0.205229,-0.0280202,-0.0362606,0.00254681,0.0275401,0.00817559,0.00520222,9.93602,1.17816,2,-0.00826451,-0.0911057,0.208315
25.79,9.9395,9.92823,1.14836,1.20899,2,1.99065,0.344147,0.376242,-2.98083,-2.98207,2.02942e-15,0.0104894,-0.00854459,-0.0137901,-0.0910798,-0.100499,0.208396,0.205281,-0.0279952,-0.0361971,0.00263108,0.0275703,0.00798807,0.00502228,9.9395,1.14836,2,-0.00854459,-0.0910798,0.208396
25.8,9.9429,9.93178,1.11854,1.17947,2,1.99064,0.335206,0.367014,-2.98185,-2.98297,2.04085e-15,0.0104229,-0.00882442,-0.0139744,-0.0910531,-0.10049,0.208475,0.205331,-0.0279699,-0.0361349,0.00271516,0.0276003,0.00780048,0.00484234,9.9429,1.11854,2,-0.00882442,-0.0910531,0.208475
25.81,9.94621,9.93524,1.08872,1.14993,2,1.99064,0.326261,0.357779,-2.98284,-2.98384,2.03434e-15,0.0103551,-0.00910399,-0.0141583,-0.0910255,-0.100478,0.208552,0.20538,-0.0279443,-0.0360727,0.00279906,0.0276287,0.00761282,0.00466226,9.94621,1.08872,2,-0.00910399,-0.0910255,0.208552
25.82,9.94942,9.93861,1.05889,1.12038,2,1.99063,0.317314,0.34854,-2.9838,-2.9847,2.03159e-15,0.0102864,-0.0093833,-0.0143417,-0.0909971,-0.100462,0.208627,0.205427,-0.0279185,-0.0360099,0.00288278,0.027655,0.00742509,0.00448213,9.94942,1.05889,2,-0.0093833,-0.0909971,0.208627
25.83,9.95255,9.94188,1.02904,1.09081,2,1.99062,0.308364,0.339296,-2.98473,-2.98553,2.02953e-15,0.0102167,-0.00966236,-0.014525,-0.0909678,-0.100442,0.208701,0.205472,-0.0278924,-0.0359466,0.00296631,0.0276789,0.00723729,0.00430189,9.95255,1.02904,2,-0.00966236,-0.0909678,0.208701
25.84,9.95559,9.94507,0.99919,1.06124,2,1.99061,0.29941,0.330047,-2.98564,-2.98634,2.02953e-15,0.0101464,-0.00994115,-0.0147074,-0.0909378,-0.100418,0.208772,0.205516,-0.0278661,-0.035884,0.00304966,0.0277011,0.00704943,0.00412155,9.95559,0.99919,2,-0.00994115,-0.0909378,0.208772
25.85,9.95854,9.94815,0.96933,1.03166,2,1.99059,0.290455,0.320794,-2.98653,-2.98713,2.02874e-15,0.0100743,-0.0102197,-0.0148895,-0.0909069,-0.100391,0.208842,0.205558,-0.0278395,-0.0358224,0.00313283,0.0277215,0.0068615,0.00394112,9.95854,0.96933,2,-0.0102197,-0.0909069,0.208842
25.86,9.9614,9.95115,0.93946,1.00206,2,1.99058,0.281496,0.311537,-2.98738,-2.98789,2.02972e-15,0.010002,-0.0104979,-0.0150716,-0.0908751,-0.100359,0.208909,0.205599,-0.0278127,-0.0357589,0.00321581,0.0277399,0.00667351,0.00376058,9.9614,0.93946,2,-0.0104979,-0.0908751,0.208909
25.87,9.96417,9.95406,0.909582,0.972458,2,1.99057,0.272536,0.302276,-2.98821,-2.98863,2.03465e-15,0.00992909,-0.0107759,-0.0152534,-0.0908425,-0.100324,0.208975,0.205638,-0.0277856,-0.0356972,0.0032986,0.0277566,0.00648547,0.00357993,9.96417,0.909582,2,-0.0107759,-0.0908425,0.208975
25.88,9.96685,9.95687,0.879696,0.942852,2,1.99055,0.263572,0.293015,-2.98901,-2.98934,2.02877e-15,0.00985567,-0.0110536,-0.0154349,-0.0908091,-0.100286,0.209039,0.205675,-0.0277583,-0.0356339,0.00338121,0.0277705,0.00629736,0.00339919,9.96685,0.879696,2,-0.0110536,-0.0908091,0.209039
25.89,9.96944,9.95959,0.849802,0.913227,2,1.99054,0.254607,0.283747,-2.98979,-2.99004,2.01084e-15,0.0097817,-0.0113311,-0.0156167,-0.0907749,-0.100243,0.209101,0.205711,-0.0277307,-0.0355711,0.00346362,0.0277832,0.0061092,0.00321827,9.96944,0.849802,2,-0.0113311,-0.0907749,0.209101
25.9,9.97194,9.96222,0.8199,0.883592,2,1.99052,0.245639,0.274476,-2.99054,-2.99071,2.01538e-15,0.00970638,-0.0116083,-0.0157984,-0.0907399,-0.100197,0.209161,0.205745,-0.027703,-0.0355085,0.00354585,0.027793,0.00592098,0.00303723,9.97194,0.8199,2,-0.0116083,-0.0907399,0.209161
25.91,9.97435,9.96476,0.789991,0.853952,2,1.9905,0.236669,0.265206,-2.99126,-2.99136,2.01235e-15,0.00963154,-0.0118852,-0.0159799,-0.090704,-0.100147,0.209219,0.205778,-0.0276749,-0.0354455,0.0036279,0.0277999,0.00573271,0.00285607,9.97435,0.789991,2,-0.0118852,-0.090704,0.209219
25.92,9.97668,9.9672,0.760075,0.824299,2,1.99048,0.227697,0.255931,-2.99195,-2.99199,2.02474e-15,0.00955562,-0.0121618,-0.0161616,-0.0906673,-0.100093,0.209276,0.205809,-0.0276466,-0.0353826,0.00370975,0.0278054,0.00554438,0.00267471,9.97668,0.760075,2,-0.0121618,-0.0906673,0.209276
25.93,9.97891,9.96955,0.730152,0.794639,2,1.99046,0.218722,0.246654,-2.99262,-2.99259,2.05069e-15,0.00948042,-0.0124381,-0.0163435,-0.0906298,-0.100036,0.20933,0.205839,-0.0276181,-0.0353183,0.00379141,0.0278082,0.00535601,0.00249325,9.97891,0.730152,2,-0.0124381,-0.0906298,0.20933
25.94,9.98105,9.97181,0.700223,0.764974,2,1.99044,0.209746,0.237377,-2.99326,-2.99317,2.0274e-15,0.00940467,-0.0127141,-0.0165255,-0.0905915,-0.0999747,0.209383,0.205867,-0.0275894,-0.0352549,0.00387289,0.0278094,0.00516759,0.00231164,9.98105,0.700223,2,-0.0127141,-0.0905915,0.209383
25.95,9.9831,9.97398,0.670287,0.735295,2,1.99042,0.200768,0.228097,-2.99387,-2.99374,2.00974e-15,0.00932866,-0.0129899,-0.0167079,-0.0905524,-0.0999099,0.209434,0.205894,-0.0275604,-0.0351915,0.00395417,0.027808,0.00497912,0.00212982,9.9831,0.670287,2,-0.0129899,-0.0905524,0.209434
25.96,9.98507,9.97605,0.640345,0.705617,2,1.99039,0.191788,0.218819,-2.99446,-2.99427,2.0249e-15,0.00925244,-0.0132653,-0.0168902,-0.0905124,-0.0998414,0.209483,0.205919,-0.0275312,-0.0351275,0.00403526,0.0278038,0.00479061,0.00194793,9.98507,0.640345,2,-0.0132653,-0.0905124,0.209483
25.97,9.98694,9.97804,0.610398,0.675923,2,1.99037,0.182807,0.209538,-2.99502,-2.99479,2.02498e-15,0.00917669,-0.0135405,-0.0170732,-0.0904716,-0.0997694,0.20953,0.205943,-0.0275017,-0.0350633,0.00411616,0.0277976,0.00460206,0.00176581,9.98694,0.610398,2,-0.0135405,-0.0904716,0.20953
25.98,9.98872,9.97993,0.580445,0.646225,2,1.99034,0.173824,0.200258,-2.99555,-2.99528,2.02498e-15,0.00910075,-0.0138154,-0.0172566,-0.0904301,-0.0996937,0.209575,0.205965,-0.027472,-0.034998,0.00419687,0.0277891,0.00441346,0.00158352,9.98872,0.580445,2,-0.0138154,-0.0904301,0.209575
25.99,9.99042,9.98173,0.550487,0.616516,2,1.99032,0.164839,0.190976,-2.99606,-2.99576,2.02562e-15,0.00902471,-0.0140899,-0.0174402,-0.0903877,-0.0996146,0.209618,0.205986,-0.0274421,-0.0349327,0.00427738,0.027778,0.00422482,0.001401,9.99042,0.550487,2,-0.0140899,-0.0903877,0.209618
26,9.99202,9.98344,0.520524,0.586804,2,1.99029,0.155853,0.181696,-2.99654,-2.99621,2.02319e-15,0.00894977,-0.0143642,-0.0176244,-0.0903445,-0.0995319,0.209659,0.206006,-0.0274119,-0.0348671,0.0043577,0.0277644,0.00403615,0.00121837,9.99202,0.520524,2,-0.0143642,-0.0903445,0.209659
26.01,9.99353,9.98505,0.490556,0.557082,2,1.99027,0.146865,0.172414,-2.99699,-2.99663,2.01882e-15,0.00887448,-0.0146382,-0.0178092,-0.0903006,-0.0994457,0.209698,0.206024,-0.0273816,-0.0348001,0.00443783,0.0277478,0.00384744,0.00103551,9.99353,0.490556,2,-0.0146382,-0.0903006,0.209698
26.02,9.99496,9.98658,0.460584,0.527358,2,1.99024,0.137876,0.163136,-2.99742,-2.99704,2.03838e-15,0.00880006,-0.0149118,-0.0179944,-0.0902558,-0.0993562,0.209736,0.206041,-0.027351,-0.0347337,0.00451776,0.02773,0.00365869,0.000852499,9.99496,0.460584,2,-0.0149118,-0.0902558,0.209736
26.03,9.99629,9.98801,0.430608,0.497621,2,1.99021,0.128886,0.153857,-2.99781,-2.99743,2.05511e-15,0.0087263,-0.0151852,-0.0181802,-0.0902102,-0.0992632,0.209772,0.206056,-0.0273201,-0.0346665,0.0045975,0.0277099,0.00346991,0.000669236,9.99629,0.430608,2,-0.0151852,-0.0902102,0.209772
26.04,9.99753,9.98935,0.400628,0.467883,2,1.99018,0.119895,0.14458,-2.99819,-2.99779,2.06883e-15,0.00865288,-0.0154582,-0.0183667,-0.0901638,-0.099167,0.209805,0.20607,-0.0272891,-0.0345977,0.00467704,0.0276846,0.0032811,0.00048581,9.99753,0.400628,2,-0.0154582,-0.0901638,0.209805
26.05,9.99869,9.9906,0.370644,0.438145,2,1.99015,0.110903,0.135307,-2.99853,-2.99813,2.06702e-15,0.00857893,-0.015731,-0.0185536,-0.0901167,-0.0990673,0.209837,0.206083,-0.0272578,-0.0345287,0.00475639,0.0276581,0.00309226,0.000302234,9.99869,0.370644,2,-0.015731,-0.0901167,0.209837
26.06,9.99975,9.99176,0.340657,0.408395,2,1.99012,0.101909,0.126034,-2.99885,-2.99845,2.04917e-15,0.00850773,-0.0160034,-0.0187414,-0.0900687,-0.0989646,0.209867,0.206094,-0.0272263,-0.0344599,0.00483554,0.02763,0.0029034,0.000118381,9.99975,0.340657,2,-0.0160034,-0.0900687,0.209867
26.07,10.0007,9.99283,0.310668,0.378639,2,1.99009,0.0929153,0.116763,-2.99914,-2.99875,2.04763e-15,0.00843616,-0.0162755,-0.0189298,-0.0900199,-0.0988585,0.209895,0.206104,-0.0271945,-0.0343886,0.00491449,0.0275968,0.0027145,-6.56927e-05,10.0007,0.310668,2,-0.0162755,-0.0900199,0.209895
26.08,10.0016,9.9938,0.280675,0.34888,2,1.99006,0.0839203,0.107494,-2.9994,-2.99903,2.02865e-15,0.0083653,-0.0165473,-0.0191189,-0.0899704,-0.0987495,0.209922,0.206113,-0.0271626,-0.0343182,0.00499325,0.0275626,0.00252558,-0.000249943,10.0016,0.280675,2,-0.0165473,-0.0899704,0.209922
26.09,10.0024,9.99469,0.25068,0.319115,2,1.99002,0.0749246,0.0982285,-2.99964,-2.99928,2.0227e-15,0.00829591,-0.0168187,-0.0193088,-0.0899201,-0.0986375,0.209946,0.20612,-0.0271304,-0.0342455,0.00507181,0.0275248,0.00233664,-0.000434422,10.0024,0.25068,2,-0.0168187,-0.0899201,0.209946
26.1,10.0031,9.99548,0.220682,0.289346,2,1.98999,0.0659282,0.0889666,-2.99985,-2.99951,2.01072e-15,0.00822738,-0.0170899,-0.0194994,-0.089869,-0.0985222,0.209968,0.206126,-0.027098,-0.0341722,0.00515017,0.0274857,0.00214768,-0.000619121,10.0031,0.220682,2,-0.0170899,-0.089869,0.209968
26.11,10.0037,9.99618,0.190683,0.259573,2,1.98996,0.0569312,0.0797078,-3.00003,-2.99973,1.98468e-15,0.00816037,-0.0173607,-0.0196908,-0.0898171,-0.0984043,0.209989,0.206131,-0.0270654,-0.0340977,0.00522833,0.027443,0.0019587,-0.000804042,10.0037,0.190683,2,-0.0173607,-0.0898171,0.209989
26.12,10.0042,9.9968,0.160682,0.229796,2,1.98993,0.0479337,0.0704518,-3.00019,-2.99992,1.98468e-15,0.00809403,-0.0176312,-0.0198829,-0.0897644,-0.0982835,0.210007,0.206134,-0.0270326,-0.0340221,0.0053063,0.0273974,0.0017697,-0.000989196,10.0042,0.160682,2,-0.0176312,-0.0897644,0.210007
26.13,10.0047,9.99732,0.130679,0.200024,2,1.98989,0.0389359,0.0612029,-3.00031,-3.00009,1.98533e-15,0.00802849,-0.0179014,-0.0200758,-0.089711,-0.0981599,0.210024,0.206136,-0.0269995,-0.0339465,0.00538406,0.0273498,0.00158069,-0.00117453,10.0047,0.130679,2,-0.0179014,-0.089711,0.210024
26.14,10.005,9.99775,0.100675,0.170241,2,1.98986,0.0299376,0.0519561,-3.00042,-3.00023,2.00488e-15,0.00796457,-0.0181712,-0.0202696,-0.0896567,-0.0980335,0.210039,0.206137,-0.0269663,-0.0338693,0.00546162,0.0272983,0.00139166,-0.00136011,10.005,0.100675,2,-0.0181712,-0.0896567,0.210039
26.15,10.0053,9.99809,0.0706708,0.140453,2,1.98982,0.0209392,0.0427127,-3.00049,-3.00036,2.01689e-15,0.00790223,-0.0184407,-0.0204644,-0.0896017,-0.0979046,0.210052,0.206137,-0.0269328,-0.0337909,0.00553899,0.0272445,0.00120262,-0.00154595,10.0053,0.0706708,2,-0.0184407,-0.0896017,0.210052
26.16,10.0054,9.99834,0.0406657,0.110663,2,1.98979,0.0119405,0.0334745,-3.00054,-3.00047,2.02547e-15,0.00784175,-0.0187098,-0.02066,-0.089546,-0.0977732,0.210063,0.206135,-0.0268991,-0.0337117,0.00561615,0.0271886,0.00101357,-0.00173201,10.0054,0.0406657,2,-0.0187098,-0.089546,0.210063
26.17,10.0055,9.9985,0.0106602,0.0808724,2,1.98975,0.00294178,0.0242416,-3.00056,-3.00055,2.04816e-15,0.00778125,-0.0189787,-0.0208563,-0.0894894,-0.097639,0.210072,0.206132,-0.0268653,-0.0336305,0.00569311,0.0271294,0.000824506,-0.00191831,10.0055,0.0106602,2,-0.0189787,-0.0894894,0.210072
26.18,10.0055,9.99857,-0.0193454,0.0510774,2,1.98972,-0.00605697,0.0150133,-3.00055,-3.00061,2.04787e-15,0.00772327,-0.0192471,-0.0210534,-0.0894321,-0.0975027,0.21008,0.206128,-0.0268312,-0.033549,0.00576987,0.0270674,0.000635438,-0.00210484,10.0055,-0.0193454,2,-0.0192471,-0.0894321,0.21008
26.19,10.0054,9.99855,-0.0493508,0.0212852,2,1.98968,-0.0150556,0.00579146,-3.00052,-3.00065,2.00968e-15,0.00766666,-0.0195153,-0.0212514,-0.089374,-0.0973639,0.210085,0.206122,-0.0267969,-0.0334656,0.00584643,0.0270018,0.000446364,-0.00229157,10.0054,-0.0493508,2,-0.0195153,-0.089374,0.210085
26.2,10.0052,9.99844,-0.0793557,-0.00850877,2,1.98965,-0.0240542,-0.00342444,-3.00046,-3.00067,2.01381e-15,0.00761178,-0.0197831,-0.0214501,-0.0893152,-0.0972229,0.210089,0.206116,-0.0267624,-0.0333818,0.00592279,0.0269339,0.000257285,-0.00247854,10.0052,-0.0793557,2,-0.0197831,-0.0893152,0.210089
26.21,10.0049,9.99824,-0.10936,-0.0383048,2,1.98962,-0.0330525,-0.0126349,-3.00037,-3.00067,2.01794e-15,0.00755861,-0.0200505,-0.0216499,-0.0892555,-0.09708,0.21009,0.206108,-0.0267276,-0.0332958,0.00599894,0.0268633,6.82049e-05,-0.00266577,10.0049,-0.10936,2,-0.0200505,-0.0892555,0.21009
26.22,10.0045,9.99795,-0.139363,-0.0681035,2,1.98958,-0.0420505,-0.0218398,-3.00026,-3.00065,2.02234e-15,0.00750634,-0.0203176,-0.0218504,-0.0891952,-0.0969348,0.21009,0.206098,-0.0266927,-0.0332085,0.00607489,0.0267894,-0.000120876,-0.00285322,10.0045,-0.139363,2,-0.0203176,-0.0891952,0.21009
26.23,10.0041,9.99757,-0.169365,-0.0979005,2,1.98955,-0.0510481,-0.0310369,-3.00012,-3.0006,2.0377e-15,0.00745711,-0.0205844,-0.0220518,-0.0891341,-0.0967878,0.210088,0.206088,-0.0266576,-0.0331202,0.00615064,0.026714,-0.000309956,-0.00304092,10.0041,-0.169365,2,-0.0205844,-0.0891341,0.210088
26.24,10.0035,9.9971,-0.199365,-0.127702,2,1.98951,-0.0600452,-0.0402295,-2.99995,-3.00054,2.03429e-15,0.00740878,-0.0208508,-0.0222542,-0.0890722,-0.0966388,0.210084,0.206076,-0.0266223,-0.0330301,0.00622618,0.0266347,-0.000499033,-0.00322887,10.0035,-0.199365,2,-0.0208508,-0.0890722,0.210084
26.25,10.0029,9.99654,-0.229364,-0.157502,2,1.98948,-0.0690418,-0.0494151,-2.99975,-3.00045,2.02635e-15,0.00736262,-0.0211168,-0.0224572,-0.0890095,-0.096488,0.210078,0.206063,-0.0265868,-0.0329399,0.00630152,0.0265526,-0.000688106,-0.00341702,10.0029,-0.229364,2,-0.0211168,-0.0890095,0.210078
26.26,10.0021,9.99589,-0.25936,-0.187302,2,1.98944,-0.0780377,-0.058593,-2.99953,-3.00034,2.02366e-15,0.00731853,-0.0213825,-0.0226612,-0.0889461,-0.0963354,0.21007,0.206049,-0.026551,-0.0328467,0.00637666,0.0264677,-0.000877173,-0.00360545,10.0021,-0.25936,2,-0.0213825,-0.0889461,0.21007
26.27,10.0013,9.99516,-0.289354,-0.2171,2,1.98941,-0.0870329,-0.0677637,-2.99928,-3.00021,2.02443e-15,0.0072757,-0.0216479,-0.0228659,-0.088882,-0.0961814,0.21006,0.206034,-0.0265151,-0.0327532,0.00645159,0.0263802,-0.00106623,-0.00379408,10.0013,-0.289354,2,-0.0216479,-0.088882,0.21006
26.28,10.0004,9.99433,-0.319346,-0.246896,2,1.98937,-0.0960273,-0.0769268,-2.99901,-3.00006,2.02304e-15,0.00723496,-0.0219128,-0.0230715,-0.0888171,-0.0960258,0.210049,0.206017,-0.026479,-0.0326587,0.00652632,0.02629,-0.00125528,-0.00398296,10.0004,-0.319346,2,-0.0219128,-0.0888171,0.210049
26.29,9.99939,9.99341,-0.349334,-0.276692,2,1.98934,-0.105021,-0.0860827,-2.9987,-2.99988,2.01875e-15,0.00719664,-0.0221774,-0.0232781,-0.0887515,-0.0958686,0.210035,0.206,-0.0264427,-0.032562,0.00660084,0.0261964,-0.00144432,-0.00417205,9.99939,-0.349334,2,-0.0221774,-0.0887515,0.210035
26.3,9.9983,9.99241,-0.37932,-0.306482,2,1.98931,-0.114013,-0.0952294,-2.99837,-2.99969,2.01875e-15,0.0071601,-0.0224417,-0.0234854,-0.0886851,-0.0957101,0.21002,0.205981,-0.0264062,-0.0324629,0.00667516,0.0261002,-0.00163334,-0.00436134,9.9983,-0.37932,2,-0.0224417,-0.0886851,0.21002
26.31,9.99711,9.99132,-0.409302,-0.336273,2,1.98928,-0.123005,-0.104369,-2.99802,-2.99947,2.01732e-15,0.00712554,-0.0227056,-0.0236931,-0.088618,-0.0955506,0.210002,0.20596,-0.0263695,-0.0323646,0.00674926,0.026001,-0.00182235,-0.0045509,9.99711,-0.409302,2,-0.0227056,-0.088618,0.210002
26.32,9.99584,9.99013,-0.43928,-0.366063,2,1.98924,-0.131995,-0.113502,-2.99763,-2.99923,2.02073e-15,0.00709316,-0.0229691,-0.0239018,-0.0885501,-0.0953898,0.209983,0.205939,-0.0263326,-0.0322636,0.00682317,0.0258995,-0.00201135,-0.00474067,9.99584,-0.43928,2,-0.0229691,-0.0885501,0.209983
26.33,9.99447,9.98886,-0.469254,-0.395851,2,1.98921,-0.140985,-0.122626,-2.99722,-2.99897,2.0302e-15,0.00706349,-0.0232322,-0.0241114,-0.0884815,-0.0952279,0.209962,0.205916,-0.0262955,-0.0321615,0.00689686,0.0257948,-0.00220032,-0.00493067,9.99447,-0.469254,2,-0.0232322,-0.0884815,0.209962
26.34,9.99302,9.98751,-0.499224,-0.425638,2,1.98918,-0.149973,-0.131742,-2.99678,-2.99868,2.0302e-15,0.00703448,-0.023495,-0.0243216,-0.0884122,-0.095065,0.209939,0.205892,-0.0262582,-0.0320578,0.00697036,0.0256875,-0.00238928,-0.00512091,9.99302,-0.499224,2,-0.023495,-0.0884122,0.209939
26.35,9.99147,9.98605,-0.52919,-0.45542,2,1.98915,-0.158959,-0.140849,-2.99632,-2.99838,2.03067e-15,0.00700815,-0.0237574,-0.0245326,-0.0883421,-0.0949014,0.209914,0.205867,-0.0262207,-0.0319529,0.00704364,0.0255773,-0.00257821,-0.00531137,9.99147,-0.52919,2,-0.0237574,-0.0883421,0.209914
26.36,9.98984,9.98452,-0.559151,-0.4852,2,1.98912,-0.167944,-0.149948,-2.99583,-2.99805,2.02479e-15,0.00698404,-0.0240194,-0.0247444,-0.0882713,-0.094737,0.209888,0.205841,-0.0261831,-0.0318467,0.00711671,0.0254642,-0.00276712,-0.00550206,9.98984,-0.559151,2,-0.0240194,-0.0882713,0.209888
26.37,9.98812,9.9829,-0.589106,-0.514971,2,1.98909,-0.176928,-0.159036,-2.99531,-2.9977,2.01026e-15,0.00696252,-0.024281,-0.0249567,-0.0881998,-0.0945717,0.209859,0.205813,-0.0261453,-0.0317387,0.00718958,0.0253483,-0.00295601,-0.00569291,9.98812,-0.589106,2,-0.024281,-0.0881998,0.209859
26.38,9.9863,9.98118,-0.619057,-0.544737,2,1.98906,-0.18591,-0.168115,-2.99476,-2.99732,2.00209e-15,0.00694221,-0.0245423,-0.0251697,-0.0881275,-0.094406,0.209829,0.205784,-0.0261072,-0.0316308,0.00726224,0.0252297,-0.00314487,-0.005884,9.9863,-0.619057,2,-0.0245423,-0.0881275,0.209829
26.39,9.9844,9.97939,-0.649001,-0.574505,2,1.98904,-0.19489,-0.177188,-2.99419,-2.99693,1.98192e-15,0.00692388,-0.0248032,-0.0253834,-0.0880545,-0.0942397,0.209796,0.205754,-0.026069,-0.0315196,0.00733469,0.0251074,-0.0033337,-0.00607529,9.9844,-0.649001,2,-0.0248032,-0.0880545,0.209796
26.4,9.9824,9.9775,-0.67894,-0.604266,2,1.98901,-0.203869,-0.18625,-2.99359,-2.99651,1.97192e-15,0.00690937,-0.0250637,-0.0255978,-0.0879808,-0.0940731,0.209762,0.205723,-0.0260306,-0.031409,0.00740694,0.0249832,-0.0035225,-0.00626681,9.9824,-0.67894,2,-0.0250637,-0.0879808,0.209762
26.41,9.98032,9.97552,-0.708873,-0.634021,2,1.98898,-0.212846,-0.195303,-2.99296,-2.99607,1.97606e-15,0.00689511,-0.0253238,-0.0258126,-0.0879064,-0.0939062,0.209726,0.20569,-0.0259921,-0.0312966,0.00747897,0.0248571,-0.00371127,-0.0064585,9.98032,-0.708873,2,-0.0253238,-0.0879064,0.209726
26.42,9.97815,9.97346,-0.7388,-0.663772,2,1.98896,-0.22182,-0.204347,-2.99231,-2.99561,1.9609e-15,0.00688384,-0.0255835,-0.0260282,-0.0878312,-0.0937389,0.209688,0.205657,-0.0259533,-0.0311825,0.0075508,0.0247274,-0.00390001,-0.00665041,9.97815,-0.7388,2,-0.0255835,-0.0878312,0.209688
26.43,9.97588,9.97131,-0.768719,-0.693518,2,1.98893,-0.230793,-0.213381,-2.99163,-2.99512,1.96433e-15,0.00687432,-0.0258428,-0.0262444,-0.0877554,-0.0935716,0.209648,0.205622,-0.0259144,-0.0310678,0.00762242,0.0245952,-0.00408871,-0.00684251,9.97588,-0.768719,2,-0.0258428,-0.0877554,0.209648
26.44,9.97353,9.96907,-0.798632,-0.723255,2,1.98891,-0.239764,-0.222405,-2.99092,-2.99461,1.97706e-15,0.0068668,-0.0261018,-0.0264611,-0.0876788,-0.0934041,0.209606,0.205585,-0.0258752,-0.030952,0.00769383,0.0244599,-0.00427737,-0.00703478,9.97353,-0.798632,2,-0.0261018,-0.0876788,0.209606
26.45,9.97109,9.96674,-0.828538,-0.752988,2,1.98889,-0.248732,-0.23142,-2.99019,-2.99408,1.96804e-15,0.00686188,-0.0263604,-0.0266783,-0.0876015,-0.0932368,0.209562,0.205548,-0.025836,-0.030835,0.00776502,0.0243223,-0.004466,-0.00722726,9.97109,-0.828538,2,-0.0263604,-0.0876015,0.209562
26.46,9.96856,9.96433,-0.858436,-0.782709,2,1.98887,-0.257699,-0.240424,-2.98943,-2.99352,1.96047e-15,0.00685856,-0.0266185,-0.0268961,-0.0875235,-0.0930697,0.209517,0.205509,-0.0257965,-0.0307173,0.00783601,0.0241823,-0.00465458,-0.00741988,9.96856,-0.858436,2,-0.0266185,-0.0875235,0.209517
26.47,9.96593,9.96183,-0.888326,-0.812427,2,1.98885,-0.266663,-0.249419,-2.98864,-2.99294,1.97228e-15,0.00685795,-0.0268763,-0.0271144,-0.0874448,-0.0929026,0.209469,0.205469,-0.0257569,-0.0305982,0.00790679,0.024039,-0.00484313,-0.00761268,9.96593,-0.888326,2,-0.0268763,-0.0874448,0.209469
26.48,9.96322,9.95924,-0.918208,-0.842141,2,1.98883,-0.275624,-0.258405,-2.98783,-2.99234,1.9681e-15,0.00685878,-0.0271337,-0.0273332,-0.0873654,-0.0927361,0.20942,0.205427,-0.025717,-0.0304789,0.00797736,0.0238947,-0.00503163,-0.00780571,9.96322,-0.918208,2,-0.0271337,-0.0873654,0.20942
26.49,9.96042,9.95656,-0.948083,-0.871843,2,1.98881,-0.284583,-0.26738,-2.98699,-2.99172,1.96547e-15,0.00686099,-0.0273906,-0.0275523,-0.0872852,-0.0925695,0.209368,0.205384,-0.0256771,-0.0303572,0.00804772,0.0237456,-0.00522008,-0.00799884,9.96042,-0.948083,2,-0.0273906,-0.0872852,0.209368
26.5,9.95753,9.9538,-0.977948,-0.901542,2,1.9888,-0.29354,-0.276348,-2.98612,-2.99107,1.96547e-15,0.00686602,-0.0276472,-0.0277718,-0.0872044,-0.0924037,0.209315,0.20534,-0.0256369,-0.0302361,0.00811787,0.0235941,-0.00540849,-0.00819219,9.95753,-0.977948,2,-0.0276472,-0.0872044,0.209315
26.51,9.95455,9.95095,-1.0078,-0.931227,2,1.98878,-0.302494,-0.285302,-2.98522,-2.9904,1.96362e-15,0.00687304,-0.0279034,-0.027992,-0.0871229,-0.0922384,0.20926,0.205295,-0.0255966,-0.0301137,0.00818781,0.0234412,-0.00559685,-0.00838563,9.95455,-1.0078,2,-0.0279034,-0.0871229,0.20926
26.52,9.95148,9.94802,-1.03765,-0.960908,2,1.98877,-0.311445,-0.294249,-2.9843,-2.9897,1.97363e-15,0.00688182,-0.0281591,-0.0282124,-0.0870406,-0.0920736,0.209203,0.205248,-0.0255561,-0.0299906,0.00825753,0.0232856,-0.00578516,-0.00857925,9.95148,-1.03765,2,-0.0281591,-0.0870406,0.209203
26.53,9.94832,9.94499,-1.06749,-0.990579,2,1.98876,-0.320393,-0.303185,-2.98335,-2.98898,1.98996e-15,0.00689195,-0.0284145,-0.0284332,-0.0869577,-0.0919096,0.209145,0.205201,-0.0255154,-0.0298676,0.00832705,0.0231274,-0.00597341,-0.00877304,9.94832,-1.06749,2,-0.0284145,-0.0869577,0.209145
26.54,9.94507,9.94188,-1.09732,-1.02024,2,1.98875,-0.329338,-0.312112,-2.98238,-2.98823,1.99095e-15,0.00690481,-0.0286694,-0.0286545,-0.0868741,-0.0917463,0.209084,0.205151,-0.0254746,-0.029743,0.00839635,0.0229656,-0.00616162,-0.00896695,9.94507,-1.09732,2,-0.0286694,-0.0868741,0.209084
26.55,9.94174,9.93868,-1.12714,-1.04989,2,1.98874,-0.338281,-0.321025,-2.98137,-2.98746,1.9954e-15,0.00691868,-0.028924,-0.0288759,-0.0867898,-0.091584,0.209021,0.2051,-0.0254336,-0.0296183,0.00846545,0.0228034,-0.00634976,-0.00916094,9.94174,-1.12714,2,-0.028924,-0.0867898,0.209021
26.56,9.93831,9.9354,-1.15695,-1.07953,2,1.98873,-0.34722,-0.329931,-2.98034,-2.98667,1.9954e-15,0.00693505,-0.0291781,-0.0290977,-0.0867048,-0.0914225,0.208957,0.205048,-0.0253924,-0.0294935,0.00853433,0.022638,-0.00653785,-0.00935511,9.93831,-1.15695,2,-0.0291781,-0.0867048,0.208957
26.57,9.93479,9.93203,-1.18674,-1.10916,2,1.98872,-0.356156,-0.338826,-2.97929,-2.98585,1.99397e-15,0.00695212,-0.0294318,-0.0293198,-0.0866191,-0.0912619,0.208891,0.204995,-0.0253511,-0.0293684,0.008603,0.0224696,-0.00672589,-0.00954936,9.93479,-1.18674,2,-0.0294318,-0.0866191,0.208891
26.58,9.93118,9.92857,-1.21653,-1.13878,2,1.98872,-0.365089,-0.347711,-2.97821,-2.98501,1.99738e-15,0.00697224,-0.0296851,-0.0295422,-0.0865327,-0.0911025,0.208822,0.20494,-0.0253096,-0.0292418,0.00867146,0.022299,-0.00691386,-0.00974377,9.93118,-1.21653,2,-0.0296851,-0.0865327,0.208822
26.59,9.92749,9.92502,-1.24631,-1.16839,2,1.98871,-0.374019,-0.356587,-2.9771,-2.98415,2.0076e-15,0.00699209,-0.029938,-0.0297651,-0.0864457,-0.0909439,0.208752,0.204884,-0.0252679,-0.0291166,0.0087397,0.0221262,-0.00710177,-0.00993826,9.92749,-1.24631,2,-0.029938,-0.0864457,0.208752
26.6,9.9237,9.92139,-1.27607,-1.198,2,1.98871,-0.382945,-0.365454,-2.97596,-2.98325,2.00589e-15,0.00701493,-0.0301905,-0.0299879,-0.0863579,-0.0907867,0.20868,0.204827,-0.0252261,-0.0289904,0.00880774,0.0219509,-0.00728961,-0.0101329,9.9237,-1.27607,2,-0.0301905,-0.0863579,0.20868
26.61,9.91983,9.91768,-1.30583,-1.22758,2,1.98871,-0.391868,-0.374309,-2.9748,-2.98234,2.00979e-15,0.00703877,-0.0304425,-0.0302112,-0.0862695,-0.0906307,0.208607,0.204768,-0.0251842,-0.0288635,0.00887556,0.0217725,-0.00747739,-0.0103275,9.91983,-1.30583,2,-0.0304425,-0.0862695,0.208607
26.62,9.91587,9.91387,-1.33557,-1.25716,2,1.98871,-0.400788,-0.383155,-2.97361,-2.9814,2.01253e-15,0.00706427,-0.0306942,-0.0304347,-0.0861804,-0.0904759,0.208531,0.204707,-0.025142,-0.0287369,0.00894317,0.0215935,-0.0076651,-0.0105223,9.91587,-1.33557,2,-0.0306942,-0.0861804,0.208531
26.63,9.91181,9.90998,-1.3653,-1.28672,2,1.98872,-0.409703,-0.391988,-2.97239,-2.98043,2.0314e-15,0.0070907,-0.0309454,-0.0306583,-0.0860907,-0.0903226,0.208453,0.204645,-0.0250998,-0.0286102,0.00901057,0.0214111,-0.00785274,-0.0107172,9.91181,-1.3653,2,-0.0309454,-0.0860907,0.208453
26.64,9.90767,9.906,-1.39502,-1.31628,2,1.98872,-0.418615,-0.400815,-2.97115,-2.97944,2.04e-15,0.00711866,-0.0311962,-0.030882,-0.0860002,-0.0901707,0.208374,0.204582,-0.0250573,-0.0284847,0.00907775,0.0212273,-0.00804032,-0.0109121,9.90767,-1.39502,2,-0.0311962,-0.0860002,0.208374
26.65,9.90344,9.90194,-1.42472,-1.34582,2,1.98873,-0.427524,-0.409631,-2.96988,-2.97842,2.03082e-15,0.00714815,-0.0314465,-0.0311061,-0.0859091,-0.09002,0.208292,0.204517,-0.0250147,-0.0283584,0.00914472,0.0210407,-0.00822782,-0.0111071,9.90344,-1.42472,2,-0.0314465,-0.0859091,0.208292
26.66,9.89912,9.89778,-1.45442,-1.37535,2,1.98874,-0.436428,-0.418437,-2.96858,-2.97738,2.04495e-15,0.0071788,-0.0316965,-0.0313302,-0.0858173,-0.089871,0.208209,0.204451,-0.024972,-0.0282323,0.00921148,0.0208513,-0.00841524,-0.0113022,9.89912,-1.45442,2,-0.0316965,-0.0858173,0.208209
26.67,9.89471,9.89355,-1.48409,-1.40486,2,1.98875,-0.445329,-0.427234,-2.96726,-2.97631,2.05623e-15,0.0072104,-0.031946,-0.0315547,-0.0857249,-0.0897235,0.208124,0.204384,-0.0249291,-0.0281067,0.00927803,0.0206607,-0.00860259,-0.0114973,9.89471,-1.48409,2,-0.031946,-0.0857249,0.208124
26.68,9.89022,9.88923,-1.51376,-1.43437,2,1.98876,-0.454225,-0.436021,-2.96591,-2.97521,2.05825e-15,0.00724319,-0.032195,-0.0317793,-0.0856318,-0.0895774,0.208037,0.204315,-0.024886,-0.0279811,0.00934437,0.0204686,-0.00878987,-0.0116924,9.89022,-1.51376,2,-0.032195,-0.0856318,0.208037
26.69,9.88563,9.88482,-1.54341,-1.46385,2,1.98877,-0.463118,-0.444798,-2.96453,-2.97409,2.06487e-15,0.00727659,-0.0324437,-0.032004,-0.085538,-0.089433,0.207948,0.204244,-0.0248428,-0.0278567,0.00941048,0.0202736,-0.00897706,-0.0118876,9.88563,-1.54341,2,-0.0324437,-0.085538,0.207948
26.7,9.88095,9.88032,-1.57305,-1.49333,2,1.98879,-0.472006,-0.453567,-2.96313,-2.97294,2.06146e-15,0.00731175,-0.0326919,-0.0322288,-0.0854436,-0.0892904,0.207858,0.204172,-0.0247995,-0.0277323,0.00947639,0.0200766,-0.00916417,-0.0120828,9.88095,-1.57305,2,-0.0326919,-0.0854436,0.207858
26.71,9.87619,9.87574,-1.60267,-1.52279,2,1.9888,-0.48089,-0.462323,-2.9617,-2.97177,2.05471e-15,0.00734715,-0.0329397,-0.0324537,-0.0853485,-0.0891494,0.207765,0.204098,-0.024756,-0.0276083,0.00954209,0.0198778,-0.0093512,-0.0122781,9.87619,-1.60267,2,-0.0329397,-0.0853485,0.207765
26.72,9.87134,9.87107,-1.63228,-1.55224,2,1.98882,-0.489769,-0.471074,-2.96024,-2.97057,2.04241e-15,0.00738351,-0.033187,-0.0326788,-0.0852527,-0.0890101,0.207671,0.204023,-0.0247123,-0.0274861,0.00960757,0.0196778,-0.00953815,-0.0124733,9.87134,-1.63228,2,-0.033187,-0.0852527,0.207671
26.73,9.86639,9.86631,-1.66188,-1.58167,2,1.98884,-0.498645,-0.479813,-2.95876,-2.96935,2.02215e-15,0.00742052,-0.0334339,-0.0329039,-0.0851563,-0.0888724,0.207574,0.203946,-0.0246685,-0.0273635,0.00967284,0.0194746,-0.00972501,-0.0126686,9.86639,-1.66188,2,-0.0334339,-0.0851563,0.207574
26.74,9.86136,9.86147,-1.69146,-1.61109,2,1.98887,-0.507515,-0.488544,-2.95725,-2.96809,2.03659e-15,0.00745846,-0.0336804,-0.0331293,-0.0850593,-0.0887367,0.207476,0.203868,-0.0246246,-0.0272421,0.00973789,0.0192705,-0.00991178,-0.0128639,9.86136,-1.69146,2,-0.0336804,-0.0850593,0.207476
26.75,9.85624,9.85654,-1.72102,-1.64049,2,1.98889,-0.516381,-0.497266,-2.95571,-2.96682,2.04275e-15,0.00749646,-0.0339264,-0.0333545,-0.0849616,-0.0886024,0.207376,0.203788,-0.0245805,-0.0271211,0.00980274,0.0190643,-0.0100985,-0.0130591,9.85624,-1.72102,2,-0.0339264,-0.0849616,0.207376
26.76,9.85104,9.85153,-1.75057,-1.66988,2,1.98892,-0.525243,-0.505979,-2.95415,-2.96551,2.04988e-15,0.00753558,-0.034172,-0.0335801,-0.0848632,-0.0884702,0.207274,0.203707,-0.0245363,-0.0270015,0.00986737,0.018856,-0.0102851,-0.0132544,9.85104,-1.75057,2,-0.034172,-0.0848632,0.207274
26.77,9.84574,9.84643,-1.78011,-1.69926,2,1.98894,-0.5341,-0.514684,-2.95256,-2.96418,2.06226e-15,0.00757544,-0.0344171,-0.0338056,-0.0847642,-0.0883397,0.20717,0.203624,-0.0244919,-0.0268818,0.00993178,0.0186459,-0.0104716,-0.0134496,9.84574,-1.78011,2,-0.0344171,-0.0847642,0.20717
26.78,9.84035,9.84124,-1.80962,-1.72861,2,1.98897,-0.542952,-0.52338,-2.95094,-2.96282,2.05553e-15,0.00761454,-0.0346618,-0.0340313,-0.0846646,-0.0882111,0.207065,0.203539,-0.0244474,-0.0267644,0.00999598,0.018435,-0.010658,-0.0136448,9.84035,-1.80962,2,-0.0346618,-0.0846646,0.207065
26.79,9.83488,9.83597,-1.83913,-1.75796,2,1.98901,-0.551799,-0.532066,-2.9493,-2.96143,2.03907e-15,0.00765453,-0.0349061,-0.034257,-0.0845643,-0.0880846,0.206957,0.203453,-0.0244028,-0.026648,0.01006,0.0182222,-0.0108443,-0.01384,9.83488,-1.83913,2,-0.0349061,-0.0845643,0.206957
26.8,9.82932,9.83061,-1.86861,-1.78728,2,1.98904,-0.560641,-0.540744,-2.94763,-2.96002,2.03215e-15,0.00769494,-0.0351499,-0.034483,-0.0844634,-0.0879597,0.206848,0.203365,-0.024358,-0.0265319,0.0101237,0.0180079,-0.0110305,-0.0140351,9.82932,-1.86861,2,-0.0351499,-0.0844634,0.206848
26.81,9.82367,9.82516,-1.89808,-1.81659,2,1.98908,-0.569478,-0.549415,-2.94593,-2.95858,2.02603e-15,0.00773565,-0.0353932,-0.0347089,-0.0843618,-0.0878366,0.206737,0.203275,-0.0243131,-0.0264178,0.0101873,0.0177923,-0.0112166,-0.0142302,9.82367,-1.89808,2,-0.0353932,-0.0843618,0.206737
26.82,9.81793,9.81963,-1.92753,-1.84588,2,1.98911,-0.57831,-0.558077,-2.94421,-2.95711,2.02944e-15,0.00777581,-0.0356361,-0.0349349,-0.0842596,-0.0877155,0.206623,0.203184,-0.0242681,-0.0263043,0.0102507,0.017575,-0.0114026,-0.0144252,9.81793,-1.92753,2,-0.0356361,-0.0842596,0.206623
26.83,9.8121,9.81402,-1.95696,-1.87516,2,1.98915,-0.587136,-0.566731,-2.94246,-2.95561,2.03683e-15,0.00781627,-0.0358786,-0.035161,-0.0841568,-0.0875961,0.206509,0.203091,-0.0242229,-0.0261919,0.0103138,0.0173561,-0.0115885,-0.0146201,9.8121,-1.95696,2,-0.0358786,-0.0841568,0.206509
26.84,9.80618,9.80831,-1.98638,-1.90442,2,1.98919,-0.595958,-0.575378,-2.94069,-2.95409,2.02069e-15,0.00785695,-0.0361206,-0.0353873,-0.0840534,-0.0874786,0.206392,0.202996,-0.0241776,-0.0260816,0.0103767,0.0171352,-0.0117743,-0.014815,9.80618,-1.98638,2,-0.0361206,-0.0840534,0.206392
26.85,9.80018,9.80252,-2.01578,-1.93367,2,1.98924,-0.604774,-0.584015,-2.93889,-2.95254,2.01615e-15,0.00789692,-0.0363621,-0.0356135,-0.0839493,-0.087363,0.206273,0.202899,-0.0241321,-0.0259731,0.0104394,0.0169144,-0.01196,-0.0150098,9.80018,-2.01578,2,-0.0363621,-0.0839493,0.206273
26.86,9.79409,9.79665,-2.04516,-1.96289,2,1.98928,-0.613584,-0.592645,-2.93706,-2.95096,2.01615e-15,0.007937,-0.0366032,-0.03584,-0.0838446,-0.0872492,0.206153,0.202801,-0.0240865,-0.0258652,0.0105019,0.0166917,-0.0121456,-0.0152045,9.79409,-2.04516,2,-0.0366032,-0.0838446,0.206153
26.87,9.78791,9.79068,-2.07452,-1.9921,2,1.98933,-0.622389,-0.601269,-2.9352,-2.94935,2.01816e-15,0.00797661,-0.0368439,-0.0360666,-0.0837392,-0.0871374,0.20603,0.202702,-0.0240408,-0.0257589,0.0105642,0.0164682,-0.0123311,-0.0153991,9.78791,-2.07452,2,-0.0368439,-0.0837392,0.20603
26.88,9.78164,9.78464,-2.10386,-2.02129,2,1.98938,-0.631189,-0.609884,-2.93332,-2.94772,2.00958e-15,0.00801617,-0.0370841,-0.0362933,-0.0836333,-0.0870272,0.205906,0.2026,-0.023995,-0.0256536,0.0106263,0.0162432,-0.0125165,-0.0155936,9.78164,-2.10386,2,-0.0370841,-0.0836333,0.205906
26.89,9.77529,9.7785,-2.13318,-2.05046,2,1.98943,-0.639983,-0.618491,-2.93142,-2.94606,1.99169e-15,0.00805497,-0.0373238,-0.0365199,-0.0835267,-0.086919,0.20578,0.202497,-0.023949,-0.0255504,0.0106881,0.0160174,-0.0127017,-0.015788,9.77529,-2.13318,2,-0.0373238,-0.0835267,0.20578
26.9,9.76884,9.77228,-2.16249,-2.07962,2,1.98948,-0.648771,-0.627093,-2.92948,-2.94437,1.97384e-15,0.00809331,-0.037563,-0.0367468,-0.0834195,-0.0868124,0.205652,0.202392,-0.0239029,-0.0254486,0.0107498,0.0157904,-0.0128869,-0.0159823,9.76884,-2.16249,2,-0.037563,-0.0834195,0.205652
26.91,9.76231,9.76597,-2.19177,-2.10876,2,1.98953,-0.657553,-0.635689,-2.92752,-2.94265,1.97299e-15,0.00813125,-0.0378018,-0.036974,-0.0833117,-0.0867076,0.205522,0.202285,-0.0238567,-0.0253483,0.0108112,0.0155626,-0.0130719,-0.0161764,9.76231,-2.19177,2,-0.0378018,-0.0833117,0.205522
26.92,9.75569,9.75958,-2.22104,-2.13788,2,1.98959,-0.666329,-0.644276,-2.92554,-2.9409,1.97429e-15,0.0081685,-0.0380402,-0.0372011,-0.0832033,-0.0866046,0.20539,0.202176,-0.0238103,-0.0252498,0.0108724,0.0153341,-0.0132568,-0.0163704,9.75569,-2.22104,2,-0.0380402,-0.0832033,0.20539
26.93,9.74898,9.7531,-2.25028,-2.16697,2,1.98965,-0.675099,-0.652856,-2.92353,-2.93913,1.97002e-15,0.00820437,-0.038278,-0.0374284,-0.0830943,-0.0865033,0.205257,0.202065,-0.0237638,-0.0251523,0.0109334,0.015105,-0.0134416,-0.0165643,9.74898,-2.25028,2,-0.038278,-0.0830943,0.205257
26.94,9.74219,9.74654,-2.27951,-2.19606,2,1.9897,-0.683864,-0.661431,-2.92149,-2.93732,1.97043e-15,0.00824045,-0.0385154,-0.0376557,-0.0829846,-0.0864038,0.205122,0.201953,-0.0237172,-0.0250573,0.0109942,0.0148748,-0.0136263,-0.0167581,9.74219,-2.27951,2,-0.0385154,-0.0829846,0.205122
26.95,9.73531,9.73989,-2.30871,-2.22512,2,1.98977,-0.692622,-0.669999,-2.91942,-2.93549,1.97108e-15,0.00827536,-0.0387524,-0.0378834,-0.0828744,-0.0863057,0.204984,0.201839,-0.0236705,-0.0249639,0.0110548,0.014644,-0.0138108,-0.0169517,9.73531,-2.30871,2,-0.0387524,-0.0828744,0.204984
26.96,9.72834,9.73315,-2.3379,-2.25416,2,1.98983,-0.701373,-0.678559,-2.91733,-2.93363,1.99409e-15,0.00830933,-0.0389889,-0.0381113,-0.0827635,-0.0862094,0.204845,0.201723,-0.0236237,-0.024872,0.0111151,0.0144134,-0.0139952,-0.017145,9.72834,-2.3379,2,-0.0389889,-0.0827635,0.204845
26.97,9.72128,9.72633,-2.36706,-2.28319,2,1.98989,-0.710119,-0.687115,-2.91521,-2.93175,2.02354e-15,0.0083424,-0.0392249,-0.0383392,-0.0826521,-0.0861146,0.204705,0.201605,-0.0235767,-0.0247818,0.0111753,0.0141811,-0.0141795,-0.0173383,9.72128,-2.36706,2,-0.0392249,-0.0826521,0.204705
26.98,9.71413,9.71942,-2.3962,-2.31219,2,1.98996,-0.718858,-0.695665,-2.91307,-2.92983,2.02724e-15,0.0083742,-0.0394604,-0.0385675,-0.08254,-0.0860214,0.204562,0.201486,-0.0235296,-0.0246936,0.0112352,0.0139495,-0.0143637,-0.0175314,9.71413,-2.3962,2,-0.0394604,-0.08254,0.204562
26.99,9.7069,9.71242,-2.42532,-2.34118,2,1.99002,-0.727591,-0.70421,-2.9109,-2.92788,2.00866e-15,0.00840507,-0.0396954,-0.0387958,-0.0824274,-0.0859296,0.204417,0.201364,-0.0234824,-0.024606,0.0112949,0.0137167,-0.0145478,-0.0177243,9.7069,-2.42532,2,-0.0396954,-0.0824274,0.204417
27,9.69958,9.70534,-2.45442,-2.37015,2,1.99009,-0.736317,-0.712747,-2.9087,-2.92591,2.01696e-15,0.00843476,-0.03993,-0.0390243,-0.0823141,-0.0858394,0.204271,0.20124,-0.0234351,-0.0245207,0.0113544,0.0134839,-0.0147317,-0.0179171,9.69958,-2.45442,2,-0.03993,-0.0823141,0.204271
27.01,9.69218,9.69817,-2.4835,-2.39909,2,1.99016,-0.745036,-0.721279,-2.90648,-2.92391,1.99981e-15,0.00846304,-0.0401642,-0.039253,-0.0822003,-0.0857504,0.204123,0.201115,-0.0233877,-0.0244373,0.0114137,0.0132514,-0.0149154,-0.0181096,9.69218,-2.4835,2,-0.0401642,-0.0822003,0.204123
27.02,9.68468,9.69092,-2.51255,-2.42802,2,1.99023,-0.753749,-0.729807,-2.90423,-2.92188,2.00838e-15,0.00849029,-0.0403978,-0.0394821,-0.0820859,-0.0856629,0.203973,0.200988,-0.0233401,-0.0243553,0.0114728,0.0130179,-0.0150991,-0.0183019,9.68468,-2.51255,2,-0.0403978,-0.0820859,0.203973
27.03,9.6771,9.68358,-2.54158,-2.45692,2,1.99031,-0.762455,-0.738328,-2.90196,-2.91982,2.02494e-15,0.00851576,-0.040631,-0.0397114,-0.0819708,-0.0855768,0.203821,0.200859,-0.0232925,-0.0242755,0.0115317,0.0127851,-0.0152826,-0.0184941,9.6771,-2.54158,2,-0.040631,-0.0819708,0.203821
27.04,9.66943,9.67616,-2.57059,-2.48581,2,1.99038,-0.771154,-0.746845,-2.89966,-2.91773,2.02494e-15,0.00853987,-0.0408636,-0.0399409,-0.0818552,-0.0854917,0.203667,0.200727,-0.0232447,-0.0241969,0.0115904,0.0125522,-0.015466,-0.018686,9.66943,-2.57059,2,-0.0408636,-0.0818552,0.203667
27.05,9.66168,9.66865,-2.59957,-2.51467,2,1.99046,-0.779846,-0.755355,-2.89733,-2.91561,2.02437e-15,0.00856292,-0.0410958,-0.0401706,-0.081739,-0.0854081,0.203511,0.200594,-0.0231968,-0.0241197,0.0116488,0.0123191,-0.0156492,-0.0188777,9.66168,-2.59957,2,-0.0410958,-0.081739,0.203511
27.06,9.65384,9.66105,-2.62854,-2.54351,2,1.99053,-0.788531,-0.763861,-2.89498,-2.91347,2.02953e-15,0.00858477,-0.0413276,-0.0404007,-0.0816223,-0.0853255,0.203354,0.200459,-0.0231488,-0.0240447,0.011707,0.0120867,-0.0158323,-0.0190692,9.65384,-2.62854,2,-0.0413276,-0.0816223,0.203354
27.07,9.64591,9.65337,-2.65747,-2.57234,2,1.99061,-0.797209,-0.772363,-2.8926,-2.91129,2.03805e-15,0.00860432,-0.0415588,-0.040631,-0.0815049,-0.085244,0.203195,0.200322,-0.0231007,-0.0239703,0.0117651,0.0118545,-0.0160152,-0.0192605,9.64591,-2.65747,2,-0.0415588,-0.0815049,0.203195
27.08,9.63789,9.6456,-2.68639,-2.60114,2,1.99069,-0.80588,-0.780862,-2.8902,-2.90909,2.03464e-15,0.0086225,-0.0417896,-0.0408617,-0.081387,-0.0851637,0.203034,0.200183,-0.0230525,-0.0238986,0.0118229,0.0116219,-0.016198,-0.0194516,9.63789,-2.68639,2,-0.0417896,-0.081387,0.203034
27.09,9.62979,9.63775,-2.71528,-2.62992,2,1.99077,-0.814544,-0.789355,-2.88777,-2.90686,2.02717e-15,0.00863956,-0.0420199,-0.0410926,-0.0812684,-0.0850841,0.202871,0.200042,-0.0230042,-0.0238278,0.0118805,0.0113906,-0.0163807,-0.0196424,9.62979,-2.71528,2,-0.0420199,-0.0812684,0.202871
27.1,9.6216,9.62981,-2.74414,-2.65868,2,1.99085,-0.8232,-0.797842,-2.88531,-2.9046,2.0186e-15,0.00865434,-0.0422497,-0.0413239,-0.0811493,-0.0850058,0.202706,0.1999,-0.0229557,-0.023759,0.0119379,0.0111608,-0.0165632,-0.0198329,9.6216,-2.74414,2,-0.0422497,-0.0811493,0.202706
27.11,9.61333,9.62179,-2.77298,-2.68742,2,1.99094,-0.831849,-0.806326,-2.88283,-2.90231,2.00003e-15,0.00866747,-0.042479,-0.0415556,-0.0810297,-0.0849281,0.202539,0.199755,-0.0229072,-0.0236912,0.011995,0.0109303,-0.0167456,-0.0200233,9.61333,-2.77298,2,-0.042479,-0.0810297,0.202539
27.12,9.60496,9.61368,-2.8018,-2.71613,2,1.99102,-0.84049,-0.814806,-2.88032,-2.89999,2.00861e-15,0.00867975,-0.0427078,-0.0417874,-0.0809094,-0.0848514,0.202371,0.199608,-0.0228585,-0.0236243,0.012052,0.0107008,-0.0169278,-0.0202134,9.60496,-2.8018,2,-0.0427078,-0.0809094,0.202371
27.13,9.59652,9.60548,-2.83059,-2.74482,2,1.9911,-0.849124,-0.82328,-2.87778,-2.89765,2.02517e-15,0.00868979,-0.0429362,-0.0420198,-0.0807886,-0.0847753,0.202201,0.199459,-0.0228098,-0.0235595,0.0121087,0.0104716,-0.0171098,-0.0204031,9.59652,-2.83059,2,-0.0429362,-0.0807886,0.202201
27.14,9.58798,9.5972,-2.85935,-2.77349,2,1.99119,-0.85775,-0.831752,-2.87522,-2.89527,2.02517e-15,0.00869773,-0.043164,-0.0422523,-0.0806673,-0.0846998,0.202029,0.199308,-0.0227609,-0.0234956,0.0121653,0.0102444,-0.0172917,-0.0205927,9.58798,-2.85935,2,-0.043164,-0.0806673,0.202029
27.15,9.57936,9.58883,-2.88809,-2.80214,2,1.99128,-0.866369,-0.84022,-2.87264,-2.89287,2.02646e-15,0.0087035,-0.0433914,-0.0424854,-0.0805453,-0.084625,0.201855,0.199155,-0.022712,-0.0234337,0.0122216,0.0100181,-0.0174735,-0.0207821,9.57936,-2.88809,2,-0.0433914,-0.0805453,0.201855
27.16,9.57065,9.58038,-2.91681,-2.83077,2,1.99136,-0.874979,-0.848683,-2.87003,-2.89044,2.01757e-15,0.00870809,-0.0436183,-0.0427188,-0.0804228,-0.0845507,0.201679,0.199,-0.0226629,-0.0233725,0.0122777,0.00979274,-0.0176551,-0.0209711,9.57065,-2.91681,2,-0.0436183,-0.0804228,0.201679
27.17,9.56186,9.57185,-2.94549,-2.85937,2,1.99145,-0.883582,-0.857144,-2.86739,-2.88798,1.99916e-15,0.00871029,-0.0438446,-0.0429526,-0.0802998,-0.084477,0.201502,0.198843,-0.0226138,-0.0233124,0.0123336,0.00956788,-0.0178365,-0.0211599,9.56186,-2.94549,2,-0.0438446,-0.0802998,0.201502
27.18,9.55298,9.56322,-2.97415,-2.88795,2,1.99154,-0.892177,-0.8656,-2.86473,-2.88549,1.99531e-15,0.00871159,-0.0440705,-0.0431869,-0.0801762,-0.0844036,0.201323,0.198684,-0.0225645,-0.0232531,0.0123893,0.00934521,-0.0180178,-0.0213484,9.55298,-2.97415,2,-0.0440705,-0.0801762,0.201323
27.19,9.54402,9.55452,-3.00279,-2.9165,2,1.99163,-0.900764,-0.874053,-2.86204,-2.88297,2.01594e-15,0.00870951,-0.0442959,-0.0434215,-0.080052,-0.0843306,0.201142,0.198523,-0.0225152,-0.0231955,0.0124448,0.00912345,-0.0181989,-0.0215367,9.54402,-3.00279,2,-0.0442959,-0.080052,0.201142
27.2,9.53497,9.54573,-3.0314,-2.94504,2,1.99172,-0.909342,-0.882503,-2.85932,-2.88043,2.03208e-15,0.00870675,-0.0445208,-0.0436566,-0.0799273,-0.0842578,0.200959,0.19836,-0.0224657,-0.0231385,0.0125001,0.00890355,-0.0183798,-0.0217246,9.53497,-3.0314,2,-0.0445208,-0.0799273,0.200959
27.21,9.52583,9.53685,-3.05997,-2.97354,2,1.99181,-0.917913,-0.890947,-2.85658,-2.87785,2.03583e-15,0.0087014,-0.0447452,-0.0438921,-0.079802,-0.0841852,0.200774,0.198195,-0.0224162,-0.0230826,0.0125552,0.00868482,-0.0185606,-0.0219123,9.52583,-3.05997,2,-0.0447452,-0.079802,0.200774
27.22,9.51661,9.52789,-3.08853,-3.00203,2,1.99189,-0.926475,-0.899391,-2.85382,-2.87525,2.03681e-15,0.00869377,-0.0449692,-0.0441282,-0.0796762,-0.0841128,0.200587,0.198028,-0.0223665,-0.0230278,0.01261,0.0084682,-0.0187412,-0.0220997,9.51661,-3.08853,2,-0.0449692,-0.0796762,0.200587
27.23,9.5073,9.51884,-3.11705,-3.03049,2,1.99199,-0.935029,-0.90783,-2.85102,-2.87262,2.04127e-15,0.00868474,-0.0451926,-0.0443644,-0.0795498,-0.0840404,0.200399,0.197858,-0.0223168,-0.0229735,0.0126647,0.00825299,-0.0189217,-0.0222868,9.5073,-3.11705,2,-0.0451926,-0.0795498,0.200399
27.24,9.49791,9.50971,-3.14555,-3.05892,2,1.99208,-0.943575,-0.916266,-2.84821,-2.86996,2.04127e-15,0.00867367,-0.0454155,-0.0446013,-0.0794229,-0.083968,0.200209,0.197687,-0.022267,-0.0229202,0.0127191,0.00804049,-0.0191019,-0.0224736,9.49791,-3.14555,2,-0.0454155,-0.0794229,0.200209
27.25,9.48843,9.50049,-3.17402,-3.08733,2,1.99217,-0.952112,-0.924698,-2.84536,-2.86727,2.04127e-15,0.00866038,-0.0456379,-0.0448386,-0.0792954,-0.0838956,0.200017,0.197513,-0.0222171,-0.0228673,0.0127734,0.00782881,-0.019282,-0.0226602,9.48843,-3.17402,2,-0.0456379,-0.0792954,0.200017
27.26,9.47887,9.49119,-3.20245,-3.11572,2,1.99226,-0.96064,-0.933129,-2.84249,-2.86456,2.04127e-15,0.0086455,-0.0458598,-0.0450764,-0.0791674,-0.083823,0.199823,0.197338,-0.0221671,-0.0228147,0.0128274,0.00761996,-0.019462,-0.0228464,9.47887,-3.20245,2,-0.0458598,-0.0791674,0.199823
27.27,9.46922,9.48181,-3.23087,-3.14408,2,1.99235,-0.96916,-0.941555,-2.8396,-2.86181,2.04471e-15,0.00862859,-0.0460812,-0.0453144,-0.0790389,-0.08375,0.199628,0.19716,-0.0221169,-0.0227634,0.0128812,0.00741353,-0.0196417,-0.0230324,9.46922,-3.23087,2,-0.0460812,-0.0790389,0.199628
27.28,9.45948,9.47234,-3.25925,-3.17242,2,1.99244,-0.977671,-0.949979,-2.83668,-2.85904,2.03272e-15,0.008609,-0.0463022,-0.0455532,-0.0789098,-0.0836767,0.199431,0.196981,-0.0220668,-0.0227115,0.0129348,0.00720856,-0.0198213,-0.0232181,9.45948,-3.25925,2,-0.0463022,-0.0789098,0.199431
27.29,9.44966,9.46279,-3.2876,-3.20073,2,1.99253,-0.986174,-0.958399,-2.83373,-2.85624,2.00956e-15,0.00858821,-0.0465226,-0.0457923,-0.0787802,-0.0836032,0.199231,0.196799,-0.0220165,-0.0226612,0.0129882,0.00700646,-0.0200007,-0.0234034,9.44966,-3.2876,2,-0.0465226,-0.0787802,0.199231
27.3,9.43976,9.45315,-3.31592,-3.229,2,1.99262,-0.994667,-0.966813,-2.83076,-2.85341,2.02472e-15,0.00856534,-0.0467425,-0.0460319,-0.07865,-0.0835294,0.199031,0.196615,-0.0219661,-0.0226101,0.0130414,0.00680571,-0.0201799,-0.0235885,9.43976,-3.31592,2,-0.0467425,-0.07865,0.199031
27.31,9.42977,9.44343,-3.34421,-3.25726,2,1.99271,-1.00315,-0.975228,-2.82777,-2.85055,2.02544e-15,0.00854027,-0.0469619,-0.0462719,-0.0785193,-0.0834549,0.198828,0.196429,-0.0219157,-0.0225596,0.0130943,0.0066088,-0.0203589,-0.0237733,9.42977,-3.34421,2,-0.0469619,-0.0785193,0.198828
27.32,9.4197,9.43362,-3.37248,-3.28549,2,1.9928,-1.01163,-0.983639,-2.82475,-2.84767,2.02301e-15,0.00851279,-0.0471808,-0.0465126,-0.0783881,-0.0833798,0.198623,0.196241,-0.0218651,-0.0225093,0.0131471,0.00641335,-0.0205378,-0.0239577,9.4197,-3.37248,2,-0.0471808,-0.0783881,0.198623
27.33,9.40954,9.42373,-3.40071,-3.3137,2,1.99289,-1.02009,-0.992046,-2.8217,-2.84476,2.02001e-15,0.00848426,-0.0473992,-0.0467536,-0.0782564,-0.083304,0.198417,0.196051,-0.0218145,-0.0224588,0.0131997,0.00622231,-0.0207165,-0.024142,9.40954,-3.40071,2,-0.0473992,-0.0782564,0.198417
27.34,9.39929,9.41375,-3.42891,-3.34188,2,1.99298,-1.02855,-1.00045,-2.81863,-2.84182,2.03341e-15,0.00845413,-0.0476171,-0.046995,-0.0781241,-0.0832277,0.198209,0.195859,-0.0217638,-0.0224087,0.013252,0.00603296,-0.0208949,-0.0243258,9.39929,-3.42891,2,-0.0476171,-0.0781241,0.198209
27.35,9.38897,9.4037,-3.45708,-3.37003,2,1.99307,-1.037,-1.00885,-2.81553,-2.83885,2.03996e-15,0.00842156,-0.0478345,-0.0472372,-0.0779914,-0.0831505,0.197999,0.195665,-0.021713,-0.0223577,0.0133042,0.00584664,-0.0210732,-0.0245094,9.38897,-3.45708,2,-0.0478345,-0.0779914,0.197999
27.36,9.37856,9.39356,-3.48522,-3.39815,2,1.99316,-1.04544,-1.01725,-2.81241,-2.83585,2.04753e-15,0.00838707,-0.0480514,-0.0474796,-0.0778581,-0.0830724,0.197788,0.195469,-0.0216621,-0.0223076,0.0133561,0.0056636,-0.0212513,-0.0246927,9.37856,-3.48522,2,-0.0480514,-0.0778581,0.197788
27.37,9.36806,9.38333,-3.51333,-3.42625,2,1.99324,-1.05387,-1.02565,-2.80926,-2.83283,2.03472e-15,0.008351,-0.0482677,-0.0477224,-0.0777242,-0.0829935,0.197574,0.19527,-0.0216111,-0.0222563,0.0134079,0.00548344,-0.0214293,-0.0248758,9.36806,-3.51333,2,-0.0482677,-0.0777242,0.197574
27.38,9.35748,9.37302,-3.54141,-3.4543,2,1.99333,-1.06229,-1.03404,-2.80608,-2.82978,2.03571e-15,0.00831322,-0.0484836,-0.0479659,-0.0775899,-0.0829137,0.197359,0.19507,-0.0215601,-0.0222047,0.0134594,0.0053064,-0.021607,-0.0250584,9.35748,-3.54141,2,-0.0484836,-0.0775899,0.197359
27.39,9.34681,9.36263,-3.56945,-3.48234,2,1.99341,-1.0707,-1.04243,-2.80289,-2.8267,2.03809e-15,0.00827272,-0.0486989,-0.0482097,-0.0774551,-0.0828327,0.197142,0.194867,-0.021509,-0.0221533,0.0135107,0.00513269,-0.0217845,-0.0252409,9.34681,-3.56945,2,-0.0486989,-0.0774551,0.197142
27.4,9.33606,9.35216,-3.59746,-3.51035,2,1.9935,-1.0791,-1.05081,-2.79966,-2.8236,2.02194e-15,0.00823174,-0.0489138,-0.048454,-0.0773197,-0.0827507,0.196923,0.194662,-0.0214578,-0.0221016,0.0135618,0.00496304,-0.0219618,-0.025423,9.33606,-3.59746,2,-0.0489138,-0.0773197,0.196923
27.41,9.32523,9.3416,-3.62544,-3.53833,2,1.99358,-1.08749,-1.0592,-2.79641,-2.82046,2.01883e-15,0.00818862,-0.0491281,-0.0486988,-0.0771838,-0.0826675,0.196703,0.194456,-0.0214065,-0.0220481,0.0136127,0.00479622,-0.022139,-0.0256049,9.32523,-3.62544,2,-0.0491281,-0.0771838,0.196703
27.42,9.31431,9.33096,-3.65339,-3.56628,2,1.99366,-1.09587,-1.06757,-2.79314,-2.8173,1.99344e-15,0.00814323,-0.0493419,-0.0489438,-0.0770474,-0.082583,0.196481,0.194247,-0.0213552,-0.0219952,0.0136634,0.00463218,-0.0223159,-0.0257865,9.31431,-3.65339,2,-0.0493419,-0.0770474,0.196481
27.43,9.30331,9.32024,-3.68131,-3.5942,2,1.99374,-1.10424,-1.07595,-2.78984,-2.81411,1.96303e-15,0.00809635,-0.0495552,-0.0491895,-0.0769105,-0.0824972,0.196257,0.194036,-0.0213037,-0.0219409,0.0137139,0.00447336,-0.0224926,-0.0259677,9.30331,-3.68131,2,-0.0495552,-0.0769105,0.196257
27.44,9.29223,9.30943,-3.70919,-3.62208,2,1.99382,-1.1126,-1.08432,-2.78651,-2.8109,1.95034e-15,0.00804804,-0.049768,-0.0494355,-0.0767732,-0.0824103,0.196031,0.193823,-0.0212522,-0.0218857,0.0137642,0.00431705,-0.0226692,-0.0261487,9.29223,-3.70919,2,-0.049768,-0.0767732,0.196031
27.45,9.28106,9.29854,-3.73704,-3.64995,2,1.9939,-1.12095,-1.09269,-2.78316,-2.80766,1.95723e-15,0.00799879,-0.0499802,-0.0496818,-0.0766353,-0.0823219,0.195803,0.193608,-0.0212006,-0.0218298,0.0138143,0.00416555,-0.0228455,-0.0263295,9.28106,-3.73704,2,-0.0499802,-0.0766353,0.195803
27.46,9.26981,9.28757,-3.76485,-3.67777,2,1.99398,-1.12929,-1.10105,-2.77979,-2.80439,1.97808e-15,0.00794764,-0.050192,-0.0499285,-0.0764969,-0.0822322,0.195574,0.193391,-0.021149,-0.0217732,0.0138642,0.00401709,-0.0230216,-0.0265099,9.26981,-3.76485,2,-0.050192,-0.0764969,0.195574
27.47,9.25848,9.27652,-3.79263,-3.70556,2,1.99406,-1.13762,-1.10941,-2.77639,-2.80109,1.98936e-15,0.00789514,-0.0504032,-0.0501757,-0.076358,-0.0821407,0.195343,0.193171,-0.0210973,-0.021715,0.0139139,0.00387186,-0.0231975,-0.02669,9.25848,-3.79263,2,-0.0504032,-0.076358,0.195343
27.48,9.24706,9.26538,-3.82038,-3.73333,2,1.99413,-1.14595,-1.11777,-2.77297,-2.79777,1.98708e-15,0.00784108,-0.0506139,-0.0504232,-0.0762186,-0.0820478,0.19511,0.19295,-0.0210455,-0.021656,0.0139633,0.00373221,-0.0233732,-0.0268699,9.24706,-3.82038,2,-0.0506139,-0.0762186,0.19511
27.49,9.23556,9.25417,-3.84809,-3.76106,2,1.9942,-1.15426,-1.12612,-2.76952,-2.79442,1.99025e-15,0.00778598,-0.0508241,-0.0506709,-0.0760787,-0.0819532,0.194875,0.192726,-0.0209936,-0.0215965,0.0140126,0.0035961,-0.0235487,-0.0270496,9.23556,-3.84809,2,-0.0508241,-0.0760787,0.194875
27.5,9.22397,9.24287,-3.87577,-3.78876,2,1.99427,-1.16256,-1.13447,-2.76604,-2.79104,2.00114e-15,0.0077288,-0.0510338,-0.0509191,-0.0759383,-0.0818572,0.194639,0.192501,-0.0209417,-0.0215347,0.0140617,0.00346387,-0.023724,-0.027229,9.22397,-3.87577,2,-0.0510338,-0.0759383,0.194639
27.51,9.21231,9.23149,-3.90341,-3.81643,2,1.99434,-1.17085,-1.14281,-2.76254,-2.78764,1.9966e-15,0.00767134,-0.0512429,-0.0511676,-0.0757975,-0.0817594,0.194401,0.192274,-0.0208896,-0.0214719,0.0141105,0.00333491,-0.0238991,-0.027408,9.21231,-3.90341,2,-0.0512429,-0.0757975,0.194401
27.52,9.20056,9.22002,-3.93102,-3.84406,2,1.99441,-1.17913,-1.15115,-2.75902,-2.78421,1.99561e-15,0.00761268,-0.0514516,-0.0514165,-0.0756561,-0.0816599,0.194161,0.192044,-0.0208376,-0.0214081,0.0141592,0.00321161,-0.0240739,-0.0275869,9.20056,-3.93102,2,-0.0514516,-0.0756561,0.194161
27.53,9.18872,9.20847,-3.95859,-3.87166,2,1.99448,-1.18739,-1.15949,-2.75547,-2.78075,1.99123e-15,0.00755185,-0.0516597,-0.0516653,-0.0755143,-0.0815586,0.193919,0.191812,-0.0207854,-0.0213428,0.0142077,0.00309243,-0.0242486,-0.0277655,9.18872,-3.95859,2,-0.0516597,-0.0755143,0.193919
27.54,9.17681,9.19685,-3.98613,-3.89923,2,1.99454,-1.19565,-1.16782,-2.7519,-2.77727,2.01595e-15,0.00749172,-0.0518673,-0.0519146,-0.075372,-0.0814555,0.193676,0.191579,-0.0207332,-0.0212762,0.0142559,0.00297683,-0.024423,-0.0279439,9.17681,-3.98613,2,-0.0518673,-0.075372,0.193676
27.55,9.16481,9.18514,-4.01363,-3.92676,2,1.9946,-1.2039,-1.17615,-2.7483,-2.77376,2.03779e-15,0.00742848,-0.0520744,-0.052164,-0.0752292,-0.0813506,0.193431,0.191343,-0.0206809,-0.0212073,0.014304,0.00286663,-0.0245972,-0.028122,9.16481,-4.01363,2,-0.0520744,-0.0752292,0.193431
27.56,9.15273,9.17335,-4.0411,-3.95426,2,1.99466,-1.21213,-1.18447,-2.74468,-2.77023,2.03609e-15,0.0073659,-0.0522809,-0.0524136,-0.0750859,-0.0812439,0.193184,0.191105,-0.0206286,-0.0211376,0.0143518,0.0027605,-0.0247711,-0.0282998,9.15273,-4.0411,2,-0.0522809,-0.0750859,0.193184
27.57,9.14057,9.16148,-4.06852,-3.98172,2,1.99472,-1.22036,-1.19278,-2.74103,-2.76666,2.03845e-15,0.00730176,-0.0524869,-0.0526634,-0.0749421,-0.0811351,0.192935,0.190865,-0.0205762,-0.0210664,0.0143995,0.00265919,-0.0249449,-0.0284775,9.14057,-4.06852,2,-0.0524869,-0.0749421,0.192935
27.58,9.12832,9.14952,-4.09592,-4.00915,2,1.99478,-1.22857,-1.20109,-2.73736,-2.76307,2.0219e-15,0.007237,-0.0526924,-0.0529134,-0.0747979,-0.0810246,0.192685,0.190624,-0.0205237,-0.0209932,0.0144469,0.00256292,-0.0251184,-0.0286549,9.12832,-4.09592,2,-0.0526924,-0.0747979,0.192685
27.59,9.116,9.13749,-4.12327,-4.03655,2,1.99483,-1.23678,-1.2094,-2.73366,-2.75946,2.01817e-15,0.00717138,-0.0528974,-0.0531635,-0.0746532,-0.080912,0.192433,0.19038,-0.0204712,-0.0209184,0.0144942,0.00247072,-0.0252917,-0.0288321,9.116,-4.12327,2,-0.0528974,-0.0746532,0.192433
27.6,9.10359,9.12538,-4.15059,-4.0639,2,1.99488,-1.24497,-1.2177,-2.72994,-2.75582,2.01574e-15,0.00710484,-0.0531019,-0.0534137,-0.074508,-0.0807972,0.192179,0.190134,-0.0204186,-0.020841,0.0145412,0.00238246,-0.0254648,-0.0290091,9.10359,-4.15059,2,-0.0531019,-0.074508,0.192179
27.61,9.0911,9.11319,-4.17787,-4.09122,2,1.99493,-1.25315,-1.22599,-2.72619,-2.75215,2.0128e-15,0.00703859,-0.0533058,-0.053664,-0.0743624,-0.0806809,0.191924,0.189886,-0.0203659,-0.0207624,0.0145881,0.00230007,-0.0256377,-0.0291858,9.0911,-4.17787,2,-0.0533058,-0.0743624,0.191924
27.62,9.07852,9.10091,-4.20511,-4.11851,2,1.99497,-1.26132,-1.23428,-2.72242,-2.74846,2.02895e-15,0.00697027,-0.0535092,-0.0539143,-0.0742163,-0.0805622,0.191666,0.189636,-0.0203132,-0.0206825,0.0146347,0.00222274,-0.0258103,-0.0293624,9.07852,-4.20511,2,-0.0535092,-0.0742163,0.191666
27.63,9.06587,9.08856,-4.23232,-4.14575,2,1.99502,-1.26948,-1.24256,-2.71863,-2.74474,2.02998e-15,0.0069022,-0.053712,-0.0541646,-0.0740697,-0.0804414,0.191408,0.189384,-0.0202604,-0.0206006,0.0146812,0.00214913,-0.0259827,-0.0295387,9.06587,-4.23232,2,-0.053712,-0.0740697,0.191408
27.64,9.05313,9.07612,-4.25949,-4.17296,2,1.99506,-1.27763,-1.25084,-2.71481,-2.74099,2.01724e-15,0.00683419,-0.0539144,-0.0544149,-0.0739226,-0.0803186,0.191147,0.18913,-0.0202076,-0.0205167,0.0147274,0.00208119,-0.0261548,-0.0297149,9.05313,-4.25949,2,-0.0539144,-0.0739226,0.191147
27.65,9.04032,9.0636,-4.28661,-4.20013,2,1.9951,-1.28576,-1.25911,-2.71096,-2.73722,2.02139e-15,0.00676508,-0.0541162,-0.0546651,-0.0737751,-0.0801937,0.190884,0.188874,-0.0201547,-0.0204303,0.0147735,0.00201834,-0.0263267,-0.0298909,9.04032,-4.28661,2,-0.0541162,-0.0737751,0.190884
27.66,9.02742,9.05101,-4.3137,-4.22726,2,1.99514,-1.29389,-1.26737,-2.70709,-2.73342,2.02237e-15,0.00669552,-0.0543175,-0.0549152,-0.0736272,-0.0800667,0.19062,0.188616,-0.0201017,-0.0203429,0.0148193,0.00195966,-0.0264984,-0.0300667,9.02742,-4.3137,2,-0.0543175,-0.0736272,0.19062
27.67,9.01444,9.03834,-4.34076,-4.25436,2,1.99517,-1.302,-1.27562,-2.7032,-2.7296,2.02683e-15,0.00662665,-0.0545182,-0.0551653,-0.0734788,-0.0799378,0.190354,0.188356,-0.0200487,-0.0202531,0.014865,0.0019066,-0.0266698,-0.0302422,9.01444,-4.34076,2,-0.0545182,-0.0734788,0.190354
27.68,9.00138,9.02558,-4.36777,-4.28142,2,1.9952,-1.3101,-1.28387,-2.69928,-2.72575,2.02683e-15,0.00655665,-0.0547185,-0.0554151,-0.0733299,-0.0798065,0.190087,0.188094,-0.0199957,-0.0201615,0.0149104,0.00185785,-0.026841,-0.0304177,9.00138,-4.36777,2,-0.0547185,-0.0733299,0.190087
27.69,8.98824,9.01274,-4.39474,-4.30843,2,1.99523,-1.31819,-1.29212,-2.69534,-2.72187,2.0282e-15,0.00648649,-0.0549181,-0.055665,-0.0731805,-0.0796733,0.189818,0.187831,-0.0199426,-0.0200679,0.0149557,0.00181457,-0.027012,-0.030593,8.98824,-4.39474,2,-0.0549181,-0.0731805,0.189818
27.7,8.97502,8.99983,-4.42168,-4.33541,2,1.99526,-1.32626,-1.30035,-2.69138,-2.71797,2.04403e-15,0.0064169,-0.0551173,-0.0559145,-0.0730308,-0.0795379,0.189547,0.187565,-0.0198894,-0.0199728,0.0150008,0.00177564,-0.0271827,-0.0307681,8.97502,-4.42168,2,-0.0551173,-0.0730308,0.189547
27.71,8.96171,8.98684,-4.44857,-4.36234,2,1.99528,-1.33433,-1.30857,-2.68739,-2.71405,2.05634e-15,0.00634687,-0.0553159,-0.0561636,-0.0728805,-0.0794003,0.189274,0.187297,-0.0198362,-0.0198752,0.0150456,0.00174311,-0.0273532,-0.0309431,8.96171,-4.44857,2,-0.0553159,-0.0728805,0.189274
27.72,8.94833,8.97377,-4.47542,-4.38924,2,1.9953,-1.34238,-1.31679,-2.68337,-2.7101,2.06221e-15,0.00627716,-0.055514,-0.0564126,-0.0727299,-0.0792607,0.189,0.187027,-0.0197829,-0.0197756,0.0150903,0.00171525,-0.0275234,-0.0311179,8.94833,-4.47542,2,-0.055514,-0.0727299,0.189
27.73,8.93486,8.96062,-4.50224,-4.41609,2,1.99532,-1.35042,-1.325,-2.67934,-2.70612,2.05398e-15,0.00620721,-0.0557116,-0.0566612,-0.0725787,-0.0791189,0.188724,0.186756,-0.0197296,-0.0196738,0.0151348,0.00169192,-0.0276934,-0.0312926,8.93486,-4.50224,2,-0.0557116,-0.0725787,0.188724
27.74,8.92132,8.94739,-4.52901,-4.4429,2,1.99533,-1.35845,-1.33321,-2.67527,-2.70212,2.056e-15,0.00613745,-0.0559086,-0.0569096,-0.0724272,-0.0789749,0.188446,0.186482,-0.0196762,-0.0195705,0.0151791,0.0016737,-0.0278631,-0.0314671,8.92132,-4.52901,2,-0.0559086,-0.0724272,0.188446
27.75,8.9077,8.93407,-4.55574,-4.46968,2,1.99535,-1.36647,-1.3414,-2.67119,-2.69809,2.06044e-15,0.0060681,-0.0561051,-0.0571573,-0.0722751,-0.078829,0.188166,0.186206,-0.0196227,-0.0194658,0.0152231,0.00166111,-0.0280326,-0.0316416,8.9077,-4.55574,2,-0.0561051,-0.0722751,0.188166
27.76,8.89399,8.92068,-4.58243,-4.49641,2,1.99536,-1.37447,-1.34958,-2.66708,-2.69403,2.06215e-15,0.00599954,-0.0563011,-0.057405,-0.0721227,-0.0786807,0.187885,0.185929,-0.0195693,-0.0193587,0.015267,0.0016536,-0.0282018,-0.0318159,8.89399,-4.58243,2,-0.0563011,-0.0721227,0.187885
27.77,8.88021,8.90722,-4.60908,-4.5231,2,1.99536,-1.38247,-1.35776,-2.66294,-2.68995,2.05908e-15,0.00593075,-0.0564965,-0.0576519,-0.0719698,-0.0785305,0.187602,0.18565,-0.0195157,-0.0192491,0.0153107,0.00165019,-0.0283708,-0.0319901,8.88021,-4.60908,2,-0.0564965,-0.0719698,0.187602
27.78,8.86634,8.89367,-4.63569,-4.54974,2,1.99537,-1.39045,-1.36593,-2.65879,-2.68585,2.05333e-15,0.00586219,-0.0566914,-0.0578984,-0.0718165,-0.0783781,0.187318,0.185368,-0.0194621,-0.0191383,0.0153542,0.00165249,-0.0285395,-0.0321642,8.86634,-4.63569,2,-0.0566914,-0.0718165,0.187318
27.79,8.8524,8.88004,-4.66226,-4.57635,2,1.99537,-1.39841,-1.37408,-2.6546,-2.68172,2.03891e-15,0.00579454,-0.0568857,-0.0581443,-0.0716627,-0.0782239,0.187031,0.185085,-0.0194085,-0.019026,0.0153975,0.00166031,-0.0287079,-0.0323382,8.8524,-4.66226,2,-0.0568857,-0.0716627,0.187031
27.8,8.83837,8.86634,-4.68878,-4.6029,2,1.99537,-1.40637,-1.38223,-2.6504,-2.67756,2.04716e-15,0.00572726,-0.0570796,-0.0583897,-0.0715085,-0.0780675,0.186744,0.1848,-0.0193548,-0.0189113,0.0154406,0.00167231,-0.0288761,-0.032512,8.83837,-4.68878,2,-0.0570796,-0.0715085,0.186744
27.81,8.82427,8.85256,-4.71527,-4.62942,2,1.99536,-1.41431,-1.39037,-2.64617,-2.67338,2.0666e-15,0.00566022,-0.0572728,-0.0586345,-0.0713539,-0.077909,0.186454,0.184513,-0.0193011,-0.0187949,0.0154835,0.00169019,-0.0290441,-0.0326859,8.82427,-4.71527,2,-0.0572728,-0.0713539,0.186454
27.82,8.81009,8.8387,-4.74171,-4.65589,2,1.99535,-1.42224,-1.3985,-2.64192,-2.66917,2.04188e-15,0.00559424,-0.0574656,-0.0588786,-0.0711989,-0.0777484,0.186163,0.184224,-0.0192474,-0.0186762,0.0155263,0.00171393,-0.0292118,-0.0328596,8.81009,-4.74171,2,-0.0574656,-0.0711989,0.186163
27.83,8.79583,8.82477,-4.76811,-4.68232,2,1.99534,-1.43015,-1.40661,-2.63764,-2.66494,2.01871e-15,0.00552888,-0.0576578,-0.059122,-0.0710434,-0.0775859,0.18587,0.183933,-0.0191936,-0.0185567,0.0155688,0.00174126,-0.0293792,-0.0330333,8.79583,-4.76811,2,-0.0576578,-0.0710434,0.18587
27.84,8.78148,8.81075,-4.79446,-4.70871,2,1.99533,-1.43806,-1.41472,-2.63334,-2.66068,2.00256e-15,0.00546442,-0.0578495,-0.0593647,-0.0708875,-0.0774213,0.185575,0.183641,-0.0191397,-0.0184349,0.0156111,0.00177421,-0.0295463,-0.0332069,8.78148,-4.79446,2,-0.0578495,-0.0708875,0.185575
27.85,8.76707,8.79665,-4.82077,-4.73504,2,1.99532,-1.44595,-1.42282,-2.62901,-2.6564,1.99394e-15,0.00539984,-0.0580406,-0.0596066,-0.0707312,-0.077255,0.185279,0.183347,-0.0190858,-0.0183119,0.0156533,0.00181114,-0.0297132,-0.0333804,8.76707,-4.82077,2,-0.0580406,-0.0707312,0.185279
27.86,8.75257,8.78248,-4.84704,-4.76134,2,1.9953,-1.45383,-1.4309,-2.62467,-2.65209,1.98637e-15,0.00533678,-0.0582312,-0.0598476,-0.0705744,-0.0770864,0.184981,0.18305,-0.0190319,-0.018187,0.0156952,0.00185422,-0.0298798,-0.0335539,8.75257,-4.84704,2,-0.0582312,-0.0705744,0.184981
27.87,8.73799,8.76823,-4.87327,-4.78759,2,1.99528,-1.46169,-1.43897,-2.62029,-2.64776,1.99849e-15,0.00527407,-0.0584212,-0.0600879,-0.0704173,-0.0769163,0.184681,0.182752,-0.0189779,-0.0180607,0.015737,0.00190054,-0.0300462,-0.0337273,8.73799,-4.87327,2,-0.0584212,-0.0704173,0.184681
27.88,8.72333,8.75391,-4.89945,-4.81378,2,1.99525,-1.46954,-1.44704,-2.6159,-2.6434,1.99921e-15,0.00521281,-0.0586107,-0.0603274,-0.0702597,-0.0767441,0.18438,0.182452,-0.0189239,-0.0179328,0.0157786,0.0019546,-0.0302122,-0.0339006,8.72333,-4.89945,2,-0.0586107,-0.0702597,0.18438
27.89,8.7086,8.7395,-4.92558,-4.83994,2,1.99523,-1.47738,-1.45509,-2.61148,-2.63901,2.00867e-15,0.0051519,-0.0587997,-0.0605659,-0.0701017,-0.07657,0.184077,0.18215,-0.0188698,-0.0178041,0.0158199,0.00201002,-0.030378,-0.034074,8.7086,-4.92558,2,-0.0587997,-0.0701017,0.184077
27.9,8.69378,8.72502,-4.95168,-4.86606,2,1.9952,-1.48521,-1.46312,-2.60704,-2.63461,2.00826e-15,0.00509264,-0.0589881,-0.0608035,-0.0699433,-0.0763944,0.183772,0.181846,-0.0188157,-0.0176742,0.0158611,0.00207216,-0.0305436,-0.0342473,8.69378,-4.95168,2,-0.0589881,-0.0699433,0.183772
27.91,8.67889,8.71046,-4.97772,-4.89212,2,1.99517,-1.49302,-1.47115,-2.60257,-2.63017,2.00779e-15,0.00503428,-0.059176,-0.06104,-0.0697845,-0.0762168,0.183466,0.181541,-0.0187616,-0.017542,0.0159021,0.00213848,-0.0307088,-0.0344206,8.67889,-4.97772,2,-0.059176,-0.0697845,0.183466
27.92,8.66392,8.69583,-5.00373,-4.91814,2,1.99513,-1.50081,-1.47916,-2.59808,-2.62571,2.01021e-15,0.00497626,-0.0593634,-0.0612757,-0.0696252,-0.0760373,0.183158,0.181233,-0.0187074,-0.0174092,0.0159429,0.00220987,-0.0308738,-0.0345938,8.66392,-5.00373,2,-0.0593634,-0.0696252,0.183158
27.93,8.64888,8.68111,-5.02969,-4.94411,2,1.9951,-1.5086,-1.48717,-2.59357,-2.62122,2.01315e-15,0.00491951,-0.0595502,-0.0615102,-0.0694656,-0.0758562,0.182849,0.180924,-0.0186532,-0.017274,0.0159836,0.00228575,-0.0310385,-0.0347671,8.64888,-5.02969,2,-0.0595502,-0.0694656,0.182849
27.94,8.63375,8.66632,-5.0556,-4.97004,2,1.99506,-1.51637,-1.49515,-2.58904,-2.61671,1.99701e-15,0.00486439,-0.0597364,-0.0617436,-0.0693056,-0.0756735,0.182537,0.180613,-0.0185989,-0.0171393,0.016024,0.00236696,-0.0312029,-0.0349403,8.63375,-5.0556,2,-0.0597364,-0.0693056,0.182537
27.95,8.61855,8.65146,-5.08147,-4.99591,2,1.99502,-1.52413,-1.50313,-2.58448,-2.61218,1.99189e-15,0.00480998,-0.0599221,-0.0619759,-0.0691451,-0.0754892,0.182225,0.180301,-0.0185446,-0.0170023,0.0160643,0.00245259,-0.0313671,-0.0351135,8.61855,-5.08147,2,-0.0599221,-0.0691451,0.182225
27.96,8.60327,8.63651,-5.10729,-5.02174,2,1.99497,-1.53187,-1.51109,-2.57989,-2.60762,1.97508e-15,0.00475694,-0.0601073,-0.0622071,-0.0689843,-0.075303,0.18191,0.179986,-0.0184903,-0.0168654,0.0161043,0.00254225,-0.0315309,-0.0352867,8.60327,-5.10729,2,-0.0601073,-0.0689843,0.18191
27.97,8.58791,8.6215,-5.13306,-5.04752,2,1.99493,-1.5396,-1.51904,-2.57529,-2.60303,1.95893e-15,0.00470449,-0.0602919,-0.0624371,-0.068823,-0.0751156,0.181594,0.17967,-0.018436,-0.0167268,0.0161442,0.00263625,-0.0316945,-0.0354599,8.58791,-5.13306,2,-0.0602919,-0.068823,0.181594
27.98,8.57248,8.6064,-5.15879,-5.07325,2,1.99488,-1.54732,-1.52697,-2.57066,-2.59842,1.9479e-15,0.00465305,-0.060476,-0.0626659,-0.0686614,-0.0749263,0.181276,0.179352,-0.0183816,-0.0165879,0.0161839,0.00273487,-0.0318578,-0.0356331,8.57248,-5.15879,2,-0.060476,-0.0686614,0.181276
27.99,8.55697,8.59122,-5.18448,-5.09894,2,1.99483,-1.55502,-1.53489,-2.56601,-2.59379,1.9653e-15,0.00460353,-0.0606596,-0.0628935,-0.0684994,-0.0747357,0.180957,0.179032,-0.0183271,-0.016448,0.0162234,0.00283708,-0.0320208,-0.0358063,8.55697,-5.18448,2,-0.0606596,-0.0684994,0.180957
28,8.54138,8.57597,-5.21011,-5.12457,2,1.99478,-1.56271,-1.5428,-2.56133,-2.58912,1.96628e-15,0.0045554,-0.0608426,-0.0631198,-0.0683369,-0.0745436,0.180636,0.17871,-0.0182727,-0.0163081,0.0162627,0.00294383,-0.0321835,-0.0359796,8.54138,-5.21011,2,-0.0608426,-0.0683369,0.180636
28.01,8.52571,8.56065,-5.2357,-5.15016,2,1.99472,-1.57038,-1.55069,-2.55664,-2.58444,1.96274e-15,0.00450662,-0.061025,-0.0633448,-0.0681741,-0.0743499,0.180313,0.178387,-0.0182182,-0.0161667,0.0163018,0.00305475,-0.032346,-0.0361529,8.52571,-5.2357,2,-0.061025,-0.0681741,0.180313
28.02,8.50997,8.54524,-5.26125,-5.17571,2,1.99466,-1.57804,-1.55857,-2.55191,-2.57972,1.96755e-15,0.00446065,-0.0612069,-0.0635685,-0.0680109,-0.074155,0.179989,0.178061,-0.0181637,-0.0160254,0.0163408,0.0031705,-0.0325081,-0.0363261,8.50997,-5.26125,2,-0.0612069,-0.0680109,0.179989
28.03,8.49415,8.52976,-5.28674,-5.2012,2,1.9946,-1.58569,-1.56643,-2.54717,-2.57499,1.98052e-15,0.00441578,-0.0613883,-0.0637909,-0.0678473,-0.0739586,0.179663,0.177735,-0.0181091,-0.0158827,0.0163795,0.00328994,-0.0326699,-0.0364994,8.49415,-5.28674,2,-0.0613883,-0.0678473,0.179663
28.04,8.47826,8.5142,-5.31219,-5.22664,2,1.99454,-1.59332,-1.57427,-2.5424,-2.57022,1.9815e-15,0.00437111,-0.0615691,-0.0640119,-0.0676833,-0.0737609,0.179335,0.177406,-0.0180545,-0.0157409,0.0164181,0.00341235,-0.0328315,-0.0366727,8.47826,-5.31219,2,-0.0615691,-0.0676833,0.179335
28.05,8.46229,8.49858,-5.33759,-5.25203,2,1.99448,-1.60094,-1.5821,-2.53762,-2.56544,1.98443e-15,0.0043285,-0.0617494,-0.0642314,-0.0675189,-0.073562,0.179006,0.177075,-0.0179999,-0.0155982,0.0164565,0.00353966,-0.0329927,-0.0368461,8.46229,-5.33759,2,-0.0617494,-0.0675189,0.179006
28.06,8.44624,8.48287,-5.36294,-5.27737,2,1.99442,-1.60854,-1.58992,-2.5328,-2.56062,1.98712e-15,0.00428711,-0.0619291,-0.0644496,-0.0673542,-0.073362,0.178676,0.176743,-0.0179453,-0.0154552,0.0164947,0.00367042,-0.0331537,-0.0370194,8.44624,-5.36294,2,-0.0619291,-0.0673542,0.178676
28.07,8.43011,8.46708,-5.38825,-5.30267,2,1.99435,-1.61613,-1.59772,-2.52797,-2.55579,1.9852e-15,0.00424726,-0.0621083,-0.0646664,-0.067189,-0.0731605,0.178343,0.176409,-0.0178906,-0.015312,0.0165327,0.0038044,-0.0333144,-0.0371929,8.43011,-5.38825,2,-0.0621083,-0.067189,0.178343
28.08,8.41391,8.45123,-5.4135,-5.32791,2,1.99429,-1.6237,-1.6055,-2.52311,-2.55092,1.99692e-15,0.00420734,-0.0622869,-0.0648817,-0.0670235,-0.0729577,0.178009,0.176074,-0.0178359,-0.0151686,0.0165706,0.00394126,-0.0334747,-0.0373663,8.41391,-5.4135,2,-0.0622869,-0.0670235,0.178009
28.09,8.39764,8.43529,-5.43871,-5.35311,2,1.99422,-1.63126,-1.61326,-2.51823,-2.54603,2.01617e-15,0.00417018,-0.062465,-0.0650956,-0.0668576,-0.0727539,0.177674,0.175736,-0.0177812,-0.0150261,0.0166082,0.00408216,-0.0336348,-0.0375398,8.39764,-5.43871,2,-0.062465,-0.0668576,0.177674
28.1,8.38129,8.41928,-5.46387,-5.37825,2,1.99415,-1.63881,-1.62101,-2.51333,-2.54112,2.01518e-15,0.0041326,-0.0626426,-0.065308,-0.0666914,-0.072549,0.177337,0.175397,-0.0177264,-0.0148832,0.0166457,0.0042275,-0.0337945,-0.0377133,8.38129,-5.46387,2,-0.0626426,-0.0666914,0.177337
28.11,8.36486,8.40319,-5.48897,-5.40335,2,1.99408,-1.64634,-1.62875,-2.5084,-2.53618,2.01073e-15,0.00409722,-0.0628195,-0.0655189,-0.0665247,-0.072343,0.176998,0.175057,-0.0176716,-0.0147401,0.016683,0.00437537,-0.033954,-0.0378868,8.36486,-5.48897,2,-0.0628195,-0.0665247,0.176998
28.12,8.34836,8.38703,-5.51403,-5.4284,2,1.994,-1.65385,-1.63646,-2.50345,-2.53122,2.01073e-15,0.00406252,-0.062996,-0.0657283,-0.0663577,-0.0721359,0.176657,0.174714,-0.0176168,-0.0145974,0.0167201,0.00452693,-0.0341131,-0.0380604,8.34836,-5.51403,2,-0.062996,-0.0663577,0.176657
28.13,8.33179,8.3708,-5.53904,-5.45338,2,1.99393,-1.66135,-1.64416,-2.49848,-2.52623,2.01068e-15,0.00402941,-0.0631719,-0.065936,-0.0661903,-0.0719277,0.176316,0.17437,-0.017562,-0.0144561,0.0167571,0.00468145,-0.034272,-0.0382339,8.33179,-5.53904,2,-0.0631719,-0.0661903,0.176316
28.14,8.31514,8.35448,-5.564,-5.47833,2,1.99386,-1.66884,-1.65184,-2.49349,-2.52121,2.00996e-15,0.00399721,-0.0633472,-0.0661423,-0.0660226,-0.0717185,0.175972,0.174024,-0.0175072,-0.0143138,0.0167938,0.00483766,-0.0344305,-0.0384076,8.31514,-5.564,2,-0.0633472,-0.0660226,0.175972
28.15,8.29841,8.33809,-5.58891,-5.50323,2,1.99378,-1.67631,-1.6595,-2.48847,-2.51617,2.01886e-15,0.00396532,-0.063522,-0.0663471,-0.0658544,-0.0715084,0.175627,0.173677,-0.0174523,-0.0141728,0.0168304,0.00499781,-0.0345887,-0.0385813,8.29841,-5.58891,2,-0.063522,-0.0658544,0.175627
28.16,8.28161,8.32163,-5.61377,-5.52807,2,1.99371,-1.68376,-1.66715,-2.48343,-2.51111,2.01845e-15,0.00393528,-0.0636963,-0.0665503,-0.065686,-0.0712973,0.17528,0.173328,-0.0173974,-0.0140318,0.0168668,0.00516068,-0.0347466,-0.038755,8.28161,-5.61377,2,-0.0636963,-0.065686,0.17528
28.17,8.26474,8.30509,-5.63858,-5.55287,2,1.99363,-1.6912,-1.67478,-2.47837,-2.50601,2.02134e-15,0.00390549,-0.06387,-0.066752,-0.0655171,-0.0710853,0.174932,0.172977,-0.0173425,-0.0138916,0.016903,0.00532536,-0.0349042,-0.0389288,8.26474,-5.63858,2,-0.06387,-0.0655171,0.174932
28.18,8.24779,8.28847,-5.66334,-5.57762,2,1.99355,-1.69863,-1.68239,-2.47329,-2.5009,2.03506e-15,0.00387727,-0.0640431,-0.066952,-0.0653479,-0.0708722,0.174582,0.172624,-0.0172875,-0.0137525,0.016939,0.00549377,-0.0350615,-0.0391025,8.24779,-5.66334,2,-0.0640431,-0.0653479,0.174582
28.19,8.23076,8.27178,-5.68805,-5.60231,2,1.99348,-1.70604,-1.68998,-2.46819,-2.49576,2.03257e-15,0.00385009,-0.0642157,-0.0671505,-0.0651783,-0.0706583,0.174231,0.17227,-0.0172325,-0.0136142,0.0169749,0.00566341,-0.0352185,-0.0392763,8.23076,-5.68805,2,-0.0642157,-0.0651783,0.174231
28.2,8.21367,8.25502,-5.7127,-5.62696,2,1.9934,-1.71343,-1.69755,-2.46306,-2.49059,2.04115e-15,0.00382365,-0.0643878,-0.0673476,-0.0650084,-0.0704437,0.173878,0.171914,-0.0171775,-0.0134763,0.0170106,0.00583609,-0.0353751,-0.0394502,8.21367,-5.7127,2,-0.0643878,-0.0650084,0.173878
28.21,8.19649,8.23818,-5.73731,-5.65154,2,1.99332,-1.72081,-1.7051,-2.45791,-2.4854,2.05761e-15,0.00379804,-0.0645593,-0.067543,-0.0648381,-0.070228,0.173523,0.171556,-0.0171225,-0.0133397,0.0170461,0.00601074,-0.0355314,-0.039624,8.19649,-5.73731,2,-0.0645593,-0.0648381,0.173523
28.22,8.17925,8.22127,-5.76186,-5.67609,2,1.99324,-1.72817,-1.71263,-2.45274,-2.48018,2.05689e-15,0.00377347,-0.0647302,-0.0677367,-0.0646675,-0.0700118,0.173167,0.171197,-0.0170675,-0.0132041,0.0170814,0.00618785,-0.0356875,-0.0397978,8.17925,-5.76186,2,-0.0647302,-0.0646675,0.173167
28.23,8.16193,8.20427,-5.78636,-5.70058,2,1.99316,-1.73552,-1.72015,-2.44755,-2.47494,2.0454e-15,0.00374919,-0.0649006,-0.067929,-0.0644965,-0.0697944,0.17281,0.170836,-0.0170125,-0.0130686,0.0171166,0.0063663,-0.0358431,-0.0399718,8.16193,-5.78636,2,-0.0649006,-0.0644965,0.17281
28.24,8.14454,8.18721,-5.81081,-5.72502,2,1.99309,-1.74285,-1.72764,-2.44233,-2.46967,2.03038e-15,0.00372626,-0.0650705,-0.0681197,-0.0643251,-0.0695764,0.17245,0.170474,-0.0169574,-0.0129362,0.0171516,0.00654709,-0.0359985,-0.0401456,8.14454,-5.81081,2,-0.0650705,-0.0643251,0.17245
28.25,8.12707,8.17007,-5.83521,-5.74942,2,1.99301,-1.75017,-1.73512,-2.43709,-2.46438,2.01932e-15,0.00370328,-0.0652398,-0.0683088,-0.0641535,-0.0693574,0.17209,0.170109,-0.0169023,-0.0128035,0.0171864,0.00672872,-0.0361536,-0.0403196,8.12707,-5.83521,2,-0.0652398,-0.0641535,0.17209
28.26,8.10954,8.15286,-5.85955,-5.77376,2,1.99293,-1.75747,-1.74258,-2.43183,-2.45906,2.00801e-15,0.0036819,-0.0654085,-0.0684965,-0.0639814,-0.0691377,0.171727,0.169744,-0.0168472,-0.0126726,0.017221,0.0069132,-0.0363083,-0.0404935,8.10954,-5.85955,2,-0.0654085,-0.0639814,0.171727
28.27,8.09192,8.13557,-5.88385,-5.79805,2,1.99286,-1.76476,-1.75001,-2.42655,-2.45372,1.97337e-15,0.00366059,-0.0655767,-0.0686826,-0.063809,-0.0689173,0.171363,0.169376,-0.0167921,-0.0125431,0.0172554,0.00709915,-0.0364627,-0.0406674,8.09192,-5.88385,2,-0.0655767,-0.063809,0.171363
28.28,8.07424,8.11821,-5.90809,-5.82229,2,1.99278,-1.77203,-1.75743,-2.42125,-2.44835,1.96378e-15,0.0036404,-0.0657444,-0.0688671,-0.0636363,-0.0686959,0.170998,0.169007,-0.016737,-0.0124143,0.0172897,0.00728469,-0.0366167,-0.0408413,8.07424,-5.90809,2,-0.0657444,-0.0636363,0.170998
28.29,8.05648,8.10076,-5.93227,-5.84648,2,1.99271,-1.77928,-1.76482,-2.41593,-2.44296,1.97066e-15,0.00361961,-0.0659114,-0.0690501,-0.0634632,-0.0684738,0.170631,0.168636,-0.0166818,-0.0122872,0.0173238,0.00747308,-0.0367705,-0.0410152,8.05648,-5.93227,2,-0.0659114,-0.0634632,0.170631
28.3,8.03866,8.08326,-5.9564,-5.87061,2,1.99263,-1.78652,-1.77219,-2.41058,-2.43754,1.97138e-15,0.00360067,-0.066078,-0.0692315,-0.0632898,-0.0682511,0.170263,0.168264,-0.0166266,-0.0121614,0.0173578,0.00766237,-0.0369239,-0.0411891,8.03866,-5.9564,2,-0.066078,-0.0632898,0.170263
28.31,8.02075,8.06567,-5.98048,-5.8947,2,1.99256,-1.79374,-1.77954,-2.40521,-2.4321,1.96318e-15,0.00358112,-0.066244,-0.0694115,-0.0631161,-0.0680275,0.169893,0.16789,-0.0165715,-0.012037,0.0173915,0.0078517,-0.0370769,-0.0413629,8.02075,-5.98048,2,-0.066244,-0.0631161,0.169893
28.32,8.00278,8.04801,-6.00451,-5.91873,2,1.99249,-1.80094,-1.78687,-2.39982,-2.42663,1.96188e-15,0.00356215,-0.0664094,-0.0695901,-0.062942,-0.067803,0.169521,0.167514,-0.0165163,-0.0119147,0.0174251,0.00804409,-0.0372297,-0.0415367,8.00278,-6.00451,2,-0.0664094,-0.062942,0.169521
28.33,7.98474,8.03028,-6.02848,-5.94272,2,1.99242,-1.80813,-1.79418,-2.39441,-2.42113,1.94844e-15,0.00354399,-0.0665743,-0.0697671,-0.0627676,-0.0675778,0.169148,0.167137,-0.0164611,-0.011793,0.0174585,0.00823659,-0.0373821,-0.0417105,7.98474,-6.02848,2,-0.0665743,-0.0627676,0.169148
28.34,7.96662,8.01247,-6.0524,-5.96665,2,1.99235,-1.8153,-1.80147,-2.38898,-2.41561,1.94642e-15,0.00352599,-0.0667386,-0.0699429,-0.0625928,-0.0673517,0.168773,0.166758,-0.0164058,-0.0116735,0.0174918,0.00842843,-0.0375341,-0.0418843,7.96662,-6.0524,2,-0.0667386,-0.0625928,0.168773
28.35,7.94843,7.99459,-6.07626,-5.99054,2,1.99228,-1.82246,-1.80874,-2.38352,-2.41007,1.94051e-15,0.003508,-0.0669024,-0.0701173,-0.0624178,-0.0671249,0.168397,0.166378,-0.0163506,-0.0115552,0.0175248,0.00862147,-0.0376859,-0.042058,7.94843,-6.07626,2,-0.0669024,-0.0624178,0.168397
28.36,7.93017,7.97663,-6.10007,-6.01437,2,1.99221,-1.8296,-1.81598,-2.37805,-2.4045,1.94424e-15,0.00349005,-0.0670657,-0.07029,-0.0622423,-0.0668971,0.16802,0.165996,-0.0162953,-0.0114393,0.0175577,0.00881605,-0.0378373,-0.0422316,7.93017,-6.10007,2,-0.0670657,-0.0622423,0.16802
28.37,7.91184,7.9586,-6.12382,-6.03815,2,1.99215,-1.83672,-1.8232,-2.37255,-2.3989,1.95219e-15,0.00347258,-0.0672283,-0.0704615,-0.0620666,-0.0666687,0.167641,0.165612,-0.0162401,-0.0113242,0.0175905,0.00901074,-0.0379883,-0.0424051,7.91184,-6.12382,2,-0.0672283,-0.0620666,0.167641
28.38,7.89343,7.9405,-6.14752,-6.06188,2,1.99208,-1.84383,-1.8304,-2.36703,-2.39329,1.94878e-15,0.00345464,-0.0673905,-0.0706315,-0.0618905,-0.0664393,0.16726,0.165227,-0.0161848,-0.0112119,0.0176231,0.00920471,-0.038139,-0.0425786,7.89343,-6.14752,2,-0.0673905,-0.0618905,0.16726
28.39,7.87496,7.92232,-6.17116,-6.08556,2,1.99202,-1.85092,-1.83758,-2.36149,-2.38764,1.94292e-15,0.00343798,-0.067552,-0.0708004,-0.0617141,-0.066209,0.166878,0.16484,-0.0161295,-0.0111006,0.0176554,0.00939922,-0.0382894,-0.042752,7.87496,-6.17116,2,-0.067552,-0.0617141,0.166878
28.4,7.85642,7.90407,-6.19475,-6.10919,2,1.99196,-1.858,-1.84474,-2.35593,-2.38197,1.95638e-15,0.00341943,-0.067713,-0.070968,-0.0615374,-0.0659779,0.166494,0.164451,-0.0160742,-0.0109911,0.0176877,0.00959401,-0.0384394,-0.0429253,7.85642,-6.19475,2,-0.067713,-0.0615374,0.166494
28.41,7.8378,7.88574,-6.21828,-6.13277,2,1.99191,-1.86505,-1.85187,-2.35035,-2.37628,1.96211e-15,0.00340201,-0.0678735,-0.0711343,-0.0613604,-0.0657457,0.166109,0.164061,-0.0160189,-0.0108838,0.0177197,0.00978827,-0.0385891,-0.0430985,7.8378,-6.21828,2,-0.0678735,-0.0613604,0.166109
28.42,7.81911,7.86735,-6.24175,-6.15629,2,1.99185,-1.87209,-1.85897,-2.34475,-2.37056,1.95411e-15,0.00338368,-0.0680334,-0.0712993,-0.061183,-0.0655126,0.165722,0.16367,-0.0159636,-0.0107778,0.0177516,0.00998407,-0.0387384,-0.0432716,7.81911,-6.24175,2,-0.0680334,-0.061183,0.165722
28.43,7.80036,7.84888,-6.26517,-6.17977,2,1.9918,-1.87912,-1.86606,-2.33912,-2.36482,1.94289e-15,0.00336535,-0.0681928,-0.0714631,-0.0610054,-0.0652785,0.165334,0.163276,-0.0159083,-0.0106734,0.0177834,0.0101787,-0.0388874,-0.0434445,7.80036,-6.26517,2,-0.0681928,-0.0610054,0.165334
28.44,7.78153,7.83033,-6.28854,-6.20319,2,1.99175,-1.88612,-1.87312,-2.33348,-2.35905,1.94321e-15,0.00334746,-0.0683516,-0.0716258,-0.0608274,-0.0650435,0.164945,0.162882,-0.015853,-0.010571,0.0178149,0.0103725,-0.039036,-0.0436174,7.78153,-6.28854,2,-0.0683516,-0.0608274,0.164945
28.45,7.76264,7.81172,-6.31184,-6.22656,2,1.9917,-1.89311,-1.88016,-2.32781,-2.35325,1.94025e-15,0.00332808,-0.0685098,-0.0717872,-0.0606491,-0.0648071,0.164554,0.162485,-0.0157976,-0.0104709,0.0178463,0.0105669,-0.0391843,-0.04379,7.76264,-6.31184,2,-0.0685098,-0.0606491,0.164554
28.46,7.74367,7.79303,-6.33509,-6.24988,2,1.99166,-1.90009,-1.88717,-2.32212,-2.34744,1.94025e-15,0.00330944,-0.0686675,-0.0719476,-0.0604704,-0.06457,0.164161,0.162087,-0.0157423,-0.010372,0.0178775,0.0107605,-0.0393322,-0.0439625,7.74367,-6.33509,2,-0.0686675,-0.0604704,0.164161
28.47,7.72463,7.77427,-6.35828,-6.27315,2,1.99162,-1.90704,-1.89416,-2.31641,-2.34159,1.9356e-15,0.00328998,-0.0688247,-0.0721069,-0.0602915,-0.0643316,0.163767,0.161688,-0.0156869,-0.0102753,0.0179086,0.0109533,-0.0394797,-0.0441349,7.72463,-6.35828,2,-0.0688247,-0.0602915,0.163767
28.48,7.70553,7.75543,-6.38142,-6.29637,2,1.99158,-1.91398,-1.90112,-2.31068,-2.33573,1.93319e-15,0.00326952,-0.0689813,-0.0722652,-0.0601123,-0.0640922,0.163371,0.161287,-0.0156316,-0.0101802,0.0179395,0.0111448,-0.039627,-0.044307,7.70553,-6.38142,2,-0.0689813,-0.0601123,0.163371
28.49,7.68636,7.73653,-6.4045,-6.31953,2,1.99154,-1.9209,-1.90806,-2.30493,-2.32983,1.95287e-15,0.00325002,-0.0691373,-0.0724225,-0.0599327,-0.0638514,0.162974,0.160884,-0.0155762,-0.0100869,0.0179702,0.0113363,-0.0397738,-0.044479,7.68636,-6.4045,2,-0.0691373,-0.0599327,0.162974
28.5,7.66711,7.71755,-6.42752,-6.34265,2,1.99151,-1.92781,-1.91498,-2.29916,-2.32392,1.94771e-15,0.00322893,-0.0692928,-0.0725788,-0.0597529,-0.0636094,0.162576,0.16048,-0.0155208,-0.00999529,0.0180008,0.0115273,-0.0399203,-0.0446508,7.66711,-6.42752,2,-0.0692928,-0.0597529,0.162576
28.51,7.6478,7.6985,-6.45048,-6.36571,2,1.99148,-1.93469,-1.92187,-2.29337,-2.31798,1.94062e-15,0.00320727,-0.0694477,-0.0727342,-0.0595727,-0.0633664,0.162176,0.160074,-0.0154655,-0.00990587,0.0180312,0.0117179,-0.0400665,-0.0448223,7.6478,-6.45048,2,-0.0694477,-0.0595727,0.162176
28.52,7.62842,7.67938,-6.47339,-6.38871,2,1.99145,-1.94156,-1.92873,-2.28756,-2.31201,1.94062e-15,0.0031846,-0.0696021,-0.0728886,-0.0593922,-0.0631217,0.161775,0.159667,-0.0154101,-0.00981802,0.0180614,0.0119075,-0.0402122,-0.0449936,7.62842,-6.47339,2,-0.0696021,-0.0593922,0.161775
28.53,7.60897,7.66018,-6.49623,-6.41167,2,1.99143,-1.94841,-1.93557,-2.28173,-2.30603,1.9407e-15,0.0031621,-0.0697559,-0.0730422,-0.0592115,-0.0628759,0.161372,0.159258,-0.0153547,-0.00973196,0.0180915,0.0120964,-0.0403576,-0.0451647,7.60897,-6.49623,2,-0.0697559,-0.0592115,0.161372
28.54,7.58945,7.64092,-6.51902,-6.43457,2,1.99141,-1.95525,-1.94238,-2.27588,-2.30001,1.96542e-15,0.00313826,-0.0699092,-0.0731951,-0.0590304,-0.0626287,0.160967,0.158847,-0.0152993,-0.00964683,0.0181214,0.0122835,-0.0405027,-0.0453355,7.58945,-6.51902,2,-0.0699092,-0.0590304,0.160967
28.55,7.56986,7.62158,-6.54175,-6.45742,2,1.99139,-1.96206,-1.94917,-2.27,-2.29397,1.98651e-15,0.00311303,-0.0700619,-0.073347,-0.058849,-0.06238,0.160562,0.158436,-0.0152439,-0.00956491,0.0181512,0.0124707,-0.0406474,-0.0455061,7.56986,-6.54175,2,-0.0700619,-0.058849,0.160562
28.56,7.55021,7.60218,-6.56442,-6.48022,2,1.99138,-1.96886,-1.95593,-2.26411,-2.28791,1.98651e-15,0.00308837,-0.0702141,-0.0734982,-0.0586674,-0.0621295,0.160154,0.158022,-0.0151885,-0.0094835,0.0181808,0.0126564,-0.0407917,-0.0456763,7.55021,-6.56442,2,-0.0702141,-0.0586674,0.160154
28.57,7.53049,7.5827,-6.58703,-6.50296,2,1.99137,-1.97564,-1.96266,-2.2582,-2.28183,1.98916e-15,0.00306171,-0.0703657,-0.0736488,-0.0584854,-0.061878,0.159746,0.157607,-0.0151331,-0.00940394,0.0182102,0.0128416,-0.0409357,-0.0458463,7.53049,-6.58703,2,-0.0703657,-0.0584854,0.159746
28.58,7.5107,7.56315,-6.60958,-6.52566,2,1.99136,-1.98241,-1.96937,-2.25226,-2.27572,1.97816e-15,0.0030345,-0.0705168,-0.0737987,-0.0583032,-0.0616243,0.159336,0.157191,-0.0150777,-0.009327,0.0182395,0.0130248,-0.0410792,-0.046016,7.5107,-6.60958,2,-0.0705168,-0.0583032,0.159336
28.59,7.49084,7.54353,-6.63208,-6.54829,2,1.99136,-1.98915,-1.97605,-2.24631,-2.26959,1.95654e-15,0.0030071,-0.0706673,-0.0739479,-0.0581206,-0.0613694,0.158924,0.156773,-0.0150223,-0.00925067,0.0182686,0.0132072,-0.0412225,-0.0461853,7.49084,-6.63208,2,-0.0706673,-0.0581206,0.158924
28.6,7.47091,7.52384,-6.65451,-6.57088,2,1.99136,-1.99588,-1.98271,-2.24033,-2.26343,1.95582e-15,0.00297761,-0.0708172,-0.0740965,-0.0579378,-0.0611126,0.158511,0.156353,-0.0149669,-0.00917535,0.0182976,0.0133886,-0.0413653,-0.0463543,7.47091,-6.65451,2,-0.0708172,-0.0579378,0.158511
28.61,7.45092,7.50408,-6.67688,-6.59341,2,1.99136,-2.00259,-1.98934,-2.23434,-2.25725,1.96672e-15,0.00294752,-0.0709666,-0.0742446,-0.0577547,-0.060854,0.158097,0.155932,-0.0149115,-0.00910335,0.0183264,0.0135701,-0.0415078,-0.046523,7.45092,-6.67688,2,-0.0709666,-0.0577547,0.158097
28.62,7.43086,7.48425,-6.6992,-6.61589,2,1.99137,-2.00928,-1.99594,-2.22832,-2.25105,1.97972e-15,0.00291628,-0.0711154,-0.0743923,-0.0575713,-0.0605938,0.157681,0.15551,-0.0148561,-0.00903214,0.018355,0.0137493,-0.0416499,-0.0466913,7.43086,-6.6992,2,-0.0711154,-0.0575713,0.157681
28.63,7.41073,7.46436,-6.72145,-6.6383,2,1.99138,-2.01596,-2.00251,-2.22229,-2.24482,1.98436e-15,0.00288497,-0.0712637,-0.0745393,-0.0573876,-0.0603316,0.157264,0.155086,-0.0148007,-0.00896243,0.0183835,0.0139275,-0.0417916,-0.0468592,7.41073,-6.72145,2,-0.0712637,-0.0573876,0.157264
28.64,7.39054,7.44439,-6.74364,-6.66067,2,1.9914,-2.02261,-2.00905,-2.21623,-2.23857,1.97579e-15,0.00285159,-0.0714114,-0.0746859,-0.0572036,-0.0600676,0.156845,0.15466,-0.0147453,-0.00889404,0.0184118,0.014105,-0.041933,-0.0470268,7.39054,-6.74364,2,-0.0714114,-0.0572036,0.156845
28.65,7.37028,7.42436,-6.76578,-6.68298,2,1.99142,-2.02925,-2.01557,-2.21016,-2.2323,1.95987e-15,0.00281721,-0.0715586,-0.0748323,-0.0570194,-0.0598015,0.156425,0.154233,-0.0146899,-0.00882673,0.01844,0.0142815,-0.0420739,-0.0471939,7.37028,-6.76578,2,-0.0715586,-0.0570194,0.156425
28.66,7.34996,7.40425,-6.78785,-6.70524,2,1.99144,-2.03587,-2.02205,-2.20406,-2.226,1.97943e-15,0.00278185,-0.0717052,-0.0749781,-0.0568348,-0.0595336,0.156004,0.153804,-0.0146345,-0.00876156,0.018468,0.0144569,-0.0422145,-0.0473606,7.34996,-6.78785,2,-0.0717052,-0.0568348,0.156004
28.67,7.32957,7.38407,-6.80986,-6.72744,2,1.99147,-2.04247,-2.02851,-2.19795,-2.21968,1.99419e-15,0.0027452,-0.0718513,-0.0751237,-0.05665,-0.0592633,0.155581,0.153374,-0.0145791,-0.00869806,0.0184959,0.0146315,-0.0423547,-0.0475269,7.32957,-6.80986,2,-0.0718513,-0.05665,0.155581
28.68,7.30911,7.36383,-6.83181,-6.74958,2,1.9915,-2.04906,-2.03494,-2.19181,-2.21334,1.99248e-15,0.00270741,-0.0719968,-0.0752689,-0.0564649,-0.0589909,0.155157,0.152943,-0.0145237,-0.00863476,0.0185236,0.0148042,-0.0424946,-0.0476928,7.30911,-6.83181,2,-0.0719968,-0.0564649,0.155157
28.69,7.28858,7.34352,-6.85369,-6.77167,2,1.99153,-2.05562,-2.04135,-2.18566,-2.20697,1.99563e-15,0.00266846,-0.0721418,-0.075414,-0.0562795,-0.0587166,0.154731,0.15251,-0.0144683,-0.00857339,0.0185511,0.014977,-0.042634,-0.0478581,7.28858,-6.85369,2,-0.0721418,-0.0562795,0.154731
28.7,7.26799,7.32314,-6.87552,-6.7937,2,1.99157,-2.06217,-2.04772,-2.17948,-2.20058,1.97809e-15,0.00262851,-0.0722862,-0.0755588,-0.0560939,-0.0584398,0.154304,0.152076,-0.0144129,-0.00851328,0.0185785,0.0151484,-0.0427731,-0.0480231,7.26799,-6.87552,2,-0.0722862,-0.0560939,0.154304
28.71,7.24734,7.3027,-6.89728,-6.81567,2,1.99161,-2.06869,-2.05406,-2.17329,-2.19417,1.96863e-15,0.0025872,-0.07243,-0.0757034,-0.055908,-0.058161,0.153876,0.15164,-0.0143575,-0.00845427,0.0186058,0.01532,-0.0429118,-0.0481875,7.24734,-6.89728,2,-0.07243,-0.055908,0.153876
28.72,7.22662,7.28219,-6.91898,-6.83759,2,1.99166,-2.0752,-2.06037,-2.16708,-2.18774,1.97105e-15,0.00254466,-0.0725733,-0.0758478,-0.0557218,-0.0578799,0.153446,0.151203,-0.0143021,-0.00839628,0.0186329,0.0154896,-0.0430501,-0.0483514,7.22662,-6.91898,2,-0.0725733,-0.0557218,0.153446
28.73,7.20584,7.26161,-6.94062,-6.85946,2,1.99171,-2.08169,-2.06666,-2.16084,-2.18128,1.97199e-15,0.0025014,-0.0727161,-0.0759923,-0.0555353,-0.0575963,0.153015,0.150764,-0.0142467,-0.00833955,0.0186598,0.0156589,-0.043188,-0.0485149,7.20584,-6.94062,2,-0.0727161,-0.0555353,0.153015
28.74,7.18499,7.24097,-6.9622,-6.88126,2,1.99176,-2.08816,-2.07291,-2.15459,-2.17481,1.96441e-15,0.00245678,-0.0728583,-0.0761365,-0.0553486,-0.0573102,0.152582,0.150324,-0.0141913,-0.00828464,0.0186866,0.0158279,-0.0433255,-0.0486778,7.18499,-6.9622,2,-0.0728583,-0.0553486,0.152582
28.75,7.16407,7.22026,-6.98372,-6.903,2,1.99182,-2.09462,-2.07913,-2.14832,-2.1683,1.97644e-15,0.00241068,-0.0729999,-0.0762807,-0.0551616,-0.0570218,0.152148,0.149882,-0.0141359,-0.00822982,0.0187132,0.0159954,-0.0434626,-0.0488402,7.16407,-6.98372,2,-0.0729999,-0.0551616,0.152148
28.76,7.1431,7.19948,-7.00517,-6.92469,2,1.99188,-2.10105,-2.08533,-2.14203,-2.16178,1.97644e-15,0.00236358,-0.073141,-0.076425,-0.0549743,-0.0567307,0.151713,0.149439,-0.0140805,-0.00817636,0.0187397,0.0161635,-0.0435994,-0.049002,7.1431,-7.00517,2,-0.073141,-0.0549743,0.151713
28.77,7.12205,7.17864,-7.02656,-6.94631,2,1.99195,-2.10746,-2.09149,-2.13572,-2.15524,1.97926e-15,0.00231564,-0.0732815,-0.0765691,-0.0547868,-0.0564375,0.151276,0.148995,-0.0140252,-0.00812394,0.018766,0.0163307,-0.0437357,-0.0491633,7.12205,-7.02656,2,-0.0732815,-0.0547868,0.151276
28.78,7.10095,7.15773,-7.04788,-6.96787,2,1.99201,-2.11386,-2.09762,-2.12939,-2.14867,1.9937e-15,0.00226682,-0.0734215,-0.0767133,-0.054599,-0.0561412,0.150838,0.148549,-0.0139698,-0.00807248,0.0187922,0.0164979,-0.0438717,-0.049324,7.10095,-7.04788,2,-0.0734215,-0.054599,0.150838
28.79,7.07978,7.13675,-7.06914,-6.98938,2,1.99208,-2.12024,-2.10372,-2.12304,-2.14209,2.00188e-15,0.0022167,-0.0735609,-0.0768577,-0.0544109,-0.0558426,0.150399,0.148102,-0.0139144,-0.00802236,0.0188182,0.0166641,-0.0440072,-0.0494841,7.07978,-7.06914,2,-0.0735609,-0.0544109,0.150399
28.8,7.05854,7.11572,-7.09034,-7.01082,2,1.99216,-2.1266,-2.10979,-2.11668,-2.13548,2.00246e-15,0.00216499,-0.0736998,-0.077002,-0.0542226,-0.0555411,0.149958,0.147653,-0.0138591,-0.0079729,0.0188441,0.016831,-0.0441424,-0.0496436,7.05854,-7.09034,2,-0.0736998,-0.0542226,0.149958
28.81,7.03724,7.09462,-7.11148,-7.03221,2,1.99224,-2.13293,-2.11582,-2.11029,-2.12885,2.00719e-15,0.00211218,-0.0738381,-0.0771465,-0.054034,-0.0552369,0.149516,0.147203,-0.0138037,-0.00792385,0.0188698,0.016997,-0.0442771,-0.0498025,7.03724,-7.11148,2,-0.0738381,-0.054034,0.149516
28.82,7.01588,7.07346,-7.13255,-7.05353,2,1.99232,-2.13925,-2.12183,-2.10388,-2.1222,2.00791e-15,0.00205868,-0.0739759,-0.0772911,-0.0538452,-0.0549301,0.149072,0.146752,-0.0137484,-0.00787577,0.0188954,0.0171639,-0.0444115,-0.0499608,7.01588,-7.13255,2,-0.0739759,-0.0538452,0.149072
28.83,6.99446,7.05223,-7.15355,-7.0748,2,1.9924,-2.14555,-2.1278,-2.09746,-2.11552,2.01737e-15,0.00200403,-0.0741131,-0.077436,-0.0536561,-0.0546205,0.148628,0.146299,-0.0136931,-0.00782875,0.0189208,0.0173305,-0.0445455,-0.0501185,6.99446,-7.15355,2,-0.0741131,-0.0536561,0.148628
28.84,6.97297,7.03093,-7.1745,-7.096,2,1.99249,-2.15184,-2.13374,-2.09102,-2.10883,2.01696e-15,0.00194871,-0.0742497,-0.077581,-0.0534668,-0.054308,0.148182,0.145845,-0.0136377,-0.00778244,0.0189461,0.0174972,-0.044679,-0.0502756,6.97297,-7.1745,2,-0.0742497,-0.0534668,0.148182
28.85,6.95142,7.00958,-7.19537,-7.11713,2,1.99258,-2.1581,-2.13965,-2.08455,-2.10211,2.01576e-15,0.00189209,-0.0743858,-0.0777261,-0.0532772,-0.0539926,0.147734,0.145389,-0.0135824,-0.00773731,0.0189712,0.0176649,-0.0448122,-0.050432,6.95142,-7.19537,2,-0.0743858,-0.0532772,0.147734
28.86,6.92981,6.98817,-7.21619,-7.13821,2,1.99267,-2.16434,-2.14552,-2.07807,-2.09538,2.02191e-15,0.00183509,-0.0745214,-0.0778715,-0.0530874,-0.0536744,0.147285,0.144932,-0.0135271,-0.00769236,0.0189962,0.0178325,-0.0449449,-0.0505877,6.92981,-7.21619,2,-0.0745214,-0.0530874,0.147285
28.87,6.90813,6.96668,-7.23694,-7.15922,2,1.99277,-2.17056,-2.15136,-2.07157,-2.08862,2.03266e-15,0.00177681,-0.0746564,-0.0780171,-0.0528973,-0.0533534,0.146835,0.144474,-0.0134718,-0.00764734,0.0190211,0.0180012,-0.0450773,-0.0507428,6.90813,-7.23694,2,-0.0746564,-0.0528973,0.146835
28.88,6.8864,6.94515,-7.25762,-7.18016,2,1.99286,-2.17677,-2.15717,-2.06506,-2.08184,2.03365e-15,0.00171755,-0.0747908,-0.078163,-0.052707,-0.0530293,0.146384,0.144014,-0.0134165,-0.00760395,0.0190458,0.0181697,-0.0452092,-0.0508972,6.8864,-7.25762,2,-0.0747908,-0.052707,0.146384
28.89,6.8646,6.92354,-7.27824,-7.20104,2,1.99296,-2.18295,-2.16295,-2.05852,-2.07504,2.03811e-15,0.00165799,-0.0749247,-0.0783091,-0.0525164,-0.0527023,0.145931,0.143553,-0.0133612,-0.00756062,0.0190703,0.0183397,-0.0453408,-0.0510509,6.8646,-7.27824,2,-0.0749247,-0.0525164,0.145931
28.9,6.84274,6.90188,-7.29879,-7.22186,2,1.99307,-2.18911,-2.16869,-2.05197,-2.06822,2.03811e-15,0.00159743,-0.075058,-0.0784556,-0.0523256,-0.0523724,0.145477,0.14309,-0.0133059,-0.00751767,0.0190947,0.0185103,-0.0454719,-0.051204,6.84274,-7.29879,2,-0.075058,-0.0523256,0.145477
28.91,6.82082,6.88016,-7.31928,-7.24261,2,1.99317,-2.19526,-2.17439,-2.04539,-2.06139,2.03811e-15,0.00153634,-0.0751908,-0.0786022,-0.0521345,-0.0520395,0.145022,0.142626,-0.0132506,-0.00747587,0.019119,0.0186823,-0.0456026,-0.0513563,6.82082,-7.31928,2,-0.0751908,-0.0521345,0.145022
28.92,6.79883,6.85838,-7.3397,-7.2633,2,1.99328,-2.20138,-2.18007,-2.0388,-2.05452,2.03811e-15,0.00147463,-0.075323,-0.0787492,-0.0519432,-0.0517035,0.144565,0.142161,-0.0131954,-0.00743394,0.0191431,0.0188561,-0.045733,-0.0515079,6.79883,-7.3397,2,-0.075323,-0.0519432,0.144565
28.93,6.77679,6.83653,-7.36005,-7.28392,2,1.99339,-2.20749,-2.1857,-2.03219,-2.04764,2.03732e-15,0.00141178,-0.0754547,-0.0788964,-0.0517516,-0.0513645,0.144107,0.141694,-0.0131401,-0.00739363,0.0191671,0.0190301,-0.0458629,-0.0516589,6.77679,-7.36005,2,-0.0754547,-0.0517516,0.144107
28.94,6.75468,6.81463,-7.38034,-7.30446,2,1.9935,-2.21357,-2.19131,-2.02556,-2.04075,2.0383e-15,0.00134952,-0.0755858,-0.079044,-0.0515598,-0.0510224,0.143648,0.141227,-0.0130849,-0.00735246,0.0191909,0.019206,-0.0459924,-0.0518091,6.75468,-7.38034,2,-0.0755858,-0.0515598,0.143648
28.95,6.73252,6.79267,-7.40056,-7.32495,2,1.99361,-2.21964,-2.19688,-2.01891,-2.03383,2.04276e-15,0.0012857,-0.0757164,-0.079192,-0.0513678,-0.0506775,0.143187,0.140757,-0.0130297,-0.00731258,0.0192146,0.019384,-0.0461214,-0.0519586,6.73252,-7.40056,2,-0.0757164,-0.0513678,0.143187
28.96,6.71029,6.77065,-7.42072,-7.34536,2,1.99372,-2.22568,-2.20241,-2.01225,-2.02689,2.04276e-15,0.00122231,-0.0758464,-0.0793401,-0.0511755,-0.0503294,0.142725,0.140287,-0.0129744,-0.00727246,0.0192382,0.019563,-0.0462501,-0.0521073,6.71029,-7.42072,2,-0.0758464,-0.0511755,0.142725
28.97,6.688,6.74858,-7.44081,-7.36571,2,1.99384,-2.23171,-2.20791,-2.00557,-2.01993,2.04202e-15,0.00115822,-0.0759759,-0.0794888,-0.050983,-0.0499783,0.142262,0.139815,-0.0129192,-0.00723286,0.0192616,0.0197444,-0.0463783,-0.0522554,6.688,-7.44081,2,-0.0759759,-0.050983,0.142262
28.98,6.66566,6.72644,-7.46083,-7.38599,2,1.99395,-2.23772,-2.21337,-1.99887,-2.01295,2.04372e-15,0.0010938,-0.0761048,-0.0796375,-0.0507903,-0.049624,0.141798,0.139341,-0.012864,-0.0071939,0.0192849,0.0199268,-0.0465062,-0.0524027,6.66566,-7.46083,2,-0.0761048,-0.0507903,0.141798
28.99,6.64325,6.70425,-7.48079,-7.4062,2,1.99407,-2.2437,-2.2188,-1.99215,-2.00595,2.04129e-15,0.0010289,-0.0762332,-0.0797867,-0.0505973,-0.0492668,0.141332,0.138866,-0.0128088,-0.00715514,0.019308,0.020112,-0.0466336,-0.0525492,6.64325,-7.48079,2,-0.0762332,-0.0505973,0.141332
29,6.62078,6.682,-7.50067,-7.42634,2,1.99419,-2.24967,-2.22419,-1.98541,-1.99893,2.0551e-15,0.000964448,-0.076361,-0.0799363,-0.0504041,-0.0489063,0.140865,0.13839,-0.0127537,-0.00711697,0.019331,0.0202995,-0.0467606,-0.052695,6.62078,-7.50067,2,-0.076361,-0.0504041,0.140865
29.01,6.59826,6.65969,-7.52049,-7.4464,2,1.99431,-2.25561,-2.22954,-1.97865,-1.99189,2.05741e-15,0.000899643,-0.0764883,-0.080086,-0.0502107,-0.0485431,0.140397,0.137913,-0.0126985,-0.00707833,0.0193538,0.0204889,-0.0468871,-0.0528401,6.59826,-7.52049,2,-0.0764883,-0.0502107,0.140397
29.02,6.57567,6.63733,-7.54025,-7.4664,2,1.99442,-2.26153,-2.23486,-1.97188,-1.98483,2.05741e-15,0.000835076,-0.076615,-0.0802363,-0.0500171,-0.0481767,0.139927,0.137434,-0.0126433,-0.0070404,0.0193765,0.0206809,-0.0470133,-0.0529845,6.57567,-7.54025,2,-0.076615,-0.0500171,0.139927
29.03,6.55303,6.61491,-7.55993,-7.48633,2,1.99454,-2.26744,-2.24014,-1.96509,-1.97775,2.05941e-15,0.000771105,-0.0767411,-0.0803867,-0.0498232,-0.0478073,0.139456,0.136954,-0.0125882,-0.00700238,0.0193991,0.0208752,-0.047139,-0.053128,6.55303,-7.55993,2,-0.0767411,-0.0498232,0.139456
29.04,6.53032,6.59243,-7.57955,-7.50618,2,1.99466,-2.27332,-2.24538,-1.95828,-1.97066,2.05084e-15,0.000705689,-0.0768667,-0.0805375,-0.0496291,-0.0474348,0.138984,0.136473,-0.0125331,-0.00696515,0.0194215,0.0210728,-0.0472643,-0.0532709,6.53032,-7.57955,2,-0.0768667,-0.0496291,0.138984
29.05,6.50756,6.56991,-7.5991,-7.52596,2,1.99478,-2.27919,-2.25059,-1.95146,-1.96354,2.03349e-15,0.000640899,-0.0769918,-0.0806885,-0.0494348,-0.0470595,0.138511,0.13599,-0.012478,-0.00692789,0.0194438,0.0212731,-0.0473892,-0.053413,6.50756,-7.5991,2,-0.0769918,-0.0494348,0.138511
29.06,6.48474,6.54732,-7.61858,-7.54566,2,1.9949,-2.28503,-2.25576,-1.94461,-1.9564,2.03447e-15,0.000577092,-0.0771163,-0.0808397,-0.0492402,-0.0466811,0.138037,0.135506,-0.0124229,-0.00689083,0.019466,0.0214758,-0.0475136,-0.0535543,6.48474,-7.61858,2,-0.0771163,-0.0492402,0.138037
29.07,6.46186,6.52468,-7.63799,-7.5653,2,1.99502,-2.29085,-2.26089,-1.93775,-1.94925,2.0419e-15,0.0005133,-0.0772402,-0.0809913,-0.0490454,-0.0462996,0.137561,0.13502,-0.0123678,-0.00685411,0.019488,0.0216815,-0.0476376,-0.0536949,6.46186,-7.63799,2,-0.0772402,-0.0490454,0.137561
29.08,6.43892,6.50199,-7.65733,-7.58486,2,1.99514,-2.29665,-2.26598,-1.93088,-1.94207,2.0358e-15,0.000449911,-0.0773636,-0.0811432,-0.0488505,-0.0459153,0.137084,0.134533,-0.0123127,-0.00681651,0.0195099,0.0218899,-0.0477612,-0.0538347,6.43892,-7.65733,2,-0.0773636,-0.0488505,0.137084
29.09,6.41593,6.47924,-7.67661,-7.60435,2,1.99525,-2.30243,-2.27104,-1.92398,-1.93488,2.02492e-15,0.000386879,-0.0774865,-0.0812951,-0.0486552,-0.0455281,0.136606,0.134045,-0.0122576,-0.0067801,0.0195316,0.0221024,-0.0478844,-0.0539738,6.41593,-7.67661,2,-0.0774865,-0.0486552,0.136606
29.1,6.39287,6.45644,-7.69581,-7.62376,2,1.99537,-2.3082,-2.27605,-1.91707,-1.92766,2.05062e-15,0.000324383,-0.0776088,-0.0814474,-0.0484598,-0.0451378,0.136126,0.133555,-0.0122026,-0.00674295,0.0195533,0.0223173,-0.0480071,-0.0541122,6.39287,-7.69581,2,-0.0776088,-0.0484598,0.136126
29.11,6.36976,6.43359,-7.71495,-7.64309,2,1.99548,-2.31393,-2.28103,-1.91014,-1.92043,2.07104e-15,0.000263318,-0.0777305,-0.0815999,-0.0482642,-0.0447448,0.135646,0.133064,-0.0121475,-0.00670603,0.0195747,0.022535,-0.0481294,-0.0542498,6.36976,-7.71495,2,-0.0777305,-0.0482642,0.135646
29.12,6.3466,6.41068,-7.73401,-7.66235,2,1.9956,-2.31965,-2.28596,-1.90319,-1.91318,2.06903e-15,0.000202239,-0.0778517,-0.0817526,-0.0480683,-0.0443488,0.135164,0.132571,-0.0120925,-0.00666926,0.0195961,0.0227572,-0.0482513,-0.0543867,6.3466,-7.73401,2,-0.0778517,-0.0480683,0.135164
29.13,6.32337,6.38773,-7.75301,-7.68153,2,1.99571,-2.32535,-2.29086,-1.89623,-1.90591,2.06305e-15,0.000141472,-0.0779724,-0.0819054,-0.0478723,-0.0439501,0.13468,0.132077,-0.0120375,-0.00663279,0.0196173,0.0229824,-0.0483727,-0.0545228,6.32337,-7.75301,2,-0.0779724,-0.0478723,0.13468
29.14,6.30009,6.36472,-7.77194,-7.70064,2,1.99582,-2.33103,-2.29572,-1.88924,-1.89861,2.06404e-15,8.25077e-05,-0.0780925,-0.0820585,-0.047676,-0.0435487,0.134196,0.131582,-0.0119825,-0.00659601,0.0196384,0.0232113,-0.0484937,-0.0546583,6.30009,-7.77194,2,-0.0780925,-0.047676,0.134196
29.15,6.27675,6.34166,-7.7908,-7.71967,2,1.99593,-2.33669,-2.30054,-1.88225,-1.8913,2.06849e-15,2.35587e-05,-0.078212,-0.0822116,-0.0474795,-0.0431445,0.133711,0.131085,-0.0119276,-0.00655937,0.0196593,0.0234447,-0.0486143,-0.054793,6.27675,-7.7908,2,-0.078212,-0.0474795,0.133711
29.16,6.25335,6.31854,-7.80958,-7.73862,2,1.99603,-2.34232,-2.30531,-1.87523,-1.88397,2.06849e-15,-3.37064e-05,-0.078331,-0.0823648,-0.0472828,-0.0427376,0.133224,0.130587,-0.0118726,-0.00652333,0.0196801,0.0236797,-0.0487344,-0.054927,6.25335,-7.80958,2,-0.078331,-0.0472828,0.133224
29.17,6.2299,6.29538,-7.8283,-7.75749,2,1.99614,-2.34793,-2.31005,-1.8682,-1.87662,2.06849e-15,-9.04351e-05,-0.0784495,-0.0825182,-0.0470859,-0.0423279,0.132736,0.130087,-0.0118177,-0.00648559,0.0197008,0.0239191,-0.0488541,-0.0550602,6.2299,-7.8283,2,-0.0784495,-0.0470859,0.132736
29.18,6.2064,6.27217,-7.84695,-7.77629,2,1.99624,-2.35353,-2.31474,-1.86115,-1.86925,2.06849e-15,-0.000145927,-0.0785674,-0.0826715,-0.0468888,-0.0419155,0.132247,0.129586,-0.0117627,-0.0064482,0.0197213,0.0241621,-0.0489733,-0.0551928,6.2064,-7.84695,2,-0.0785674,-0.0468888,0.132247
29.19,6.18283,6.2489,-7.86552,-7.79501,2,1.99634,-2.3591,-2.3194,-1.85408,-1.86186,2.06775e-15,-0.000199899,-0.0786848,-0.0828249,-0.0466915,-0.0415006,0.131756,0.129083,-0.0117078,-0.0064115,0.0197418,0.0244096,-0.0490921,-0.0553246,6.18283,-7.86552,2,-0.0786848,-0.0466915,0.131756
29.2,6.15921,6.22559,-7.88403,-7.81364,2,1.99643,-2.36465,-2.32401,-1.847,-1.85445,2.06945e-15,-0.000253275,-0.0788016,-0.0829783,-0.0464939,-0.0410831,0.131265,0.128579,-0.0116529,-0.00637402,0.0197621,0.02466,-0.0492105,-0.0554558,6.15921,-7.88403,2,-0.0788016,-0.0464939,0.131265
29.21,6.13554,6.20223,-7.90246,-7.8322,2,1.99653,-2.37018,-2.32858,-1.8399,-1.84702,2.06719e-15,-0.000305727,-0.0789178,-0.0831317,-0.0462962,-0.0406631,0.130772,0.128074,-0.011598,-0.00633672,0.0197822,0.0249137,-0.0493284,-0.0555863,6.13554,-7.90246,2,-0.0789178,-0.0462962,0.130772
29.22,6.11181,6.17881,-7.92083,-7.85068,2,1.99662,-2.37569,-2.33311,-1.83279,-1.83957,2.06248e-15,-0.000356004,-0.0790335,-0.0832851,-0.0460983,-0.0402407,0.130278,0.127567,-0.0115432,-0.006298,0.0198022,0.0251717,-0.0494459,-0.0557161,6.11181,-7.92083,2,-0.0790335,-0.0460983,0.130278
29.23,6.08803,6.15535,-7.93912,-7.86908,2,1.99671,-2.38117,-2.33759,-1.82565,-1.8321,2.05857e-15,-0.000405192,-0.0791487,-0.0834384,-0.0459002,-0.0398158,0.129783,0.127058,-0.0114883,-0.00626003,0.0198221,0.0254331,-0.0495629,-0.0558452,6.08803,-7.93912,2,-0.0791487,-0.0459002,0.129783
29.24,6.06419,6.13184,-7.95734,-7.88739,2,1.99679,-2.38664,-2.34203,-1.81851,-1.82461,2.04927e-15,-0.000453413,-0.0792633,-0.0835916,-0.0457019,-0.0393886,0.129287,0.126548,-0.0114335,-0.00622149,0.0198419,0.0256979,-0.0496795,-0.0559738,6.06419,-7.95734,2,-0.0792633,-0.0457019,0.129287
29.25,6.04029,6.10829,-7.97549,-7.90563,2,1.99687,-2.39208,-2.34643,-1.81134,-1.81709,2.03583e-15,-0.000499859,-0.0793773,-0.0837448,-0.0455033,-0.0389589,0.12879,0.126036,-0.0113787,-0.00618275,0.0198615,0.0259668,-0.0497956,-0.0561016,6.04029,-7.97549,2,-0.0793773,-0.0455033,0.12879
29.26,6.01635,6.08468,-7.99357,-7.92379,2,1.99695,-2.39751,-2.35079,-1.80416,-1.80956,2.03583e-15,-0.000544965,-0.0794909,-0.0838978,-0.0453046,-0.038527,0.128291,0.125523,-0.0113239,-0.00614331,0.0198811,0.0262395,-0.0499113,-0.0562288,6.01635,-7.99357,2,-0.0794909,-0.0453046,0.128291
29.27,5.99234,6.06102,-8.01157,-7.94186,2,1.99702,-2.40291,-2.3551,-1.79696,-1.80201,2.03566e-15,-0.000588685,-0.0796038,-0.0840504,-0.0451057,-0.0380929,0.127792,0.125008,-0.0112691,-0.00610328,0.0199004,0.026515,-0.0500265,-0.0563554,5.99234,-8.01157,2,-0.0796038,-0.0451057,0.127792
29.28,5.96829,6.03732,-8.02951,-7.95986,2,1.99709,-2.40829,-2.35937,-1.78975,-1.79443,2.0322e-15,-0.000630453,-0.0797162,-0.084203,-0.0449066,-0.0376564,0.127291,0.124491,-0.0112143,-0.00606295,0.0199197,0.0267931,-0.0501413,-0.0564814,5.96829,-8.02951,2,-0.0797162,-0.0449066,0.127291
29.29,5.94418,6.01357,-8.04737,-7.97777,2,1.99715,-2.41364,-2.36359,-1.78252,-1.78684,2.02068e-15,-0.000670612,-0.0798281,-0.0843553,-0.0447073,-0.037218,0.126789,0.123973,-0.0111596,-0.00602202,0.0199388,0.0270761,-0.0502556,-0.0566067,5.94418,-8.04737,2,-0.0798281,-0.0447073,0.126789
29.3,5.92001,5.98978,-8.06516,-7.9956,2,1.99722,-2.41898,-2.36776,-1.77527,-1.77922,2.02109e-15,-0.000709429,-0.0799394,-0.0845073,-0.0445078,-0.0367775,0.126286,0.123454,-0.0111049,-0.00598045,0.0199578,0.0273616,-0.0503695,-0.0567315,5.92001,-8.06516,2,-0.0799394,-0.0445078,0.126286
29.31,5.8958,5.96594,-8.08287,-8.01334,2,1.99727,-2.42429,-2.3719,-1.76801,-1.77158,2.0203e-15,-0.000746801,-0.0800502,-0.0846591,-0.0443082,-0.0363347,0.125781,0.122932,-0.0110502,-0.00593784,0.0199767,0.02765,-0.050483,-0.0568557,5.8958,-8.08287,2,-0.0800502,-0.0443082,0.125781
29.32,5.87153,5.94205,-8.10052,-8.03101,2,1.99733,-2.42959,-2.37598,-1.76074,-1.76392,2.02475e-15,-0.000782207,-0.0801604,-0.0848105,-0.0441083,-0.0358901,0.125276,0.122409,-0.0109955,-0.00589514,0.0199955,0.0279415,-0.0505959,-0.0569793,5.87153,-8.10052,2,-0.0801604,-0.0441083,0.125276
29.33,5.84721,5.91811,-8.11809,-8.04859,2,1.99738,-2.43486,-2.38002,-1.75344,-1.75624,2.04145e-15,-0.000816017,-0.0802701,-0.0849616,-0.0439083,-0.0354435,0.124769,0.121884,-0.0109408,-0.00585125,0.0200141,0.0282364,-0.0507085,-0.0571024,5.84721,-8.11809,2,-0.0802701,-0.0439083,0.124769
29.34,5.82283,5.89413,-8.13559,-8.06609,2,1.99742,-2.44011,-2.38401,-1.74613,-1.74853,2.03731e-15,-0.000847831,-0.0803793,-0.0851123,-0.043708,-0.0349952,0.124262,0.121357,-0.0108861,-0.00580664,0.0200326,0.0285341,-0.0508205,-0.0572249,5.82283,-8.13559,2,-0.0803793,-0.043708,0.124262
29.35,5.7984,5.8701,-8.15301,-8.08351,2,1.99746,-2.44533,-2.38796,-1.73881,-1.7408,2.03089e-15,-0.000878498,-0.0804878,-0.0852626,-0.0435076,-0.0345448,0.123753,0.120829,-0.0108315,-0.00576099,0.020051,0.0288338,-0.0509321,-0.057347,5.7984,-8.15301,2,-0.0804878,-0.0435076,0.123753
29.36,5.77392,5.84603,-8.17036,-8.10084,2,1.9975,-2.45054,-2.39186,-1.73147,-1.73305,2.02815e-15,-0.000907585,-0.0805959,-0.0854125,-0.043307,-0.0340926,0.123243,0.120299,-0.0107769,-0.00571429,0.0200692,0.0291366,-0.0510433,-0.0574685,5.77392,-8.17036,2,-0.0805959,-0.043307,0.123243
29.37,5.74939,5.82191,-8.18764,-8.11809,2,1.99753,-2.45572,-2.39571,-1.72411,-1.72528,2.02328e-15,-0.000934437,-0.0807034,-0.0855617,-0.0431062,-0.0336388,0.122732,0.119767,-0.0107223,-0.00566702,0.0200874,0.0294408,-0.051154,-0.0575895,5.74939,-8.18764,2,-0.0807034,-0.0431062,0.122732
29.38,5.72481,5.79775,-8.20484,-8.13526,2,1.99755,-2.46088,-2.39951,-1.71674,-1.71749,2.01087e-15,-0.000960007,-0.0808103,-0.0857106,-0.0429053,-0.0331833,0.12222,0.119233,-0.0106677,-0.0056184,0.0201054,0.029748,-0.0512642,-0.05771,5.72481,-8.20484,2,-0.0808103,-0.0429053,0.12222
29.39,5.70018,5.77355,-8.22198,-8.15234,2,1.99757,-2.46602,-2.40326,-1.70935,-1.70967,2.01077e-15,-0.000983432,-0.0809167,-0.0858588,-0.0427041,-0.0327263,0.121707,0.118698,-0.0106132,-0.00556761,0.0201233,0.0300562,-0.051374,-0.05783,5.70018,-8.22198,2,-0.0809167,-0.0427041,0.121707
29.4,5.67549,5.7493,-8.23903,-8.16934,2,1.99759,-2.47114,-2.40697,-1.70195,-1.70182,1.99463e-15,-0.00100578,-0.0810226,-0.0860065,-0.0425028,-0.0322675,0.121193,0.11816,-0.0105586,-0.00551711,0.020141,0.0303669,-0.0514833,-0.0579496,5.67549,-8.23903,2,-0.0810226,-0.0425028,0.121193
29.41,5.65075,5.725,-8.25601,-8.18626,2,1.9976,-2.47623,-2.41062,-1.69453,-1.69395,1.99004e-15,-0.00102557,-0.0811279,-0.0861537,-0.0423013,-0.0318071,0.120677,0.117621,-0.0105041,-0.00546477,0.0201587,0.0306781,-0.0515921,-0.0580688,5.65075,-8.25601,2,-0.0811279,-0.0423013,0.120677
29.42,5.62597,5.70066,-8.27292,-8.20309,2,1.99761,-2.4813,-2.41423,-1.6871,-1.68606,1.98932e-15,-0.0010438,-0.0812327,-0.0863001,-0.0420996,-0.0313454,0.120161,0.11708,-0.0104496,-0.0054107,0.0201762,0.0309922,-0.0517005,-0.0581875,5.62597,-8.27292,2,-0.0812327,-0.0420996,0.120161
29.43,5.60113,5.67628,-8.28976,-8.21984,2,1.99761,-2.48635,-2.41778,-1.67965,-1.67814,1.99894e-15,-0.00106072,-0.0813369,-0.0864459,-0.0418978,-0.0308822,0.119643,0.116537,-0.0103951,-0.00535554,0.0201936,0.0313066,-0.0518084,-0.0583059,5.60113,-8.28976,2,-0.0813369,-0.0418978,0.119643
29.44,5.57624,5.65185,-8.30651,-8.2365,2,1.99761,-2.49138,-2.42129,-1.67219,-1.6702,1.99481e-15,-0.00107597,-0.0814406,-0.0865912,-0.0416958,-0.0304178,0.119125,0.115991,-0.0103406,-0.0052985,0.0202109,0.0316215,-0.0519158,-0.0584238,5.57624,-8.30651,2,-0.0814406,-0.0416958,0.119125
29.45,5.5513,5.62739,-8.3232,-8.25309,2,1.9976,-2.49638,-2.42474,-1.66471,-1.66224,1.98766e-15,-0.0010899,-0.0815437,-0.0867356,-0.0414936,-0.0299519,0.118605,0.115444,-0.0102862,-0.00523924,0.0202281,0.0319378,-0.0520228,-0.0585414,5.5513,-8.3232,2,-0.0815437,-0.0414936,0.118605
29.46,5.52631,5.60288,-8.33981,-8.26958,2,1.99759,-2.50137,-2.42814,-1.65722,-1.65425,1.98865e-15,-0.00110146,-0.0816463,-0.0868792,-0.0412912,-0.0294849,0.118084,0.114895,-0.0102318,-0.00517931,0.0202451,0.0322537,-0.0521293,-0.0586585,5.52631,-8.33981,2,-0.0816463,-0.0412912,0.118084
29.47,5.50127,5.57833,-8.35634,-8.286,2,1.99757,-2.50633,-2.43149,-1.64971,-1.64623,1.99375e-15,-0.00111233,-0.0817483,-0.0870221,-0.0410887,-0.0290167,0.117562,0.114344,-0.0101774,-0.00511688,0.0202621,0.03257,-0.0522354,-0.0587754,5.50127,-8.35634,2,-0.0817483,-0.0410887,0.117562
29.48,5.47618,5.55374,-8.3728,-8.30233,2,1.99755,-2.51126,-2.43479,-1.64218,-1.63819,1.99132e-15,-0.00112061,-0.0818498,-0.0871643,-0.040886,-0.0285471,0.117039,0.113791,-0.010123,-0.00505264,0.0202789,0.0328866,-0.0523409,-0.0588919,5.47618,-8.3728,2,-0.0818498,-0.040886,0.117039
29.49,5.45105,5.5291,-8.38919,-8.31857,2,1.99752,-2.51618,-2.43803,-1.63465,-1.63012,1.9843e-15,-0.00112838,-0.0819508,-0.0873056,-0.0406831,-0.0280764,0.116515,0.113235,-0.0100686,-0.00498632,0.0202956,0.0332024,-0.052446,-0.0590082,5.45105,-8.38919,2,-0.0819508,-0.0406831,0.116515
29.5,5.42586,5.50443,-8.4055,-8.33474,2,1.99749,-2.52107,-2.44123,-1.62709,-1.62203,1.99287e-15,-0.00113449,-0.0820512,-0.087446,-0.04048,-0.0276049,0.11599,0.112678,-0.0100143,-0.00491803,0.0203121,0.033517,-0.0525507,-0.0591241,5.42586,-8.4055,2,-0.0820512,-0.04048,0.11599
29.51,5.40063,5.47971,-8.42173,-8.35082,2,1.99745,-2.52594,-2.44437,-1.61953,-1.6139,2.00879e-15,-0.00113863,-0.0821511,-0.0875856,-0.0402768,-0.0271321,0.115464,0.112118,-0.00995994,-0.00484736,0.0203286,0.0338313,-0.0526548,-0.0592397,5.40063,-8.42173,2,-0.0821511,-0.0402768,0.115464
29.52,5.37534,5.45496,-8.43789,-8.36681,2,1.99741,-2.53079,-2.44745,-1.61195,-1.60576,2.01121e-15,-0.00114238,-0.0822504,-0.0877243,-0.0400735,-0.0266584,0.114937,0.111557,-0.00990564,-0.00477459,0.0203449,0.0341442,-0.0527585,-0.0593551,5.37534,-8.43789,2,-0.0822504,-0.0400735,0.114937
29.53,5.35001,5.43016,-8.45397,-8.38273,2,1.99737,-2.53561,-2.45048,-1.60435,-1.59758,2.01817e-15,-0.00114444,-0.0823492,-0.0878621,-0.0398699,-0.0261839,0.114409,0.110993,-0.00985135,-0.00469929,0.0203612,0.034456,-0.0528617,-0.0594702,5.35001,-8.45397,2,-0.0823492,-0.0398699,0.114409
29.54,5.32463,5.40533,-8.46997,-8.39855,2,1.99732,-2.54041,-2.45346,-1.59674,-1.58938,2.00685e-15,-0.0011453,-0.0824474,-0.0879989,-0.0396662,-0.0257084,0.11388,0.110427,-0.00979709,-0.00462135,0.0203773,0.0347659,-0.0529644,-0.0595851,5.32463,-8.46997,2,-0.0824474,-0.0396662,0.11388
29.55,5.2992,5.38046,-8.4859,-8.4143,2,1.99726,-2.54519,-2.45638,-1.58911,-1.58115,1.98823e-15,-0.00114442,-0.0825451,-0.0881347,-0.0394624,-0.0252323,0.11335,0.109859,-0.00974285,-0.00454075,0.0203933,0.0350734,-0.0530667,-0.0596997,5.2992,-8.4859,2,-0.0825451,-0.0394624,0.11335
29.56,5.27373,5.35555,-8.50176,-8.42996,2,1.9972,-2.54995,-2.45925,-1.58147,-1.5729,1.98823e-15,-0.00114186,-0.0826423,-0.0882695,-0.0392584,-0.0247554,0.112819,0.109289,-0.00968862,-0.0044584,0.0204092,0.0353786,-0.0531685,-0.0598142,5.27373,-8.50176,2,-0.0826423,-0.0392584,0.112819
29.57,5.2482,5.33061,-8.51753,-8.44554,2,1.99714,-2.55468,-2.46206,-1.57382,-1.56462,1.98622e-15,-0.00113979,-0.0827389,-0.0884033,-0.0390542,-0.0242776,0.112287,0.108716,-0.00963442,-0.00437259,0.0204249,0.0356811,-0.0532698,-0.0599285,5.2482,-8.51753,2,-0.0827389,-0.0390542,0.112287
29.58,5.22263,5.30563,-8.53323,-8.46104,2,1.99707,-2.55939,-2.46482,-1.56615,-1.55631,1.97281e-15,-0.0011356,-0.082835,-0.0885361,-0.0388499,-0.0237993,0.111753,0.108142,-0.00958024,-0.0042837,0.0204406,0.0359795,-0.0533706,-0.0600425,5.22263,-8.53323,2,-0.082835,-0.0388499,0.111753
29.59,5.19702,5.28061,-8.54886,-8.47645,2,1.997,-2.56408,-2.46752,-1.55847,-1.54797,1.96891e-15,-0.00113092,-0.0829305,-0.0886679,-0.0386454,-0.0233203,0.111219,0.107565,-0.00952608,-0.00419248,0.0204561,0.0362769,-0.0534709,-0.0601565,5.19702,-8.54886,2,-0.0829305,-0.0386454,0.111219
29.6,5.17135,5.25556,-8.5644,-8.49178,2,1.99692,-2.56874,-2.47017,-1.55078,-1.53961,1.97232e-15,-0.00112513,-0.0830255,-0.0887986,-0.0384408,-0.0228409,0.110684,0.106985,-0.00947194,-0.00409777,0.0204716,0.0365693,-0.0535708,-0.0602702,5.17135,-8.5644,2,-0.0830255,-0.0384408,0.110684
29.61,5.14564,5.23047,-8.57987,-8.50703,2,1.99684,-2.57338,-2.47275,-1.54307,-1.53121,1.9818e-15,-0.00111873,-0.08312,-0.0889282,-0.038236,-0.0223608,0.110148,0.106404,-0.00941782,-0.00400009,0.0204869,0.0368587,-0.0536702,-0.0603839,5.14564,-8.57987,2,-0.08312,-0.038236,0.110148
29.62,5.11988,5.20536,-8.59526,-8.5222,2,1.99676,-2.578,-2.47529,-1.53534,-1.52279,1.9818e-15,-0.0011113,-0.0832139,-0.0890567,-0.038031,-0.0218802,0.109611,0.105821,-0.00936373,-0.00389918,0.0205021,0.0371434,-0.053769,-0.0604974,5.11988,-8.59526,2,-0.0832139,-0.038031,0.109611
29.63,5.09408,5.18021,-8.61058,-8.53728,2,1.99667,-2.58259,-2.47776,-1.5276,-1.51435,1.98593e-15,-0.00110394,-0.0833072,-0.089184,-0.0378259,-0.0213994,0.109072,0.105235,-0.00930965,-0.00379501,0.0205172,0.0374231,-0.0538675,-0.0606107,5.09408,-8.61058,2,-0.0833072,-0.0378259,0.109072
29.64,5.06823,5.15504,-8.62582,-8.55228,2,1.99658,-2.58717,-2.48018,-1.51985,-1.50588,1.99421e-15,-0.00109528,-0.0834001,-0.0893103,-0.0376207,-0.0209181,0.108533,0.104647,-0.00925559,-0.0036874,0.0205321,0.0376987,-0.0539654,-0.060724,5.06823,-8.62582,2,-0.0834001,-0.0376207,0.108533
29.65,5.04234,5.12983,-8.64097,-8.5672,2,1.99648,-2.59171,-2.48254,-1.51209,-1.49738,1.97251e-15,-0.00108629,-0.0834923,-0.0894354,-0.0374153,-0.0204365,0.107993,0.104057,-0.00920156,-0.00357604,0.020547,0.0379689,-0.0540628,-0.0608372,5.04234,-8.64097,2,-0.0834923,-0.0374153,0.107993
29.66,5.0164,5.10459,-8.65606,-8.58203,2,1.99638,-2.59624,-2.48484,-1.50431,-1.48885,1.9739e-15,-0.0010765,-0.0835841,-0.0895592,-0.0372097,-0.0199547,0.107452,0.103464,-0.00914755,-0.00346215,0.0205618,0.0382348,-0.0541598,-0.0609503,5.0164,-8.65606,2,-0.0835841,-0.0372097,0.107452
29.67,4.99041,5.07933,-8.67106,-8.59678,2,1.99628,-2.60074,-2.48709,-1.49652,-1.4803,1.97819e-15,-0.00106569,-0.0836753,-0.0896821,-0.037004,-0.0194725,0.10691,0.10287,-0.00909356,-0.00334377,0.0205764,0.0384941,-0.0542562,-0.0610633,4.99041,-8.67106,2,-0.0836753,-0.037004,0.10691
29.68,4.96438,5.05405,-8.68599,-8.61145,2,1.99617,-2.60522,-2.48928,-1.48871,-1.47172,1.97819e-15,-0.00105548,-0.083766,-0.0898035,-0.0367982,-0.0189902,0.106367,0.102273,-0.00903959,-0.00322201,0.020591,0.0387482,-0.0543522,-0.0611763,4.96438,-8.68599,2,-0.083766,-0.0367982,0.106367
29.69,4.93831,5.02874,-8.70084,-8.62604,2,1.99606,-2.60967,-2.49141,-1.48089,-1.46311,1.97625e-15,-0.00104462,-0.0838561,-0.089924,-0.0365922,-0.0185078,0.105823,0.101674,-0.00898564,-0.00309629,0.0206054,0.0389964,-0.0544477,-0.0612892,4.93831,-8.70084,2,-0.0838561,-0.0365922,0.105823
29.7,4.91219,5.00341,-8.7156,-8.64055,2,1.99595,-2.6141,-2.49349,-1.47306,-1.45448,1.98757e-15,-0.00103439,-0.0839457,-0.0900431,-0.0363861,-0.0180254,0.105278,0.101073,-0.00893171,-0.00296719,0.0206197,0.0392374,-0.0545427,-0.061402,4.91219,-8.7156,2,-0.0839457,-0.0363861,0.105278
29.71,4.88603,4.97806,-8.7303,-8.65497,2,1.99583,-2.61851,-2.4955,-1.46521,-1.44582,2.00901e-15,-0.00102259,-0.0840347,-0.090161,-0.0361798,-0.0175431,0.104732,0.10047,-0.00887781,-0.00283428,0.0206339,0.0394722,-0.0546372,-0.0615148,4.88603,-8.7303,2,-0.0840347,-0.0361798,0.104732
29.72,4.85982,4.95269,-8.74491,-8.66932,2,1.99572,-2.62289,-2.49746,-1.45736,-1.43715,2.00147e-15,-0.00101173,-0.0841232,-0.0902777,-0.0359734,-0.0170608,0.104185,0.0998652,-0.00882392,-0.00269712,0.020648,0.0397011,-0.0547312,-0.0616276,4.85982,-8.74491,2,-0.0841232,-0.0359734,0.104185
29.73,4.83357,4.92731,-8.75944,-8.68358,2,1.99559,-2.62725,-2.49937,-1.44948,-1.42844,1.99074e-15,-0.000999734,-0.0842112,-0.0903931,-0.0357669,-0.0165785,0.103637,0.0992581,-0.00877006,-0.0025558,0.020662,0.0399229,-0.0548247,-0.0617403,4.83357,-8.75944,2,-0.0842112,-0.0357669,0.103637
29.74,4.80727,4.90191,-8.7739,-8.69775,2,1.99547,-2.63159,-2.50121,-1.4416,-1.41971,1.99478e-15,-0.000988454,-0.0842986,-0.0905074,-0.0355602,-0.0160964,0.103089,0.0986491,-0.00871622,-0.00241096,0.0206759,0.0401373,-0.0549177,-0.061853,4.80727,-8.7739,2,-0.0842986,-0.0355602,0.103089
29.75,4.78094,4.8765,-8.78827,-8.71185,2,1.99534,-2.6359,-2.503,-1.4337,-1.41096,1.99104e-15,-0.000977337,-0.0843855,-0.0906203,-0.0353534,-0.0156144,0.102539,0.0980382,-0.0086624,-0.00226178,0.0206897,0.0403446,-0.0550103,-0.0619656,4.78094,-8.78827,2,-0.0843855,-0.0353534,0.102539
29.76,4.75456,4.85108,-8.80257,-8.72587,2,1.99522,-2.64019,-2.50474,-1.42579,-1.40219,1.99414e-15,-0.000966072,-0.0844719,-0.090732,-0.0351464,-0.0151328,0.101988,0.0974253,-0.0086086,-0.00210883,0.0207034,0.040544,-0.0551023,-0.0620783,4.75456,-8.80257,2,-0.0844719,-0.0351464,0.101988
29.77,4.72813,4.82566,-8.81679,-8.73979,2,1.99509,-2.64446,-2.50641,-1.41787,-1.3934,1.99399e-15,-0.00095509,-0.0845577,-0.0908426,-0.0349393,-0.0146515,0.101437,0.0968109,-0.00855483,-0.00195143,0.0207169,0.0407359,-0.0551939,-0.0621909,4.72813,-8.81679,2,-0.0845577,-0.0349393,0.101437
29.78,4.70167,4.80022,-8.83093,-8.75364,2,1.99495,-2.6487,-2.50803,-1.40993,-1.38458,1.9944e-15,-0.000944287,-0.084643,-0.0909518,-0.0347321,-0.0141706,0.100885,0.0961945,-0.00850107,-0.00178993,0.0207304,0.0409195,-0.0552849,-0.0623034,4.70167,-8.83093,2,-0.084643,-0.0347321,0.100885
29.79,4.67516,4.77479,-8.84499,-8.76741,2,1.99482,-2.65292,-2.50959,-1.40198,-1.37575,1.99079e-15,-0.000933662,-0.0847277,-0.0910597,-0.0345247,-0.0136901,0.100331,0.0955766,-0.00844734,-0.00162437,0.0207437,0.0410959,-0.0553754,-0.062416,4.67516,-8.84499,2,-0.0847277,-0.0345247,0.100331
29.8,4.64861,4.74937,-8.85897,-8.78109,2,1.99468,-2.65711,-2.5111,-1.39402,-1.3669,2.00278e-15,-0.00092417,-0.0848119,-0.0911665,-0.0343172,-0.0132102,0.0997771,0.0949573,-0.00839363,-0.00145454,0.020757,0.0412637,-0.0554655,-0.0625284,4.64861,-8.85897,2,-0.0848119,-0.0343172,0.0997771
29.81,4.62202,4.72394,-8.87287,-8.79469,2,1.99454,-2.66128,-2.51256,-1.38605,-1.35803,2.02802e-15,-0.000914797,-0.0848956,-0.091272,-0.0341095,-0.0127308,0.099222,0.0943362,-0.00833994,-0.00128096,0.0207701,0.0414239,-0.055555,-0.0626409,4.62202,-8.87287,2,-0.0848956,-0.0341095,0.099222
29.82,4.59538,4.69852,-8.88669,-8.80821,2,1.9944,-2.66543,-2.51395,-1.37806,-1.34915,2.02901e-15,-0.000904933,-0.0849787,-0.0913763,-0.0339018,-0.012252,0.098666,0.0937137,-0.00828627,-0.00110245,0.0207832,0.0415755,-0.0556441,-0.0627534,4.59538,-8.88669,2,-0.0849787,-0.0339018,0.098666
29.83,4.56871,4.67311,-8.90043,-8.82164,2,1.99426,-2.66955,-2.5153,-1.37006,-1.34025,2.03332e-15,-0.000896066,-0.0850613,-0.0914792,-0.0336939,-0.011774,0.0981091,0.0930899,-0.00823263,-0.000921201,0.0207961,0.0417187,-0.0557326,-0.0628658,4.56871,-8.90043,2,-0.0850613,-0.0336939,0.0981091
29.84,4.54199,4.64771,-8.91409,-8.83499,2,1.99412,-2.67365,-2.51659,-1.36205,-1.33134,2.03188e-15,-0.00088799,-0.0851434,-0.091581,-0.0334859,-0.0112966,0.0975513,0.0924648,-0.008179,-0.000734352,0.020809,0.0418536,-0.0558207,-0.0629781,4.54199,-8.91409,2,-0.0851434,-0.0334859,0.0975513
29.85,4.51524,4.62234,-8.92767,-8.84826,2,1.99397,-2.67773,-2.51783,-1.35402,-1.32241,2.03587e-15,-0.000880599,-0.0852249,-0.0916816,-0.0332777,-0.0108202,0.0969927,0.0918387,-0.0081254,-0.000543594,0.0208217,0.0419801,-0.0559082,-0.0630904,4.51524,-8.92767,2,-0.0852249,-0.0332777,0.0969927
29.86,4.48844,4.59698,-8.94117,-8.86144,2,1.99383,-2.68178,-2.51901,-1.34599,-1.31348,2.03756e-15,-0.000873655,-0.0853059,-0.0917808,-0.0330694,-0.0103444,0.0964332,0.0912113,-0.00807181,-0.000349261,0.0208343,0.0420976,-0.0559953,-0.0632026,4.48844,-8.94117,2,-0.0853059,-0.0330694,0.0964332
29.87,4.4616,4.57164,-8.95459,-8.87454,2,1.99368,-2.6858,-2.52014,-1.33794,-1.30453,2.00892e-15,-0.000867143,-0.0853863,-0.0918788,-0.032861,-0.00986978,0.0958728,0.0905832,-0.00801826,-0.000150912,0.0208468,0.0422075,-0.0560818,-0.0633147,4.4616,-8.95459,2,-0.0853863,-0.032861,0.0958728
29.88,4.43472,4.54634,-8.96793,-8.88755,2,1.99353,-2.6898,-2.52122,-1.32988,-1.29558,1.98461e-15,-0.000861198,-0.0854663,-0.0919756,-0.0326525,-0.00939619,0.0953116,0.0899541,-0.00796472,5.16959e-05,0.0208593,0.0423092,-0.0561679,-0.0634268,4.43472,-8.96793,2,-0.0854663,-0.0326525,0.0953116
29.89,4.4078,4.52107,-8.98119,-8.90048,2,1.99338,-2.69378,-2.52225,-1.32181,-1.28662,1.96409e-15,-0.000855953,-0.0855456,-0.0920712,-0.0324438,-0.00892356,0.0947494,0.0893244,-0.0079112,0.000258293,0.0208716,0.0424018,-0.0562534,-0.0635387,4.4078,-8.98119,2,-0.0855456,-0.0324438,0.0947494
29.9,4.38085,4.49582,-8.99437,-8.91332,2,1.99323,-2.69774,-2.52323,-1.31372,-1.27766,1.96238e-15,-0.000851735,-0.0856245,-0.0921656,-0.0322351,-0.0084521,0.0941865,0.088694,-0.0078577,0.000469018,0.0208838,0.0424862,-0.0563384,-0.0636505,4.38085,-8.99437,2,-0.0856245,-0.0322351,0.0941865
29.91,4.35385,4.47062,-9.00746,-8.92608,2,1.99308,-2.70167,-2.52417,-1.30563,-1.26869,1.96274e-15,-0.00084801,-0.0857028,-0.0922588,-0.0320262,-0.00798183,0.0936227,0.088063,-0.00780423,0.000683393,0.0208959,0.0425621,-0.0564229,-0.0637623,4.35385,-9.00746,2,-0.0857028,-0.0320262,0.0936227
29.92,4.32681,4.44547,-9.02048,-8.93875,2,1.99293,-2.70557,-2.52505,-1.29752,-1.25972,1.95476e-15,-0.000844985,-0.0857806,-0.0923508,-0.0318171,-0.00751293,0.093058,0.0874318,-0.00775078,0.000901468,0.0209079,0.0426302,-0.0565069,-0.0638738,4.32681,-9.02048,2,-0.0857806,-0.0318171,0.093058
29.93,4.29974,4.42035,-9.03341,-8.95134,2,1.99278,-2.70945,-2.52588,-1.2894,-1.25076,1.96695e-15,-0.000843138,-0.0858578,-0.0924418,-0.031608,-0.0070454,0.0924925,0.0868004,-0.00769735,0.00112387,0.0209199,0.0426897,-0.0565904,-0.0639853,4.29974,-9.03341,2,-0.0858578,-0.031608,0.0924925
29.94,4.27262,4.39529,-9.04627,-8.96384,2,1.99263,-2.71331,-2.52667,-1.28127,-1.24179,1.96695e-15,-0.000841469,-0.0859345,-0.0925315,-0.0313987,-0.00657933,0.0919262,0.0861687,-0.00764394,0.00134929,0.0209317,0.0427412,-0.0566734,-0.0640965,4.27262,-9.04627,2,-0.0859345,-0.0313987,0.0919262
29.95,4.24547,4.3703,-9.05904,-8.97625,2,1.99248,-2.71714,-2.52742,-1.27313,-1.23283,1.96638e-15,-0.000840828,-0.0860107,-0.09262,-0.0311894,-0.0061148,0.0913591,0.0855373,-0.00759056,0.00157838,0.0209434,0.0427843,-0.0567559,-0.0642076,4.24547,-9.05904,2,-0.0860107,-0.0311894,0.0913591
29.96,4.21828,4.34536,-9.07173,-8.98857,2,1.99233,-2.72095,-2.52811,-1.26497,-1.22388,1.97154e-15,-0.000840947,-0.0860863,-0.0927075,-0.0309799,-0.0056517,0.0907911,0.084906,-0.00753719,0.00181127,0.020955,0.0428203,-0.0568379,-0.0643184,4.21828,-9.07173,2,-0.0860863,-0.0309799,0.0907911
29.97,4.19105,4.32048,-9.08434,-9.0008,2,1.99218,-2.72473,-2.52877,-1.25681,-1.21493,1.97848e-15,-0.000841618,-0.0861614,-0.0927937,-0.0307703,-0.00519054,0.0902223,0.084275,-0.00748385,0.0020478,0.0209665,0.0428479,-0.0569193,-0.0644291,4.19105,-9.08434,2,-0.0861614,-0.0307703,0.0902223
29.98,4.16379,4.29568,-9.09687,-9.01295,2,1.99202,-2.72849,-2.52938,-1.24863,-1.20599,1.97704e-15,-0.000842825,-0.086236,-0.0928789,-0.0305605,-0.00473097,0.0896527,0.0836445,-0.00743052,0.00228736,0.020978,0.0428686,-0.0570003,-0.0645395,4.16379,-9.09687,2,-0.086236,-0.0305605,0.0896527
29.99,4.13648,4.27095,-9.10931,-9.02501,2,1.99187,-2.73222,-2.52995,-1.24045,-1.19707,1.97648e-15,-0.000845417,-0.08631,-0.092963,-0.0303507,-0.00427292,0.0890823,0.0830147,-0.00737722,0.00253021,0.0209893,0.0428812,-0.0570807,-0.0646496,4.13648,-9.10931,2,-0.08631,-0.0303507,0.0890823
